0,91.4874221980572,5590.33318218589,120.554813235998,0,0,4251.18971118331,106.043093472719,2.40529996156693,0,1803.53818279505,22.0711717009544,1743.13669532537,2.26512277126312,10.6321288943291,0,443.195325493813,19.2557104229927,2637.90423378348,867.407332748175,0,0,27.9241606891155,8.88749808073044,0,0,0,0,967.0463296175,0.886395514011383,12.8497404456139,15.2628046870232,123.30496519804,150.399926632643,1.2817870080471,0,188.739242732525,0.697586238384247,39.8079051375389,0,4.86834889650345,0,0,0,0,0,5.12146955728531,0,5.29238885641098,0,75.1148929595947,0,0.854696691036224,0,13.3632932305336,0,12269.3319670856,1.24587893486023,753.162049949169,0,1093.57641887665,2.24950265884399,158.483481109142,0,751.415049463511,0,212.760400533676,1.69874441623688,1741.09422054887,31.7543995678425,2604.7317686379,112.934593588114,2275.53912001848,22.9059463739395,552.885255396366,5.4907201230526,3296.81455203891,114.784125179052,9.78482896089554,0,121.25314244628,0,6.93717986345291,0,1100.2088482976,0,0,0,563.769311696291,0,0,0,0,0,121.95742380619,2.86900675296783,22.0808113217354,0,0.677387714385986,0,1.87241792678833,0,0,0,7.38402181863785,0.560877323150635,1.84357231855392,0,21.2924491465092,5.46901509165764,0,0,0,0,0,0.849017679691315
91.4874221980572,0,17.1148330569267,4071.12451866269,0,0,0,5254.48175993562,0,0.865886747837067,0,3257.8321955502,0,605.543720245361,0,7.40734452009201,0.521049499511719,1682.51367393136,161.349073648453,2203.37616878748,0,0,0,35.9998475313187,0,0,0,0,4.03612613677979,112.727177262306,7.91174113750458,4.94434875249863,75.7044075131416,278.996935427189,0,0,0.700428187847137,256.402537375689,0,144.780479252338,0,0,0,0,0,0,0,5.25874197483063,0,4.23703509569168,0,159.982285171747,0,0,0,6.175776720047,32.7888827621937,11316.1686658263,8.29829627275467,479.869480639696,1.58565020561218,679.206548273563,0,186.022230565548,0,993.252302229404,48.7987799942493,36.1728955507278,294.724100291729,1328.12974071503,125.71830791235,2556.03257966042,11.372051179409,2861.55935254693,0,960.66888654232,464.856901288033,4902.30825567245,1.54582917690277,16.5427818000317,0,33.3173602819443,0,0,0,196.734718054533,0,0,0,66.9110089540482,0,0,0,0,0,119.960233479738,0,0,0,0,0,0,0,1.26468753814697,0,3.20312708616257,0,1.303786277771,33.465002655983,30.2080900371075,1.43905782699585,0,0,0.877813041210175,0,0
5590.33318218589,17.1148330569267,0,311.60837739706,603.732533156872,56.3258371949196,8404.79696252942,206.605647414923,716.740485787392,59.703428208828,271.13880443573,27.4831575751305,1690.08438241482,43.0890285372734,185.632737636566,29.3304269909859,30.7601653933525,14.8037726283073,2414.44115567207,345.203619539738,1.19987750053406,3.57606667280197,2784.18646559119,1102.75087141991,258.532317519188,188.489096343517,7.38943266868591,23.3348374962807,964.461805999279,2.8581537604332,137.845120787621,438.84318292141,49.2753848135471,143.244217306376,2.03418791294098,0,79.2882878184319,3.07385432720184,14.1225629746914,0,9.01100373268127,0,0,0,0,0,13.0419387817383,0,8.04736697673798,0,32.3051045238972,0,0,0,0,0,561.293062984943,0,434.228452175856,0,118.662082701921,0,11.6436809301376,0,46.7588426172733,0,228.499419122934,1.19903159141541,272.293250113726,3.72591006755829,2162.05307114124,193.109547317028,1690.14935153723,33.9160690903664,417.729772150517,14.5463664531708,2045.85628721118,47.0047763586044,3.78617089986801,0,7.52379903197289,0,3.30410438776016,0,32.824271440506,0,0.517699241638184,0,0,0,0,0,0,0,54.2453269660473,0,5.36248761415482,0,0,0,0,0,0,0,1.0415313243866,1.35131978988647,1.34673207998276,0,8.35616010427475,3.93540006875992,0,0,0,0,0,0
120.554813235998,4071.12451866269,311.60837739706,0,13.3050541877747,316.189058899879,321.288404464722,10561.4179951549,48.5949966907501,479.453522801399,8.51462382078171,940.123650044203,51.5994523763657,1386.8536696136,14.6579540967941,236.743785709143,0,467.715018123388,469.48337879777,3871.9774993062,0,0.636477053165436,1069.99764746428,2990.75741744041,38.8419514000416,131.370375335217,7.46753072738647,8.87041664123535,27.0168170928955,151.939841598272,130.075090795755,190.936991095543,117.643797636032,178.894715696573,0,0.427089720964432,2.08880186080933,74.5294959247112,0,27.6510273814201,0,2.3268848657608,0,0,0,0,0,0.484675705432892,0,0.478527992963791,0,27.6326793730259,0,0,0,0,21.4827991724014,304.825035721064,0.866288363933563,75.2993878424168,0,57.7472732067108,0,50.2585248947144,0,140.120033919811,16.0183921456337,54.279270529747,189.19961681962,270.438339442015,551.435476362705,2021.49988865852,56.8502692580223,1680.36789822578,2.91262245178223,581.249294698238,156.388919770718,2845.20169270039,0,1.75212448835373,0,19.5543435811996,0,0,0,45.7126452326775,0,0,0,1.47859597206116,0,0,0,0,3.28363656997681,25.9494994580746,0,0,0,0,0,0,0,0,1.79660058021545,1.97175025939941,0,0,20.0813866853714,14.8293856978416,0,0,0,0.636152327060699,0.664439678192139,0.773689925670624
0,0,603.732533156872,13.3050541877747,0,37.8188523948193,519.566199600697,0.95652049779892,1725.26927980781,11.059254527092,0,0,5.18826639652252,0,1799.90618506074,3.54779762029648,0,0,0,0,122.401092320681,25.17928814888,140.150630861521,99.1759250462055,235.880403548479,212.157306969166,366.884528070688,157.855251908302,540.730788588524,0,66.8079777657986,59.7417585253716,21.427309602499,2.07849788665771,0,0,73.7381699085236,0,0.67093288898468,0,297.649610996246,0,0,0,0,0,5.93772369623184,0,0,0,0,0,0.929913640022278,0,1.29141640663147,0,0,0,0,0,0,0,0,0,0,0,1.41151532530785,0,0,0,748.111919373274,42.2214298844337,729.06668022275,1.34100019931793,10.9433884620667,0,40.4782856106758,0,0,0,8.95303970575333,0,153.314749807119,0,17.6694583892822,0,177.54600700736,0,26.7093906998634,0,0,0,0,0,1.18085104227066,0,0.664933502674103,0,0,0,0,0,0,0,0,0,0,0,0,0,0,0,0,0,0,0
0,0,56.3258371949196,316.189058899879,37.8188523948193,0,23.1321746706963,231.904556453228,23.4627988934517,2180.23944473267,0,2.30602997541428,2.02208030223846,28.190045684576,9.54676747322083,2294.55563238263,0,2.19577515125275,0,0,0.739678502082825,245.625310599804,176.741180539131,147.297684252262,105.308699548244,267.280331015587,20.7206230163574,884.068561702967,0,233.564877897501,45.208971619606,12.5530708134174,0,2.65409648418427,0,0,2.38681447505951,22.1520769000053,1.62557888031006,18.6856839954853,0,260.610131978989,0,0,0,0,0,0,0,0,0,0,0,0,0,2.51512384414673,0,0,0,0,0,0,0,0,0,0,0,1.58227849006653,0,0,154.070968747139,926.029524922371,0.944382548332214,1075.39473205805,0,38.9768303334713,1.01700186729431,29.1685096621513,0,0,0,0.629223167896271,0,159.158416688442,0,11.1503872871399,0,16.6815285682678,0,8.57125303149223,0,0,0,0,0,0.781766593456268,0,0,0,0,0,0,0,0,0,0,0,0,0.969240128993988,0,0,0,0,0,0,0
4251.18971118331,0,8404.79696252942,321.288404464722,519.566199600697,23.1321746706963,0,286.039952039719,1100.26259866357,36.1214553713799,985.845111608505,23.0981943011284,6877.60672059655,65.2037564814091,201.569837510586,15.9089198112488,12.9527248740196,13.6364689469337,583.884419113398,355.107941001654,0,0,654.235412746668,903.636994719505,119.630502611399,36.9371919631958,1.31413394212723,4.23650419712067,856.428528338671,5.41419410705566,57.8378255963326,203.945047318935,5.92567250132561,131.157882988453,0.406615495681763,0,23.7239149808884,0,10.4898346066475,0,2.61432564258575,0,0,0,0,0,17.1002973914146,0,4.4529544711113,0,63.244492828846,0,1.33194661140442,0,4.87993878126144,0,610.441295295954,0,102.788227468729,0,265.543305724859,0,27.8951777517796,0,511.607984900475,0,20.9349963366985,0.889319598674774,31.9981938898563,0.978744149208069,3590.28291250765,241.454961776733,1194.50335392356,39.5164952874184,205.13807117939,14.4022649526596,1418.23387742043,41.1450508236885,2.80291801691055,0,10.1068159341812,0,3.3331635594368,0,313.671552866697,0,0,0,74.3615671396255,0,0,0,0,0,27.7283750772476,0,2.28305339813232,0,0,0,0,0,0,0,0,0,0,0,10.6309704184532,2.8887522816658,0,0,0,0,0,0
106.043093472719,5254.48175993562,206.605647414923,10561.4179951549,0.95652049779892,231.904556453228,286.039952039719,0,7.0680370926857,1196.13178312778,6.32316464185715,3569.77930667996,77.1609154045582,7581.3399900198,3.16736459732056,381.634529531002,0,284.567891895771,308.569620639086,803.428019672632,0,0.582748711109161,768.549162387848,596.013549923897,4.85703432559967,13.407364487648,0,0.692588448524475,21.2693642377853,144.800365239382,93.7417094707489,73.59274995327,80.017314016819,58.563642770052,0,0.666604816913605,2.89041638374329,45.8056158423424,0,15.666706264019,0,4.882603764534,0,0,0,0,0,0.808633863925934,0,2.70874613523483,0,154.679307699203,0,0,0,3.72697865962982,19.2047783136368,354.812352478504,0,236.650740116835,0,299.851305067539,0,79.8382224142551,0,744.858677327633,1.72499263286591,25.8864107728004,90.8975195586681,33.4486371576786,597.374006599188,2583.56186184287,39.7518393397331,1122.14975970984,2.882288813591,335.610211968422,157.078907877207,1880.96021038294,0,5.52141940593719,0,42.7462908625603,0,0,0,217.938794702291,0,0,0,53.1939710974693,0,0,0,0,3.80280375480652,11.2186290323734,0,0,0,0,0,0,0,0,0,3.16674643754959,0,0,9.55007344484329,5.35584378242493,0,0,0,0,0,0.78497838973999
2.40529996156693,0,716.740485787392,48.5949966907501,1725.26927980781,23.4627988934517,1100.26259866357,7.0680370926857,0,19.2584546804428,0.396463483572006,0,542.996442526579,1.13983726501465,2096.4846945107,3.80312895774841,0,0,13.6133179962635,0,11.938023686409,1.09632384777069,191.361714094877,143.509861767292,184.949960172176,133.581526339054,23.9155727028847,19.0031908750534,247.693388134241,0,30.2771756052971,58.2721228003502,0,0.679838955402374,0,0,16.7245776057243,0,1.12521040439606,0,35.9737560749054,0,0,0,0,0,7.07868295907974,0,0,0,0,0,0,0,0.423054248094559,0,1.58418089151382,0,0,0,0,0,0,0,0,0,0,0,0,0,998.165267914534,18.3023645877838,759.60354039073,0.916123390197754,42.4739362597466,0,170.022543668747,0,0,0,2.98713713884354,0,30.8992803990841,0,3.18028730154037,0,15.5927827358246,0,3.30167382955551,0,0,0,0,0,4.52354362607002,0,0.65161806344986,0,0,0,0,0,0,0,0,0,0,0,1.70028999447823,0,0,0,0,0,0,0
0,0.865886747837067,59.703428208828,479.453522801399,11.059254527092,2180.23944473267,36.1214553713799,1196.13178312778,19.2584546804428,0,0,33.1219547390938,0.890360176563263,418.724748075008,3.77995073795319,2539.28249248862,0,10.3817208409309,0,7.94697660207748,0,11.3584472537041,119.447892189026,210.180417090654,22.5947571992874,89.9991469681263,2.08812445402145,85.4647770822048,1.73993170261383,69.5400103628635,31.1427124142647,12.2465672492981,1.36395180225372,2.05700576305389,0,0,0,8.55248415470123,0,3.40437880158424,0,50.2641470432281,0,0,0,0,0,1.19631189107895,0,0,0,0,0,0,0,1.40684729814529,0,0,0,0,0,0,0,1.38765347003937,0,4.85192942619324,0,0,0,0,124.702877998352,1106.77921310067,5.73742485046387,862.147963136435,0,97.1098040640354,0,129.761755555868,0,0,0,0.842627048492432,0,19.1940652132034,0,0.61925345659256,0,3.70936298370361,0,3.18310886621475,0,0,0,0,0,0.976475596427917,0,0,0,0,0,0,0,0,0,0,0,0,2.90503561496735,0,0,0,0,0,0,0
1803.53818279505,0,271.13880443573,8.51462382078171,0,0,985.845111608505,6.32316464185715,0.396463483572006,0,0,1.14205229282379,2167.89061269164,0,15.6481245458126,0,655.146700441837,0,427.07706168294,51.8410031795502,0,0,26.1212843358517,4.39564990997314,0,0,0,0,1191.93353274465,0,2.30987292528152,1.69098752737045,8.40591794252396,6.34385716915131,1.01713883876801,2.50504547357559,2.54488027095795,0.813642799854279,0,0,0,0,0,0,0,0,1.39257967472076,0,1.24422442913055,0,13.0685408115387,0,2.30254328250885,0,0,0,924.418199002743,0,130.954365164042,0,485.314222484827,0,311.88032412529,0,158.609066665173,0,37.5678533911705,0,42.5358403921127,0,333.236651659012,10.1639789938927,176.403982877731,3.63136202096939,29.8893886804581,0,178.22292637825,6.0772265791893,11.2313651442528,0,301.711619645357,0,34.9608147144318,0,636.614213228226,0,0,0,210.43671759963,0,0,0,0,0,2.69331032037735,0,0,0,0,0,0,0,0,0,0,0,0,0,0,0,0,0,0,0,0,0
22.0711717009544,3257.8321955502,27.4831575751305,940.123650044203,0,2.30602997541428,23.0981943011284,3569.77930667996,0,33.1219547390938,1.14205229282379,0,5.47869622707367,5261.3669885397,0,173.325129449368,0,865.743907630444,181.420778363943,926.545566231012,0,0,53.2271124124527,350.935826778412,0,1.79141002893448,0,0,0.691854596138,725.955172836781,7.63496607542038,22.2850376367569,21.8971576094627,49.6015323102474,0,0,0,8.97014799714088,0,4.11289751529694,0,1.3112518787384,0,0,0,0,0,0.887025475502014,0,0,0,47.3866775035858,0,0,0,1.92343807220459,0,254.884780734777,0,145.851410329342,0,1102.83974483609,0,384.577011942863,0,605.193322211504,0,9.58671787381172,10.1782391369343,46.0635872781277,169.568100571632,891.423398643732,9.58731114864349,909.478384226561,3.24205124378204,119.634252667427,45.799286454916,453.674496293068,0,9.63026458024979,0,73.0593259334564,0,1.07665026187897,0,302.30445972085,0,0,0,43.7898318171501,0,0,0,0,0,4.77886486053467,0,0,0,0,0,0,0,0,0,0.616391122341156,0,0,1.38109111785889,0.898455917835236,0,0,0,0,0,0
1743.13669532537,0,1690.08438241482,51.5994523763657,5.18826639652252,2.02208030223846,6877.60672059655,77.1609154045582,542.996442526579,0.890360176563263,2167.89061269164,5.47869622707367,0,18.2768124341965,1900.38670292497,1.44919371604919,98.9987094402313,0,1390.32970009744,74.1235461831093,0,0,616.85900965333,132.436438798904,1.62222188711166,3.01500183343887,0,0,3412.04244282842,0,21.2466527223587,47.9297181963921,8.11704570055008,53.5845106244087,0.73241925239563,0,20.7961188852787,0,0,0,6.55529165267944,0,0,0,0,0,7.93191331624985,0,1.80347168445587,0,12.9318409860134,0,0,0,0.851108312606812,0,503.784876674414,0,63.3986240923405,0,209.509602963924,0,184.466305434704,0,222.091615438461,0,27.8073369264603,0,65.5632556974888,0,2660.53300443292,63.1926938295364,1249.13957294822,8.89591729640961,132.537672847509,1.6685448884964,801.991070747375,3.78166675567627,5.21821844577789,0,251.582977056503,0,9.02915418148041,0,689.425896674395,0,1.59561944007874,0,197.335018634796,0,0,0,0,0,6.65274533629417,0,0,0,0,0,0,0,0,0,0,0,0,0,2.51381313800812,3.0047225356102,0,0,0,0,0,0
2.26512277126312,605.543720245361,43.0890285372734,1386.8536696136,0,28.190045684576,65.2037564814091,7581.3399900198,1.13983726501465,418.724748075008,0,5261.3669885397,18.2768124341965,0,0.974169909954071,2466.40994349122,0,300.988212615252,65.9380552768707,595.380016952753,0,0,188.267107903957,625.604301691055,0,5.22628605365753,0,0,2.623006939888,1258.75768974423,26.3583931326866,39.1204441785812,14.7407638430595,44.7977681159973,0,0,0,7.2943756878376,0,0,0,1.85772669315338,0,0,0,0,0,0.727941870689392,0,0,0,12.0372415184975,0,0,0,0,0,42.4777027964592,0,33.9120719432831,0,439.331038951874,0,197.162377357483,0,356.100057065487,0,4.28933602571487,0,9.22275933623314,212.802211582661,1436.07842054963,10.8456179499626,1692.92599368095,1.06296515464783,224.801984250546,9.34750726819038,729.474755257368,0,4.12572360038757,0,54.2653849720955,0,0,0,135.210174679756,0,0,0,4.09034556150436,0,0,0,0,0,4.83142572641373,2.20232129096985,0,0,0,0,0,0,0,0,0,0,0,2.5998837351799,1.87192595005035,1.73217403888702,0,0,0,0,0
10.6321288943291,0,185.632737636566,14.6579540967941,1799.90618506074,9.54676747322083,201.569837510586,3.16736459732056,2096.4846945107,3.77995073795319,15.6481245458126,0,1900.38670292497,0.974169909954071,0,3.06360852718353,3.65875750780106,0,29.0969170033932,0,124.269559413195,46.3507467508316,114.55199354887,67.8509960174561,180.228697836399,75.668782800436,494.351502090693,78.4755589962006,3187.4603433013,0,169.071533381939,59.4610081613064,39.0738017559052,7.12698692083359,1.49138736724854,0,60.2375284433365,0,6.50407075881958,0,119.748695671558,0,0,0,0,0,5.07624959945679,0,0,0,0,0,0,0,0.660399317741394,0,8.93577337265015,0,0,0,1.22143852710724,0,0,0,0,0,0,0,0,0,1573.14511013031,23.5069271922112,2345.31105434895,1.48918527364731,190.420803964138,0,500.745174437761,0,0,0,8.20113223791122,0,131.738267362118,0,14.5143772363663,0,75.7678488790989,0,28.9205927848816,0,0,0,0,0,10.555124104023,0,0.890336155891418,0,0,0,0,0,0,0,0,0,0,0,0.648980796337128,2.18680238723755,0,0,0,0,0,0
0,7.40734452009201,29.3304269909859,236.743785709143,3.54779762029648,2294.55563238263,15.9089198112488,381.634529531002,3.80312895774841,2539.28249248862,0,173.325129449368,1.44919371604919,2466.40994349122,3.06360852718353,0,0,55.4008330404758,0,15.0520486235619,0,69.1419420838356,60.0739020705223,171.885574132204,5.2693293094635,199.722613215446,1.83651220798492,369.245310395956,0,2242.44725447893,18.0986883044243,54.7546764016151,1.40852451324463,10.002325296402,0,1.22205996513367,0,42.4620185494423,0,8.135877430439,0,210.43697026372,0,3.00088179111481,0,0,0,2.35089856386185,0,0,0,0,0,0,0,4.60343497991562,0,2.41080206632614,0,0,0,2.2585506439209,0,7.50190997123718,0,2.46581900119781,0,0.354413986206055,0,0,47.7881101965904,1257.70319458842,1.31121587753296,3452.4625223577,0,246.20411631465,0,325.4435287714,0,2.13190978765488,0,20.2743571996689,1.11234796047211,131.721606254578,0,23.6781132221222,0,24.0689491629601,0,13.1397553682327,0,0,0,0,0,1.72522157430649,0,0,0,0,0,0,0,0,0,0,0,0,1.75412654876709,2.67334085702896,0,0,0,0,0,0
443.195325493813,0.521049499511719,30.7601653933525,0,0,0,12.9527248740196,0,0,0,655.146700441837,0,98.9987094402313,0,3.65875750780106,0,0,0,35.767852127552,12.0792098641396,0,0,0.491048038005829,0,0,0,0,0,2499.45818728209,0,0,0,3.55463027954102,4.38367807865143,3.73908108472824,1.50747001171112,4.94829666614532,0,4.54350352287292,0,0,0,0,0,0,0,3.00388360023499,0,5.40194815397263,0,18.5172139406204,0,0,0,0.616385757923126,0,1993.00028601289,0,308.608982473612,0,658.514691352844,0,1406.1655023098,0,80.840045183897,0,60.4748701453209,0.663084149360657,35.7796969711781,3.44368088245392,42.1300043463707,1.77686285972595,101.091721713543,0,9.69462704658508,0,52.5279797315598,2.14579725265503,121.995555043221,0,889.562640070915,0,30.1352195739746,0,315.096267580986,0,0,0,69.6556762754917,0,0,0,0,0,1.24257051944733,0,0,0,0,0,0,0,0,0,0,0,0,0,0,0,0,0,0,0,0,0
19.2557104229927,1682.51367393136,14.8037726283073,467.715018123388,0,2.19577515125275,13.6364689469337,284.567891895771,0,10.3817208409309,0,865.743907630444,0,300.988212615252,0,55.4008330404758,0,0,94.4573053717613,598.366254508495,0,0,17.7554813027382,141.734362185001,0,0,0,0,0,2172.09146457911,4.50605195760727,6.02924126386642,12.2586106061935,33.4526852369308,0,0,0,9.28908655047417,0,9.9750280380249,0,0,0,0,0,0,1.84699845314026,1.02770209312439,0,1.59577798843384,0,10.7018257379532,0,0,0,0,3.63249325752258,2199.54195174575,5.3381233215332,189.946195632219,0,1229.50651699305,0,2044.92211216688,0,243.46541595459,12.2539371848106,27.3937447667122,14.3927176296711,117.63140386343,72.9325352609158,507.355933129787,2.81477844715118,2294.62394052744,0,158.15223544836,63.5590999126434,454.804252713919,0,471.588171958923,0,936.676075190306,0,3.0921339392662,0,127.468979597092,0,0,0,9.43255513906479,0,0,0,0,0,2.11132055521011,0,0,0,0,0,0,0,0,1.14390015602112,0,0,0,1.22287011146545,2.90984058380127,0,0,0,0,0,0
2637.90423378348,161.349073648453,2414.44115567207,469.48337879777,0,0,583.884419113398,308.569620639086,13.6133179962635,0,427.07706168294,181.420778363943,1390.32970009744,65.9380552768707,29.0969170033932,0,35.767852127552,94.4573053717613,0,3687.50457257032,0,0,934.406511306763,617.083695530891,0,1.33079588413239,0.619466602802277,0,537.985169768333,24.5007991194725,344.653886109591,235.152665764093,1746.70972460508,896.558471292257,10.1162797510624,0,46.221927523613,4.78900450468063,12.5249320864677,0,4.57276183366776,0,11.7398824095726,0,11.3868560194969,0,28.2928899228573,0,6.85325449705124,0,10.1412382423878,0,0,0,0,0,332.244640976191,11.0497798919678,265.452507674694,0,40.3321686387062,0,3.57762801647186,1.00512135028839,36.6508305668831,0,586.489981263876,4.77804166078568,2648.81410059333,84.4005954265594,1564.11755266786,424.965119630098,909.968694776297,120.048735231161,430.299134463072,49.0191351771355,2437.44649139047,351.047290474176,1.54840576648712,2.03412747383118,2.11999091506004,0,6.78391206264496,0,23.4939438402653,1.378866314888,0,0,1.41333413124084,0,0,0,0,0,39.1984836161137,0,2.33602923154831,0,0,0,0,0,0,0,2.84127062559128,0,0,0,11.3478919863701,1.80567705631256,0,0,0,0,0,0
867.407332748175,2203.37616878748,345.203619539738,3871.9774993062,0,0,355.107941001654,803.428019672632,0,7.94697660207748,51.8410031795502,926.545566231012,74.1235461831093,595.380016952753,0,15.0520486235619,12.0792098641396,598.366254508495,3687.50457257032,0,0,0,674.864231050014,1369.48271197081,0,3.30382055044174,0,0,95.9125238656998,88.7627774178982,233.700726032257,449.883699297905,753.504330188036,4698.00912335515,0,6.95141181349754,12.9695590734482,103.809966146946,0,39.8612171411514,0,0.685790419578552,0,0.572315156459808,0,0,0,15.5514905154705,0,0,0,14.9213999509811,0,0,0,0,163.617028295994,308.713786363602,14.7088844180107,40.5970440506935,0.836083114147186,50.2038356363773,0,34.6841654777527,1.32717442512512,85.0491919219494,122.420821368694,334.082690954208,1734.05421808362,2544.34359177947,1062.8987981081,1839.38120543957,163.874972999096,965.270296871662,60.5397654175758,444.168170064688,1013.78983554244,3557.69726324081,0,3.08949458599091,0,20.935465991497,0,0,0,38.0559519827366,0,0,0,0,0,0,0,0,3.53801095485687,52.3305668532848,1.15853750705719,0,0,0,0,0,0,0,0.798193156719208,0,0,1.01261025667191,31.0348871052265,19.9948306083679,0,0,0,0,0,1.83195573091507
0,0,1.19987750053406,0,122.401092320681,0.739678502082825,0,0,11.938023686409,0,0,0,0,0,124.269559413195,0,0,0,0,0,0,80.7362785935402,46.0909420847893,5.62804925441742,174.939087003469,66.3729512691498,432.596373289824,49.7926929891109,55.1735927164555,0,703.491164594889,36.5114439725876,74.5748428702354,2.08505398035049,11.9655793309212,0.650770127773285,21.3580529689789,17.3474957346916,3.71109187602997,1.59923195838928,49.1848164796829,0,1.62675568461418,0.587478637695312,0,0,0,0,0,0,0,0,0,0,0,0,0,0,0,0,0,0,0,0,0,0,11.6330126523972,0,0,0,611.88242328167,5.19746088981628,117.237779438496,0,5.31560850143433,1.27182471752167,2.88640964031219,0,0,0,0,0,5.20450586080551,0,0,0,5.38002163171768,0,0.508577287197113,1.22653222084045,0,0,0,0,0,1.74893182516098,0,0,0,0,0,0,0,0,0,0,0,0,0,0,0,0,0,0,0,0
0,0,3.57606667280197,0.636477053165436,25.17928814888,245.625310599804,0,0.582748711109161,1.09632384777069,11.3584472537041,0,0,0,0,46.3507467508316,69.1419420838356,0,0,0,0,80.7362785935402,0,10.6409002542496,23.1351856589317,44.5692837834358,550.112774342299,106.377957761288,1646.8215496242,4.67267948389053,94.1049854159355,76.9314336776733,331.330854922533,11.5731972157955,27.3340841829777,2.13929590582848,3.29603555798531,63.6343187689781,109.096239626408,15.6313952803612,15.8173480033875,13.6174474358559,201.407194435596,0,2.92685449123383,0,0,0,8.7305888235569,0,0,0,0,0,0,0,0,0,1.10568499565125,1.22012341022491,0,0,0,0,0,0,0,1.64761877059937,14.6681451499462,0,0,217.163805544376,548.948456764221,7.84242951869965,83.005985558033,7.15054535865784,1.96398192644119,2.09050214290619,23.3654062151909,0,0,0,0,6.40220928192139,72.6864653229713,0.730914950370789,0,3.06934916973114,2.12380111217499,0,0,0,0,0,0,0.626192331314087,3.05489349365234,0,0,0,0,0,0,1.90274620056152,0,0,0,0.729764401912689,0,0,2.86402142047882,0,0,0,0,0,0
27.9241606891155,0,2784.18646559119,1069.99764746428,140.150630861521,176.741180539131,654.235412746668,768.549162387848,191.361714094877,119.447892189026,26.1212843358517,53.2271124124527,616.85900965333,188.267107903957,114.55199354887,60.0739020705223,0.491048038005829,17.7554813027382,934.406511306763,674.864231050014,46.0909420847893,10.6409002542496,0,4361.22611707449,648.595332473516,793.709358096123,90.8594253659248,169.050079464912,523.351778954268,15.937263071537,3963.07794049382,1864.14520147443,1079.88888636231,817.352504819632,94.880862981081,0.956394791603088,15.4210394024849,0,6.07894250750542,0,6.23882973194122,0,101.477133482695,0,42.5260088145733,0,56.6876392960548,0,0,0,0,0,0,0,0,0,10.5007116496563,0,4.67721140384674,0,0.820581018924713,0,1.8808981180191,0,0,0,656.578210830688,1.58273014426231,56.454646229744,0.986473143100739,2707.1848410666,600.323274314404,1181.57925403118,107.087758719921,178.078304737806,30.5098675489426,996.291478335857,88.5971900820732,0,0,0.537241876125336,0,2.65605717897415,0,0,0,2.75576800107956,0,0.996088922023773,0,0,0,0,0,19.5130369663239,0,0,0,0,0,0,0,0,0,0,0,0,0,2.28225213289261,1.44628798961639,0,0,0,0,0,0
8.88749808073044,35.9998475313187,1102.75087141991,2990.75741744041,99.1759250462055,147.297684252262,903.636994719505,596.013549923897,143.509861767292,210.180417090654,4.39564990997314,350.935826778412,132.436438798904,625.604301691055,67.8509960174561,171.885574132204,0,141.734362185001,617.083695530891,1369.48271197081,5.62804925441742,23.1351856589317,4361.22611707449,0,315.633052557707,1394.78980642557,55.262364923954,77.1608311831951,60.3463661670685,102.748630344868,1076.65643909574,2068.45278605819,298.791161030531,1510.01202517748,0,10.5446443259716,1.91661107540131,20.7151089310646,0,0.627252459526062,0,5.16192018985748,0,2.41636109352112,0,0,0,17.6697197258472,0,0,0,0,0,0,0,0,0,10.9848094582558,0,0,0,1.65204721689224,0,14.890854716301,0,8.78112423419952,0.588092446327209,76.3895030915737,0.862112760543823,16.9196259975433,1475.99047082663,2121.92548969388,130.641333758831,1156.07761472464,6.90342015028,405.302211791277,23.3077476024628,1200.80765837431,0,1.01974630355835,0,0.726209938526154,0,0,0,2.02116715908051,0,0,0,0,0,0,0,0,0.85064035654068,8.40312650799751,0,0,0,0,0,0,0,0,0,0,0,0,4.85494488477707,6.13408070802689,0,0,0,0,0,0
0,0,258.532317519188,38.8419514000416,235.880403548479,105.308699548244,119.630502611399,4.85703432559967,184.949960172176,22.5947571992874,0,0,1.62222188711166,0,180.228697836399,5.2693293094635,0,0,0,0,174.939087003469,44.5692837834358,648.595332473516,315.633052557707,0,878.342612028122,978.566493153572,305.427987098694,74.7797015309334,0,230.647608697414,228.706343948841,31.7020454406738,4.22789323329926,2.30792292952538,0,11.736475944519,0,0,0,28.3981679975986,1.04545640945435,0,0,0,0,0,0,0,0,0,0,0,0,0,0,0,0,0,0,0,0,0,0,0,0,1.89697140455246,0,0,0,824.074626028538,72.7369608283043,338.684450984001,2.0368338227272,19.5585312247276,0.693559765815735,24.5298561155796,0,0,0,1.85883057117462,0,19.2139399945736,0,2.3738095164299,0,19.5783493220806,0,6.8874951004982,0,0,0,0,0,0,0,0,0,0,0,0,0,0,0,0,0,0,0,0,0,0,0,0,0,0,0
0,0,188.489096343517,131.370375335217,212.157306969166,267.280331015587,36.9371919631958,13.407364487648,133.581526339054,89.9991469681263,0,1.79141002893448,3.01500183343887,5.22628605365753,75.668782800436,199.722613215446,0,0,1.33079588413239,3.30382055044174,66.3729512691498,550.112774342299,793.709358096123,1394.78980642557,878.342612028122,0,468.408204585314,801.609193235636,8.92320543527603,29.7825659513474,570.348095238209,1422.81388518214,26.3496575057507,84.4082629680634,0.49228847026825,4.93229296803474,1.48268783092499,3.03865212202072,0,8.11110323667526,1.90808349847794,26.209140509367,0,1.21047681570053,0,0,0,12.6093828082085,0,0,0,0,0,0,0,0,0,0,0,0,0,0,0,0,0,0,0,42.1736910939217,0,1.25312039256096,767.238144218922,823.454288184643,36.314731657505,252.850275486708,2.49057221412659,22.7266126275063,0,14.3960277140141,0,0,0,0,0,15.6723584532738,0,0,1.4904853105545,0.43092480301857,0.536886155605316,0,0,0,0,0,0,0,0,0,0,0,0,0,0,0,0,0,0,0,0,0,0,0,0,0,0,0
0,0,7.38943266868591,7.46753072738647,366.884528070688,20.7206230163574,1.31413394212723,0,23.9155727028847,2.08812445402145,0,0,0,0,494.351502090693,1.83651220798492,0,0,0.619466602802277,0,432.596373289824,106.377957761288,90.8594253659248,55.262364923954,978.566493153572,468.408204585314,0,302.467181622982,62.2920262515545,1.63034605979919,429.136600583792,93.1265596449375,37.5632464885712,4.78794461488724,2.4429449737072,0,100.071330964565,54.4130899310112,13.8445346951485,0.950683116912842,65.783055961132,1.25572717189789,0,0,0,0,0,5.89564633369446,0,0,0.676666796207428,0,0,0,1.46922850608826,0,0,0,0,0,0,0,0,0,0.797815680503845,0,11.8003340661526,0,0,0,550.089104741812,52.3194659948349,136.203747838736,0,19.1783064007759,1.51741325855255,9.08996570110321,7.28756433725357,0,0,1.83701199293137,0,31.8703022897243,0,1.43488079309464,0,31.4502595663071,0,12.2457177639008,0,0,0,0,0,0,0.742344439029694,0,0,0,0,0,0,0,0,0,0,0,0,0.896333575248718,0,0,0,0.689006626605988,0,0,0
0,0,23.3348374962807,8.87041664123535,157.855251908302,884.068561702967,4.23650419712067,0.692588448524475,19.0031908750534,85.4647770822048,0,0,0,0,78.4755589962006,369.245310395956,0,0,0,0,49.7926929891109,1646.8215496242,169.050079464912,77.1608311831951,305.427987098694,801.609193235636,302.467181622982,0,9.48942935466766,50.4269323050976,236.047862499952,75.980049520731,10.4258450865746,4.17055991292,0,1.43338263034821,53.1038605570793,47.6830048561096,10.6505755782127,47.7303206324577,17.4046571850777,192.501229137182,0,1.80819767713547,0,0,0,4.20334088802338,0,0,0,0,0,0,0,0,0,0,0,0,0,0.638956069946289,0,0.502490878105164,0,0,0,7.21448105573654,0,0,412.663520544767,862.245471566916,16.7852194905281,546.619452595711,7.92391282320023,15.9786801934242,3.44189029932022,7.73392015695572,0,0,0,0,5.05978453159332,90.9603676795959,0,2.56196308135986,1.91479414701462,8.02640306949615,0,0,0,0,0,0,1.87970143556595,1.40021026134491,2.84165108203888,0,0,0,0,0,0,0,0.625671982765198,0,0,1.1867344379425,0,1.25949645042419,0,0,0,0,0,0
967.0463296175,4.03612613677979,964.461805999279,27.0168170928955,540.730788588524,0,856.428528338671,21.2693642377853,247.693388134241,1.73993170261383,1191.93353274465,0.691854596138,3412.04244282842,2.623006939888,3187.4603433013,0,2499.45818728209,0,537.985169768333,95.9125238656998,55.1735927164555,4.67267948389053,523.351778954268,60.3463661670685,74.7797015309334,8.92320543527603,62.2920262515545,9.48942935466766,0,0,32.9113990962505,21.2095983028412,20.4567959904671,24.5481137633324,5.08126562833786,7.80321371555328,219.722909361124,4.46385407447815,53.5677913725376,0,238.265544682741,0,187.130413681269,0,38.8067588210106,1.09795260429382,293.153623282909,0,140.876019656658,0,318.74203518033,0,34.4080744385719,0,38.3112510144711,0,1724.133880198,6.48600792884827,969.321791410446,0,463.361110270023,0,301.616052269936,2.00528836250305,265.570332914591,0,257.721367806196,27.9170991778374,197.499567270279,36.3473037481308,1079.75987455249,22.0539470911026,2025.21147462726,3.95517361164093,89.5373544096947,1.65693008899689,661.847472846508,25.1103109121323,294.190292179585,2.11262202262878,1058.9794614315,0,1376.34443849325,0,631.807819664478,0,596.547984451056,0,245.811040490866,0,5.95971524715424,1.98198020458221,1.85705780982971,0,37.7119804024696,0,15.1094076931477,0,3.36950141191483,1.41691625118256,1.8654688000679,0,2.04048433899879,0,3.04402983188629,2.10703301429749,1.67158219218254,3.26468729972839,2.63085776567459,4.82744646072388,0,0,0,0,0,0
0.886395514011383,112.727177262306,2.8581537604332,151.939841598272,0,233.564877897501,5.41419410705566,144.800365239382,0,69.5400103628635,0,725.955172836781,0,1258.75768974423,0,2242.44725447893,0,2172.09146457911,24.5007991194725,88.7627774178982,0,94.1049854159355,15.937263071537,102.748630344868,0,29.7825659513474,1.63034605979919,50.4269323050976,0,0,5.6435968875885,18.3875009417534,5.70093321800232,13.6600114107132,0,2.04411989450455,1.03460729122162,55.2620484530926,0,11.9779354929924,0,171.770476698875,8.63467872142792,71.9333710074425,1.00739252567291,37.6599745750427,1.50042474269867,46.9856835007668,0,100.068165719509,0,109.722931087017,0,12.5195798277855,0,11.7937508225441,0,257.119437366724,0,139.699135005474,0,181.804818928242,0,357.434112012386,0,75.065693706274,7.30497121810913,86.7158362269402,0.969829320907593,44.7205514609814,26.2996174097061,246.107360571623,1.66388356685638,3329.19417876005,0,42.8245853185654,9.87029379606247,105.79030418396,0,343.540089845657,0,658.334150612354,0,522.840310633183,0,130.653490722179,0,20.2797528505325,0,23.3031010627747,0,0,0,0,0,0.595660984516144,0,0,0,2.01507329940796,0,0,0,2.07734966278076,0.593809902667999,5.16959553956985,0,1.05005919933319,0,0.759967386722565,0,0,0,0,0,0
12.8497404456139,7.91174113750458,137.845120787621,130.075090795755,66.8079777657986,45.208971619606,57.8378255963326,93.7417094707489,30.2771756052971,31.1427124142647,2.30987292528152,7.63496607542038,21.2466527223587,26.3583931326866,169.071533381939,18.0986883044243,0,4.50605195760727,344.653886109591,233.700726032257,703.491164594889,76.9314336776733,3963.07794049382,1076.65643909574,230.647608697414,570.348095238209,429.136600583792,236.047862499952,32.9113990962505,5.6435968875885,0,852.018162816763,1420.37504372001,274.402902185917,130.772515147924,2.03535333275795,2.40931850671768,1.23365116119385,4.944864153862,0,15.7240620851517,1.49899506568909,96.562941968441,0.327978879213333,101.894087672234,0,26.8779021799564,0,0,0,0,0,0,0,1.55324685573578,0,0,2.61747789382935,6.30468016862869,0,1.14577198028564,0,0.313652276992798,0,1.39808091521263,1.49630081653595,842.001612842083,2.61315190792084,47.8376685380936,9.33649605512619,1246.46136891842,178.525199532509,53.7606284618378,40.2463580071926,11.7297974824905,17.1375120282173,48.8083779215813,60.6235380172729,0,0,0.483669966459274,0,3.6034397482872,0,0,0,4.6718682050705,0,0,0,0,0,0,0,0,0,0,0,0,0,0,0,0,0,0,0,0,0,0.681410670280457,0,0,0,0,0,0,0
15.2628046870232,4.94434875249863,438.84318292141,190.936991095543,59.7417585253716,12.5530708134174,203.945047318935,73.59274995327,58.2721228003502,12.2465672492981,1.69098752737045,22.2850376367569,47.9297181963921,39.1204441785812,59.4610081613064,54.7546764016151,0,6.02924126386642,235.152665764093,449.883699297905,36.5114439725876,331.330854922533,1864.14520147443,2068.45278605819,228.706343948841,1422.81388518214,93.1265596449375,75.980049520731,21.2095983028412,18.3875009417534,852.018162816763,0,183.843033403158,2511.36267077923,2.22734904289246,75.7397694587708,0,0.808038264513016,0,11.2807864248753,1.42768657207489,1.48010402917862,1.85702991485596,6.78936910629272,0,1.09305137395859,0,139.453486591578,0,0,0,0,0,0,0,0.847360700368881,0.753588318824768,2.01400312781334,0.914268374443054,0,0,0,0,0,0,0,4.82784348726273,498.461373031139,15.8164529800415,26.8008390665054,541.650706678629,357.186676800251,68.3775904774666,69.3745326697826,10.244896531105,29.0149146914482,25.5521978437901,97.1851113438606,0,0,0,1.34303534030914,0,1.04295420646667,0,2.66090500354767,0,0,0.73578417301178,0,0,0,0,0,0,2.60790610313416,0,0,0,0,0,0,0,0,0,0,0,0,0,0.89145565032959,0,0,0,0,0,0
123.30496519804,75.7044075131416,49.2753848135471,117.643797636032,21.427309602499,0,5.92567250132561,80.017314016819,0,1.36395180225372,8.40591794252396,21.8971576094627,8.11704570055008,14.7407638430595,39.0738017559052,1.40852451324463,3.55463027954102,12.2586106061935,1746.70972460508,753.504330188036,74.5748428702354,11.5731972157955,1079.88888636231,298.791161030531,31.7020454406738,26.3496575057507,37.5632464885712,10.4258450865746,20.4567959904671,5.70093321800232,1420.37504372001,183.843033403158,0,620.412618100643,592.949872881174,34.171231508255,15.6603127121925,2.60519820451736,26.5564147233963,1.1422905921936,2.08429908752441,0,97.4283386170864,0.851660430431366,278.110607504845,1.16099166870117,43.0860162079334,9.49107921123505,2.12840217351913,1.22931671142578,0.43215075135231,0,0,0,3.08173006772995,0,52.798627525568,70.8870368599892,68.7929071187973,5.55179792642593,14.8257990479469,6.09820318222046,10.0355530977249,8.15978229045868,3.06273680925369,2.56809723377228,5918.21693876386,217.729972362518,1304.77681267262,388.762924998999,285.512594163418,65.5223382115364,55.1494740247726,34.8549063205719,15.8379609882832,18.6657497286797,238.382537692785,109.728259563446,1.37763106822968,0,8.49180871248245,2.85175359249115,1.13239204883575,0,2.77297094464302,3.17524921894073,0,0,0,0,0,0,0,0,9.28410071134567,0,0,0,0,0,0,0,0,0,0,0,0,0,0,1.81509077548981,0,0,0,0,0,0
150.399926632643,278.996935427189,143.244217306376,178.894715696573,2.07849788665771,2.65409648418427,131.157882988453,58.563642770052,0.679838955402374,2.05700576305389,6.34385716915131,49.6015323102474,53.5845106244087,44.7977681159973,7.12698692083359,10.002325296402,4.38367807865143,33.4526852369308,896.558471292257,4698.00912335515,2.08505398035049,27.3340841829777,817.352504819632,1510.01202517748,4.22789323329926,84.4082629680634,4.78794461488724,4.17055991292,24.5481137633324,13.6600114107132,274.402902185917,2511.36267077923,620.412618100643,0,47.9848479628563,963.703978002071,22.419687718153,20.2529494166374,12.187590777874,33.7691403329372,0.626522779464722,0.737977504730225,10.1333203315735,32.5654739439487,4.91295194625854,7.00117939710617,13.6195217967033,220.584556519985,6.91718137264252,0.415490865707397,11.1962391138077,0,0,0,0,1.86159855127335,106.692031830549,141.734280496836,138.854369461536,14.9432871937752,32.272227704525,2.738500893116,16.0813509225845,16.5043544769287,10.4467473626137,7.76571178436279,935.190437585115,4627.27057796717,966.828990578651,2193.13733172417,386.909322440624,296.812293112278,69.7430511713028,108.382556945086,14.7508796453476,49.389496088028,401.562542945147,355.663847744465,1.93214392662048,1.65531712770462,22.1856305003166,20.947999060154,0,0,9.14598667621613,5.29746055603027,0,0.651247680187225,0,3.3668939769268,0,0,0,0,2.11541080474854,6.77580714225769,5.06908166408539,0,0,1.86580002307892,0,0,0,1.27690494060516,0,2.55080062150955,3.93897926807404,1.22716128826141,2.42412894964218,4.0079437494278,0,0,0,0,0,0
1.2817870080471,0,2.03418791294098,0,0,0,0.406615495681763,0,0,0,1.01713883876801,0,0.73241925239563,0,1.49138736724854,0,3.73908108472824,0,10.1162797510624,0,11.9655793309212,2.13929590582848,94.880862981081,0,2.30792292952538,0.49228847026825,2.4429449737072,0,5.08126562833786,0,130.772515147924,2.22734904289246,592.949872881174,47.9848479628563,0,243.682892858982,138.332633078098,56.5772014856339,58.4958280324936,20.5834113359451,4.32657098770142,0,243.607090055943,259.941402792931,613.459655404091,248.601229727268,67.7323820590973,41.8775508105755,238.045663297176,276.52462375164,52.633843421936,44.9774603843689,1.77980673313141,1.40425252914429,8.89041286706924,2.1591748893261,1.05933573842049,16.3891552090645,67.957952439785,90.5649008154869,16.865392267704,10.8514066934586,7.29850390553474,1.65310603380203,3.15132027864456,14.033626973629,2439.77253475785,543.533133774996,0,24.0815922319889,23.5887159407139,1.35625469684601,20.9209698140621,11.6727592945099,3.12308943271637,6.30508244037628,84.3613139390945,43.5614274740219,0,0,6.68450531363487,9.87062945961952,0,0.609328329563141,5.93515372276306,0.800823569297791,0.605997383594513,0,6.6624995470047,3.14379245042801,0,0,0,0,2.49716076254845,0.54922080039978,0.932258546352386,0,0,0,0,0,0,0,0,0,1.05046486854553,0,0,2.01673555374146,0,0,0,0,0,0
0,0,0,0.427089720964432,0,0,0,0.666604816913605,0,0,2.50504547357559,0,0,0,0,1.22205996513367,1.50747001171112,0,0,6.95141181349754,0.650770127773285,3.29603555798531,0.956394791603088,10.5446443259716,0,4.93229296803474,0,1.43338263034821,7.80321371555328,2.04411989450455,2.03535333275795,75.7397694587708,34.171231508255,963.703978002071,243.682892858982,0,64.7886555790901,87.8212349116802,29.9836918115616,73.0889808833599,1.89054352045059,0.709650576114655,157.856329977512,261.929149091244,294.679045140743,237.769538938999,39.954637169838,236.806636035442,202.871692836285,183.641761004925,39.6014673709869,24.5759783387184,1.72430288791656,0,5.45076113939285,16.7947905063629,1.11162483692169,4.00865876674652,58.3424199819565,46.8665819168091,24.0211346447468,7.54263752698898,4.83579874038696,2.50382632017136,9.52761334180832,5.6844117641449,708.184607028961,2448.39015373588,1.8919335603714,7.8819717168808,6.29492342472076,4.47045931220055,24.8774758577347,15.3899533748627,3.47670376300812,8.73590415716171,57.3035439252853,61.667997777462,0,0.935717701911926,6.4145445227623,11.8054879903793,0,2.98218071460724,4.7308601140976,8.5927118062973,1.03911137580872,0,2.54428088665009,3.30516493320465,0,0,0,0,2.62349170446396,1.49674916267395,0,0,0,0,0,0,0,0,0,0.501504957675934,0,0.509444415569305,0,0.658838272094727,0,0,0,0,0,0
188.739242732525,0.700428187847137,79.2882878184319,2.08880186080933,73.7381699085236,2.38681447505951,23.7239149808884,2.89041638374329,16.7245776057243,0,2.54488027095795,0,20.7961188852787,0,60.2375284433365,0,4.94829666614532,0,46.221927523613,12.9695590734482,21.3580529689789,63.6343187689781,15.4210394024849,1.91661107540131,11.736475944519,1.48268783092499,100.071330964565,53.1038605570793,219.722909361124,1.03460729122162,2.40931850671768,0,15.6603127121925,22.419687718153,138.332633078098,64.7886555790901,0,187.127594351768,1829.88135406375,37.4136743843555,738.906321465969,1.42313325405121,711.956947982311,163.521526217461,294.504143506289,199.95571398735,1174.61027377844,27.1217669844627,477.39377579093,218.964347213507,747.933654367924,35.3234032392502,118.241629183292,0,887.775151968002,0.93515807390213,477.750839948654,23.4214893579483,360.95674353838,149.183636188507,162.111626029015,18.2933529019356,14.579716771841,7.20656204223633,115.328876495361,15.3978576660156,1050.19393053651,607.307398021221,253.243677288294,49.257573902607,589.905326873064,23.3535598516464,725.573594391346,19.4517444968224,1046.65942060947,19.1405024528503,5131.69008812308,142.241537243128,2.28527057170868,0.736099064350128,68.6399263143539,8.11020666360855,260.386636316776,0,207.813305526972,2.34019559621811,1434.53630885482,0,1084.13765078783,0,223.245494902134,217.913194894791,103.86959862709,49.0543754696846,242.180517107248,70.5187200605869,218.587749123573,16.9136564731598,80.3999010622501,33.093356013298,91.2063135802746,25.4161049425602,190.261710733175,179.930542618036,66.8189353644848,46.1844602227211,70.0243701338768,10.4708579480648,13.907566934824,45.5388705134392,36.7111027240753,2.9346821308136,0.85644268989563,4.87064945697784,2.80500483512878,3.97476670145988
0.697586238384247,256.402537375689,3.07385432720184,74.5294959247112,0,22.1520769000053,0,45.8056158423424,0,8.55248415470123,0.813642799854279,8.97014799714088,0,7.2943756878376,0,42.4620185494423,0,9.28908655047417,4.78900450468063,103.809966146946,17.3474957346916,109.096239626408,0,20.7151089310646,0,3.03865212202072,54.4130899310112,47.6830048561096,4.46385407447815,55.2620484530926,1.23365116119385,0.808038264513016,2.60519820451736,20.2529494166374,56.5772014856339,87.8212349116802,187.127594351768,0,52.9711317420006,1745.4890204072,7.00776416063309,570.85521376133,92.333616733551,972.976350039244,56.0965051949024,374.596839904785,18.685177564621,983.457417219877,42.4748915433884,672.795180618763,18.5444339513779,434.848251372576,0,40.1991674005985,0,1299.2378231287,1.16716337203979,175.259777158499,63.0696838498116,294.363284736872,26.9092666506767,139.605359494686,3.07644426822662,26.967432320118,9.70172703266144,180.92968839407,372.762328416109,879.244967877865,2.24167782068253,115.318928420544,31.9603723287582,436.492798805237,18.4881381392479,392.268395990133,28.2672533988953,281.450611621141,220.179967463017,4335.39348816872,0,0.707179605960846,1.64056032896042,91.7748594284058,0,473.170241892338,3.6515406370163,364.319096446037,0,1360.28433519602,1.19462549686432,1064.62948235869,61.1375012397766,131.921224176884,33.7954123020172,64.543013215065,25.0829319953918,236.016678184271,34.2604384124279,21.8328256011009,10.3661908507347,35.3710503578186,29.3437020480633,20.2944716215134,42.2950411438942,100.987590819597,13.5366105139256,37.685081243515,9.99965167045593,25.2676256895065,12.450783342123,87.7563396394253,24.8231403231621,4.8088056743145,5.22252660989761,0,5.38881626725197,1.18682485818863
39.8079051375389,0,14.1225629746914,0,0.67093288898468,1.62557888031006,10.4898346066475,0,1.12521040439606,0,0,0,0,0,6.50407075881958,0,4.54350352287292,0,12.5249320864677,0,3.71109187602997,15.6313952803612,6.07894250750542,0,0,0,13.8445346951485,10.6505755782127,53.5677913725376,0,4.944864153862,0,26.5564147233963,12.187590777874,58.4958280324936,29.9836918115616,1829.88135406375,52.9711317420006,0,22.9988782405853,818.30945366621,0,472.306582331657,8.72800558805466,617.288170546293,7.10063064098358,1149.15819117427,3.54594260454178,302.433726936579,5.46265816688538,188.636493712664,0,26.0359525978565,0,1063.73710381985,0,148.938028991222,2.09285855293274,149.34677106142,4.77147269248962,49.2788585424423,0,0,0,46.7133063673973,0,1041.76217472553,46.5965141057968,44.9950026273727,0,148.271893829107,8.29652899503708,173.526589125395,0,200.870876818895,13.3358439803123,397.172705322504,59.3365235924721,0,0,5.15163731575012,0,68.319430410862,0,40.8422739505768,0,464.494970649481,0,398.03865018487,0,187.350499749184,177.687091827393,109.720457464457,64.0567300319672,74.0151796042919,54.0193181633949,102.957935631275,23.8827344179153,57.8556551635265,27.8149965405464,93.1043584942818,18.9361507892609,233.400513291359,131.248623430729,51.7744794487953,28.0531530380249,49.8819137513638,11.5982388556004,14.0257861316204,6.13420948386192,21.6552165150642,4.64558148384094,1.74295419454575,0,3.77199694514275,2.32728880643845
0,144.780479252338,0,27.6510273814201,0,18.6856839954853,0,15.666706264019,0,3.40437880158424,0,4.11289751529694,0,0,0,8.135877430439,0,9.9750280380249,0,39.8612171411514,1.59923195838928,15.8173480033875,0,0.627252459526062,0,8.11110323667526,0.950683116912842,47.7303206324577,0,11.9779354929924,0,11.2807864248753,1.1422905921936,33.7691403329372,20.5834113359451,73.0889808833599,37.4136743843555,1745.4890204072,22.9988782405853,0,0,1203.63750571012,16.1514571905136,598.112827062607,11.4474619030952,162.025617569685,3.68586009740829,804.409940779209,4.39393401145935,171.937423944473,1.40495455265045,134.033631414175,0,23.9793247580528,1.35640692710876,1224.1705918014,2.17274308204651,219.290487140417,2.39791345596313,160.211982369423,0,38.3510297834873,0,15.363345772028,0,51.1646565198898,50.316120326519,1103.64095881581,0,96.1840870380402,10.0008416175842,133.049940079451,2.18881714344025,65.5540616810322,11.7522847652435,65.3035226166248,38.1383014917374,261.372886031866,0,1.55725193023682,0,19.4355018734932,0,164.484037280083,0,74.6866206228733,0,238.08270406723,0,394.601937711239,54.7679336667061,117.136180102825,24.7176424264908,31.5771995186806,5.81455540657043,69.5006633996964,25.6493062376976,15.8227978348732,8.3171854019165,25.3739035129547,19.0546679496765,8.26527136564255,22.968273460865,64.3605986833572,5.93598872423172,15.6415985524654,4.93181246519089,8.76108184456825,3.23021072149277,2.11171209812164,17.622743666172,3.39883106946945,2.82210147380829,0,0.915905177593231,0.999506056308746
4.86834889650345,0,9.01100373268127,0,297.649610996246,0,2.61432564258575,0,35.9737560749054,0,0,0,6.55529165267944,0,119.748695671558,0,0,0,4.57276183366776,0,49.1848164796829,13.6174474358559,6.23882973194122,0,28.3981679975986,1.90808349847794,65.783055961132,17.4046571850777,238.265544682741,0,15.7240620851517,1.42768657207489,2.08429908752441,0.626522779464722,4.32657098770142,1.89054352045059,738.906321465969,7.00776416063309,818.30945366621,0,0,8.45995563268661,98.9544176161289,0,23.6127810180187,0,147.439894735813,0,34.3652567565441,0,63.2946735918522,0,14.4604103863239,0,40.3038231134415,0,3.65056931972504,0,11.7408627867699,0,4.4558744430542,0,1.36927962303162,0,12.9162118434906,0,41.0907562375069,6.63920915126801,0.646607160568237,0,407.065717577934,20.8282271623611,548.7229565382,0,302.462425559759,10.0767050981522,381.867453604937,3.90987312793732,0,0,4.17944204807281,0,441.481371045113,0,39.6634151041508,0,1230.99420967698,0,170.057946771383,0,1.34018892049789,2.23874625563622,3.60331702232361,2.42239332199097,21.5092814862728,0,5.58109050989151,0,1.0865992307663,0,4.85270595550537,0,5.86794075369835,3.50635257363319,12.6814371347427,2.24651291966438,4.92880612611771,1.44924715161324,11.0614248216152,4.30392953753471,0,0,0,0,0,1.74482852220535
0,0,0,2.3268848657608,0,260.610131978989,0,4.882603764534,0,50.2641470432281,0,1.3112518787384,0,1.85772669315338,0,210.43697026372,0,0,0,0.685790419578552,0,201.407194435596,0,5.16192018985748,1.04545640945435,26.209140509367,1.25572717189789,192.501229137182,0,171.770476698875,1.49899506568909,1.48010402917862,0,0.737977504730225,0,0.709650576114655,1.42313325405121,570.85521376133,0,1203.63750571012,8.45995563268661,0,16.4287352561951,133.171414345503,2.10349720716476,40.5028373599052,0,193.433996409178,0,74.4706310033798,0,61.6762908101082,0,9.97646644711494,0,158.740136921406,0,3.06483072042465,0,13.2329175770283,0,5.15055891871452,0,2.10355854034424,0,6.52522510290146,0.62661075592041,24.6281508207321,0,0,22.3162276744843,221.767747759819,9.32926297187805,1010.71217155457,3.62826347351074,227.469138145447,4.24716347455978,227.269255757332,0,0,0,35.4602197110653,0,1927.56945583224,0,157.684241086245,0,1248.09081789851,0,161.048403352499,0,0.69645482301712,0,1.32761660218239,1.07393860816956,1.62113669514656,0.653285384178162,0,0,0.903152227401733,0,0,0,6.30745843052864,0.780491054058075,4.44336396455765,2.02439481019974,0,1.5879647731781,5.46739387512207,1.36412012577057,0,0,0,0,0.525160014629364
0,0,0,0,0,0,0,0,0,0,0,0,0,0,0,0,0,0,11.7398824095726,0,1.62675568461418,0,101.477133482695,0,0,0,0,0,187.130413681269,8.63467872142792,96.562941968441,1.85702991485596,97.4283386170864,10.1333203315735,243.607090055943,157.856329977512,711.956947982311,92.333616733551,472.306582331657,16.1514571905136,98.9544176161289,16.4287352561951,0,2391.21277958155,11842.4998067617,1308.02333849669,8380.53410506248,2037.78976619244,2480.72111293674,251.313041865826,3392.76490777731,69.5365328490734,532.759455770254,10.0563750267029,455.650002151728,154.992222517729,0,7.37259846925735,54.8908719420433,48.0633828639984,3.17632347345352,1.34893560409546,0.876918077468872,0,3.30749309062958,0,2749.2560915947,454.017412006855,0,14.5073581039906,14.1533904969692,1.00828659534454,595.120871841908,82.0088319778442,43.2743869125843,8.93589526414871,690.79843506217,88.3906646966934,0,0,180.707681566477,16.8363841474056,52.7005236148834,23.7927138209343,386.446708738804,49.6064800024033,12.4689518809319,3.44514566659927,543.071690022945,58.4201361238956,14.1919795274734,0,0,0,13.6477664411068,0,11.7780728340149,0,70.0627232193947,52.9058784246445,0,0,0,0,0,0,0,0,0,0.947371900081635,0,0,0,0,0,0
0,0,0,0,0,0,0,0,0,0,0,0,0,0,0,3.00088179111481,0,0,0,0.572315156459808,0.587478637695312,2.92685449123383,0,2.41636109352112,0,1.21047681570053,0,1.80819767713547,0,71.9333710074425,0.327978879213333,6.78936910629272,0.851660430431366,32.5654739439487,259.941402792931,261.929149091244,163.521526217461,972.976350039244,8.72800558805466,598.112827062607,0,133.171414345503,2391.21277958155,0,971.663393974304,7685.71110761166,80.2171528339386,10266.4773505926,237.294847935438,2918.84858593345,41.6762348413467,1492.60233023763,0,1289.90400150418,6.66041308641434,931.074170857668,0,0,38.9854418635368,118.005180299282,3.75937557220459,1.27541446685791,0.608978867530823,0,0,1.75669205188751,650.398643612862,2630.68216365576,0,0,0,12.4158986210823,8.56713715195656,621.625181049109,1.07501745223999,124.612283229828,119.85391587019,810.411143809557,0,0,1.27152109146118,99.5301723182201,0,142.2331854105,3.48122209310532,476.755980104208,0,61.8879823684692,0,434.34096929431,0,0,0,0,0,12.0063889622688,0,10.2037297487259,0,20.4384105801582,0,0,0,0,0,0,0,1.0773606300354,0.741693377494812,11.9534563720226,4.89657759666443,0,0,0,0,0
0,0,0,0,0,0,0,0,0,0,0,0,0,0,0,0,0,0,11.3868560194969,0,0,0,42.5260088145733,0,0,0,0,0,38.8067588210106,1.00739252567291,101.894087672234,0,278.110607504845,4.91295194625854,613.459655404091,294.679045140743,294.504143506289,56.0965051949024,617.288170546293,11.4474619030952,23.6127810180187,2.10349720716476,11842.4998067617,971.663393974304,0,1398.83643186092,1357.92731699347,65.2047993540764,2479.22300043702,645.213432192802,860.193135797977,152.886400699615,108.985010236502,6.33269268274307,390.315255790949,30.6332432627678,0,1.05378699302673,126.154799997807,63.803945183754,10.3069772720337,0,3.19687443971634,0,6.00164175033569,5.30205404758453,3860.17344069481,1023.47395810485,0,3.39970898628235,9.84992480278015,0,235.726239979267,24.5512026548386,27.3242106735706,5.77421209216118,287.391505122185,46.7750311493874,0.626203835010529,0,115.896481513977,3.11194920539856,15.1857724189758,0.801755905151367,223.745874553919,12.7738943696022,4.70015206933022,0.587816476821899,136.751770675182,5.6955845952034,0.580314338207245,0,0,0,6.45246237516403,0,12.4752329289913,0,4.82260310649872,0,0,0,0,0,0,0,0,0,0,2.02206206321716,0.637634754180908,0,0,0,0,0
0,0,0,0,0,0,0,0,0,0,0,0,0,0,0,0,0,0,0,0,0,0,0,0,0,0,0,0,1.09795260429382,37.6599745750427,0,1.09305137395859,1.16099166870117,7.00117939710617,248.601229727268,237.769538938999,199.95571398735,374.596839904785,7.10063064098358,162.025617569685,0,40.5028373599052,1308.02333849669,7685.71110761166,1398.83643186092,0,19.5472968816757,1141.49462014437,144.539676129818,6431.62073513865,30.6275224685669,2495.52774870396,0,309.709611535072,0.585491359233856,428.534898340702,0,0,21.9146552085876,327.789503872395,7.94748306274414,1.5405033826828,0,0,0,3.68819987773895,592.317721962929,2128.21089956164,0,0,0,1.86177188158035,0,295.068772733212,0,93.0963799655437,111.722438573837,295.409783363342,0,1.31495547294617,0,93.2747044563293,0,18.1038035750389,0,196.917536258698,0,6.79382112622261,0,179.70536378026,0,0,0,0,0,7.14589887857437,0,4.01067489385605,0,3.96884644031525,0,0,0,0,0,0,0,0,0.939729750156403,12.207425236702,0.760552525520325,0,0,0,0,0
5.12146955728531,0,13.0419387817383,0,5.93772369623184,0,17.1002973914146,0,7.07868295907974,0,1.39257967472076,0,7.93191331624985,0,5.07624959945679,0,3.00388360023499,1.84699845314026,28.2928899228573,0,0,0,56.6876392960548,0,0,0,0,0,293.153623282909,1.50042474269867,26.8779021799564,0,43.0860162079334,13.6195217967033,67.7323820590973,39.954637169838,1174.61027377844,18.685177564621,1149.15819117427,3.68586009740829,147.439894735813,0,8380.53410506248,80.2171528339386,1357.92731699347,19.5472968816757,0,168.391470789909,1121.82735517621,30.6102116703987,2690.89683419466,12.6597948074341,2478.31844776869,0,3417.53796155751,2.1471666097641,5.3469090461731,3.2320202589035,79.7312785983086,27.4383711218834,13.7829231619835,2.2792797088623,2.01035761833191,0,7.82754200696945,1.77156782150269,1568.83340203762,238.576526105404,5.70609772205353,9.35297572612762,82.2129308879375,2.48337614536285,501.290627837181,2.49882614612579,22.1764824986458,1.91429340839386,612.547126412392,28.2284206748009,0,0,90.3971809148788,0,88.2746120691299,0,359.765155762434,3.24228245019913,153.807342767715,0,1311.74807745218,2.2169015109539,47.0765860676765,0,0.510606706142426,0.822206437587738,15.1042508780956,0.736533403396606,40.2647064626217,0,280.842887818813,0,0,0.735290169715881,0.935132622718811,0.649102091789246,1.05960261821747,0,0,0,1.24016284942627,24.7917295694351,0.490033835172653,0,0.789921522140503,0,0,0
0,5.25874197483063,0,0.484675705432892,0,0,0,0.808633863925934,0,1.19631189107895,0,0.887025475502014,0,0.727941870689392,0,2.35089856386185,0,1.02770209312439,0,15.5514905154705,0,8.7305888235569,0,17.6697197258472,0,12.6093828082085,5.89564633369446,4.20334088802338,0,46.9856835007668,0,139.453486591578,9.49107921123505,220.584556519985,41.8775508105755,236.806636035442,27.1217669844627,983.457417219877,3.54594260454178,804.409940779209,0,193.433996409178,2037.78976619244,10266.4773505926,65.2047993540764,1141.49462014437,168.391470789909,0,11.4297071695328,735.627190560102,1.66260778903961,579.82078102231,0,998.489840090275,1.33224308490753,4134.88003450632,0,15.4821867346764,19.6504254341125,69.8409683704376,0,8.86108934879303,1.54795718193054,4.14505231380463,2.57777523994446,11.5129107534885,186.346878707409,1516.64803344011,1.4753098487854,5.11857286095619,2.30691397190094,25.2308571636677,5.04493427276611,604.895757675171,1.77379655838013,85.7214865386486,46.8722786903381,702.163384020329,0,1.01988625526428,0,53.5823856294155,0,156.352424114943,0,368.782683193684,1.3471896648407,106.162637531757,0,597.087104737759,1.4003164768219,9.90633270144463,0,1.88839656114578,0.701416790485382,14.047503978014,1.27100291848183,23.253766566515,0,391.703852713108,0.920624822378159,0,2.03153043985367,2.1443352997303,1.11791491508484,0,0,0.820237576961517,0.535624921321869,16.5393443107605,0.768435597419739,0,0,0,0,0.492870360612869
5.29238885641098,0,8.04736697673798,0,0,0,4.4529544711113,0,0,0,1.24422442913055,0,1.80347168445587,0,0,0,5.40194815397263,0,6.85325449705124,0,0,0,0,0,0,0,0,0,140.876019656658,0,0,0,2.12840217351913,6.91718137264252,238.045663297176,202.871692836285,477.39377579093,42.4748915433884,302.433726936579,4.39393401145935,34.3652567565441,0,2480.72111293674,237.294847935438,2479.22300043702,144.539676129818,1121.82735517621,11.4297071695328,0,179.791390359402,6289.53276342154,18.0603395104408,340.838213473558,0,942.814125090837,0,3.56714215874672,0.589076817035675,1070.38026630878,26.2033860087395,584.989589810371,0,22.1414987146854,0,103.286974728107,1.82345354557037,1621.08816292882,767.753363579512,2.2236213684082,0,25.4281488955021,0,526.670645087957,2.4847184419632,62.8830766379833,0,668.040248036385,19.8131249547005,6.76860788464546,0,349.405970335007,0,47.9229285120964,0,632.925757944584,0,0.638587355613708,0,513.010111540556,0,2.77896279096603,0,0,0,35.8353019654751,0,20.2538307011127,0,2.59693741798401,0,0,0,0,0,0,0,1.74766045808792,0,0,10.2426810562611,0,0,0,0,0,0
0,4.23703509569168,0,0.478527992963791,0,0,0,2.70874613523483,0,0,0,0,0,0,0,0,0,1.59577798843384,0,0,0,0,0,0,0,0,0,0,0,100.068165719509,0,0,1.22931671142578,0.415490865707397,276.52462375164,183.641761004925,218.964347213507,672.795180618763,5.46265816688538,171.937423944473,0,74.4706310033798,251.313041865826,2918.84858593345,645.213432192802,6431.62073513865,30.6102116703987,735.627190560102,179.791390359402,0,21.6312312483788,6628.82826706767,0,398.899952679873,0,1202.29039549828,0,12.3022266030312,21.312025308609,1354.24438983202,3.81453633308411,8.42702782154083,0,4.95987755060196,0,445.372432470322,683.739135861397,1116.71920213103,0,2.08503293991089,0,7.34878575801849,1.48506379127502,600.257709592581,0,240.100490063429,144.000398159027,545.532233536243,0,3.05040997266769,0,325.377671480179,0,72.3474054932594,3.84325325489044,859.426186710596,0,13.3423371613026,0,800.452369302511,0,0,0,0,0,26.552644431591,0,3.27435106039047,0,1.46044653654099,0,0,0,0,0,0,0,0,0,16.303019464016,0,0,0,0,0,0
75.1148929595947,0,32.3051045238972,0,0,0,63.244492828846,0,0,0,13.0685408115387,0,12.9318409860134,0,0,0,18.5172139406204,0,10.1412382423878,0,0,0,0,0,0,0,0.676666796207428,0,318.74203518033,0,0,0,0.43215075135231,11.1962391138077,52.633843421936,39.6014673709869,747.933654367924,18.5444339513779,188.636493712664,1.40495455265045,63.2946735918522,0,3392.76490777731,41.6762348413467,860.193135797977,30.6275224685669,2690.89683419466,1.66260778903961,6289.53276342154,21.6312312483788,0,7.3316775560379,6281.64245602489,0,3114.37494108081,0,89.4707517325878,3.88894832134247,1232.17921563983,30.6030221581459,2690.95270261168,1.73305106163025,81.7628099024296,0,1934.70586639643,4.31602472066879,432.259181499481,308.276685655117,2.09143936634064,5.56462001800537,48.1677697598934,0.632918417453766,901.909503251314,3.6234347820282,101.019175946712,6.37667727470398,973.142390578985,17.8418129086494,32.9501785635948,0,742.409026145935,2.23549389839172,198.109940379858,0,5252.45303654671,0,8.8724819123745,0,1779.0003605485,0,9.806112408638,0,0,0,63.4632541239262,1.1363924741745,53.8633752465248,0,15.3901017308235,0,1.10227417945862,0,0.824362337589264,0,2.53145408630371,0.709171175956726,6.66922247409821,0,1.1234313249588,11.3355275988579,0,0,0,0,0,0
0,159.982285171747,0,27.6326793730259,0,0,0,154.679307699203,0,0,0,47.3866775035858,0,12.0372415184975,0,0,0,10.7018257379532,0,14.9213999509811,0,0,0,0,0,0,0,0,0,109.722931087017,0,0,0,0,44.9774603843689,24.5759783387184,35.3234032392502,434.848251372576,0,134.033631414175,0,61.6762908101082,69.5365328490734,1492.60233023763,152.886400699615,2495.52774870396,12.6597948074341,579.82078102231,18.0603395104408,6628.82826706767,7.3316775560379,0,0,2108.24218538404,0,2419.26482510567,0,81.9988932311535,4.48477232456207,1490.33152759075,1.96515822410583,42.3821308910847,0,22.0433491766453,0,1669.10297775269,153.979910492897,543.322771817446,0,2.76918858289719,1.90747326612473,35.680900156498,0,606.448970705271,0,163.017380028963,45.2738273143768,360.320723742247,0,8.16745787858963,0,711.237408459187,0,167.018877059221,1.48575901985168,6708.93734514713,0,35.3725071847439,0,2743.8039855659,0,0,0,0,0,28.2454332113266,0,1.91524130105972,0,1.42348408699036,0,0,0,0,0,0.507219135761261,0,0.704081475734711,0,9.31191539764404,0,0,0,0,0,0
0.854696691036224,0,0,0,0.929913640022278,0,1.33194661140442,0,0,0,2.30254328250885,0,0,0,0,0,0,0,0,0,0,0,0,0,0,0,0,0,34.4080744385719,0,0,0,0,0,1.77980673313141,1.72430288791656,118.241629183292,0,26.0359525978565,0,14.4604103863239,0,532.759455770254,0,108.985010236502,0,2478.31844776869,0,340.838213473558,0,6281.64245602489,0,0,0,2760.25867116451,0,3.32558119297028,0,13.0544261336327,0,5.90662741661072,0,0.576702356338501,0,22.2767135798931,0,51.7264684140682,1.57814383506775,0,0,0.511960983276367,0,126.470044374466,0,6.55287835001945,0,118.811355769634,0,0,0,44.5166012346745,0,12.4546709954739,0,533.54926854372,0,4.83052986860275,0,578.461300164461,0,4.48700696229935,0,0,0,1.80027014017105,0,2.10003870725632,0,5.95362025499344,0,0,0,0,0,0,0,0,0,0,0,0,0,0,0,0,0
0,0,0,0,0,0,0,0,0,0,0,0,0,0,0,0,0,0,0,0,0,0,0,0,0,0,0,0,0,12.5195798277855,0,0,0,0,1.40425252914429,0,0,40.1991674005985,0,23.9793247580528,0,9.97646644711494,10.0563750267029,1289.90400150418,6.33269268274307,309.709611535072,0,998.489840090275,0,398.899952679873,0,2108.24218538404,0,0,0,1668.82609519362,0,0,0,1.5562698841095,0,0,0,0,0,0,1.28183615207672,1.47600001096725,0,0,0,0,0,48.4380277395248,0,9.30397284030914,0,25.3282540440559,0,0,0,3.70103979110718,0,0.948358654975891,0,293.643861174583,0,0,0,820.636845231056,0,0,0,0,0,0,0,0,0,3.06243360042572,0,0,0,0,0,0,0,0,0,0,0,0,0,0,0,0
13.3632932305336,0,0,0,1.29141640663147,0,4.87993878126144,0,0.423054248094559,0,0,0,0.851108312606812,0,0.660399317741394,0,0.616385757923126,0,0,0,0,0,0,0,0,0,1.46922850608826,0,38.3112510144711,0,1.55324685573578,0,3.08173006772995,0,8.89041286706924,5.45076113939285,887.775151968002,0,1063.73710381985,1.35640692710876,40.3038231134415,0,455.650002151728,6.66041308641434,390.315255790949,0.585491359233856,3417.53796155751,1.33224308490753,942.814125090837,0,3114.37494108081,0,2760.25867116451,0,0,0,10.7042027413845,0,87.0616039335728,0,28.5789707005024,0,18.6142730712891,0,57.3842025697231,0,232.884393543005,12.5031941533089,0,0,2.66282820701599,0,81.3447942733765,0,3.4581333398819,0,110.680483490229,1.79974633455276,0.961279213428497,0,39.7679268717766,0,84.9545750617981,0,381.773369461298,0,756.969469219446,0,2091.51356235147,0,13.095992743969,0,0,0,1.15385687351227,0,0.600432395935059,0,20.5539965033531,0,0,0,0,0,0,0,1.10903185606003,0,0,1.54464364051819,0,0,0,0,0,0
0,6.175776720047,0,0,0,2.51512384414673,0,3.72697865962982,0,1.40684729814529,0,1.92343807220459,0,0,0,4.60343497991562,0,0,0,0,0,0,0,0,0,0,0,0,0,11.7937508225441,0,0.847360700368881,0,1.86159855127335,2.1591748893261,16.7947905063629,0.93515807390213,1299.2378231287,0,1224.1705918014,0,158.740136921406,154.992222517729,931.074170857668,30.6332432627678,428.534898340702,2.1471666097641,4134.88003450632,0,1202.29039549828,0,2419.26482510567,0,1668.82609519362,0,0,0,0.971111327409744,0,30.5047464072704,0,1.56510066986084,0,0,0,16.752339810133,4.57794690132141,127.244412660599,0,0,0,8.48826456069946,0,141.827283233404,0,9.42714822292328,4.53033405542374,138.635673165321,0,0,0,16.3780598640442,0,89.9868386983871,0,597.784033298492,0,495.325557738543,0,1919.97199264169,0,0,0,0,0,1.14514005184174,0,0,0,45.7918085455894,0,0,0,0.396233230829239,0,0,0,0,0,1.44562351703644,0,0,0,0,0,0
12269.3319670856,32.7888827621937,561.293062984943,21.4827991724014,0,0,610.441295295954,19.2047783136368,1.58418089151382,0,924.418199002743,0,503.784876674414,0,8.93577337265015,0,1993.00028601289,3.63249325752258,332.244640976191,163.617028295994,0,0,10.5007116496563,0,0,0,0,0,1724.133880198,0,0,0.753588318824768,52.798627525568,106.692031830549,1.05933573842049,1.11162483692169,477.750839948654,1.16716337203979,148.938028991222,2.17274308204651,3.65056931972504,0,0,0,0,0,5.3469090461731,0,3.56714215874672,0,89.4707517325878,0,3.32558119297028,0,10.7042027413845,0,0,14.8733062744141,3107.89965799451,1.75396835803986,3837.12796041369,2.29538542032242,1663.77238374949,5.32591015100479,838.944116264582,1.31927824020386,720.753910511732,33.9314000606537,2217.36949145794,127.578811109066,1304.84973731637,21.7935335040092,2105.18031099439,4.24111515283585,468.490197509527,1.36434531211853,3124.35832807422,46.3866908550262,28.2928465902805,0,92.4580403864384,1.23309946060181,17.2885241210461,0,332.945360720158,0,0,0,129.90738466382,0,1.9200758934021,0,0.731591939926147,0,263.933939039707,5.26093566417694,68.2183899283409,0,7.97879695892334,0,0,0,0,0,12.6999068856239,0,20.9293811321259,0,13.2598824203014,13.2318459451199,0,0,0,0,0,0.52642834186554
1.24587893486023,11316.1686658263,0,304.825035721064,0,0,0,354.812352478504,0,0,0,254.884780734777,0,42.4777027964592,0,2.41080206632614,0,2199.54195174575,11.0497798919678,308.713786363602,0,1.10568499565125,0,10.9848094582558,0,0,0,0,6.48600792884827,257.119437366724,2.61747789382935,2.01400312781334,70.8870368599892,141.734280496836,16.3891552090645,4.00865876674652,23.4214893579483,175.259777158499,2.09285855293274,219.290487140417,0,3.06483072042465,7.37259846925735,0,1.05378699302673,0,3.2320202589035,15.4821867346764,0.589076817035675,12.3022266030312,3.88894832134247,81.9988932311535,0,0,0,0.971111327409744,14.8733062744141,0,61.3227010369301,2064.63665029407,39.3775421977043,2925.83273336291,12.1251368522644,3278.03342941403,9.65308809280396,563.724545657635,262.202840596437,495.646417021751,22.7938071489334,3478.04908871651,41.4368877708912,578.275473624468,26.7527455687523,2575.02012905478,0,637.012306272984,374.859875559807,2649.50715634227,0.509053528308868,116.119994342327,6.5061217546463,264.972872883081,0,1.61727249622345,0,95.8890127241611,0,0.746426999568939,0,26.8070954680443,0,0,0,0,0,110.620740562677,1.65408599376678,0,0,0,0,0,0,0,0,3.64521479606628,1.4466917514801,1.02049055695534,12.782581359148,44.4137277901173,1.60997766256332,0,0,0,2.36583340167999,0
753.162049949169,8.29829627275467,434.228452175856,0.866288363933563,0,0,102.788227468729,0,0,0,130.954365164042,0,63.3986240923405,0,0,0,308.608982473612,5.3381233215332,265.452507674694,14.7088844180107,0,1.22012341022491,4.67721140384674,0,0,0,0,0,969.321791410446,0,6.30468016862869,0.914268374443054,68.7929071187973,138.854369461536,67.957952439785,58.3424199819565,360.95674353838,63.0696838498116,149.34677106142,2.39791345596313,11.7408627867699,0,54.8908719420433,38.9854418635368,126.154799997807,21.9146552085876,79.7312785983086,19.6504254341125,1070.38026630878,21.312025308609,1232.17921563983,4.48477232456207,13.0544261336327,0,87.0616039335728,0,3107.89965799451,61.3227010369301,0,34.788300037384,5739.19879490137,15.8510228991508,463.131949156523,12.2552903294563,790.432221293449,11.7687824964523,2103.02327430248,868.071698516607,340.179405212402,208.090467780828,269.001752614975,23.7551199197769,1055.92156538367,5.641068816185,190.315317034721,2.19383215904236,1715.52108380198,72.4585199356079,78.9602941274643,1.49710476398468,484.975535809994,4.22689568996429,16.0205800533295,0,178.842555642128,0,0,0,56.9261109530926,0,0,0,0,0,159.50187972188,0.582091867923737,70.8158676922321,0,0,0,0,0,0,0,2.42592257261276,0,13.4097273945808,0,0,15.8040468096733,0,0,0,0,0,0
0,479.869480639696,0,75.2993878424168,0,0,0,236.650740116835,0,0,0,145.851410329342,0,33.9120719432831,0,0,0,189.946195632219,0,40.5970440506935,0,0,0,0,0,0,0,0,0,139.699135005474,0,0,5.55179792642593,14.9432871937752,90.5649008154869,46.8665819168091,149.183636188507,294.363284736872,4.77147269248962,160.211982369423,0,13.2329175770283,48.0633828639984,118.005180299282,63.803945183754,327.789503872395,27.4383711218834,69.8409683704376,26.2033860087395,1354.24438983202,30.6030221581459,1490.33152759075,0,1.5562698841095,0,30.5047464072704,1.75396835803986,2064.63665029407,34.788300037384,0,22.8929502367973,3258.32435461879,7.86806482076645,702.024643182755,8.90938696265221,1901.88605117798,464.722759515047,2652.79343858361,0,92.5411067008972,9.23567539453506,67.8263930678368,8.59836310148239,966.997322767973,1.39549434185028,267.286304116249,198.63820913434,940.683590859175,2.72648906707764,114.142271459103,6.50837373733521,862.360676586628,0,34.0374606251717,0,196.460844963789,0,0,0,126.725694060326,0,0,0,0,0,49.4736721813679,0,0,0,0,0,0,0,0,0,0,0,0,0.694000959396362,31.1993326842785,0.754182279109955,0,0,0,0,0
1093.57641887665,1.58565020561218,118.662082701921,0,0,0,265.543305724859,0,0,0,485.314222484827,0,209.509602963924,0,1.22143852710724,0,658.514691352844,0,40.3321686387062,0.836083114147186,0,0,0.820581018924713,0,0,0,0,0,463.361110270023,0,1.14577198028564,0,14.8257990479469,32.272227704525,16.865392267704,24.0211346447468,162.111626029015,26.9092666506767,49.2788585424423,0,4.4558744430542,0,3.17632347345352,3.75937557220459,10.3069772720337,7.94748306274414,13.7829231619835,0,584.989589810371,3.81453633308411,2690.95270261168,1.96515822410583,5.90662741661072,0,28.5789707005024,0,3837.12796041369,39.3775421977043,5739.19879490137,22.8929502367973,0,4.36609959602356,2951.18928155303,8.05326855182648,4220.80248650908,1.36094498634338,301.574694871902,246.960916399956,5.41803759336472,78.4423078894615,129.744434684515,7.5466160774231,429.902061849833,9.60707426071167,50.7354141175747,0,530.027306199074,40.7636367082596,80.101597070694,0,471.776545852423,1.44686460494995,34.8073425590992,0,838.662579417229,0,0,0,241.192192405462,0,0,0,0,0,39.8502485454082,0,26.4591046571732,0,0,0,0,0,0,0,0.796883881092072,0,5.91679692268372,0,0,4.32754862308502,0,0,0,0.504219353199005,0,0
2.24950265884399,679.206548273563,0,57.7472732067108,0,0,0,299.851305067539,0,0,0,1102.83974483609,0,439.331038951874,0,2.2585506439209,0,1229.50651699305,0,50.2038356363773,0,0,0,1.65204721689224,0,0,0,0.638956069946289,0,181.804818928242,0,0,6.09820318222046,2.738500893116,10.8514066934586,7.54263752698898,18.2933529019356,139.605359494686,0,38.3510297834873,0,5.15055891871452,1.34893560409546,1.27541446685791,0,1.5405033826828,2.2792797088623,8.86108934879303,0,8.42702782154083,1.73305106163025,42.3821308910847,0,0,0,1.56510066986084,2.29538542032242,2925.83273336291,15.8510228991508,3258.32435461879,4.36609959602356,0,0,4766.45313197374,0,4140.91584947705,52.4021987318993,295.463157683611,0,47.2386990785599,7.74541932344437,123.029173642397,0,498.814863681793,0,117.242234140635,80.2020905315876,400.866022706032,0,52.5372215509415,0,302.153360426426,0,7.7878565788269,0,312.410367012024,0,1.20792877674103,0,105.135868281126,0,0,0,0,0,7.99518969655037,0,0,0,0,0,0,0,0,0,0.325908333063126,0,0,0.708465158939362,7.25135093927383,0,0,0,0,0,0
158.483481109142,0,11.6436809301376,0,0,0,27.8951777517796,0,0,0,311.88032412529,0,184.466305434704,0,0,0,1406.1655023098,0,3.57762801647186,0,0,0,1.8808981180191,0,0,0,0,0,301.616052269936,0,0.313652276992798,0,10.0355530977249,16.0813509225845,7.29850390553474,4.83579874038696,14.579716771841,3.07644426822662,0,0,1.36927962303162,0,0.876918077468872,0.608978867530823,3.19687443971634,0,2.01035761833191,1.54795718193054,22.1414987146854,0,81.7628099024296,0,0.576702356338501,0,18.6142730712891,0,1663.77238374949,12.1251368522644,463.131949156523,7.86806482076645,2951.18928155303,0,0,0,881.720023721457,0.648903787136078,185.189204007387,59.7336020469666,5.98599091172218,36.7673717439175,42.2685843110085,0,47.260057926178,0,2.71012306213379,0,42.0389882326126,29.8037616014481,32.5825654566288,0,1934.62294644117,1.60405111312866,38.757923156023,0,1404.95498847961,0,5.30390331149101,0,248.698872864246,0,0,0,0,0,1.16856348514557,0,0,0,0,0,0,0,0,0,0,0,0,0,0,0,0,0,0,0,0,0
0,186.022230565548,0,50.2585248947144,0,0,0,79.8382224142551,0,1.38765347003937,0,384.577011942863,0,197.162377357483,0,7.50190997123718,0,2044.92211216688,1.00512135028839,34.6841654777527,0,0,0,14.890854716301,0,0,0,0.502490878105164,2.00528836250305,357.434112012386,0,0,8.15978229045868,16.5043544769287,1.65310603380203,2.50382632017136,7.20656204223633,26.967432320118,0,15.363345772028,0,2.10355854034424,0,0,0,0,0,4.14505231380463,0,4.95987755060196,0,22.0433491766453,0,0,0,0,5.32591015100479,3278.03342941403,12.2552903294563,702.024643182755,8.05326855182648,4766.45313197374,0,0,0,1158.16688430309,32.5841041207314,171.436569064856,1.68308138847351,141.541630834341,4.73980987071991,184.306646108627,6.43876469135284,830.307581007481,1.28192985057831,66.0612933635712,75.7608515620232,257.961704999208,0,141.305745333433,0,2244.89902946353,0,28.7597913742065,0,373.255823194981,0,2.83957374095917,0,60.3423412442207,0,0,0,0,0,2.68588411808014,0,0,0,0,0,0,0,0,0,0,0,2.67083990573883,0,3.01031973958015,0,0,0,0,0,0
751.415049463511,0,46.7588426172733,0,0,0,511.607984900475,0,0,0,158.609066665173,0,222.091615438461,0,0,0,80.840045183897,0,36.6508305668831,1.32717442512512,0,0,0,0,0,0,0.797815680503845,0,265.570332914591,0,1.39808091521263,0,3.06273680925369,10.4467473626137,3.15132027864456,9.52761334180832,115.328876495361,9.70172703266144,46.7133063673973,0,12.9162118434906,0,3.30749309062958,0,6.00164175033569,0,7.82754200696945,2.57777523994446,103.286974728107,0,1934.70586639643,0,22.2767135798931,0,57.3842025697231,0,838.944116264582,9.65308809280396,790.432221293449,8.90938696265221,4220.80248650908,0,881.720023721457,0,0,0,71.76083111763,58.18667948246,1.49246275424957,21.8545507788658,88.5516147911549,3.13097149133682,340.865025162697,0,44.2364378869534,0,290.796599268913,6.9877288043499,30.3806247115135,0,616.588368684053,0,75.7700436115265,0,5751.44423034787,0,5.24346652626991,0,864.555036336184,0,0,0,0,0,30.5620477497578,0,17.3576818704605,0,2.37308728694916,0,0,0,0,0,1.44197976589203,0,4.37015616893768,0,0,1.30634248256683,0,0,0,0,0,0
0,993.252302229404,0,140.120033919811,0,0,0,744.858677327633,0,4.85192942619324,0,605.193322211504,0,356.100057065487,0,2.46581900119781,0,243.46541595459,0,85.0491919219494,0,0,0,8.78112423419952,0,0,0,0,0,75.065693706274,1.49630081653595,0,2.56809723377228,7.76571178436279,14.033626973629,5.6844117641449,15.3978576660156,180.92968839407,0,51.1646565198898,0,6.52522510290146,0,1.75669205188751,5.30205404758453,3.68819987773895,1.77156782150269,11.5129107534885,1.82345354557037,445.372432470322,4.31602472066879,1669.10297775269,0,0,0,16.752339810133,1.31927824020386,563.724545657635,11.7687824964523,1901.88605117798,1.36094498634338,4140.91584947705,0.648903787136078,1158.16688430309,0,0,68.4004004597664,301.893363714218,0,9.29707393050194,10.4534027576447,154.295815438032,2.34309315681458,520.858771979809,1.55687749385834,129.817579716444,55.1351572573185,317.088130265474,0,28.2508298754692,0,1207.3053021431,0,45.0711026489735,1.16581046581268,2986.73474568129,0,12.3277803659439,0,400.444576650858,0,0,0,0,0,20.5242395699024,0,0.616102457046509,0,0,0,0,0,0,0,0.768233954906464,0,0,0.557285964488983,8.66135382652283,0,0,0.494643926620483,0,0,0
212.760400533676,48.7987799942493,228.499419122934,16.0183921456337,1.41151532530785,0,20.9349963366985,1.72499263286591,0,0,37.5678533911705,0,27.8073369264603,0,0,0,60.4748701453209,12.2539371848106,586.489981263876,122.420821368694,11.6330126523972,1.64761877059937,656.578210830688,0.588092446327209,1.89697140455246,0,11.8003340661526,0,257.721367806196,7.30497121810913,842.001612842083,4.82784348726273,5918.21693876386,935.190437585115,2439.77253475785,708.184607028961,1050.19393053651,372.762328416109,1041.76217472553,50.316120326519,41.0907562375069,0.62661075592041,2749.2560915947,650.398643612862,3860.17344069481,592.317721962929,1568.83340203762,186.346878707409,1621.08816292882,683.739135861397,432.259181499481,153.979910492897,51.7264684140682,1.28183615207672,232.884393543005,4.57794690132141,720.753910511732,262.202840596437,2103.02327430248,464.722759515047,301.574694871902,52.4021987318993,185.189204007387,32.5841041207314,71.76083111763,68.4004004597664,0,6134.67962375283,1547.07200270891,987.643642365932,450.555393308401,44.5766556560993,636.37532889843,69.7588486075401,118.196646720171,14.7759527564049,1780.72267860174,279.702514588833,34.6972621679306,0,273.606153726578,29.5253950357437,24.2989566624165,0,121.92526897788,12.062994658947,28.6419824063778,0,130.034501105547,1.94230794906616,0,0,0,0,108.737852245569,0,35.8982826471329,0,0.651135385036469,0,0,0,0,0,1.55603587627411,0,7.75375843048096,0,0.808330655097961,8.2107352912426,0,0,0,0,0,0
1.69874441623688,36.1728955507278,1.19903159141541,54.279270529747,0,1.58227849006653,0.889319598674774,25.8864107728004,0,0,0,9.58671787381172,0,4.28933602571487,0,0.354413986206055,0.663084149360657,27.3937447667122,4.77804166078568,334.082690954208,0,14.6681451499462,1.58273014426231,76.3895030915737,0,42.1736910939217,0,7.21448105573654,27.9170991778374,86.7158362269402,2.61315190792084,498.461373031139,217.729972362518,4627.27057796717,543.533133774996,2448.39015373588,607.307398021221,879.244967877865,46.5965141057968,1103.64095881581,6.63920915126801,24.6281508207321,454.017412006855,2630.68216365576,1023.47395810485,2128.21089956164,238.576526105404,1516.64803344011,767.753363579512,1116.71920213103,308.276685655117,543.322771817446,1.57814383506775,1.47600001096725,12.5031941533089,127.244412660599,33.9314000606537,495.646417021751,868.071698516607,2652.79343858361,246.960916399956,295.463157683611,59.7336020469666,171.436569064856,58.18667948246,301.893363714218,6134.67962375283,0,39.344232916832,1205.05117216706,75.9319190979004,70.3084335923195,163.811693310738,630.403762251139,15.9950256347656,249.138893663883,867.23811596632,1177.17634427547,10.4203105568886,57.4622530937195,39.6874425113201,716.543009221554,0,56.3653540015221,27.4994342327118,237.241466909647,0,18.3045491874218,7.75185549259186,155.247838616371,0,0,0,0,0.60638952255249,66.7394908070564,1.39704275131226,2.54472130537033,0,0,0,0,0,1.08847346901894,0,0,0,0.679223299026489,2.57720929384232,30.1145963966846,0,0,0,0,0,0
1741.09422054887,294.724100291729,272.293250113726,189.19961681962,0,0,31.9981938898563,90.8975195586681,0,0,42.5358403921127,10.1782391369343,65.5632556974888,0,0,0,35.7796969711781,14.3927176296711,2648.81410059333,1734.05421808362,0,0,56.454646229744,0.862112760543823,0,0,0,0,197.499567270279,0.969829320907593,47.8376685380936,15.8164529800415,1304.77681267262,966.828990578651,0,1.8919335603714,253.243677288294,2.24167782068253,44.9950026273727,0,0.646607160568237,0,0,0,0,0,5.70609772205353,1.4753098487854,2.2236213684082,0,2.09143936634064,0,0,0,0,0,2217.36949145794,22.7938071489334,340.179405212402,0,5.41803759336472,0,5.98599091172218,1.68308138847351,1.49246275424957,0,1547.07200270891,39.344232916832,0,428.328013747931,1265.24053946137,84.2245023846626,760.280270367861,19.0237472653389,222.311951398849,7.085300385952,2482.34719318151,203.906565666199,0.653528153896332,0.806021630764008,2.4025054872036,0,0.672581136226654,0,0,0,0,0,0,0,0,0,0,0,85.2174409031868,0,26.7722550034523,0,0,0,0,0,0,0,1.0437259376049,0,1.28590595722198,0,4.24401098489761,4.98689147830009,0,0,0,0,0,0
31.7543995678425,1328.12974071503,3.72591006755829,270.438339442015,0,0,0.978744149208069,33.4486371576786,0,0,0,46.0635872781277,0,9.22275933623314,0,0,3.44368088245392,117.63140386343,84.4005954265594,2544.34359177947,0,0,0.986473143100739,16.9196259975433,0,1.25312039256096,0,0,36.3473037481308,44.7205514609814,9.33649605512619,26.8008390665054,388.762924998999,2193.13733172417,24.0815922319889,7.8819717168808,49.257573902607,115.318928420544,0,96.1840870380402,0,0,14.5073581039906,0,3.39970898628235,0,9.35297572612762,5.11857286095619,0,2.08503293991089,5.56462001800537,2.76918858289719,0,0,0,0,127.578811109066,3478.04908871651,208.090467780828,92.5411067008972,78.4423078894615,47.2386990785599,36.7673717439175,141.541630834341,21.8545507788658,9.29707393050194,987.643642365932,1205.05117216706,428.328013747931,0,122.171930342913,603.112064361572,47.0467319488525,642.599836409092,5.81666254997253,274.84808164835,1075.36428946257,2297.70939150453,6.54079288244247,11.8750439286232,28.999646872282,173.15357363224,0,4.70711827278137,1.56442773342133,35.3148602545261,0,0,0,8.4369452893734,0,0,0,0,1.38981091976166,56.195542037487,0,0,0,0,0,0,0,0,0,1.41089671850204,0,0,5.0161959528923,15.3329994976521,0,0,0,0,0,0
2604.7317686379,125.71830791235,2162.05307114124,551.435476362705,748.111919373274,154.070968747139,3590.28291250765,597.374006599188,998.165267914534,124.702877998352,333.236651659012,169.568100571632,2660.53300443292,212.802211582661,1573.14511013031,47.7881101965904,42.1300043463707,72.9325352609158,1564.11755266786,1062.8987981081,611.88242328167,217.163805544376,2707.1848410666,1475.99047082663,824.074626028538,767.238144218922,550.089104741812,412.663520544767,1079.75987455249,26.2996174097061,1246.46136891842,541.650706678629,285.512594163418,386.909322440624,23.5887159407139,6.29492342472076,589.905326873064,31.9603723287582,148.271893829107,10.0008416175842,407.065717577934,22.3162276744843,14.1533904969692,0,9.84992480278015,0,82.2129308879375,2.30691397190094,25.4281488955021,0,48.1677697598934,1.90747326612473,0.511960983276367,0,2.66282820701599,0,1304.84973731637,41.4368877708912,269.001752614975,9.23567539453506,129.744434684515,7.74541932344437,42.2685843110085,4.73980987071991,88.5516147911549,10.4534027576447,450.555393308401,75.9319190979004,1265.24053946137,122.171930342913,0,684.750265300274,6774.36216273904,172.625419676304,3658.50379225612,123.364916622639,9099.59361347556,388.454227030277,10.1908321678638,0,49.754995405674,4.87618958950043,50.7850087881088,1.15910828113556,51.8423010706902,7.35397800803185,29.4906941056252,0,17.1760467588902,0,87.8840644955635,10.9052284955978,21.1496476233006,4.44378727674484,405.098331272602,11.6510404348373,108.060074925423,3.243308365345,27.9296230971813,0,32.4039661586285,1.47987008094788,33.0719883739948,19.8417552411556,71.2264611423016,20.447778403759,57.8889042437077,7.2083121240139,86.2042090296745,26.7822604179382,2.97310853004456,0.4565170109272,3.28936743736267,1.6415598988533,0,7.02820432186127
112.934593588114,2556.03257966042,193.109547317028,2021.49988865852,42.2214298844337,926.029524922371,241.454961776733,2583.56186184287,18.3023645877838,1106.77921310067,10.1639789938927,891.423398643732,63.1926938295364,1436.07842054963,23.5069271922112,1257.70319458842,1.77686285972595,507.355933129787,424.965119630098,1839.38120543957,5.19746088981628,548.948456764221,600.323274314404,2121.92548969388,72.7369608283043,823.454288184643,52.3194659948349,862.245471566916,22.0539470911026,246.107360571623,178.525199532509,357.186676800251,65.5223382115364,296.812293112278,1.35625469684601,4.47045931220055,23.3535598516464,436.492798805237,8.29652899503708,133.049940079451,20.8282271623611,221.767747759819,1.00828659534454,12.4158986210823,0,1.86177188158035,2.48337614536285,25.2308571636677,0,7.34878575801849,0.632918417453766,35.680900156498,0,0,0,8.48826456069946,21.7935335040092,578.275473624468,23.7551199197769,67.8263930678368,7.5466160774231,123.029173642397,0,184.306646108627,3.13097149133682,154.295815438032,44.5766556560993,70.3084335923195,84.2245023846626,603.112064361572,684.750265300274,0,101.659774959087,3866.47042691708,47.3731535375118,4010.89318066835,229.212507873774,10791.7109369338,0,5.64931082725525,4.82655644416809,67.792259901762,2.81020534038544,13.9134839773178,1.26351130008698,133.28740555048,0.666121423244476,13.7965252995491,2.44541621208191,38.2526487708092,37.453006207943,63.1509340405464,10.5237321257591,47.4543763995171,35.5057960450649,149.232552707195,23.4852668046951,8.75822782516479,3.29305058717728,20.5342280268669,7.99306958913803,5.27352857589722,5.10366100072861,118.13485071063,29.2375070154667,75.2654845714569,18.4770730733871,25.2332578897476,91.1130665540695,55.6302675902843,16.9976426362991,7.5934322476387,10.2825959920883,4.20794919133186,4.06795585155487,4.67641758918762
2275.53912001848,11.372051179409,1690.14935153723,56.8502692580223,729.06668022275,0.944382548332214,1194.50335392356,39.7518393397331,759.60354039073,5.73742485046387,176.403982877731,9.58731114864349,1249.13957294822,10.8456179499626,2345.31105434895,1.31121587753296,101.091721713543,2.81477844715118,909.968694776297,163.874972999096,117.237779438496,7.84242951869965,1181.57925403118,130.641333758831,338.684450984001,36.314731657505,136.203747838736,16.7852194905281,2025.21147462726,1.66388356685638,53.7606284618378,68.3775904774666,55.1494740247726,69.7430511713028,20.9209698140621,24.8774758577347,725.573594391346,18.4881381392479,173.526589125395,2.18881714344025,548.7229565382,9.32926297187805,595.120871841908,8.56713715195656,235.726239979267,0,501.290627837181,5.04493427276611,526.670645087957,1.48506379127502,901.909503251314,0,126.470044374466,0,81.3447942733765,0,2105.18031099439,26.7527455687523,1055.92156538367,8.59836310148239,429.902061849833,0,47.260057926178,6.43876469135284,340.865025162697,2.34309315681458,636.37532889843,163.811693310738,760.280270367861,47.0467319488525,6774.36216273904,101.659774959087,0,11.8753073215485,5068.09248837829,44.6877976953983,4549.28110340238,78.091691583395,17.2161463201046,0,236.263745993376,0,139.612377762794,0,370.448217868805,0,91.7024666666985,0,123.484524786472,0,76.4819302558899,29.9464628696442,47.2498368918896,7.91539230942726,289.859702050686,17.9006184637547,56.2521454691887,4.36317777633667,35.8679826557636,5.35414433479309,52.6418834030628,5.53648549318314,73.2599140107632,42.2431714236736,73.6055288314819,20.810450643301,40.8428954184055,10.8809132575989,50.4577970206738,36.4589152634144,7.33047106862068,0,4.43835324048996,2.72530597448349,0.971617996692657,6.71185076236725
22.9059463739395,2861.55935254693,33.9160690903664,1680.36789822578,1.34100019931793,1075.39473205805,39.5164952874184,1122.14975970984,0.916123390197754,862.147963136435,3.63136202096939,909.478384226561,8.89591729640961,1692.92599368095,1.48918527364731,3452.4625223577,0,2294.62394052744,120.048735231161,965.270296871662,0,83.005985558033,107.087758719921,1156.07761472464,2.0368338227272,252.850275486708,0,546.619452595711,3.95517361164093,3329.19417876005,40.2463580071926,69.3745326697826,34.8549063205719,108.382556945086,11.6727592945099,15.3899533748627,19.4517444968224,392.268395990133,0,65.5540616810322,0,1010.71217155457,82.0088319778442,621.625181049109,24.5512026548386,295.068772733212,2.49882614612579,604.895757675171,2.4847184419632,600.257709592581,3.6234347820282,606.448970705271,0,48.4380277395248,0,141.827283233404,4.24111515283585,2575.02012905478,5.641068816185,966.997322767973,9.60707426071167,498.814863681793,0,830.307581007481,0,520.858771979809,69.7588486075401,630.403762251139,19.0237472653389,642.599836409092,172.625419676304,3866.47042691708,11.8753073215485,0,4.31493347883224,1506.11578953266,164.796666204929,1342.7869027555,1.52860701084137,336.712547272444,0,1423.81266629696,0,694.740807145834,0,788.245897620916,0,183.366072952747,0,276.274709403515,6.78177696466446,13.1199750900269,4.29132568836212,9.54890659451485,4.49412274360657,23.0074968636036,3.51469826698303,2.97076046466827,1.1190197467804,13.0223186016083,4.71205908060074,1.26693844795227,2.93703073263168,13.4554486870766,0.535503506660461,9.27056249976158,2.64757984876633,4.3182769715786,10.2940628230572,13.4527037143707,5.99650400876999,0.607351720333099,1.62091481685638,0,0,0.839005589485168
552.885255396366,0,417.729772150517,2.91262245178223,10.9433884620667,0,205.13807117939,2.882288813591,42.4739362597466,0,29.8893886804581,3.24205124378204,132.537672847509,1.06296515464783,190.420803964138,0,9.69462704658508,0,430.299134463072,60.5397654175758,5.31560850143433,7.15054535865784,178.078304737806,6.90342015028,19.5585312247276,2.49057221412659,19.1783064007759,7.92391282320023,89.5373544096947,0,11.7297974824905,10.244896531105,15.8379609882832,14.7508796453476,3.12308943271637,3.47670376300812,1046.65942060947,28.2672533988953,200.870876818895,11.7522847652435,302.462425559759,3.62826347351074,43.2743869125843,1.07501745223999,27.3242106735706,0,22.1764824986458,1.77379655838013,62.8830766379833,0,101.019175946712,0,6.55287835001945,0,3.4581333398819,0,468.490197509527,0,190.315317034721,1.39549434185028,50.7354141175747,0,2.71012306213379,1.28192985057831,44.2364378869534,1.55687749385834,118.196646720171,15.9950256347656,222.311951398849,5.81666254997253,3658.50379225612,47.3731535375118,5068.09248837829,4.31493347883224,0,40.545516461134,1841.51729616523,72.9390482902527,1.16914355754852,0,7.35872596502304,0,5.93953031301498,0,13.049514144659,0,9.18281915783882,0,14.7827416360378,0,215.807821899652,274.381500005722,127.141765832901,105.34096083045,541.164847403765,83.4874430298805,139.855166465044,29.1574940979481,55.1191306710243,53.5188268125057,106.803008168936,38.5876357555389,151.002951949835,189.614609539509,153.170816093683,82.4172773063183,82.7404319345951,31.4958675801754,107.598722100258,38.3613931238651,34.3858696222305,2.41044962406158,11.6119608879089,4.52532082796097,4.2674523293972,15.7406963407993
5.4907201230526,960.66888654232,14.5463664531708,581.249294698238,0,38.9768303334713,14.4022649526596,335.610211968422,0,97.1098040640354,0,119.634252667427,1.6685448884964,224.801984250546,0,246.20411631465,0,158.15223544836,49.0191351771355,444.168170064688,1.27182471752167,1.96398192644119,30.5098675489426,405.302211791277,0.693559765815735,22.7266126275063,1.51741325855255,15.9786801934242,1.65693008899689,42.8245853185654,17.1375120282173,29.0149146914482,18.6657497286797,49.389496088028,6.30508244037628,8.73590415716171,19.1405024528503,281.450611621141,13.3358439803123,65.3035226166248,10.0767050981522,227.469138145447,8.93589526414871,124.612283229828,5.77421209216118,93.0963799655437,1.91429340839386,85.7214865386486,0,240.100490063429,6.37667727470398,163.017380028963,0,9.30397284030914,0,9.42714822292328,1.36434531211853,637.012306272984,2.19383215904236,267.286304116249,0,117.242234140635,0,66.0612933635712,0,129.817579716444,14.7759527564049,249.138893663883,7.085300385952,274.84808164835,123.364916622639,4010.89318066835,44.6877976953983,1506.11578953266,40.545516461134,0,85.4869734942913,1096.9831173718,0,3.71769261360168,0,64.6168308854103,0,6.20714840292931,0,101.985051214695,0,6.80195748806,0,18.0944665670395,99.1781082451344,122.10976728797,47.7665107548237,63.8578330278397,50.2366635799408,126.515180110931,37.4366716444492,15.6878378093243,22.9130155742168,23.1512112319469,39.3355306982994,6.37556102871895,55.3790104687214,119.748093873262,15.8253306150436,61.778371989727,12.9276103675365,17.8404112160206,46.6326684653759,43.8227372169495,29.8685974478722,1.08784618973732,3.48705685138702,0.974052339792252,5.95988205075264,3.3316356241703
3296.81455203891,464.856901288033,2045.85628721118,156.388919770718,40.4782856106758,1.01700186729431,1418.23387742043,157.078907877207,170.022543668747,0,178.22292637825,45.799286454916,801.991070747375,9.34750726819038,500.745174437761,0,52.5279797315598,63.5590999126434,2437.44649139047,1013.78983554244,2.88640964031219,2.09050214290619,996.291478335857,23.3077476024628,24.5298561155796,0,9.08996570110321,3.44189029932022,661.847472846508,9.87029379606247,48.8083779215813,25.5521978437901,238.382537692785,401.562542945147,84.3613139390945,57.3035439252853,5131.69008812308,220.179967463017,397.172705322504,38.1383014917374,381.867453604937,4.24716347455978,690.79843506217,119.85391587019,287.391505122185,111.722438573837,612.547126412392,46.8722786903381,668.040248036385,144.000398159027,973.142390578985,45.2738273143768,118.811355769634,0,110.680483490229,4.53033405542374,3124.35832807422,374.859875559807,1715.52108380198,198.63820913434,530.027306199074,80.2020905315876,42.0389882326126,75.7608515620232,290.796599268913,55.1351572573185,1780.72267860174,867.23811596632,2482.34719318151,1075.36428946257,9099.59361347556,229.212507873774,4549.28110340238,164.796666204929,1841.51729616523,85.4869734942913,0,782.488909542561,18.1492920517921,6.08706945180893,161.629795730114,119.678517043591,34.0523139238358,0,174.582096725702,32.4206649959087,136.301407784224,0,247.31584995985,9.36726820468903,326.42347329855,229.318030536175,292.152698338032,91.2239360511303,1156.85205477476,84.2861931622028,662.990370541811,22.6997019648552,103.496078401804,28.5865206420422,276.73624676466,19.0689377188683,314.684704184532,227.080898940563,481.045235574245,108.824496090412,195.905128270388,39.1926213204861,341.785627961159,693.7485049963,58.118864685297,2.22689440846443,30.7266342043877,26.8328437209129,9.54876220226288,45.9989777505398
114.784125179052,4902.30825567245,47.0047763586044,2845.20169270039,0,29.1685096621513,41.1450508236885,1880.96021038294,0,129.761755555868,6.0772265791893,453.674496293068,3.78166675567627,729.474755257368,0,325.4435287714,2.14579725265503,454.804252713919,351.047290474176,3557.69726324081,0,23.3654062151909,88.5971900820732,1200.80765837431,0,14.3960277140141,7.28756433725357,7.73392015695572,25.1103109121323,105.79030418396,60.6235380172729,97.1851113438606,109.728259563446,355.663847744465,43.5614274740219,61.667997777462,142.241537243128,4335.39348816872,59.3365235924721,261.372886031866,3.90987312793732,227.269255757332,88.3906646966934,810.411143809557,46.7750311493874,295.409783363342,28.2284206748009,702.163384020329,19.8131249547005,545.532233536243,17.8418129086494,360.320723742247,0,25.3282540440559,1.79974633455276,138.635673165321,46.3866908550262,2649.50715634227,72.4585199356079,940.683590859175,40.7636367082596,400.866022706032,29.8037616014481,257.961704999208,6.9877288043499,317.088130265474,279.702514588833,1177.17634427547,203.906565666199,2297.70939150453,388.454227030277,10791.7109369338,78.091691583395,1342.7869027555,72.9390482902527,1096.9831173718,782.488909542561,0,0.832652747631073,18.6634202599525,33.0321673154831,207.389784812927,0.580000638961792,65.975038588047,7.42078346014023,222.485887795687,1.17258882522583,142.910085588694,2.18682277202606,174.887453585863,132.775362789631,319.990737169981,71.6073602437973,288.049686253071,141.5142544806,341.578120440245,100.311515390873,46.5294242501259,28.5013159811497,44.1786678135395,76.7979619801044,51.6455234885216,118.45777669549,511.128243774176,94.9340214729309,311.33924087882,55.3182226419449,51.1315079927444,487.404364526272,1017.7738070488,103.685933530331,17.8299114108086,39.2840474545956,22.6725171208382,24.9424014091492,35.5639254152775
9.78482896089554,1.54582917690277,3.78617089986801,0,0,0,2.80291801691055,0,0,0,11.2313651442528,0,5.21821844577789,0,0,0,121.995555043221,0,1.54840576648712,0,0,0,0,0,0,0,0,0,294.190292179585,0,0,0,1.37763106822968,1.93214392662048,0,0,2.28527057170868,0,0,0,0,0,0,0,0.626203835010529,0,0,0,6.76860788464546,0,32.9501785635948,0,0,0,0.961279213428497,0,28.2928465902805,0.509053528308868,78.9602941274643,2.72648906707764,80.101597070694,0,32.5825654566288,0,30.3806247115135,0,34.6972621679306,10.4203105568886,0.653528153896332,6.54079288244247,10.1908321678638,0,17.2161463201046,1.52860701084137,1.16914355754852,0,18.1492920517921,0.832652747631073,0,0,760.471167355776,0,13.3820386528969,0,27.5967522263527,0,0,0,4.83345028758049,0,0,0,0,0,0,0,0,0,2.80166554450989,0,0,0,0,0,0,0,0,0,0,0,0,0,0,0,0,0
0,16.5427818000317,0,1.75212448835373,0,0,0,5.52141940593719,0,0,0,9.63026458024979,0,4.12572360038757,0,2.13190978765488,0,471.588171958923,2.03412747383118,3.08949458599091,0,0,0,1.01974630355835,0,0,0,0,2.11262202262878,343.540089845657,0,0,0,1.65531712770462,0,0.935717701911926,0.736099064350128,0.707179605960846,0,1.55725193023682,0,0,0,0,0,1.31495547294617,0,1.01988625526428,0,3.05040997266769,0,8.16745787858963,0,0,0,0,0,116.119994342327,1.49710476398468,114.142271459103,0,52.5372215509415,0,141.305745333433,0,28.2508298754692,0,57.4622530937195,0.806021630764008,11.8750439286232,0,5.64931082725525,0,336.712547272444,0,3.71769261360168,6.08706945180893,18.6634202599525,0,0,0,960.446241617203,0,16.8790056705475,0,16.003338932991,0,0,0,1.03134369850159,0,0,0,0,0,0,0,0,0,0,0,0,0,0,0,0,0,0,0,0,0,0,0,0,0,0
121.25314244628,0,7.52379903197289,0,8.95303970575333,0,10.1068159341812,0,2.98713713884354,0,301.711619645357,0,251.582977056503,0,8.20113223791122,0,889.562640070915,0,2.11999091506004,0,0,0,0.537241876125336,0,1.85883057117462,0,1.83701199293137,0,1058.9794614315,0,0.483669966459274,0,8.49180871248245,22.1856305003166,6.68450531363487,6.4145445227623,68.6399263143539,1.64056032896042,5.15163731575012,0,4.17944204807281,0,180.707681566477,1.27152109146118,115.896481513977,0,90.3971809148788,0,349.405970335007,0,742.409026145935,0,44.5166012346745,0,39.7679268717766,0,92.4580403864384,6.5061217546463,484.975535809994,6.50837373733521,471.776545852423,0,1934.62294644117,0,616.588368684053,0,273.606153726578,39.6874425113201,2.4025054872036,28.999646872282,49.754995405674,4.82655644416809,236.263745993376,0,7.35872596502304,0,161.629795730114,33.0321673154831,760.471167355776,0,0,0,1420.23042911291,0,4919.35116758943,0,74.8448879122734,0,223.892661601305,0,2.30945920944214,0,0,0,6.33814615011215,0,2.97781026363373,0,0.642485380172729,0,0,0,0,0,0,0,1.75992071628571,0,0,0,0,0,0,0,0,0
0,33.3173602819443,0,19.5543435811996,0,0.629223167896271,0,42.7462908625603,0,0.842627048492432,0,73.0593259334564,0,54.2653849720955,0,20.2743571996689,0,936.676075190306,0,20.935465991497,0,0,0,0.726209938526154,0,0,0,0,0,658.334150612354,0,1.34303534030914,2.85175359249115,20.947999060154,9.87062945961952,11.8054879903793,8.11020666360855,91.7748594284058,0,19.4355018734932,0,35.4602197110653,16.8363841474056,99.5301723182201,3.11194920539856,93.2747044563293,0,53.5823856294155,0,325.377671480179,2.23549389839172,711.237408459187,0,3.70103979110718,0,16.3780598640442,1.23309946060181,264.972872883081,4.22689568996429,862.360676586628,1.44686460494995,302.153360426426,1.60405111312866,2244.89902946353,0,1207.3053021431,29.5253950357437,716.543009221554,0,173.15357363224,4.87618958950043,67.792259901762,0,1423.81266629696,0,64.6168308854103,119.678517043591,207.389784812927,0,960.446241617203,0,0,0,1646.90640717745,0,5025.04162764549,0,98.7715434730053,0,393.401873379946,0,0,0,0,0,6.99622249603271,0,2.11166906356812,0,0,0,0,0,0,0,0.509792685508728,0,0,0,2.40311586856842,0,0,0,0,0,0
6.93717986345291,0,3.30410438776016,0,153.314749807119,0,3.3331635594368,0,30.8992803990841,0,34.9608147144318,0,9.02915418148041,0,131.738267362118,1.11234796047211,30.1352195739746,0,6.78391206264496,0,5.20450586080551,6.40220928192139,2.65605717897415,0,19.2139399945736,0,31.8703022897243,5.05978453159332,1376.34443849325,0,3.6034397482872,0,1.13239204883575,0,0,0,260.386636316776,0,68.319430410862,0,441.481371045113,0,52.7005236148834,0,15.1857724189758,0,88.2746120691299,0,47.9229285120964,0,198.109940379858,0,12.4546709954739,0,84.9545750617981,0,17.2885241210461,0,16.0205800533295,0,34.8073425590992,0,38.757923156023,0,75.7700436115265,0,24.2989566624165,0,0.672581136226654,0,50.7850087881088,2.81020534038544,139.612377762794,0,5.93953031301498,0,34.0523139238358,0.580000638961792,13.3820386528969,0,1420.23042911291,0,0,0,1196.85041001439,0,983.045826762915,0,201.054855257273,0,0,0,0,0,0,0,1.31121420860291,0,0.639853596687317,0,0,0,0,0,0,0,0,0,0,0,0,0,0,0,0,0
0,0,0,0,0,159.158416688442,0,0,0,19.1940652132034,0,1.07665026187897,0,0,0,131.721606254578,0,3.0921339392662,0,0,0,72.6864653229713,0,0,0,15.6723584532738,0,90.9603676795959,0,522.840310633183,0,1.04295420646667,0,0,0.609328329563141,2.98218071460724,0,473.170241892338,0,164.484037280083,0,1927.56945583224,23.7927138209343,142.2331854105,0.801755905151367,18.1038035750389,0,156.352424114943,0,72.3474054932594,0,167.018877059221,0,0.948358654975891,0,89.9868386983871,0,1.61727249622345,0,34.0374606251717,0,7.7878565788269,0,28.7597913742065,0,45.0711026489735,0,56.3653540015221,0,4.70711827278137,1.15910828113556,13.9134839773178,0,694.740807145834,0,6.20714840292931,0,65.975038588047,0,16.8790056705475,0,1646.90640717745,0,0,0,1007.19010558724,0,988.305461913347,0,233.602236956358,0,0,0,0,0,2.54801207780838,0,0,0,0,0,0,0,0,0,0,0,0,0,0,0,0,0,0,0,0
1100.2088482976,0,32.824271440506,0,17.6694583892822,0,313.671552866697,0,3.18028730154037,0,636.614213228226,0,689.425896674395,0,14.5143772363663,0,315.096267580986,0,23.4939438402653,0,0,0.730914950370789,0,0,2.3738095164299,0,1.43488079309464,0,631.807819664478,0,0,0,2.77297094464302,9.14598667621613,5.93515372276306,4.7308601140976,207.813305526972,3.6515406370163,40.8422739505768,0,39.6634151041508,0,386.446708738804,3.48122209310532,223.745874553919,0,359.765155762434,0,632.925757944584,3.84325325489044,5252.45303654671,1.48575901985168,533.54926854372,0,381.773369461298,0,332.945360720158,0,178.842555642128,0,838.662579417229,0,1404.95498847961,0,5751.44423034787,1.16581046581268,121.92526897788,27.4994342327118,0,1.56442773342133,51.8423010706902,1.26351130008698,370.448217868805,0,13.049514144659,0,174.582096725702,7.42078346014023,27.5967522263527,0,4919.35116758943,0,1196.85041001439,0,0,0,541.799494177103,0,5374.52423912287,0,1.11646461486816,0,0,0,7.19560152292252,0,10.3544473052025,0,6.96870121359825,0,0,0,0,0,0,0,0,0,0,1.10989314317703,0,0,0,0,0,0
0,196.734718054533,0,45.7126452326775,0,11.1503872871399,0,217.938794702291,0,0.61925345659256,0,302.30445972085,0,135.210174679756,0,23.6781132221222,0,127.468979597092,1.378866314888,38.0559519827366,0,0,0,2.02116715908051,0,0,0,2.56196308135986,0,130.653490722179,0,2.66090500354767,3.17524921894073,5.29746055603027,0.800823569297791,8.5927118062973,2.34019559621811,364.319096446037,0,74.6866206228733,0,157.684241086245,49.6064800024033,476.755980104208,12.7738943696022,196.917536258698,3.24228245019913,368.782683193684,0,859.426186710596,0,6708.93734514713,0,293.643861174583,0,597.784033298492,0,95.8890127241611,0,196.460844963789,0,312.410367012024,0,373.255823194981,0,2986.73474568129,12.062994658947,237.241466909647,0,35.3148602545261,7.35397800803185,133.28740555048,0,788.245897620916,0,101.985051214695,32.4206649959087,222.485887795687,0,16.003338932991,0,5025.04162764549,0,1007.19010558724,0,0,0,1390.59497672319,0,6520.89988055825,0,0,0,0,0,3.48593604564667,0,2.50135815143585,0,0,0,0,0,0,0,0,0,0,0,2.33178162574768,0,0,0,0,0,0
0,0,0.517699241638184,0,177.54600700736,0,0,0,15.5927827358246,0,0,0,1.59561944007874,0,75.7678488790989,0,0,0,0,0,5.38002163171768,3.06934916973114,2.75576800107956,0,19.5783493220806,1.4904853105545,31.4502595663071,1.91479414701462,596.547984451056,0,4.6718682050705,0,0,0,0.605997383594513,1.03911137580872,1434.53630885482,0,464.494970649481,0,1230.99420967698,0,12.4689518809319,0,4.70015206933022,0,153.807342767715,1.3471896648407,0.638587355613708,0,8.8724819123745,0,4.83052986860275,0,756.969469219446,0,0,0,0,0,0,0,5.30390331149101,0,5.24346652626991,0,28.6419824063778,0,0,0,29.4906941056252,0.666121423244476,91.7024666666985,0,9.18281915783882,0,136.301407784224,1.17258882522583,0,0,74.8448879122734,0,983.045826762915,0,541.799494177103,0,0,0,681.523011952639,0,1.71692502498627,0,0,0,3.19613265991211,0,2.83332473039627,0,0.43361708521843,0,0,0,0,0,0,0,1.32316672801971,0,0,0,0,0,0,0,0,0
0,0,0,0,0,16.6815285682678,0,0,0,3.70936298370361,0,0,0,0,0,24.0689491629601,0,0,0,0,0,2.12380111217499,0,0,0,0.43092480301857,0,8.02640306949615,0,20.2797528505325,0,0,0,0.651247680187225,0,0,0,1360.28433519602,0,238.08270406723,0,1248.09081789851,3.44514566659927,61.8879823684692,0.587816476821899,6.79382112622261,0,106.162637531757,0,13.3423371613026,0,35.3725071847439,0,0,0,495.325557738543,0,0.746426999568939,0,0,0,1.20792877674103,0,2.83957374095917,0,12.3277803659439,0,18.3045491874218,0,0,0,13.7965252995491,0,183.366072952747,0,6.80195748806,0,142.910085588694,0,0,0,98.7715434730053,0,988.305461913347,0,1390.59497672319,0,0,0,2117.81289061904,0,0,0,0,0,0,0,0,0,0,0,0,0,0,0,0,0,0,0,1.97318375110626,0,0,0,0,0,0
563.769311696291,0,0,0,26.7093906998634,0,74.3615671396255,0,3.30167382955551,0,210.43671759963,0,197.335018634796,0,28.9205927848816,0,69.6556762754917,0,1.41333413124084,0,0.508577287197113,0,0.996088922023773,0,6.8874951004982,0.536886155605316,12.2457177639008,0,245.811040490866,0,0,0.73578417301178,0,0,6.6624995470047,2.54428088665009,1084.13765078783,1.19462549686432,398.03865018487,0,170.057946771383,0,543.071690022945,0,136.751770675182,0,1311.74807745218,0,513.010111540556,0,1779.0003605485,0,578.461300164461,0,2091.51356235147,0,129.90738466382,0,56.9261109530926,0,241.192192405462,0,248.698872864246,0,864.555036336184,0,130.034501105547,7.75185549259186,0,0,17.1760467588902,2.44541621208191,123.484524786472,0,14.7827416360378,0,247.31584995985,2.18682277202606,4.83345028758049,0,223.892661601305,0,201.054855257273,0,5374.52423912287,0,681.523011952639,0,0,0,1.04595935344696,0,0,0,8.19319960474968,0,5.00295829772949,0,13.1110509037971,0,0,0,0,0,0,0,0,0,0,0,0,0,0,0,0,0
0,66.9110089540482,0,1.47859597206116,0,8.57125303149223,0,53.1939710974693,0,3.18310886621475,0,43.7898318171501,0,4.09034556150436,0,13.1397553682327,0,9.43255513906479,0,0,1.22653222084045,0,0,0,0,0,0,0,0,23.3031010627747,0,0,0,3.3668939769268,3.14379245042801,3.30516493320465,0,1064.62948235869,0,394.601937711239,0,161.048403352499,58.4201361238956,434.34096929431,5.6955845952034,179.70536378026,2.2169015109539,597.087104737759,0,800.452369302511,0,2743.8039855659,0,820.636845231056,0,1919.97199264169,0,26.8070954680443,0,126.725694060326,0,105.135868281126,0,60.3423412442207,0,400.444576650858,1.94230794906616,155.247838616371,0,8.4369452893734,0,38.2526487708092,0,276.274709403515,0,18.0944665670395,9.36726820468903,174.887453585863,0,1.03134369850159,0,393.401873379946,0,233.602236956358,0,6520.89988055825,0,2117.81289061904,0,0,0,0,0,0,0,2.0751981139183,0,0.507764279842377,0,5.99763745069504,0,0,0,0,0,0,0,0,0,1.41548120975494,0,0,0,0,0,0
0,0,0,0,0,0,0,0,0,0,0,0,0,0,0,0,0,0,0,0,0,0,0,0,0,0,0,0,5.95971524715424,0,0,0,0,0,0,0,223.245494902134,61.1375012397766,187.350499749184,54.7679336667061,1.34018892049789,0,14.1919795274734,0,0.580314338207245,0,47.0765860676765,1.4003164768219,2.77896279096603,0,9.806112408638,0,4.48700696229935,0,13.095992743969,0,1.9200758934021,0,0,0,0,0,0,0,0,0,0,0,0,0,87.8840644955635,37.453006207943,76.4819302558899,6.78177696466446,215.807821899652,99.1781082451344,326.42347329855,132.775362789631,0,0,2.30945920944214,0,0,0,1.11646461486816,0,1.71692502498627,0,1.04595935344696,0,0,653.390768408775,3204.07438236475,155.15238147974,417.489346474409,371.381421238184,2505.67240250111,107.523527145386,2591.23625832796,165.863102883101,752.460127711296,78.4964172542095,291.776501327753,604.214007228613,259.833528697491,145.127885907888,304.109265327454,69.2024102807045,66.9090994000435,20.4563413858414,164.449059665203,50.0613417327404,99.9341206252575,29.0185740590096,14.7832509279251,25.3787864148617
0,0,0,0,0,0,0,0,0,0,0,0,0,0,0,0,0,0,0,0,0,0,0,0,0,0,0,0,1.98198020458221,0,0,0,0,0,0,0,217.913194894791,131.921224176884,177.687091827393,117.136180102825,2.23874625563622,0.69645482301712,0,0,0,0,0,9.90633270144463,0,0,0,0,0,0,0,0,0,0,0,0,0,0,0,0,0,0,0,0,0,0,10.9052284955978,63.1509340405464,29.9464628696442,13.1199750900269,274.381500005722,122.10976728797,229.318030536175,319.990737169981,0,0,0,0,0,0,0,0,0,0,0,0,653.390768408775,0,118.242427408695,3215.46868094802,103.955233663321,1142.33083289862,460.302350193262,766.575005978346,267.705668896437,2325.31145620346,124.386484146118,275.097783595324,298.42990219593,556.934435397387,83.1960059404373,371.88022211194,181.495574742556,221.429287075996,95.8237443864346,103.815918236971,513.031157404184,111.843347191811,184.747072219849,4.36661016941071,44.1719773411751,19.5809929072857
0,0,0,0,0,0,0,0,0,0,0,0,0,0,0,0,0,0,0,0,0,0,0,0,0,0,0,0,1.85705780982971,0,0,0,0,0,0,0,103.86959862709,33.7954123020172,109.720457464457,24.7176424264908,3.60331702232361,0,0,0,0,0,0.510606706142426,0,0,0,0,0,0,0,0,0,0.731591939926147,0,0,0,0,0,0,0,0,0,0,0,0,0,21.1496476233006,10.5237321257591,47.2498368918896,4.29132568836212,127.141765832901,47.7665107548237,292.152698338032,71.6073602437973,0,0,0,0,0,0,0,0,0,0,0,0,3204.07438236475,118.242427408695,0,43.5621854066849,539.308668941259,142.653164416552,1071.60333636403,45.2862738966942,314.13962289691,43.1367614269257,1848.48416155577,15.746179997921,674.624548375607,196.681793630123,483.180076360703,84.6418861746788,240.810630053282,34.083784788847,80.0806956589222,64.4431039094925,156.746678769588,34.7548699676991,132.456371665001,70.834202259779,26.8130878508091,20.7859210968018
0,0,0,0,0,0,0,0,0,0,0,0,0,0,0,0,0,0,0,0,0,0,0,0,0,0,0,0,0,0,0,0,0,0,0,0,49.0543754696846,64.543013215065,64.0567300319672,31.5771995186806,2.42239332199097,1.32761660218239,0,0,0,0,0.822206437587738,1.88839656114578,0,0,0,0,0,0,0,0,0,0,0,0,0,0,0,0,0,0,0,0,0,0,4.44378727674484,47.4543763995171,7.91539230942726,9.54890659451485,105.34096083045,63.8578330278397,91.2239360511303,288.049686253071,0,0,0,0,0,0,0,0,0,0,0,0,155.15238147974,3215.46868094802,43.5621854066849,0,58.8219822049141,345.973593384027,151.930413395166,183.527989208698,84.5235314369202,123.080338358879,45.4249096810818,490.76649749279,143.030769258738,1025.48826366663,38.3423241972923,496.065107822418,106.791734904051,137.806064814329,150.146883040667,151.755977571011,404.932376176119,42.7693890929222,139.152111709118,24.0352157354355,140.014242738485,44.5052891373634
121.95742380619,0,54.2453269660473,3.28363656997681,1.18085104227066,0,27.7283750772476,3.80280375480652,4.52354362607002,0,2.69331032037735,0,6.65274533629417,0,10.555124104023,0,1.24257051944733,0,39.1984836161137,3.53801095485687,0,0.626192331314087,19.5130369663239,0.85064035654068,0,0,0,1.87970143556595,37.7119804024696,0,0,0,9.28410071134567,2.11541080474854,2.49716076254845,2.62349170446396,242.180517107248,25.0829319953918,74.0151796042919,5.81455540657043,21.5092814862728,1.07393860816956,13.6477664411068,0,6.45246237516403,0,15.1042508780956,0.701416790485382,35.8353019654751,0,63.4632541239262,0,1.80027014017105,0,1.15385687351227,0,263.933939039707,0,159.50187972188,0,39.8502485454082,0,1.16856348514557,0,30.5620477497578,0,108.737852245569,0.60638952255249,85.2174409031868,1.38981091976166,405.098331272602,35.5057960450649,289.859702050686,4.49412274360657,541.164847403765,50.2366635799408,1156.85205477476,141.5142544806,0,0,6.33814615011215,0,0,0,7.19560152292252,0,3.19613265991211,0,8.19319960474968,0,417.489346474409,103.955233663321,539.308668941259,58.8219822049141,0,108.410332471132,1119.83784326911,24.8746936321259,212.366372704506,33.9116919636726,544.95999610424,25.4988352656364,555.297342479229,212.913650691509,599.499672830105,168.048712939024,186.274161696434,49.0901014506817,236.309778928757,499.98944401741,300.536937743425,15.152271926403,74.39871519804,62.8650052249432,20.3287317156792,81.5564444065094
2.86900675296783,119.960233479738,0,25.9494994580746,0,0.781766593456268,0,11.2186290323734,0,0.976475596427917,0,4.77886486053467,0,4.83142572641373,0,1.72522157430649,0,2.11132055521011,0,52.3305668532848,1.74893182516098,3.05489349365234,0,8.40312650799751,0,0,0.742344439029694,1.40021026134491,0,0.595660984516144,0,2.60790610313416,0,6.77580714225769,0.54922080039978,1.49674916267395,70.5187200605869,236.016678184271,54.0193181633949,69.5006633996964,0,1.62113669514656,0,12.0063889622688,0,7.14589887857437,0.736533403396606,14.047503978014,0,26.552644431591,1.1363924741745,28.2454332113266,0,0,0,1.14514005184174,5.26093566417694,110.620740562677,0.582091867923737,49.4736721813679,0,7.99518969655037,0,2.68588411808014,0,20.5242395699024,0,66.7394908070564,0,56.195542037487,11.6510404348373,149.232552707195,17.9006184637547,23.0074968636036,83.4874430298805,126.515180110931,84.2861931622028,341.578120440245,0,0,0,6.99622249603271,0,2.54801207780838,0,3.48593604564667,0,0,0,2.0751981139183,371.381421238184,1142.33083289862,142.653164416552,345.973593384027,108.410332471132,0,193.831587970257,839.280724704266,116.643582135439,463.215612322092,104.689262628555,32.1405746042728,169.425154238939,394.606106102467,78.4915794432163,236.642629444599,61.7462164759636,52.361252874136,80.5410839617252,310.82483252883,506.954298734665,33.0936301350594,54.3067331016064,8.32168954610825,21.6915772855282,4.66359651088715
22.0808113217354,0,5.36248761415482,0,0.664933502674103,0,2.28305339813232,0,0.65161806344986,0,0,0,0,2.20232129096985,0.890336155891418,0,0,0,2.33602923154831,1.15853750705719,0,0,0,0,0,0,0,2.84165108203888,15.1094076931477,0,0,0,0,5.06908166408539,0.932258546352386,0,218.587749123573,34.2604384124279,102.957935631275,25.6493062376976,5.58109050989151,0.653285384178162,11.7780728340149,0,12.4752329289913,0,40.2647064626217,1.27100291848183,20.2538307011127,0,53.8633752465248,0,2.10003870725632,0,0.600432395935059,0,68.2183899283409,1.65408599376678,70.8158676922321,0,26.4591046571732,0,0,0,17.3576818704605,0,35.8982826471329,1.39704275131226,26.7722550034523,0,108.060074925423,23.4852668046951,56.2521454691887,3.51469826698303,139.855166465044,37.4366716444492,662.990370541811,100.311515390873,0,0,2.97781026363373,0,1.31121420860291,0,10.3544473052025,0,2.83332473039627,0,5.00295829772949,0,2505.67240250111,460.302350193262,1071.60333636403,151.930413395166,1119.83784326911,193.831587970257,0,76.5554630160332,2943.78470891714,102.637245476246,508.333825498819,47.7480349242687,601.663824260235,363.390373289585,638.120042741299,115.255385041237,208.857790052891,53.7696716189384,76.5530080795288,234.035989195108,742.503866106272,44.4419285058975,99.5190951824188,65.5847102105618,24.1653476953506,34.6322347521782
0,0,0,0,0,0,0,0,0,0,0,0,0,0,0,0,0,0,0,0,0,0,0,0,0,0,0,0,0,0,0,0,0,0,0,0,16.9136564731598,21.8328256011009,23.8827344179153,15.8227978348732,0,0,0,10.2037297487259,0,4.01067489385605,0,23.253766566515,0,3.27435106039047,0,1.91524130105972,0,0,0,0,0,0,0,0,0,0,0,0,0,0.616102457046509,0,2.54472130537033,0,0,3.243308365345,8.75822782516479,4.36317777633667,2.97076046466827,29.1574940979481,15.6878378093243,22.6997019648552,46.5294242501259,0,0,0,2.11166906356812,0,0,0,2.50135815143585,0,0,0,0.507764279842377,107.523527145386,766.575005978346,45.2862738966942,183.527989208698,24.8746936321259,839.280724704266,76.5554630160332,0,57.2781171798706,2161.91878399253,44.5365290343761,11.9878717958927,52.6795193254948,106.500569015741,24.186080545187,94.7691002190113,30.1895139217377,144.579387158155,17.4658202528954,47.9246283471584,1022.62932580709,88.3411077857018,85.7391066551208,0.817642629146576,6.23752593994141,1.18215933442116
0.677387714385986,0,0,0,0,0,0,0,0,0,0,0,0,0,0,0,0,0,0,0,0,0,0,0,0,0,0,0,3.36950141191483,0,0,0,0,0,0,0,80.3999010622501,10.3661908507347,57.8556551635265,8.3171854019165,1.0865992307663,0,70.0627232193947,0,4.82260310649872,0,280.842887818813,0,2.59693741798401,0,15.3901017308235,0,5.95362025499344,0,20.5539965033531,0,7.97879695892334,0,0,0,0,0,0,0,2.37308728694916,0,0.651135385036469,0,0,0,27.9296230971813,3.29305058717728,35.8679826557636,1.1190197467804,55.1191306710243,22.9130155742168,103.496078401804,28.5013159811497,2.80166554450989,0,0.642485380172729,0,0.639853596687317,0,6.96870121359825,0,0.43361708521843,0,13.1110509037971,0,2591.23625832796,267.705668896437,314.13962289691,84.5235314369202,212.366372704506,116.643582135439,2943.78470891714,57.2781171798706,0,84.1878327131271,119.306797355413,33.2109323740005,57.1526199579239,250.869105607271,113.106419891119,64.586724460125,65.0526125729084,25.9539231657982,18.7939694523811,17.3619725108147,215.333858668804,126.295081436634,50.3644098639488,139.768160104752,5.42536193132401,14.4749916791916
0,0,0,0,0,0,0,0,0,0,0,0,0,0,0,0,0,0,0,0,0,0,0,0,0,0,0,0,1.41691625118256,2.01507329940796,0,0,0,1.86580002307892,0,0,33.093356013298,35.3710503578186,27.8149965405464,25.3739035129547,0,0.903152227401733,52.9058784246445,20.4384105801582,0,3.96884644031525,0,391.703852713108,0,1.46044653654099,0,1.42348408699036,0,3.06243360042572,0,45.7918085455894,0,0,0,0,0,0,0,0,0,0,0,0,0,0,0,20.5342280268669,5.35414433479309,13.0223186016083,53.5188268125057,23.1512112319469,28.5865206420422,44.1786678135395,0,0,0,0,0,0,0,0,0,0,0,5.99763745069504,165.863102883101,2325.31145620346,43.1367614269257,123.080338358879,33.9116919636726,463.215612322092,102.637245476246,2161.91878399253,84.1878327131271,0,34.8138739168644,36.2383984327316,77.6277601420879,87.5735782682896,23.3491312265396,58.9604725539684,45.2940946817398,207.44969022274,6.80844557285309,8.17151308059692,385.995802730322,337.893800139427,178.854698032141,1.24780344963074,0.92856377363205,2.42926681041718
1.87241792678833,0,0,0,0,0,0,0,0,0,0,0,0,0,0,0,0,0,0,0,0,0,0,0,0,0,0,0,1.8654688000679,0,0,0,0,0,0,0,91.2063135802746,29.3437020480633,93.1043584942818,19.0546679496765,4.85270595550537,0,0,0,0,0,0,0.920624822378159,0,0,1.10227417945862,0,0,0,0,0,0,0,0,0,0,0,0,0,0,0,0,0,0,0,32.4039661586285,7.99306958913803,52.6418834030628,4.71205908060074,106.803008168936,39.3355306982994,276.73624676466,76.7979619801044,0,0,0,0,0,0,0,0,0,0,0,0,752.460127711296,124.386484146118,1848.48416155577,45.4249096810818,544.95999610424,104.689262628555,508.333825498819,44.5365290343761,119.306797355413,34.8138739168644,0,13.6827101111412,1199.53724324703,253.131799221039,502.602918565273,77.6154581308365,273.269000679255,41.3019798994064,59.4868862628937,35.4194367229939,91.0294137299061,10.5734896361828,20.0886976718903,34.174504160881,18.9610435664654,6.61642363667488
0,0,0,0,0,0,0,0,0,0,0,0,0,0,0,0,0,0,0,0,0,0,0,0,0,0,0,0,0,0,0,0,0,0,0,0,25.4161049425602,20.2944716215134,18.9361507892609,8.26527136564255,0,0,0,0,0,0,0.735290169715881,0,0,0,0,0,0,0,0,0,0,0,0,0,0,0,0,0,0,0,0,0,0,0,1.47987008094788,5.27352857589722,5.53648549318314,1.26693844795227,38.5876357555389,6.37556102871895,19.0689377188683,51.6455234885216,0,0,0,0,0,0,0,0,0,0,0,0,78.4964172542095,275.097783595324,15.746179997921,490.76649749279,25.4988352656364,32.1405746042728,47.7480349242687,11.9878717958927,33.2109323740005,36.2383984327316,13.6827101111412,0,65.0490101277828,1182.04429987073,14.8710401058197,158.026259243488,33.288901925087,59.3726653158665,17.1076216101646,16.6408797502518,28.9350564479828,1.63594222068787,15.7917172312737,7.39596885442734,34.0956613719463,3.24072599411011
0,0,0,0,0,0,0,0,0,0,0,0,0,0,0,0,0,0,0,0,0,1.90274620056152,0,0,0,0,0,0,2.04048433899879,0,0,0,0,0,0,0,190.261710733175,42.2950411438942,233.400513291359,22.968273460865,5.86794075369835,0,0,0,0,0,0.935132622718811,2.03153043985367,0,0,0.824362337589264,0,0,0,0,0,0,0,0,0,0,0,0,0,0,0,0,0,0,0,33.0719883739948,5.10366100072861,73.2599140107632,2.93703073263168,151.002951949835,55.3790104687214,314.684704184532,118.45777669549,0,0,0,0,0,0,0,0,0,0,0,0,291.776501327753,298.42990219593,674.624548375607,143.030769258738,555.297342479229,169.425154238939,601.663824260235,52.6795193254948,57.1526199579239,77.6277601420879,1199.53724324703,65.0490101277828,0,715.241374522448,3937.4633486867,139.454250961542,587.190597593784,139.037266999483,117.897696316242,89.867468804121,211.890638589859,33.1144207119942,73.5342899560928,456.963571578264,398.590602874756,75.3660811185837
0,1.26468753814697,0,0,0,0,0,0,0,0,0,0,0,0,0,0,0,0,0,0,0,0,0,0,0,0,0,0,0,2.07734966278076,0,0,0,1.27690494060516,0,0,179.930542618036,100.987590819597,131.248623430729,64.3605986833572,3.50635257363319,6.30745843052864,0,0,0,0,0.649102091789246,2.1443352997303,0,0,0,0,0,0,0,0.396233230829239,0,0,0,0,0,0,0,0,0,0,0,1.08847346901894,0,0,19.8417552411556,118.13485071063,42.2431714236736,13.4554486870766,189.614609539509,119.748093873262,227.080898940563,511.128243774176,0,0,0,0,0,0,0,0,0,0,0,0,604.214007228613,556.934435397387,196.681793630123,1025.48826366663,212.913650691509,394.606106102467,363.390373289585,106.500569015741,250.869105607271,87.5735782682896,253.131799221039,1182.04429987073,715.241374522448,0,198.351788371801,4771.62889790535,322.624616235495,345.83234629035,176.048945903778,192.640281409025,385.426943331957,33.056152254343,157.272536247969,413.792904227972,303.565020859241,54.8707600235939
7.38402181863785,0,1.0415313243866,1.79660058021545,0,0,0,0,0,0,0,0,0,0,0,0,0,1.14390015602112,2.84127062559128,0.798193156719208,0,0,0,0,0,0,0,0.625671982765198,3.04402983188629,0.593809902667999,0,0,0,0,0,0,66.8189353644848,13.5366105139256,51.7744794487953,5.93598872423172,12.6814371347427,0.780491054058075,0,0,0,0,1.05960261821747,1.11791491508484,0,0,2.53145408630371,0,0,0,0,0,12.6999068856239,0,2.42592257261276,0,0.796883881092072,0,0,0,1.44197976589203,0,1.55603587627411,0,1.0437259376049,0,71.2264611423016,29.2375070154667,73.6055288314819,0.535503506660461,153.170816093683,15.8253306150436,481.045235574245,94.9340214729309,0,0,0,0,0,0,0,0,0,0,0,0,259.833528697491,83.1960059404373,483.180076360703,38.3423241972923,599.499672830105,78.4915794432163,638.120042741299,24.186080545187,113.106419891119,23.3491312265396,502.602918565273,14.8710401058197,3937.4633486867,198.351788371801,0,292.072571396828,411.844070732594,31.540688931942,197.283617585897,77.9694523513317,216.023821800947,17.8516970872879,32.4267804920673,55.3731167018414,444.146721690893,114.36159491539
0.560877323150635,3.20312708616257,1.35131978988647,1.97175025939941,0,0,0,3.16674643754959,0,0,0,0.616391122341156,0,0,0,0,0,0,0,0,0,0,0,0,0,0,0,0,2.10703301429749,5.16959553956985,0,0,0,2.55080062150955,0,0.501504957675934,46.1844602227211,37.685081243515,28.0531530380249,15.6415985524654,2.24651291966438,4.44336396455765,0,0,0,0,0,0,0,0,0.709171175956726,0.507219135761261,0,0,0,0,0,3.64521479606628,0,0,0,0.325908333063126,0,0,0,0.768233954906464,0,0,0,1.41089671850204,20.447778403759,75.2654845714569,20.810450643301,9.27056249976158,82.4172773063183,61.778371989727,108.824496090412,311.33924087882,0,0,0,0.509792685508728,0,0,0,0,0,0,0,0,145.127885907888,371.88022211194,84.6418861746788,496.065107822418,168.048712939024,236.642629444599,115.255385041237,94.7691002190113,64.586724460125,58.9604725539684,77.6154581308365,158.026259243488,139.454250961542,4771.62889790535,292.072571396828,0,130.570854574442,232.011957168579,301.010641366243,119.062517046928,420.911813348532,40.9780956506729,63.4163102209568,82.7367219924927,410.234468460083,146.900371104479
1.84357231855392,0,1.34673207998276,0,0,0,0,0,0,0,0,0,0,0,0,0,0,0,0,0,0,0.729764401912689,0,0,0,0,0,0,1.67158219218254,0,0,0,0,3.93897926807404,1.05046486854553,0,70.0243701338768,9.99965167045593,49.8819137513638,4.93181246519089,4.92880612611771,2.02439481019974,0,0,0,0,0,0,1.74766045808792,0,6.66922247409821,0,0,0,1.10903185606003,0,20.9293811321259,1.4466917514801,13.4097273945808,0,5.91679692268372,0,0,0,4.37015616893768,0,7.75375843048096,0,1.28590595722198,0,57.8889042437077,18.4770730733871,40.8428954184055,2.64757984876633,82.7404319345951,12.9276103675365,195.905128270388,55.3182226419449,0,0,1.75992071628571,0,0,0,0,0,1.32316672801971,0,0,0,304.109265327454,181.495574742556,240.810630053282,106.791734904051,186.274161696434,61.7462164759636,208.857790052891,30.1895139217377,65.0526125729084,45.2940946817398,273.269000679255,33.288901925087,587.190597593784,322.624616235495,411.844070732594,130.570854574442,0,58.7825856208801,46.0158585011959,17.2622493505478,69.6126997172832,10.7839210033417,17.555622190237,7.74105983972549,11.5729860961437,29.1269496977329
0,1.303786277771,0,0,0,0,0,0,0,0,0,0,0,0,0,0,0,0,0,1.01261025667191,0,0,0,0,0,0,0,1.1867344379425,3.26468729972839,1.05005919933319,0,0,0,1.22716128826141,0,0.509444415569305,10.4708579480648,25.2676256895065,11.5982388556004,8.76108184456825,1.44924715161324,0,0,1.0773606300354,0,0,0,0.820237576961517,0,0,0,0.704081475734711,0,0,0,0,0,1.02049055695534,0,0,0,0,0,2.67083990573883,0,0,0,0.679223299026489,0,0,7.2083121240139,25.2332578897476,10.8809132575989,4.3182769715786,31.4958675801754,17.8404112160206,39.1926213204861,51.1315079927444,0,0,0,0,0,0,0,0,0,0,0,0,69.2024102807045,221.429287075996,34.083784788847,137.806064814329,49.0901014506817,52.361252874136,53.7696716189384,144.579387158155,25.9539231657982,207.44969022274,41.3019798994064,59.3726653158665,139.037266999483,345.83234629035,31.540688931942,232.011957168579,58.7825856208801,0,18.1594460010529,15.0397092103958,87.4099984169006,8.7144900560379,6.68529319763184,11.9641526341438,13.6266819238663,12.3747166991234
21.2924491465092,33.465002655983,8.35616010427475,20.0813866853714,0,0.969240128993988,10.6309704184532,9.55007344484329,1.70028999447823,2.90503561496735,0,1.38109111785889,2.51381313800812,2.5998837351799,0.648980796337128,1.75412654876709,0,1.22287011146545,11.3478919863701,31.0348871052265,0,0,2.28225213289261,4.85494488477707,0,0,0.896333575248718,0,2.63085776567459,0,0.681410670280457,0,0,2.42412894964218,0,0,13.907566934824,12.450783342123,14.0257861316204,3.23021072149277,11.0614248216152,1.5879647731781,0,0.741693377494812,0,0.939729750156403,1.24016284942627,0.535624921321869,0,0,1.1234313249588,0,0,0,0,0,13.2598824203014,12.782581359148,0,0.694000959396362,0,0.708465158939362,0,0,0,0.557285964488983,0.808330655097961,2.57720929384232,4.24401098489761,5.0161959528923,86.2042090296745,91.1130665540695,50.4577970206738,10.2940628230572,107.598722100258,46.6326684653759,341.785627961159,487.404364526272,0,0,0,0,0,0,0,0,0,0,0,0,66.9090994000435,95.8237443864346,80.0806956589222,150.146883040667,236.309778928757,80.5410839617252,76.5530080795288,17.4658202528954,18.7939694523811,6.80844557285309,59.4868862628937,17.1076216101646,117.897696316242,176.048945903778,197.283617585897,301.010641366243,46.0158585011959,18.1594460010529,0,224.314102321863,339.647528409958,39.7781297564507,163.462638229132,229.813972324133,47.0232479274273,237.339850246906
5.46901509165764,30.2080900371075,3.93540006875992,14.8293856978416,0,0,2.8887522816658,5.35584378242493,0,0,0,0.898455917835236,3.0047225356102,1.87192595005035,2.18680238723755,2.67334085702896,0,2.90984058380127,1.80567705631256,19.9948306083679,0,2.86402142047882,1.44628798961639,6.13408070802689,0,0,0,1.25949645042419,4.82744646072388,0.759967386722565,0,0.89145565032959,1.81509077548981,4.0079437494278,2.01673555374146,0.658838272094727,45.5388705134392,87.7563396394253,6.13420948386192,2.11171209812164,4.30392953753471,5.46739387512207,0.947371900081635,11.9534563720226,2.02206206321716,12.207425236702,24.7917295694351,16.5393443107605,10.2426810562611,16.303019464016,11.3355275988579,9.31191539764404,0,0,1.54464364051819,1.44562351703644,13.2318459451199,44.4137277901173,15.8040468096733,31.1993326842785,4.32754862308502,7.25135093927383,0,3.01031973958015,1.30634248256683,8.66135382652283,8.2107352912426,30.1145963966846,4.98689147830009,15.3329994976521,26.7822604179382,55.6302675902843,36.4589152634144,13.4527037143707,38.3613931238651,43.8227372169495,693.7485049963,1017.7738070488,0,0,0,2.40311586856842,0,0,1.10989314317703,2.33178162574768,0,1.97318375110626,0,1.41548120975494,20.4563413858414,103.815918236971,64.4431039094925,151.755977571011,499.98944401741,310.82483252883,234.035989195108,47.9246283471584,17.3619725108147,8.17151308059692,35.4194367229939,16.6408797502518,89.867468804121,192.640281409025,77.9694523513317,119.062517046928,17.2622493505478,15.0397092103958,224.314102321863,0,881.323732823133,52.0324498414993,150.733785510063,176.365463495255,50.1809253096581,116.202573269606
0,1.43905782699585,0,0,0,0,0,0,0,0,0,0,0,1.73217403888702,0,0,0,0,0,0,0,0,0,0,0,0,0,0,0,0,0,0,0,0,0,0,36.7111027240753,24.8231403231621,21.6552165150642,17.622743666172,0,1.36412012577057,0,4.89657759666443,0.637634754180908,0.760552525520325,0.490033835172653,0.768435597419739,0,0,0,0,0,0,0,0,0,1.60997766256332,0,0.754182279109955,0,0,0,0,0,0,0,0,0,0,2.97310853004456,16.9976426362991,7.33047106862068,5.99650400876999,34.3858696222305,29.8685974478722,58.118864685297,103.685933530331,0,0,0,0,0,0,0,0,0,0,0,0,164.449059665203,513.031157404184,156.746678769588,404.932376176119,300.536937743425,506.954298734665,742.503866106272,1022.62932580709,215.333858668804,385.995802730322,91.0294137299061,28.9350564479828,211.890638589859,385.426943331957,216.023821800947,420.911813348532,69.6126997172832,87.4099984169006,339.647528409958,881.323732823133,0,382.84889253974,406.263816356659,228.346798479557,137.911264657974,279.014041900635
0,0,0,0,0,0,0,0,0,0,0,0,0,0,0,0,0,0,0,0,0,0,0,0,0,0,0,0,0,0,0,0,0,0,0,0,2.9346821308136,4.8088056743145,4.64558148384094,3.39883106946945,0,0,0,0,0,0,0,0,0,0,0,0,0,0,0,0,0,0,0,0,0,0,0,0,0,0,0,0,0,0,0.4565170109272,7.5934322476387,0,0.607351720333099,2.41044962406158,1.08784618973732,2.22689440846443,17.8299114108086,0,0,0,0,0,0,0,0,0,0,0,0,50.0613417327404,111.843347191811,34.7548699676991,42.7693890929222,15.152271926403,33.0936301350594,44.4419285058975,88.3411077857018,126.295081436634,337.893800139427,10.5734896361828,1.63594222068787,33.1144207119942,33.056152254343,17.8516970872879,40.9780956506729,10.7839210033417,8.7144900560379,39.7781297564507,52.0324498414993,382.84889253974,0,180.452526926994,127.335863471031,64.3897864818573,72.7490921616554
0,0,0,0,0,0,0,0,0,0,0,0,0,0,0,0,0,0,0,0,0,0,0,0,0,0,0.689006626605988,0,0,0,0,0,0,0,0,0,0.85644268989563,5.22252660989761,1.74295419454575,2.82210147380829,0,0,0,0,0,0,0.789921522140503,0,0,0,0,0,0,0,0,0,0,0,0,0,0,0,0,0,0,0.494643926620483,0,0,0,0,3.28936743736267,10.2825959920883,4.43835324048996,1.62091481685638,11.6119608879089,3.48705685138702,30.7266342043877,39.2840474545956,0,0,0,0,0,0,0,0,0,0,0,0,99.9341206252575,184.747072219849,132.456371665001,139.152111709118,74.39871519804,54.3067331016064,99.5190951824188,85.7391066551208,50.3644098639488,178.854698032141,20.0886976718903,15.7917172312737,73.5342899560928,157.272536247969,32.4267804920673,63.4163102209568,17.555622190237,6.68529319763184,163.462638229132,150.733785510063,406.263816356659,180.452526926994,0,189.15781712532,76.1319675445557,219.812006652355
0,0.877813041210175,0,0.636152327060699,0,0,0,0,0,0,0,0,0,0,0,0,0,0,0,0,0,0,0,0,0,0,0,0,0,0,0,0,0,0,0,0,4.87064945697784,0,0,0,0,0,0,0,0,0,0,0,0,0,0,0,0,0,0,0,0,0,0,0,0.504219353199005,0,0,0,0,0,0,0,0,0,1.6415598988533,4.20794919133186,2.72530597448349,0,4.52532082796097,0.974052339792252,26.8328437209129,22.6725171208382,0,0,0,0,0,0,0,0,0,0,0,0,29.0185740590096,4.36661016941071,70.834202259779,24.0352157354355,62.8650052249432,8.32168954610825,65.5847102105618,0.817642629146576,139.768160104752,1.24780344963074,34.174504160881,7.39596885442734,456.963571578264,413.792904227972,55.3731167018414,82.7367219924927,7.74105983972549,11.9641526341438,229.813972324133,176.365463495255,228.346798479557,127.335863471031,189.15781712532,0,438.785696268082,498.257575154305
0,0,0,0.664439678192139,0,0,0,0,0,0,0,0,0,0,0,0,0,0,0,0,0,0,0,0,0,0,0,0,0,0,0,0,0,0,0,0,2.80500483512878,5.38881626725197,3.77199694514275,0.915905177593231,0,0,0,0,0,0,0,0,0,0,0,0,0,0,0,0,0,2.36583340167999,0,0,0,0,0,0,0,0,0,0,0,0,0,4.06795585155487,0.971617996692657,0,4.2674523293972,5.95988205075264,9.54876220226288,24.9424014091492,0,0,0,0,0,0,0,0,0,0,0,0,14.7832509279251,44.1719773411751,26.8130878508091,140.014242738485,20.3287317156792,21.6915772855282,24.1653476953506,6.23752593994141,5.42536193132401,0.92856377363205,18.9610435664654,34.0956613719463,398.590602874756,303.565020859241,444.146721690893,410.234468460083,11.5729860961437,13.6266819238663,47.0232479274273,50.1809253096581,137.911264657974,64.3897864818573,76.1319675445557,438.785696268082,0,51.5289916694164
0.849017679691315,0,0,0.773689925670624,0,0,0,0.78497838973999,0,0,0,0,0,0,0,0,0,0,0,1.83195573091507,0,0,0,0,0,0,0,0,0,0,0,0,0,0,0,0,3.97476670145988,1.18682485818863,2.32728880643845,0.999506056308746,1.74482852220535,0.525160014629364,0,0,0,0,0,0.492870360612869,0,0,0,0,0,0,0,0,0.52642834186554,0,0,0,0,0,0,0,0,0,0,0,0,0,7.02820432186127,4.67641758918762,6.71185076236725,0.839005589485168,15.7406963407993,3.3316356241703,45.9989777505398,35.5639254152775,0,0,0,0,0,0,0,0,0,0,0,0,25.3787864148617,19.5809929072857,20.7859210968018,44.5052891373634,81.5564444065094,4.66359651088715,34.6322347521782,1.18215933442116,14.4749916791916,2.42926681041718,6.61642363667488,3.24072599411011,75.3660811185837,54.8707600235939,114.36159491539,146.900371104479,29.1269496977329,12.3747166991234,237.339850246906,116.202573269606,279.014041900635,72.7490921616554,219.812006652355,498.257575154305,51.5289916694164,0
