0,268.162382006645,3106.86546882987,232.123097389936,0,0,5538.02962175012,169.106925576925,2.94097924232483,0,1999.63208112121,13.1292533278465,1432.52137514949,7.32424837350845,15.8046677708626,0,378.036046922207,2.38486593961716,1847.01217746735,1013.78140380979,0,0,38.8254092633724,12.5636078715324,0,0,0,0,640.117256820202,2.65977513790131,78.6106825470924,22.0855357646942,106.139654546976,287.290522485971,24.1190667748451,0.637910127639771,326.980988264084,1.91483253240585,116.819626659155,0,2.35644865036011,0,3.3903765976429,0,0,0,11.657713085413,0,0.685287654399872,0,111.272115588188,0,3.12531524896622,0,17.9802726507187,0,10885.4868820012,14.1078320145607,81.4824607372284,0.430948197841644,904.980901122093,0,185.726874232292,0.480947107076645,197.286106675863,0,66.8620898425579,5.98968082666397,846.603640645742,62.0487459897995,801.914282917976,148.739063620567,1844.26611456275,48.1981397867203,639.579340875149,7.28910386562347,2725.64323544502,129.988161206245,2.86516636610031,0,15.3748241066933,0,8.30418503284454,0,161.569707751274,0,0,0,96.0688417553902,0,0,0,0,0,125.002319127321,5.17794930934906,33.4552667737007,0,2.17360758781433,0,0,0,0.546801388263702,0,22.8214871883392,3.46022069454193,23.2804080843925,0,16.4995239973068,6.86117500066757,0,0,0,0,0,7.32690650224686
268.162382006645,0,180.18073964119,3168.54282841086,0,0,63.1131600439548,5150.19023737311,0,1.87901595234871,6.03258988261223,2332.10693439841,1.30794256925583,525.7103972435,0,6.22911292314529,2.52502301335335,780.617185801268,591.276755779982,1607.74795985222,0,0,0,33.0835593640804,0,0,0.504101395606995,0,14.2307224273682,154.131887853146,7.50356638431549,3.24382883310318,176.996438503265,201.250980347395,2.82752388715744,0,1.78518235683441,175.459590017796,0,112.630701065063,0,2.86630135774612,0,0,0,0,0,56.8274296522141,0,0,0,0.5602667927742,0,0,0,0,39.2011938393116,11193.6933081746,5.77308320999146,95.8790917098522,5.34702277183533,151.072319626808,0,173.260083854198,0,130.014754891396,43.3225661814213,42.0515902638435,117.498756498098,690.590015381575,72.6765819489956,1188.94703051448,95.7536845207214,2042.26630985737,16.4892907440662,699.145520269871,154.28593441844,3790.89472025633,1.11458551883698,12.4688016474247,0,15.7153862714767,0,0.966139733791351,0,21.1454254388809,0,1.01615941524506,0,24.5988534390926,0,0,0,0,2.03041934967041,382.375626862049,0,5.4941543340683,0,0,0,0,0,0,0,13.1814309954643,0,1.0605343580246,27.7643618583679,13.7466836571693,0,0,0,0.452724605798721,1.24579215049744,6.4519659280777
3106.86546882987,180.18073964119,0,657.665139108896,475.490881830454,128.86522218585,10269.2494052947,704.438056200743,653.631248235703,91.1174633800983,652.915204823017,69.7046140134335,1620.12705770135,151.517731904984,770.823560982943,50.7748223543167,161.236132502556,5.51252371072769,2694.21278518438,735.724202990532,10.3060628473759,3.40018185973167,2974.19797226787,2109.97094541788,128.779500812292,162.512140184641,37.4640301764011,12.5173645615578,1000.18535536528,12.0160358250141,389.633272051811,731.939013749361,195.968662440777,361.700451791286,29.0292485952377,0.571322917938232,118.822591364384,0,51.7927955985069,0,5.87645900249481,0,7.40840911865234,0,0.557242274284363,0,5.26269209384918,0,2.70158287882805,0,18.3795513808727,0,0,0,0,0,442.350162774324,5.84509783983231,126.820583224297,0,66.9536899626255,0,64.7432415485382,0,34.8594725131989,0,169.424520939589,1.5277227461338,247.08086925745,11.1258517503738,1279.12942555547,363.634884178638,3320.50048932433,204.386077791452,729.499548703432,31.1791092157364,2792.55992335081,133.997560560703,2.33023351430893,0,16.0923218131065,0,20.322295665741,0,2.31065309047699,0,0,0,0,0,0,0,0,0,107.605825185776,0,6.50739234685898,0,0,0,0,0,0,0,7.54188168048859,0,1.79192513227463,0,28.0560083985329,4.85286283493042,0,0,0,0,0,1.60655152797699
232.123097389936,3168.54282841086,657.665139108896,0,59.9987991154194,648.807156741619,540.651718646288,10646.3594418764,62.458726555109,351.919302254915,26.2775994241238,966.483978122473,129.802266299725,1490.264880687,25.0961273014545,371.862192958593,5.99812111258507,363.923478215933,510.50133138895,2485.16604340076,2.73883092403412,5.05394995212555,613.449320316315,3488.84552416205,62.0429378151894,83.5282016396523,5.86631420254707,22.0042677521706,51.0026662349701,213.537830859423,139.354023635387,200.05100646615,116.53811788559,190.521112054586,1.36822748184204,4.94578024744987,0,55.5673515200615,0,18.540199637413,0,5.46873396635056,0,0,0,0,0,26.9711142778397,0,0,0,0,0,0,0,0,22.8265217244625,420.918790400028,0,34.8670807480812,0,13.1921728849411,0,24.0296472012997,0,8.98076415061951,2.07756316661835,68.7284621596336,13.8537144362926,225.850647866726,156.122820794582,1366.20873233676,202.72768715024,2493.07067808509,43.9415843188763,722.517649501562,121.732523292303,2968.12594348192,0,0,0,4.1074053645134,0,1.09519219398499,0,5.76390767097473,0,0,0,0.695069432258606,0,0,0,0,0,127.163053870201,0,0,0,0,0,0,0,0,0.921966016292572,14.1383377313614,0,2.00660711526871,44.4893213510513,11.9555307626724,0,0,0,0,2.17339128255844,6.77333354949951
0,0,475.490881830454,59.9987991154194,0,84.9801005423069,119.899285703897,13.3632115721703,1948.14994934201,44.0305421054363,0.474414885044098,0,11.7841038703918,1.46335482597351,2379.23191094398,32.1934042572975,0,0,0,0,382.011932015419,40.388313472271,76.152366310358,280.382096856833,225.883557856083,414.543993681669,1379.80078735948,169.541569024324,431.405729234219,1.06733018159866,130.093303918839,193.287305504084,13.0744031071663,10.8721584379673,0,0,10.2506359219551,3.67850065231323,2.992311835289,0,8.02707815170288,0,0,0,0,0,0.76670891046524,0,0,0,0,0,0,0,0,0,0,0,0,0,0,0,0,0,0,0,0,0,0,0,756.829831629992,88.6593975424767,1025.2758218646,7.98019024729729,59.7231397628784,0,51.5499653816223,1.06718778610229,0,0,0,0,1.32340812683105,0,0.711459875106812,0,0.783739924430847,0,1.15742695331573,0,0,0,0,0,1.52022105455399,0,0,0,0,0,0,0,0,0,0.800579786300659,0,0,0,1.20820754766464,0,0,0,0,0,0,0
0,0,128.86522218585,648.807156741619,84.9801005423069,0,11.4894115924835,676.28588950634,29.5005002319813,909.13644194603,0,2.91153413057327,0,24.9644699692726,15.1985620856285,2136.24539679289,0,0,0,1.4997518658638,12.7874959409237,258.779839724302,113.169456750154,117.206968128681,95.8793263435364,334.159885913134,43.7259057760239,1756.93879032135,0.788958847522736,348.513162910938,41.7484949231148,70.5890476405621,0.992120027542114,7.65671807527542,0,0,0,6.76407831907272,0,0,0,74.0718830525875,0,0,0,0,0,0.503974497318268,0,0,0,0,0,0,0,1.79307115077972,0,0,0,0,0,0,0,0,0,0,0,0,0,0,66.2376002967358,622.614629566669,9.51583263278008,940.920420914888,0,104.192191272974,1.92207062244415,104.117164373398,0,0,0,0.743828356266022,0,26.6156680583954,0,1.11181145906448,0,4.00236281752586,0,3.54133176803589,0,0,0,0,0,0,0,0,0,0,0,0,0,0,0,0,0,0,0,0,0,0,0,0,0,0
5538.02962175012,63.1131600439548,10269.2494052947,540.651718646288,119.899285703897,11.4894115924835,0,909.581139326096,1279.03529301286,10.3332652449608,821.88439053297,156.092211872339,5892.29792582989,181.591949164867,815.048387020826,5.19869357347488,45.3301023840904,22.1096523404121,938.578042924404,1153.17677161098,0.584675967693329,1.48190557956696,767.706784278154,1121.40325018764,0,3.71408557891846,0,0,609.71932938695,17.0799413323402,175.342740893364,233.31402027607,114.641931533813,320.092724770308,19.5434845089912,1.30665123462677,47.5535154640675,0.725518524646759,20.8379168212414,0,0,0,2.44219079613686,0,0,0,0.849441289901733,0,2.76670455932617,0,154.209938019514,0,2.39098918437958,0,0.888458728790283,0,650.228467553854,3.62277990579605,55.8173280954361,0,287.470556080341,0,72.8805222511292,0,212.784917354584,0,37.4177094995975,0.585213840007782,25.3771679401398,1.12317752838135,1115.66439989209,369.450995624065,1455.62274542451,207.561753481627,305.266023904085,48.7123531699181,1229.90288433433,157.291115552187,0,0,15.1175799369812,0,6.66088235378265,0,50.0457528829575,0,0,0,12.1266136169434,0,0,0,0,0,31.055198520422,0,2.60317343473434,0,0,0,0,0,0,0,0,0,0,0,8.9963486790657,1.28139650821686,0,0,0,0,0,0.999482691287994
169.106925576925,5150.19023737311,704.438056200743,10646.3594418764,13.3632115721703,676.28588950634,909.581139326096,0,26.1271591186523,1338.69251662493,41.0648657679558,2120.97886916995,305.331498801708,6872.36681029201,35.3301658630371,507.806436061859,2.69365999102592,216.214177846909,469.650959432125,717.833238571882,0,0.41509148478508,729.492699891329,1628.98193886876,11.6756900548935,16.884501606226,0.940204977989197,7.2114625275135,91.6369723379612,207.316058814526,121.385166674852,175.392331421375,97.5455451011658,167.074557572603,0.646188497543335,7.83648133277893,0,27.2335066199303,0,1.14424693584442,0,2.51646330952644,0,0,0,0,0,12.1498510241508,0,1.49194645881653,0,3.33156108856201,0,0,0,0,9.44443872570992,1021.61327341199,0,76.5986974239349,0,84.8204821646214,0,43.7586309611797,0,114.843306481838,0.457071423530579,28.6276165246964,0,63.2717280387878,226.034129291773,1955.52176034451,259.174215823412,1705.84740865231,64.465034365654,488.679283320904,178.430953353643,1919.52321362495,0,4.86979138851166,0,9.56808286905289,2.53094208240509,0,0,23.0936579108238,0,0,0,9.37453651428223,0,0,0,0,2.79861915111542,71.3130886852741,0,0,0,0,0,0,0,0,0,2.86580383777618,0,0,48.9133557975292,2.92231351137161,0,0,0,0,0.72220367193222,8.45473402738571
2.94097924232483,0,653.631248235703,62.458726555109,1948.14994934201,29.5005002319813,1279.03529301286,26.1271591186523,0,16.7153904139996,0.858739256858826,0,315.677187055349,5.22518664598465,2726.54340311885,12.4613707959652,0,0,2.04418677091599,0,126.491709470749,1.23182320594788,55.1525331437588,149.632520437241,22.4868083894253,78.2999090254307,181.497882217169,13.9053324460983,162.363415896893,0,24.9643845558167,58.8530348539352,3.05492472648621,3.26348578929901,0,0,2.79243743419647,0,2.22470158338547,0,1.1903960108757,0,0,0,0,0,0,0,0,0,0,0,0,0,0,0,0,0,0,0,0,0,0,0,0,0,0,0,0,0,549.323457807302,42.1466166377068,900.706586122513,5.54365822672844,79.732522726059,0.543712735176086,120.477087438107,0,0,0,0,0,0,0,0,0,0,0,1.09416675567627,0,0,0,0,0,0.933033466339111,0,0,0,0,0,0,0,0,0,0,0,0,0,2.61128249764442,0,0,0,0,0,0,0
0,1.87901595234871,91.1174633800983,351.919302254915,44.0305421054363,909.13644194603,10.3332652449608,1338.69251662493,16.7153904139996,0,0,23.5772347450256,0,473.295023828745,10.2757439911366,3348.71690192819,0,4.51544559001923,0,4.83475440740585,0,29.9767471253872,86.9324522912502,156.735847979784,45.9912245869637,114.987719982862,5.74674877524376,238.961414754391,0,332.474653333426,24.3163195550442,36.276603937149,0,3.72533330321312,0,0,0,7.28888761997223,0,0,0,41.245359390974,0,0,0,0,0,1.74240863323212,0,0,0,0,0,0,0,0,0,1.70810151100159,0,0,0,0,0,0,0,0,0,0,0,0,21.5742718577385,605.032313972712,4.46210432052612,1185.7648537755,0,169.557331949472,5.03730195760727,228.76360553503,0,0,0,1.269859790802,0,3.93547022342682,0,0,0,0.599600255489349,0,1.53832840919495,0,0,0,0,0,7.65657389163971,0,0,0,0,0,0,0,0,0,0,0,0,4.95130488276482,0,0,0,0,0,0,0
1999.63208112121,6.03258988261223,652.915204823017,26.2775994241238,0.474414885044098,0,821.88439053297,41.0648657679558,0.858739256858826,0,0,4.11533915996552,2817.77589669824,1.51876538991928,26.5107293725014,0,541.718809843063,1.29098960757256,594.774147450924,172.581017702818,0,0,44.4056285619736,13.3227506875992,0,0,0,0,897.355466783047,0,40.8760464787483,8.64966595172882,47.9666454195976,53.1400219500065,8.83639758825302,0,7.23407411575317,0,3.06088370084763,0,0,0,0.450763016939163,0,0,0,0,0,0,0,3.9766303896904,0,0.903962552547455,0,1.40101182460785,0,455.287865489721,0.471657186746597,9.74683123826981,0,457.387041896582,0,750.865079641342,0,59.0404431521893,0,12.9753300249577,0,41.8221685886383,0,68.0382805764675,28.0219114720821,304.214214324951,11.1068235039711,64.0085362195969,0.639209091663361,251.770616531372,8.3602696955204,7.06969225406647,0,240.941462755203,0,24.2688159346581,0,144.751121819019,0,0,0,71.2504968047142,0,0,0,0,0,4.26263707876205,0,4.30656325817108,0,0,0,0,0,0,0,0,0,0,0,0,0.970743834972382,0,0,0,0,0,2.48506420850754
13.1292533278465,2332.10693439841,69.7046140134335,966.483978122473,0,2.91153413057327,156.092211872339,2120.97886916995,0,23.5772347450256,4.11533915996552,0,59.6215478777885,3593.77492541075,0,95.823863774538,0,974.357958376408,83.0655006468296,851.948323726654,0,0,97.7602894604206,390.783658891916,0,0,0,0,18.7835142612457,613.350548684597,24.303092956543,60.3304382860661,16.3951981365681,104.149077564478,0,4.68910926580429,0,5.64932656288147,0,0,0,1.41230404376984,0,0,0,0,0,6.81854695081711,0,0,0,0,0,0,0,0,0,403.522104412317,0,28.704885840416,0,350.372616499662,0,261.932071179152,0,242.699561566114,0,11.0517783761024,0,9.92835110425949,29.0047231018543,514.362080603838,48.4045267701149,1064.05087810755,12.2639295458794,156.124058365822,8.09665018320084,567.460141599178,0,4.20897099375725,0,32.3097449541092,0,0,0,158.00676086545,0,0,0,61.5681488513947,0,0,0,0,0,18.7516496777534,0,0,0,0,0,0,0,0,1.55880093574524,8.48473852872849,0,0,11.3567332029343,2.27998352050781,0.998635709285736,0,0,0,0,5.19666939973831
1432.52137514949,1.30794256925583,1620.12705770135,129.802266299725,11.7841038703918,0,5892.29792582989,305.331498801708,315.677187055349,0,2817.77589669824,59.6215478777885,0,50.2732817828655,2077.26256901026,0,122.515673935413,3.16562867164612,621.428806334734,139.202502071857,0,0,756.271050989628,358.550806671381,0,0,0,0,1964.80005934834,7.35991907119751,92.1471729278564,76.0279397368431,86.7820211946964,109.464867055416,17.469985216856,0,11.4972118735313,0,4.1386211514473,0,3.01065689325333,0,0,0,0,0,1.62535357475281,0,0,0,2.57061839103699,0,0,0,0,0,369.816966503859,0,3.61838585138321,0,258.407504111528,0,607.573383271694,0,67.1089261174202,0,9.64717614650726,0,39.3977116048336,0,348.690780580044,134.043342649937,1143.5947894156,74.6840182244778,155.18052148819,17.4230934381485,554.759898394346,22.3793741166592,4.78422892093658,0,258.449569553137,0,9.15346097946167,0,98.3232240974903,0,0,0,12.4240888357162,0,0,0,0,0,14.2342441082001,0,0,0,0,0,0,0,0,0,0,0,0,0,0.685306429862976,4.2039777636528,1.00418519973755,0,0,0,0,0
7.32424837350845,525.7103972435,151.517731904984,1490.264880687,1.46335482597351,24.9644699692726,181.591949164867,6872.36681029201,5.22518664598465,473.295023828745,1.51876538991928,3593.77492541075,50.2732817828655,0,2.82400321960449,2005.93393820524,0,157.809618532658,48.1131984293461,422.411041557789,0,0,227.210947751999,1189.75163766742,0.47643169760704,6.92643192410469,0,1.57159209251404,15.1597218215466,1105.65254697204,46.1160804927349,101.061708629131,22.4791938066483,80.6981605291367,0,5.12617093324661,0,6.98768240213394,0,0,0,2.89651376008987,0,0,0,0,0,2.87511742115021,0,0,0,0,0,0,0,0,0,304.276083678007,0,7.41542559862137,0,160.159177750349,0,129.881309449673,0,127.461073637009,0,6.14038962125778,0,3.64083302021027,47.8128724098206,688.814393788576,58.3224819898605,1425.19836774468,4.20709091424942,204.823737978935,8.50078147649765,552.21416130662,0,2.5185506939888,0,7.15976506471634,0,0,0,79.8025097250938,0,0,0,28.9974185228348,0,0,0,0,0,10.9236483573914,0,0,0,0,0,0,0,0,0,0,0,0,6.30686569213867,3.58172971010208,0,0,0,0,0,3.38087671995163
15.8046677708626,0,770.823560982943,25.0961273014545,2379.23191094398,15.1985620856285,815.048387020826,35.3301658630371,2726.54340311885,10.2757439911366,26.5107293725014,0,2077.26256901026,2.82400321960449,0,6.17266005277634,7.19558966159821,0,28.156814545393,1.06151542067528,209.292203634977,5.37028431892395,142.268386662006,89.5018561184406,55.2331925332546,42.3717351555824,285.489700168371,23.285128980875,2212.82735392451,0,47.3442136347294,43.325882345438,7.97333723306656,5.63377565145493,0,0,18.5432974100113,0,1.28186476230621,0,13.5208171606064,0,0,0,0,0,5.60005927085876,0,0,0,0,0,0,0,0,0,13.7992187738419,0,0,0,2.49492835998535,0,9.98818075656891,0,0,0,0,0,0,0,1432.73456382751,40.1021111011505,2979.69819921255,10.9038800597191,240.074618041515,1.55960750579834,476.459783703089,0,0,0,6.23730170726776,0,7.9525151848793,0,1.50198459625244,0,3.31904220581055,0,4.4551437497139,0,0,0,0,0,6.26004046201706,0,0.384719133377075,0,0,0,0,0,0,0,0,0,0,0,4.01265466213226,0.738036870956421,0,0,0,0,0,0
0,6.22911292314529,50.7748223543167,371.862192958593,32.1934042572975,2136.24539679289,5.19869357347488,507.806436061859,12.4613707959652,3348.71690192819,0,95.823863774538,0,2005.93393820524,6.17266005277634,0,0,14.0136404335499,0,5.67159110307693,2.80840808153152,137.798598229885,52.3953802883625,216.813599556684,24.9114826023579,208.466550558805,10.9697331786156,556.51684486866,0,1763.63389503956,16.4955710470676,56.8544118404388,0,6.50622183084488,0,0,0,24.4119092226028,0,1.09556543827057,0,150.904040247202,0,0.725195109844208,0,0,0,2.74019691348076,0,0,0,0,0,0,0,4.04130625724792,0,11.6972661018372,0,0,0,0,0,0,0,0,0,0.436781972646713,0,0,34.5075053870678,563.625765949488,5.13362616300583,2095.12382388115,0,134.633879870176,0.8546422123909,206.327137947083,0,0,0,0.8852898478508,0,23.6202813088894,0,2.77932459115982,0,8.18446987867355,0,3.00855183601379,0,0,0,0,0,4.86421528458595,0,0,0,0,0,0,0,0,0,0.634676992893219,0,0,2.81919074058533,0.763534724712372,0,0,0,0,0,0
378.036046922207,2.52502301335335,161.236132502556,5.99812111258507,0,0,45.3301023840904,2.69365999102592,0,0,541.718809843063,0,122.515673935413,0,7.19558966159821,0,0,0,143.862428337336,27.2807700037956,0,0,1.41846835613251,0.597191452980042,0,0,0,0,2843.23033872247,0,5.53476047515869,3.34336686134338,12.3725546300411,15.855110168457,3.39548146724701,1.05511975288391,31.9646555781364,0,8.6072615981102,0,0,0,0,0,0,0,0,0,0,0,2.35614758729935,0,0,0,1.00970435142517,0,1481.94878339767,3.26763713359833,44.6496040225029,2.11912679672241,498.945968419313,0,1417.87139180303,1.39498353004456,13.3919093310833,0,27.6547211408615,3.46069830656052,82.8923238515854,1.53783810138702,16.5069099068642,4.00874361395836,357.082996070385,0,32.643262386322,0,115.180757701397,1.36354303359985,256.871888697147,0,1192.95192298293,0,93.5679774880409,0,152.490689188242,0,0.590034246444702,0,30.4083881676197,0,0,0,0,0,4.68184733390808,0,0,0,2.07632064819336,0,0,0,0,0,0,0,0,0,6.18258792161942,0,0,0,0,0,0,0
2.38486593961716,780.617185801268,5.51252371072769,363.923478215933,0,0,22.1096523404121,216.214177846909,0,4.51544559001923,1.29098960757256,974.357958376408,3.16562867164612,157.809618532658,0,14.0136404335499,0,0,20.0362955629826,461.313989430666,0,0,0.700127959251404,53.4412306845188,0,0,0,0,0,2249.50755804777,8.90775483846664,13.102442920208,5.40685740113258,36.7228382825851,1.43933486938477,0.895736038684845,0,12.0474675893784,0,4.98500090837479,0,0,0,0,0,0,0,5.00630176067352,0,1.1135162115097,0,0.789503157138824,0,0,0,0,0,2611.56901374459,0.889925718307495,46.9893259704113,0,461.280742406845,0,2549.31435367465,0,111.948820114136,1.99811804294586,17.4523680210114,0,58.9271208047867,6.47652924060822,148.054469436407,8.5378283560276,1622.4203646183,1.22792553901672,92.5542159676552,3.3512265086174,327.665021508932,0,316.506454199553,0,680.267120182514,0,8.3218489587307,0,150.739492624998,0,0,0,64.3216202259064,0,0,0,0,1.0042839050293,26.0213797390461,0,0,0,0,0,0,0,0,0,1.90246075391769,0,0,9.67463183403015,0,0,0,0,0,2.63882219791412,3.21912157535553
1847.01217746735,591.276755779982,2694.21278518438,510.50133138895,0,0,938.578042924404,469.650959432125,2.04418677091599,0,594.774147450924,83.0655006468296,621.428806334734,48.1131984293461,28.156814545393,0,143.862428337336,20.0362955629826,0,3140.52985098958,2.27854198217392,0,1197.4110404253,210.380916535854,0,0,0,0,480.07617405057,8.87382200360298,382.356573909521,169.030516415834,4167.76461350918,987.614075303078,205.722718715668,1.9079372882843,106.613384515047,0,51.1649697721004,0.626464903354645,0,0,90.6411755383015,0,4.4561739563942,0,71.1222129166126,0,7.66365727782249,0,19.7550232410431,0,0,0,0,0,570.620174199343,21.8857321739197,248.721309244633,0.840772569179535,63.2964831888676,0,60.1357211768627,0.98005336523056,16.2132520377636,0,1387.57830366492,21.9247086942196,2560.90252771974,174.594878464937,493.006839483976,318.539777129889,1538.46624466777,192.959057956934,510.333944320679,61.3411793708801,2769.19884073734,385.934056997299,0,0,14.690960586071,0,10.4140931367874,0,8.34457415342331,0,0,0,0,0,0,0,0,0,87.0928471982479,0,13.5295193791389,0,0,0,0,0,0,0,1.42506635189056,0,1.84839522838593,0,11.6813444495201,10.9786314666271,0,0,0,0,0,1.22577208280563
1013.78140380979,1607.74795985222,735.724202990532,2485.16604340076,0,1.4997518658638,1153.17677161098,717.833238571882,0,4.83475440740585,172.581017702818,851.948323726654,139.202502071857,422.411041557789,1.06151542067528,5.67159110307693,27.2807700037956,461.313989430666,3140.52985098958,0,0,0,195.548492491245,1102.65548884869,0,0,0,0,174.726113468409,98.2701604664326,250.160463780165,266.523606419563,772.142783135176,4870.31809806824,10.4837736189365,68.0281071066856,1.10445529222488,43.8985273838043,2.2489056289196,22.5009899735451,0,0,2.57839921116829,4.13158541917801,0,0.553024858236313,0,107.60554125905,0,0.739888608455658,0,0,0,0,0,0,82.3730465769768,496.452174335718,4.08964788913727,170.971866875887,0,11.8863484561443,2.0143826007843,19.8663973808289,0.64975780248642,5.22115889191628,36.5361072123051,977.253496348858,202.894752830267,1910.51462745667,256.269313871861,990.561481446028,654.436708569527,1525.23722201586,136.195599257946,675.66090542078,740.657205075026,3239.40193936229,0,2.37361192703247,0,1.39425873756409,1.35044282674789,0,0,0,0,0,0,0,0,0,0,0,2.39527320861816,152.723288089037,0.422018259763718,0,0,0,0,0,0,0,0,6.2588797211647,0,0,48.0900426506996,11.5473301410675,0,0,0,0,0,5.37375998497009
0,0,10.3060628473759,2.73883092403412,382.011932015419,12.7874959409237,0.584675967693329,0,126.491709470749,0,0,0,0,0,209.292203634977,2.80840808153152,0,0,2.27854198217392,0,0,69.5159290730953,31.3930020928383,14.4672856628895,196.68630066514,52.3204141259193,921.618033051491,92.1544907689095,47.9832199811935,0.572095155715942,820.438629508018,29.5487685799599,59.1916179955006,2.50238585472107,2.95558649301529,0,15.9802666306496,6.91264665126801,2.53500461578369,0,30.0446820259094,16.2604920864105,0,0,0,0,0,0,0,0,0,0,0,0,0,0.791319191455841,0,0,0,0,0,0,0,0,0,0,0.646798133850098,0,0,0,731.166075140238,59.5927132368088,149.91848051548,1.64798855781555,46.4261745214462,9.08458477258682,13.237169444561,4.29040223360062,0,0,0,0,0,0.975574016571045,0,0,0,5.18236523866653,0.560883402824402,1.53822469711304,0,0,0,0,0,0,0,0,0,0,0,0,0,0,0,0,0,0,0,0,0,0,0,0,0,0
0,0,3.40018185973167,5.05394995212555,40.388313472271,258.779839724302,1.48190557956696,0.41509148478508,1.23182320594788,29.9767471253872,0,0,0,0,5.37028431892395,137.798598229885,0,0,0,0,69.5159290730953,0,12.9118464589119,31.1417237818241,50.552489221096,352.59291151166,74.8630471527576,1082.38437226415,0.5638467669487,76.187752366066,90.9807050824165,930.461592972279,8.31411266326904,46.584518879652,0,1.220250248909,4.22335958480835,2.8568354845047,0,1.30404090881348,0,85.6317805051804,0,0,0,0,0,0,0,0,0,0,0,0,0,0,0,0,0,0,0,0,0,0,0,0,0,0,0,0,229.489440441132,593.989244639874,5.7672501206398,147.020173490047,0,0,0,0,0,0,0,0,0,27.7238177657127,0,0,0,5.51209962368011,0,0,0,0,0,0,0,0,0,0,0,0,0,0,0,0,0,0,0,0,0,0,0,0,0,0,0,0
38.8254092633724,0,2974.19797226787,613.449320316315,76.152366310358,113.169456750154,767.706784278154,729.492699891329,55.1525331437588,86.9324522912502,44.4056285619736,97.7602894604206,756.271050989628,227.210947751999,142.268386662006,52.3953802883625,1.41846835613251,0.700127959251404,1197.4110404253,195.548492491245,31.3930020928383,12.9118464589119,0,2909.83045750856,648.532103806734,430.48617425561,96.6356419026852,36.3196440637112,296.488726705313,23.8695051968098,4741.82422822714,1548.17060557008,1650.6029060781,381.884553968906,262.308714807034,2.56202009320259,34.6301932632923,0,7.43526285886765,0,1.88111335039139,0.799807727336884,10.3015409111977,0,0,0,5.88725060224533,0,0,0,0,0,0,0,0,0,3.76100206375122,0,0,0,0,0,1.54149389266968,0,0.547284483909607,0,423.14148414135,0,0.397550076246262,0,768.40135833621,429.614856302738,1107.09204003215,209.493844240904,252.179731398821,42.1348338127136,893.435534983873,68.542881667614,0,0,0,0,1.28175163269043,0,0,0,0,0,0,0,0,0,0,0,10.6473305821419,0,1.2776540517807,0,0,0,0,0,0,0,0,0,0,0,4.08586329221725,0.859902918338776,0,0,0,0,0,0
12.5636078715324,33.0835593640804,2109.97094541788,3488.84552416205,280.382096856833,117.206968128681,1121.40325018764,1628.98193886876,149.632520437241,156.735847979784,13.3227506875992,390.783658891916,358.550806671381,1189.75163766742,89.5018561184406,216.813599556684,0.597191452980042,53.4412306845188,210.380916535854,1102.65548884869,14.4672856628895,31.1417237818241,2909.83045750856,0,294.807036221027,919.940721780062,83.1213459968567,77.3770080208778,74.1846950650215,159.968347221613,647.65022405982,2086.08264940977,122.551617205143,1276.20456597209,0.722380816936493,69.5790014564991,0,11.5915597677231,0,1.08932983875275,0,3.05665421485901,0,2.97109028697014,0,0,0,20.720759510994,0,0,0,0,0,0,0,0,0,11.2144415378571,0,0.791965067386627,0,0.660829126834869,0,2.39538723230362,0,0,0,194.831913530827,0,3.91370970010757,545.655960351229,1577.36788487434,399.474944621325,1581.47825846076,43.1928621530533,453.186292886734,95.1310511529446,1331.12749707699,0,1.21446859836578,0,0,0,0,0,0,0,0,0,0,0,0,0,0,0,15.6070475280285,0,0,0,0,0,0,0,0,0,0,0,0,3.2220870256424,2.91534030437469,0,0,0,0,0,0
0,0,128.779500812292,62.0429378151894,225.883557856083,95.8793263435364,0,11.6756900548935,22.4868083894253,45.9912245869637,0,0,0,0.47643169760704,55.2331925332546,24.9114826023579,0,0,0,0,196.68630066514,50.552489221096,648.532103806734,294.807036221027,0,594.394412219524,1012.64446845651,128.047138810158,5.19305551052094,0,586.233712434769,323.170279145241,25.1739351153374,15.4054088592529,0,0,0.872964262962341,0,0,0,0,0,0,0,0,0,0,0,0,0,0,0,0,0,0,0,0,0,0,0,0,0,0,0,0,0,0,0,0,0,287.3784096241,71.8202155530453,106.604237020016,6.64719498157501,7.22927215695381,0,7.9411772787571,0,0,0,0,0,0,0,0,0,0,0,0,0,0,0,0,0,0,0,0,0,0,0,0,0,0,0,0,0,0,0,0,0,0,0,0,0,0,0
0,0,162.512140184641,83.5282016396523,414.543993681669,334.159885913134,3.71408557891846,16.884501606226,78.2999090254307,114.987719982862,0,0,0,6.92643192410469,42.3717351555824,208.466550558805,0,0,0,0,52.3204141259193,352.59291151166,430.48617425561,919.940721780062,594.394412219524,0,294.199674427509,1072.09456703067,0.684382438659668,57.9409058988094,270.381740123034,703.857313632965,6.6223087310791,38.7610993087292,0,1.00922167301178,0,0.856710731983185,0,0.648840427398682,0,12.5079576671124,0,0,0,0,0,0,0,0,0,0,0,0,0,0,0,0,0,0,0,0,0,0,0,0,0,0,0,0,183.260238438845,558.392574042082,20.0615252554417,261.552473515272,1.00597941875458,45.8978051841259,3.49962610006332,24.9742542207241,0,0,0,0,0,1.16780853271484,0,0,0,0,0,0,0,0,0,0,0,0,0,0,0,0,0,0,0,0,0,0,0,0,0,0,0,0,0,0,0,0
0,0.504101395606995,37.4640301764011,5.86631420254707,1379.80078735948,43.7259057760239,0,0.940204977989197,181.497882217169,5.74674877524376,0,0,0,0,285.489700168371,10.9697331786156,0,0,0,0,921.618033051491,74.8630471527576,96.6356419026852,83.1213459968567,1012.64446845651,294.199674427509,0,371.258542269468,22.2189760804176,0,484.069222152233,144.31075745821,33.3631224036217,7.45356425642967,1.7647522687912,0,253.070977270603,149.061076700687,56.8345098495483,1.07333528995514,5.44103026390076,0.661760330200195,0,0,0,0,0,1.43872737884521,0,0,0.689455986022949,0,0,0,0,0,0.991859912872314,0,0,0,0,0,0,0,0,0,0,0,0.882189631462097,0,529.220938235521,73.5636560320854,126.191192865372,3.1890515089035,31.5915649533272,2.90090444684029,23.9686425924301,12.2056601047516,0,0,0,0,0.792131245136261,0,0.617585301399231,0,0,0,0,0,0,0,0,0,2.12543970346451,1.26672983169556,1.43671679496765,0,1.23466897010803,0,0,0,0,0,0,1.94470381736755,0,0,0,0,0,0,0,0,0,1.32543551921844
0,0,12.5173645615578,22.0042677521706,169.541569024324,1756.93879032135,0,7.2114625275135,13.9053324460983,238.961414754391,0,0,0,1.57159209251404,23.285128980875,556.51684486866,0,0,0,0,92.1544907689095,1082.38437226415,36.3196440637112,77.3770080208778,128.047138810158,1072.09456703067,371.258542269468,0,2.63592392206192,81.7964191138744,118.457541257143,296.123796850443,2.09757253527641,32.3942884504795,0,0.524192631244659,99.0604494214058,381.682109117508,14.0898988842964,3.98130261898041,1.53583860397339,37.7600712776184,0,0,0,0,0.904719889163971,9.55749422311783,0,0.506187796592712,0,1.16093599796295,0,0,0,0,0,1.18660295009613,0,0.760437250137329,0,0,0,0,0,0.537491381168365,0,1.71415907144547,0,0,214.496364086866,677.102296859026,9.51683861017227,328.250544816256,14.3305403590202,44.0148513913155,11.8370606303215,33.3785907030106,0,0,0,0,0,10.7542649805546,0,1.88866484165192,0,3.59492400288582,0,0,0,0,0,0,0.502009868621826,3.17850494384766,0,0,0,0,0,0,0,0,0,0,0,0,0,0,0,0,0,0,0.676866233348846,0
640.117256820202,14.2307224273682,1000.18535536528,51.0026662349701,431.405729234219,0.788958847522736,609.71932938695,91.6369723379612,162.363415896893,0,897.355466783047,18.7835142612457,1964.80005934834,15.1597218215466,2212.82735392451,0,2843.23033872247,0,480.07617405057,174.726113468409,47.9832199811935,0.5638467669487,296.488726705313,74.1846950650215,5.19305551052094,0.684382438659668,22.2189760804176,2.63592392206192,0,1.11204195022583,48.1360687017441,37.2267006933689,47.6522889435291,54.3484488129616,23.3282666504383,20.1906235516071,201.048117160797,4.35941576957703,48.9117538630962,0,779.908254146576,0,118.269645243883,1.08372437953949,95.0761117339134,0,293.692888498306,0,129.05528870225,0,246.454055309296,0,40.2514292299747,0,46.2860000729561,0,1285.48793169856,3.92336910963058,394.993287920952,4.57447701692581,372.771349966526,0,740.244860619307,0,85.3628490865231,0,192.877756297588,10.733831346035,188.669919878244,12.3708555102348,191.668239951134,45.2174993753433,2776.15373012424,11.8973086476326,103.285782337189,10.5781592130661,391.851151764393,20.0721221864223,321.118893682957,0,953.262526959181,0,1081.73693275452,0,370.345685750246,0,573.85176256299,0,211.111710816622,0,4.99311742186546,0,4.6335825920105,0,17.9189918339252,1.29122060537338,5.61943304538727,0.902660548686981,10.7268026769161,0,0,0,7.11733919382095,1.32533431053162,5.42736625671387,0.965839445590973,5.62241411209106,0,4.2856193780899,3.13748359680176,0,0,0,0,0,2.11852735280991
2.65977513790131,154.131887853146,12.0160358250141,213.537830859423,1.06733018159866,348.513162910938,17.0799413323402,207.316058814526,0,332.474653333426,0,613.350548684597,7.35991907119751,1105.65254697204,0,1763.63389503956,0,2249.50755804777,8.87382200360298,98.2701604664326,0.572095155715942,76.187752366066,23.8695051968098,159.968347221613,0,57.9409058988094,0,81.7964191138744,1.11204195022583,0,11.4281327724457,22.5836756229401,3.03913021087646,16.1806662678719,0,1.52829247713089,0,87.0849016308784,0,12.5573410987854,0,507.527280509472,10.9874819815159,30.1812776327133,1.30193364620209,46.0446491539478,2.14604377746582,83.6365995407104,0,73.4560171067715,0,120.069280594587,0,12.2327574491501,0,30.1922451257706,1.22263550758362,389.467489898205,1.79928946495056,124.158148288727,3.24211812019348,90.8443928062916,4.47923171520233,461.162059783936,2.17578995227814,101.750641137362,7.99193358421326,68.7185101509094,1.13891351222992,31.02699893713,9.7953616976738,127.179319024086,2.01032829284668,4748.78605216742,0.825642585754395,53.7090157568455,3.30040264129639,130.752448171377,0,476.313266426325,0,553.055177330971,0,680.184271544218,1.34108924865723,317.503712773323,0,96.4984821677208,0,207.351241141558,0,1.5860048532486,0,3.37578225135803,0,8.89785957336426,0,1.65179097652435,0,3.86229312419891,0,1.55933797359467,0,1.3856954574585,0,2.82397449016571,2.40982937812805,0,0,2.34430646896362,0,1.65737915039062,0,0,0,0.563936173915863
78.6106825470924,7.50356638431549,389.633272051811,139.354023635387,130.093303918839,41.7484949231148,175.342740893364,121.385166674852,24.9643845558167,24.3163195550442,40.8760464787483,24.303092956543,92.1471729278564,46.1160804927349,47.3442136347294,16.4955710470676,5.53476047515869,8.90775483846664,382.356573909521,250.160463780165,820.438629508018,90.9807050824165,4741.82422822714,647.65022405982,586.233712434769,270.381740123034,484.069222152233,118.457541257143,48.1360687017441,11.4281327724457,0,617.424172520638,1372.13751164079,160.288139075041,132.547040224075,1.40776780247688,8.96071362495422,0,0.584345757961273,0,0,0,11.3708196282387,0,0,0,10.3711702823639,0.710174024105072,0,0,0,0,0,0,0,0,4.90801557898521,5.54722917079926,0,0,4.84517598152161,0,4.82130229473114,2.23595452308655,2.26927405595779,0,507.111021250486,9.01474857330322,3.04006478190422,3.70001810789108,1246.23310086131,156.498738020658,244.270631253719,64.4121384322643,58.0137923955917,15.7165594696999,251.381684213877,89.9404438436031,0,0,0,0,0.778841376304626,0,1.91593074798584,0,0,0,0,0,0,0,0,0,11.42093577981,4.19234156608582,0,0,0,0,0,0,0,0,1.8165248632431,1.05459117889404,0.772504091262817,0,4.04063445329666,0,0,0,0,0,0,0.453015267848969
22.0855357646942,3.24382883310318,731.939013749361,200.05100646615,193.287305504084,70.5890476405621,233.31402027607,175.392331421375,58.8530348539352,36.276603937149,8.64966595172882,60.3304382860661,76.0279397368431,101.061708629131,43.325882345438,56.8544118404388,3.34336686134338,13.102442920208,169.030516415834,266.523606419563,29.5487685799599,930.461592972279,1548.17060557008,2086.08264940977,323.170279145241,703.857313632965,144.31075745821,296.123796850443,37.2267006933689,22.5836756229401,617.424172520638,0,88.5900455713272,2038.40919277072,7.30113613605499,112.526801764965,1.81776785850525,0.991092145442963,0,0,0,3.84655499458313,4.22937035560608,5.5650586783886,0,1.4871883392334,0.525900602340698,29.8070519268513,0,0,0,0,0,0,0,0,3.245590031147,2.0251379609108,0,0.618829250335693,1.95239886641502,0,0,0,0,0,15.441762983799,504.475672781467,0,2.17846739292145,342.751381635666,554.672188580036,207.252762973309,177.164739459753,40.9606501460075,58.0208505690098,132.690438061953,192.202879667282,0,0,0,0,0,0,0,0.741801381111145,0,0,0,0,0,0,0,0,1.56811785697937,3.66999673843384,0,0,0,0,0,0,0,0,0,0,0,0,2.55204272270203,1.88998562097549,0,0,0,0,0,0.629572808742523
106.139654546976,176.996438503265,195.968662440777,116.53811788559,13.0744031071663,0.992120027542114,114.641931533813,97.5455451011658,3.05492472648621,0,47.9666454195976,16.3951981365681,86.7820211946964,22.4791938066483,7.97333723306656,0,12.3725546300411,5.40685740113258,4167.76461350918,772.142783135176,59.1916179955006,8.31411266326904,1650.6029060781,122.551617205143,25.1739351153374,6.6223087310791,33.3631224036217,2.09757253527641,47.6522889435291,3.03913021087646,1372.13751164079,88.5900455713272,0,526.951841145754,1534.10928380489,25.550943672657,15.5538286566734,9.38904309272766,25.3701571524143,0,0,0,80.1582531929016,1.33475968241692,8.46041643619537,2.03331017494202,63.2031462788582,1.82201024889946,0,0,1.55756008625031,0,0,0,0.790154814720154,0,109.745063483715,190.026764541864,98.3938152194023,87.1365663707256,9.32775163650513,6.44236034154892,7.6790144443512,15.3033546209335,0.468816757202148,2.6499086022377,5593.99692291021,341.792902797461,693.541567087173,371.221500009298,241.314059078693,93.4280625879765,178.247002840042,40.7947087287903,48.8895921707153,18.3997367620468,281.816887229681,139.508713930845,0,0,2.69731545448303,12.6180270910263,0,0,0,1.4528089761734,0,0,0,0.931402385234833,0,0,0,0,9.31248271465302,1.86503979563713,3.72714221477509,0,0,0,0,0,0,0,4.03680098056793,0,4.78885716199875,0,1.05453598499298,0,0,0,0,0,0,0.547639667987823
287.290522485971,201.250980347395,361.700451791286,190.521112054586,10.8721584379673,7.65671807527542,320.092724770308,167.074557572603,3.26348578929901,3.72533330321312,53.1400219500065,104.149077564478,109.464867055416,80.6981605291367,5.63377565145493,6.50622183084488,15.855110168457,36.7228382825851,987.614075303078,4870.31809806824,2.50238585472107,46.584518879652,381.884553968906,1276.20456597209,15.4054088592529,38.7610993087292,7.45356425642967,32.3942884504795,54.3484488129616,16.1806662678719,160.288139075041,2038.40919277072,526.951841145754,0,34.0357341170311,1100.09419646859,20.9255478680134,10.6592785716057,8.89844381809235,44.8217467665672,0,1.21034395694733,18.321713924408,23.6693807542324,0.959396302700043,6.184445053339,6.01385349035263,235.155659258366,4.48805016279221,0,3.98799377679825,0,0,0,0,0,137.49021717906,169.241527378559,71.4976217746735,99.1253668069839,44.0610514879227,8.11549565196037,30.9105754494667,10.1794087290764,5.92679333686829,0,379.65390470624,5779.79485550523,276.21627831459,811.386927515268,147.010037451982,240.31115141511,248.101700395346,164.483863890171,67.0325461030006,56.6198408901691,432.285391509533,407.324023395777,0.86621505022049,1.4883149266243,14.6560619473457,4.36176323890686,2.75413465499878,0,4.56590449810028,0.993395984172821,0,0,0,0,0,0,0,0,9.09552526473999,17.9700078964233,4.61705338954926,1.87126266956329,0,1.42358267307281,0,0,0,0,1.00095570087433,2.95482122898102,0.589062035083771,2.3488781452179,5.71553558111191,1.60010918974876,0,0,0,0,0,0.643808364868164
24.1190667748451,2.82752388715744,29.0292485952377,1.36822748184204,0,0,19.5434845089912,0.646188497543335,0,0,8.83639758825302,0,17.469985216856,0,0,0,3.39548146724701,1.43933486938477,205.722718715668,10.4837736189365,2.95558649301529,0,262.308714807034,0.722380816936493,0,0,1.7647522687912,0,23.3282666504383,0,132.547040224075,7.30113613605499,1534.10928380489,34.0357341170311,0,203.928389906883,87.8733278214931,63.2520532906055,146.544264554977,36.7106473445892,7.96345564723015,4.32340657711029,519.285247206688,404.291692793369,495.312359541655,437.519889473915,489.325444161892,141.571775734425,261.159514009953,150.254089415073,62.6339575350285,33.7440536022186,5.73329067230225,4.66396534442902,35.1371687650681,24.152270257473,1.53811538219452,24.4945092797279,66.5952849388123,45.6139368414879,15.6486481428146,0.923856198787689,8.87104153633118,9.59068596363068,1.61401772499084,1.48284530639648,2694.80486947298,404.144213318825,0,3.31255310773849,19.0117820203304,3.46554124355316,69.8217757940292,8.65569022297859,14.0587213635445,1.61488652229309,126.005906283855,25.3203165829182,0,1.04556620121002,9.48420763015747,20.331290781498,3.05028504133224,1.64292007684708,9.67278191447258,11.3634302616119,3.86386987566948,0.928577721118927,20.6422519683838,10.9186781048775,0,0,0,0,1.99726873636246,0,13.273932993412,0,4.48707509040833,2.42936038970947,0,0,0,0,0,0,0,0,0,0,0,0,0,0,0,0
0.637910127639771,0,0.571322917938232,4.94578024744987,0,0,1.30665123462677,7.83648133277893,0,0,0,4.68910926580429,0,5.12617093324661,0,0,1.05511975288391,0.895736038684845,1.9079372882843,68.0281071066856,0,1.220250248909,2.56202009320259,69.5790014564991,0,1.00922167301178,0,0.524192631244659,20.1906235516071,1.52829247713089,1.40776780247688,112.526801764965,25.550943672657,1100.09419646859,203.928389906883,0,39.5550152659416,85.1860058903694,9.89361575245857,76.1928534209728,8.86705926060677,11.3292843103409,197.847944736481,331.12071415782,273.312017202377,547.51650545001,101.167795658112,223.40021276474,132.306033492088,167.498993456364,40.9301495850086,46.0772234201431,7.40139645338058,4.35778212547302,3.88999658823013,24.4823183715343,0.556864380836487,3.91328555345535,81.9516323208809,72.3481996655464,21.5584772825241,2.65421497821808,3.15961980819702,3.99849539995193,0.869320034980774,2.18677031993866,415.117255747318,2201.8226428628,1.86859709024429,0,2.19620674848557,4.35675901174545,32.1223039925098,29.4323148727417,1.21293517947197,3.6918366253376,35.1992780268192,39.0868162810802,0,0.648409724235535,6.94160389900208,8.96588161587715,0.606331884860992,3.45174404978752,4.12363773584366,19.6442379355431,0,5.86131572723389,3.36184048652649,23.9528537690639,0,0,0,0,0,1.95546573400497,2.52116233110428,0,0,2.84696912765503,0,0,0,0,0,0,0,0,0,0.865124940872192,0,0,0,0,0,0
326.980988264084,1.78518235683441,118.822591364384,0,10.2506359219551,0,47.5535154640675,0,2.79243743419647,0,7.23407411575317,0,11.4972118735313,0,18.5432974100113,0,31.9646555781364,0,106.613384515047,1.10445529222488,15.9802666306496,4.22335958480835,34.6301932632923,0,0.872964262962341,0,253.070977270603,99.0604494214058,201.048117160797,0,8.96071362495422,1.81776785850525,15.5538286566734,20.9255478680134,87.8733278214931,39.5550152659416,0,175.004070460796,1997.54904302955,25.8122799992561,559.279655575752,18.3601895570755,316.12377178669,94.9057404696941,368.879553586245,28.0992516279221,856.111990600824,31.6445938944817,495.534280270338,20.9876962900162,439.156066000462,3.83880811929703,82.2092533409595,1.44697022438049,672.619625598192,6.00815385580063,378.83676508069,21.5337399244308,452.982705652714,17.3359161019325,252.050859510899,1.64998018741608,93.6018716394901,0,103.151768386364,7.87839448451996,423.407016336918,220.217734217644,330.850612998009,0,385.896024495363,23.8238556683064,422.095243036747,11.3824494481087,1085.37005957961,71.718352586031,4456.55651909113,70.4343369603157,1.65292608737946,0,67.6469630897045,2.59558296203613,268.789874374866,0,188.222449451685,4.41685044765472,1339.8826700151,3.69832694530487,1154.64706805348,2.25840854644775,49.8484086096287,176.292606174946,74.5690469145775,102.224155902863,157.849489569664,48.8792963624001,98.5617519319057,43.5982323884964,63.3905552625656,61.9770624935627,27.0702645480633,20.278396487236,117.851177811623,95.0382999181747,147.50458329916,56.12952247262,50.2837550938129,12.0591293871403,25.4380902051926,36.5520421862602,20.1015632450581,12.0458850860596,14.1886338293552,8.16015779972076,6.71326857805252,18.0439338684082
1.91483253240585,175.459590017796,0,55.5673515200615,3.67850065231323,6.76407831907272,0.725518524646759,27.2335066199303,0,7.28888761997223,0,5.64932656288147,0,6.98768240213394,0,24.4119092226028,0,12.0474675893784,0,43.8985273838043,6.91264665126801,2.8568354845047,0,11.5915597677231,0,0.856710731983185,149.061076700687,381.682109117508,4.35941576957703,87.0849016308784,0,0.991092145442963,9.38904309272766,10.6592785716057,63.2520532906055,85.1860058903694,175.004070460796,0,34.1465882658958,1651.86132922769,20.8955190181732,532.372149288654,119.705563515425,331.764804512262,36.9488430023193,264.889416664839,87.4089442193508,1038.50864735246,15.3681430220604,314.978365153074,19.3267043232918,394.950967103243,0,88.4555539190769,2.6017552614212,665.804833829403,6.07622426748276,232.34454163909,146.059825360775,427.788130402565,138.599823951721,37.1784088611603,26.253104865551,54.3718902170658,37.6023129224777,150.605188310146,386.901807039976,569.240884453058,1.31663483381271,60.9210980534554,15.1184535622597,213.884532243013,26.1254308819771,493.500381112099,37.6898666322231,604.31370562315,116.646146118641,4148.35647165775,2.93319928646088,4.01610589027405,5.70836538076401,85.1752282381058,0,354.363653004169,2.04597502946854,215.868980884552,0,1014.73618781567,1.30666327476501,462.784902989864,20.1853443384171,74.4894012510777,37.5807139575481,49.6242614388466,7.89886078238487,143.787758827209,20.0821450948715,27.4275605678558,19.1012558341026,44.0355507731438,21.0746956467628,11.7667563557625,18.9897277951241,81.6967293024063,16.9491928517818,42.5466043353081,8.10471299290657,21.1394038200378,9.84530222415924,16.302969366312,9.97145166993141,2.88304248452187,5.07022219896317,2.91595733165741,4.3730753660202,0
116.819626659155,0,51.7927955985069,0,2.992311835289,0,20.8379168212414,0,2.22470158338547,0,3.06088370084763,0,4.1386211514473,0,1.28186476230621,0,8.6072615981102,0,51.1649697721004,2.2489056289196,2.53500461578369,0,7.43526285886765,0,0,0,56.8345098495483,14.0898988842964,48.9117538630962,0,0.584345757961273,0,25.3701571524143,8.89844381809235,146.544264554977,9.89361575245857,1997.54904302955,34.1465882658958,0,13.4490194618702,380.567724168301,2.41987729072571,263.079938918352,32.6750067174435,212.238374084234,9.04023432731628,1143.27507427335,16.4501242041588,95.8014011383057,1.71834433078766,70.9038550257683,0,21.8526557385921,0,1185.89269506931,0.977778971195221,109.313734918833,0.644577503204346,124.840132504702,3.71262621879578,62.8877852261066,0,47.7395239472389,0,11.703987210989,0,540.365783900023,32.3281242251396,109.488239973783,0.60040682554245,65.181387335062,6.73659008741379,86.8390539884567,4.39103102684021,205.981984972954,35.879954457283,238.275598406792,29.0832328796387,0.526218056678772,0,13.1622031927109,0,148.559416860342,0,39.7655336260796,0,339.946683377028,0,369.671752184629,0,65.326223731041,94.9776698052883,58.1208813786507,43.9169051349163,52.3084173202515,38.129828363657,112.447396785021,27.578738629818,56.9807146787643,57.5132138431072,29.5044544935226,15.1207238137722,120.022241562605,62.6195510923862,74.8350178897381,22.1848092079163,39.9946714043617,6.76598426699638,7.03054174780846,5.21311557292938,14.9908296465874,9.26604947447777,15.324251383543,2.43113565444946,1.14764854311943,6.66255822777748
0,112.630701065063,0,18.540199637413,0,0,0,1.14424693584442,0,0,0,0,0,0,0,1.09556543827057,0,4.98500090837479,0.626464903354645,22.5009899735451,0,1.30404090881348,0,1.08932983875275,0,0.648840427398682,1.07333528995514,3.98130261898041,0,12.5573410987854,0,0,0,44.8217467665672,36.7106473445892,76.1928534209728,25.8122799992561,1651.86132922769,13.4490194618702,0,0,1541.70956557989,29.5207677185535,345.642621517181,19.5319623947144,268.600709468126,32.9532580375671,998.894129395485,4.24492794275284,90.6129544973373,0,83.1009925305843,0,37.4713491797447,0,1404.5092703402,0,129.846224635839,2.0051007270813,84.1814933419228,0,12.0684977769852,0,8.58867788314819,0,26.0181420445442,27.0458147525787,557.899511605501,0,51.1551883220673,0,27.1475961208344,1.00849604606628,50.4565770626068,13.1874176859856,58.6514019668102,5.26908397674561,73.9573781490326,0,0.839256227016449,0,7.65795487165451,0,254.170190006495,0,54.9555947184563,0,507.293581485748,0,175.331214338541,25.149823486805,40.6998495459557,20.3995109200478,20.0698435306549,9.46783202886581,24.218869715929,11.8906611502171,17.2041094005108,21.8749084472656,23.5267055332661,8.8659263253212,3.24580615758896,17.5183943510056,39.8819940984249,9.44195520877838,15.4365436434746,5.83793246746063,10.736996024847,2.23539134860039,1.63727575540543,6.38677150011063,2.72118228673935,7.91550555825233,0.395337522029877,1.37854015827179,1.40735173225403
2.35644865036011,0,5.87645900249481,0,8.02707815170288,0,0,0,1.1903960108757,0,0,0,3.01065689325333,0,13.5208171606064,0,0,0,0,0,30.0446820259094,0,1.88111335039139,0,0,0,5.44103026390076,1.53583860397339,779.908254146576,0,0,0,0,0,7.96345564723015,8.86705926060677,559.279655575752,20.8955190181732,380.567724168301,0,0,50.6823881864548,124.551106512547,0,62.6926032304764,0,193.72013682127,0,95.1837809979916,0,134.835862576962,0,24.8655489087105,0,34.0265153944492,0,5.65283977985382,1.21934163570404,35.5614942908287,0,15.3148561120033,0,11.248281955719,0,20.7272330224514,0,45.1336379051208,0,1.4679394364357,0,227.334760814905,54.4943117499352,813.051392644644,9.58480376005173,249.522418469191,80.5488389730453,241.854904592037,7.31917190551758,2.10891890525818,0,12.8775498867035,0,614.053253889084,2.82290029525757,69.0076577067375,1.2988817691803,1050.49014809728,11.6699470877647,152.26344281435,4.51622289419174,6.92644718289375,0,3.3802735209465,1.13817542791367,6.36611276865005,0.57603245973587,0,0,4.08191937208176,0,0.643836677074432,0,1.35732468962669,0,5.74550873041153,0.487335473299026,1.17102265357971,0,6.42616754770279,1.39859569072723,0.819756925106049,0,0.717360734939575,1.12118232250214,0,0.912190645933151
0,2.86630135774612,0,5.46873396635056,0,74.0718830525875,0,2.51646330952644,0,41.245359390974,0,1.41230404376984,0,2.89651376008987,0,150.904040247202,0,0,0,0,16.2604920864105,85.6317805051804,0.799807727336884,3.05665421485901,0,12.5079576671124,0.661760330200195,37.7600712776184,0,507.527280509472,0,3.84655499458313,0,1.21034395694733,4.32340657711029,11.3292843103409,18.3601895570755,532.372149288654,2.41987729072571,1541.70956557989,50.6823881864548,0,35.305652230978,103.246640205383,1.7419193983078,49.7435393929482,2.07885533571243,394.791904330254,0,68.4987926483154,0,103.30415520072,0,40.541324287653,0,338.661231458187,0,8.08939582109451,0,51.3608726561069,0,0.557880997657776,0,1.474454164505,0,24.8288936913013,3.03777948021889,78.6440277993679,0,1.0342869758606,20.4007517695427,200.723127037287,39.4583806991577,1237.74841415882,18.4231660366058,429.154594063759,2.51014989614487,188.877753376961,0,1.42564260959625,0,19.2175858020782,1.1922732591629,1949.05739587545,0,129.775973558426,3.82686775922775,1994.74852064252,9.56056314706802,225.327385008335,0,1.68675935268402,1.76618981361389,0,1.34761691093445,7.87880063056946,0,1.05688345432281,0,17.1311182379723,0.905438601970673,0,1.35274744033813,3.49404403567314,0.568562388420105,0.476903200149536,0.758682548999786,0,0.475456714630127,1.758260846138,0,0,0,0.856084287166595,0,0
3.3903765976429,0,7.40840911865234,0,0,0,2.44219079613686,0,0,0,0.450763016939163,0,0,0,0,0,0,0,90.6411755383015,2.57839921116829,0,0,10.3015409111977,0,0,0,0,0,118.269645243883,10.9874819815159,11.3708196282387,4.22937035560608,80.1582531929016,18.321713924408,519.285247206688,197.847944736481,316.12377178669,119.705563515425,263.079938918352,29.5207677185535,124.551106512547,35.305652230978,0,2312.11695855856,13008.1631548405,2777.48341500759,5113.21568089724,729.095663398504,2853.94602680206,789.408172488213,870.805964082479,41.4849334955215,159.473475247622,11.6458424329758,225.184721082449,47.9467953145504,0,4.65397354960442,118.477236062288,51.72351115942,0,0,1.4196617603302,0,2.71488755941391,0,2031.0753044486,893.909984171391,0,0,0.690448820590973,2.13118118047714,260.005657017231,67.5590919554234,11.0745013952255,6.0967960357666,179.11636531353,31.1811049580574,0,0,60.7548711299896,1.10193336009979,13.7563547194004,4.23549228906631,56.8968430161476,29.9434514641762,2.43460991978645,0.803646862506866,251.874303996563,65.2091578841209,101.104205012321,1.55336457490921,0,0,3.78922790288925,0,15.770619481802,0,51.0927576124668,24.1743131279945,0,0,0,0,0,0,0,0,0,1.11487054824829,0,0,0,0,0,0
0,0,0,0,0,0,0,0,0,0,0,0,0,0,0,0.725195109844208,0,0,0,4.13158541917801,0,0,0,2.97109028697014,0,0,0,0,1.08372437953949,30.1812776327133,0,5.5650586783886,1.33475968241692,23.6693807542324,404.291692793369,331.12071415782,94.9057404696941,331.764804512262,32.6750067174435,345.642621517181,0,103.246640205383,2312.11695855856,0,1660.69220280647,7987.96050781012,327.750057667494,6129.19237741828,1192.96373441815,2563.76665222645,151.762796640396,1090.46183291078,3.9793992638588,306.147182136774,6.39729762077332,308.863586634398,0,0.822756230831146,86.1020092070103,82.1776010990143,2.86346077919006,0,0,0,0,4.55943781137466,886.13925498724,2272.54653003812,0,0,0.671250641345978,2.19606843590736,2.42370837926865,240.528836846352,0,17.9047607779503,10.4585892558098,118.145631432533,0,0,0.52526181936264,24.5076125860214,0,27.921669870615,0,143.3439039886,0,38.5143164098263,2.94515752792358,247.391331225634,0,0,0,0,0,1.56911021471024,0,2.19830918312073,0,41.041183501482,0,0,0,0,0,0,0,0,0,0,0,0,0,0,0,0
0,0,0.557242274284363,0,0,0,0,0,0,0,0,0,0,0,0,0,0,0,4.4561739563942,0,0,0,0,0,0,0,0,0,95.0761117339134,1.30193364620209,0,0,8.46041643619537,0.959396302700043,495.312359541655,273.312017202377,368.879553586245,36.9488430023193,212.238374084234,19.5319623947144,62.6926032304764,1.7419193983078,13008.1631548405,1660.69220280647,0,1195.02228584886,1938.47383075953,61.9774494767189,3725.24056327343,190.811611801386,538.091832071543,15.5838262438774,130.827851057053,0,163.575573563576,5.78363573551178,0,0,321.458633959293,8.1236560344696,6.61645114421844,0,3.87191319465637,0,9.92197412252426,0,2430.95857453346,981.9636695683,0,1.57646346092224,4.69502300024033,0,251.455100357533,5.44439768791199,18.6249888837337,0.514433562755585,342.373406618834,17.3401783704758,0,0,58.2483538091183,0.949118733406067,2.3179224729538,0,61.7691442072392,0,0.602458775043488,0,40.6338959336281,3.1748725771904,1.48203754425049,0,0,0,3.03288865089417,0,8.90505242347717,0,3.49385130405426,0,0,0,0,0,0,0,0,0,0,0,0,0,0,0,0,0
0,0,0,0,0,0,0,0,0,0,0,0,0,0,0,0,0,0,0,0.553024858236313,0,0,0,0,0,0,0,0,0,46.0446491539478,0,1.4871883392334,2.03331017494202,6.184445053339,437.519889473915,547.51650545001,28.0992516279221,264.889416664839,9.04023432731628,268.600709468126,0,49.7435393929482,2777.48341500759,7987.96050781012,1195.02228584886,0,103.412781655788,1398.10492175817,213.090768456459,4383.80031523108,20.8685514330864,1727.3321622014,0,138.461759060621,0,299.54120311141,0,2.21640646457672,21.0825098156929,234.488183736801,0,0.714112222194672,1.20649552345276,4.3821624815464,0,18.7527037858963,873.078327149153,3345.46576249599,0,0,0,0.868436872959137,0.520013332366943,236.89091321826,0,32.7317601144314,4.02053928375244,171.798423141241,0,0.845215499401093,0,72.3623310625553,0,5.26620748639107,0,212.37785834074,0,1.31306785345078,0,219.12259042263,0,0,0,0,0,4.48769378662109,0,0.394459098577499,0,4.6836348772049,0,0,0,0,0,0,0,0,0,0.970450103282928,0,0,0,0,0,0
11.657713085413,0,5.26269209384918,0,0.76670891046524,0,0.849441289901733,0,0,0,0,0,1.62535357475281,0,5.60005927085876,0,0,0,71.1222129166126,0,0,0,5.88725060224533,0,0,0,0,0.904719889163971,293.692888498306,2.14604377746582,10.3711702823639,0.525900602340698,63.2031462788582,6.01385349035263,489.325444161892,101.167795658112,856.111990600824,87.4089442193508,1143.27507427335,32.9532580375671,193.72013682127,2.07885533571243,5113.21568089724,327.750057667494,1938.47383075953,103.412781655788,0,69.6412435770035,909.027882367373,39.6305212974548,2278.99217838049,5.5924164056778,2296.03865975142,0,2256.44387838244,8.78220146894455,14.3118010163307,1.60821127891541,143.668628931046,38.9141619205475,22.8477132320404,4.74410885572433,23.3272563815117,0,28.9791881144047,1.18127143383026,1321.59547245502,509.48002704978,3.78055739402771,0.609495937824249,19.7458065450191,0.763440608978271,386.7414496243,6.66810044646263,19.6529051661491,2.31875050067902,428.242872595787,33.8749257028103,0.681697010993958,0,113.027497500181,7.42730647325516,73.5564842224121,0,253.748187690973,3.21127235889435,104.230108976364,0,1033.47059991956,7.60614037513733,113.272518217564,0.578942179679871,0,0,32.6114070415497,0.638200581073761,80.5702304244041,0,242.108323276043,0,0,0,0,0.767944276332855,3.4272828400135,0,0.69907808303833,0,1.28739738464355,27.2053393721581,0.83286589384079,0,1.25286674499512,0,0,1.58687475323677
0,56.8274296522141,0,26.9711142778397,0,0.503974497318268,0,12.1498510241508,0,1.74240863323212,0,6.81854695081711,0,2.87511742115021,0,2.74019691348076,0,5.00630176067352,0,107.60554125905,0,0,0,20.720759510994,0,0,1.43872737884521,9.55749422311783,0,83.6365995407104,0.710174024105072,29.8070519268513,1.82201024889946,235.155659258366,141.571775734425,223.40021276474,31.6445938944817,1038.50864735246,16.4501242041588,998.894129395485,0,394.791904330254,729.095663398504,6129.19237741828,61.9774494767189,1398.10492175817,69.6412435770035,0,12.1824606657028,506.497793376446,3.17025697231293,908.715690106153,2.17519402503967,972.825084835291,0,2933.18187066913,0,81.2375059723854,3.16708046197891,152.631243228912,0,4.79903626441956,0,6.8808302283287,1.40401864051819,23.6231853961945,124.736335664988,1571.02275905013,2.39325177669525,15.1292825937271,1.37111365795135,50.4198414385319,1.6702367067337,600.665543943644,0.813582003116608,90.8908606469631,1.43211698532104,419.274711638689,0,1.70826494693756,0,26.7487168610096,0,83.0556367337704,0,365.493047177792,0,195.506869643927,0,787.413020610809,0.382776439189911,25.2539234161377,1.29854929447174,3.27892142534256,2.87189757823944,14.9868388772011,1.71861469745636,9.32415318489075,0,429.361302107573,0,0,1.26431119441986,1.77812254428864,0.731131434440613,3.18054181337357,0,2.1683098077774,3.28647065162659,45.4036488234997,0,0,0.557763278484344,0.964668184518814,0,0.407273977994919
0.685287654399872,0,2.70158287882805,0,0,0,2.76670455932617,0,0,0,0,0,0,0,0,0,0,0,7.66365727782249,0,0,0,0,0,0,0,0,0,129.05528870225,0,0,0,0,4.48805016279221,261.159514009953,132.306033492088,495.534280270338,15.3681430220604,95.8014011383057,4.24492794275284,95.1837809979916,0,2853.94602680206,1192.96373441815,3725.24056327343,213.090768456459,909.027882367373,12.1824606657028,0,155.143877208233,5274.18733069301,2.84132772684097,665.67751032114,0,619.038112312555,3.59101095795631,4.04226052761078,1.26862335205078,1181.91146975756,7.62912404537201,151.908345341682,0,14.7330852746964,0,55.9339465498924,0,735.612952768803,636.889580219984,1.84038066864014,0,5.50307595729828,0,352.696850568056,0.413342773914337,39.2643587589264,0,431.000590056181,6.65292978286743,0,0,141.277197211981,0,10.0087615549564,0,154.171539485455,0,0,0,160.456157982349,1.71535813808441,3.68788504600525,0,0,0,9.98349267244339,0,14.4281286597252,0,8.90364906191826,0,0,0,0,0,0,0,0,0,0,0,0,0,0,0,0,0
0,0,0,0,0,0,0,1.49194645881653,0,0,0,0,0,0,0,0,0,1.1135162115097,0,0.739888608455658,0,0,0,0,0,0,0,0.506187796592712,0,73.4560171067715,0,0,0,0,150.254089415073,167.498993456364,20.9876962900162,314.978365153074,1.71834433078766,90.6129544973373,0,68.4987926483154,789.408172488213,2563.76665222645,190.811611801386,4383.80031523108,39.6305212974548,506.497793376446,155.143877208233,0,11.3737225532532,6222.06663605571,0,335.990495979786,0,500.180837035179,0,15.7254185676575,17.464038670063,1490.26180684566,3.93233281373978,9.93628489971161,1.10764670372009,11.8032810091972,0.970720410346985,638.370538502932,370.775394141674,872.657689452171,0,1.07827186584473,0,0.813217163085938,0,333.082657247782,0,41.3356579840183,2.81625032424927,231.108949005604,0,5.34100306034088,0,149.08219113946,0,15.0954861938953,0,351.775426030159,0,6.07564914226532,0,349.252350866795,0,0,0,0,0,15.0746868848801,0,0,0,3.32876068353653,0,0,0,0,0,0,0,0,0.694757521152496,2.29519146680832,0,0,0,0,0,0
111.272115588188,0,18.3795513808727,0,0,0,154.209938019514,0,0,0,3.9766303896904,0,2.57061839103699,0,0,0,2.35614758729935,0,19.7550232410431,0,0,0,0,0,0,0,0.689455986022949,0,246.454055309296,0,0,0,1.55756008625031,3.98799377679825,62.6339575350285,40.9301495850086,439.156066000462,19.3267043232918,70.9038550257683,0,134.835862576962,0,870.805964082479,151.762796640396,538.091832071543,20.8685514330864,2278.99217838049,3.17025697231293,5274.18733069301,11.3737225532532,0,0,4120.16454187036,0,2735.28189232945,1.5914398431778,123.912897437811,7.85115301609039,3007.14733481407,3.13017439842224,1954.11571750045,0.694943249225616,35.4994161725044,1.86067980527878,1103.46773719788,0,381.145784109831,230.584458827972,5.58155751228333,1.28572404384613,13.0685248374939,0.479586809873581,619.516101241112,0.694866299629211,51.1035479009151,0,404.08808156848,4.36763858795166,6.65597307682037,0,272.064859330654,1.66147518157959,83.5193736553192,0,3622.35813754797,0,9.98170211911201,0,1222.53136670589,0.719041407108307,5.85687685012817,0,0,0,10.6919877827168,0,9.88122406601906,0,7.48778337240219,0,0,0,0,0,0,0,0,0,0,1.32553386688232,0,0,0,0,0,0
0,0.5602667927742,0,0,0,0,0,3.33156108856201,0,0,0,0,0,0,0,0,0,0.789503157138824,0,0,0,0,0,0,0,0,0,1.16093599796295,0,120.069280594587,0,0,0,0,33.7440536022186,46.0772234201431,3.83880811929703,394.950967103243,0,83.1009925305843,0,103.30415520072,41.4849334955215,1090.46183291078,15.5838262438774,1727.3321622014,5.5924164056778,908.715690106153,2.84132772684097,6222.06663605571,0,0,0,4442.20241034031,0,1710.67241925001,0,15.5161205232143,0,809.699209332466,0,19.1037993431091,0,17.5339244604111,0,1701.68842500448,79.8908694088459,320.730513334274,0,0,0,0,0,434.610411554575,0,62.2729389965534,0,234.756437718868,0,8.95707413554192,0,270.986943542957,0,57.131555467844,0,3775.93987393379,0,38.2742335498333,0,1713.5803719461,0,1.70117497444153,0,0,0,24.1941003501415,0,0.810443043708801,0,13.6737936139107,0,0,0,0,0,0,0,0,0.930801630020142,2.66582304239273,0,0,0,0,0,0
3.12531524896622,0,0,0,0,0,2.39098918437958,0,0,0,0.903962552547455,0,0,0,0,0,0,0,0,0,0,0,0,0,0,0,0,0,40.2514292299747,0,0,0,0,0,5.73329067230225,7.40139645338058,82.2092533409595,0,21.8526557385921,0,24.8655489087105,0,159.473475247622,3.9793992638588,130.827851057053,0,2296.03865975142,2.17519402503967,665.67751032114,0,4120.16454187036,0,0,0,1635.49615332484,0,3.50333738327026,0,3.32742071151733,0,20.2927136719227,0,7.66177666187286,0,69.1500385403633,0,16.0054439902306,22.4448757171631,0,0,0,0,93.3584242165089,0,1.79810798168182,0,47.1318737566471,0,0,0,15.9975744485855,0,9.33346623182297,0,271.567593604326,0,6.24050176143646,0,381.998389065266,0,17.2098955214024,0,0,0,0.690753936767578,0,1.60472583770752,0,35.0336992144585,0,0,0,0,0,0,0,0,0,0,0,0,0,0,0,0,0
0,0,0,0,0,0,0,0,0,0,0,0,0,0,0,0,0,0,0,0,0,0,0,0,0,0,0,0,0,12.2327574491501,0,0,0,0,4.66396534442902,4.35778212547302,1.44697022438049,88.4555539190769,0,37.4713491797447,0,40.541324287653,11.6458424329758,306.147182136774,0,138.461759060621,0,972.825084835291,0,335.990495979786,0,4442.20241034031,0,0,0,2290.40417784452,0,1.54603570699692,0,6.76188331842422,0,0,0,0,0,16.9044426381588,6.87393772602081,30.7018788158894,0,0,0,0,0,93.4894904196262,0,4.99893397092819,0,23.6975384652615,0,0,0,6.82338213920593,0,12.1088778376579,0,1000.50318437815,0,12.1938238441944,0,754.79225474596,0,0.70073276758194,0,0,0,0,0,1.13656052947044,0,25.5831039249897,0,0,0,0,0,0,0,0,0,0,0,0,0,0,0,0
17.9802726507187,0,0,0,0,0,0.888458728790283,0,0,0,1.40101182460785,0,0,0,0,0,1.00970435142517,0,0,0,0,0,0,0,0,0,0,0,46.2860000729561,0,0,0,0.790154814720154,0,35.1371687650681,3.88999658823013,672.619625598192,2.6017552614212,1185.89269506931,0,34.0265153944492,0,225.184721082449,6.39729762077332,163.575573563576,0,2256.44387838244,0,619.038112312555,0,2735.28189232945,0,1635.49615332484,0,0,0,33.077295422554,0,30.5982132852077,0,67.5289035737514,0,21.2986007630825,0,215.309847891331,0,69.2392801642418,10.1940277218819,0.650550901889801,0,3.97702765464783,0.858786523342133,35.8251111507416,0.82200014591217,4.76275444030762,1.34840172529221,44.7544777691364,4.13805735111237,0,0,11.2697901129723,0,33.4631698429585,0,665.569085776806,0,352.13837698102,0,3736.39382237196,0,12.5452480912209,0,0,0,0,0,1.73896211385727,0,30.376742631197,0,0,0,0,0,0,0,0,0,0,0,0,0,0,0,0,0
0,0,0,0,0,1.79307115077972,0,0,0,0,0,0,0,0,0,4.04130625724792,0,0,0,0,0.791319191455841,0,0,0,0,0,0,0,0,30.1922451257706,0,0,0,0,24.152270257473,24.4823183715343,6.00815385580063,665.804833829403,0.977778971195221,1404.5092703402,0,338.661231458187,47.9467953145504,308.863586634398,5.78363573551178,299.54120311141,8.78220146894455,2933.18187066913,3.59101095795631,500.180837035179,1.5914398431778,1710.67241925001,0,2290.40417784452,0,0,0,0.51359099149704,14.0568574666977,39.3051765263081,2.37599754333496,4.86289727687836,0,6.08841747045517,0,76.3485185801983,36.0206199586391,118.496042221785,0,0,0.863122582435608,5.77127316594124,1.089808344841,130.076038211584,0,14.8411832153797,1.52408134937286,37.9305000603199,0,0.452152907848358,0,17.5592553317547,0,126.248007833958,0,837.137409329414,0,896.947713017464,0,3143.74596264958,0,7.35004717111588,0,0,0,1.13164055347443,0,19.4057863652706,0,145.734436333179,0,0,0,0,0,0,0,0,0,0,0,0,0,0,0,0
10885.4868820012,39.2011938393116,442.350162774324,22.8265217244625,0,0,650.228467553854,9.44443872570992,0,0,455.287865489721,0,369.816966503859,0,13.7992187738419,0,1481.94878339767,0,570.620174199343,82.3730465769768,0,0,3.76100206375122,0,0,0,0.991859912872314,0,1285.48793169856,1.22263550758362,4.90801557898521,3.245590031147,109.745063483715,137.49021717906,1.53811538219452,0.556864380836487,378.83676508069,6.07622426748276,109.313734918833,0,5.65283977985382,0,0,0,0,0,14.3118010163307,0,4.04226052761078,0,123.912897437811,0,3.50333738327026,0,33.077295422554,0,0,225.028021842241,1280.96028482914,35.483581840992,5542.13520127535,20.0260539650917,2020.03542754054,25.6744703054428,260.898217082024,0,629.363886415958,119.029080569744,2011.11604458094,109.265612751245,495.774412065744,40.2917936146259,1666.7747156024,10.7178310155869,453.812211066484,6.46804046630859,2517.82361656427,76.274443179369,104.098364681005,2.54681497812271,235.354750365019,9.71872043609619,3.20056062936783,0,142.487043857574,1.42266321182251,0,0,87.728540122509,0,0,0,0,0,112.856813192368,0,44.4556158185005,0,2.45087051391602,0,0,0,0.495644450187683,0,14.1702848672867,0,10.1465843915939,0,5.48897671699524,9.04791724681854,0,0,0,0,0,1.33403730392456
14.1078320145607,11193.6933081746,5.84509783983231,420.918790400028,0,0,3.62277990579605,1021.61327341199,0,1.70810151100159,0.471657186746597,403.522104412317,0,304.276083678007,0,11.6972661018372,3.26763713359833,2611.56901374459,21.8857321739197,496.452174335718,0,0,0,11.2144415378571,0,0,0,1.18660295009613,3.92336910963058,389.467489898205,5.54722917079926,2.0251379609108,190.026764541864,169.241527378559,24.4945092797279,3.91328555345535,21.5337399244308,232.34454163909,0.644577503204346,129.846224635839,1.21934163570404,8.08939582109451,4.65397354960442,0.822756230831146,0,2.21640646457672,1.60821127891541,81.2375059723854,1.26862335205078,15.7254185676575,7.85115301609039,15.5161205232143,0,1.54603570699692,0,0.51359099149704,225.028021842241,0,150.513759225607,2715.3251028657,118.323231488466,1643.01334497333,64.1488862633705,2377.87176260352,4.95206612348557,614.78442054987,399.949445456266,545.01718172431,129.383411288261,2098.34301996231,130.827311962843,397.695548176765,18.8025987148285,2089.91996869445,1.54630792140961,445.237564563751,196.151465177536,2495.29125836492,4.56725645065308,132.810567140579,23.8507559895515,356.596128165722,0,7.55087202787399,9.61462879180908,148.930512189865,0,2.44436579942703,0,155.393405079842,0,0,0,0,0,236.352416425943,0.647259593009949,14.616367816925,0,2.68853116035461,0,0.877292513847351,0,0,0,14.6205044686794,3.48155343532562,4.44041395187378,9.51609501242638,25.6677035689354,0,0,0,0,0,4.87821274995804
81.4824607372284,5.77308320999146,126.820583224297,0,0,0,55.8173280954361,0,0,0,9.74683123826981,0,3.61838585138321,0,0,0,44.6496040225029,0.889925718307495,248.721309244633,4.08964788913727,0,0,0,0,0,0,0,0,394.993287920952,1.79928946495056,0,0,98.3938152194023,71.4976217746735,66.5952849388123,81.9516323208809,452.982705652714,146.059825360775,124.840132504702,2.0051007270813,35.5614942908287,0,118.477236062288,86.1020092070103,321.458633959293,21.0825098156929,143.668628931046,3.16708046197891,1181.91146975756,17.464038670063,3007.14733481407,0,3.32742071151733,0,30.5982132852077,14.0568574666977,1280.96028482914,150.513759225607,0,92.5595916509628,5617.09418082237,17.3378944396973,285.974119007587,21.1450510025024,1458.75933980942,5.58349150419235,2935.22456693649,567.577664673328,470.281425446272,27.7220048308372,135.010771602392,8.21173545718193,533.757602840662,14.7365028858185,128.209883034229,0,966.005971074104,71.846860229969,105.020425707102,4.02142661809921,496.745762735605,19.6575835943222,26.9066125154495,0,227.206521093845,13.658893764019,0.759335696697235,0,51.4689855277538,7.69656229019165,0,0,0,0,44.502160847187,0,17.2650980353355,0,0,0,0,0,0,0,0,0,1.56692612171173,0,1.07108846306801,4.84149211645126,0,0,0,0,0,0
0.430948197841644,95.8790917098522,0,34.8670807480812,0,0,0,76.5986974239349,0,0,0,28.704885840416,0,7.41542559862137,0,0,2.11912679672241,46.9893259704113,0.840772569179535,170.971866875887,0,0,0,0.791965067386627,0,0,0,0.760437250137329,4.57447701692581,124.158148288727,0,0.618829250335693,87.1365663707256,99.1253668069839,45.6139368414879,72.3481996655464,17.3359161019325,427.788130402565,3.71262621879578,84.1814933419228,0,51.3608726561069,51.72351115942,82.1776010990143,8.1236560344696,234.488183736801,38.9141619205475,152.631243228912,7.62912404537201,1490.26180684566,3.13017439842224,809.699209332466,0,6.76188331842422,0,39.3051765263081,35.483581840992,2715.3251028657,92.5595916509628,0,64.7953885197639,2381.90606668591,29.0297145843506,525.475976020098,31.2136601209641,2508.72696310282,351.172860085964,3081.20137038827,6.03409898281097,309.408468902111,14.6081666350365,36.3512334823608,5.05493867397308,698.210018068552,0,132.782537430525,79.4852945208549,763.551182061434,2.31280422210693,150.961030334234,12.5312453508377,723.071903467178,0,14.5976459980011,4.78599321842194,276.823348641396,0,0.424678891897202,0,270.417785078287,0,0,0,0,0,84.9695709347725,0,0,0,0,0,0,0,0,0,0,0,0,0.99808531999588,5.6231914460659,0,0,0,0,0,0
904.980901122093,5.34702277183533,66.9536899626255,0,0,0,287.470556080341,0,0,0,457.387041896582,0,258.407504111528,0,2.49492835998535,0,498.945968419313,0,63.2964831888676,0,0,0,0,0,0,0,0,0,372.771349966526,3.24211812019348,4.84517598152161,1.95239886641502,9.32775163650513,44.0610514879227,15.6486481428146,21.5584772825241,252.050859510899,138.599823951721,62.8877852261066,0,15.3148561120033,0,0,2.86346077919006,6.61645114421844,0,22.8477132320404,0,151.908345341682,3.93233281373978,1954.11571750045,0,20.2927136719227,0,67.5289035737514,2.37599754333496,5542.13520127535,118.323231488466,5617.09418082237,64.7953885197639,0,14.1520580053329,4116.95360296965,11.1552962064743,4928.66727682948,1.29737222194672,517.773870050907,265.37253755331,148.258837163448,15.6892110705376,116.082477480173,7.57105773687363,506.965454190969,13.8444603681564,100.773507595062,0,759.373396903276,63.6331055760384,55.6083363890648,1.14287602901459,349.656085312366,4.58892983198166,31.3461369872093,0,878.867785781622,3.45656824111938,5.14465841650963,0,575.62812641263,0,1.73220109939575,0,0,0,29.4049689173698,0,6.12717416882515,0,0.886880576610565,0,0,0,0,0,0.381954371929169,0,0,0,2.69269406795502,5.8267068862915,0,0,0,0,0,0
0,151.072319626808,0,13.1921728849411,0,0,0,84.8204821646214,0,0,0,350.372616499662,0,160.159177750349,0,0,0,461.280742406845,0,11.8863484561443,0,0,0,0.660829126834869,0,0,0,0,0,90.8443928062916,0,0,6.44236034154892,8.11549565196037,0.923856198787689,2.65421497821808,1.64998018741608,37.1784088611603,0,12.0684977769852,0,0.557880997657776,0,0,0,0.714112222194672,4.74410885572433,4.79903626441956,0,9.93628489971161,0.694943249225616,19.1037993431091,0,0,0,4.86289727687836,20.0260539650917,1643.01334497333,17.3378944396973,2381.90606668591,14.1520580053329,0,4.3807709813118,3385.37896999717,5.15155643224716,3871.35671648383,54.5914735198021,167.365693807602,1.08933162689209,8.91465413570404,23.1516261696815,37.7557570636272,2.24029749631882,269.301735281944,0,39.0639627575874,39.5332416892052,148.71342664957,0,23.1090574264526,2.07022941112518,214.742581605911,0,2.46563494205475,1.31556153297424,503.813071757555,0,0.399284690618515,0,246.675453394651,0,0,0,0,0,8.14433801174164,0,0,0,0,0,0,0,0,0,0,0,0,0.541281640529633,0.653222501277924,0,0,0,0,0,0
185.726874232292,0,64.7432415485382,0,0,0,72.8805222511292,0,0,0,750.865079641342,0,607.573383271694,0,9.98818075656891,0,1417.87139180303,0,60.1357211768627,2.0143826007843,0,0,1.54149389266968,0,0,0,0,0,740.244860619307,4.47923171520233,4.82130229473114,0,7.6790144443512,30.9105754494667,8.87104153633118,3.15961980819702,93.6018716394901,26.253104865551,47.7395239472389,0,11.248281955719,0,1.4196617603302,0,3.87191319465637,1.20649552345276,23.3272563815117,0,14.7330852746964,1.10764670372009,35.4994161725044,0,7.66177666187286,0,21.2986007630825,0,2020.03542754054,64.1488862633705,285.974119007587,29.0297145843506,4116.95360296965,4.3807709813118,0,2.46698069572449,491.462428331375,4.08021116256714,232.633691161871,111.259355962276,85.6304447650909,14.5598999857903,60.427304983139,5.09840130805969,315.792321354151,6.284543633461,46.1302253901958,0,315.890452921391,25.7062957882881,88.9281817376614,0.724607706069946,2463.00369957089,2.81974029541016,63.9846222400665,0,1886.21443831921,0,22.2627756595612,0,740.529716163874,0,0,0,0,0,10.868575155735,0,2.00126683712006,0,1.90161788463593,0,0,0,0,0,2.35011875629425,0,2.13419169187546,0,0,0,0,0,0,0,0,0
0.480947107076645,173.260083854198,0,24.0296472012997,0,0,0,43.7586309611797,0,0,0,261.932071179152,0,129.881309449673,0,0,1.39498353004456,2549.31435367465,0.98005336523056,19.8663973808289,0,0,0,2.39538723230362,0,0,0,0,0,461.162059783936,2.23595452308655,0,15.3033546209335,10.1794087290764,9.59068596363068,3.99849539995193,0,54.3718902170658,0,8.58867788314819,0,1.474454164505,0,0,0,4.3821624815464,0,6.8808302283287,0,11.8032810091972,1.86067980527878,17.5339244604111,0,0,0,6.08841747045517,25.6744703054428,2377.87176260352,21.1450510025024,525.475976020098,11.1552962064743,3385.37896999717,2.46698069572449,0,4.63338750600815,795.555217862129,46.5440028607845,248.567961454391,7.74704253673553,52.993634134531,17.4373881518841,50.5003091096878,1.80558466911316,474.410076677799,0,37.3353884220123,30.5316114127636,176.89795807004,0,98.3243974149227,1.86266922950745,2128.03026121855,0,10.0934083163738,1.80686402320862,1583.76923689246,0,11.0234398543835,0,502.197359055281,0,0,0,0,0,18.565352678299,0,0,0,0,0,0,0,0,0,0,0,0,0.537028729915619,3.36219394207001,0,0,0,0.590309619903564,0,0
197.286106675863,0,34.8594725131989,0,0,0,212.784917354584,0,0,0,59.0404431521893,0,67.1089261174202,0,0,0,13.3919093310833,0,16.2132520377636,0.64975780248642,0,0,0.547284483909607,0,0,0,0,0,85.3628490865231,2.17578995227814,2.26927405595779,0,0.468816757202148,5.92679333686829,1.61401772499084,0.869320034980774,103.151768386364,37.6023129224777,11.703987210989,0,20.7272330224514,0,2.71488755941391,0,9.92197412252426,0,28.9791881144047,1.40401864051819,55.9339465498924,0.970720410346985,1103.46773719788,0,69.1500385403633,0,215.309847891331,0,260.898217082024,4.95206612348557,1458.75933980942,31.2136601209641,4928.66727682948,5.15155643224716,491.462428331375,4.63338750600815,0,5.31371796131134,119.286382555962,96.8375690579414,5.4312769472599,0,15.4301111996174,2.89307248592377,177.955898672342,3.44836515188217,20.1672098636627,1.388880610466,170.237256169319,13.9820598959923,5.90110808610916,1.36410737037659,144.65498483181,5.81713819503784,37.0057800412178,0,4407.98516124487,8.95013296604156,16.8036753833294,0,1383.24169254303,1.89262712001801,0,0,0,0,5.54337602853775,0,2.14317721128464,0,0,0,0,0,0,0,0,0,0.625783801078796,0,0,0.868020832538605,0,0,0,0,0,0.426568448543549
0,130.014754891396,0,8.98076415061951,0,0,0,114.843306481838,0,0,0,242.699561566114,0,127.461073637009,0,0,0,111.948820114136,0,5.22115889191628,0,0,0,0,0,0,0,0.537491381168365,0,101.750641137362,0,0,2.6499086022377,0,1.48284530639648,2.18677031993866,7.87839448451996,150.605188310146,0,26.0181420445442,0,24.8288936913013,0,4.55943781137466,0,18.7527037858963,1.18127143383026,23.6231853961945,0,638.370538502932,0,1701.68842500448,0,16.9044426381588,0,76.3485185801983,0,614.78442054987,5.58349150419235,2508.72696310282,1.29737222194672,3871.35671648383,4.08021116256714,795.555217862129,5.31371796131134,0,27.6825853586197,253.360952734947,0,4.29203879833221,1.5637629032135,20.0535828471184,0,481.208754390478,0,71.3963272571564,6.10721445083618,217.681828677654,0,40.2771744132042,0,904.750360995531,0,50.4617097973824,0,2581.00862571597,0,37.0582040250301,0,953.162445932627,0,0,0,0,0,21.8807808160782,0,1.37144112586975,0,0,0,0,0,0,0,0,0,0,0,2.38593399524689,0,0,0,0,0,0
66.8620898425579,43.3225661814213,169.424520939589,2.07756316661835,0,0,37.4177094995975,0.457071423530579,0,0,12.9753300249577,0,9.64717614650726,0,0,0,27.6547211408615,1.99811804294586,1387.57830366492,36.5361072123051,0.646798133850098,0,423.14148414135,0,0,0,0,0,192.877756297588,7.99193358421326,507.111021250486,15.441762983799,5593.99692291021,379.65390470624,2694.80486947298,415.117255747318,423.407016336918,386.901807039976,540.365783900023,27.0458147525787,45.1336379051208,3.03777948021889,2031.0753044486,886.13925498724,2430.95857453346,873.078327149153,1321.59547245502,124.736335664988,735.612952768803,370.775394141674,381.145784109831,79.8908694088459,16.0054439902306,6.87393772602081,69.2392801642418,36.0206199586391,629.363886415958,399.949445456266,2935.22456693649,351.172860085964,517.773870050907,54.5914735198021,232.633691161871,46.5440028607845,119.286382555962,27.6825853586197,0,2588.69584345818,1664.2084595263,194.44594347477,147.607615858316,40.0234605371952,383.867624789476,57.0676951110363,76.9576372802258,9.04903930425644,916.933742910624,172.745496451855,54.6106343269348,0,267.503025740385,41.419873714447,7.44704496860504,0,130.259614259005,32.5620129704475,5.93596315383911,0,38.6478258371353,19.4331794679165,6.88508552312851,0,0,0,44.5564473569393,0,35.6813369393349,0,6.04506951570511,1.3039938211441,0,0,0,0,0.547978043556213,0,0,0,0.688669621944427,2.87905848026276,0,0,0,0,0,0
5.98968082666397,42.0515902638435,1.5277227461338,68.7284621596336,0,0,0.585213840007782,28.6276165246964,0,0,0,11.0517783761024,0,6.14038962125778,0,0.436781972646713,3.46069830656052,17.4523680210114,21.9247086942196,977.253496348858,0,0,0,194.831913530827,0,0,0,1.71415907144547,10.733831346035,68.7185101509094,9.01474857330322,504.475672781467,341.792902797461,5779.79485550523,404.144213318825,2201.8226428628,220.217734217644,569.240884453058,32.3281242251396,557.899511605501,0,78.6440277993679,893.909984171391,2272.54653003812,981.9636695683,3345.46576249599,509.48002704978,1571.02275905013,636.889580219984,872.657689452171,230.584458827972,320.730513334274,22.4448757171631,30.7018788158894,10.1940277218819,118.496042221785,119.029080569744,545.01718172431,567.577664673328,3081.20137038827,265.37253755331,167.365693807602,111.259355962276,248.567961454391,96.8375690579414,253.360952734947,2588.69584345818,0,66.5243935883045,782.12311181426,60.3886314034462,59.5746293067932,48.4295006990433,382.886328816414,4.34293860197067,82.8475144505501,274.648706257343,508.097385704517,8.10133397579193,50.9292310476303,19.9764423370361,453.919560164213,0,33.488830447197,11.7983983159065,288.186157047749,0,26.4112707972527,1.4682594537735,307.85112324357,0,0,0,0,0,48.8435024023056,0.944011390209198,2.57764303684235,1.08808425068855,1.59809285402298,0,0,0,0,0,0,0,0,1.04754000902176,9.08860158920288,0,0,0,0,0,0
846.603640645742,117.498756498098,247.08086925745,13.8537144362926,0,0,25.3771679401398,0,0,0,41.8221685886383,0,39.3977116048336,0,0,0,82.8923238515854,0,2560.90252771974,202.894752830267,0,0,0.397550076246262,0,0,0,0.882189631462097,0,188.669919878244,1.13891351222992,3.04006478190422,0,693.541567087173,276.21627831459,0,1.86859709024429,330.850612998009,1.31663483381271,109.488239973783,0,1.4679394364357,0,0,0,0,0,3.78055739402771,2.39325177669525,1.84038066864014,0,5.58155751228333,0,0,0,0.650550901889801,0,2011.11604458094,129.383411288261,470.281425446272,6.03409898281097,148.258837163448,1.08933162689209,85.6304447650909,7.74704253673553,5.4312769472599,0,1664.2084595263,66.5243935883045,0,283.374532431364,383.701151758432,53.0177366733551,613.405998647213,11.7793120145798,331.468393266201,0.588249325752258,2930.10997349024,84.7504750490189,1.85660117864609,0.571537554264069,14.3323452472687,0.609288096427917,1.83008778095245,0,2.47162210941315,0,0,0,0.756808340549469,0,0,0,0,0,115.958771675825,1.00995850563049,11.5401515364647,0,0,0,0,0,0,0,1.4760959148407,0,10.9866884350777,0,2.02745944261551,7.51279383897781,0,0,0,0,0,0.972356796264648
62.0487459897995,690.590015381575,11.1258517503738,225.850647866726,0,0,1.12317752838135,63.2717280387878,0,0,0,9.92835110425949,0,3.64083302021027,0,0,1.53783810138702,58.9271208047867,174.594878464937,1910.51462745667,0,0,0,3.91370970010757,0,0,0,0,12.3708555102348,31.02699893713,3.70001810789108,2.17846739292145,371.221500009298,811.386927515268,3.31255310773849,0,0,60.9210980534554,0.60040682554245,51.1551883220673,0,1.0342869758606,0,0,1.57646346092224,0,0.609495937824249,15.1292825937271,0,1.07827186584473,1.28572404384613,0,0,0,0,0,109.265612751245,2098.34301996231,27.7220048308372,309.408468902111,15.6892110705376,8.91465413570404,14.5598999857903,52.993634134531,0,4.29203879833221,194.44594347477,782.12311181426,283.374532431364,0,84.7436783015728,264.558585315943,14.5618972480297,284.581954360008,2.59276628494263,130.83277374506,119.030845791101,1452.39569944143,0,5.62768959999084,1.8677619099617,18.0070099532604,0,0,0,1.50212246179581,0,0,0,0.974202334880829,0,0,0,0,0,85.3138839900494,0,0,0,0,0,0,0,0,0,0.999077141284943,0,0,3.35247427225113,5.82087135314941,0,0,0,0,0,0
801.914282917976,72.6765819489956,1279.12942555547,156.122820794582,756.829831629992,66.2376002967358,1115.66439989209,226.034129291773,549.323457807302,21.5742718577385,68.0382805764675,29.0047231018543,348.690780580044,47.8128724098206,1432.73456382751,34.5075053870678,16.5069099068642,6.47652924060822,493.006839483976,256.269313871861,731.166075140238,229.489440441132,768.40135833621,545.655960351229,287.3784096241,183.260238438845,529.220938235521,214.496364086866,191.668239951134,9.7953616976738,1246.23310086131,342.751381635666,241.314059078693,147.010037451982,19.0117820203304,2.19620674848557,385.896024495363,15.1184535622597,65.181387335062,0,227.334760814905,20.4007517695427,0.690448820590973,0.671250641345978,4.69502300024033,0,19.7458065450191,1.37111365795135,5.50307595729828,0,13.0685248374939,0,0,0,3.97702765464783,0.863122582435608,495.774412065744,130.827311962843,135.010771602392,14.6081666350365,116.082477480173,23.1516261696815,60.427304983139,17.4373881518841,15.4301111996174,1.5637629032135,147.607615858316,60.3886314034462,383.701151758432,84.7436783015728,0,284.671710044146,3564.38495591283,84.3029576539993,3244.16209322214,71.9394313693047,4172.40909308195,100.152137726545,0,1.67848539352417,19.0149660110474,10.1230906248093,9.82939100265503,4.40871918201447,25.3823171854019,0.896830141544342,27.2819077968597,8.61617404222488,31.6075867414474,1.70224440097809,11.1119527816772,2.98279690742493,8.14028632640839,1.6402804851532,114.153955638409,7.6060394346714,28.4454278051853,3.63166356086731,3.22843551635742,3.92784383893013,5.71532207727432,0,38.0242740809917,8.25455504655838,93.6969989836216,16.1709727048874,7.61582478880882,2.12476110458374,71.2459183335304,10.7385818362236,10.0492579340935,2.55808490514755,7.41156223416328,7.99713844060898,0.938868820667267,34.9426228106022
148.739063620567,1188.94703051448,363.634884178638,1366.20873233676,88.6593975424767,622.614629566669,369.450995624065,1955.52176034451,42.1466166377068,605.032313972712,28.0219114720821,514.362080603838,134.043342649937,688.814393788576,40.1021111011505,563.625765949488,4.00874361395836,148.054469436407,318.539777129889,990.561481446028,59.5927132368088,593.989244639874,429.614856302738,1577.36788487434,71.8202155530453,558.392574042082,73.5636560320854,677.102296859026,45.2174993753433,127.179319024086,156.498738020658,554.672188580036,93.4280625879765,240.31115141511,3.46554124355316,4.35675901174545,23.8238556683064,213.884532243013,6.73659008741379,27.1475961208344,54.4943117499352,200.723127037287,2.13118118047714,2.19606843590736,0,0.868436872959137,0.763440608978271,50.4198414385319,0,0.813217163085938,0.479586809873581,0,0,0,0.858786523342133,5.77127316594124,40.2917936146259,397.695548176765,8.21173545718193,36.3512334823608,7.57105773687363,37.7557570636272,5.09840130805969,50.5003091096878,2.89307248592377,20.0535828471184,40.0234605371952,59.5746293067932,53.0177366733551,264.558585315943,284.671710044146,0,188.045299947262,5522.65344068408,54.9110038876534,4848.51575270295,295.24444180727,8727.86690419912,0,0.53409743309021,0.660743534564972,5.62236201763153,2.17134940624237,12.8954245448112,2.1949896812439,18.6714652776718,10.5880688428879,58.0750925838947,13.5565409660339,12.619760453701,1.41406291723251,31.9614167809486,7.53295373916626,23.0052452087402,24.791125535965,223.515962928534,20.1296741068363,14.3531006276608,12.6497746706009,15.2131053209305,1.39538586139679,11.7106700539589,5.27607715129852,71.2391249835491,30.8408705294132,92.1437779963017,19.6751419603825,20.5944195091724,117.681851536036,14.0921283364296,9.69135323166847,2.05075526237488,7.47215348482132,11.3386509120464,13.6037898957729,62.7149623036385
1844.26611456275,95.7536845207214,3320.50048932433,202.72768715024,1025.2758218646,9.51583263278008,1455.62274542451,259.174215823412,900.706586122513,4.46210432052612,304.214214324951,48.4045267701149,1143.5947894156,58.3224819898605,2979.69819921255,5.13362616300583,357.082996070385,8.5378283560276,1538.46624466777,654.436708569527,149.91848051548,5.7672501206398,1107.09204003215,399.474944621325,106.604237020016,20.0615252554417,126.191192865372,9.51683861017227,2776.15373012424,2.01032829284668,244.270631253719,207.252762973309,178.247002840042,248.101700395346,69.8217757940292,32.1223039925098,422.095243036747,26.1254308819771,86.8390539884567,1.00849604606628,813.051392644644,39.4583806991577,260.005657017231,2.42370837926865,251.455100357533,0.520013332366943,386.7414496243,1.6702367067337,352.696850568056,0,619.516101241112,0,93.3584242165089,0,35.8251111507416,1.089808344841,1666.7747156024,18.8025987148285,533.757602840662,5.05493867397308,506.965454190969,2.24029749631882,315.792321354151,1.80558466911316,177.955898672342,0,383.867624789476,48.4295006990433,613.405998647213,14.5618972480297,3564.38495591283,188.045299947262,0,95.8291507363319,4336.02631232142,82.4677126407623,2277.62436625361,106.082522928715,56.8309832513332,0,266.369345843792,0,139.009939044714,2.12476712465286,233.536524116993,1.19080877304077,78.8356667160988,16.9532627761364,132.743147432804,3.78435742855072,15.4115518331528,7.42196148633957,11.3368481695652,1.77135133743286,109.555347532034,8.85286891460419,29.7154245078564,4.44519925117493,23.1892525851727,1.2283707857132,3.64293676614761,0,38.4995108246803,8.85829341411591,77.6137337386608,10.0840139985085,24.5194107592106,0,43.3512615859509,13.3448289036751,2.20422583818436,0,3.41924923658371,6.15195953845978,1.72129333019257,16.1528215706348
48.1981397867203,2042.26630985737,204.386077791452,2493.07067808509,7.98019024729729,940.920420914888,207.561753481627,1705.84740865231,5.54365822672844,1185.7648537755,11.1068235039711,1064.05087810755,74.6840182244778,1425.19836774468,10.9038800597191,2095.12382388115,0,1622.4203646183,192.959057956934,1525.23722201586,1.64798855781555,147.020173490047,209.493844240904,1581.47825846076,6.64719498157501,261.552473515272,3.1890515089035,328.250544816256,11.8973086476326,4748.78605216742,64.4121384322643,177.164739459753,40.7947087287903,164.483863890171,8.65569022297859,29.4323148727417,11.3824494481087,493.500381112099,4.39103102684021,50.4565770626068,9.58480376005173,1237.74841415882,67.5590919554234,240.528836846352,5.44439768791199,236.89091321826,6.66810044646263,600.665543943644,0.413342773914337,333.082657247782,0.694866299629211,434.610411554575,0,93.4894904196262,0.82200014591217,130.076038211584,10.7178310155869,2089.91996869445,14.7365028858185,698.210018068552,13.8444603681564,269.301735281944,6.284543633461,474.410076677799,3.44836515188217,481.208754390478,57.0676951110363,382.886328816414,11.7793120145798,284.581954360008,84.3029576539993,5522.65344068408,95.8291507363319,0,26.9702208638191,2406.84835973382,63.202591329813,1424.28369444609,0,251.304358303547,0,449.519577562809,0,508.616895884275,1.56088316440582,418.346314162016,0.574655175209045,164.64743372798,0.993141293525696,455.086708277464,8.65183889865875,19.8295613527298,4.54460644721985,9.18063774704933,10.4357278943062,112.007276803255,10.1376574635506,6.44531285762787,0.459320068359375,33.8355115056038,3.10731506347656,6.62117376923561,1.7791006565094,31.3901219069958,6.68360665440559,39.4104726016521,3.86470073461533,9.83912283182144,31.5421369373798,29.255101621151,7.78643605113029,0,4.97071933746338,4.10066920518875,3.22024405002594,8.85817730426788
639.579340875149,16.4892907440662,729.499548703432,43.9415843188763,59.7231397628784,0,305.266023904085,64.465034365654,79.732522726059,0,64.0085362195969,12.2639295458794,155.18052148819,4.20709091424942,240.074618041515,0,32.643262386322,1.22792553901672,510.333944320679,136.195599257946,46.4261745214462,0,252.179731398821,43.1928621530533,7.22927215695381,1.00597941875458,31.5915649533272,14.3305403590202,103.285782337189,0.825642585754395,58.0137923955917,40.9606501460075,48.8895921707153,67.0325461030006,14.0587213635445,1.21293517947197,1085.37005957961,37.6898666322231,205.981984972954,13.1874176859856,249.522418469191,18.4231660366058,11.0745013952255,0,18.6249888837337,0,19.6529051661491,0.813582003116608,39.2643587589264,0,51.1035479009151,0,1.79810798168182,0,4.76275444030762,0,453.812211066484,1.54630792140961,128.209883034229,0,100.773507595062,0,46.1302253901958,0,20.1672098636627,0,76.9576372802258,4.34293860197067,331.468393266201,2.59276628494263,3244.16209322214,54.9110038876534,4336.02631232142,26.9702208638191,0,95.8635157346725,1835.21007698774,54.7318760454655,4.87111932039261,0,28.55066421628,0,5.99388122558594,1.22578465938568,30.6405694484711,0,18.1094091534615,1.7114691734314,33.6611748337746,0,59.9721099734306,198.945851475,96.8593307733536,118.816626518965,365.719044804573,70.0726098418236,100.111864537001,42.1606752872467,77.90413621068,82.3355782926083,40.5617870092392,29.0435156226158,171.905370593071,201.877845793962,273.019399225712,88.7855148613453,37.1109534204006,18.3841143548489,96.0514051020145,44.1569455862045,40.6962343454361,17.8472405076027,35.3128830194473,20.086004525423,3.32301980257034,56.3903365135193
7.28910386562347,699.145520269871,31.1791092157364,722.517649501562,0,104.192191272974,48.7123531699181,488.679283320904,0.543712735176086,169.557331949472,0.639209091663361,156.124058365822,17.4230934381485,204.823737978935,1.55960750579834,134.633879870176,0,92.5542159676552,61.3411793708801,675.66090542078,9.08458477258682,0,42.1348338127136,453.186292886734,0,45.8978051841259,2.90090444684029,44.0148513913155,10.5781592130661,53.7090157568455,15.7165594696999,58.0208505690098,18.3997367620468,56.6198408901691,1.61488652229309,3.6918366253376,71.718352586031,604.31370562315,35.879954457283,58.6514019668102,80.5488389730453,429.154594063759,6.0967960357666,17.9047607779503,0.514433562755585,32.7317601144314,2.31875050067902,90.8908606469631,0,41.3356579840183,0,62.2729389965534,0,4.99893397092819,1.34840172529221,14.8411832153797,6.46804046630859,445.237564563751,0,132.782537430525,0,39.0639627575874,0,37.3353884220123,1.388880610466,71.3963272571564,9.04903930425644,82.8475144505501,0.588249325752258,130.83277374506,71.9394313693047,4848.51575270295,82.4677126407623,2406.84835973382,95.8635157346725,0,48.8665597736835,1229.91141986847,0,4.73409149050713,0,27.0347972214222,1.7330539226532,18.5771436393261,0,40.885859400034,8.83911216259003,72.0044763088226,12.4332227706909,48.0983973443508,103.475816488266,98.1316882371902,90.2942205965519,82.4827544987202,40.5614916682243,305.027015030384,74.8715486228466,41.490975946188,74.757719874382,40.493420779705,31.2038427591324,41.0329582691193,75.8334884047508,135.996013700962,79.0614645183086,126.847602754831,29.7188251614571,40.1236550211906,81.1626229286194,28.7953170835972,24.3612169921398,6.74601057171822,12.509344637394,18.0223412513733,18.9897952377796,35.6140820980072
2725.64323544502,154.28593441844,2792.55992335081,121.732523292303,51.5499653816223,1.92207062244415,1229.90288433433,178.430953353643,120.477087438107,5.03730195760727,251.770616531372,8.09665018320084,554.759898394346,8.50078147649765,476.459783703089,0.8546422123909,115.180757701397,3.3512265086174,2769.19884073734,740.657205075026,13.237169444561,0,893.435534983873,95.1310511529446,7.9411772787571,3.49962610006332,23.9686425924301,11.8370606303215,391.851151764393,3.30040264129639,251.381684213877,132.690438061953,281.816887229681,432.285391509533,126.005906283855,35.1992780268192,4456.55651909113,116.646146118641,238.275598406792,5.26908397674561,241.854904592037,2.51014989614487,179.11636531353,10.4585892558098,342.373406618834,4.02053928375244,428.242872595787,1.43211698532104,431.000590056181,2.81625032424927,404.08808156848,0,47.1318737566471,0,44.7544777691364,1.52408134937286,2517.82361656427,196.151465177536,966.005971074104,79.4852945208549,759.373396903276,39.5332416892052,315.890452921391,30.5316114127636,170.237256169319,6.10721445083618,916.933742910624,274.648706257343,2930.10997349024,119.030845791101,4172.40909308195,295.24444180727,2277.62436625361,63.202591329813,1835.21007698774,48.8665597736835,0,354.615102916956,3.37783110141754,1.59695363044739,118.094344735146,18.541493833065,50.1318183541298,1.00755870342255,181.239253252745,0.961625933647156,152.626593351364,0,288.658484011889,0.618362247943878,65.9903726577759,56.4170455038548,164.993204414845,43.4602535367012,773.376619011164,47.9929315149784,514.75489628315,21.4861626923084,40.4889949262142,12.5823413133621,44.1236170232296,7.65248474478722,308.178889721632,100.101663321257,549.396348148584,115.602043628693,72.8447221517563,20.7899782657623,395.084615290165,457.217225402594,94.7368410229683,27.8963793516159,63.6304808855057,96.5699020624161,19.7245896160603,166.314718127251
129.988161206245,3790.89472025633,133.997560560703,2968.12594348192,1.06718778610229,104.117164373398,157.291115552187,1919.52321362495,0,228.76360553503,8.3602696955204,567.460141599178,22.3793741166592,552.21416130662,0,206.327137947083,1.36354303359985,327.665021508932,385.934056997299,3239.40193936229,4.29040223360062,0,68.542881667614,1331.12749707699,0,24.9742542207241,12.2056601047516,33.3785907030106,20.0721221864223,130.752448171377,89.9404438436031,192.202879667282,139.508713930845,407.324023395777,25.3203165829182,39.0868162810802,70.4343369603157,4148.35647165775,29.0832328796387,73.9573781490326,7.31917190551758,188.877753376961,31.1811049580574,118.145631432533,17.3401783704758,171.798423141241,33.8749257028103,419.274711638689,6.65292978286743,231.108949005604,4.36763858795166,234.756437718868,0,23.6975384652615,4.13805735111237,37.9305000603199,76.274443179369,2495.29125836492,71.846860229969,763.551182061434,63.6331055760384,148.71342664957,25.7062957882881,176.89795807004,13.9820598959923,217.681828677654,172.745496451855,508.097385704517,84.7504750490189,1452.39569944143,100.152137726545,8727.86690419912,106.082522928715,1424.28369444609,54.7318760454655,1229.91141986847,354.615102916956,0,0,9.87938725948334,7.44686329364777,80.6985086798668,0,55.3818091750145,5.75367081165314,129.404161214828,0,138.998836874962,2.22928559780121,121.623281747103,29.4485141038895,60.4402613043785,51.7228247821331,183.748251736164,170.046596735716,525.76355740428,94.1877726316452,43.9180020689964,21.3905867338181,35.3109295070171,13.6801356375217,53.0619726777077,73.8530506491661,444.090955376625,175.228424489498,503.826038956642,35.1409483850002,48.5788373947144,768.245013415813,1503.14639529586,100.26838979125,14.6047214865685,69.0760839283466,146.182662636042,100.563638985157,252.008607774973
2.86516636610031,1.11458551883698,2.33023351430893,0,0,0,0,0,0,0,7.06969225406647,0,4.78422892093658,0,0,0,256.871888697147,0,0,0,0,0,0,0,0,0,0,0,321.118893682957,0,0,0,0,0.86621505022049,0,0,1.65292608737946,2.93319928646088,0.526218056678772,0,2.10891890525818,0,0,0,0,0,0.681697010993958,0,0,0,6.65597307682037,0,0,0,0,0,104.098364681005,4.56725645065308,105.020425707102,2.31280422210693,55.6083363890648,0,88.9281817376614,0,5.90110808610916,0,54.6106343269348,8.10133397579193,1.85660117864609,0,0,0,56.8309832513332,0,4.87111932039261,0,3.37783110141754,0,0,0,890.181057810783,0,20.9314743876457,0,30.2341801226139,0,0,0,7.91527163982391,0,0.413398653268814,0,0,0,0,0,0,0,0,0,0,0,0,0,0,0,0,0,0,0,0,0,0,0,0,0
0,12.4688016474247,0,0,0,0,0,4.86979138851166,0,0,0,4.20897099375725,0,2.5185506939888,0,0,0,316.506454199553,0,2.37361192703247,0,0,0,1.21446859836578,0,0,0,0,0,476.313266426325,0,0,0,1.4883149266243,1.04556620121002,0.648409724235535,0,4.01610589027405,0,0.839256227016449,0,1.42564260959625,0,0,0,0.845215499401093,0,1.70826494693756,0,5.34100306034088,0,8.95707413554192,0,0,0,0.452152907848358,2.54681497812271,132.810567140579,4.02142661809921,150.961030334234,1.14287602901459,23.1090574264526,0.724607706069946,98.3243974149227,1.36410737037659,40.2771744132042,0,50.9292310476303,0.571537554264069,5.62768959999084,1.67848539352417,0.53409743309021,0,251.304358303547,0,4.73409149050713,1.59695363044739,9.87938725948334,0,0,0,1533.91847348213,0,102.529076069593,0,27.8285562098026,0,1.97088396549225,0,16.7723732888699,0,0,0,0,0,1.07787454128265,0,0,0,0,0,0,0,2.00412130355835,0,0,0,0,0,0,0,0,0,0,0,0
15.3748241066933,0,16.0923218131065,0,0,0,15.1175799369812,0,0,0,240.941462755203,0,258.449569553137,0,6.23730170726776,0,1192.95192298293,0,14.690960586071,0,0,0,0,0,0,0,0,0,953.262526959181,0,0,0,2.69731545448303,14.6560619473457,9.48420763015747,6.94160389900208,67.6469630897045,5.70836538076401,13.1622031927109,0,12.8775498867035,0,60.7548711299896,0.52526181936264,58.2483538091183,0,113.027497500181,0,141.277197211981,0,272.064859330654,0,15.9975744485855,0,11.2697901129723,0,235.354750365019,23.8507559895515,496.745762735605,12.5312453508377,349.656085312366,2.07022941112518,2463.00369957089,1.86266922950745,144.65498483181,0,267.503025740385,19.9764423370361,14.3323452472687,1.8677619099617,19.0149660110474,0.660743534564972,266.369345843792,0,28.55066421628,0,118.094344735146,7.44686329364777,890.181057810783,0,0,1.40282380580902,2235.67141276598,0,4284.8829819262,0,66.6613529026508,0,334.229985296726,0,2.0232629776001,0,0,0,3.54551276564598,0,3.0719450712204,0,0,0,0,0,0,0,2.25627982616425,0,2.48965102434158,0,1.49867987632751,0.728180050849915,0,0,0,0,0,0
0,15.7153862714767,0,4.1074053645134,0,0.743828356266022,0,9.56808286905289,0,1.269859790802,0,32.3097449541092,0,7.15976506471634,0,0.8852898478508,0,680.267120182514,0,1.39425873756409,0,0,0,0,0,0,0,0,0,553.055177330971,0,0,12.6180270910263,4.36176323890686,20.331290781498,8.96588161587715,2.59558296203613,85.1752282381058,0,7.65795487165451,0,19.2175858020782,1.10193336009979,24.5076125860214,0.949118733406067,72.3623310625553,7.42730647325516,26.7487168610096,0,149.08219113946,1.66147518157959,270.986943542957,0,6.82338213920593,0,17.5592553317547,9.71872043609619,356.596128165722,19.6575835943222,723.071903467178,4.58892983198166,214.742581605911,2.81974029541016,2128.03026121855,5.81713819503784,904.750360995531,41.419873714447,453.919560164213,0.609288096427917,18.0070099532604,10.1230906248093,5.62236201763153,0,449.519577562809,0,27.0347972214222,18.541493833065,80.6985086798668,0,1533.91847348213,1.40282380580902,0,0,2497.48562800884,0,4148.5247413516,0,276.728003412485,0,354.411224395037,0,0,0,0,0,11.1029174029827,0,1.26323759555817,0,4.34834802150726,0,0,0,0,1.12241995334625,0,0,0,0,1.41814893484116,0,0,0,0,0,0
8.30418503284454,0,20.322295665741,0,1.32340812683105,0,6.66088235378265,2.53094208240509,0,0,24.2688159346581,0,9.15346097946167,0,7.9525151848793,0,93.5679774880409,0,10.4140931367874,1.35044282674789,0,0,1.28175163269043,0,0,0,0.792131245136261,0,1081.73693275452,0,0.778841376304626,0,0,2.75413465499878,3.05028504133224,0.606331884860992,268.789874374866,0,148.559416860342,0,614.053253889084,1.1922732591629,13.7563547194004,0,2.3179224729538,0,73.5564842224121,0,10.0087615549564,0,83.5193736553192,0,9.33346623182297,0,33.4631698429585,0,3.20056062936783,0,26.9066125154495,0,31.3461369872093,0,63.9846222400665,0,37.0057800412178,0,7.44704496860504,0,1.83008778095245,0,9.82939100265503,2.17134940624237,139.009939044714,0,5.99388122558594,1.7330539226532,50.1318183541298,0,20.9314743876457,0,2235.67141276598,0,0,0,673.150950193405,0,1057.62701532245,0,108.937695324421,0,0,0,0,0,1.19150331616402,0,0,0,4.95607393980026,0,0,0,0,0,0.660473108291626,0,0,0,0,0.972791731357574,0,0,0,0,0,0
0,0.966139733791351,0,1.09519219398499,0,26.6156680583954,0,0,0,3.93547022342682,0,0,0,0,0,23.6202813088894,0,8.3218489587307,0,0,0.975574016571045,27.7238177657127,0,0,0,1.16780853271484,0,10.7542649805546,0,680.184271544218,0,0,0,0,1.64292007684708,3.45174404978752,0,354.363653004169,0,254.170190006495,2.82290029525757,1949.05739587545,4.23549228906631,27.921669870615,0,5.26620748639107,0,83.0556367337704,0,15.0954861938953,0,57.131555467844,0,12.1088778376579,0,126.248007833958,0,7.55087202787399,0,14.5976459980011,0,2.46563494205475,0,10.0934083163738,0,50.4617097973824,0,33.488830447197,0,0,4.40871918201447,12.8954245448112,2.12476712465286,508.616895884275,1.22578465938568,18.5771436393261,1.00755870342255,55.3818091750145,0,102.529076069593,0,2497.48562800884,0,0,0,536.374944090843,0,1689.2864203155,0,103.190378755331,0,0,0,0,0,0,0,0.605130314826965,0,2.77887064218521,0,0,0,0,0,0,0,0,0,0.914279103279114,0,0,0,0,0,0
161.569707751274,0,2.31065309047699,0,0.711459875106812,0,50.0457528829575,0,0,0,144.751121819019,0,98.3232240974903,0,1.50198459625244,0,152.490689188242,0,8.34457415342331,0,0,0,0,0,0,0,0.617585301399231,0,370.345685750246,1.34108924865723,1.91593074798584,0,0,4.56590449810028,9.67278191447258,4.12363773584366,188.222449451685,2.04597502946854,39.7655336260796,0,69.0076577067375,0,56.8968430161476,0,61.7691442072392,0,253.748187690973,0,154.171539485455,0,3622.35813754797,0,271.567593604326,0,665.569085776806,0,142.487043857574,9.61462879180908,227.206521093845,4.78599321842194,878.867785781622,1.31556153297424,1886.21443831921,1.80686402320862,4407.98516124487,0,130.259614259005,11.7983983159065,2.47162210941315,0,25.3823171854019,2.1949896812439,233.536524116993,1.56088316440582,30.6405694484711,0,181.239253252745,5.75367081165314,30.2341801226139,0,4284.8829819262,0,673.150950193405,0,0,0,652.303136199713,0,5646.97761759162,0,7.75718516111374,0,0.47955310344696,0,6.24254387617111,0,0,0,6.18594905734062,0,1.33861041069031,0,0,0,0,0,0,0,0,0,0,0,0,0,0,0
0,21.1454254388809,0,5.76390767097473,0,1.11181145906448,0,23.0936579108238,0,0,0,158.00676086545,0,79.8025097250938,0,2.77932459115982,0,150.739492624998,0,0,0,0,0,0,0,0,0,1.88866484165192,0,317.503712773323,0,0.741801381111145,1.4528089761734,0.993395984172821,11.3634302616119,19.6442379355431,4.41685044765472,215.868980884552,0,54.9555947184563,1.2988817691803,129.775973558426,29.9434514641762,143.3439039886,0,212.37785834074,3.21127235889435,365.493047177792,0,351.775426030159,0,3775.93987393379,0,1000.50318437815,0,837.137409329414,1.42266321182251,148.930512189865,13.658893764019,276.823348641396,3.45656824111938,503.813071757555,0,1583.76923689246,8.95013296604156,2581.00862571597,32.5620129704475,288.186157047749,0,1.50212246179581,0.896830141544342,18.6714652776718,1.19080877304077,418.346314162016,0,40.885859400034,0.961625933647156,129.404161214828,0,27.8285562098026,0,4148.5247413516,0,536.374944090843,0,0,0,1578.29540136456,0,7540.07707443833,0,1.41998767852783,0,0,0,6.73233279585838,0,2.53142839670181,0,20.3645414113998,0,0,0,0,0,0,0,0,0,0,0,0,0,0,0,0
0,0,0,0,0.783739924430847,0,0,0,0,0,0,0,0,0,3.31904220581055,0,0.590034246444702,0,0,0,0,0,0,0,0,0,0,0,573.85176256299,0,0,0,0,0,3.86386987566948,0,1339.8826700151,0,339.946683377028,0,1050.49014809728,3.82686775922775,2.43460991978645,0,0.602458775043488,0,104.230108976364,0,0,0,9.98170211911201,0,6.24050176143646,0,352.13837698102,0,0,0,0.759335696697235,0,5.14465841650963,0,22.2627756595612,0,16.8036753833294,0,5.93596315383911,0,0,0,27.2819077968597,10.5880688428879,78.8356667160988,0.574655175209045,18.1094091534615,8.83911216259003,152.626593351364,0,0,0,66.6613529026508,0,1057.62701532245,0,652.303136199713,0,0,0,1087.40905994177,0,0,0,0,0,6.63259664177895,0,0.574897646903992,0,2.60466283559799,0,0,0,0,0,0,0,0,0,0,0,0,0,0,0,0,0
0,1.01615941524506,0,0,0,4.00236281752586,0,0,0,0.599600255489349,0,0,0,0,0,8.18446987867355,0,0,0,0,5.18236523866653,5.51209962368011,0,0,0,0,0,3.59492400288582,0,96.4984821677208,0,0,0,0,0.928577721118927,5.86131572723389,3.69832694530487,1014.73618781567,0,507.293581485748,11.6699470877647,1994.74852064252,0.803646862506866,38.5143164098263,0,1.31306785345078,0,195.506869643927,0,6.07564914226532,0,38.2742335498333,0,12.1938238441944,0,896.947713017464,0,2.44436579942703,0,0.424678891897202,0,0.399284690618515,0,11.0234398543835,0,37.0582040250301,0,26.4112707972527,0,0,8.61617404222488,58.0750925838947,16.9532627761364,164.64743372798,1.7114691734314,72.0044763088226,0,138.998836874962,0,1.97088396549225,0,276.728003412485,0,1689.2864203155,0,1578.29540136456,0,0,0,1311.64035864174,0,0,0,0,0,2.53853422403336,0,2.56856501102448,0,1.87654048204422,0,0,0,0,0,0,0,0,0.438800483942032,0,0,0,0,0.443571537733078,0,1.11290264129639
96.0688417553902,0,0,0,1.15742695331573,0,12.1266136169434,0,1.09416675567627,0,71.2504968047142,0,12.4240888357162,0,4.4551437497139,0,30.4083881676197,0,0,0,0.560883402824402,0,0,0,0,0,0,0,211.111710816622,0,0,0,0,0,20.6422519683838,3.36184048652649,1154.64706805348,1.30666327476501,369.671752184629,0,152.26344281435,9.56056314706802,251.874303996563,2.94515752792358,40.6338959336281,0,1033.47059991956,0,160.456157982349,0,1222.53136670589,0,381.998389065266,0,3736.39382237196,0,87.728540122509,0,51.4689855277538,0,575.62812641263,0,740.529716163874,0,1383.24169254303,0,38.6478258371353,1.4682594537735,0.756808340549469,0,31.6075867414474,13.5565409660339,132.743147432804,0.993141293525696,33.6611748337746,12.4332227706909,288.658484011889,2.22928559780121,7.91527163982391,0,334.229985296726,0,108.937695324421,0,5646.97761759162,0,1087.40905994177,0,0,0,12.8242784142494,0,0,0,2.68172907829285,0,1.56693071126938,0,37.5252452492714,0,1.42135417461395,0,0,0,1.58918687701225,0,1.2317430973053,0,0,0.884195029735565,0,0,0,0,0,0
0,24.5988534390926,0,0.695069432258606,0,3.54133176803589,0,9.37453651428223,0,1.53832840919495,0,61.5681488513947,0,28.9974185228348,0,3.00855183601379,0,64.3216202259064,0,0,1.53822469711304,0,0,0,0,0,0,0,0,207.351241141558,0,0,0.931402385234833,0,10.9186781048775,23.9528537690639,2.25840854644775,462.784902989864,0,175.331214338541,4.51622289419174,225.327385008335,65.2091578841209,247.391331225634,3.1748725771904,219.12259042263,7.60614037513733,787.413020610809,1.71535813808441,349.252350866795,0.719041407108307,1713.5803719461,0,754.79225474596,0,3143.74596264958,0,155.393405079842,7.69656229019165,270.417785078287,0,246.675453394651,0,502.197359055281,1.89262712001801,953.162445932627,19.4331794679165,307.85112324357,0,0.974202334880829,1.70224440097809,12.619760453701,3.78435742855072,455.086708277464,0,48.0983973443508,0.618362247943878,121.623281747103,0,16.7723732888699,0,354.411224395037,0,103.190378755331,0,7540.07707443833,0,1311.64035864174,0,0,0,2.67714262008667,0,0,0,1.96954679489136,0,1.23492288589478,0,24.8665018081665,0,0,0,0,0,0,0,0,1.506556391716,0.464662402868271,0,0,0,0,0,0
0,0,0,0,0,0,0,0,0,0,0,0,0,0,0,0,0,0,0,0,0,0,0,0,0,0,0,0,4.99311742186546,0,0,0,0,0,0,0,49.8484086096287,20.1853443384171,65.326223731041,25.149823486805,6.92644718289375,0,101.104205012321,0,1.48203754425049,0,113.272518217564,0.382776439189911,3.68788504600525,0,5.85687685012817,0,17.2098955214024,0,12.5452480912209,0,0,0,0,0,1.73220109939575,0,0,0,0,0,6.88508552312851,0,0,0,11.1119527816772,1.41406291723251,15.4115518331528,8.65183889865875,59.9721099734306,103.475816488266,65.9903726577759,29.4485141038895,0.413398653268814,0,2.0232629776001,0,0,0,7.75718516111374,0,0,0,12.8242784142494,0,0,136.801660507917,2514.5104444623,50.3115729689598,133.391504943371,124.50236928463,2142.50832131505,70.7411328852177,3093.97698783875,68.6304451525211,442.520437568426,25.8673865795135,423.019073873758,129.345761448145,301.931673675776,58.3792415261269,230.084256827831,25.1760402321815,7.36919015645981,10.5193368792534,76.4650432765484,42.6357269585133,159.561724036932,12.048131018877,4.30640009045601,5.3139553964138
0,0,0,0,0,0,0,0,0,0,0,0,0,0,0,0,0,0,0,0,0,0,0,0,0,0,0,0,0,1.5860048532486,0,0,0,0,0,0,176.292606174946,74.4894012510777,94.9776698052883,40.6998495459557,0,1.68675935268402,1.55336457490921,0,0,0,0.578942179679871,25.2539234161377,0,0,0,1.70117497444153,0,0.70073276758194,0,7.35004717111588,0,0,0,0,0,0,0,0,0,0,0,0,0,0,2.98279690742493,31.9614167809486,7.42196148633957,19.8295613527298,198.945851475,98.1316882371902,56.4170455038548,60.4402613043785,0,0,0,0,0,0,0,1.41998767852783,0,0,0,2.67714262008667,136.801660507917,0,122.411306679249,2471.05609592795,65.4672683477402,382.456223398447,186.876945585012,787.311553925276,142.622647583485,2026.95029580593,69.0266518294811,154.132450312376,201.924635499716,669.702314704657,83.0032620728016,190.1411498487,27.2130703628063,426.584170490503,12.8388875722885,10.0558008551598,104.854174911976,23.4822063744068,115.73210299015,9.53878319263458,18.219163030386,8.8247689306736
0,0,0,0,0,0,0,0,0,0,0,0,0,0,0,0,0,0,0,0,0,0,0,0,0,0,0,0,4.6335825920105,0,0,0,0,0,0,0,74.5690469145775,37.5807139575481,58.1208813786507,20.3995109200478,3.3802735209465,1.76618981361389,0,0,0,0,0,1.29854929447174,0,0,0,0,0,0,0,0,0,0,0,0,0,0,0,0,0,0,0,0,0,0,8.14028632640839,7.53295373916626,11.3368481695652,4.54460644721985,96.8593307733536,90.2942205965519,164.993204414845,51.7228247821331,0,0,0,0,0,0,0.47955310344696,0,0,0,0,0,2514.5104444623,122.411306679249,0,76.0900990068913,313.423173457384,123.09983342886,739.618640214205,72.5852083563805,457.306337743998,81.7974817156792,1746.96864190698,17.1238499879837,1718.28873896599,166.660610496998,739.370971381664,78.7466124296188,205.797483980656,28.1179062128067,33.1243994534016,18.7749887704849,114.079990804195,59.9914079606533,193.142931908369,33.6584150195122,5.07002905011177,10.1498706042767
0,0,0,0,0,0,0,0,0,0,0,0,0,0,0,0,0,0,0,0,0,0,0,0,0,0,0,0,0,3.37578225135803,0,0,0,0,0,0,102.224155902863,49.6242614388466,43.9169051349163,20.0698435306549,1.13817542791367,0,0,0,0,0,0,3.27892142534256,0,0,0,0,0,0,0,0,0,0,0,0,0,0,0,0,0,0,0,0,0,0,1.6402804851532,23.0052452087402,1.77135133743286,9.18063774704933,118.816626518965,82.4827544987202,43.4602535367012,183.748251736164,0,0,0,0,0,0,0,0,0,0,0,0,50.3115729689598,2471.05609592795,76.0900990068913,0,37.4310133457184,246.485056817532,156.112427949905,379.368212372065,87.6759898662567,317.784515827894,35.6848935186863,844.322756260633,141.283153623343,1379.59687742591,73.7530019581318,557.725650042295,23.6531409621239,425.998316079378,28.4187809824944,38.744607001543,348.160681515932,46.0319901704788,141.039197385311,27.6175502240658,104.264338850975,33.5913547277451
125.002319127321,2.03041934967041,107.605825185776,0,1.52022105455399,0,31.055198520422,2.79861915111542,0.933033466339111,0,4.26263707876205,0,14.2342441082001,0,6.26004046201706,0,4.68184733390808,1.0042839050293,87.0928471982479,2.39527320861816,0,0,10.6473305821419,0,0,0,2.12543970346451,0.502009868621826,17.9189918339252,0,11.42093577981,1.56811785697937,9.31248271465302,9.09552526473999,1.99726873636246,0,157.849489569664,7.89886078238487,52.3084173202515,9.46783202886581,6.36611276865005,1.34761691093445,3.78922790288925,0,3.03288865089417,0,32.6114070415497,2.87189757823944,9.98349267244339,0,10.6919877827168,0,0.690753936767578,0,0,0,112.856813192368,0,44.502160847187,0,29.4049689173698,0,10.868575155735,0,5.54337602853775,0,44.5564473569393,0,115.958771675825,0,114.153955638409,24.791125535965,109.555347532034,10.4357278943062,365.719044804573,40.5614916682243,773.376619011164,170.046596735716,0,0,3.54551276564598,0,1.19150331616402,0,6.24254387617111,0,6.63259664177895,0,2.68172907829285,0,133.391504943371,65.4672683477402,313.423173457384,37.4310133457184,0,125.417142659426,1957.57943832874,28.8417840301991,156.993097215891,42.1865327358246,87.5885724127293,11.3642368912697,495.317788809538,94.7128117382526,381.144586265087,81.0501533448696,65.3227621614933,6.77411097288132,323.489895731211,588.722959935665,417.408039569855,58.8622592389584,111.786292999983,106.354194611311,19.9760327637196,61.8503892421722
5.17794930934906,382.375626862049,0,127.163053870201,0,0,0,71.3130886852741,0,7.65657389163971,0,18.7516496777534,0,10.9236483573914,0,4.86421528458595,0,26.0213797390461,0,152.723288089037,0,0,0,15.6070475280285,0,0,1.26672983169556,3.17850494384766,1.29122060537338,8.89785957336426,4.19234156608582,3.66999673843384,1.86503979563713,17.9700078964233,0,1.95546573400497,48.8792963624001,143.787758827209,38.129828363657,24.218869715929,0.57603245973587,7.87880063056946,0,1.56911021471024,0,4.48769378662109,0.638200581073761,14.9868388772011,0,15.0746868848801,0,24.1941003501415,0,0,0,1.13164055347443,0,236.352416425943,0,84.9695709347725,0,8.14433801174164,0,18.565352678299,0,21.8807808160782,0,48.8435024023056,1.00995850563049,85.3138839900494,7.6060394346714,223.515962928534,8.85286891460419,112.007276803255,70.0726098418236,305.027015030384,47.9929315149784,525.76355740428,0,1.07787454128265,0,11.1029174029827,0,0,0,6.73233279585838,0,2.53853422403336,0,1.96954679489136,124.50236928463,382.456223398447,123.09983342886,246.485056817532,125.417142659426,0,198.082249373198,1383.25030788779,90.7239919900894,354.892199963331,25.3316014111042,60.3295434713364,104.805763095617,389.667847692966,124.263911515474,269.812112033367,34.460374712944,102.479704678059,57.4869685173035,762.67362049222,520.828321218491,39.4445347189903,86.5921535789967,47.9042553305626,39.8885914683342,28.2318024635315
33.4552667737007,0,6.50739234685898,0,0,0,2.60317343473434,0,0,0,4.30656325817108,0,0,0,0.384719133377075,0,0,0,13.5295193791389,0.422018259763718,0,0,1.2776540517807,0,0,0,1.43671679496765,0,5.61943304538727,0,0,0,3.72714221477509,4.61705338954926,13.273932993412,2.52116233110428,98.5617519319057,20.0821450948715,112.447396785021,11.8906611502171,0,0,15.770619481802,0,8.90505242347717,0,80.5702304244041,1.71861469745636,14.4281286597252,0,9.88122406601906,0,1.60472583770752,0,1.73896211385727,0,44.4556158185005,0.647259593009949,17.2650980353355,0,6.12717416882515,0,2.00126683712006,0,2.14317721128464,0,35.6813369393349,0.944011390209198,11.5401515364647,0,28.4454278051853,20.1296741068363,29.7154245078564,10.1376574635506,100.111864537001,74.8715486228466,514.75489628315,94.1877726316452,0,0,3.0719450712204,0,0,0,0,0,0.574897646903992,0,1.56693071126938,0,2142.50832131505,186.876945585012,739.618640214205,156.112427949905,1957.57943832874,198.082249373198,0,123.284644931555,2550.12133127451,132.162965446711,196.021004259586,30.4422931671143,530.60394141078,210.520059078932,596.725918024778,103.863576591015,232.629167914391,26.3952025175095,30.6384533047676,310.29137223959,1396.98390644789,162.668889284134,212.323274105787,44.9462217390537,8.74275550246239,13.7166191935539
0,5.4941543340683,0,0,0,0,0,0,0,0,0,0,0,0,0,0,0,0,0,0,0,0,0,0,0,0,0,0,0.902660548686981,1.65179097652435,0,0,0,1.87126266956329,0,0,43.5982323884964,27.4275605678558,27.578738629818,17.2041094005108,0,1.05688345432281,0,2.19830918312073,0,0.394459098577499,0,9.32415318489075,0,0,0,0.810443043708801,0,1.13656052947044,0,19.4057863652706,0,14.616367816925,0,0,0,0,0,0,0,1.37144112586975,0,2.57764303684235,0,0,3.63166356086731,14.3531006276608,4.44519925117493,6.44531285762787,42.1606752872467,41.490975946188,21.4861626923084,43.9180020689964,0,0,0,1.26323759555817,0,0.605130314826965,0,2.53142839670181,0,2.56856501102448,0,1.23492288589478,70.7411328852177,787.311553925276,72.5852083563805,379.368212372065,28.8417840301991,1383.25030788779,123.284644931555,0,66.9029428958893,1920.03701588511,25.0893903672695,50.4989686310291,56.5098239481449,230.171540111303,38.3581526577473,324.286346316338,12.1022330224514,202.31982165575,8.54745364189148,37.3291646242142,969.699088275433,202.133492201567,265.548458099365,31.404778689146,23.3532590866089,9.19429856538773
2.17360758781433,0,0,0,0,0,0,0,0,0,0,0,0,0,0,0,2.07632064819336,0,0,0,0,0,0,0,0,0,1.23466897010803,0,10.7268026769161,0,0,0,0,0,4.48707509040833,0,63.3905552625656,19.1012558341026,56.9807146787643,21.8749084472656,4.08191937208176,0,51.0927576124668,0,3.49385130405426,0,242.108323276043,0,8.90364906191826,0,7.48778337240219,0,35.0336992144585,0,30.376742631197,0,2.45087051391602,0,0,0,0.886880576610565,0,1.90161788463593,0,0,0,6.04506951570511,1.08808425068855,0,0,3.22843551635742,12.6497746706009,23.1892525851727,0.459320068359375,77.90413621068,74.757719874382,40.4889949262142,21.3905867338181,0,0,0,0,4.95607393980026,0,6.18594905734062,0,2.60466283559799,0,37.5252452492714,0,3093.97698783875,142.622647583485,457.306337743998,87.6759898662567,156.993097215891,90.7239919900894,2550.12133127451,66.9029428958893,0,84.1233042478561,114.981224179268,25.5058905482292,158.610138356686,178.941004931927,217.334761887789,52.2579445540905,141.984508991241,21.4605730772018,4.46874624490738,8.9285903275013,99.4606898128986,160.180113106966,123.924149811268,7.1169496178627,4.83763408660889,3.11009109020233
0,0,0,0,0,0,0,0,0,0,0,0,0,0,0,0,0,0,0,0,0,0,0,0,0,0,0,0,0,3.86229312419891,0,0,0,1.42358267307281,2.42936038970947,2.84696912765503,61.9770624935627,44.0355507731438,57.5132138431072,23.5267055332661,0,17.1311182379723,24.1743131279945,41.041183501482,0,4.6836348772049,0,429.361302107573,0,3.32876068353653,0,13.6737936139107,0,25.5831039249897,0,145.734436333179,0,2.68853116035461,0,0,0,0,0,0,0,0,1.3039938211441,1.59809285402298,0,0,3.92784383893013,15.2131053209305,1.2283707857132,33.8355115056038,82.3355782926083,40.493420779705,12.5823413133621,35.3109295070171,0,0,0,4.34834802150726,0,2.77887064218521,0,20.3645414113998,0,1.87654048204422,0,24.8665018081665,68.6304451525211,2026.95029580593,81.7974817156792,317.784515827894,42.1865327358246,354.892199963331,132.162965446711,1920.03701588511,84.1233042478561,0,32.7508787810802,27.7921577692032,85.4359456300735,143.654169410467,24.0038908421993,52.2377558946609,15.6607392132282,355.145679563284,7.49289637804031,3.0210385620594,159.492189049721,260.741295397282,374.576180458069,21.6009484529495,5.70020169019699,1.44909310340881
0,0,0,0,0,0,0,0,0,0,0,0,0,0,0,0,0,0,0,0,0,0,0,0,0,0,0,0,0,0,0,0,0,0,0,0,27.0702645480633,21.0746956467628,29.5044544935226,8.8659263253212,0.643836677074432,0.905438601970673,0,0,0,0,0,0,0,0,0,0,0,0,0,0,0,0,0,0,0,0,0,0,0,0,0,0,0,0,5.71532207727432,1.39538586139679,3.64293676614761,3.10731506347656,40.5617870092392,31.2038427591324,44.1236170232296,13.6801356375217,0,0,0,0,0,0,1.33861041069031,0,0,0,1.42135417461395,0,442.520437568426,69.0266518294811,1746.96864190698,35.6848935186863,87.5885724127293,25.3316014111042,196.021004259586,25.0893903672695,114.981224179268,32.7508787810802,0,12.5751242637634,2803.12037479877,68.7081536054611,443.722984969616,27.9730090796947,257.414040952921,11.5251813828945,7.41019260883331,3.57972475886345,35.7875007390976,9.92092445492744,40.5542968511581,8.89321392774582,2.62816226482391,3.31012615561485
0,0,0,0,0,0,0,0,0,0,0,0,0,0,0,0,0,0,0,0,0,0,0,0,0,0,0,0,0,1.55933797359467,0,0,0,0,0,0,20.278396487236,11.7667563557625,15.1207238137722,3.24580615758896,0,0,0,0,0,0,0,0,0,0,0,0,0,0,0,0,0,0.877292513847351,0,0,0,0,0,0,0,0,0,0,0,0,0,11.7106700539589,0,6.62117376923561,29.0435156226158,41.0329582691193,7.65248474478722,53.0619726777077,0,0,0,0,0,0,0,0,0,0,0,0,25.8673865795135,154.132450312376,17.1238499879837,844.322756260633,11.3642368912697,60.3295434713364,30.4422931671143,50.4989686310291,25.5058905482292,27.7921577692032,12.5751242637634,0,59.2029899060726,2032.85819220543,27.9584493935108,315.631198346615,10.4940554499626,214.735966801643,7.53730374574661,4.91188740730286,54.8444336652756,4.08836016058922,22.2199745774269,7.16170835494995,24.6703222990036,5.40308052301407
0.546801388263702,0,0,0,0,0,0,0,0,0,0,0,0,0,0,0,0,0,0,0,0,0,0,0,0,0,0,0,7.11733919382095,0,0,0,0,0,0,0,117.851177811623,18.9897277951241,120.022241562605,17.5183943510056,1.35732468962669,1.35274744033813,0,0,0,0,0,1.26431119441986,0,0,0,0,0,0,0,0,0.495644450187683,0,0,0,0,0,0,0,0,0,0,0,0,0,38.0242740809917,5.27607715129852,38.4995108246803,1.7791006565094,171.905370593071,75.8334884047508,308.178889721632,73.8530506491661,0,0,0,0,0,0,0,0,0,0,0,0,423.019073873758,201.924635499716,1718.28873896599,141.283153623343,495.317788809538,104.805763095617,530.60394141078,56.5098239481449,158.610138356686,85.4359456300735,2803.12037479877,59.2029899060726,0,381.836353898048,7574.83011800051,148.588572114706,623.300212830305,51.175226598978,62.0131261050701,84.4524848759174,282.217384487391,81.9612345993519,193.264563530684,1250.27923747897,205.518116950989,102.457028925419
0,0,0,0,0,0,0,0,0,0,0,0,0,0,0,0,0,0,0,0,0,0,0,0,0,0,0,0,1.32533431053162,1.3856954574585,0,0,0,0,0,0,95.0382999181747,81.6967293024063,62.6195510923862,39.8819940984249,0,3.49404403567314,0,0,0,0,0.767944276332855,1.77812254428864,0,0,0,0,0,0,0,0,0,0,0,0,0,0,0,0,0,0,0,0,0,0,8.25455504655838,71.2391249835491,8.85829341411591,31.3901219069958,201.877845793962,135.996013700962,100.101663321257,444.090955376625,0,2.00412130355835,0,0,0,0,0,0,0,0,0,0,129.345761448145,669.702314704657,166.660610496998,1379.59687742591,94.7128117382526,389.667847692966,210.520059078932,230.171540111303,178.941004931927,143.654169410467,68.7081536054611,2032.85819220543,381.836353898048,0,221.890921533108,6534.12105569243,74.6074691712856,786.098399549723,84.8163155019283,69.7762967646122,379.070701211691,49.2625172734261,122.863307893276,648.769556641579,334.884024143219,77.8590638637543
22.8214871883392,0,7.54188168048859,0.921966016292572,0.800579786300659,0,0,0,0,0,0,1.55880093574524,0,0,0,0,0,0,1.42506635189056,0,0,0,0,0,0,0,0,0,5.42736625671387,0,1.8165248632431,0,4.03680098056793,1.00095570087433,0,0,147.50458329916,16.9491928517818,74.8350178897381,9.44195520877838,5.74550873041153,0.568562388420105,0,0,0,0,3.4272828400135,0.731131434440613,0,0,0,0,0,0,0,0,14.1702848672867,0,0,0,0.381954371929169,0,2.35011875629425,0,0,0,0.547978043556213,0,1.4760959148407,0,93.6969989836216,30.8408705294132,77.6137337386608,6.68360665440559,273.019399225712,79.0614645183086,549.396348148584,175.228424489498,0,0,2.25627982616425,1.12241995334625,0.660473108291626,0,0,0,0,0,1.58918687701225,0,301.931673675776,83.0032620728016,739.370971381664,73.7530019581318,381.144586265087,124.263911515474,596.725918024778,38.3581526577473,217.334761887789,24.0038908421993,443.722984969616,27.9584493935108,7574.83011800051,221.890921533108,0,319.812099248171,563.10166940093,35.0696922540665,148.759056061506,79.6344966590405,261.374054133892,56.1201043725014,136.250372231007,133.819162428379,198.764929950237,193.784094631672
3.46022069454193,13.1814309954643,0,14.1383377313614,0,0,0,2.86580383777618,0,0,0,8.48473852872849,0,0,0,0.634676992893219,0,1.90246075391769,0,6.2588797211647,0,0,0,0,0,0,1.94470381736755,0,0.965839445590973,2.82397449016571,1.05459117889404,0,0,2.95482122898102,0,0,56.12952247262,42.5466043353081,22.1848092079163,15.4365436434746,0.487335473299026,0.476903200149536,0,0,0,0,0,3.18054181337357,0,0,0,0,0,0,0,0,0,14.6205044686794,0,0,0,0,0,0,0,0,0,0,0,0.999077141284943,16.1709727048874,92.1437779963017,10.0840139985085,39.4104726016521,88.7855148613453,126.847602754831,115.602043628693,503.826038956642,0,0,0,0,0,0,0,0,0,0,0,0,58.3792415261269,190.1411498487,78.7466124296188,557.725650042295,81.0501533448696,269.812112033367,103.863576591015,324.286346316338,52.2579445540905,52.2377558946609,27.9730090796947,315.631198346615,148.588572114706,6534.12105569243,319.812099248171,0,42.7003898024559,358.21603384614,133.965225100517,80.2661982178688,511.596034914255,39.8803171813488,145.972933351994,160.155330598354,784.084707945585,171.535329192877
23.2804080843925,0,1.79192513227463,0,0,0,0,0,0,0,0,0,0,0,0,0,0,0,1.84839522838593,0,0,0,0,0,0,0,0,0,5.62241411209106,2.40982937812805,0.772504091262817,0,4.78885716199875,0.589062035083771,0,0,50.2837550938129,8.10471299290657,39.9946714043617,5.83793246746063,1.17102265357971,0.758682548999786,0,0,0,0,0.69907808303833,0,0,0,0,0,0,0,0,0,10.1465843915939,3.48155343532562,1.56692612171173,0,0,0,2.13419169187546,0,0.625783801078796,0,0,0,10.9866884350777,0,7.61582478880882,19.6751419603825,24.5194107592106,3.86470073461533,37.1109534204006,29.7188251614571,72.8447221517563,35.1409483850002,0,0,2.48965102434158,0,0,0,0,0,0,0,1.2317430973053,0,230.084256827831,27.2130703628063,205.797483980656,23.6531409621239,65.3227621614933,34.460374712944,232.629167914391,12.1022330224514,141.984508991241,15.6607392132282,257.414040952921,10.4940554499626,623.300212830305,74.6074691712856,563.10166940093,42.7003898024559,0,20.5158683657646,9.17582201957703,16.3182757198811,45.1481947600842,6.75930833816528,19.0460001528263,10.5302947461605,4.2158779501915,4.07760313153267
0,1.0605343580246,0,2.00660711526871,0,0,0,0,0,0,0,0,0,0,0,0,0,0,0,0,0,0,0,0,0,0,0,0,0,0,0,0,0,2.3488781452179,0,0,12.0591293871403,21.1394038200378,6.76598426699638,10.736996024847,0,0,0,0,0,0,0,2.1683098077774,0,0,0,0,0,0,0,0,0,4.44041395187378,0,0,0,0,0,0,0,0,0,0,0,0,2.12476110458374,20.5944195091724,0,9.83912283182144,18.3841143548489,40.1236550211906,20.7899782657623,48.5788373947144,0,0,0,0,0,0,0,0,0,0,0,0,25.1760402321815,426.584170490503,28.1179062128067,425.998316079378,6.77411097288132,102.479704678059,26.3952025175095,202.31982165575,21.4605730772018,355.145679563284,11.5251813828945,214.735966801643,51.175226598978,786.098399549723,35.0696922540665,358.21603384614,20.5158683657646,0,6.81629514694214,6.78543740510941,55.6049773991108,8.03965175151825,14.225472599268,7.20996069908142,14.0757997632027,6.1580439209938
16.4995239973068,27.7643618583679,28.0560083985329,44.4893213510513,1.20820754766464,0,8.9963486790657,48.9133557975292,2.61128249764442,4.95130488276482,0,11.3567332029343,0.685306429862976,6.30686569213867,4.01265466213226,2.81919074058533,6.18258792161942,9.67463183403015,11.6813444495201,48.0900426506996,0,0,4.08586329221725,3.2220870256424,0,0,0,0,4.2856193780899,0,4.04063445329666,2.55204272270203,1.05453598499298,5.71553558111191,0,0,25.4380902051926,9.84530222415924,7.03054174780846,2.23539134860039,6.42616754770279,0.475456714630127,0,0,0,0,1.28739738464355,3.28647065162659,0,0.694757521152496,0,0.930801630020142,0,0,0,0,5.48897671699524,9.51609501242638,1.07108846306801,0.99808531999588,2.69269406795502,0.541281640529633,0,0.537028729915619,0,0,0.688669621944427,1.04754000902176,2.02745944261551,3.35247427225113,71.2459183335304,117.681851536036,43.3512615859509,31.5421369373798,96.0514051020145,81.1626229286194,395.084615290165,768.245013415813,0,0,1.49867987632751,0,0,0,0,0,0,0.438800483942032,0,1.506556391716,7.36919015645981,12.8388875722885,33.1243994534016,28.4187809824944,323.489895731211,57.4869685173035,30.6384533047676,8.54745364189148,4.46874624490738,7.49289637804031,7.41019260883331,7.53730374574661,62.0131261050701,84.8163155019283,148.759056061506,133.965225100517,9.17582201957703,6.81629514694214,0,565.129489004612,263.85243371129,26.850611358881,98.3490563631058,192.837550282478,58.2908553481102,177.029064297676
6.86117500066757,13.7466836571693,4.85286283493042,11.9555307626724,0,0,1.28139650821686,2.92231351137161,0,0,0.970743834972382,2.27998352050781,4.2039777636528,3.58172971010208,0.738036870956421,0.763534724712372,0,0,10.9786314666271,11.5473301410675,0,0,0.859902918338776,2.91534030437469,0,0,0,0,3.13748359680176,2.34430646896362,0,1.88998562097549,0,1.60010918974876,0,0.865124940872192,36.5520421862602,16.302969366312,5.21311557292938,1.63727575540543,1.39859569072723,1.758260846138,1.11487054824829,0,0,0.970450103282928,27.2053393721581,45.4036488234997,0,2.29519146680832,1.32553386688232,2.66582304239273,0,0,0,0,9.04791724681854,25.6677035689354,4.84149211645126,5.6231914460659,5.8267068862915,0.653222501277924,0,3.36219394207001,0.868020832538605,2.38593399524689,2.87905848026276,9.08860158920288,7.51279383897781,5.82087135314941,10.7385818362236,14.0921283364296,13.3448289036751,29.255101621151,44.1569455862045,28.7953170835972,457.217225402594,1503.14639529586,0,0,0.728180050849915,1.41814893484116,0.972791731357574,0.914279103279114,0,0,0,0,0.884195029735565,0.464662402868271,10.5193368792534,10.0558008551598,18.7749887704849,38.744607001543,588.722959935665,762.67362049222,310.29137223959,37.3291646242142,8.9285903275013,3.0210385620594,3.57972475886345,4.91188740730286,84.4524848759174,69.7762967646122,79.6344966590405,80.2661982178688,16.3182757198811,6.78543740510941,565.129489004612,0,1049.23897540569,39.8639952838421,178.707520067692,365.761847555637,72.7711068689823,138.841573506594
0,0,0,0,0,0,0,0,0,0,0,0.998635709285736,1.00418519973755,0,0,0,0,0,0,0,0,0,0,0,0,0,0,0,0,0,0,0,0,0,0,0,20.1015632450581,9.97145166993141,14.9908296465874,6.38677150011063,0.819756925106049,0,0,0,0,0,0.83286589384079,0,0,0,0,0,0,0,0,0,0,0,0,0,0,0,0,0,0,0,0,0,0,0,10.0492579340935,9.69135323166847,2.20422583818436,7.78643605113029,40.6962343454361,24.3612169921398,94.7368410229683,100.26838979125,0,0,0,0,0,0,0,0,0,0,0,0,76.4650432765484,104.854174911976,114.079990804195,348.160681515932,417.408039569855,520.828321218491,1396.98390644789,969.699088275433,99.4606898128986,159.492189049721,35.7875007390976,54.8444336652756,282.217384487391,379.070701211691,261.374054133892,511.596034914255,45.1481947600842,55.6049773991108,263.85243371129,1049.23897540569,0,402.102421849966,726.19705286622,480.992129445076,212.22118127346,260.13755479455
0,0,0,0,0,0,0,0,0,0,0,0,0,0,0,0,0,0,0,0,0,0,0,0,0,0,0,0,0,1.65737915039062,0,0,0,0,0,0,12.0458850860596,2.88304248452187,9.26604947447777,2.72118228673935,0,0,0,0,0,0,0,0,0,0,0,0,0,0,0,0,0,0,0,0,0,0,0,0,0,0,0,0,0,0,2.55808490514755,2.05075526237488,0,0,17.8472405076027,6.74601057171822,27.8963793516159,14.6047214865685,0,0,0,0,0,0,0,0,0,0,0,0,42.6357269585133,23.4822063744068,59.9914079606533,46.0319901704788,58.8622592389584,39.4445347189903,162.668889284134,202.133492201567,160.180113106966,260.741295397282,9.92092445492744,4.08836016058922,81.9612345993519,49.2625172734261,56.1201043725014,39.8803171813488,6.75930833816528,8.03965175151825,26.850611358881,39.8639952838421,402.102421849966,0,336.878783792257,163.325260162354,27.8347890675068,34.4209387898445
0,0,0,0,0,0,0,0,0,0,0,0,0,0,0,0,0,0,0,0,0,0,0,0,0,0,0,0,0,0,0,0,0,0,0,0,14.1886338293552,5.07022219896317,15.324251383543,7.91550555825233,0.717360734939575,0,0,0,0,0,1.25286674499512,0.557763278484344,0,0,0,0,0,0,0,0,0,0,0,0,0,0,0,0,0,0,0,0,0,0,7.41156223416328,7.47215348482132,3.41924923658371,4.97071933746338,35.3128830194473,12.509344637394,63.6304808855057,69.0760839283466,0,0,0,0,0,0,0,0,0,0,0,0,159.561724036932,115.73210299015,193.142931908369,141.039197385311,111.786292999983,86.5921535789967,212.323274105787,265.548458099365,123.924149811268,374.576180458069,40.5542968511581,22.2199745774269,193.264563530684,122.863307893276,136.250372231007,145.972933351994,19.0460001528263,14.225472599268,98.3490563631058,178.707520067692,726.19705286622,336.878783792257,0,317.522670775652,51.2870516777039,125.574676930904
0,0.452724605798721,0,0,0,0,0,0,0,0,0,0,0,0,0,0,0,0,0,0,0,0,0,0,0,0,0,0,0,0,0,0,0,0,0,0,8.16015779972076,2.91595733165741,2.43113565444946,0.395337522029877,1.12118232250214,0.856084287166595,0,0,0,0,0,0.964668184518814,0,0,0,0,0,0,0,0,0,0,0,0,0,0,0,0.590309619903564,0,0,0,0,0,0,7.99713844060898,11.3386509120464,6.15195953845978,4.10066920518875,20.086004525423,18.0223412513733,96.5699020624161,146.182662636042,0,0,0,0,0,0,0,0,0,0.443571537733078,0,0,12.048131018877,9.53878319263458,33.6584150195122,27.6175502240658,106.354194611311,47.9042553305626,44.9462217390537,31.404778689146,7.1169496178627,21.6009484529495,8.89321392774582,7.16170835494995,1250.27923747897,648.769556641579,133.819162428379,160.155330598354,10.5302947461605,7.20996069908142,192.837550282478,365.761847555637,480.992129445076,163.325260162354,317.522670775652,0,581.508485227823,386.42077127099
0,1.24579215049744,0,2.17339128255844,0,0,0,0.72220367193222,0,0,0,0,0,0,0,0,0,2.63882219791412,0,0,0,0,0,0,0,0,0,0.676866233348846,0,0,0,0,0,0,0,0,6.71326857805252,4.3730753660202,1.14764854311943,1.37854015827179,0,0,0,0,0,0,0,0,0,0,0,0,0,0,0,0,0,0,0,0,0,0,0,0,0,0,0,0,0,0,0.938868820667267,13.6037898957729,1.72129333019257,3.22024405002594,3.32301980257034,18.9897952377796,19.7245896160603,100.563638985157,0,0,0,0,0,0,0,0,0,0,0,0,4.30640009045601,18.219163030386,5.07002905011177,104.264338850975,19.9760327637196,39.8885914683342,8.74275550246239,23.3532590866089,4.83763408660889,5.70020169019699,2.62816226482391,24.6703222990036,205.518116950989,334.884024143219,198.764929950237,784.084707945585,4.2158779501915,14.0757997632027,58.2908553481102,72.7711068689823,212.22118127346,27.8347890675068,51.2870516777039,581.508485227823,0,221.490923911333
7.32690650224686,6.4519659280777,1.60655152797699,6.77333354949951,0,0,0.999482691287994,8.45473402738571,0,0,2.48506420850754,5.19666939973831,0,3.38087671995163,0,0,0,3.21912157535553,1.22577208280563,5.37375998497009,0,0,0,0,0,0,1.32543551921844,0,2.11852735280991,0.563936173915863,0.453015267848969,0.629572808742523,0.547639667987823,0.643808364868164,0,0,18.0439338684082,0,6.66255822777748,1.40735173225403,0.912190645933151,0,0,0,0,0,1.58687475323677,0.407273977994919,0,0,0,0,0,0,0,0,1.33403730392456,4.87821274995804,0,0,0,0,0,0,0.426568448543549,0,0,0,0.972356796264648,0,34.9426228106022,62.7149623036385,16.1528215706348,8.85817730426788,56.3903365135193,35.6140820980072,166.314718127251,252.008607774973,0,0,0,0,0,0,0,0,0,1.11290264129639,0,0,5.3139553964138,8.8247689306736,10.1498706042767,33.5913547277451,61.8503892421722,28.2318024635315,13.7166191935539,9.19429856538773,3.11009109020233,1.44909310340881,3.31012615561485,5.40308052301407,102.457028925419,77.8590638637543,193.784094631672,171.535329192877,4.07760313153267,6.1580439209938,177.029064297676,138.841573506594,260.13755479455,34.4209387898445,125.574676930904,386.42077127099,221.490923911333,0
