0,303.66493204236,3714.37965455651,154.15544885397,0,0,4629.67298531532,153.008148342371,2.86472216248512,0,2764.34916102886,8.55568039417267,522.576480001211,0,3.36902993917465,0,524.4981379807,2.99490118026733,1300.35250207782,799.130981445312,0,0,18.4636953473091,6.36092820763588,0,0,0,0,1459.03776165843,0,57.486426115036,29.4749249517918,27.3232857584953,363.977941244841,0.896758794784546,3.43768155574799,471.113185584545,3.84682774543762,117.182278513908,0,2.78828912973404,0,0,0,0.357884764671326,0,6.9383025765419,0,5.591378480196,0,104.499830156565,0,0.456488877534866,0,0,0,11419.5938692987,6.83440089225769,281.136307090521,0,820.062074750662,0,402.578460782766,0,89.9446410536766,0,166.218687653542,13.3293813467026,2424.25272783637,104.836098581553,3157.14074769616,87.4155210852623,1906.01236525178,27.7648392915726,793.678627938032,11.2982912063599,3098.03266808391,154.057281732559,81.848109215498,0,639.712162852287,0,11.0093621015549,0,1354.47453141212,0,0,0,278.210826605558,0,0,0,0,0,101.484553486109,1.18949401378632,15.6593508124352,0,0,0,0,0,0,0,1.37694758176804,0,6.04758155345917,2.71489667892456,12.5543394684792,8.14846414327621,0,0,0,0,0,2.92949965596199
303.66493204236,0,157.354958504438,4187.70158046484,0,0,54.5343334376812,6230.07684385777,0,27.240166425705,6.2395943403244,2773.23336938024,0,830.180672138929,0,25.0144517719746,1.08889496326447,664.766112148762,621.493930250406,2460.13020458817,0,0,5.1631737947464,55.3518317639828,0,0,0.555023729801178,0.67756450176239,10.9572020769119,96.5784688591957,83.7408986389637,71.4291994869709,93.6336866617203,460.980225086212,3.31457045674324,4.60439133644104,3.14293640851974,250.692256569862,0.614725649356842,42.1746981441975,0,0,0,0,0,0,0,11.4987005889416,0,0,0,56.478402286768,0,0,0,5.34612607955933,37.3890648782253,11555.053489536,2.64031624794006,126.33718547225,0,594.650097548962,0,405.436792612076,0,524.004203468561,84.1650895476341,85.9982607364655,648.958059459925,1230.63712984324,95.599345356226,2028.22891485691,36.7663855850697,1730.28535172343,5.79644858837128,710.62095156312,499.317230582237,4018.1621465385,0,5.63789543509483,0,454.690617889166,0,0,0,1328.1818908155,0,0,0,423.262073278427,0,0,0,0,1.24344539642334,86.6215516328812,2.53126472234726,1.33415722846985,0,0,0,0,0,0,0,5.59669023752213,1.10483849048615,8.9034458398819,21.2486338019371,16.5124211609364,0,0,0,0.935644954442978,0,6.56778445839882
3714.37965455651,157.354958504438,0,827.138258576393,446.02744615078,137.201262176037,12043.518509239,820.733358711004,762.361449569464,239.189568817616,706.997922450304,96.4790499508381,440.252879858017,114.167422920465,341.218099594116,33.3297865390778,167.927203118801,8.83527565002441,2996.82436707616,523.310815006495,2.8659034371376,3.86365896463394,3017.45962530375,1361.48279729486,153.706348359585,292.26515173912,60.3566184341908,56.0594795942307,843.327248990536,9.46128022670746,304.208023518324,858.528218448162,78.231539785862,215.74356046319,13.8245086967945,0.901131570339203,112.306855201721,6.69151186943054,17.7699656486511,0,2.76868307590485,0,0,0,0,0,2.98524904251099,0,4.98594826459885,0,9.46494165062904,0,0,0,0,0,410.929890245199,2.13118040561676,122.785965710878,0,45.1651026010513,0,3.94836986064911,0,12.8594762086868,0,156.187962323427,0.499425023794174,383.069970935583,6.97356075048447,2618.97202497721,438.717524766922,1197.6898124218,111.579754710197,393.610092163086,49.7494480609894,1501.43284472823,187.455849081278,1.41905492544174,0,12.4977875351906,0,16.4408322274685,0,3.50012987852097,0,0,0,0,0,0,0,0,0,47.6054578721523,1.0781477689743,2.53507301211357,0,0,0,0,0,0,0,2.56494507193565,1.03735220432281,2.15213644504547,0,2.26209312677383,6.52278804779053,0,0,0,0.46878907084465,0,1.05110955238342
154.15544885397,4187.70158046484,827.138258576393,0,80.190943479538,1190.97539654374,352.809433400631,10674.4143141806,76.4273451566696,500.665577918291,28.7102772891521,858.504822254181,67.3927867114544,510.844807296991,48.1061323583126,56.4710219800472,0,206.482823580503,413.004137068987,3470.54210394621,0,4.0123183131218,693.139430940151,3182.29475477338,69.479872584343,342.161238610744,38.2244615852833,35.7066388130188,39.3597055375576,62.2750584185123,167.822479277849,413.329003632069,51.072125941515,263.519328773022,1.11732816696167,4.22439739108086,0.818867743015289,43.4182770848274,0.972656905651093,10.9661790728569,0,1.00331199169159,0,0,0,0,0,9.77818697690964,0,2.7395201921463,0,37.8303704559803,0,0,0,0,12.6360181868076,252.509958148003,1.23610126972198,39.8515748977661,0,66.1329290866852,0,28.019078284502,0,175.350447446108,7.40927740931511,48.6721001565456,158.711556583643,211.769987106323,545.518038362265,1594.50783756375,131.33153423667,1172.93975535035,19.5783312022686,464.838670611382,143.193331569433,1471.78479912877,0,0.985842823982239,0,71.1817751526833,0,0,0,78.6263147592545,0,0,0,17.1649403572083,0,0,0,0,1.29635071754456,32.6024723947048,0,0,0,0,0,0,0,0,0,2.56457984447479,0,1.83684825897217,6.98509794473648,5.54623654484749,0,0,0,0,0,0.461756557226181
0,0,446.02744615078,80.190943479538,0,75.3528817594051,63.2545220255852,12.0660749077797,1618.11583822966,69.3879542350769,0,0.598828852176666,8.7630842924118,4.85569220781326,2147.69668623805,56.4991395771503,0,0,0,0,110.875181496143,112.851941108704,126.423116385937,189.307109087706,211.931241363287,220.65038651228,1600.80686637759,159.16781976819,697.033114641905,3.59338891506195,22.3354326188564,106.164165258408,4.27380031347275,2.84621983766556,1.2829749584198,0,9.14915865659714,6.93199187517166,0,0,0,0,1.18218719959259,0,0,0,0,0,0,0,0,0,0,0,0,0,0,0,0,0,0,0,0,0,0,0,0.784497797489166,0,0,0,953.999445647001,60.2589401006699,499.141986340284,8.49353361129761,20.8259729146957,0,31.4516671299934,2.16890335083008,0,0,0,0,13.2243127822876,0,0,0,0,0,0,0,0,0,0,0,0.585878431797028,0,0.533379733562469,0,0,0,0,0,0,1.09750199317932,0,0,0,0,0,0,0,0,0,0,0,0
0,0,137.201262176037,1190.97539654374,75.3528817594051,0,18.6044392585754,357.550813257694,22.4421883821487,2762.92206123471,0,0.589888155460358,2.28130161762238,0.637417137622833,51.293429017067,1496.99704071879,0,0,0,0,2.42666471004486,280.240936696529,175.982509195805,38.066388130188,91.4397694766521,322.649478495121,164.169900655746,1155.67032384872,9.76013416051865,143.122816294432,41.6589217185974,48.5941001772881,5.48287457227707,9.2375972867012,0,0,0,0,0,0,0,14.3769311606884,0,0,0,0,0,0,0,0,0,0,0,0,0,0,0,0,0,0,0,0,0,0,0,0,0,0,0,0,251.479395329952,616.064070940018,18.3910095095634,396.679500341415,0,13.6764050126076,0,9.06915354728699,0,0,0,0,0,0.799081444740295,0,0,0,0,0,0,0,0,0,0,0,0.441543132066727,0,0,0,0,0,0,0,0,0,0,0,0,0.386718332767487,0,0,0,0,0,0,0
4629.67298531532,54.5343334376812,12043.518509239,352.809433400631,63.2545220255852,18.6044392585754,0,637.720518827438,478.436982929707,52.9339042305946,1736.28387832642,89.9656527340412,3977.12067866325,94.1489743590355,112.249727934599,0.622673273086548,61.4134841561317,14.2134497463703,460.776085197926,458.732297748327,0,0,534.796138674021,642.575188338757,2.88059994578362,31.5937506556511,1.52487826347351,3.93899196386337,325.174729317427,6.75500530004501,187.769299089909,428.265341699123,19.6627944111824,157.473908156157,2.12058180570602,0.820000112056732,29.4416851699352,0,8.62007093429565,0.608222782611847,2.4585046172142,0,0,0,0,0,4.35144156217575,0,3.1389627456665,0,93.7646886408329,0,0.712516605854034,0,0,0,633.849356412888,0.917868912220001,79.2550096213818,0,405.624100148678,0,45.5536925494671,0,88.2712367773056,0,23.6482737660408,1.73423519730568,54.0050376653671,1.83016657829285,3396.40370815992,285.133422106504,330.56352853775,82.7110450565815,106.057750791311,36.1080532371998,778.364176034927,127.794728279114,10.6377441287041,0,72.0847635865211,0,15.3121113181114,0,321.759161055088,0,0,0,43.7956554889679,0,0,0,0,0,22.0768799781799,0,0.560148596763611,0,0,0,0,0,0,0,0,0,0,0.528633654117584,1.8714571595192,3.45735728740692,0,0,0,0,0,0.742808818817139
153.008148342371,6230.07684385777,820.733358711004,10674.4143141806,12.0660749077797,357.550813257694,637.720518827438,0,29.6881345510483,974.55363291502,80.7700984477997,3067.32328402996,140.483365535736,5112.58447265625,12.2303993105888,275.823202550411,4.39966744184494,94.0462839007378,760.18937176466,672.124634414911,0,0,729.602422952652,725.314737558365,6.18697571754456,16.4632014632225,7.00039398670197,3.29352420568466,81.565650254488,48.3596599698067,286.639319628477,284.026718258858,56.7553918659687,122.129750609398,0.615081131458282,1.41429340839386,3.9561373591423,19.7970113754272,0,7.55194443464279,0,0.530020952224731,0,0,0,0,0,3.38355842232704,0,0,0,49.0684306621552,0,0,0,1.36668145656586,13.3330807685852,517.128937810659,0,29.3435531258583,0,201.853556573391,0,120.038362503052,0,229.054311394691,0.92279189825058,12.2944514155388,68.9207302033901,58.872779160738,617.895789325237,3900.84117689729,182.605079382658,741.226316601038,43.04852861166,291.900981247425,225.960615664721,1224.68940058351,0,2.75030195713043,0,454.095610976219,2.01458519697189,0,0,1298.99881953001,0,0,0,357.268329292536,0,0,0,0,0,14.5795207619667,0,0,0,0,0,0,0,0,0,0,0,0,3.86957377195358,1.81609806418419,0,0,0,0,0,0.556676149368286
2.86472216248512,0,762.361449569464,76.4273451566696,1618.11583822966,22.4421883821487,478.436982929707,29.6881345510483,0,46.8064687848091,40.1576470136642,0.724157929420471,524.935861617327,6.99222236871719,3037.75776064396,4.65692740678787,5.4296452999115,0,3.32295888662338,0,6.545301258564,5.42780959606171,35.2822771072388,120.853230416775,9.73445484042168,77.3595976233482,19.9541690349579,19.6130391359329,223.230974912643,1.17416453361511,7.06226301193237,39.2866169810295,0,8.13200882077217,0,0,7.07621365785599,0,0,0,0,0,0,0,0,0,0,0,0,0,0,0,0,0,0,0,1.40185809135437,0,0,0,0,0,0,0,0,0,0,0,0,0,542.791587382555,18.3395540714264,414.895389050245,3.05375111103058,24.6078219413757,0,145.08918094635,1.41729152202606,0,0,0,0,13.0596700310707,0,0,0,0,0,0,0,0,0,0,0,3.73312631249428,0,0,0,0,0,0,0,0,0,0,0,0,0,0,0,0,0,0,0,0,0
0,27.240166425705,239.189568817616,500.665577918291,69.3879542350769,2762.92206123471,52.9339042305946,974.55363291502,46.8064687848091,0,0,13.7969495654106,9.96117389202118,396.625709474087,31.5377054810524,2124.20566761494,0,6.0430149435997,0,4.41705846786499,0.927125215530396,70.1052244007587,198.782456308603,42.685063123703,63.8319053649902,109.181888401508,63.4630304574966,163.146350592375,6.75418102741241,161.825586676598,42.1466420888901,53.523829460144,0,7.97779196500778,0,1.28136038780212,0,0.938319027423859,0,0,0,13.6365166902542,0,0,0,0,0,3.83496314287186,0,0,0,0,0,0,0,0,0,6.42201417684555,0,0,0,0,0,1.04858756065369,0,0,0,0,0,0,184.039521962404,1900.7885992229,25.5916882753372,885.898825377226,1.00344336032867,91.6473470926285,0,143.57714548707,0,1.35808432102203,0,3.86862063407898,0,0,0,0,0,0,0,0,0,0,0,0,0,6.00732472538948,0,0,0,0,0,0,0,0,0,0,0,0,1.05590319633484,0,0,0,0,0,0,0
2764.34916102886,6.2395943403244,706.997922450304,28.7102772891521,0,0,1736.28387832642,80.7700984477997,40.1576470136642,0,0,8.76272866129875,2742.30506023765,4.23114836215973,162.1099781394,0,1018.15932816267,0.756825029850006,658.648266464472,73.9693259298801,0,0,95.8387627005577,62.4797994792461,0,1.39463710784912,0,0,1917.81196349859,0,83.8331327736378,84.1235208213329,8.08082109689713,26.2699612677097,0.771370887756348,0,30.1936678290367,0,12.0573537945747,0,0,0,0,0,0,0,0,0,0,0,12.8020375967026,0,0,0,0,0,626.681945353746,0,62.7976328134537,0,117.909801900387,0,214.451819598675,0,19.303722679615,0,45.2905740141869,0,117.597007334232,0,796.923655480146,26.8922520875931,516.305810451508,7.05717217922211,117.735516607761,3.48621648550034,426.228708267212,3.88778966665268,79.0109227895737,0,327.237913042307,0,32.2979609370232,0,178.424841403961,0,0,0,36.07317507267,0,0,0,0,0,7.73627603054047,0,0,0,0,0,0,0,0.955265045166016,0,0,0,0,0,0,0,0,0,0,0,0,1.07317554950714
8.55568039417267,2773.23336938024,96.4790499508381,858.504822254181,0.598828852176666,0.589888155460358,89.9656527340412,3067.32328402996,0.724157929420471,13.7969495654106,8.76272866129875,0,19.4636044204235,4043.91816267371,0,90.4638115167618,0,1517.35047030449,105.379974424839,1051.67519661784,0,0,106.647912859917,376.499855071306,0,2.9217277765274,0,0,5.39970344305038,746.180870711803,49.2661803662777,247.239624351263,8.76260569691658,120.774604529142,0,4.90788087248802,0.495429277420044,7.3740491271019,0,2.99771839380264,0,0,0,0.545934796333313,0,0,0,0.559186398983002,0,0,0,3.18241593241692,0,0,0,0,0,236.431469380856,0,28.5883188247681,0,232.290901005268,0,334.447872757912,0,48.0077222287655,0,34.2284898459911,0,42.7018673419952,93.0697094798088,622.912446260452,10.1501613259315,1026.52179425955,2.29393029212952,70.7921702861786,40.5908476412296,208.981051713228,0,20.7328099608421,0,1006.42901414633,0,0,0,318.511004626751,0,0,0,41.8809368014336,0,0,0,0,0,1.06620436906815,0,0,0,0,0,0,0,0,0,0,0,0,0,0,0,0,0,0,0,0
522.576480001211,0,440.252879858017,67.3927867114544,8.7630842924118,2.28130161762238,3977.12067866325,140.483365535736,524.935861617327,9.96117389202118,2742.30506023765,19.4636044204235,0,20.4870283305645,2387.74877309799,0,77.7473639845848,0,194.420777499676,29.9098356962204,0,0,143.328888177872,133.929628908634,0,4.19985634088516,0,0,2744.72439986467,0.876704692840576,75.393911331892,124.584477066994,6.6168994307518,29.3112236559391,1.44052129983902,0,42.1092615127563,0.87198793888092,5.84849733114243,0,0.800476372241974,0,0,0,0,0,5.34088551998138,0,0,0,3.43198162317276,0,0,0,0,0,160.309171944857,0,15.6797697544098,0,27.7595890164375,0,16.7029556632042,0,7.68762099742889,0,5.43106025457382,0,33.2228376865387,0,1458.69727754593,57.1585591435432,1056.11027207971,13.573125064373,217.091705948114,5.40125852823257,776.555007636547,13.6717604994774,4.59928435087204,0,15.0013846158981,0,42.8191258907318,0,9.36489719152451,0,0,0,0,0,0,0,0,0,16.9759681522846,0,0,0,0,0,0,0,0,0,0,0,0.366171777248383,0,0,1.13209840655327,0,0,0,0,0,0.986423552036285
0,830.180672138929,114.167422920465,510.844807296991,4.85569220781326,0.637417137622833,94.1489743590355,5112.58447265625,6.99222236871719,396.625709474087,4.23114836215973,4043.91816267371,20.4870283305645,0,2.02163624763489,2059.04711395502,0,290.789510786533,24.294901072979,258.905758827925,0,1.31270813941956,118.934767484665,325.335853934288,1.52202606201172,0.652695596218109,0,0,7.5339358150959,1024.74523815513,17.1742112636566,127.532076478004,3.78807002305984,42.7149955928326,0,2.37938347458839,0.96159428358078,4.3096951842308,0,2.84025955200195,0,1.25715261697769,0,0,0,0,0,1.25590294599533,0,0,0,0,0,0,0,1.77459716796875,0,174.671515107155,0,5.2327124774456,0,53.416230648756,0,127.682905942202,0,8.13457405567169,0,8.34863305091858,0,34.8528264462948,105.812840282917,1156.7347458005,19.2055994272232,1535.82306414843,1.94933444261551,215.916400402784,15.6745686233044,375.483257353306,0,6.61736989021301,0,571.788854897022,0,0,0,83.2886605262756,0,0,0,2.05643230676651,0,0,0,0,0,10.1353858411312,0,0,0,0,0,0,0,0,0,0,0,0.449951678514481,3.43430352210999,0,0,0,0,0,0,0
3.36902993917465,0,341.218099594116,48.1061323583126,2147.69668623805,51.293429017067,112.249727934599,12.2303993105888,3037.75776064396,31.5377054810524,162.1099781394,0,2387.74877309799,2.02163624763489,0,28.4038287997246,10.6913842558861,0,10.7938876152039,0,131.837107956409,67.3773758411407,174.124246060848,100.802569717169,127.460056692362,102.635484158993,978.277082234621,93.0118011236191,2848.92553091049,0,48.1423234343529,82.9605946242809,13.0662724375725,2.38643896579742,1.94259008765221,0,24.8459985852242,0,5.07905539870262,0,5.31327158212662,0,0,0,0,0,3.34653747081757,0,0,0,0,0,0,0,0,0,4.18350791931152,0,0,0,0,0,0,0,0,0,0,0,0,0,1684.76636132598,42.3660259842873,2220.28660222888,5.01466012001038,206.722738653421,0,596.569817692041,0,0,0,0,0,306.436490058899,0,0,0,0,0,0,0,0,0,0,0,19.2831081449986,0,1.79213047027588,0,0,0,0,0,0,0,1.92068889737129,0,0,0,1.28039592504501,3.79162546992302,0.462549179792404,0,0,0,0,0
0,25.0144517719746,33.3297865390778,56.4710219800472,56.4991395771503,1496.99704071879,0.622673273086548,275.823202550411,4.65692740678787,2124.20566761494,0,90.4638115167618,0,2059.04711395502,28.4038287997246,0,0,33.4990902841091,0,8.29516935348511,3.91565227508545,279.283450424671,75.2407295703888,61.4002091884613,45.1526906788349,160.494420111179,102.598268538713,457.192214667797,2.33974760770798,1749.73929733038,7.02175891399384,37.5906612873077,4.33211874961853,6.88030421733856,0,0,0,5.81768602132797,0,0,0,48.3163997530937,0,0,0,0,0,0.920161604881287,0,0,0,0,0,0,0,0,0,14.6533429026604,0,0,0,0,0,1.93595361709595,0,0,0,0,0,0.787819087505341,175.733626514673,1507.86676084995,5.36590987443924,2952.67809608579,0,212.461823403835,0,217.045401394367,0,0,0,1.65288269519806,0,0,0,0,0,0,0,0,0,0,0,0,0,9.44219997525215,0,0,0,0,0,0,0,0,0,0,0,0,2.40238881111145,0,0,0,0,0,0,1.82270950078964
524.4981379807,1.08889496326447,167.927203118801,0,0,0,61.4134841561317,4.39966744184494,5.4296452999115,0,1018.15932816267,0,77.7473639845848,0,10.6913842558861,0,0,0,172.511601924896,17.1803925037384,0,0,4.42428225278854,2.25300276279449,0,0,0,0,5809.22978746891,0,8.0435990691185,6.94110125303268,0,10.0022168755531,2.69447273015976,2.39105945825577,37.3223460912704,0,8.99205553531647,0,0,0,2.03706446290016,1.16296601295471,3.72132828831673,1.49679708480835,0,0.649648249149323,8.12160956859589,0,26.3179683089256,0,2.31280517578125,0,0.594102203845978,0,2452.95378640294,0,67.2972711026669,0,210.98679715395,0.773200213909149,1352.69420319796,0,5.25216138362885,0,42.3468727767467,3.59080559015274,46.4425883591175,0,111.110557943583,1.71816593408585,280.963903814554,0,63.8064315319061,0,135.761617511511,1.62210988998413,1029.16413253546,0,2406.92339226604,0,26.2762913107872,0,247.652458071709,0,3.25397074222565,0,58.0343414545059,0,0,0,0,0,3.68570464849472,0,1.60107743740082,0,0,0,0,0,0,0,0,0,0,0,0,0.853171288967133,0,0,0,0,0,0
2.99490118026733,664.766112148762,8.83527565002441,206.482823580503,0,0,14.2134497463703,94.0462839007378,0,6.0430149435997,0.756825029850006,1517.35047030449,0,290.789510786533,0,33.4990902841091,0,0,29.633203715086,345.633784919977,0,0,2.75755196809769,23.7327999472618,0,0,0,0,0,2806.71430197358,17.9700853228569,32.0393404364586,0.52296245098114,81.8974049389362,3.17644882202148,6.97952070832253,0,25.7073720395565,1.70108318328857,3.74048882722855,0,0,0,0.631607353687286,0,0.772374987602234,0,1.66073435544968,0,2.14694431424141,0,6.15855294466019,0,0,0,0,6.41260308027267,2131.11051058769,5.39316111803055,96.7310398221016,1.05966663360596,294.261202573776,0,1571.54980671406,0,36.3141048848629,29.807050049305,118.218441873789,2.80560660362244,98.013896882534,9.34323817491531,100.950760126114,0,2105.41261002421,0,198.672409832478,118.061571776867,291.928517609835,0,583.459150850773,0,2103.63546648622,0,0.523096263408661,0,127.800369232893,0,1.05764007568359,0,19.7867502570152,0,0,0,0,0,8.68924349546432,0,0.62949925661087,0,0,0,0,0,0,0.719945669174194,0,1.24640166759491,0,1.91972291469574,0,0,0,0,0,0,0
1300.35250207782,621.493930250406,2996.82436707616,413.004137068987,0,0,460.776085197926,760.18937176466,3.32295888662338,0,658.648266464472,105.379974424839,194.420777499676,24.294901072979,10.7938876152039,0,172.511601924896,29.633203715086,0,2392.4958986342,0,1.1770156621933,1594.44445112348,222.180394798517,0,0,1.65778028964996,0,665.971839129925,4.67257326841354,853.359946012497,453.056342065334,2519.18398684263,863.56222474575,11.3991356790066,0,161.268076598644,5.72823464870453,23.1265015006065,1.84687829017639,0.761182606220245,0,6.04339596629143,0,4.25343459844589,0,11.3536259233952,0,5.63251847028732,0,2.84466844797134,0,0,0,0,0,242.773821234703,8.30112987756729,135.584282428026,0.613808333873749,13.2801772654057,0.475524604320526,6.10695439577103,0,4.12356954813004,0,692.724828749895,21.6358291208744,2498.59999164939,65.5292762815952,1199.0741173327,398.423528432846,801.556220144033,153.709364026785,411.762235999107,57.6295988559723,2026.127132833,487.846422553062,2.62806394696236,0,7.58287581801414,0,26.6738398075104,0,5.71266204118729,0,0,0,1.46769058704376,0,0,0,0,0,52.5991465747356,0,6.50082612037659,0,0,0,0,0,0,0,2.75789180397987,0,0,0,9.78945326805115,3.17672425508499,0.551518857479095,0,0,0,0,3.38559949398041
799.130981445312,2460.13020458817,523.310815006495,3470.54210394621,0,0,458.732297748327,672.124634414911,0,4.41705846786499,73.9693259298801,1051.67519661784,29.9098356962204,258.905758827925,0,8.29516935348511,17.1803925037384,345.633784919977,2392.4958986342,0,0,0.491363614797592,145.530524969101,721.188968807459,0,2.56440019607544,0,0,92.869942843914,67.1008910536766,228.26970282197,424.179909706116,353.869849383831,5085.58830097318,0,4.35267227888107,10.2581187486649,102.893207103014,2.99786776304245,21.8666287064552,0,0,0,0,0,0.692192733287811,0,12.1040111780167,0,10.4049544334412,0,43.6104968190193,0,0,0,0,119.559649139643,380.247921139002,9.08715313673019,109.210900753736,0,65.6662705242634,0,45.0868126451969,0,206.353869467974,153.799254328012,572.058852910995,1158.35720905662,2881.09889668226,397.1231161654,1005.52581834793,174.972380489111,955.472993850708,80.6992195248604,542.681877076626,569.023527801037,2908.20492896438,0,1.72285759449005,0,112.082465112209,1.38360303640366,0,0,34.5471876561642,0,0,0,1.32961916923523,0,0,0,0,2.3956338763237,54.4761485755444,0,0,0,0,0,0,0,0,0,5.41758280992508,0,0.75110125541687,21.2997054159641,6.72021308541298,0,0,0,0,0,2.59198290109634
0,0,2.8659034371376,0,110.875181496143,2.42666471004486,0,0,6.545301258564,0.927125215530396,0,0,0,0,131.837107956409,3.91565227508545,0,0,0,0,0,63.3558469414711,36.0606611669064,0.915196478366852,156.187598407269,5.81152403354645,478.183161795139,24.2415364384651,16.100657582283,0,601.791570305824,17.1393693089485,93.7474657893181,0,24.335774987936,0,64.8200709819794,6.70024406909943,4.45380002260208,0,20.4675608277321,3.36874580383301,0,0,0,0,0,0,0,0,0,0,0,0,0.720716893672943,0.997485041618347,0,0,0,0,0,0,0,0,0,0,12.8288241922855,0,0,0,704.544153749943,20.3149989843369,75.4326776862144,0.890432953834534,11.4087695479393,3.53479623794556,9.99245476722717,0,0,0,0,0,0,0.640923500061035,0,0,2.70456147193909,0,0.737790882587433,0,0,1.44906294345856,0,0,1.11705958843231,0,0,0,0,0,0,0,0,0,0,0,0,0,0,0,0,0,0,0,0,0
0,0,3.86365896463394,4.0123183131218,112.851941108704,280.240936696529,0,0,5.42780959606171,70.1052244007587,0,0,0,1.31270813941956,67.3773758411407,279.283450424671,0,0,1.1770156621933,0.491363614797592,63.3558469414711,0,59.1187922954559,27.6805262863636,75.9109071195126,269.061944425106,341.33395242691,1485.94625216722,15.2806305885315,36.2940157055855,152.937464892864,981.785205185413,34.0854097604752,23.3384210765362,10.4577385485172,8.9364618062973,131.797018289566,104.023654282093,12.1657614707947,2.54543912410736,8.28415393829346,17.4516690373421,0,0.69116085767746,0,0,0.49609249830246,2.187908411026,0,0.626473844051361,0,0.666719317436218,0,0,0,0.685509920120239,0,0.904586374759674,0,0,0,0.461063385009766,0,0,0,0,5.15063947439194,6.86455681920052,0,0.553467571735382,216.356880456209,392.890939682722,5.96861410140991,59.2478946745396,20.4063520431519,1.52807676792145,9.19097763299942,27.4227002859116,0,0,0.654502153396606,0,0,1.14815974235535,0,0,0,0,0,1.26900327205658,0,2.0784649848938,0,0,2.15800082683563,0,0.93756228685379,0,0,0,0,0,0,0,0,0.807704508304596,0,0,0,1.77348238229752,0,0,0,0,0,0
18.4636953473091,5.1631737947464,3017.45962530375,693.139430940151,126.423116385937,175.982509195805,534.796138674021,729.602422952652,35.2822771072388,198.782456308603,95.8387627005577,106.647912859917,143.328888177872,118.934767484665,174.124246060848,75.2407295703888,4.42428225278854,2.75755196809769,1594.44445112348,145.530524969101,36.0606611669064,59.1187922954559,0,1781.26402151585,1248.72314739227,621.656334757805,516.782107114792,174.621859222651,261.330617278814,4.33732783794403,3808.69646549225,1622.82441490889,1231.25158986449,230.126096755266,276.951878070831,0,17.5784730315208,0.567365765571594,0.993270874023438,0,0,0,23.5987172722816,0,5.79013583064079,0,2.59418654441833,0,0.966126084327698,0,0,0,0,0,0,0,6.77768230438232,0,2.36062276363373,0,0,0,0,0,0,0,387.555042684078,0,66.7191597819328,0,1279.15543055534,445.473704010248,433.806713312864,115.808110326529,99.7444968819618,40.3865627348423,288.465859353542,102.212036013603,0,0,0,0,8.05837249755859,0,0,0,0,0,0,0,0,0,0,0,5.19485259056091,0,0,0,0,0,0,0,0,0,0,0,0,0,0,0,0,0,0,0,0,0
6.36092820763588,55.3518317639828,1361.48279729486,3182.29475477338,189.307109087706,38.066388130188,642.575188338757,725.314737558365,120.853230416775,42.685063123703,62.4797994792461,376.499855071306,133.929628908634,325.335853934288,100.802569717169,61.4002091884613,2.25300276279449,23.7327999472618,222.180394798517,721.188968807459,0.915196478366852,27.6805262863636,1781.26402151585,0,182.374178677797,1931.64762023091,132.414866447449,160.625099629164,98.7796616256237,31.2642176747322,238.695662438869,3105.63434821367,40.1162670254707,1780.2724404037,0,44.7591646909714,5.80430221557617,13.7068077921867,0,0.869385063648224,0,0,0,0,0,0,0,26.5243000090122,0,0,0,0,0,0,0,0,0,15.1893928050995,0,0,0,0.751409232616425,0,2.01877528429031,0,2.68781709671021,1.06916928291321,203.917323678732,1.67946809530258,45.9376446604729,921.304676562548,1151.46866238117,227.83572268486,656.732105791569,61.8212222456932,324.85623767972,97.4543873071671,848.662843316793,0,0,0,6.25479596853256,1.37305146455765,0,0,0,0,0,0,0,0,0,0,0,0,14.089274674654,0.6808922290802,0.709909558296204,0,0,0,0,0,0,0.609035551548004,0,2.42885112762451,1.0164829492569,4.79590076208115,4.20148599147797,0,0,0,0,0,1.9976310133934
0,0,153.706348359585,69.479872584343,211.931241363287,91.4397694766521,2.88059994578362,6.18697571754456,9.73445484042168,63.8319053649902,0,0,0,1.52202606201172,127.460056692362,45.1526906788349,0,0,0,0,156.187598407269,75.9109071195126,1248.72314739227,182.374178677797,0,357.758210837841,998.499478131533,169.052291095257,45.8905866742134,1.6995005607605,960.836461544037,206.306242734194,97.2108596265316,3.98067653179169,48.9265752434731,0,0,0,0.435258150100708,0,0,0.482680916786194,0,0,0,0,0,0,0,0,0,0,0,0,0,0,0,0,0,0,0,0,0,0,0,0,21.9016385674477,0,0,0,356.841889262199,46.8561489582062,88.9447912573814,9.7293453514576,2.05915293097496,2.16682839393616,4.73205918073654,0,0,0,0,0,0,0,0,0,0,0,0,0,0,0,0,0,0.453775107860565,0,0,0,0,0,0,0,0,0,0,0,0,0,0,0,0,0,0,0,0,0
0,0,292.26515173912,342.161238610744,220.65038651228,322.649478495121,31.5937506556511,16.4632014632225,77.3595976233482,109.181888401508,1.39463710784912,2.9217277765274,4.19985634088516,0.652695596218109,102.635484158993,160.494420111179,0,0,0,2.56440019607544,5.81152403354645,269.061944425106,621.656334757805,1931.64762023091,357.758210837841,0,422.220377355814,1134.89175716043,9.2097339630127,18.586626380682,117.591510891914,1126.1733110249,20.1578133106232,73.7868141829967,0.854731559753418,2.39120900630951,0,0,0,0,0,1.5412163734436,0,0,0,0,0,0,0,0,0,0,0,0,0,0,0,0,0,0,0,0,0,0,0,0,0,5.06015568971634,0,1.29202991724014,425.826116025448,427.754762738943,29.8017544746399,105.519967585802,0,11.9338085949421,0,5.79614007472992,0,0,0,0,0,0,0,0,0,0,0,0,0,0,0,0,0,0.556981086730957,0,0,0,0,0,0,0,0,0,0,0,0,0,0,0,0,0,0,0,0
0,0.555023729801178,60.3566184341908,38.2244615852833,1600.80686637759,164.169900655746,1.52487826347351,7.00039398670197,19.9541690349579,63.4630304574966,0,0,0,0,978.277082234621,102.598268538713,0,0,1.65778028964996,0,478.183161795139,341.33395242691,516.782107114792,132.414866447449,998.499478131533,422.220377355814,0,552.180208444595,150.34321475029,3.28202134370804,417.019159644842,173.997963488102,66.5038055181503,7.10835626721382,24.2392313182354,0,202.368931889534,31.5866720080376,28.2409101724625,3.07262402772903,7.81706118583679,0,0,0,0,0,2.27190029621124,0.738880634307861,0,0,0,0,0,0,0,0,0.720956921577454,0.668861150741577,0,0,0,0,0,0,0,0,6.20651784539223,0,0,0,599.621223092079,94.3289068341255,91.9161148369312,27.0067273676395,35.1554190516472,4.51838862895966,24.9003138542175,10.4841658473015,0,0,0,0,2.33491921424866,0,0,0,0,0,1.45300889015198,0,0,1.22927761077881,0,0,4.75049269199371,3.3959653377533,1.78546154499054,0,0,0.856143534183502,0,2.71861600875854,0,0,0,0,0,0,0,1.35837614536285,0,0,0,0,0,0
0,0.67756450176239,56.0594795942307,35.7066388130188,159.16781976819,1155.67032384872,3.93899196386337,3.29352420568466,19.6130391359329,163.146350592375,0,0,0,0,93.0118011236191,457.192214667797,0,0,0,0,24.2415364384651,1485.94625216722,174.621859222651,160.625099629164,169.052291095257,1134.89175716043,552.180208444595,0,12.0655699968338,22.9730692207813,129.585649728775,362.145220577717,14.8644893169403,19.6387297511101,0,2.25881856679916,80.4183881878853,163.819054543972,5.26924461126328,1.67422032356262,3.97849428653717,2.02673900127411,0,4.03870344161987,0,0,0.867624938488007,9.60401374101639,0,0,0,0.566692173480988,0,0,0,1.92854207754135,0,0,0,0,0,0,0,0,0,1.18927550315857,0,2.07964128255844,0,1.31929618120193,489.622461944818,488.429134994745,8.5755507349968,104.511836379766,17.8689051270485,8.11226850748062,1.11067414283752,23.8117470145226,0,0,0,1.00976657867432,0,1.20806634426117,0,0,0,0,0,0,0,2.53968226909637,0,0,2.19982808828354,6.71249830722809,0.499106645584106,0,0,1.33907842636108,0,0,0,0,0,1.478351354599,0,0.91256719827652,0,4.69543623924255,0,0,0,0,0,0
1459.03776165843,10.9572020769119,843.327248990536,39.3597055375576,697.033114641905,9.76013416051865,325.174729317427,81.565650254488,223.230974912643,6.75418102741241,1917.81196349859,5.39970344305038,2744.72439986467,7.5339358150959,2848.92553091049,2.33974760770798,5809.22978746891,0,665.971839129925,92.869942843914,16.100657582283,15.2806305885315,261.330617278814,98.7796616256237,45.8905866742134,9.2097339630127,150.34321475029,12.0655699968338,0,1.88242483139038,102.483309447765,134.328697055578,20.7050350308418,39.7659029364586,31.9319465756416,35.6640242934227,166.661578267813,5.1392879486084,56.639433324337,0,110.371765017509,0,256.460562735796,10.8535407781601,27.3757660388947,6.39626693725586,257.470677405596,0,75.9933190047741,1.90269953012466,486.888165801764,0,132.166055709124,0,44.7058604359627,0,2104.63178351521,2.73532831668854,557.068111389875,0.863671481609344,414.288835525513,0,674.813271611929,1.33596795797348,92.7642692923546,1.29333844780922,337.901898503304,29.3982454240322,321.885118305683,2.6701811850071,1011.94209784269,41.6469679772854,2607.06574013829,13.6370751857758,181.660543709993,3.48465245962143,652.638698399067,9.34606128931046,692.22751763463,0,1191.31805849075,0,560.387508451939,0,517.100991308689,0,204.386633574963,0,216.362421393394,0,5.34272569417953,0,3.2931934595108,0,37.2894548475742,1.28050673007965,10.5688647031784,0,1.78198897838593,0,0,0,0,0,2.89932417869568,0,2.7720490694046,0.407564491033554,2.76277410984039,3.69445019960403,0,0,0,0,0,0
0,96.5784688591957,9.46128022670746,62.2750584185123,3.59338891506195,143.122816294432,6.75500530004501,48.3596599698067,1.17416453361511,161.825586676598,0,746.180870711803,0.876704692840576,1024.74523815513,0,1749.73929733038,0,2806.71430197358,4.67257326841354,67.1008910536766,0,36.2940157055855,4.33732783794403,31.2642176747322,1.6995005607605,18.586626380682,3.28202134370804,22.9730692207813,1.88242483139038,0,6.25819769501686,24.6046785116196,0,20.5992178916931,7.38065809011459,16.5326379239559,1.20336616039276,71.1524871587753,0,6.85784876346588,0,673.422451138496,1.08422780036926,53.6361207664013,1.21959936618805,41.8550906181335,0,22.1088817715645,0,67.3300828039646,0,88.2403752505779,0,0,0,8.8294882774353,0,300.063889712095,2.10541492700577,55.4588545262814,0,30.0861070752144,0,92.1502882242203,0,24.6792350411415,11.986609518528,86.3705181479454,0.998762965202332,28.3480970561504,20.2642545998096,150.510324180126,0,4787.51557597518,0,77.2802784740925,21.8019533455372,94.9201568365097,0,640.618920654058,0,527.184879392385,0,162.694894433022,0,62.1544319391251,0,11.5761631131172,0,21.6813084483147,0,2.25971263647079,0,2.57308888435364,1.50270986557007,4.6014603972435,0,0,0,6.33803558349609,0,0,0,4.99614948034286,0,0,0.529640913009644,0,0,1.07479619979858,0,0,0,0,0,0
57.486426115036,83.7408986389637,304.208023518324,167.822479277849,22.3354326188564,41.6589217185974,187.769299089909,286.639319628477,7.06226301193237,42.1466420888901,83.8331327736378,49.2661803662777,75.393911331892,17.1742112636566,48.1423234343529,7.02175891399384,8.0435990691185,17.9700853228569,853.359946012497,228.26970282197,601.791570305824,152.937464892864,3808.69646549225,238.695662438869,960.836461544037,117.591510891914,417.019159644842,129.585649728775,102.483309447765,6.25819769501686,0,396.775635808706,1584.66449379921,127.951352149248,476.441039294004,3.50315201282501,22.7535541057587,4.93133208155632,13.9040778875351,0,1.60792681574821,0,85.481230288744,0,19.1130929291248,0,11.40945571661,0.964390933513641,0.39658311009407,0.437490433454514,0,4.58106923103333,0,0,0.690325498580933,0,10.4947736859322,8.40143764019012,7.05919715762138,1.56652584671974,0.741535484790802,1.9678538441658,0,1.67522990703583,0.454920738935471,7.82287076115608,813.559571474791,12.0321057140827,90.7009252011776,6.5809523165226,1239.90059539676,159.590918064117,173.971894145012,38.6462962329388,82.7562077045441,19.0890081822872,323.673060029745,150.215528011322,1.36873483657837,0,0,8.49052917957306,2.73422169685364,0,0,11.161761879921,0,0,0,1.03959983587265,0,0,0,0,12.5538740158081,1.6346161365509,2.96447545289993,0,0,0,0,0,0,0,1.67212265729904,0,1.68570792675018,0,2.21602958440781,0.57123064994812,0,0,0,0,0,0
29.4749249517918,71.4291994869709,858.528218448162,413.329003632069,106.164165258408,48.5941001772881,428.265341699123,284.026718258858,39.2866169810295,53.523829460144,84.1235208213329,247.239624351263,124.584477066994,127.532076478004,82.9605946242809,37.5906612873077,6.94110125303268,32.0393404364586,453.056342065334,424.179909706116,17.1393693089485,981.785205185413,1622.82441490889,3105.63434821367,206.306242734194,1126.1733110249,173.997963488102,362.145220577717,134.328697055578,24.6046785116196,396.775635808706,0,186.3685593009,3466.92993280292,11.6710972487926,189.472640603781,22.9242735505104,13.481269210577,4.15665286779404,1.84686648845673,1.46744668483734,0,2.33082461357117,3.31263345479965,0,1.4171442091465,2.84645354747772,96.7369047105312,0,1.9729198217392,0,1.99570378661156,0,0,0,0,4.61785817146301,8.76924800872803,1.71610581874847,1.73686283826828,0,4.08365088701248,0,3.1651154756546,0,1.11297482252121,41.8520887494087,488.982317507267,31.159995675087,19.6059772074223,756.347958922386,642.055393457413,254.983294963837,230.515741467476,90.5179802775383,124.06962826848,415.055774986744,621.265527635813,0,1.25928729772568,0,12.6072272360325,1.20025718212128,0,0,21.7363061606884,0,0,0,3.66085869073868,0,0,0,0,13.1314304471016,6.11930349469185,1.56580489873886,0,0,0.983872950077057,0,0,0,0,1.45856082439423,1.2767585515976,1.65259462594986,0,3.82258099317551,3.83115601539612,0,0,0,0,0,0.410930305719376
27.3232857584953,93.6336866617203,78.231539785862,51.072125941515,4.27380031347275,5.48287457227707,19.6627944111824,56.7553918659687,0,0,8.08082109689713,8.76260569691658,6.6168994307518,3.78807002305984,13.0662724375725,4.33211874961853,0,0.52296245098114,2519.18398684263,353.869849383831,93.7474657893181,34.0854097604752,1231.25158986449,40.1162670254707,97.2108596265316,20.1578133106232,66.5038055181503,14.8644893169403,20.7050350308418,0,1584.66449379921,186.3685593009,0,643.511162400246,899.609335839748,15.0989415049553,7.30039411783218,4.1547611951828,17.3888266980648,0,0,0,79.0910029113293,0,72.4289763569832,0,10.5238674283028,0,0.531700789928436,0,1.84900003671646,0,0,0,1.11850714683533,0,8.8695570230484,22.1350173354149,14.7681932449341,8.35846564173698,0,2.40792971849442,0,5.1863651573658,0.447979718446732,0.642131924629211,3790.58691632748,100.652176111937,823.187671422958,136.02439931035,270.043347686529,50.8706842064857,41.7250343859196,20.8453983962536,11.3394979834557,12.3614028990269,102.101769834757,74.8081103861332,0,0,0.571365118026733,4.31523442268372,0,0,0,0,0,0,0.574613451957703,0,0,0,0,0,1.02732396125793,0.484708219766617,0,0,0,0,0,0,0,0,0,0,0,0,0,0,0,0,0,0,0,0
363.977941244841,460.980225086212,215.74356046319,263.519328773022,2.84621983766556,9.2375972867012,157.473908156157,122.129750609398,8.13200882077217,7.97779196500778,26.2699612677097,120.774604529142,29.3112236559391,42.7149955928326,2.38643896579742,6.88030421733856,10.0022168755531,81.8974049389362,863.56222474575,5085.58830097318,0,23.3384210765362,230.126096755266,1780.2724404037,3.98067653179169,73.7868141829967,7.10835626721382,19.6387297511101,39.7659029364586,20.5992178916931,127.951352149248,3466.92993280292,643.511162400246,0,90.2933882176876,1248.67504614592,34.4656063020229,44.7997514605522,7.63345342874527,35.3490159511566,0,0,16.310916364193,18.2747197151184,24.3059653043747,13.5054931342602,3.79532927274704,241.105042427778,6.25418734550476,24.0983284711838,8.53278630971909,8.9248848259449,0,0,0.821034610271454,1.18742525577545,153.385339409113,138.556222707033,124.614301353693,62.8949503600597,22.2305921316147,33.1298182010651,4.39762842655182,67.4232175350189,2.28087085485458,26.0848087072372,2117.85797616839,5882.67287820578,1376.42264205217,1837.65515860915,264.769668728113,422.35818451643,88.5339377224445,232.034098654985,45.5640052556992,102.221376985312,408.839708656073,863.249896109104,2.02612280845642,10.3388915061951,0.931206881999969,66.9637037217617,2.69877079129219,0,1.50438237190247,46.4075599908829,0,2.88316774368286,0,13.7778994441032,0,0,0,0,9.60925868153572,16.7014817297459,1.8065270781517,1.00318217277527,0,0,0,0,0,1.24937045574188,1.16811171174049,2.95269685983658,3.48951065540314,2.21179056167603,3.52597126364708,1.99986374378204,0.871003448963165,0,0,0,0,0.56267774105072
0.896758794784546,3.31457045674324,13.8245086967945,1.11732816696167,1.2829749584198,0,2.12058180570602,0.615081131458282,0,0,0.771370887756348,0,1.44052129983902,0,1.94259008765221,0,2.69447273015976,3.17644882202148,11.3991356790066,0,24.335774987936,10.4577385485172,276.951878070831,0,48.9265752434731,0.854731559753418,24.2392313182354,0,31.9319465756416,7.38065809011459,476.441039294004,11.6710972487926,899.609335839748,90.2933882176876,0,574.903659373522,496.967012286186,217.722126543522,54.4119061231613,41.5635928809643,9.9031388759613,2.05955296754837,490.982884585857,562.969697326422,327.235215723515,404.72837588191,117.750897943974,95.8338465690613,99.56242826581,243.741359084845,194.548254787922,60.658860117197,14.1770333051682,17.4562886655331,20.8055844306946,87.9416682124138,1.26094591617584,19.3000110387802,79.8566713035107,155.569842487574,37.8096809089184,145.382947206497,2.8773153424263,35.853113681078,16.5332632660866,93.8637772500515,3430.17001006007,682.69477173686,0,2.54551202058792,117.567863702774,2.89566379785538,56.0005794465542,48.5128125548363,6.1533397436142,28.7200288772583,199.256006062031,111.719322770834,7.14511823654175,6.72424280643463,33.4316597878933,106.490976244211,7.06817319989204,0,42.8360869586468,74.4115995764732,4.04778808355331,0,81.7394458651543,52.8590922951698,0,0,0,0,7.25555890798569,1.94256967306137,3.36218252778053,2.28900110721588,0,0,0,0,0,0,0,0,0.494821935892105,0,0,2.86714869737625,0,0,0,0,0,0
3.43768155574799,4.60439133644104,0.901131570339203,4.22439739108086,0,0,0.820000112056732,1.41429340839386,0,1.28136038780212,0,4.90788087248802,0,2.37938347458839,0,0,2.39105945825577,6.97952070832253,0,4.35267227888107,0,8.9364618062973,0,44.7591646909714,0,2.39120900630951,0,2.25881856679916,35.6640242934227,16.5326379239559,3.50315201282501,189.472640603781,15.0989415049553,1248.67504614592,574.903659373522,0,204.116181790829,398.216825783253,60.9911403656006,150.425974905491,30.9068911671638,10.5529022812843,273.204347401857,429.738695651293,249.226169496775,434.130557835102,66.1887605190277,398.498640239239,150.889122784138,161.148892343044,289.566609680653,45.2741934657097,36.9435923099518,6.30152267217636,24.7999163866043,59.3837171196938,3.93014276027679,17.6373292207718,144.640258073807,107.035111546516,89.215672403574,150.552674859762,6.54575729370117,83.2923283278942,32.7028684020042,61.8413136899471,1167.90090975165,2602.89952799678,0.691673099994659,1.10712516307831,13.4567888379097,7.04210752248764,65.481659501791,106.230471730232,9.5419779419899,37.6506243646145,204.040696114302,269.4337477386,1.11977458000183,39.7282711267471,45.97664514184,268.644358932972,1.56360816955566,3.61624383926392,70.4058323502541,142.452799171209,0,10.1554782688618,97.540388405323,84.8532022535801,0,1.52133119106293,0,0,7.95681929588318,9.15082687139511,2.09780710935593,7.70380491018295,0,0,0,0,0,0,0,0.683392941951752,0,0,0.373921066522598,3.83179467916489,2.36726063489914,0,0,0,0,0
471.113185584545,3.14293640851974,112.306855201721,0.818867743015289,9.14915865659714,0,29.4416851699352,3.9561373591423,7.07621365785599,0,30.1936678290367,0.495429277420044,42.1092615127563,0.96159428358078,24.8459985852242,0,37.3223460912704,0,161.268076598644,10.2581187486649,64.8200709819794,131.797018289566,17.5784730315208,5.80430221557617,0,0,202.368931889534,80.4183881878853,166.661578267813,1.20336616039276,22.7535541057587,22.9242735505104,7.30039411783218,34.4656063020229,496.967012286186,204.116181790829,0,309.204812079668,1619.54539579153,50.7213548719883,425.333285659552,17.9074623584747,779.028666198254,405.668497622013,244.187591552734,185.663826853037,1032.6365404129,57.7808854579926,369.112821102142,138.641532629728,1349.4050989747,29.1575680971146,366.693664014339,5.86986881494522,1236.78235086799,54.2636038661003,469.225079953671,14.8477784991264,385.3854855299,86.1488002240658,321.384047627449,99.0950314700603,130.163711726665,22.7591815590858,138.300002515316,66.3308007717133,940.890530973673,665.044772475958,349.530956506729,1.16811311244965,917.828781545162,47.0782523453236,583.031247377396,52.7171987891197,1622.76428905129,70.1911677122116,4517.71536076069,172.703443288803,6.05201187729836,5.34918022155762,95.2974174022675,19.4321508705616,204.330213308334,0.772514343261719,313.875117391348,15.7839865982533,931.552846759558,0,1685.72676670551,21.0470416247845,151.942138820887,137.875154525042,89.6067740917206,33.3684368729591,288.924914926291,52.229731708765,174.20213508606,23.0319007635117,40.8277095258236,51.2642077207565,42.1558845937252,56.0092715620995,56.1541510224342,90.613502830267,47.0879772007465,42.6835128068924,29.0117646455765,29.2821924686432,28.4508490562439,82.4700548350811,17.6710615754128,9.71543031930923,8.74503102898598,2.13592970371246,3.70364543795586,8.94707047939301
3.84682774543762,250.692256569862,6.69151186943054,43.4182770848274,6.93199187517166,0,0,19.7970113754272,0,0.938319027423859,0,7.3740491271019,0.87198793888092,4.3096951842308,0,5.81768602132797,0,25.7073720395565,5.72823464870453,102.893207103014,6.70024406909943,104.023654282093,0.567365765571594,13.7068077921867,0,0,31.5866720080376,163.819054543972,5.1392879486084,71.1524871587753,4.93133208155632,13.481269210577,4.1547611951828,44.7997514605522,217.722126543522,398.216825783253,309.204812079668,0,26.5219388008118,2336.3881444633,1.17406058311462,482.115420639515,131.313998401165,904.422468751669,72.3978278338909,558.347404718399,63.1318938136101,1180.92239254713,38.6878478229046,653.784948974848,143.976998806,489.536819696426,9.04481780529022,76.7222403585911,2.61856925487518,1912.76827320457,2.37198668718338,132.779553174973,99.5886077582836,150.134480029345,85.9388871490955,249.51504817605,3.7896129488945,50.8379563987255,41.6749635636806,351.163467526436,548.373493283987,744.172058224678,4.08853730559349,88.105957865715,20.3421869575977,373.874865859747,20.4191727340221,379.281679213047,27.0985388755798,290.327609866858,171.562180459499,4614.65105578303,1.27890253067017,13.5054581165314,5.74049440026283,122.032513350248,0,345.873742580414,14.4493452906609,299.219278246164,0,650.133433401585,4.52217465639114,1354.45162752271,35.3426028490067,97.7251842617989,15.132172703743,34.8406812250614,24.1189525127411,178.540890425444,36.0967012345791,22.2978545725346,6.25625786185265,87.834774941206,13.6453631222248,27.6372471451759,14.539653211832,56.1006320416927,7.89015346765518,35.3133492171764,11.0151017308235,13.5153248906136,8.03998821973801,111.506909787655,8.94829380512238,3.16472089290619,5.47029936313629,0,1.51574435830116,2.09266781806946
117.182278513908,0.614725649356842,17.7699656486511,0.972656905651093,0,0,8.62007093429565,0,0,0,12.0573537945747,0,5.84849733114243,0,5.07905539870262,0,8.99205553531647,1.70108318328857,23.1265015006065,2.99786776304245,4.45380002260208,12.1657614707947,0.993270874023438,0,0.435258150100708,0,28.2409101724625,5.26924461126328,56.639433324337,0,13.9040778875351,4.15665286779404,17.3888266980648,7.63345342874527,54.4119061231613,60.9911403656006,1619.54539579153,26.5219388008118,0,30.5515738725662,649.312012374401,0.791317462921143,932.994450539351,14.9696348905563,133.023316442966,3.03052294254303,1580.20721647143,0.969676971435547,122.122829705477,0.693654298782349,297.182670891285,3.05050301551819,89.2512022852898,0,1232.61670935154,0,176.22416254878,0,143.76306694746,9.6129469871521,74.395336329937,2.61201071739197,47.288911819458,1.75648057460785,14.3059361875057,2.79099369049072,665.852553009987,33.0523817539215,91.9541516304016,1.26187753677368,157.051498740911,10.3607920110226,129.605618566275,3.30165767669678,221.374606013298,32.6539576053619,358.663833796978,47.9002811908722,4.8226872086525,0,30.6767700314522,0,53.7556573450565,0,51.0083931684494,0,64.1025032997131,0,329.305278450251,0,218.209334552288,282.250211387873,58.7274031937122,67.0040608346462,114.958974272013,93.912428855896,221.627948909998,48.8988320827484,59.2815656065941,96.362445294857,39.3039075732231,55.3460590839386,31.3430173397064,92.8355014920235,46.3359699547291,29.7418170571327,32.6200972795486,16.7755069434643,6.76949417591095,3.38506323099136,17.628613203764,7.48009145259857,8.49179139733315,2.5622593164444,7.21543988585472,4.43067637085915
0,42.1746981441975,0,10.9661790728569,0,0,0.608222782611847,7.55194443464279,0,0,0,2.99771839380264,0,2.84025955200195,0,0,0,3.74048882722855,1.84687829017639,21.8666287064552,0,2.54543912410736,0,0.869385063648224,0,0,3.07262402772903,1.67422032356262,0,6.85784876346588,0,1.84686648845673,0,35.3490159511566,41.5635928809643,150.425974905491,50.7213548719883,2336.3881444633,30.5515738725662,0,0.560929596424103,1314.15949770808,25.5488855242729,697.402953445911,14.2724372148514,248.251209259033,5.51441156864166,1292.15219667554,9.06168216466904,134.370310932398,6.13852924108505,96.1658924221992,0,31.9786313772202,0,1455.20775410533,0,28.6878390610218,1.77356776595116,30.0491473674774,1.05974197387695,5.63137912750244,0,3.50740879774094,0,22.2958962321281,34.0576823353767,805.049805164337,0,6.15049600601196,3.24188125133514,40.8659569919109,3.51511204242706,49.1301287412643,12.4597560763359,37.1443154513836,13.9122966825962,173.719772070646,0,6.97494262456894,0,12.8588883578777,0,63.5948652625084,1.55968165397644,34.3997759521008,0,127.983277529478,0,311.229023844004,45.5853897035122,231.641911625862,13.3415146768093,18.2510414719582,6.26327359676361,88.3682523071766,20.2007718682289,49.470624089241,3.68147498369217,103.480478137732,6.48013138771057,10.8448429107666,6.35064923763275,16.9101897478104,4.61390879750252,5.88142639398575,2.35741096735001,4.87620133161545,0.508408486843109,0,6.99527835845947,5.25702685117722,5.81696057319641,0.583601653575897,0,2.02568691968918
2.78828912973404,0,2.76868307590485,0,0,0,2.4585046172142,0,0,0,0,0,0.800476372241974,0,5.31327158212662,0,0,0,0.761182606220245,0,20.4675608277321,8.28415393829346,0,0,0,0,7.81706118583679,3.97849428653717,110.371765017509,0,1.60792681574821,1.46744668483734,0,0,9.9031388759613,30.9068911671638,425.333285659552,1.17406058311462,649.312012374401,0.560929596424103,0,39.2849142551422,124.893117755651,1.49122536182404,11.5368215143681,0,127.520679295063,0,10.7337661981583,0,103.019940525293,0,67.9143514037132,0,110.186203956604,0,2.41967481374741,0,11.1437891721725,0,11.3185398578644,0,4.4865175485611,0,9.28306692838669,0,43.7543469071388,2.13638806343079,2.37711560726166,0,167.582178890705,25.7746002674103,491.370439171791,14.3808050751686,250.859666347504,38.3436191678047,294.390451312065,3.34502917528152,0,0,23.7152301967144,0,511.183870375156,0,57.9238818585873,0.632494270801544,566.697722494602,3.81373661756516,311.801982194185,3.00447309017181,2.07934838533401,0,1.36031141877174,0,23.2908747792244,0,0.603696525096893,0,0.774291634559631,0,0.43561914563179,0,0.366648823022842,0.500878512859344,7.79587614536285,1.45527172088623,0,0,7.36615836620331,3.65191328525543,0,2.39358043670654,0.63278990983963,0,0,0
0,0,0,1.00331199169159,0,14.3769311606884,0,0.530020952224731,0,13.6365166902542,0,0,0,1.25715261697769,0,48.3163997530937,0,0,0,0,3.36874580383301,17.4516690373421,0,0,0.482680916786194,1.5412163734436,0,2.02673900127411,0,673.422451138496,0,0,0,0,2.05955296754837,10.5529022812843,17.9074623584747,482.115420639515,0.791317462921143,1314.15949770808,39.2849142551422,0,8.84371039271355,124.494317412376,0,24.796445697546,1.20529353618622,200.906930357218,0,47.4792518317699,0,91.9107145965099,0,24.2742044329643,4.03629195690155,630.177734494209,0,0,0,1.36802530288696,0,0,0,0.990329146385193,0,9.18383699655533,0,14.0462237596512,0,0,20.6706494092941,193.573770046234,70.2332465648651,1219.74373978376,48.0175883769989,243.85805863142,4.26475429534912,64.3821660280228,0,0,0,17.5297760367393,2.87489759922028,1335.26696306467,0,126.349948883057,7.59982889890671,1597.87191128731,20.2499588131905,492.174839526415,0,0,0,0,0,0.861229479312897,0,0,0,15.6799757480621,0,0.457949638366699,0,0,0,0,0,0,0,0,0,0,0,0,0,0
0,0,0,0,1.18218719959259,0,0,0,0,0,0,0,0,0,0,0,2.03706446290016,0,6.04339596629143,0,0,0,23.5987172722816,0,0,0,0,0,256.460562735796,1.08422780036926,85.481230288744,2.33082461357117,79.0910029113293,16.310916364193,490.982884585857,273.204347401857,779.028666198254,131.313998401165,932.994450539351,25.5488855242729,124.893117755651,8.84371039271355,0,1632.76755768061,8515.49143072963,1813.20236769319,6684.62392801046,540.607483208179,3560.9177993834,125.435671627522,2488.83181032538,19.2765579819679,798.806034952402,17.2093722820282,457.394742786884,90.752321600914,0.423966020345688,1.33943146467209,108.959211677313,10.5921115875244,17.5611237883568,7.80554166436195,0,0,11.4846009612083,9.04695391654968,3668.02378240228,274.306344926357,0.75088894367218,4.47064489126205,7.9631659090519,0,396.07896271348,24.9703994989395,37.8218384087086,13.4305663406849,730.488112419844,41.8877165019512,1.75698447227478,0,190.06535923481,4.02848696708679,34.9289729893208,1.16684344410896,171.147493779659,5.71908614039421,16.0608829557896,2.30557161569595,538.293253183365,22.2796637415886,6.0353342294693,0,0,0,18.8417379558086,1.54760479927063,28.3527567386627,1.61648696660995,25.6272769868374,5.48675930500031,0,0,0,0,0,0,0,0,0,3.86596459150314,0.606760144233704,0,0,0,0,0
0,0,0,0,0,0,0,0,0,0,0,0.545934796333313,0,0,0,0,1.16296601295471,0.631607353687286,0,0,0,0.69116085767746,0,0,0,0,0,4.03870344161987,10.8535407781601,53.6361207664013,0,3.31263345479965,0,18.2747197151184,562.969697326422,429.738695651293,405.668497622013,904.422468751669,14.9696348905563,697.402953445911,1.49122536182404,124.494317412376,1632.76755768061,0,832.638487040997,8088.19425040483,111.082650661469,7101.94818583131,445.046516448259,2514.28123363853,453.437197983265,2414.20914360881,104.647416949272,459.442544788122,28.6220886707306,1024.44455623627,0,0,53.3380743265152,14.6269664466381,10.5684769153595,3.16137626767159,0,0.529717564582825,15.1555342674255,13.0675620436668,599.10130918026,2506.80861502886,0,0,0,3.29032522439957,31.1734564304352,660.938848823309,1.3595215678215,235.272023051977,214.045121431351,576.368733167648,3.49715554714203,1.92039507627487,2.95081815123558,114.893484473228,0,74.9062766432762,91.2199531197548,276.860513687134,0,85.1550469696522,44.9021197557449,386.15132406354,0,0,0,0,0,36.8852350711823,2.96162557601929,147.702213913202,0,121.510752558708,0,0,0,0,0,0.866294860839844,0,1.82066285610199,1.3019403219223,11.4072286486626,6.52989822626114,0,0,0,0,0.668471992015839
0.357884764671326,0,0,0,0,0,0,0,0,0,0,0,0,0,0,0,3.72132828831673,0,4.25343459844589,0,0,0,5.79013583064079,0,0,0,0,0,27.3757660388947,1.21959936618805,19.1130929291248,0,72.4289763569832,24.3059653043747,327.235215723515,249.226169496775,244.187591552734,72.3978278338909,133.023316442966,14.2724372148514,11.5368215143681,0,8515.49143072963,832.638487040997,0,1075.52260521054,628.425071001053,32.6683186590672,3411.66178891063,53.9904436469078,796.346443027258,4.3478194475174,93.9978078007698,0,64.8251786828041,2.51189070940018,0.550504386425018,6.88036280870438,186.720158278942,17.9385339021683,13.6288279891014,7.9654598236084,0,1.59103485941887,2.65349268913269,5.74456989765167,1743.53307899833,466.016792804003,0,0.984276652336121,8.84084016084671,0.551460802555084,87.5642974972725,10.9619230628014,20.1366052925587,3.19690263271332,355.159886151552,13.0102527141571,6.74189177155495,1.48246794939041,86.4068048000336,1.8043629527092,1.39560180902481,0.745475292205811,53.1666438877583,0,1.09192359447479,0,46.9812611341476,0,1.2329488992691,0,0,0,13.9573692977428,0,8.07466721534729,1.42346787452698,0,0,0,0,0,0,0,0,0,0,0,2.77522704005241,0,0,0,0,0,0
0,0,0,0,0,0,0,0,0,0,0,0,0,0,0,0,1.49679708480835,0.772374987602234,0,0.692192733287811,0,0,0,0,0,0,0,0,6.39626693725586,41.8550906181335,0,1.4171442091465,0,13.5054931342602,404.72837588191,434.130557835102,185.663826853037,558.347404718399,3.03052294254303,248.251209259033,0,24.796445697546,1813.20236769319,8088.19425040483,1075.52260521054,0,53.2995923161507,535.177145212889,86.4485276937485,5462.57987400889,111.835220575333,589.00997582078,17.9643476605415,103.227652519941,5.63021802902222,267.361027091742,0,0,16.0030399560928,17.4727302789688,2.27047938108444,0.831928133964539,0,0,7.09299689531326,8.40059012174606,408.956258118153,1939.46463745832,0,0,0,2.06633305549622,11.0146042704582,294.990769952536,0,142.184662431479,81.9483249187469,425.381841897964,0.487732470035553,16.5395693778992,0,143.556758880615,0,9.70391342043877,18.9201204776764,168.788177609444,0,1.97647762298584,5.13716399669647,158.700033068657,0,0,0,0,1.04507422447205,23.6620827913284,0,10.4487266540527,0,6.5891480743885,0,0,0,0,0,0.697309374809265,0,0,0,9.32939910888672,1.31293714046478,0,0,0,0,0
6.9383025765419,0,2.98524904251099,0,0,0,4.35144156217575,0,0,0,0,0,5.34088551998138,0,3.34653747081757,0,0,0,11.3536259233952,0,0,0.49609249830246,2.59418654441833,0,0,0,2.27190029621124,0.867624938488007,257.470677405596,0,11.40945571661,2.84645354747772,10.5238674283028,3.79532927274704,117.750897943974,66.1887605190277,1032.6365404129,63.1318938136101,1580.20721647143,5.51441156864166,127.520679295063,1.20529353618622,6684.62392801046,111.082650661469,628.425071001053,53.2995923161507,0,8.15112394094467,204.229574143887,45.5029298663139,1174.39326441288,11.2944747209549,2735.58920514584,0,2594.78941372037,5.13100099563599,1.55291134119034,1.79618263244629,20.5049637258053,24.2969910502434,23.5100322365761,8.87126922607422,2.33602511882782,1.5658403635025,11.7278308868408,20.0092948675156,1564.54689413309,153.604861319065,0,0.37616354227066,32.1246418952942,2.59475612640381,384.431276470423,5.06802320480347,43.2253581881523,5.14556357264519,663.132072895765,28.6964536905289,0.500748574733734,1.26109445095062,128.689310193062,0,73.89123955369,0,180.923196136951,4.44276440143585,57.1869187057018,0,812.677294254303,2.4346935749054,62.4270771443844,0,0,0,16.364229619503,1.22892969846725,18.668225646019,0,83.8434883356094,0,0,0,0,0.471092492341995,0,0,0,0,0,71.5341431796551,0,0,0,0,0,0
0,11.4987005889416,0,9.77818697690964,0,0,0,3.38355842232704,0,3.83496314287186,0,0.559186398983002,0,1.25590294599533,0,0.920161604881287,0.649648249149323,1.66073435544968,0,12.1040111780167,0,2.187908411026,0,26.5243000090122,0,0,0.738880634307861,9.60401374101639,0,22.1088817715645,0.964390933513641,96.7369047105312,0,241.105042427778,95.8338465690613,398.498640239239,57.7808854579926,1180.92239254713,0.969676971435547,1292.15219667554,0,200.906930357218,540.607483208179,7101.94818583131,32.6683186590672,535.177145212889,8.15112394094467,0,18.2239441871643,429.310823559761,24.5768317580223,804.67725238204,2.99990558624268,2282.46155747771,1.79069006443024,4530.83279019594,0,6.7792355120182,9.26540964841843,53.3120438158512,5.03837519884109,9.52957856655121,0.697384417057037,2.10462427139282,0,40.7845497429371,118.922829210758,1756.47024652362,0.397205144166946,5.31044587492943,4.39341542124748,42.7848096489906,2.72716420888901,544.963316589594,0.759066820144653,174.018892735243,44.7048119306564,738.764213740826,1.15315663814545,11.15471342206,0.996026396751404,57.4654442667961,0,91.4837530851364,7.04675149917603,214.715405970812,0,99.0354174077511,1.44127130508423,451.165630966425,0.809407234191895,1.29340320825577,1.85304307937622,0.531574487686157,7.27895361185074,30.2859269082546,6.35884422063828,444.639779776335,2.07247090339661,1099.95484438539,0,1.07326447963715,0,1.58312222361565,1.97622609138489,4.69657218456268,0,0,3.22575706243515,139.673414289951,53.738116145134,15.1284370422363,0.473096400499344,0,0,0.696484327316284
5.591378480196,0,4.98594826459885,0,0,0,3.1389627456665,0,0,0,0,0,0,0,0,0,8.12160956859589,0,5.63251847028732,0,0,0,0.966126084327698,0,0,0,0,0,75.9933190047741,0,0.39658311009407,0,0.531700789928436,6.25418734550476,99.56242826581,150.889122784138,369.112821102142,38.6878478229046,122.122829705477,9.06168216466904,10.7337661981583,0,3560.9177993834,445.046516448259,3411.66178891063,86.4485276937485,204.229574143887,18.2239441871643,0,23.2172346711159,6695.75187188387,1.98799085617065,82.9501704573631,0,120.663455933332,4.78804671764374,3.64377415180206,0,1168.39138758183,3.22321712970734,574.150141686201,0,3.87443754076958,0,15.958636879921,2.18898010253906,900.849304616451,301.916193187237,0,0,19.3693587779999,0,182.065275609493,0,34.7470200955868,0,616.374158918858,2.82550263404846,12.2813778221607,0,207.532466471195,0,5.3802635371685,0,115.260183513165,0,0.493054777383804,0,109.767186582088,0,0,0,0,0,37.6149444878101,0,10.8360036313534,0,0,0,0,0,0,0,0,0,0,0,0,5.84857630729675,0,0,0,0,0,0.750284194946289
0,0,0,2.7395201921463,0,0,0,0,0,0,0,0,0,0,0,0,0,2.14694431424141,0,10.4049544334412,0,0.626473844051361,0,0,0,0,0,0,1.90269953012466,67.3300828039646,0.437490433454514,1.9729198217392,0,24.0983284711838,243.741359084845,161.148892343044,138.641532629728,653.784948974848,0.693654298782349,134.370310932398,0,47.4792518317699,125.435671627522,2514.28123363853,53.9904436469078,5462.57987400889,45.5029298663139,429.310823559761,23.2172346711159,0,58.2228834033012,6990.09193906188,3.00759017467499,296.917054057121,1.70725166797638,801.122840493917,1.69765973091125,2.74494260549545,5.76408529281616,423.265466094017,5.15698856115341,9.28174215555191,0,3.32262933254242,3.51429408788681,171.131197422743,338.048728764057,1393.80752009153,0,4.64929217100143,0,4.34125256538391,7.40899810194969,497.87850561738,0,209.843441575766,70.2163493335247,629.05094653368,0.761220812797546,37.0637058019638,1.7576687335968,322.759635657072,0,30.0061541199684,4.25793659687042,623.902002453804,0,28.2662448585033,3.7605801820755,509.19682314992,0,0,0,0,0,55.3878749608994,0,5.65825873613358,0,5.45397078990936,0,0,0,0,0,0,0,0.812856078147888,0.4209845662117,16.4065814316273,1.61783909797668,0,0,0,0,0.511809527873993
104.499830156565,0,9.46494165062904,0,0,0,93.7646886408329,0,0,0,12.8020375967026,0,3.43198162317276,0,0,0,26.3179683089256,0,2.84466844797134,0,0,0,0,0,0,0,0,0,486.888165801764,0,0,0,1.84900003671646,8.53278630971909,194.548254787922,289.566609680653,1349.4050989747,143.976998806,297.182670891285,6.13852924108505,103.019940525293,0,2488.83181032538,453.437197983265,796.346443027258,111.835220575333,1174.39326441288,24.5768317580223,6695.75187188387,58.2228834033012,0,9.82274377346039,4480.8546564579,0,1849.52190294862,2.5856716632843,99.6115385591984,0,1355.80629849434,10.3253812193871,1032.96255999804,2.49349200725555,33.6919347345829,1.47616922855377,932.920355945826,11.2930492162704,1104.4902086556,565.445562958717,4.0366288125515,0,80.918195605278,1.5555647611618,986.46743953228,1.64793431758881,141.35968130827,0,1925.14787462354,14.9931029081345,50.6932736933231,0,979.721251726151,0.798081874847412,101.382781177759,0,4082.80705097318,3.07579207420349,38.0114160776138,0,1944.01392781734,0,8.55915105342865,0,0,0,83.3447814881802,0,41.0952180922031,0,1.34733888506889,0,0,0,0,0,0.571715235710144,0,1.52586877346039,0,0,26.1001366376877,0,0,0,0,0,0
0,56.478402286768,0,37.8303704559803,0,0,0,49.0684306621552,0,0,0,3.18241593241692,0,0,0,0,0,6.15855294466019,0,43.6104968190193,0,0.666719317436218,0,0,0,0,0,0.566692173480988,0,88.2403752505779,4.58106923103333,1.99570378661156,0,8.9248848259449,60.658860117197,45.2741934657097,29.1575680971146,489.536819696426,3.05050301551819,96.1658924221992,0,91.9107145965099,19.2765579819679,2414.20914360881,4.3478194475174,589.00997582078,11.2944747209549,804.67725238204,1.98799085617065,6990.09193906188,9.82274377346039,0,0,1641.34552016854,0,1437.28322663903,0,35.6731707453728,1.75178337097168,418.699926137924,1.45858311653137,19.451064914465,0,10.3775897026062,0.667510867118835,1152.25996807218,80.2571184933186,252.2435772717,0,2.93780469894409,0,20.5825716555119,0.960687160491943,504.092866182327,0,179.985399872065,46.8319385945797,393.751222997904,0,66.6768119037151,0,495.196120470762,0,103.651357382536,0.662074089050293,5611.29722669721,0,109.171938896179,0,1805.40405878425,0,0,0,0,0,34.784654289484,0,5.06778040528297,0,11.6724592149258,0,0,0,0,0,1.54531359672546,0,0,1.852872133255,12.2635992765427,0,0,0,0,0,0
0.456488877534866,0,0,0,0,0,0.712516605854034,0,0,0,0,0,0,0,0,0,2.31280517578125,0,0,0,0,0,0,0,0,0,0,0,132.166055709124,0,0,0,0,0,14.1770333051682,36.9435923099518,366.693664014339,9.04481780529022,89.2512022852898,0,67.9143514037132,0,798.806034952402,104.647416949272,93.9978078007698,17.9643476605415,2735.58920514584,2.99990558624268,82.9501704573631,3.00759017467499,4480.8546564579,0,0,0,3768.51490670443,0,0,0,0,0,1.35257807374001,0,0.706702649593353,0,2.07325544953346,0,226.00727057457,90.5531671345234,0,0,4.05961585044861,0.788190960884094,282.899463385344,0,15.8945145905018,0,298.237041682005,0,0.603405594825745,0,107.745085000992,0,26.5892488062382,0,268.829482734203,0,12.4006471037865,0,821.783187329769,0,39.5720427632332,0,0,0,10.3472442626953,0,7.85873508453369,0,1.81729245185852,0,0,0,0,0,0,0,0,0,0,2.79878807067871,0,0,0,0,0,0
0,0,0,0,0,0,0,0,0,0,0,0,0,0,0,0,0,0,0,0,0,0,0,0,0,0,0,0,0,0,0,0,0,0,17.4562886655331,6.30152267217636,5.86986881494522,76.7222403585911,0,31.9786313772202,0,24.2742044329643,17.2093722820282,459.442544788122,0,103.227652519941,0,2282.46155747771,0,296.917054057121,0,1641.34552016854,0,0,0,4304.37903627753,0,0,0,0.9537373483181,0,0,0,0,0,1.28452861309052,3.02980786561966,12.6874589622021,0,0,0,1.04561257362366,0,47.7598181664944,0,8.57521837949753,5.15857267379761,19.0806027054787,0,0,0,7.26269882917404,0,8.57038503885269,0,220.537283629179,0,12.3137806355953,0,1026.44366616011,0,0,0,0,0,1.52556818723679,0,10.3161261975765,0,54.4450872540474,0,0,0,0,0,0,0,0,0,0,0,0,0,0,0,0
0,0,0,0,0,0,0,0,0,0,0,0,0,0,0,0,0.594102203845978,0,0,0,0.720716893672943,0,0,0,0,0,0,0,44.7058604359627,0,0.690325498580933,0,1.11850714683533,0.821034610271454,20.8055844306946,24.7999163866043,1236.78235086799,2.61856925487518,1232.61670935154,0,110.186203956604,4.03629195690155,457.394742786884,28.6220886707306,64.8251786828041,5.63021802902222,2594.78941372037,1.79069006443024,120.663455933332,1.70725166797638,1849.52190294862,0,3768.51490670443,0,0,0,0,0,6.39898082613945,0,1.68622887134552,0,0,0,3.79235625267029,0,191.809173941612,42.1467089653015,0,0,6.57938048243523,1.40179550647736,66.3254428803921,2.91356748342514,19.4214023351669,3.12819403409958,118.500794053078,5.44579827785492,1.52807685732841,0,23.7713536024094,0,110.229120314121,0,198.715097159147,0,197.726535946131,0,1792.99915793538,0,30.0494643449783,0,0,0,2.53513920307159,0,2.71319854259491,0,2.91555979847908,0,0,0,0,0,0.665271699428558,0,0,0,0,2.52904105186462,0,0,0,0,0,0
0,5.34612607955933,0,0,0,0,0,1.36668145656586,0,0,0,0,0,1.77459716796875,0,0,0,0,0,0,0.997485041618347,0.685509920120239,0,0,0,0,0,1.92854207754135,0,8.8294882774353,0,0,0,1.18742525577545,87.9416682124138,59.3837171196938,54.2636038661003,1912.76827320457,0,1455.20775410533,0,630.177734494209,90.752321600914,1024.44455623627,2.51189070940018,267.361027091742,5.13100099563599,4530.83279019594,4.78804671764374,801.122840493917,2.5856716632843,1437.28322663903,0,4304.37903627753,0,0,0,1.14392054080963,0,6.01122108101845,0,0,0,0,0,12.7553599774837,64.9372701048851,169.73852878809,0,0,1.08077728748322,7.98394572734833,3.53857582807541,177.700406998396,0.545468866825104,44.3777595758438,23.2669330835342,239.535268515348,0,1.38530448079109,0,20.3194015622139,0,102.197514891624,0,505.080888271332,0,406.111738920212,0,4515.1734354496,0,1.96218585968018,0,1.18340420722961,0.834844589233398,4.46281212568283,0,25.4254724979401,0,232.659893423319,0,2.57199287414551,0,0,0,0,1.64331543445587,1.40612053871155,0,0,0,1.62217271327972,0,0,0,0
11419.5938692987,37.3890648782253,410.929890245199,12.6360181868076,0,0,633.849356412888,13.3330807685852,1.40185809135437,0,626.681945353746,0,160.309171944857,0,4.18350791931152,0,2452.95378640294,6.41260308027267,242.773821234703,119.559649139643,0,0,6.77768230438232,0,0,0,0.720956921577454,0,2104.63178351521,0,10.4947736859322,4.61785817146301,8.8695570230484,153.385339409113,1.26094591617584,3.93014276027679,469.225079953671,2.37198668718338,176.22416254878,0,2.41967481374741,0,0.423966020345688,0,0.550504386425018,0,1.55291134119034,0,3.64377415180206,1.69765973091125,99.6115385591984,0,0,0,0,0,0,42.1939707994461,2029.36880421638,18.6478644013405,4322.38699311018,8.68450933694839,2018.90643271804,5.98749113082886,153.797724276781,0,181.920539051294,123.152539849281,731.217509239912,27.8844768404961,978.658051669598,23.0484848320484,1407.15769654512,6.53517228364944,665.094441324472,2.75526821613312,3159.3254943192,55.2374332845211,553.628036051989,0,357.648938149214,12.3873723745346,14.9973067641258,0,494.64068993926,0,0,0,104.401799052954,0,0.70739883184433,0,0,0,133.613478958607,4.1622234582901,26.5653964579105,0,1.25289797782898,0,0,0,0.798107862472534,0,8.5301641523838,1.0637880563736,7.45966038107872,0,6.36388808488846,10.2806619405746,0,0,0,0,0,0
6.83440089225769,11555.053489536,2.13118040561676,252.509958148003,0,0,0.917868912220001,517.128937810659,0,6.42201417684555,0,236.431469380856,0,174.671515107155,0,14.6533429026604,0,2131.11051058769,8.30112987756729,380.247921139002,0,0.904586374759674,0,15.1893928050995,0,0,0.668861150741577,0,2.73532831668854,300.063889712095,8.40143764019012,8.76924800872803,22.1350173354149,138.556222707033,19.3000110387802,17.6373292207718,14.8477784991264,132.779553174973,0,28.6878390610218,0,0,1.33943146467209,0,6.88036280870438,0,1.79618263244629,6.7792355120182,0,2.74494260549545,0,35.6731707453728,0,0,0,1.14392054080963,42.1939707994461,0,79.1416979730129,2626.13414660096,10.1274684965611,2859.06347057223,1.58156019449234,4145.39910975099,0,294.339834272861,201.082680225372,462.883683413267,44.1954537928104,758.936200588942,12.4575670957565,388.587702602148,2.89023858308792,1969.06140401959,0,580.749549090862,533.201971977949,2432.02778801322,0.908215641975403,77.839978069067,4.02585923671722,231.876881182194,0,0,0,290.424429088831,0,0,0,120.304773211479,0,0,0,0,0.620870351791382,53.4564406573772,0,2.49280029535294,0,1.25315058231354,0,0,0,0,0,2.84142243862152,2.87425971031189,4.32055306434631,1.82159668207169,5.6984258890152,0,0,0,0,0,1.8761779665947
281.136307090521,2.64031624794006,122.785965710878,1.23610126972198,0,0,79.2550096213818,0,0,0,62.7976328134537,0,15.6797697544098,0,0,0,67.2972711026669,5.39316111803055,135.584282428026,9.08715313673019,0,0,2.36062276363373,0,0,0,0,0,557.068111389875,2.10541492700577,7.05919715762138,1.71610581874847,14.7681932449341,124.614301353693,79.8566713035107,144.640258073807,385.3854855299,99.5886077582836,143.76306694746,1.77356776595116,11.1437891721725,0,108.959211677313,53.3380743265152,186.720158278942,16.0030399560928,20.5049637258053,9.26540964841843,1168.39138758183,5.76408529281616,1355.80629849434,1.75178337097168,0,0,6.39898082613945,0,2029.36880421638,79.1416979730129,0,79.5126587748528,5495.31975093484,63.0938566625118,85.8336495161057,66.0777649581432,553.169987738132,16.079604446888,2437.82793056965,645.13866007328,196.963319391012,24.7312550544739,279.394547611475,23.4825311899185,452.598681867123,11.775912374258,207.287598133087,7.55320924520493,2100.67848497629,139.894221127033,66.505622446537,5.21103459596634,139.956302553415,24.8596861362457,2.43100395798683,0,78.3469195961952,2.66129076480865,0.486532121896744,0,41.0946327745914,0,0,0,0,0,73.473218023777,0,19.0875877439976,0,0,0,0,0,0,0,0,0,4.33222049474716,0,0,5.68949049711227,0,0,0,0,0,0
0,126.33718547225,0,39.8515748977661,0,0,0,29.3435531258583,0,0,0,28.5883188247681,0,5.2327124774456,0,0,0,96.7310398221016,0.613808333873749,109.210900753736,0,0,0,0,0,0,0,0,0.863671481609344,55.4588545262814,1.56652584671974,1.73686283826828,8.35846564173698,62.8949503600597,155.569842487574,107.035111546516,86.1488002240658,150.134480029345,9.6129469871521,30.0491473674774,0,1.36802530288696,10.5921115875244,14.6269664466381,17.9385339021683,17.4727302789688,24.2969910502434,53.3120438158512,3.22321712970734,423.265466094017,10.3253812193871,418.699926137924,0,0.9537373483181,0,6.01122108101845,18.6478644013405,2626.13414660096,79.5126587748528,0,25.2843144536018,3401.51639649272,0,1230.8784558475,3.50212246179581,1962.8172082901,323.800923287868,1165.88890257478,7.67374727129936,99.8060304820538,5.60694959759712,33.358154207468,1.29086208343506,389.110032141209,0.753352642059326,147.055206209421,246.838387519121,636.293865680695,3.97197788953781,147.228434622288,0,293.047227621078,0,0.757021725177765,0,88.1386973559856,0,0,0,40.3024984002113,0,0,0,0,0,19.7688145935535,0,0,0,0,0,0,0,0,0,0,0,0,0,2.4360676407814,0,0,0,0,0,0
820.062074750662,0,45.1651026010513,0,0,0,405.624100148678,0,0,0,117.909801900387,0,27.7595890164375,0,0,0,210.98679715395,1.05966663360596,13.2801772654057,0,0,0,0,0,0,0,0,0,414.288835525513,0,0.741535484790802,0,0,22.2305921316147,37.8096809089184,89.215672403574,321.384047627449,85.9388871490955,74.395336329937,1.05974197387695,11.3185398578644,0,17.5611237883568,10.5684769153595,13.6288279891014,2.27047938108444,23.5100322365761,5.03837519884109,574.150141686201,5.15698856115341,1032.96255999804,1.45858311653137,1.35257807374001,0,1.68622887134552,0,4322.38699311018,10.1274684965611,5495.31975093484,25.2843144536018,0,33.4155552685261,2850.05123388767,2.01896750926971,2266.09919375181,7.37232077121735,483.493708878756,251.993655025959,11.6503342092037,1.53674000501633,175.326160877943,1.0846506357193,439.787001639605,3.06272196769714,158.207243740559,0.720902323722839,1182.5975253582,33.8714519739151,71.3552612364292,1.34554946422577,614.638693600893,4.21166330575943,5.40325826406479,0,1385.13632643223,0,0.804153084754944,0,126.977279812098,0,0,0,0,0,52.2332018911839,0,13.7393638491631,0,0.525827467441559,0,0,0,0,0,0,0,0.834934592247009,0,0.803772151470184,8.04494196176529,0,0,0,0,0,0
0,594.650097548962,0,66.1329290866852,0,0,0,201.853556573391,0,0,0,232.290901005268,0,53.416230648756,0,0,0.773200213909149,294.261202573776,0.475524604320526,65.6662705242634,0,0.461063385009766,0,0.751409232616425,0,0,0,0,0,30.0861070752144,1.9678538441658,4.08365088701248,2.40792971849442,33.1298182010651,145.382947206497,150.552674859762,99.0950314700603,249.51504817605,2.61201071739197,5.63137912750244,0,0,7.80554166436195,3.16137626767159,7.9654598236084,0.831928133964539,8.87126922607422,9.52957856655121,0,9.28174215555191,2.49349200725555,19.451064914465,0,0,0,0,8.68450933694839,2859.06347057223,63.0938566625118,3401.51639649272,33.4155552685261,0,0,5316.09787207842,6.2057438492775,3715.24344140291,200.265161991119,319.529513120651,0,8.08711504936218,3.07858604192734,35.2890716195107,0.817264020442963,147.821165472269,0,56.3808012008667,220.315490931273,290.904637694359,1.92692470550537,14.4444501399994,0,632.801940321922,0,1.08178627490997,0,236.868637919426,0,0.535839259624481,0,38.3283315896988,0,0,0,0,0,1.89004683494568,0,0.686626732349396,0,0,0,0,0,0,0,0.728308498859406,0,0,0,1.64444798231125,0,0,0,0,0,0
402.578460782766,0,3.94836986064911,0,0,0,45.5536925494671,0,0,0,214.451819598675,0,16.7029556632042,0,0,0,1352.69420319796,0,6.10695439577103,0,0,0,0,0,0,0,0,0,674.813271611929,0,0,0,0,4.39762842655182,2.8773153424263,6.54575729370117,130.163711726665,3.7896129488945,47.288911819458,0,4.4865175485611,0,0,0,0,0,2.33602511882782,0.697384417057037,3.87443754076958,0,33.6919347345829,0,0.706702649593353,0,0,0,2018.90643271804,1.58156019449234,85.8336495161057,0,2850.05123388767,0,0,0,888.275285661221,0,26.0807788968086,13.3557088971138,6.04157018661499,0,46.6224299967289,0,235.604704976082,0,81.6109966039658,0,668.164958268404,0,261.482088387012,0,2923.92923817039,0,16.1186385154724,0,1543.57372781634,0,3.48840248584747,0,199.685763210058,0,0,0,0,0,27.215000718832,0,13.506317615509,0,2.20043843984604,0,0,0,1.38640666007996,0,0.856716871261597,0,2.40371894836426,0,1.37113583087921,3.15389692783356,0,0,0,0,0,0
0,405.436792612076,0,28.019078284502,0,0,0,120.038362503052,0,1.04858756065369,0,334.447872757912,0,127.682905942202,0,1.93595361709595,0,1571.54980671406,0,45.0868126451969,0,0,0,2.01877528429031,0,0,0,0,1.33596795797348,92.1502882242203,1.67522990703583,3.1651154756546,5.1863651573658,67.4232175350189,35.853113681078,83.2923283278942,22.7591815590858,50.8379563987255,1.75648057460785,3.50740879774094,0,0.990329146385193,0,0.529717564582825,1.59103485941887,0,1.5658403635025,2.10462427139282,0,3.32262933254242,1.47616922855377,10.3775897026062,0,0,0,0,5.98749113082886,4145.39910975099,66.0777649581432,1230.8784558475,2.01896750926971,5316.09787207842,0,0,0,1033.93542033434,96.1972337067127,323.706399172544,2.68194940686226,27.2394939661026,4.41847652196884,26.6813222169876,0,318.098208934069,0,57.0804592072964,243.89573559165,280.331996262074,0,40.3621088266373,0,3562.14047646523,0,0.724230468273163,0,266.111034184694,0,8.15176177024841,0,36.2553913593292,0,0,0,0,0,3.4256078004837,0,0,0,0,0,0,0,0,0,0,0,0,2.2247177362442,0,0,0,0,0,0,0
89.9446410536766,0,12.8594762086868,0,0,0,88.2712367773056,0,0,0,19.303722679615,0,7.68762099742889,0,0,0,5.25216138362885,0,4.12356954813004,0,0,0,0,0,0,0,0,0,92.7642692923546,0,0.454920738935471,0,0.447979718446732,2.28087085485458,16.5332632660866,32.7028684020042,138.300002515316,41.6749635636806,14.3059361875057,0,9.28306692838669,0,11.4846009612083,15.1555342674255,2.65349268913269,7.09299689531326,11.7278308868408,0,15.958636879921,3.51429408788681,932.920355945826,0.667510867118835,2.07325544953346,0,3.79235625267029,0,153.797724276781,0,553.169987738132,3.50212246179581,2266.09919375181,6.2057438492775,888.275285661221,0,0,0.509210467338562,75.8978941440582,84.3453215360641,1.76190334558487,0,39.0271761119366,0,136.173830896616,0,25.6228583455086,0,237.934483081102,9.70665472745895,6.49956792593002,0,375.561285972595,0,1.5953141450882,0,3624.61076211929,0,0,0,180.315858483315,0,0.575811862945557,0,0,0,7.30149579048157,0,2.65786641836166,0,0,0,0,0,0,0,0,0,0,0,0,3.0781717300415,0,0,0,0,0,0
0,524.004203468561,0,175.350447446108,0,0,0,229.054311394691,0,0,0,48.0077222287655,0,8.13457405567169,0,0,0,36.3141048848629,0,206.353869467974,0,0,0,2.68781709671021,0,0,0,1.18927550315857,1.29333844780922,24.6792350411415,7.82287076115608,1.11297482252121,0.642131924629211,26.0848087072372,93.8637772500515,61.8413136899471,66.3308007717133,351.163467526436,2.79099369049072,22.2958962321281,0,9.18383699655533,9.04695391654968,13.0675620436668,5.74456989765167,8.40059012174606,20.0092948675156,40.7845497429371,2.18898010253906,171.131197422743,11.2930492162704,1152.25996807218,0,1.28452861309052,0,12.7553599774837,0,294.339834272861,16.079604446888,1962.8172082901,7.37232077121735,3715.24344140291,0,1033.93542033434,0.509210467338562,0,119.831571787596,460.443513274193,0,14.9295891523361,1.93117904663086,64.2850216627121,2.72783315181732,224.414883375168,0,80.4034858942032,71.923928976059,332.668043345213,0,54.4429489672184,0,1623.14346438646,0,15.4171214997768,0,3255.61263647676,0,10.6215071678162,0,393.283213078976,0,0,0,0,0,12.8299406766891,0,1.92060267925262,0,0,0,0,0,0,0,0,0,0,1.12514579296112,3.61142444610596,0,0,0,0,0,0
166.218687653542,84.1650895476341,156.187962323427,7.40927740931511,0.784497797489166,0,23.6482737660408,0.92279189825058,0,0,45.2905740141869,0,5.43106025457382,0,0,0,42.3468727767467,29.807050049305,692.724828749895,153.799254328012,12.8288241922855,5.15063947439194,387.555042684078,1.06916928291321,21.9016385674477,0,6.20651784539223,0,337.901898503304,11.986609518528,813.559571474791,41.8520887494087,3790.58691632748,2117.85797616839,3430.17001006007,1167.90090975165,940.890530973673,548.373493283987,665.852553009987,34.0576823353767,43.7543469071388,0,3668.02378240228,599.10130918026,1743.53307899833,408.956258118153,1564.54689413309,118.922829210758,900.849304616451,338.048728764057,1104.4902086556,80.2571184933186,226.00727057457,3.02980786561966,191.809173941612,64.9372701048851,181.920539051294,201.082680225372,2437.82793056965,323.800923287868,483.493708878756,200.265161991119,26.0807788968086,96.1972337067127,75.8978941440582,119.831571787596,0,2918.6477432549,2531.82784062624,378.546596258879,658.85433229804,114.787369668484,536.210142850876,114.837535202503,161.055954664946,43.3739713728428,2808.46637901664,658.441078752279,51.772698789835,12.7658682465553,218.011007785797,95.8608841300011,13.1182937324047,0,123.133627563715,17.2563818693161,8.76037806272507,0,269.313968628645,28.3697701096535,1.33783400058746,0,0,0,77.2772794663906,0,28.3684944212437,4.0016256570816,0,0,0,0,0,0,0.875568866729736,0,3.71825402975082,0,0.476336270570755,7.46825367212296,0,0,0,0,0,0
13.3293813467026,85.9982607364655,0.499425023794174,48.6721001565456,0,0,1.73423519730568,12.2944514155388,0,0,0,34.2284898459911,0,8.34863305091858,0,0,3.59080559015274,118.218441873789,21.6358291208744,572.058852910995,0,6.86455681920052,0,203.917323678732,0,5.06015568971634,0,2.07964128255844,29.3982454240322,86.3705181479454,12.0321057140827,488.982317507267,100.652176111937,5882.67287820578,682.69477173686,2602.89952799678,665.044772475958,744.172058224678,33.0523817539215,805.049805164337,2.13638806343079,14.0462237596512,274.306344926357,2506.80861502886,466.016792804003,1939.46463745832,153.604861319065,1756.47024652362,301.916193187237,1393.80752009153,565.445562958717,252.2435772717,90.5531671345234,12.6874589622021,42.1467089653015,169.73852878809,123.152539849281,462.883683413267,645.13866007328,1165.88890257478,251.993655025959,319.529513120651,13.3557088971138,323.706399172544,84.3453215360641,460.443513274193,2918.6477432549,0,106.448420733213,1379.50294986367,54.4682687222958,127.872708499432,81.2959047853947,513.646684288979,7.93445801734924,244.293773949146,1217.60296884179,1506.50951254368,10.4358822703362,157.792082577944,37.3873408138752,361.367188900709,0,10.5310633778572,119.013712793589,165.068088322878,0,7.6368211209774,99.6620655059814,109.943865418434,0,0,0,0,5.68725103139877,40.6090542972088,1.08763140439987,24.7536724805832,0,7.4024543762207,0,0,0,0,0,0,0,3.80596590042114,0.729553401470184,6.67976459860802,19.2407349050045,0,0,0,0,0
2424.25272783637,648.958059459925,383.069970935583,158.711556583643,0,0,54.0050376653671,68.9207302033901,0,0,117.597007334232,0,33.2228376865387,0,0,0,46.4425883591175,2.80560660362244,2498.59999164939,1158.35720905662,0,0,66.7191597819328,1.67946809530258,0,0,0,0,321.885118305683,0.998762965202332,90.7009252011776,31.159995675087,823.187671422958,1376.42264205217,0,0.691673099994659,349.530956506729,4.08853730559349,91.9541516304016,0,2.37711560726166,0,0.75088894367218,0,0,0,0,0.397205144166946,0,0,4.0366288125515,0,0,0,0,0,731.217509239912,44.1954537928104,196.963319391012,7.67374727129936,11.6503342092037,0,6.04157018661499,2.68194940686226,1.76190334558487,0,2531.82784062624,106.448420733213,0,539.646189451218,1389.24220606685,128.99664992094,654.457510024309,34.1775339245796,465.960935205221,22.2540982067585,2674.4463120997,207.678963750601,3.03390485048294,0,6.06619268655777,1.95498335361481,3.50589287281036,0,2.06498378515244,0,0,0,0.788369238376617,0,0,0,0,0,81.0597550570965,0,20.8680057525635,0,0,0,0,0,0,0,1.11194390058517,0,3.35273346304893,0,1.12938791513443,1.95932739973068,0,0,0,0,0,1.36625128984451
104.836098581553,1230.63712984324,6.97356075048447,211.769987106323,0,0,1.83016657829285,58.872779160738,0,0,0,42.7018673419952,0,34.8528264462948,0,0.787819087505341,0,98.013896882534,65.5292762815952,2881.09889668226,0,0.553467571735382,0,45.9376446604729,0,1.29202991724014,0,1.31929618120193,2.6701811850071,28.3480970561504,6.5809523165226,19.6059772074223,136.02439931035,1837.65515860915,2.54551202058792,1.10712516307831,1.16811311244965,88.105957865715,1.26187753677368,6.15049600601196,0,0,4.47064489126205,0,0.984276652336121,0,0.37616354227066,5.31044587492943,0,4.64929217100143,0,2.93780469894409,0,0,0,0,27.8844768404961,758.936200588942,24.7312550544739,99.8060304820538,1.53674000501633,8.08711504936218,0,27.2394939661026,0,14.9295891523361,378.546596258879,1379.50294986367,539.646189451218,0,31.6216464340687,503.969149649143,7.74293333292007,327.265291839838,0,186.315275341272,563.321772903204,1897.27094045281,0,1.13190972805023,0,13.560102134943,0,0,0,4.89638155698776,0,0,0,1.4329149723053,0,0,0,0,0.542949616909027,26.3790393471718,0,0,0,0,0,0,0,0,0,0.913235366344452,0,2.71023505926132,5.7156565785408,2.87491089105606,0,0,0,0,0,0
3157.14074769616,95.599345356226,2618.97202497721,545.518038362265,953.999445647001,251.479395329952,3396.40370815992,617.895789325237,542.791587382555,184.039521962404,796.923655480146,93.0697094798088,1458.69727754593,105.812840282917,1684.76636132598,175.733626514673,111.110557943583,9.34323817491531,1199.0741173327,397.1231161654,704.544153749943,216.356880456209,1279.15543055534,921.304676562548,356.841889262199,425.826116025448,599.621223092079,489.622461944818,1011.94209784269,20.2642545998096,1239.90059539676,756.347958922386,270.043347686529,264.769668728113,117.567863702774,13.4567888379097,917.828781545162,20.3421869575977,157.051498740911,3.24188125133514,167.582178890705,20.6706494092941,7.9631659090519,0,8.84084016084671,0,32.1246418952942,4.39341542124748,19.3693587779999,0,80.918195605278,0,4.05961585044861,0,6.57938048243523,1.08077728748322,978.658051669598,12.4575670957565,279.394547611475,5.60694959759712,175.326160877943,3.07858604192734,46.6224299967289,4.41847652196884,39.0271761119366,1.93117904663086,658.85433229804,54.4682687222958,1389.24220606685,31.6216464340687,0,533.023097544909,5616.22122767568,137.737746208906,3190.36509227753,94.7157550752163,8679.38009873033,228.573698014021,7.49828624725342,0,34.9244998693466,0.962559640407562,51.4059355258942,2.01228892803192,97.8436286449432,1.12935924530029,21.9066019654274,6.8791172504425,76.9090970158577,2.23809427022934,21.7730672955513,10.4102512001991,13.9412960410118,1.98672950267792,319.615300446749,16.1748792529106,40.6885838806629,1.06300008296967,12.9727846384048,6.44645124673843,7.57460397481918,2.7981595993042,13.2499706149101,9.39345848560333,46.7192931473255,10.578381717205,19.1576648056507,8.29880580306053,38.1766538023949,24.1069784462452,2.92570608854294,3.57469928264618,2.39965841174126,1.60823410749435,0,18.6328675448895
87.4155210852623,2028.22891485691,438.717524766922,1594.50783756375,60.2589401006699,616.064070940018,285.133422106504,3900.84117689729,18.3395540714264,1900.7885992229,26.8922520875931,622.912446260452,57.1585591435432,1156.7347458005,42.3660259842873,1507.86676084995,1.71816593408585,100.950760126114,398.423528432846,1005.52581834793,20.3149989843369,392.890939682722,445.473704010248,1151.46866238117,46.8561489582062,427.754762738943,94.3289068341255,488.429134994745,41.6469679772854,150.510324180126,159.590918064117,642.055393457413,50.8706842064857,422.35818451643,2.89566379785538,7.04210752248764,47.0782523453236,373.874865859747,10.3607920110226,40.8659569919109,25.7746002674103,193.573770046234,0,3.29032522439957,0.551460802555084,2.06633305549622,2.59475612640381,42.7848096489906,0,4.34125256538391,1.5555647611618,20.5825716555119,0.788190960884094,1.04561257362366,1.40179550647736,7.98394572734833,23.0484848320484,388.587702602148,23.4825311899185,33.358154207468,1.0846506357193,35.2890716195107,0,26.6813222169876,0,64.2850216627121,114.787369668484,127.872708499432,128.99664992094,503.969149649143,533.023097544909,0,132.486674845219,2365.71531194448,53.1714334487915,2999.68525639176,209.226239532232,15100.0967408419,1.23624932765961,3.54272586107254,0,72.7379898428917,3.15139615535736,10.6628108620644,6.61343514919281,141.316624730825,6.24026024341583,13.6993410885334,17.29335719347,47.2281780838966,17.0156167447567,80.096492767334,10.241533190012,41.7230907976627,67.8909485936165,194.063377290964,28.953471750021,16.2080892324448,12.8625577390194,39.0489383935928,10.985207170248,34.3249733150005,14.9512319564819,83.2477160394192,26.2263298034668,45.1439903080463,32.0885425806046,31.4894063174725,73.1788231134415,38.388943374157,11.8842648863792,3.93802416324615,8.51998114585876,3.6759540438652,7.75527819991112,12.1571369767189
1906.01236525178,36.7663855850697,1197.6898124218,131.33153423667,499.141986340284,18.3910095095634,330.56352853775,182.605079382658,414.895389050245,25.5916882753372,516.305810451508,10.1501613259315,1056.11027207971,19.2055994272232,2220.28660222888,5.36590987443924,280.963903814554,0,801.556220144033,174.972380489111,75.4326776862144,5.96861410140991,433.806713312864,227.83572268486,88.9447912573814,29.8017544746399,91.9161148369312,8.5755507349968,2607.06574013829,0,173.971894145012,254.983294963837,41.7250343859196,88.5339377224445,56.0005794465542,65.481659501791,583.031247377396,20.4191727340221,129.605618566275,3.51511204242706,491.370439171791,70.2332465648651,396.07896271348,31.1734564304352,87.5642974972725,11.0146042704582,384.431276470423,2.72716420888901,182.065275609493,7.40899810194969,986.46743953228,0.960687160491943,282.899463385344,0,66.3254428803921,3.53857582807541,1407.15769654512,2.89023858308792,452.598681867123,1.29086208343506,439.787001639605,0.817264020442963,235.604704976082,0,136.173830896616,2.72783315181732,536.210142850876,81.2959047853947,654.457510024309,7.74293333292007,5616.22122767568,132.486674845219,0,61.6832339465618,2733.52075025439,103.745014041662,3117.68277189136,53.4309919476509,60.5066479444504,0,423.61509808898,0,110.969024956226,1.73483967781067,349.550329744816,0.818136751651764,44.4595905542374,6.08363598585129,159.691082268953,7.37116539478302,30.7310469150543,9.27571696043015,13.5481555461884,3.94161766767502,213.628064215183,15.2822368741035,61.1830227971077,7.71440097689629,12.8850607275963,10.0307775735855,3.88789421319962,5.6217645406723,10.4315356016159,13.7923027276993,30.272650718689,9.29485800862312,13.2227343320847,5.21492922306061,25.0300858616829,23.3154821097851,2.71479764580727,2.80635172128677,1.82463362812996,1.03580760955811,0,8.06587946414948
27.7648392915726,1730.28535172343,111.579754710197,1172.93975535035,8.49353361129761,396.679500341415,82.7110450565815,741.226316601038,3.05375111103058,885.898825377226,7.05717217922211,1026.52179425955,13.573125064373,1535.82306414843,5.01466012001038,2952.67809608579,0,2105.41261002421,153.709364026785,955.472993850708,0.890432953834534,59.2478946745396,115.808110326529,656.732105791569,9.7293453514576,105.519967585802,27.0067273676395,104.511836379766,13.6370751857758,4787.51557597518,38.6462962329388,230.515741467476,20.8453983962536,232.034098654985,48.5128125548363,106.230471730232,52.7171987891197,379.281679213047,3.30165767669678,49.1301287412643,14.3808050751686,1219.74373978376,24.9703994989395,660.938848823309,10.9619230628014,294.990769952536,5.06802320480347,544.963316589594,0,497.87850561738,1.64793431758881,504.092866182327,0,47.7598181664944,2.91356748342514,177.700406998396,6.53517228364944,1969.06140401959,11.775912374258,389.110032141209,3.06272196769714,147.821165472269,0,318.098208934069,0,224.414883375168,114.837535202503,513.646684288979,34.1775339245796,327.265291839838,137.737746208906,2365.71531194448,61.6832339465618,0,34.2607206702232,1076.86927816272,106.930906146765,958.701261073351,2.19100022315979,622.336462050676,0,1102.08396783471,0,113.115589022636,1.36492192745209,433.365445494652,5.41555732488632,45.2232742011547,14.8608290553093,168.132160484791,2.49336057901382,20.5995007455349,2.95652508735657,5.83422520756721,13.4301683008671,63.9891728162766,9.11840179562569,5.76011568307877,0.457734048366547,61.9005425274372,1.43316411972046,4.74083027243614,0.907598346471786,10.2113767564297,2.24809202551842,5.71049064397812,1.29451262950897,2.40272319316864,10.4799757897854,6.78951424360275,2.43622404336929,1.90022403001785,0.697089970111847,1.84727191925049,0.785891532897949,1.56434786319733
793.678627938032,5.79644858837128,393.610092163086,19.5783312022686,20.8259729146957,0,106.057750791311,43.04852861166,24.6078219413757,1.00344336032867,117.735516607761,2.29393029212952,217.091705948114,1.94933444261551,206.722738653421,0,63.8064315319061,0,411.762235999107,80.6992195248604,11.4087695479393,20.4063520431519,99.7444968819618,61.8212222456932,2.05915293097496,0,35.1554190516472,17.8689051270485,181.660543709993,0,82.7562077045441,90.5179802775383,11.3394979834557,45.5640052556992,6.1533397436142,9.5419779419899,1622.76428905129,27.0985388755798,221.374606013298,12.4597560763359,250.859666347504,48.0175883769989,37.8218384087086,1.3595215678215,20.1366052925587,0,43.2253581881523,0.759066820144653,34.7470200955868,0,141.35968130827,0,15.8945145905018,0,19.4214023351669,0.545468866825104,665.094441324472,0,207.287598133087,0.753352642059326,158.207243740559,0,81.6109966039658,0,25.6228583455086,0,161.055954664946,7.93445801734924,465.960935205221,0,3190.36509227753,53.1714334487915,2733.52075025439,34.2607206702232,0,81.8318434655666,2458.65122240782,68.708366215229,17.7247158288956,0,32.0895241200924,1.43238985538483,12.8316785693169,1.53763598203659,65.6450254917145,0.803371250629425,36.9761472344398,3.33244121074677,129.98729300499,3.93524122238159,141.591238945723,97.0144344270229,64.4979355633259,39.2766946554184,631.554792016745,52.3139745593071,139.882071197033,24.5385324656963,44.0562229454517,31.2792937159538,32.4267688393593,46.4357800781727,42.8087178766727,82.5398852825165,118.432699531317,39.6690275669098,35.2174915373325,18.7340797781944,96.2782473266125,75.5610491633415,26.4045072495937,12.7375926077366,7.41685673594475,4.08593609929085,3.87535482645035,37.3629207015038
11.2982912063599,710.62095156312,49.7494480609894,464.838670611382,0,13.6764050126076,36.1080532371998,291.900981247425,0,91.6473470926285,3.48621648550034,70.7921702861786,5.40125852823257,215.916400402784,0,212.461823403835,0,198.672409832478,57.6295988559723,542.681877076626,3.53479623794556,1.52807676792145,40.3865627348423,324.85623767972,2.16682839393616,11.9338085949421,4.51838862895966,8.11226850748062,3.48465245962143,77.2802784740925,19.0890081822872,124.06962826848,12.3614028990269,102.221376985312,28.7200288772583,37.6506243646145,70.1911677122116,290.327609866858,32.6539576053619,37.1443154513836,38.3436191678047,243.85805863142,13.4305663406849,235.272023051977,3.19690263271332,142.184662431479,5.14556357264519,174.018892735243,0,209.843441575766,0,179.985399872065,0,8.57521837949753,3.12819403409958,44.3777595758438,2.75526821613312,580.749549090862,7.55320924520493,147.055206209421,0.720902323722839,56.3808012008667,0,57.0804592072964,0,80.4034858942032,43.3739713728428,244.293773949146,22.2540982067585,186.315275341272,94.7157550752163,2999.68525639176,103.745014041662,1076.86927816272,81.8318434655666,0,80.5099374949932,1112.68176293373,0,25.0635970234871,0,147.338733315468,2.39268290996552,9.00933742523193,0.670364737510681,85.8245886862278,10.6549787521362,17.6180049777031,25.380979180336,51.6129278838634,58.32348716259,80.3832952678204,20.8156633377075,31.3552993237972,44.6005286872387,179.128783553839,44.4518257081509,17.315367847681,8.92893585562706,52.2939651012421,14.2372084259987,28.0829785168171,18.5362179279327,82.5214011073112,26.6440850198269,57.3013102412224,25.0391819179058,17.0016478002071,43.7486504018307,40.1135982871056,9.87341579794884,5.31295678019524,4.7745698094368,6.43644616007805,6.34561762213707,13.155054628849
3098.03266808391,499.317230582237,1501.43284472823,143.193331569433,31.4516671299934,0,778.364176034927,225.960615664721,145.08918094635,0,426.228708267212,40.5908476412296,776.555007636547,15.6745686233044,596.569817692041,0,135.761617511511,118.061571776867,2026.127132833,569.023527801037,9.99245476722717,9.19097763299942,288.465859353542,97.4543873071671,4.73205918073654,0,24.9003138542175,1.11067414283752,652.638698399067,21.8019533455372,323.673060029745,415.055774986744,102.101769834757,408.839708656073,199.256006062031,204.040696114302,4517.71536076069,171.562180459499,358.663833796978,13.9122966825962,294.390451312065,4.26475429534912,730.488112419844,214.045121431351,355.159886151552,81.9483249187469,663.132072895765,44.7048119306564,616.374158918858,70.2163493335247,1925.14787462354,46.8319385945797,298.237041682005,5.15857267379761,118.500794053078,23.2669330835342,3159.3254943192,533.201971977949,2100.67848497629,246.838387519121,1182.5975253582,220.315490931273,668.164958268404,243.89573559165,237.934483081102,71.923928976059,2808.46637901664,1217.60296884179,2674.4463120997,563.321772903204,8679.38009873033,209.226239532232,3117.68277189136,106.930906146765,2458.65122240782,80.5099374949932,0,607.202539652586,37.194262444973,22.9927650690079,252.652950495481,217.513576120138,41.2097752094269,0,572.119022101164,86.5174905061722,62.2646972835064,0,384.40363496542,37.168199211359,122.21661400795,48.680252879858,91.1195942461491,9.38980290293694,1204.48263946176,61.2130654156208,331.375205755234,7.91518178582191,26.7694974541664,15.2537658512592,63.987906396389,12.4278051555157,83.9455762505531,43.0173393189907,400.708653569221,80.3735294938087,73.1014232635498,22.7260012924671,364.635729044676,724.161106139421,57.4799799919128,34.7855881154537,24.5557394623756,21.6825973689556,16.3708862960339,120.725712269545
154.057281732559,4018.1621465385,187.455849081278,1471.78479912877,2.16890335083008,9.06915354728699,127.794728279114,1224.68940058351,1.41729152202606,143.57714548707,3.88778966665268,208.981051713228,13.6717604994774,375.483257353306,0,217.045401394367,1.62210988998413,291.928517609835,487.846422553062,2908.20492896438,0,27.4227002859116,102.212036013603,848.662843316793,0,5.79614007472992,10.4841658473015,23.8117470145226,9.34606128931046,94.9201568365097,150.215528011322,621.265527635813,74.8081103861332,863.249896109104,111.719322770834,269.4337477386,172.703443288803,4614.65105578303,47.9002811908722,173.719772070646,3.34502917528152,64.3821660280228,41.8877165019512,576.368733167648,13.0102527141571,425.381841897964,28.6964536905289,738.764213740826,2.82550263404846,629.05094653368,14.9931029081345,393.751222997904,0,19.0806027054787,5.44579827785492,239.535268515348,55.2374332845211,2432.02778801322,139.894221127033,636.293865680695,33.8714519739151,290.904637694359,0,280.331996262074,9.70665472745895,332.668043345213,658.441078752279,1506.50951254368,207.678963750601,1897.27094045281,228.573698014021,15100.0967408419,53.4309919476509,958.701261073351,68.708366215229,1112.68176293373,607.202539652586,0,0,23.6706230044365,0.938445508480072,259.554638028145,0,39.4070796370506,0,209.804642677307,0,62.5167701840401,1.04621040821075,221.948936581612,113.105923950672,330.901462435722,59.9748811423779,170.436481565237,282.221428275108,721.687679469585,144.748105555773,81.504764944315,38.188047349453,114.596214920282,34.4258797466755,107.082473248243,47.4211053848267,333.433615982533,192.166407167912,324.391406148672,65.8460283577442,63.2610198557377,797.766801923513,1032.64518353343,83.3666449189186,13.046095430851,33.4140177667141,37.4873672127724,42.0109603106976,149.128117024899
81.848109215498,0,1.41905492544174,0,0,0,10.6377441287041,0,0,0,79.0109227895737,0,4.59928435087204,0,0,0,1029.16413253546,0,2.62806394696236,0,0,0,0,0,0,0,0,0,692.22751763463,0,1.36873483657837,0,0,2.02612280845642,7.14511823654175,1.11977458000183,6.05201187729836,1.27890253067017,4.8226872086525,0,0,0,1.75698447227478,3.49715554714203,6.74189177155495,0.487732470035553,0.500748574733734,1.15315663814545,12.2813778221607,0.761220812797546,50.6932736933231,0,0.603405594825745,0,1.52807685732841,0,553.628036051989,0.908215641975403,66.505622446537,3.97197788953781,71.3552612364292,1.92692470550537,261.482088387012,0,6.49956792593002,0,51.772698789835,10.4358822703362,3.03390485048294,0,7.49828624725342,1.23624932765961,60.5066479444504,2.19100022315979,17.7247158288956,0,37.194262444973,0,0,0,1358.6884585917,0,2.65588340163231,0,42.9002489447594,0,0,0,6.04761675000191,0,0,0,0,0,0.738411724567413,0,3.20730173587799,0,0,0,0,0,0,0,0,0,0,0,0,0,0,0,0,0,0,0
0,5.63789543509483,0,0.985842823982239,0,0,0,2.75030195713043,0,1.35808432102203,0,20.7328099608421,0,6.61736989021301,0,0,0,583.459150850773,0,1.72285759449005,0,0,0,0,0,0,0,0,0,640.618920654058,0,1.25928729772568,0,10.3388915061951,6.72424280643463,39.7282711267471,5.34918022155762,13.5054581165314,0,6.97494262456894,0,0,0,1.92039507627487,1.48246794939041,16.5395693778992,1.26109445095062,11.15471342206,0,37.0637058019638,0,66.6768119037151,0,0,0,1.38530448079109,0,77.839978069067,5.21103459596634,147.228434622288,1.34554946422577,14.4444501399994,0,40.3621088266373,0,54.4429489672184,12.7658682465553,157.792082577944,0,1.13190972805023,0,3.54272586107254,0,622.336462050676,0,25.0635970234871,22.9927650690079,23.6706230044365,0,0,0,1390.64954632521,0,11.2039695382118,0,23.7067276835442,0,3.45439046621323,0,13.0102743506432,0,0,0,0,0,0,1.20490682125092,0,0,1.20788288116455,0,0,0,0,0,0,0,0,0,0,0,0,0,0,0,0
639.712162852287,0,12.4977875351906,0,0,0,72.0847635865211,0,0,0,327.237913042307,0,15.0013846158981,0,0,0,2406.92339226604,0,7.58287581801414,0,0,0.654502153396606,0,0,0,0,0,0,1191.31805849075,0,0,0,0.571365118026733,0.931206881999969,33.4316597878933,45.97664514184,95.2974174022675,5.74049440026283,30.6767700314522,0,23.7152301967144,0,190.06535923481,2.95081815123558,86.4068048000336,0,128.689310193062,0.996026396751404,207.532466471195,1.7576687335968,979.721251726151,0,107.745085000992,0,23.7713536024094,0,357.648938149214,4.02585923671722,139.956302553415,0,614.638693600893,0,2923.92923817039,0,375.561285972595,0,218.011007785797,37.3873408138752,6.06619268655777,0,34.9244998693466,0,423.61509808898,0,32.0895241200924,0,252.652950495481,0.938445508480072,1358.6884585917,0,0,0,971.466414600611,0,6014.02265679836,0,69.4539718925953,0,199.266270816326,0,0.408944219350815,0,0,0,10.9228313863277,0,3.95350515842438,0,0.921668171882629,0,0,0,0,0,0,0,0,0,0,0.687164068222046,0,0,0,0,0,0
0,454.690617889166,0,71.1817751526833,0,0,0,454.095610976219,0,3.86862063407898,0,1006.42901414633,0,571.788854897022,0,1.65288269519806,0,2103.63546648622,0,112.082465112209,0,0,0,6.25479596853256,0,0,0,1.00976657867432,0,527.184879392385,8.49052917957306,12.6072272360325,4.31523442268372,66.9637037217617,106.490976244211,268.644358932972,19.4321508705616,122.032513350248,0,12.8588883578777,0,17.5297760367393,4.02848696708679,114.893484473228,1.8043629527092,143.556758880615,0,57.4654442667961,0,322.759635657072,0.798081874847412,495.196120470762,0,7.26269882917404,0,20.3194015622139,12.3873723745346,231.876881182194,24.8596861362457,293.047227621078,4.21166330575943,632.801940321922,0,3562.14047646523,0,1623.14346438646,95.8608841300011,361.367188900709,1.95498335361481,13.560102134943,0.962559640407562,72.7379898428917,0,1102.08396783471,1.43238985538483,147.338733315468,217.513576120138,259.554638028145,0,1390.64954632521,0,0,0,1386.15890243649,0,7102.36943331361,0,328.658564031124,0,517.123443245888,0,1.88465595245361,0,0,0,2.92330408096313,1.35165238380432,0,0,2.61424934864044,0,0,0,0,0,0,0,0,0,0,1.09687566757202,0,0,0,0,0
11.0093621015549,0,16.4408322274685,0,13.2243127822876,0,15.3121113181114,2.01458519697189,13.0596700310707,0,32.2979609370232,0,42.8191258907318,0,306.436490058899,0,26.2762913107872,0,26.6738398075104,1.38360303640366,0,0,8.05837249755859,1.37305146455765,0,0,2.33491921424866,0,560.387508451939,0,2.73422169685364,1.20025718212128,0,2.69877079129219,7.06817319989204,1.56360816955566,204.330213308334,0,53.7556573450565,0,511.183870375156,2.87489759922028,34.9289729893208,0,1.39560180902481,0,73.89123955369,0,5.3802635371685,0,101.382781177759,0,26.5892488062382,0,110.229120314121,0,14.9973067641258,0,2.43100395798683,0,5.40325826406479,0,16.1186385154724,0,1.5953141450882,0,13.1182937324047,0,3.50589287281036,0,51.4059355258942,3.15139615535736,110.969024956226,0,12.8316785693169,2.39268290996552,41.2097752094269,0,2.65588340163231,0,971.466414600611,0,0,0,1119.42190566659,0,736.096137225628,0,160.133097082376,0,0,0,0,0,0,0,0,0,0,0,0,0,0,0,0,0,0,0,0,0,0,0,0,0,0,0
0,0,0,0,0,0.799081444740295,0,0,0,0,0,0,0,0,0,0,0,0.523096263408661,0,0,0.640923500061035,1.14815974235535,0,0,0,0,0,1.20806634426117,0,162.694894433022,0,0,0,0,0,3.61624383926392,0.772514343261719,345.873742580414,0,63.5948652625084,0,1335.26696306467,1.16684344410896,74.9062766432762,0.745475292205811,9.70391342043877,0,91.4837530851364,0,30.0061541199684,0,103.651357382536,0,8.57038503885269,0,102.197514891624,0,0,0,0.757021725177765,0,1.08178627490997,0,0.724230468273163,0,15.4171214997768,0,10.5310633778572,0,0,2.01228892803192,10.6628108620644,1.73483967781067,113.115589022636,1.53763598203659,9.00933742523193,0,39.4070796370506,0,11.2039695382118,0,1386.15890243649,0,0,0,402.583431005478,0,1554.2088983357,0,299.957380443811,0,0,0,0,0,2.22746354341507,0,0,0,1.43677473068237,0,0,0,0,0,0,0,0,0,0.51864755153656,0,0,0,0,0,0
1354.47453141212,0,3.50012987852097,0,0,0,321.759161055088,0,0,0,178.424841403961,0,9.36489719152451,0,0,0,247.652458071709,0,5.71266204118729,0,0,0,0,0,0,0,0,0,517.100991308689,0,0,0,0,1.50438237190247,42.8360869586468,70.4058323502541,313.875117391348,14.4493452906609,51.0083931684494,1.55968165397644,57.9238818585873,0,171.147493779659,91.2199531197548,53.1666438877583,18.9201204776764,180.923196136951,7.04675149917603,115.260183513165,4.25793659687042,4082.80705097318,0.662074089050293,268.829482734203,0,198.715097159147,0,494.64068993926,0,78.3469195961952,0,1385.13632643223,0,1543.57372781634,0,3624.61076211929,0,123.133627563715,119.013712793589,2.06498378515244,0,97.8436286449432,6.61343514919281,349.550329744816,1.36492192745209,65.6450254917145,0.670364737510681,572.119022101164,0,42.9002489447594,0,6014.02265679836,0,1119.42190566659,0,0,0,619.739295065403,0,6763.83363604546,0,1.1844510436058,0,0,0,11.395628541708,0,6.63719063997269,0,1.99011957645416,0,0,0,0,0,0,0,0,0,0,2.55330872535706,0,0,0,0,0,0
0,1328.1818908155,0,78.6263147592545,0,0,0,1298.99881953001,0,0,0,318.511004626751,0,83.2886605262756,0,0,0,127.800369232893,0,34.5471876561642,0,0,0,0,0,0,0,0,0,62.1544319391251,11.161761879921,21.7363061606884,0,46.4075599908829,74.4115995764732,142.452799171209,15.7839865982533,299.219278246164,0,34.3997759521008,0.632494270801544,126.349948883057,5.71908614039421,276.860513687134,0,168.788177609444,4.44276440143585,214.715405970812,0,623.902002453804,3.07579207420349,5611.29722669721,0,220.537283629179,0,505.080888271332,0,290.424429088831,2.66129076480865,88.1386973559856,0,236.868637919426,0,266.111034184694,0,3255.61263647676,17.2563818693161,165.068088322878,0,4.89638155698776,1.12935924530029,141.316624730825,0.818136751651764,433.365445494652,0.803371250629425,85.8245886862278,86.5174905061722,209.804642677307,0,23.7067276835442,0,7102.36943331361,0,402.583431005478,0,0,0,1478.21724358201,0,9313.0069489181,0,0,0,0,0,2.25242000818253,0,2.50988027453423,0,9.03584566712379,0,0,0,0,0,0,0,0,0,1.18749096989632,0,0,0,0,0,0
0,0,0,0,0,0,0,0,0,0,0,0,0,0,0,0,3.25397074222565,0,0,0,2.70456147193909,0,0,0,0,0,0,0,204.386633574963,0,0,0,0,0,4.04778808355331,0,931.552846759558,0,64.1025032997131,0,566.697722494602,7.59982889890671,16.0608829557896,0,1.09192359447479,0,57.1869187057018,0,0.493054777383804,0,38.0114160776138,0,12.4006471037865,0,197.726535946131,0,0,0,0.486532121896744,0,0.804153084754944,0,3.48840248584747,0,0,0,8.76037806272507,0,0,0,21.9066019654274,6.24026024341583,44.4595905542374,5.41555732488632,36.9761472344398,10.6549787521362,62.2646972835064,0,0,0,69.4539718925953,0,736.096137225628,0,619.739295065403,0,0,0,676.319074332714,0,0,0,0,0,0,0,2.2719858288765,0,0.54675030708313,0,0,0,0,0,0,0,0,0,0,0,0,0,0,0,0,0
0,0,0,0,0,0,0,0,0,0,0,0,0,0,0,0,0,1.05764007568359,0,0,0,0,0,0,0,0,0,0,0,11.5761631131172,0,0,0,2.88316774368286,0,10.1554782688618,0,650.133433401585,0,127.983277529478,3.81373661756516,1597.87191128731,2.30557161569595,85.1550469696522,0,1.97647762298584,0,99.0354174077511,0,28.2662448585033,0,109.171938896179,0,12.3137806355953,0,406.111738920212,0,0,0,0,0,0.535839259624481,0,8.15176177024841,0,10.6215071678162,0,7.6368211209774,0,0,6.8791172504425,13.6993410885334,6.08363598585129,45.2232742011547,3.33244121074677,17.6180049777031,0,62.5167701840401,0,3.45439046621323,0,328.658564031124,0,1554.2088983357,0,1478.21724358201,0,0,0,3330.2563097775,0,0,0,0,0,1.43734276294708,0,0.50047755241394,0,0.628603875637054,0,0,0,0,0,0,0,0,0,0.805628478527069,0,0,0,0,0,0
278.210826605558,0,0,0,0,0,43.7956554889679,0,0,0,36.07317507267,0,0,0,0,0,58.0343414545059,0,1.46769058704376,0,0.737790882587433,0,0,0,0,0,1.45300889015198,0,216.362421393394,0,0,0,0.574613451957703,0,81.7394458651543,97.540388405323,1685.72676670551,4.52217465639114,329.305278450251,0,311.801982194185,20.2499588131905,538.293253183365,44.9021197557449,46.9812611341476,5.13716399669647,812.677294254303,1.44127130508423,109.767186582088,3.7605801820755,1944.01392781734,0,821.783187329769,0,1792.99915793538,0,104.401799052954,0,41.0946327745914,0,126.977279812098,0,199.685763210058,0,180.315858483315,0,269.313968628645,99.6620655059814,0.788369238376617,0,76.9090970158577,17.29335719347,159.691082268953,14.8608290553093,129.98729300499,25.380979180336,384.40363496542,1.04621040821075,6.04761675000191,0,199.266270816326,0,160.133097082376,0,6763.83363604546,0,676.319074332714,0,0,0,4.40926790237427,0,0,0,5.76942291855812,0,5.57423108816147,0,4.35542756319046,0,0,0,0,0,0,0,0,0,0,4.21348261833191,0,0,0,0,0,0.522352457046509
0,423.262073278427,0,17.1649403572083,0,0,0,357.268329292536,0,0,0,41.8809368014336,0,2.05643230676651,0,0,0,19.7867502570152,0,1.32961916923523,0,1.26900327205658,0,0,0,0,0,0,0,21.6813084483147,1.03959983587265,3.66085869073868,0,13.7778994441032,52.8590922951698,84.8532022535801,21.0470416247845,1354.45162752271,0,311.229023844004,3.00447309017181,492.174839526415,22.2796637415886,386.15132406354,0,158.700033068657,2.4346935749054,451.165630966425,0,509.19682314992,0,1805.40405878425,0,1026.44366616011,0,4515.1734354496,0,120.304773211479,0,40.3024984002113,0,38.3283315896988,0,36.2553913593292,0,393.283213078976,28.3697701096535,109.943865418434,0,1.4329149723053,2.23809427022934,47.2281780838966,7.37116539478302,168.132160484791,3.93524122238159,51.6129278838634,37.168199211359,221.948936581612,0,13.0102743506432,0,517.123443245888,0,299.957380443811,0,9313.0069489181,0,3330.2563097775,0,0,0,0,0,0,0,0,0,0.528663575649261,0,39.5081076920033,0,0,0,0,0,0,0,0,0,0.596932530403137,0,0,0,0,0,0
0,0,0,0,0,0,0,0,0,0,0,0,0,0,0,0,0,0,0,0,0,0,0,0,0,0,0,0,5.34272569417953,0,0,0,0,0,0,0,151.942138820887,35.3426028490067,218.209334552288,45.5853897035122,2.07934838533401,0,6.0353342294693,0,1.2329488992691,0,62.4270771443844,0.809407234191895,0,0,8.55915105342865,0,39.5720427632332,0,30.0494643449783,0,0.70739883184433,0,0,0,0,0,0,0,0.575811862945557,0,1.33783400058746,0,0,0,21.7730672955513,17.0156167447567,30.7310469150543,2.49336057901382,141.591238945723,58.32348716259,122.21661400795,113.105923950672,0,0,0.408944219350815,0,0,0,1.1844510436058,0,0,0,4.40926790237427,0,0,361.749314516783,1199.22520923615,78.8497987389565,681.793011158705,173.897928476334,3149.97513869405,153.89407235384,2339.51885414124,158.562597483397,521.713960677385,116.376572281122,600.62910503149,304.429067283869,1183.4002148211,113.49516955018,1073.58549574018,86.3973708450794,24.4541091024876,9.00402474403381,132.951764553785,91.4594269394875,69.2435561418533,15.4542251229286,22.2590211033821,35.5522595047951
0,0,0,0,0,0,0,0,0,0,0,0,0,0,0,0,0,0,0,0,1.44906294345856,2.0784649848938,0,0,0,0,1.22927761077881,2.53968226909637,0,2.25971263647079,0,0,0,0,0,1.52133119106293,137.875154525042,97.7251842617989,282.250211387873,231.641911625862,0,0,0,0,0,0,0,1.29340320825577,0,0,0,0,0,0,0,1.96218585968018,0,0,0,0,0,0,0,0,0,0,0,0,0,0,10.4102512001991,80.096492767334,9.27571696043015,20.5995007455349,97.0144344270229,80.3832952678204,48.680252879858,330.901462435722,0,0,0,1.88465595245361,0,0,0,0,0,0,0,0,361.749314516783,0,106.393210440874,2560.25293767452,157.760307848454,741.637533992529,409.464752554893,514.699958711863,154.192384958267,2539.13787934184,65.4471307992935,554.278840839863,118.353693664074,761.87599465251,71.5528992414474,777.696280300617,84.282639592886,530.811329603195,76.0152324438095,44.5147431194782,298.175967305899,126.346945643425,168.643694490194,13.0942512154579,79.9019451439381,79.6341163218021
0,0,0,0,0,0,0,0,0,0,0,0,0,0,0,0,0,0,0,0,0,0,0,0,0,0,0,0,3.2931934595108,0,0,0,0,0,0,0,89.6067740917206,15.132172703743,58.7274031937122,13.3415146768093,1.36031141877174,0,0,0,0,0,0,1.85304307937622,0,0,0,0,0,0,0,0,0,0,0,0,0,0,0,0,0,0,0,0,0,0,13.9412960410118,10.241533190012,13.5481555461884,2.95652508735657,64.4979355633259,20.8156633377075,91.1195942461491,59.9748811423779,0,0,0,0,0,0,0,0,0,0,0,0,1199.22520923615,106.393210440874,0,29.3857251107693,545.351577758789,64.5544688403606,528.084843635559,36.0452108085155,158.123408824205,46.3142478764057,1040.99535658956,61.7360120117664,1205.74686324596,107.497498571873,1414.08544570208,58.1745838820934,418.103887706995,46.1076350808144,43.9708284139633,16.9483109712601,183.966072678566,93.5088458955288,250.623046338558,98.7093495130539,8.64315387606621,37.8803866505623
0,0,0,0,0,0,0,0,0,0,0,0,0,0,0,0,0,0,0,0,0,0,0,0,0,0,0,0,0,2.57308888435364,0,0,0,0,0,0,33.3684368729591,34.8406812250614,67.0040608346462,18.2510414719582,0,0,0,0,0,0,0,0.531574487686157,0,0,0,0,0,0,0,1.18340420722961,0,0,0,0,0,0,0,0,0,0,0,0,0,0,1.98672950267792,41.7230907976627,3.94161766767502,5.83422520756721,39.2766946554184,31.3552993237972,9.38980290293694,170.436481565237,0,0,0,0,0,0,0,0,0,0,0,0,78.8497987389565,2560.25293767452,29.3857251107693,0,63.5287127792835,198.75726878643,152.149631679058,136.851877957582,44.1691108345985,296.910002410412,23.3657908439636,859.769172817469,35.0371483266354,899.562372535467,30.0963202118874,801.105871021748,20.5416067242622,178.864931672812,109.199029028416,51.0592950284481,347.977540940046,78.6427753269672,144.54478892684,45.0561204254627,128.702755510807,105.245242923498
101.484553486109,1.24344539642334,47.6054578721523,1.29635071754456,0.585878431797028,0,22.0768799781799,0,3.73312631249428,0,7.73627603054047,0,16.9759681522846,0,19.2831081449986,0,3.68570464849472,0,52.5991465747356,2.3956338763237,1.11705958843231,2.15800082683563,5.19485259056091,0,0.453775107860565,0,4.75049269199371,2.19982808828354,37.2894548475742,1.50270986557007,12.5538740158081,13.1314304471016,1.02732396125793,9.60925868153572,7.25555890798569,7.95681929588318,288.924914926291,24.1189525127411,114.958974272013,6.26327359676361,23.2908747792244,0,18.8417379558086,0,13.9573692977428,1.04507422447205,16.364229619503,7.27895361185074,37.6149444878101,0,83.3447814881802,0,10.3472442626953,0,2.53513920307159,0.834844589233398,133.613478958607,0.620870351791382,73.473218023777,0,52.2332018911839,0,27.215000718832,0,7.30149579048157,0,77.2772794663906,5.68725103139877,81.0597550570965,0.542949616909027,319.615300446749,67.8909485936165,213.628064215183,13.4301683008671,631.554792016745,44.6005286872387,1204.48263946176,282.221428275108,0.738411724567413,0,10.9228313863277,0,0,0,11.395628541708,0,0,0,5.76942291855812,0,681.793011158705,157.760307848454,545.351577758789,63.5287127792835,0,154.501413524151,1514.11364081502,66.0351538360119,275.074543982744,81.3445112109184,248.924376398325,53.5530371665955,244.32164055109,170.389499127865,1194.50794154406,215.413421422243,409.285584926605,49.5119125247002,202.148080825806,948.244988918304,593.356296539307,120.354490935802,79.5285924971104,67.768946647644,24.4316114783287,128.92273285985
1.18949401378632,86.6215516328812,1.0781477689743,32.6024723947048,0,0.441543132066727,0,14.5795207619667,0,6.00732472538948,0,1.06620436906815,0,10.1353858411312,0,9.44219997525215,0,8.68924349546432,0,54.4761485755444,0,0,0,14.089274674654,0,0.556981086730957,3.3959653377533,6.71249830722809,1.28050673007965,4.6014603972435,1.6346161365509,6.11930349469185,0.484708219766617,16.7014817297459,1.94256967306137,9.15082687139511,52.229731708765,178.540890425444,93.912428855896,88.3682523071766,0,0.861229479312897,1.54760479927063,36.8852350711823,0,23.6620827913284,1.22892969846725,30.2859269082546,0,55.3878749608994,0,34.784654289484,0,1.52556818723679,0,4.46281212568283,4.1622234582901,53.4564406573772,0,19.7688145935535,0,1.89004683494568,0,3.4256078004837,0,12.8299406766891,0,40.6090542972088,0,26.3790393471718,16.1748792529106,194.063377290964,15.2822368741035,63.9891728162766,52.3139745593071,179.128783553839,61.2130654156208,721.687679469585,0,0,0,2.92330408096313,0,2.22746354341507,0,2.25242000818253,0,1.43734276294708,0,0,173.897928476334,741.637533992529,64.5544688403606,198.75726878643,154.501413524151,0,166.176174730062,1220.7548699975,68.6429176926613,833.380605757236,32.2811222374439,72.5592258274555,36.8809793293476,334.582032859325,72.5348075628281,429.830822438002,21.1675129234791,122.870836436749,80.6168825030327,623.097019612789,825.078658729792,54.6436733007431,53.1918633580208,13.8742534816265,27.2477958798409,21.9986066818237
15.6593508124352,2.53126472234726,2.53507301211357,0,0.533379733562469,0,0.560148596763611,0,0,0,0,0,0,0,1.79213047027588,0,1.60107743740082,0,6.50082612037659,0,0,0.93756228685379,0,0.6808922290802,0,0,1.78546154499054,0.499106645584106,10.5688647031784,0,2.96447545289993,1.56580489873886,0,1.8065270781517,3.36218252778053,2.09780710935593,174.20213508606,36.0967012345791,221.627948909998,20.2007718682289,0.603696525096893,0,28.3527567386627,2.96162557601929,8.07466721534729,0,18.668225646019,6.35884422063828,10.8360036313534,0,41.0952180922031,0,7.85873508453369,0,2.71319854259491,0,26.5653964579105,0,19.0875877439976,0,13.7393638491631,0,13.506317615509,0,2.65786641836166,0,28.3684944212437,1.08763140439987,20.8680057525635,0,40.6885838806629,28.953471750021,61.1830227971077,9.11840179562569,139.882071197033,44.4518257081509,331.375205755234,144.748105555773,3.20730173587799,1.20490682125092,3.95350515842438,1.35165238380432,0,0,6.63719063997269,0,2.2719858288765,0,5.57423108816147,0,3149.97513869405,409.464752554893,528.084843635559,152.149631679058,1514.11364081502,166.176174730062,0,102.186222523451,2961.67383256555,188.907375067472,205.367527931929,144.445426493883,217.434311360121,306.269390672445,863.425416767597,114.341369211674,387.111300617456,66.191927164793,26.4414554536343,265.174971073866,754.130478590727,398.64034602046,192.022527068853,140.252196401358,18.878863632679,42.7871174812317
0,1.33415722846985,0,0,0,0,0,0,0,0,0,0,0,0,0,0,0,0.62949925661087,0,0,0,0,0,0.709909558296204,0,0,0,0,0,0,0,0,0,1.00318217277527,2.28900110721588,7.70380491018295,23.0319007635117,22.2978545725346,48.8988320827484,49.470624089241,0,0,1.61648696660995,147.702213913202,1.42346787452698,10.4487266540527,0,444.639779776335,0,5.65825873613358,0,5.06778040528297,0,10.3161261975765,0,25.4254724979401,0,2.49280029535294,0,0,0,0.686626732349396,0,0,0,1.92060267925262,4.0016256570816,24.7536724805832,0,0,1.06300008296967,16.2080892324448,7.71440097689629,5.76011568307877,24.5385324656963,17.315367847681,7.91518178582191,81.504764944315,0,0,0,0,0,0,0,2.50988027453423,0,0.50047755241394,0,0.528663575649261,153.89407235384,514.699958711863,36.0452108085155,136.851877957582,66.0351538360119,1220.7548699975,102.186222523451,0,50.6079872250557,1970.78492897749,29.5167004466057,36.2162461876869,40.5700500607491,178.736899465322,24.0867043435574,240.8820489645,15.2921883165836,146.831453621387,16.869116038084,41.963123947382,886.675213158131,161.589304924011,76.9047592580318,13.8331061005592,8.5396953523159,7.2762531042099
0,0,0,0,0,0,0,0,0,0,0,0,0,0,0,0,0,0,0,0,0,0,0,0,0,0,0,0,1.78198897838593,0,0,0,0,0,0,0,40.8277095258236,6.25625786185265,59.2815656065941,3.68147498369217,0.774291634559631,0,25.6272769868374,0,0,0,83.8434883356094,2.07247090339661,0,0,1.34733888506889,0,1.81729245185852,0,2.91555979847908,0,1.25289797782898,0,0,0,0.525827467441559,0,2.20043843984604,0,0,0,0,0,0,0,12.9727846384048,12.8625577390194,12.8850607275963,0.457734048366547,44.0562229454517,8.92893585562706,26.7694974541664,38.188047349453,0,0,0.921668171882629,0,0,0,1.99011957645416,0,0.54675030708313,0,4.35542756319046,0,2339.51885414124,154.192384958267,158.123408824205,44.1691108345985,275.074543982744,68.6429176926613,2961.67383256555,50.6079872250557,0,84.9487283229828,62.9103937745094,65.4208025038242,50.6783727109432,166.610706031322,245.612548828125,50.4460899829865,184.474789381027,23.6475521028042,3.9158496260643,1.9139142036438,61.1445888280869,264.632276087999,136.325376480818,6.40307787060738,4.61858755350113,2.84371542930603
0,0,0,0,0,0,0,0,0,0,0,0,0,0,0,0,0,0,0,0,0,0,0,0,0,0,0.856143534183502,1.33907842636108,0,6.33803558349609,0,0.983872950077057,0,0,0,0,51.2642077207565,87.834774941206,96.362445294857,103.480478137732,0,15.6799757480621,5.48675930500031,121.510752558708,0,6.5891480743885,0,1099.95484438539,0,5.45397078990936,0,11.6724592149258,0,54.4450872540474,0,232.659893423319,0,1.25315058231354,0,0,0,0,0,0,0,0,0,7.4024543762207,0,0,6.44645124673843,39.0489383935928,10.0307775735855,61.9005425274372,31.2792937159538,52.2939651012421,15.2537658512592,114.596214920282,0,1.20788288116455,0,2.61424934864044,0,1.43677473068237,0,9.03584566712379,0,0.628603875637054,0,39.5081076920033,158.562597483397,2539.13787934184,46.3142478764057,296.910002410412,81.3445112109184,833.380605757236,188.907375067472,1970.78492897749,84.9487283229828,0,25.4079657495022,97.7098952531815,43.1945542991161,224.628322720528,25.091828674078,202.048955082893,24.5205776691437,312.069866329432,8.56200820207596,5.87660437822342,173.992526262999,370.77373033762,475.783994615078,6.6587470471859,13.0303042829037,7.98604083061218
0,0,0,0,0,0,0,0,0,0,0,0,0,0,0,0,0,0,0,0,0,0,0,0,0,0,0,0,0,0,0,0,0,0,0,0,42.1558845937252,13.6453631222248,39.3039075732231,6.48013138771057,0.43561914563179,0,0,0,0,0,0,0,0,0,0,0,0,0,0,0,0,0,0,0,0,0,0,0,0,0,0,0,0,0,7.57460397481918,10.985207170248,3.88789421319962,1.43316411972046,32.4267688393593,14.2372084259987,63.987906396389,34.4258797466755,0,0,0,0,0,0,0,0,0,0,0,0,521.713960677385,65.4471307992935,1040.99535658956,23.3657908439636,248.924376398325,32.2811222374439,205.367527931929,29.5167004466057,62.9103937745094,25.4079657495022,0,37.0540902018547,1944.74049112201,75.1783455908298,1245.13862794638,36.5994444489479,198.671763211489,25.9894404411316,13.8494848310947,9.10456818342209,62.2476283311844,24.377233684063,51.2221078872681,40.2373510599136,7.82894334197044,27.5792683064938
0,0,0,0,0,0,0,0,0,0,0,0,0,0,0,0,0,0,0,0,0,0,0,0,0,0,2.71861600875854,0,0,0,0,0,0,0,0,0,56.0092715620995,27.6372471451759,55.3460590839386,10.8448429107666,0,0.457949638366699,0,0,0,0,0,1.07326447963715,0,0,0,0,0,0,0,2.57199287414551,0,0,0,0,0,0,0,0,0,0,0,0,0,0,2.7981595993042,34.3249733150005,5.6217645406723,4.74083027243614,46.4357800781727,28.0829785168171,12.4278051555157,107.082473248243,0,0,0,0,0,0,0,0,0,0,0,0,116.376572281122,554.278840839863,61.7360120117664,859.769172817469,53.5530371665955,72.5592258274555,144.445426493883,36.2162461876869,65.4208025038242,97.7098952531815,37.0540902018547,0,61.3512274026871,725.856684982777,24.8688760995865,623.881255507469,23.7814324200153,142.165873706341,24.1052668690681,11.6599546074867,51.4410693049431,3.95626425743103,9.49558117985725,18.5809554457664,29.1499921679497,16.8242030739784
0,0,0,0,0,0,0,0,0,0,0.955265045166016,0,0,0,0,0,0,0,0,0,0,0,0,0,0,0,0,0,0,0,0,0,0,0,0,0,56.1541510224342,14.539653211832,31.3430173397064,6.35064923763275,0.366648823022842,0,0,0,0,0,0,0,0,0,0,0,0,0,0,0,0.798107862472534,0,0,0,0,0,1.38640666007996,0,0,0,0,0,0,0,13.2499706149101,14.9512319564819,10.4315356016159,0.907598346471786,42.8087178766727,18.5362179279327,83.9455762505531,47.4211053848267,0,0,0,0,0,0,0,0,0,0,0,0,600.62910503149,118.353693664074,1205.74686324596,35.0371483266354,244.32164055109,36.8809793293476,217.434311360121,40.5700500607491,50.6783727109432,43.1945542991161,1944.74049112201,61.3512274026871,0,113.351043045521,4096.77296301723,53.544857531786,260.413614213467,32.6264970600605,45.5826353728771,22.8583414852619,230.78875041008,99.6508787274361,163.429975599051,740.862927675247,379.836038798094,80.5891016721725
0,0,0,0,1.09750199317932,0,0,0,0,0,0,0,0,0,0,0,0,0,0,0,0,0,0,0,0,0,0,0,0,4.99614948034286,0,0,0,1.24937045574188,0,0,90.613502830267,56.1006320416927,92.8355014920235,16.9101897478104,0.500878512859344,0,0,0,0,0,0.471092492341995,1.58312222361565,0,0,0,0,0,0,0,0,0,0,0,0,0,0,0,0,0,0,0,0,0,0,9.39345848560333,83.2477160394192,13.7923027276993,10.2113767564297,82.5398852825165,82.5214011073112,43.0173393189907,333.433615982533,0,0,0,0,0,0,0,0,0,0,0,0,304.429067283869,761.87599465251,107.497498571873,899.562372535467,170.389499127865,334.582032859325,306.269390672445,178.736899465322,166.610706031322,224.628322720528,75.1783455908298,725.856684982777,113.351043045521,0,74.2713035047054,5442.31193587184,48.4673181772232,347.907255858183,189.29295155406,105.910723775625,375.0140850842,58.7812068760395,128.804120004177,621.734162569046,247.970801800489,133.495362013578
1.37694758176804,0,2.56494507193565,0,0,0,0,0,0,0,0,0,0,0,1.92068889737129,0,0,0.719945669174194,2.75789180397987,0,0,0,0,0.609035551548004,0,0,0,0,2.89932417869568,0,1.67212265729904,1.45856082439423,0,1.16811171174049,0,0,47.0879772007465,7.89015346765518,46.3359699547291,4.61390879750252,7.79587614536285,0,0,0,0,0,0,1.97622609138489,0,0,0.571715235710144,0,0,0,0.665271699428558,0,8.5301641523838,0,0,0,0,0,0.856716871261597,0,0,0,0.875568866729736,0,1.11194390058517,0,46.7192931473255,26.2263298034668,30.272650718689,2.24809202551842,118.432699531317,26.6440850198269,400.708653569221,192.166407167912,0,0,0,0,0,0,0,0,0,0,0,0,1183.4002148211,71.5528992414474,1414.08544570208,30.0963202118874,1194.50794154406,72.5348075628281,863.425416767597,24.0867043435574,245.612548828125,25.091828674078,1245.13862794638,24.8688760995865,4096.77296301723,74.2713035047054,0,428.136147111654,482.053726345301,34.3606470525265,178.569291085005,88.9532297849655,723.998761057854,128.78133431077,110.075518250465,190.501243174076,1266.07188308239,421.877817064524
0,5.59669023752213,1.03735220432281,2.56457984447479,0,0,0,0,0,0,0,0,0,0,0,0,0,0,0,5.41758280992508,0,0.807704508304596,0,0,0,0,0,1.478351354599,0,0,0,1.2767585515976,0,2.95269685983658,0,0.683392941951752,42.6835128068924,35.3133492171764,29.7418170571327,5.88142639398575,1.45527172088623,0,0,0.866294860839844,0,0.697309374809265,0,4.69657218456268,0,0,0,1.54531359672546,0,0,0,0,1.0637880563736,2.84142243862152,0,0,0,0.728308498859406,0,0,0,0,0,0,0,0.913235366344452,10.578381717205,45.1439903080463,9.29485800862312,5.71049064397812,39.6690275669098,57.3013102412224,80.3735294938087,324.391406148672,0,0,0,0,0,0,0,0,0,0,0,0,113.49516955018,777.696280300617,58.1745838820934,801.105871021748,215.413421422243,429.830822438002,114.341369211674,240.8820489645,50.4460899829865,202.048955082893,36.5994444489479,623.881255507469,53.544857531786,5442.31193587184,428.136147111654,0,43.4569960832596,431.275472193956,243.521565616131,129.732722461224,907.407751649618,104.927609562874,141.122136503458,159.149439245462,972.120534747839,471.208014369011
6.04758155345917,1.10483849048615,2.15213644504547,0,0,0,0,0,0,0,0,0,0.366171777248383,0,0,0,0,1.24640166759491,0,0,0,0,0,2.42885112762451,0,0,0,0,2.7720490694046,0.529640913009644,1.68570792675018,1.65259462594986,0,3.48951065540314,0.494821935892105,0,29.0117646455765,11.0151017308235,32.6200972795486,2.35741096735001,0,0,0,0,0,0,0,0,0,0,1.52586877346039,0,0,0,0,1.64331543445587,7.45966038107872,2.87425971031189,4.33222049474716,0,0.834934592247009,0,2.40371894836426,0,0,0,3.71825402975082,0,3.35273346304893,0,19.1576648056507,32.0885425806046,13.2227343320847,1.29451262950897,35.2174915373325,25.0391819179058,73.1014232635498,65.8460283577442,0,0,0,0,0,0,0,0,0,0,0,0,1073.58549574018,84.282639592886,418.103887706995,20.5416067242622,409.285584926605,21.1675129234791,387.111300617456,15.2921883165836,184.474789381027,24.5205776691437,198.671763211489,23.7814324200153,260.413614213467,48.4673181772232,482.053726345301,43.4569960832596,0,21.8025305569172,17.1651025414467,9.09727272391319,122.538531184196,32.7656025290489,23.3856426179409,12.565688431263,14.1883338689804,27.697580486536
2.71489667892456,8.9034458398819,0,1.83684825897217,0,0,0.528633654117584,0,0,0,0,0,0,0.449951678514481,0,0,0,0,0,0.75110125541687,0,0,0,1.0164829492569,0,0,0,0.91256719827652,0.407564491033554,0,0,0,0,2.21179056167603,0,0,29.2821924686432,13.5153248906136,16.7755069434643,4.87620133161545,0,0,0,1.82066285610199,0,0,0,0,0,0.812856078147888,0,0,0,0,0,1.40612053871155,0,4.32055306434631,0,0,0,0,0,0,0,0,0,3.80596590042114,0,2.71023505926132,8.29880580306053,31.4894063174725,5.21492922306061,2.40272319316864,18.7340797781944,17.0016478002071,22.7260012924671,63.2610198557377,0,0,0,0,0,0,0,0,0,0,0,0,86.3973708450794,530.811329603195,46.1076350808144,178.864931672812,49.5119125247002,122.870836436749,66.191927164793,146.831453621387,23.6475521028042,312.069866329432,25.9894404411316,142.165873706341,32.6264970600605,347.907255858183,34.3606470525265,431.275472193956,21.8025305569172,0,23.8600169718266,13.8502283096313,56.7770848572254,10.3543223142624,18.410352319479,5.72003561258316,24.9659293591976,31.266814738512
12.5543394684792,21.2486338019371,2.26209312677383,6.98509794473648,0,0.386718332767487,1.8714571595192,3.86957377195358,0,1.05590319633484,0,0,0,3.43430352210999,1.28039592504501,2.40238881111145,0,1.91972291469574,9.78945326805115,21.2997054159641,0,0,0,4.79590076208115,0,0,0,0,2.76277410984039,0,2.21602958440781,3.82258099317551,0,3.52597126364708,0,0.373921066522598,28.4508490562439,8.03998821973801,6.76949417591095,0.508408486843109,7.36615836620331,0,0,1.3019403219223,0,0,0,3.22575706243515,0,0.4209845662117,0,1.852872133255,0,0,0,0,6.36388808488846,1.82159668207169,0,0,0.803772151470184,0,1.37113583087921,2.2247177362442,0,1.12514579296112,0.476336270570755,0.729553401470184,1.12938791513443,5.7156565785408,38.1766538023949,73.1788231134415,25.0300858616829,10.4799757897854,96.2782473266125,43.7486504018307,364.635729044676,797.766801923513,0,0,0,0,0,0,0,0,0,0,0,0,24.4541091024876,76.0152324438095,43.9708284139633,109.199029028416,202.148080825806,80.6168825030327,26.4414554536343,16.869116038084,3.9158496260643,8.56200820207596,13.8494848310947,24.1052668690681,45.5826353728771,189.29295155406,178.569291085005,243.521565616131,17.1651025414467,23.8600169718266,0,693.746194660664,475.998359948397,66.7546805143356,128.69792586565,307.658267349005,69.9539658725262,186.210101991892
8.14846414327621,16.5124211609364,6.52278804779053,5.54623654484749,0,0,3.45735728740692,1.81609806418419,0,0,0,0,1.13209840655327,0,3.79162546992302,0,0.853171288967133,0,3.17672425508499,6.72021308541298,0,1.77348238229752,0,4.20148599147797,0,0,1.35837614536285,4.69543623924255,3.69445019960403,1.07479619979858,0.57123064994812,3.83115601539612,0,1.99986374378204,2.86714869737625,3.83179467916489,82.4700548350811,111.506909787655,3.38506323099136,0,3.65191328525543,0,3.86596459150314,11.4072286486626,2.77522704005241,9.32939910888672,71.5341431796551,139.673414289951,5.84857630729675,16.4065814316273,26.1001366376877,12.2635992765427,2.79878807067871,0,2.52904105186462,0,10.2806619405746,5.6984258890152,5.68949049711227,2.4360676407814,8.04494196176529,1.64444798231125,3.15389692783356,0,3.0781717300415,3.61142444610596,7.46825367212296,6.67976459860802,1.95932739973068,2.87491089105606,24.1069784462452,38.388943374157,23.3154821097851,6.78951424360275,75.5610491633415,40.1135982871056,724.161106139421,1032.64518353343,0,0,0.687164068222046,0,0,0.51864755153656,2.55330872535706,1.18749096989632,0,0.805628478527069,4.21348261833191,0.596932530403137,9.00402474403381,44.5147431194782,16.9483109712601,51.0592950284481,948.244988918304,623.097019612789,265.174971073866,41.963123947382,1.9139142036438,5.87660437822342,9.10456818342209,11.6599546074867,22.8583414852619,105.910723775625,88.9532297849655,129.732722461224,9.09727272391319,13.8502283096313,693.746194660664,0,923.508599132299,43.2903896570206,100.466693967581,179.014448016882,66.4837105870247,230.282034754753
0,0,0,0,0,0,0,0,0,0,0,0,0,0,0.462549179792404,0,0,0,0.551518857479095,0,0,0,0,0,0,0,0,0,0,0,0,0,0,0.871003448963165,0,2.36726063489914,17.6710615754128,8.94829380512238,17.628613203764,6.99527835845947,0,0,0.606760144233704,6.52989822626114,0,1.31293714046478,0,53.738116145134,0,1.61783909797668,0,0,0,0,0,0,0,0,0,0,0,0,0,0,0,0,0,19.2407349050045,0,0,2.92570608854294,11.8842648863792,2.71479764580727,2.43622404336929,26.4045072495937,9.87341579794884,57.4799799919128,83.3666449189186,0,0,0,1.09687566757202,0,0,0,0,0,0,0,0,132.951764553785,298.175967305899,183.966072678566,347.977540940046,593.356296539307,825.078658729792,754.130478590727,886.675213158131,61.1445888280869,173.992526262999,62.2476283311844,51.4410693049431,230.78875041008,375.0140850842,723.998761057854,907.407751649618,122.538531184196,56.7770848572254,475.998359948397,923.508599132299,0,754.354909747839,687.113760977983,696.592429161072,214.575790762901,427.466560930014
0,0,0,0,0,0,0,0,0,0,0,0,0,0,0,0,0,0,0,0,0,0,0,0,0,0,0,0,0,0,0,0,0,0,0,0,9.71543031930923,3.16472089290619,7.48009145259857,5.25702685117722,2.39358043670654,0,0,0,0,0,0,15.1284370422363,0,0,0,0,0,0,0,1.62217271327972,0,0,0,0,0,0,0,0,0,0,0,0,0,0,3.57469928264618,3.93802416324615,2.80635172128677,1.90022403001785,12.7375926077366,5.31295678019524,34.7855881154537,13.046095430851,0,0,0,0,0,0,0,0,0,0,0,0,91.4594269394875,126.346945643425,93.5088458955288,78.6427753269672,120.354490935802,54.6436733007431,398.64034602046,161.589304924011,264.632276087999,370.77373033762,24.377233684063,3.95626425743103,99.6508787274361,58.7812068760395,128.78133431077,104.927609562874,32.7656025290489,10.3543223142624,66.7546805143356,43.2903896570206,754.354909747839,0,284.025965809822,179.313207864761,24.406064838171,75.9720568060875
0,0,0,0,0,0,0,0,0,0,0,0,0,0,0,0,0,0,0,0,0,0,0,0,0,0,0,0,0,0,0,0,0,0,0,0,8.74503102898598,5.47029936313629,8.49179139733315,5.81696057319641,0.63278990983963,0,0,0,0,0,0,0.473096400499344,0,0,0,0,0,0,0,0,0,0,0,0,0,0,0,0,0,0,0,0,0,0,2.39965841174126,8.51998114585876,1.82463362812996,0.697089970111847,7.41685673594475,4.7745698094368,24.5557394623756,33.4140177667141,0,0,0,0,0,0,0,0,0,0,0,0,69.2435561418533,168.643694490194,250.623046338558,144.54478892684,79.5285924971104,53.1918633580208,192.022527068853,76.9047592580318,136.325376480818,475.783994615078,51.2221078872681,9.49558117985725,163.429975599051,128.804120004177,110.075518250465,141.122136503458,23.3856426179409,18.410352319479,128.69792586565,100.466693967581,687.113760977983,284.025965809822,0,398.595972955227,94.9170612692833,179.074852585793
0,0.935644954442978,0.46878907084465,0,0,0,0,0,0,0,0,0,0,0,0,0,0,0,0,0,0,0,0,0,0,0,0,0,0,0,0,0,0,0,0,0,2.13592970371246,0,2.5622593164444,0.583601653575897,0,0,0,0,0,0,0,0,0,0,0,0,0,0,0,0,0,0,0,0,0,0,0,0,0,0,0,0,0,0,1.60823410749435,3.6759540438652,1.03580760955811,1.84727191925049,4.08593609929085,6.43644616007805,21.6825973689556,37.4873672127724,0,0,0,0,0,0,0,0,0,0,0,0,15.4542251229286,13.0942512154579,98.7093495130539,45.0561204254627,67.768946647644,13.8742534816265,140.252196401358,13.8331061005592,6.40307787060738,6.6587470471859,40.2373510599136,18.5809554457664,740.862927675247,621.734162569046,190.501243174076,159.149439245462,12.565688431263,5.72003561258316,307.658267349005,179.014448016882,696.592429161072,179.313207864761,398.595972955227,0,471.791770279408,396.894516736269
0,0,0,0,0,0,0,0,0,0,0,0,0,0,0,0,0,0,0,0,0,0,0,0,0,0,0,0,0,0,0,0,0,0,0,0,3.70364543795586,1.51574435830116,7.21543988585472,0,0,0,0,0,0,0,0,0,0,0,0,0,0,0,0,0,0,0,0,0,0,0,0,0,0,0,0,0,0,0,0,7.75527819991112,0,0.785891532897949,3.87535482645035,6.34561762213707,16.3708862960339,42.0109603106976,0,0,0,0,0,0,0,0,0,0,0,0,22.2590211033821,79.9019451439381,8.64315387606621,128.702755510807,24.4316114783287,27.2477958798409,18.878863632679,8.5396953523159,4.61858755350113,13.0303042829037,7.82894334197044,29.1499921679497,379.836038798094,247.970801800489,1266.07188308239,972.120534747839,14.1883338689804,24.9659293591976,69.9539658725262,66.4837105870247,214.575790762901,24.406064838171,94.9170612692833,471.791770279408,0,147.133768320084
2.92949965596199,6.56778445839882,1.05110955238342,0.461756557226181,0,0,0.742808818817139,0.556676149368286,0,0,1.07317554950714,0,0.986423552036285,0,0,1.82270950078964,0,0,3.38559949398041,2.59198290109634,0,0,0,1.9976310133934,0,0,0,0,0,0,0,0.410930305719376,0,0.56267774105072,0,0,8.94707047939301,2.09266781806946,4.43067637085915,2.02568691968918,0,0,0,0.668471992015839,0,0,0,0.696484327316284,0.750284194946289,0.511809527873993,0,0,0,0,0,0,0,1.8761779665947,0,0,0,0,0,0,0,0,0,0,1.36625128984451,0,18.6328675448895,12.1571369767189,8.06587946414948,1.56434786319733,37.3629207015038,13.155054628849,120.725712269545,149.128117024899,0,0,0,0,0,0,0,0,0,0,0.522352457046509,0,35.5522595047951,79.6341163218021,37.8803866505623,105.245242923498,128.92273285985,21.9986066818237,42.7871174812317,7.2762531042099,2.84371542930603,7.98604083061218,27.5792683064938,16.8242030739784,80.5891016721725,133.495362013578,421.877817064524,471.208014369011,27.697580486536,31.266814738512,186.210101991892,230.282034754753,427.466560930014,75.9720568060875,179.074852585793,396.894516736269,147.133768320084,0
