0,82.8540314435959,4612.970926404,218.567999839783,2.03716197609901,0,5632.97818225622,82.6938388347626,11.211617231369,0,2328.46651139855,17.093732625246,1412.31294804811,1.10428947210312,11.6033110022545,0,693.000882357359,9.72919404506683,987.826223939657,559.85269266367,0,0,7.30118578672409,5.14391314983368,0,0,0,0,734.512893050909,0.930869400501251,6.19074511528015,6.32867503166199,16.197670519352,84.045681566,2.37681981921196,0.670390546321869,414.415352106094,0,44.0818008184433,0,1.52863395214081,0,0,0,2.6925430893898,0,1.15694117546082,0.895328998565674,23.0547631084919,0,253.311670124531,0,56.9837466478348,0,3.18984490633011,0,11055.9086132646,1.62160784006119,369.10314181447,0.773057281970978,1099.58682879806,0,362.937088340521,0,912.753309309483,0,130.862036943436,9.81069594621658,2401.94686290622,50.0860213637352,3299.44058272243,58.7493775188923,2839.84626314044,53.4979722797871,620.071195065975,6.6138998568058,4228.1452690661,143.764219284058,4.38971728086472,0,222.737684309483,0,9.2803675532341,0,710.92792391777,0,0,0,434.268631100655,0,0,0,0,0,114.173341155052,3.44091790914536,13.6394822001457,0,1.52510166168213,0,0,0,0,0,6.53341960906982,2.87133193016052,16.9675562381744,0,21.1953624486923,7.67759555578232,0,0,0,0,0.781202018260956,2.45311880111694
82.8540314435959,0,40.9377186000347,5466.44918632507,0,0,5.96641963720322,6496.49642604589,0,0,0,2560.31699553132,0,546.85677537322,0,44.7106676697731,1.74129444360733,955.165748476982,415.360103905201,2021.19539564848,0,0,1.23845386505127,12.6548998951912,0,0,0,0,4.69598335027695,78.5607031881809,12.5449783802032,4.41946876049042,97.6145870387554,97.7410000562668,11.1305651962757,0,2.68416678905487,77.2417993545532,0,53.5446992218494,0,0,0,0,0,0,1.51286494731903,28.9984685778618,0,2.89098858833313,0,62.9075351655483,0,0,0,0,5.31620994210243,11861.0925475359,2.14756160974503,129.492851048708,0,403.542103618383,0,110.372449249029,0,215.610679805279,28.0007931888103,92.7376767396927,427.049300938845,979.780679047108,52.8810655474663,1210.34918019176,8.70256960391998,2017.75070697069,2.93788546323776,457.188788533211,570.090178400278,4090.29191809893,0,1.94446170330048,0.90756767988205,6.45030385255814,0,0,0,204.40748873353,0,0,0,245.759397506714,0,0,0,0,12.8839845657349,57.5682727992535,1.63625621795654,0,0,0,0,0,0,0,1.89984834194183,10.32064011693,2.10427975654602,0.975427806377411,43.4677158892155,20.6257976293564,0,0,0,0,0,3.22780475020409
4612.970926404,40.9377186000347,0,570.563546687365,1298.06708753109,40.6524122953415,15932.0344162881,350.008276939392,483.315894126892,15.9795299768448,526.955395668745,37.6407421827316,755.541805922985,46.9872547984123,204.619734287262,5.19656705856323,204.68330681324,5.12348806858063,2534.1491740942,650.966407865286,5.58673518896103,0,3763.99114978313,1653.33764353395,189.305913448334,126.719943583012,9.56995061039925,16.0407943725586,552.326475203037,3.96205544471741,252.600126415491,337.821447789669,115.520169615746,202.579335987568,7.53924787044525,0.547889888286591,82.859482049942,0,6.20517200231552,0,0.651956498622894,0,2.96674090623856,0,0,0,8.37731790542603,0,0,0,9.31619602441788,0,1.03100895881653,0,0,0,199.454449832439,0,90.3879953622818,0,25.0100531578064,0,23.4533122777939,0,24.9110079407692,0,321.248335182667,10.6776021718979,526.049433410168,5.87773752212524,2347.78572666645,417.999776095152,1279.49138221145,122.524225175381,263.728654563427,22.5608297884464,1986.59491765499,123.148323744535,0,0,12.3999750614166,0,12.1201537251472,0,21.5364194512367,0,0,0,10.3720890879631,0,0,0,0,0,66.4627396762371,5.55909222364426,4.79717269539833,0,0,0,0,0,0,0,0.525762975215912,0,0.905800580978394,0,13.2194989323616,6.28859728574753,0,0,0,0,0,1.10369229316711
218.567999839783,5466.44918632507,570.563546687365,0,103.321858495474,900.315147936344,423.077642440796,16607.3097140789,98.2137814760208,582.350712746382,38.4696465134621,1122.59791702032,53.1164401471615,756.247516423464,32.6575447916985,191.825592756271,13.2591065168381,205.188001781702,1212.72107499838,4613.35965242982,1.14426535367966,2.85672402381897,575.713497728109,4973.64365100861,75.9141273200512,130.822515517473,9.98678141832352,27.3361632227898,73.3449992537498,52.1975439190865,144.865553557873,217.378202944994,149.501357287169,103.152559310198,4.64109200239182,2.32629686594009,1.42645883560181,55.1362540125847,2.87468647956848,2.76475006341934,0,6.88082635402679,0,0,0,0,0,31.0485189259052,0,16.5756821036339,0,104.028384745121,0,0,0,0.931344091892242,1.49879744648933,388.74712395668,0,176.835420995951,0,99.2863544821739,0,9.2889112830162,0,162.593645751476,8.46372565627098,239.088246047497,197.014393210411,82.9210180342197,627.259894698858,2056.72350695729,177.378513395786,1437.15454292297,24.9230280518532,340.832181870937,336.217766463757,2706.37579545379,0,0.675640225410461,0,2.36545646190643,1.8474223613739,0.475912004709244,0,46.691000431776,0,0,0,57.1046321988106,0,0,0,0,13.5507371425629,30.2377492785454,1.22120773792267,0,0,0,0,0,0,0,0,3.30956724286079,0,0,34.3010883331299,5.38549345731735,0,0,0,0,0,1.78948241472244
2.03716197609901,0,1298.06708753109,103.321858495474,0,78.1180954873562,442.538616508245,7.50205165147781,1915.64310693741,19.8660859763622,1.58599403500557,0,21.708234667778,0,2221.82997718453,10.8114712536335,0,0,3.9874849319458,0,284.281165599823,35.3963575363159,289.316127449274,377.525413751602,362.824979871511,411.142035454512,1081.37645557523,118.266783714294,880.029830247164,0,204.505328148603,87.3093054294586,22.3513137996197,4.66180562973022,2.43862694501877,0,19.8250108957291,2.22894787788391,2.70776546001434,0,99.5128316879272,1.15509366989136,0,0,0,0,2.06510400772095,0,0.838393270969391,0,0,0,0,0,1.24095833301544,0,0,0,0,0,0,0,0,0,0,0,0,0,0.34280389547348,0,1121.19916465878,88.6804137527943,890.86767911911,11.5701947808266,13.1707361638546,0,43.1244516968727,0,0,0,0,0,16.9692358374596,0,7.62157660722733,0,17.2334375679493,0,2.65145206451416,0,0,0,0,0,0,0,0,0,0,0,0,0,0,0,0,0,0,0,0,0,0,0,0,0,0,0
0,0,40.6524122953415,900.315147936344,78.1180954873562,0,2.86629462242126,251.920474797487,25.9086446762085,2350.99831733108,0,0,1.93440210819244,15.0313285887241,15.635656774044,1727.22096467018,0,0,0,0,9.62548398971558,152.375339269638,83.1990213692188,91.134647756815,80.602567076683,825.086731821299,80.7875017225742,1363.29060798883,1.1022287607193,191.387327253819,39.0614213943481,28.7700806856155,2.43561559915543,0,0,0,0,10.2398366332054,0,2.69574505090714,0,246.493227511644,0,0.70513641834259,0,0,0,0,0,0,0,0,0,0,0,0.761798560619354,0,0,0,0,0,0,0,0,0,0,0,0,0,0,120.40932688117,701.687344044447,11.375108063221,924.324782729149,0,21.9150869548321,0,16.083488792181,0,0,0,2.08009576797485,0,77.7892493903637,0,4.06898087263107,0,17.5293489992619,0,4.05480921268463,0,0,0,0,0,0.668457806110382,0,0,0,0,0,0,0,0,0,0,0,0,0.595792651176453,0,0,0,0,0,0,0
5632.97818225622,5.96641963720322,15932.0344162881,423.077642440796,442.538616508245,2.86629462242126,0,383.207636922598,1080.66970226169,2.01823991537094,947.461204826832,60.9835048615932,3327.71101155877,54.6978334188461,200.752041786909,2.0296648144722,51.3771145045757,2.65264022350311,856.499169111252,638.324794203043,0,0,1244.03845387697,1387.16323560476,4.44639909267426,4.8139545917511,0,1.98462164402008,284.565041989088,5.29359585046768,159.614499151707,307.029148221016,74.8684044480324,163.32020765543,7.27118945121765,0,23.0481011271477,0,0,0,0.570575177669525,0,4.90056908130646,0,0.700146675109863,0,10.3139833211899,0,37.0571711659431,0,238.173916101456,0,16.5802190899849,0,2.7655131816864,0,369.779827773571,0,231.577525377274,0,276.537628650665,0,46.1508585810661,0,377.877874702215,0,70.9882339835167,0.710512816905975,122.17309525609,0.451463520526886,4069.5832734704,499.084581494331,451.567353993654,107.060387223959,103.994667381048,19.2198805212975,740.220322459936,96.3867385983467,1.69987881183624,0,19.1321026086807,0,4.67256933450699,0,110.736874639988,0,0,0,50.13731777668,0,0,0,0,0,20.7581131756306,0,0.923376262187958,0,0,0,0,0,0,0,0,0,0,0,0,0.959835886955261,0,0,0,0,0,0
82.6938388347626,6496.49642604589,350.008276939392,16607.3097140789,7.50205165147781,251.920474797487,383.207636922598,0,9.60088968276978,588.761702299118,12.9071121811867,2536.52972200513,62.6387387514114,3179.13806027174,4.46042346954346,198.559102147818,1.80952328443527,63.3334029316902,524.580982893705,732.074385762215,0,0,426.965378731489,1754.70132920146,0,29.2212581038475,0,3.33587503433228,41.1172653734684,27.802326977253,86.3899572491646,83.6278689801693,61.9871702492237,53.9383448660374,2.60283672809601,3.92746526002884,5.87632828950882,22.3523600101471,0.887603998184204,0,0,0,0,0,0,2.29145246744156,0,15.3065222203732,0,13.9669822156429,0,84.2827069759369,0,0,0,0,0.401693791151047,566.707234174013,0,57.9582704007626,0,295.633464396,0,57.5916931629181,0,167.117848873138,2.22459524869919,37.1511571109295,76.3588452637196,68.5554891526699,520.648557633162,2906.08545094728,86.7528827488422,591.079481244087,7.42027312517166,169.702437728643,178.691707611084,1356.86369267106,0,6.35978776216507,0,8.56170895695686,0,0,0,144.994942128658,0,0,0,140.270605415106,0,0,0,0,1.74388587474823,10.317762285471,0,0,0,0,0,0,0,0,0,2.12535899877548,0,0,13.8692314326763,2.80067622661591,0,0,0,0,0,2.82045048475266
11.211617231369,0,483.315894126892,98.2137814760208,1915.64310693741,25.9086446762085,1080.66970226169,9.60088968276978,0,6.90639686584473,11.8686461448669,0,341.907201081514,1.31384289264679,2521.02595502138,4.08057916164398,0.505094766616821,0,7.79524984955788,0,19.6457259058952,1.5981850028038,253.771896183491,223.061872124672,103.677331805229,102.752261579037,93.4736513495445,16.7348221540451,211.681519627571,0,122.894865065813,55.5872414708138,6.67019799351692,2.72385770082474,1.11980044841766,0,6.95021736621857,0,0,0,8.24099200963974,0,0,0,0,0,1.32984673976898,0,0,0,0,0,0,0,0,0,0,0,0,0,0,0,0,0,0,0,0,0,0,0,937.16005307436,40.1264413893223,744.360024333,6.22561758756638,40.3140713572502,0,85.2707012295723,0,0,0,0,0,3.05085581541061,0,1.04868900775909,0,0,0,1.14113926887512,0,0,0,0,0,0.84356877207756,0,0,0,0,0,0,0,0,0,0,0,0,0,0,0,0,0,0,0,0,0
0,0,15.9795299768448,582.350712746382,19.8660859763622,2350.99831733108,2.01823991537094,588.761702299118,6.90639686584473,0,0,3.03059041500092,4.04728865623474,122.872699797153,7.08203172683716,2323.30688491464,0,1.58954179286957,0,0.694941997528076,1.3326388001442,24.7062384784222,21.7674244642258,76.8125516474247,13.4246129393578,206.823016405106,17.0887418985367,292.878646612167,0.717338979244232,57.7884081304073,3.37386184930801,19.4825337529182,0,0,0,0,0,3.9702308177948,0,1.8234561085701,0,74.043357282877,0,0,0,0,0,1.99186906218529,0,0,0,0,0,0,0,0,0,0,0,0,0,0,0,0,0,0,0,0,0,0,39.0573745667934,585.01965624094,0.768071174621582,644.692092746496,0,26.0936121940613,0,34.6055501401424,0,0,0,0,0,9.04678559303284,0,0.82848197221756,0,8.04161247611046,0,0,0,0,0,0,0,0,0,0,0,0,0,0,0,0,0,0,0,0,0,0,0,0,0,0,0,0
2328.46651139855,0,526.955395668745,38.4696465134621,1.58599403500557,0,947.461204826832,12.9071121811867,11.8686461448669,0,0,4.20836597681046,2156.64684233069,0,30.3725454807281,0,724.452610045671,0,615.97834160924,106.795798778534,0,0,66.6381991505623,26.0352810025215,0,0,0,0,1192.49937903881,0,28.8561058938503,29.1690360307693,29.0805682241917,26.4160726666451,3.32613301277161,0.799125671386719,16.7864276766777,0,0,0,0,0,0,0,0,0,3.12300276756287,0,0,0,14.893647313118,0,14.9131661057472,0,0,0,137.683123171329,0,21.4914594888687,0,313.361637234688,0,416.823397278786,0,96.5917354226112,0,14.2116990685463,0,53.1578784883022,0,568.176339477301,37.6045143604279,478.14591935277,8.94100666046143,49.6432645320892,0.638551533222198,328.815033823252,7.79571753740311,11.1142259836197,0,578.866324663162,0,27.4461399316788,0,669.855884432793,0,0,0,386.589121758938,0,0,0,0,0,6.86558699607849,0,2.56778788566589,0,0,0,0,0,0,0,4.33951115608215,1.08417820930481,0,0,5.26118838787079,0.762101113796234,0,0,0,0,0,1.44934272766113
17.093732625246,2560.31699553132,37.6407421827316,1122.59791702032,0,0,60.9835048615932,2536.52972200513,0,3.03059041500092,4.20836597681046,0,0.916033625602722,2351.59286379814,0,83.3991130590439,0,927.199273943901,171.975564807653,868.016505867243,0,0,36.2388337254524,145.668989539146,0,1.78125435113907,0,0,3.42665070295334,636.229313790798,26.724588394165,40.2869443297386,26.3224864006042,96.20027166605,0,0,0,9.71673023700714,1.11372673511505,1.91780567169189,0,1.07038450241089,0,0,0,0,0,3.39285868406296,0,0,0,15.7519112229347,0,0,0,0.970056891441345,0,404.86094635725,0,52.0424987673759,0,777.509432554245,0,445.29258877039,0,178.563252955675,0,43.7090255618095,0.605301380157471,41.9449323713779,120.35008263588,1107.99827572703,12.6050555706024,1294.02240031958,1.68984079360962,51.8323948979378,31.4056920707226,481.263845860958,0,3.52180534601212,0,52.371250808239,0,0,0,366.737923026085,0,0,0,128.220097959042,0,0,0,0,0,5.16587978601456,1.08457744121552,0,0,0,0,0,0,0,0,1.22255730628967,0,0,5.30027890205383,1.04576897621155,0,0,0,0,0,1.22597515583038
1412.31294804811,0,755.541805922985,53.1164401471615,21.708234667778,1.93440210819244,3327.71101155877,62.6387387514114,341.907201081514,4.04728865623474,2156.64684233069,0.916033625602722,0,5.83066946268082,2518.45519578457,0,107.477202892303,0,578.903892666101,53.568331182003,0,0,404.676189512014,263.539523124695,0.51686429977417,1.58981370925903,0,0,2674.54251050949,1.69984543323517,80.2753538489342,106.609104216099,45.6103733181953,38.8880974650383,0,0,35.0849976539612,0,1.08680820465088,0,0.771775960922241,0,0,0,0,0,6.13765281438828,0,0,0,10.6586062908173,0,5.72294938564301,0,0,0,37.0183252990246,0,9.90461152791977,0,144.363434135914,0,179.255175441504,0,84.925052344799,0,11.4672502875328,0,27.3848060369492,0,2281.77946785092,94.2653545439243,1322.2726983428,12.1533243656158,220.826393038034,2.7702693939209,939.781182676554,3.48870277404785,1.45137697458267,0,219.4511474967,0,6.32363939285278,0,255.238713562489,0,0,0,136.243630766869,0,0,0,0,0,17.3376025557518,1.35260224342346,1.47838032245636,0,0,0,0,0,0,0,0.452195852994919,0.90146279335022,0.44080376625061,0,13.1753745079041,1.07097375392914,0,0,0,0,0,0.62576824426651
1.10428947210312,546.85677537322,46.9872547984123,756.247516423464,0,15.0313285887241,54.6978334188461,3179.13806027174,1.31384289264679,122.872699797153,0,2351.59286379814,5.83066946268082,0,0,2448.34069821239,0,234.559634894133,29.31073564291,321.178897619247,0,0,100.065980017185,486.111916303635,0,5.06986936926842,0,2.99974495172501,8.01407897472382,914.988561451435,19.6035704016685,40.9195107221603,9.72714495658875,47.9374653100967,0,0,2.15440726280212,25.1918404698372,0,2.69833540916443,0,10.1520939469337,0,0,0,0,0,10.186157733202,0,0,0,4.51615792512894,0,0,0,0,0,225.004476964474,0,9.97802883386612,0,351.864158928394,0,364.95355796814,0,28.9364418983459,0,4.1013435125351,0,36.784587264061,119.106473654509,2310.18803068995,7.87022012472153,2250.36370846629,0,294.566572636366,15.5341712534428,989.323173284531,0,4.21573209762573,0,66.0556272268295,0,0,0,101.213642835617,0,0.857673645019531,0,15.1196188926697,0,0,0,0,0.671624422073364,10.2398155033588,0,0,0,0,0,0,0,0,0,0,0,0.549373030662537,13.5635296404362,3.91891980171204,0,0,0,0,0,0
11.6033110022545,0,204.619734287262,32.6575447916985,2221.82997718453,15.635656774044,200.752041786909,4.46042346954346,2521.02595502138,7.08203172683716,30.3725454807281,0,2518.45519578457,0,0,3.63511425256729,6.62057295441628,0,27.2290583252907,0,118.989047259092,19.691732943058,209.036254525185,102.683508127928,205.860581964254,122.625302553177,706.922720223665,45.854297965765,3164.51932814717,0,214.507074415684,60.8205617070198,22.0578528344631,1.88438901305199,1.286097407341,0,21.6813673377037,0,0.927923619747162,0,52.0078536868095,1.56829446554184,0,0,0,0,7.34067535400391,0,0,0,0,0,0,0,0,0,0.621723294258118,0,0,0,0,0,0,0,0,0,3.68417781591415,0,0,0,1534.86640736461,39.1449267864227,2558.42393985391,6.72123485803604,154.057273745537,0,407.153235018253,0,0,0,12.5062678456306,0,31.8381253480911,0,21.9150228500366,0,14.7606919109821,0,9.95420283079147,0.73228257894516,0,0,0,0,9.48786106705666,0.733950853347778,0,0,0,0,0,0,0,0,0,0,0,0,1.49748182296753,0.547509372234344,0,0,0,0,0,0
0,44.7106676697731,5.19656705856323,191.825592756271,10.8114712536335,1727.22096467018,2.0296648144722,198.559102147818,4.08057916164398,2323.30688491464,0,83.3991130590439,0,2448.34069821239,3.63511425256729,0,0,60.2598918676376,0,13.63968116045,3.66612845659256,88.2714438736439,15.2201390564442,95.6831424832344,7.79527220129967,284.412002086639,27.3179932236671,622.892773270607,0.910676181316376,1973.95525890589,10.9520765244961,21.7552927136421,0,6.41110783815384,0,0,0,19.753715634346,0,2.19799947738647,0,347.62492737174,0,0,0,0,0,1.06434535980225,0,0,0,0,0,0,0,0.550452172756195,0,28.1082637906075,0,0,0,2.85847342014313,0,17.1196163892746,0,0,0,0,0,3.52493810653687,33.3771010637283,1294.69111570716,1.66004931926727,3875.11045154929,0,179.80648624897,2.10524988174438,219.92745578289,0,0.781826674938202,0,15.0388734042645,0,78.3150927722454,0,13.1816565394402,0,25.2475595772266,0,7.97071611881256,0,0,0,0,0,0,0,0,0,0,0,0,0,0,1.33283019065857,0,0,0,1.03036466240883,0,0,0,0,0,0,0.665570318698883
693.000882357359,1.74129444360733,204.68330681324,13.2591065168381,0,0,51.3771145045757,1.80952328443527,0.505094766616821,0,724.452610045671,0,107.477202892303,0,6.62057295441628,0,0,0,244.861621767282,31.6600062251091,0,0,4.35226035118103,2.30298495292664,0,0,0,0,3603.55568876863,0,4.41312998533249,1.7601689696312,7.16110271215439,19.7149651646614,13.6308370828629,3.53801131248474,24.6034328341484,14.4112329483032,9.54310345649719,0,1.73773539066315,0,5.64077842235565,0.540833950042725,7.03585636615753,0.737681865692139,6.52288830280304,1.65232539176941,26.4277455210686,0,39.8824772238731,0,11.8902973532677,0,10.6333080530167,0,2054.35389783978,8.17789697647095,53.0887779593468,2.72690176963806,358.408261537552,0.994559705257416,1341.83012717962,0,25.2000088095665,0,28.8549278974533,33.8501870632172,28.4977214634418,0,141.930587857962,4.17102420330048,719.256721407175,8.4425932765007,75.6847656369209,0.951859176158905,194.013059437275,14.5691395998001,273.49466329813,0,2003.05236208439,6.44615936279297,43.2889251708984,0,320.854964822531,0,2.18433108925819,0,179.335539996624,0,0,0,0,0,13.3935029506683,1.58821070194244,3.79068857431412,0,0,0,0,0,0,0,0,1.41928124427795,1.29564416408539,0,2.51162004470825,4.94713532924652,0,0,0,0,0,0
9.72919404506683,955.165748476982,5.12348806858063,205.188001781702,0,0,2.65264022350311,63.3334029316902,0,1.58954179286957,0,927.199273943901,0,234.559634894133,0,60.2598918676376,0,0,70.2956057786942,227.78927564621,0,0,0,6.59294980764389,0,0,0,0,0,2550.64633780718,7.22459962964058,6.08192920684814,6.46338161826134,64.6751481592655,1.21645951271057,4.80736130475998,0,14.934015750885,0,7.36100113391876,0,0,0,0,0,0,0,3.84233248233795,0,0.630951106548309,0,5.29831725358963,0,0,0,0,0,2436.12455871701,0,59.2964673340321,0,490.451816618443,0,1734.82585024834,0,27.6791756153107,1.25634467601776,40.6984460353851,0.965449541807175,35.7396306991577,11.8420308530331,145.067581862211,4.05868113040924,2259.62874171138,0,100.635595798492,30.6165469288826,407.975302994251,0,213.159616619349,0,548.642425686121,0,5.24022364616394,0,135.812001377344,0,1.65024268627167,0,38.442148566246,0,0,0,0,1.93844974040985,10.8098034858704,0,0,0,0,0,0,0,0,0,2.37587416172028,0,1.42774343490601,2.43887013196945,5.29878914356232,0,0,0,0,0,0
987.826223939657,415.360103905201,2534.1491740942,1212.72107499838,3.9874849319458,0,856.499169111252,524.580982893705,7.79524984955788,0,615.97834160924,171.975564807653,578.903892666101,29.31073564291,27.2290583252907,0,244.861621767282,70.2956057786942,0,4181.22633197904,0,0,2664.77303850651,613.371150106192,0,0,0,0,534.513152092695,10.0726845860481,468.081399351358,449.449592083693,2225.00894069672,1140.84979194403,17.3111279010773,0.939956486225128,112.891352593899,2.05913996696472,2.22639656066895,0,1.08874309062958,0,35.0509669184685,0,12.8279790580273,0,17.8641507327557,3.23737448453903,1.87614858150482,0,5.22485893964767,0,0.891042709350586,0,0,0,145.443058371544,8.57235664129257,80.6558998525143,7.72269952297211,22.1702019870281,0,29.3265807330608,0,20.3281214535236,0,1349.61965060234,59.2589190304279,2583.7415997982,89.4357813596725,1454.58381614089,446.582394242287,812.373644351959,437.654035955667,269.246324419975,92.4995954930782,2065.22125738859,1071.47037750483,0,0,15.7505615651608,0,21.2457680702209,0,18.6450877189636,0,0,0,3.84478360414505,0,0,0,0,0,74.1579732000828,5.06146103143692,2.34225589036942,0,0,0,0,0,0,0,1.6707601249218,0,3.38775682449341,0,22.6916124820709,7.59266167879105,0,0,0,0,0,0.546121656894684
559.85269266367,2021.19539564848,650.966407865286,4613.35965242982,0,0,638.324794203043,732.074385762215,0,0.694941997528076,106.795798778534,868.016505867243,53.568331182003,321.178897619247,0,13.63968116045,31.6600062251091,227.78927564621,4181.22633197904,0,0,0,218.327001690865,2058.59322690964,0,0.451712042093277,0,0,159.588857352734,38.9223745465279,214.797811388969,492.693426221609,1005.45130315423,6834.73510479927,4.47296476364136,5.36986774206161,4.38974899053574,58.7116230130196,0,9.46365433931351,0,0,0,1.90746641159058,0,1.76537790894508,0,22.9633975028992,0,0,0,0,0,0,0,0,2.02024382352829,562.477209806442,0.612147510051727,292.152319610119,0,15.3163519501686,0,4.12951076030731,0,1.64811837673187,116.389291405678,1046.93766596913,1338.17206063867,2504.15636345744,659.894633889198,723.803946912289,221.79425483942,823.953444600105,68.5444470643997,287.121321320534,893.228696376085,2715.97065478563,0,0,0,0,2.99655884504318,0,0,2.84479403495789,0,0,0,0,0,0,0,0,14.151981651783,29.5840718448162,0.498373866081238,0,0,0,0,0,0,0,1.18631744384766,3.91512495279312,0,0,34.0459911823273,5.96646350622177,0,0,0,0,0,3.3853964805603
0,0,5.58673518896103,1.14426535367966,284.281165599823,9.62548398971558,0,0,19.6457259058952,1.3326388001442,0,0,0,0,118.989047259092,3.66612845659256,0,0,0,0,0,42.9899497628212,56.0390157401562,11.1167474091053,228.994565069675,62.4439434707165,883.809649318457,75.0568269193172,124.033782720566,0.919099867343903,618.619866997004,49.8732970356941,78.9571433067322,2.22888797521591,16.8403917551041,1.1350564956665,18.6874604225159,16.1590045690536,4.1711323261261,0.940807163715363,59.8751550912857,25.1815322637558,0,0.661012351512909,0,0,2.76840138435364,0.559953927993774,0,0,0,0,0,0,1.60589218139648,0.896701157093048,0,0,0,0,0,0,0,0,0,0,7.2628093957901,1.05589294433594,0,0,795.961463183165,38.8669024705887,162.968269765377,4.17980855703354,21.5806633234024,18.2503021359444,8.34473478794098,6.2736331820488,0,0,0,0,1.505231320858,1.44225531816483,0.682799339294434,0,5.32646113634109,3.00760698318481,4.72708839178085,8.40440475940704,0,0,0,0,0,0,0,0,0,0,0,0,0,0,0,0,0,0,0,0,0,0,0,0,0,0
0,0,0,2.85672402381897,35.3963575363159,152.375339269638,0,0,1.5981850028038,24.7062384784222,0,0,0,0,19.691732943058,88.2714438736439,0,0,0,0,42.9899497628212,0,7.27604058384895,35.098443120718,18.2043381333351,554.356582045555,187.132963627577,1507.07199516892,2.37215203046799,81.5416733026505,84.5041882991791,900.043678581715,8.19820618629456,43.0113404691219,2.27098327875137,6.16111493110657,12.5897752046585,73.2067048549652,5.2069286108017,5.38657414913177,3.98892748355865,319.660617172718,0,0,0,0,0,0,0,1.63554358482361,0,0,0,0,0,0,0,0,0,0,0,0,0,0,0,0,0,5.12642878293991,0,0,110.102825552225,537.31240940094,8.17823928594589,294.132017374039,1.20225501060486,55.1960709691048,0.956073343753815,0.795554459095001,0,0,0,0.801042377948761,0,91.2152551710606,0,3.07952290773392,0.588659703731537,6.73549067974091,0,1.86990690231323,0,0,0,0,0.431492120027542,1.25232815742493,0,0,0,0,0,0,0,0,0,0,0,0,0,0,0,0,0,0,0,0
7.30118578672409,1.23845386505127,3763.99114978313,575.713497728109,289.316127449274,83.1990213692188,1244.03845387697,426.965378731489,253.771896183491,21.7674244642258,66.6381991505623,36.2388337254524,404.676189512014,100.065980017185,209.036254525185,15.2201390564442,4.35226035118103,0,2664.77303850651,218.327001690865,56.0390157401562,7.27604058384895,0,3989.03794419765,1002.22791689634,550.402794539928,239.069887936115,60.4965329766273,201.162419646978,2.40928792953491,5904.96925652027,1592.07833689451,1949.13466247916,365.738933712244,256.308426767588,0.493073493242264,6.68942528963089,2.142582654953,0,0,0.480146169662476,0.517140626907349,81.8412888050079,0,8.27465632557869,0,19.1950442194939,0,0,0,0,0,0,0,0,0,2.35137408971786,0,0,0,0,0,0.861915469169617,0,0,0,489.711453765631,2.41778510808945,15.5556353330612,0,1818.56262487173,619.756257653236,492.220602273941,129.153580248356,64.2074866592884,14.4713732600212,324.998207956553,68.9326942265034,0,0,0.906583845615387,0,0.718614459037781,0,0,0,0,0,0.835760772228241,0,0,0,0,0,3.82822704315186,0,0,0,0,0,0,0,0,0,0,0,0,0,0.973058104515076,0,0,0,0,0,0,0
5.14391314983368,12.6548998951912,1653.33764353395,4973.64365100861,377.525413751602,91.134647756815,1387.16323560476,1754.70132920146,223.061872124672,76.8125516474247,26.0352810025215,145.668989539146,263.539523124695,486.111916303635,102.683508127928,95.6831424832344,2.30298495292664,6.59294980764389,613.371150106192,2058.59322690964,11.1167474091053,35.098443120718,3989.03794419765,0,400.712717235088,1519.15129244328,122.986494630575,98.2279306650162,137.919158577919,16.7068148851395,787.719166278839,3098.94684273005,198.636446356773,2047.70721811056,0.960431754589081,58.3897376656532,0,22.8260822296143,0,1.84388053417206,0,6.83550477027893,0,4.06162339448929,0,0.655378937721252,0,34.7170271575451,0,0,0,0,0,0,0,0,0,3.92420500516891,0,4.92843627929688,0,0,0,0,0,0,0.570077836513519,345.33984798193,0,44.4131914079189,1608.89144995809,1888.6770824194,440.340308845043,696.16292116046,30.152524471283,206.531499654055,90.7334226369858,993.78428119421,0,0,0,2.04212188720703,0,1.58597135543823,0,0,0,0,0,0,0,0,0,0,1.69472843408585,1.88285678625107,0,0,0,0,0,0,0,0,0,0,0,0,9.54304614663124,2.9320564866066,0,0,0,0,0,0
0,0,189.305913448334,75.9141273200512,362.824979871511,80.602567076683,4.44639909267426,0,103.677331805229,13.4246129393578,0,0,0.51686429977417,0,205.860581964254,7.79527220129967,0,0,0,0,228.994565069675,18.2043381333351,1002.22791689634,400.712717235088,0,922.395567685366,1344.04344546795,135.225008010864,47.894181907177,0,1038.85669592023,158.725236624479,51.1408358812332,4.32128369808197,2.28932076692581,0,0.566819071769714,0,0,0,6.54588460922241,3.03136849403381,2.13850855827332,0,0,0,0,0,0,0,0,0,0,0,0,0,0,0,0,0,0,0,0,0,0,0,0,0,0,0,612.453881859779,92.2730707526207,246.157492786646,9.68250834941864,4.50834754109383,0,6.30363208055496,0,0,0,0.480634838342667,0,1.5387961268425,0.539639711380005,0,0,0,0,0,0,0,0,0,0,0,0,0,0,0,0,0,0,0,0,0,0,0,0,0,0,0,0,0,0,0,0
0,0,126.719943583012,130.822515517473,411.142035454512,825.086731821299,4.8139545917511,29.2212581038475,102.752261579037,206.823016405106,0,1.78125435113907,1.58981370925903,5.06986936926842,122.625302553177,284.412002086639,0,0,0,0.451712042093277,62.4439434707165,554.356582045555,550.402794539928,1519.15129244328,922.395567685366,0,835.744882434607,1606.95550623536,17.6608607172966,20.3105977773666,610.642619758844,1068.83246201277,3.84067863225937,53.6840324699879,0,7.80748844146729,0,3.06510186195374,0,0.526323854923248,0,76.5833336114883,0,0.555425345897675,0,0,0,1.2426598072052,0,0,0,0,0,0,0,0,0,0,0,0,0,0,0,0,0,0,0,11.5529987812042,0,0,610.843194037676,788.623856991529,60.8356679677963,399.039875745773,2.06460565328598,9.60941308736801,0,6.46918001770973,0,0,0,0,0,19.502053797245,0,0.896227419376373,0,6.3743639588356,0,1.21793985366821,0,0,0,0,0,0,0,0,0,0,0,0,0,0,0,0,0,0,0,0,0,0,0,0,0,0
0,0,9.56995061039925,9.98678141832352,1081.37645557523,80.7875017225742,0,0,93.4736513495445,17.0887418985367,0,0,0,0,706.922720223665,27.3179932236671,0,0,0,0,883.809649318457,187.132963627577,239.069887936115,122.986494630575,1344.04344546795,835.744882434607,0,599.509368538857,112.329691916704,4.22640192508698,918.216158300638,220.009979307652,128.560994237661,15.3078666627407,22.9671432971954,1.24832880496979,160.487026870251,53.8414304852486,18.3314836025238,1.22210323810577,28.6238614320755,11.9968943595886,0,0,0,0,1.73038733005524,1.7522411942482,1.43162167072296,0,0,0,0,0,0,0,0,0,0,0.781106889247894,0,0,0,0,0,0,12.2375851273537,0,0,0,759.448377996683,134.331345766783,216.587330818176,27.7292350530624,8.13024175167084,2.77407908439636,5.49535316228867,3.51909422874451,0,0,0,0,2.06845676898956,3.51065814495087,3.59481018781662,0,0,0,0,0,0,1.33372581005096,0,0,0.546864628791809,0,0,0,0,0,0,0,0,1.49461495876312,0,0,0,0,0,0.6488116979599,0,0,0,0,0,0
0,0,16.0407943725586,27.3361632227898,118.266783714294,1363.29060798883,1.98462164402008,3.33587503433228,16.7348221540451,292.878646612167,0,0,0,2.99974495172501,45.854297965765,622.892773270607,0,0,0,0,75.0568269193172,1507.07199516892,60.4965329766273,98.2279306650162,135.225008010864,1606.95550623536,599.509368538857,0,7.13064426183701,81.3192855119705,127.495141029358,198.571054160595,1.02883386611938,29.6918857693672,0,2.74833607673645,60.9435042738914,111.392662405968,18.8967990875244,4.68427860736847,12.4942911863327,378.436316370964,0,0.706242740154266,0,0,0,3.24960768222809,0,0,0,0,0,0,0,1.53953367471695,0,0,0,0,0,0,0,0,0,0,0,3.57417744398117,0,0,241.70074185729,775.65115454793,5.70986950397491,613.527380138636,6.58834463357925,5.37645155191422,5.06584692001343,8.00471156835556,0,0,0,0.979458510875702,1.00650072097778,107.151589125395,0,3.73519977927208,0,19.9009159505367,1.05036962032318,2.21870142221451,0,0,0,0,0,0.588838577270508,0,0,0,0,0,0,0,0,0,0.84711629152298,0,0,0,0,0,0,0,0,0,0
734.512893050909,4.69598335027695,552.326475203037,73.3449992537498,880.029830247164,1.1022287607193,284.565041989088,41.1172653734684,211.681519627571,0.717338979244232,1192.49937903881,3.42665070295334,2674.54251050949,8.01407897472382,3164.51932814717,0.910676181316376,3603.55568876863,0,534.513152092695,159.588857352734,124.033782720566,2.37215203046799,201.162419646978,137.919158577919,47.894181907177,17.6608607172966,112.329691916704,7.13064426183701,0,1.14206159114838,86.5968956947327,70.236043214798,27.7911216616631,31.7358337640762,37.5705073475838,32.0441751480103,208.912546545267,12.7549743056297,28.4922412335873,0,367.13543599844,1.11203849315643,232.895720332861,0,63.3059143722057,0,414.603655666113,4.22940862178802,203.226193636656,0,282.300256192684,0,60.0013073980808,0,112.109713345766,0,1187.71022325754,2.70084249973297,268.671991199255,1.94394338130951,241.391665905714,0,816.574756652117,0,78.5843269228935,0,176.015142977238,28.5021992921829,151.246672213078,2.15787661075592,836.286378920078,53.9277521669865,2472.88432750106,11.5797561407089,124.380329608917,0,650.581709384918,31.7290360927582,352.128995299339,0,2199.61870348454,0,1058.20645993948,0,669.263781487942,0,448.021824151278,0,327.285608112812,0,18.9552994966507,0,0,0,21.4233741462231,2.22015428543091,5.48130905628204,1.79330229759216,30.5638893246651,0,0,0,0,0,5.6384688615799,6.17343950271606,3.80713719129562,0,2.68299108743668,4.00445812940598,0,0,0,0,0.550177216529846,0
0.930869400501251,78.5607031881809,3.96205544471741,52.1975439190865,0,191.387327253819,5.29359585046768,27.802326977253,0,57.7884081304073,0,636.229313790798,1.69984543323517,914.988561451435,0,1973.95525890589,0,2550.64633780718,10.0726845860481,38.9223745465279,0.919099867343903,81.5416733026505,2.40928792953491,16.7068148851395,0,20.3105977773666,4.22640192508698,81.3192855119705,1.14206159114838,0,3.34759104251862,5.52579316496849,3.49061810970306,9.60988885164261,9.3714000582695,1.83355635404587,0,96.756987631321,0,25.9077254533768,0,323.380060434341,4.44765728712082,31.753612101078,1.80987238883972,34.4013521075249,0,26.6092652380466,0,51.2359858751297,0,37.1665156781673,0,3.27117317914963,0,5.03650265932083,2.29387545585632,213.658991575241,1.19805192947388,56.8485790491104,0,94.4673924446106,0,449.852538853884,0,23.8278663754463,6.74858063459396,79.9981417357922,5.33099925518036,12.379505366087,5.50791501998901,118.482936739922,1.08799934387207,4561.72702670097,0,31.4113477468491,12.0503984093666,75.6622353494167,0,443.332924664021,0,916.534536719322,0,1095.19212055206,0,147.691404283047,0,103.897842228413,0,51.6082894206047,0,0,0,0,0,3.83426082134247,0,0,0,0,0,0,0,1.17837524414062,0,1.64001470804214,0,0,0.752571105957031,0,1.87414574623108,0,0,0,0,0.871260821819305
6.19074511528015,12.5449783802032,252.600126415491,144.865553557873,204.505328148603,39.0614213943481,159.614499151707,86.3899572491646,122.894865065813,3.37386184930801,28.8561058938503,26.724588394165,80.2753538489342,19.6035704016685,214.507074415684,10.9520765244961,4.41312998533249,7.22459962964058,468.081399351358,214.797811388969,618.619866997004,84.5041882991791,5904.96925652027,787.719166278839,1038.85669592023,610.642619758844,918.216158300638,127.495141029358,86.5968956947327,3.34759104251862,0,636.719633042812,1544.71100956202,156.798196136951,269.338508844376,4.40824842453003,6.49912595748901,0,1.46552956104279,1.15822315216064,1.03706097602844,2.81779557466507,134.841533094645,0,42.6780334711075,0,36.9321429729462,1.21172893047333,1.08190035820007,0,0,0,0,0,0,0,1.17516469955444,2.18385344743729,7.00344008207321,0.547219336032867,0,0.566199719905853,0,0,1.10996675491333,0,712.568963438272,8.14489668607712,20.7839384078979,3.91423773765564,1182.3392226696,170.634352773428,177.640724509954,59.6051874160767,20.9709525108337,9.08406257629395,129.400645852089,107.348626077175,0,0,1.74354767799377,0,0,0,2.92271494865417,0.521212458610535,0,0,0,0,0,0,0,0,3.11210003495216,0.690047681331635,0,0,0,0,0,0,0,0,1.9587031006813,1.15583729743958,0,0,0.921879947185516,0.644967019557953,0,0,0,0,0,0
6.32867503166199,4.41946876049042,337.821447789669,217.378202944994,87.3093054294586,28.7700806856155,307.029148221016,83.6278689801693,55.5872414708138,19.4825337529182,29.1690360307693,40.2869443297386,106.609104216099,40.9195107221603,60.8205617070198,21.7552927136421,1.7601689696312,6.08192920684814,449.449592083693,492.693426221609,49.8732970356941,900.043678581715,1592.07833689451,3098.94684273005,158.725236624479,1068.83246201277,220.009979307652,198.571054160595,70.236043214798,5.52579316496849,636.719633042812,0,269.588527143002,2302.70866507292,4.61201947927475,138.033273637295,6.6265133023262,7.78614062070847,0,2.22397869825363,1.05546391010284,14.5341114401817,3.92301923036575,29.3456029891968,0,7.54706200957298,0,54.868850171566,0,0,0,0,0,0,0,0,1.58172059059143,3.77425217628479,3.25184869766235,5.33469045162201,0,0,0,0,0,0,39.2728590369225,668.682630330324,10.0546667575836,14.3871437013149,518.092543244362,314.721452146769,159.696149289608,108.89713165164,22.9681752324104,23.6750766634941,153.203718334436,161.069599628448,0,0,0,0,0,6.23254817724228,0,0,0,0,0,0,0,0,0,0,2.7591261267662,0.745973765850067,0,0,0,0,0,0,0,0,0,1.77112627029419,0,0,2.66285473108292,0,0.577383697032928,0,0,0,0,0
16.197670519352,97.6145870387554,115.520169615746,149.501357287169,22.3513137996197,2.43561559915543,74.8684044480324,61.9871702492237,6.67019799351692,0,29.0805682241917,26.3224864006042,45.6103733181953,9.72714495658875,22.0578528344631,0,7.16110271215439,6.46338161826134,2225.00894069672,1005.45130315423,78.9571433067322,8.19820618629456,1949.13466247916,198.636446356773,51.1408358812332,3.84067863225937,128.560994237661,1.02883386611938,27.7911216616631,3.49061810970306,1544.71100956202,269.588527143002,0,599.912212103605,992.442158311605,12.1615180075169,9.7897612452507,6.45087951421738,10.0613995194435,0.84102874994278,1.83367550373077,0,219.530876517296,0.534570038318634,137.673044621944,0,20.9923993945122,4.21459412574768,9.9036870598793,0,3.33847391605377,0,0,0,2.36848968267441,0,78.2199955582619,40.5149732530117,42.4892820715904,24.6764060854912,0,0.60504937171936,0,2.2069981098175,0,0,4833.75635662675,154.172629654408,1075.06723719835,240.524855911732,310.498698711395,128.876375883818,61.5856460928917,74.5910371541977,17.3184055685997,14.3750375509262,96.9097735285759,259.96730902791,0,0,2.07713037729263,0,0,0,1.9965558052063,0,0,0,1.48561930656433,0,0,0,0,0,1.709054261446,0,0.819127798080444,0,0,0,0,0,0,0,0,0,0,0,0,0,0,0,0,0,0,0
84.045681566,97.7410000562668,202.579335987568,103.152559310198,4.66180562973022,0,163.32020765543,53.9383448660374,2.72385770082474,0,26.4160726666451,96.20027166605,38.8880974650383,47.9374653100967,1.88438901305199,6.41110783815384,19.7149651646614,64.6751481592655,1140.84979194403,6834.73510479927,2.22888797521591,43.0113404691219,365.738933712244,2047.70721811056,4.32128369808197,53.6840324699879,15.3078666627407,29.6918857693672,31.7358337640762,9.60988885164261,156.798196136951,2302.70866507292,599.912212103605,0,43.3189791440964,577.401670455933,30.5069553554058,17.8999035358429,7.36290264129639,41.9713096618652,2.19091415405273,1.6169205904007,46.162696659565,137.628181636333,21.9585847854614,19.1420948207378,12.004905462265,209.111360788345,6.12892705202103,0,3.61023813486099,0.493580758571625,1.83501887321472,0,2.51609873771667,6.25551441311836,48.8689796626568,352.456836074591,39.9125661551952,156.612449407578,3.87541329860687,5.74999761581421,9.72462666034698,13.3265481889248,2.40149372816086,3.21862059831619,801.603653728962,4517.95834189653,631.845764786005,1727.4961143136,222.426801741123,194.866446048021,74.0647658705711,210.65357786417,8.21813672780991,57.1533087491989,235.085899144411,766.730767577887,1.01222193241119,2.56810832023621,23.4989442229271,12.7615824341774,1.15585672855377,1.21945324540138,4.1481329202652,5.88178294897079,0,0.975304901599884,3.36315071582794,0.64300000667572,0,0,0,0,9.36331668496132,6.54855340719223,0.94083970785141,0,0,0,0,0,0,0,0.72440367937088,8.22969305515289,0,0.83962082862854,8.13644737005234,2.16834199428558,3.35961377620697,0,0,0.528682291507721,1.73855674266815,0.871205508708954
2.37681981921196,11.1305651962757,7.53924787044525,4.64109200239182,2.43862694501877,0,7.27118945121765,2.60283672809601,1.11980044841766,0,3.32613301277161,0,0,0,1.286097407341,0,13.6308370828629,1.21645951271057,17.3111279010773,4.47296476364136,16.8403917551041,2.27098327875137,256.308426767588,0.960431754589081,2.28932076692581,0,22.9671432971954,0,37.5705073475838,9.3714000582695,269.338508844376,4.61201947927475,992.442158311605,43.3189791440964,0,230.485189288855,360.116347879171,146.589963465929,71.2014300823212,44.8833419978619,11.3048651516438,9.08015209436417,918.925866007805,362.38187661767,445.53252184391,314.317657202482,192.843239784241,92.5597325861454,183.465093612671,122.402192115784,151.511319905519,10.8671575188637,8.87895476818085,0.817398190498352,19.3854689002037,5.00704717636108,2.36804395914078,49.7083626389503,71.8206347227097,41.8682380318642,4.93719148635864,20.0143846869469,5.5132292509079,11.0828255414963,1.77496808767319,4.20500785112381,2514.00686854124,411.593764394522,0,9.59538453817368,91.4642113149166,6.90964072942734,61.9596136808395,34.5115951299667,5.37507909536362,4.56227412819862,287.16172015667,100.241924971342,0,6.54285430908203,54.6112035214901,39.4381604194641,9.20219987630844,3.97892016172409,53.8617057204247,28.836966753006,3.28699213266373,2.2820058465004,79.4407731890678,17.0522935688496,4.37173140048981,0,0,0,3.77471753954887,10.8322683572769,7.61928713321686,2.15715181827545,11.3255097866058,0,0,0,0,0,0,0,0,0,0,6.2494010925293,0,0,0,0,0,0
0.670390546321869,0,0.547889888286591,2.32629686594009,0,0,0,3.92746526002884,0,0,0.799125671386719,0,0,0,0,0,3.53801131248474,4.80736130475998,0.939956486225128,5.36986774206161,1.1350564956665,6.16111493110657,0.493073493242264,58.3897376656532,0,7.80748844146729,1.24832880496979,2.74833607673645,32.0441751480103,1.83355635404587,4.40824842453003,138.033273637295,12.1615180075169,577.401670455933,230.485189288855,0,234.163683891296,138.624616205692,75.5996577739716,98.5806891024113,9.40718108415604,2.67470306158066,655.38578248024,414.836974024773,482.528960764408,493.785269796848,243.120031356812,218.096457093954,306.898534089327,176.033628880978,177.38417455554,23.1781966090202,17.3073285520077,6.36223655939102,21.4188873171806,17.3635968267918,8.68942731618881,4.65569812059402,97.6739337742329,20.3614035248756,8.93500334024429,13.6396203637123,9.62554496526718,6.68603777885437,6.13824957609177,0.684484601020813,659.241470634937,1549.73344123363,7.72631937265396,0,6.60507035255432,4.26648634672165,31.6352001428604,24.2695269584656,15.1120111346245,2.96283566951752,237.17799860239,155.718282699585,0,2.03095835447311,27.0551299452782,30.7730144262314,2.96078932285309,1.96425014734268,31.1970255970955,22.8246303796768,0,5.67847061157227,40.9124777019024,48.1211134195328,6.45922303199768,0,0,0,6.05899506807327,2.26921784877777,0,2.43541061878204,15.0805208683014,0,0,0,0,0.923794090747833,0,0,0,0,0,3.48140436410904,1.29860585927963,0,0,0,0,0
414.415352106094,2.68416678905487,82.859482049942,1.42645883560181,19.8250108957291,0,23.0481011271477,5.87632828950882,6.95021736621857,0,16.7864276766777,0,35.0849976539612,2.15440726280212,21.6813673377037,0,24.6034328341484,0,112.891352593899,4.38974899053574,18.6874604225159,12.5897752046585,6.68942528963089,0,0.566819071769714,0,160.487026870251,60.9435042738914,208.912546545267,0,6.49912595748901,6.6265133023262,9.7897612452507,30.5069553554058,360.116347879171,234.163683891296,0,405.043233752251,1347.57717514038,54.0688561499119,434.359281718731,13.4793781042099,968.715331673622,359.036138087511,353.564011096954,274.87789529562,1610.3246191144,83.7489804625511,540.124790519476,70.6425437033176,589.585328966379,5.384761095047,176.281610310078,0.421467304229736,1366.12452799082,14.7086499035358,385.037636131048,18.1489762067795,400.611975044012,37.2988028824329,55.5334429442883,4.99583220481873,40.2269810140133,2.41157066822052,50.6313151419163,2.21719312667847,808.904407233,778.990251541138,374.645359098911,2.13805428147316,387.686738997698,23.4343891739845,584.229184538126,40.7921051979065,1184.88836151361,62.9338576197624,3869.20469161868,180.165157318115,0.812284708023071,0.915867984294891,123.87909168005,0.634477198123932,338.279653340578,0,204.131903171539,1.94656312465668,910.232778996229,0,1487.61782220006,0.954129576683044,90.4527013003826,72.1107246279716,20.8276543319225,42.0930732786655,138.278717815876,39.4191564917564,74.5693611204624,14.3344504535198,104.703120112419,22.5074464380741,19.871494024992,18.0726906061172,87.9771633446217,112.183679759502,50.2606193423271,46.4451838135719,40.2382601201534,9.79771673679352,15.3792151510715,66.5705155432224,12.7712026834488,1.27594664692879,1.76974684000015,3.53172913193703,4.30265128612518,8.50891357660294
0,77.2417993545532,0,55.1362540125847,2.22894787788391,10.2398366332054,0,22.3523600101471,0,3.9702308177948,0,9.71673023700714,0,25.1918404698372,0,19.753715634346,14.4112329483032,14.934015750885,2.05913996696472,58.7116230130196,16.1590045690536,73.2067048549652,2.142582654953,22.8260822296143,0,3.06510186195374,53.8414304852486,111.392662405968,12.7549743056297,96.756987631321,0,7.78614062070847,6.45087951421738,17.8999035358429,146.589963465929,138.624616205692,405.043233752251,0,58.8402159810066,1220.7954210639,17.8774279356003,567.883846879005,337.612444847822,739.49902266264,129.219373524189,652.752554118633,103.144935786724,1396.77868106961,56.4236354827881,570.86919888854,86.3261494040489,248.164911687374,0,102.720366358757,9.02304255962372,1170.81248980761,12.668399900198,99.0069096684456,94.3076996207237,228.119540214539,2.80373537540436,28.5767098069191,1.30620956420898,39.7382111847401,4.17289704084396,51.0706924498081,743.166477322578,1084.67179861665,6.96727132797241,50.9390079975128,20.2436135113239,179.12628865242,38.2623672485352,518.468933969736,14.9649092853069,611.699188530445,269.042292803526,3443.89556103945,1.66931927204132,7.94977611303329,8.32273292541504,175.290409505367,0,587.144181013107,0,492.694958150387,0,1103.52543383837,2.85250544548035,1361.95779943466,22.7739545106888,45.8586482703686,10.0208760797977,21.605088531971,16.3757965862751,82.2675021886826,25.0417786836624,20.642108798027,24.2400559782982,32.5471664965153,11.3499206900597,8.66599279642105,32.2930334806442,54.1406781971455,17.5666434168816,42.1195791363716,7.97511255741119,9.80656206607819,9.42135584354401,45.529123544693,8.19384914636612,3.14789807796478,4.70340791344643,0.589206039905548,4.18871101737022,4.12435346841812
44.0818008184433,0,6.20517200231552,2.87468647956848,2.70776546001434,0,0,0.887603998184204,0,0,0,1.11372673511505,1.08680820465088,0,0.927923619747162,0,9.54310345649719,0,2.22639656066895,0,4.1711323261261,5.2069286108017,0,0,0,0,18.3314836025238,18.8967990875244,28.4922412335873,0,1.46552956104279,0,10.0613995194435,7.36290264129639,71.2014300823212,75.5996577739716,1347.57717514038,58.8402159810066,0,10.08247590065,926.107494592667,0.729503214359283,803.768218398094,50.8571945428848,354.367729127407,4.2672837972641,1058.58375501633,7.69014114141464,199.225762367249,5.95156240463257,123.837456256151,0,64.2943949997425,0,1691.91144788265,0,73.2925652265549,1.56333386898041,95.7369742393494,2.42804962396622,13.1490378975868,0,16.9075248837471,0,4.19863790273666,0,537.144095301628,97.089239269495,66.6816074252129,1.76149129867554,17.6068282425404,8.03950983285904,57.2568532526493,3.21217638254166,96.6744193434715,34.0826418697834,139.247502624989,56.8617664575577,0,0,18.2225445508957,0,127.931254774332,0,17.3142490983009,0,155.021873086691,0,265.389205783606,0,41.6848596632481,80.8770036995411,26.0636032819748,42.5110061764717,21.802971214056,80.1190024018288,32.2525758743286,14.0100920200348,19.4198911190033,20.3471765220165,30.0769873261452,25.2552243173122,89.2593546807766,84.8078861832619,29.7169159352779,31.5460368990898,24.0479022562504,16.5697254538536,1.14328077435493,3.43516105413437,3.7217897772789,1.04229080677032,1.6276798248291,0,3.23261278867722,2.61386412382126
0,53.5446992218494,0,2.76475006341934,0,2.69574505090714,0,0,0,1.8234561085701,0,1.91780567169189,0,2.69833540916443,0,2.19799947738647,0,7.36100113391876,0,9.46365433931351,0.940807163715363,5.38657414913177,0,1.84388053417206,0,0.526323854923248,1.22210323810577,4.68427860736847,0,25.9077254533768,1.15822315216064,2.22397869825363,0.84102874994278,41.9713096618652,44.8833419978619,98.5806891024113,54.0688561499119,1220.7954210639,10.08247590065,0,0,1627.65048199892,35.9871537387371,635.937546819448,18.8038118481636,325.599118977785,20.3976460695267,1399.944162637,3.75564813613892,137.485567271709,4.35452926158905,69.623051404953,0,40.91955524683,0,1966.98780718446,1.17564117908478,85.4519948363304,1.22053110599518,68.7707898020744,0,9.17177248001099,0,11.6664646267891,0,15.0625057816505,84.8927270174026,753.56710845232,0,39.6889446377754,4.91867074370384,18.0594129860401,2.20340692996979,74.7372517883778,4.56949329376221,61.2776136696339,54.6716594099998,141.335199147463,0,2.21128308773041,1.9150618314743,22.6912195086479,0,200.783368200064,0,64.6079410016537,0,330.648309975863,0,347.340140461922,18.7429161667824,63.4062317609787,8.40617293119431,17.5177644193172,8.05806887149811,55.0247935056686,22.9401175379753,102.586139559746,5.31689763069153,25.8873829841614,13.1516268253326,17.4839009642601,24.1856244802475,73.6359804272652,14.0157169699669,14.5826303362846,3.31722539663315,9.96007573604584,0,1.95849722623825,14.7501606941223,0.878281652927399,1.42998903989792,0,0.831046402454376,0
1.52863395214081,0,0.651956498622894,0,99.5128316879272,0,0.570575177669525,0,8.24099200963974,0,0,0,0.771775960922241,0,52.0078536868095,0,1.73773539066315,0,1.08874309062958,0,59.8751550912857,3.98892748355865,0.480146169662476,0,6.54588460922241,0,28.6238614320755,12.4942911863327,367.13543599844,0,1.03706097602844,1.05546391010284,1.83367550373077,2.19091415405273,11.3048651516438,9.40718108415604,434.359281718731,17.8774279356003,926.107494592667,0,0,82.1863871216774,45.5318258106709,0.609896540641785,2.46908324956894,0,204.175069868565,0,25.8649806976318,0,58.7102666795254,0,38.483562797308,0,208.827637404203,1.74619388580322,3.40897479653358,0,9.1674724817276,0,2.30403327941895,0,5.28537768125534,0,11.3022695183754,0,32.4103090763092,0,0.662097334861755,0,405.831953108311,53.4822741150856,865.892376422882,15.4007386565208,267.174157649279,98.4534780979156,319.89662656188,1.42432105541229,0,0,22.4884475469589,0,704.201916873455,2.94132196903229,106.002920746803,1.60484582185745,919.152756243944,12.6292013525963,297.815449029207,10.6527273058891,5.18019670248032,0,0.491736143827438,0,6.39156353473663,0,0,0,8.17792564630508,0,0,0.841627359390259,0.361694872379303,0.887310862541199,2.57892799377441,0,0.755428910255432,0,4.13624727725983,0,0,0,0,0,0,0.631053864955902
0,0,0,6.88082635402679,1.15509366989136,246.493227511644,0,0,0,74.043357282877,0,1.07038450241089,0,10.1520939469337,1.56829446554184,347.62492737174,0,0,0,0,25.1815322637558,319.660617172718,0.517140626907349,6.83550477027893,3.03136849403381,76.5833336114883,11.9968943595886,378.436316370964,1.11203849315643,323.380060434341,2.81779557466507,14.5341114401817,0,1.6169205904007,9.08015209436417,2.67470306158066,13.4793781042099,567.883846879005,0.729503214359283,1627.65048199892,82.1863871216774,0,4.33991891145706,116.553040236235,1.21416163444519,22.2990224957466,1.43637084960938,288.685146808624,0,52.3076778054237,0,58.323960185051,0,52.4679031670094,0,265.949159562588,0,0,0,10.3415908515453,0,2.35602730512619,0,9.95039597153664,0,10.20787525177,6.86028814315796,53.7511545717716,0,0,34.1159445643425,284.100676506758,70.8677365779877,1684.16381508112,20.7683534026146,273.105950832367,5.79369628429413,117.213973075151,0,3.70119142532349,0,30.7517404556274,3.4121276140213,2690.17015036941,1.25456368923187,316.637510538101,5.18728333711624,2234.44436696172,4.2719874382019,531.663203120232,0,1.67519390583038,0,0.622639834880829,1.27892950177193,4.98938661813736,0,2.81401389837265,0,8.40030565857887,0,0,0,2.92727559804916,0,0,0,1.40270042419434,1.34642860293388,0.653828799724579,1.35225486755371,0.837185502052307,0,0,0,1.7609156370163
0,0,2.96674090623856,0,0,0,4.90056908130646,0,0,0,0,0,0,0,0,0,5.64077842235565,0,35.0509669184685,0,0,0,81.8412888050079,0,2.13850855827332,0,0,0,232.895720332861,4.44765728712082,134.841533094645,3.92301923036575,219.530876517296,46.162696659565,918.925866007805,655.38578248024,968.715331673622,337.612444847822,803.768218398094,35.9871537387371,45.5318258106709,4.33991891145706,0,2139.79113689065,11313.8430284262,736.759415537119,7031.73087212443,1286.68736153841,3728.73401355743,224.555307984352,5315.94779753685,20.8421388864517,704.801128834486,3.16504085063934,368.796569675207,16.94708776474,0,11.093307197094,177.758742332458,38.4892001748085,7.10364764928818,6.28645968437195,1.73517799377441,4.54747557640076,12.2506456375122,3.13992273807526,3920.0333288908,1343.76172286272,1.81926488876343,9.67688339948654,12.1479110121727,3.2024599313736,349.023194551468,67.9764214456081,26.9835523366928,11.310841947794,728.703435331583,100.605160713196,1.28573274612427,2.68757736682892,99.1147047281265,13.7741358280182,3.69640207290649,0.511932849884033,81.7958648204803,14.661183655262,8.86351776123047,0.953137874603271,256.778776079416,30.2604088187218,40.5788795948029,0,0,0,10.2856318354607,0,1.39442878961563,3.03902816772461,102.838831573725,183.042657911777,0,0,0,0,0,0,0,0,0,4.13908803462982,1.18849849700928,0,0,0,0,0
0,0,0,0,0,0.70513641834259,0,0,0,0,0,0,0,0,0,0,0.540833950042725,0,0,1.90746641159058,0.661012351512909,0,0,4.06162339448929,0,0.555425345897675,0,0.706242740154266,0,31.753612101078,0,29.3456029891968,0.534570038318634,137.628181636333,362.38187661767,414.836974024773,359.036138087511,739.49902266264,50.8571945428848,635.937546819448,0.609896540641785,116.553040236235,2139.79113689065,0,2102.2555423677,12924.7451244295,237.821235328913,9058.1351942569,356.373649358749,2389.97621282935,277.414056301117,1825.68722361326,4.6735805273056,623.089004606009,8.93971320986748,519.172249406576,2.36969989538193,0,89.9288403689861,44.9186585843563,0,0.677495419979095,0,0.956294447183609,0,2.54608625173569,1088.33156061172,2485.04424411058,3.59011590480804,0,2.29427230358124,0.725699067115784,2.55384534597397,506.777499824762,0,79.8655467927456,158.135023355484,321.025299429893,0,2.51562249660492,2.24442803859711,101.225624263287,0,41.9261281192303,0,258.386167854071,0,56.1344653964043,1.78476685285568,432.423475474119,0,0,0,0,0.547715961933136,21.3098722696304,0,41.3651504218578,0,312.262690097094,0,0,0,0,1.20453214645386,1.12731802463531,0,2.69353133440018,1.1487158536911,5.69305741786957,0,0,0,0,0,1.38775265216827
2.6925430893898,0,0,0,0,0,0.700146675109863,0,0,0,0,0,0,0,0,0,7.03585636615753,0,12.8279790580273,0,0,0,8.27465632557869,0,0,0,0,0,63.3059143722057,1.80987238883972,42.6780334711075,0,137.673044621944,21.9585847854614,445.53252184391,482.528960764408,353.564011096954,129.219373524189,354.367729127407,18.8038118481636,2.46908324956894,1.21416163444519,11313.8430284262,2102.2555423677,0,1751.43735593557,1965.96713930368,378.820819765329,3955.27034425735,222.198185831308,929.930502712727,11.2889332771301,51.25467056036,4.06717920303345,117.19692787528,11.2228350639343,0,2.36627924442291,263.557397663593,3.35918509960175,4.62519973516464,0,0.621047019958496,0,10.4116362631321,5.53345680236816,3241.32343667746,763.722987413406,0,0.722612142562866,11.1264825761318,3.01752245426178,145.06963300705,21.2289978861809,17.1846050620079,3.94449174404144,379.789186775684,49.6274079680443,0,0,126.53640756011,4.62519460916519,0,0,47.6794072091579,4.34524387121201,0,0.461751580238342,48.7356468141079,7.18059098720551,7.57084307074547,0,0,0,12.6979795098305,0,5.03584855794907,3.05877470970154,11.5637872815132,4.19251960515976,0,0,0,0,0,0,0,0,0,0.737500190734863,0,0,0,0,0,0
0,0,0,0,0,0,0,2.29145246744156,0,0,0,0,0,0,0,0,0.737681865692139,0,0,1.76537790894508,0,0,0,0.655378937721252,0,0,0,0,0,34.4013521075249,0,7.54706200957298,0,19.1420948207378,314.317657202482,493.785269796848,274.87789529562,652.752554118633,4.2672837972641,325.599118977785,0,22.2990224957466,736.759415537119,12924.7451244295,1751.43735593557,0,18.4236350059509,2748.61964926124,41.880846619606,5653.39401939511,22.054941534996,1099.99036023021,0,302.573235690594,0,322.916545540094,0,4.16902470588684,17.0508249402046,214.80863443017,0,9.46599754691124,0,4.70350539684296,0,43.3101820349693,865.7817299366,2613.91616240144,0,0,0.954066097736359,0,0.751385867595673,418.97883272171,0,96.108118891716,127.823682039976,341.013488769531,0,12.1280675530434,0,225.132466107607,0,19.7094211578369,0,158.843501597643,0,8.90947049856186,0,216.403660744429,0,0,0,0,0,24.6736756563187,0,50.2254002392292,0,11.2135302126408,0,0,0,0,0,0,0,0,0.655787169933319,4.61653465032578,0,0,0,0,0,0
1.15694117546082,1.51286494731903,8.37731790542603,0,2.06510400772095,0,10.3139833211899,0,1.32984673976898,0,3.12300276756287,0,6.13765281438828,0,7.34067535400391,0,6.52288830280304,0,17.8641507327557,0,2.76840138435364,0,19.1950442194939,0,0,0,1.73038733005524,0,414.603655666113,0,36.9321429729462,0,20.9923993945122,12.004905462265,192.843239784241,243.120031356812,1610.3246191144,103.144935786724,1058.58375501633,20.3976460695267,204.175069868565,1.43637084960938,7031.73087212443,237.821235328913,1965.96713930368,18.4236350059509,0,49.7580715119839,997.603829205036,10.6651035547256,2379.67032319307,2.9302020072937,2186.78724655509,0,3511.27526298165,3.31737756729126,19.0398909449577,0.717685699462891,105.30242356658,8.85284477472305,3.48029041290283,0,4.29393339157104,0,15.8172455430031,0,1326.03273105621,244.337041288614,2.50741273164749,0,43.7688564658165,0.453909277915955,426.466725051403,5.81777280569077,32.3356809020042,6.86346125602722,606.391016155481,62.5572393238544,0,0,89.5518068373203,0.690692067146301,52.1142711341381,0,254.862333089113,0,106.062532097101,0.449016362428665,1105.98931545019,0,238.636532902718,0.407987475395203,0,0.600851953029633,23.5397597551346,2.20664924383163,34.4621192216873,1.51393473148346,247.354187309742,0,0,0.75592252612114,0,0.978297710418701,1.20050650835037,1.32015764713287,0,0,0.486483067274094,55.1803842186928,0.512191116809845,0,0.481827408075333,0,0,0
0.895328998565674,28.9984685778618,0,31.0485189259052,0,0,0,15.3065222203732,0,1.99186906218529,0,3.39285868406296,0,10.186157733202,0,1.06434535980225,1.65232539176941,3.84233248233795,3.23737448453903,22.9633975028992,0.559953927993774,0,0,34.7170271575451,0,1.2426598072052,1.7522411942482,3.24960768222809,4.22940862178802,26.6092652380466,1.21172893047333,54.868850171566,4.21459412574768,209.111360788345,92.5597325861454,218.096457093954,83.7489804625511,1396.77868106961,7.69014114141464,1399.944162637,0,288.685146808624,1286.68736153841,9058.1351942569,378.820819765329,2748.61964926124,49.7580715119839,0,71.6059116125107,628.014292091131,30.2745629549026,504.069782525301,1.6107120513916,1817.07856750488,6.28145080804825,3691.01132619381,7.99456363916397,48.4907273650169,33.6868487000465,101.129430353642,0,13.053537607193,0,13.501029074192,0,12.2999038994312,274.205493152142,1602.01809552312,1.55434310436249,13.7423223853111,12.401194691658,104.009521365166,7.21367400884628,655.224660813808,1.83974063396454,81.2618011534214,115.389810323715,546.776072233915,0.67314600944519,6.14517146348953,2.59412169456482,91.0551604926586,0,70.349014878273,0,460.961522966623,0,162.305229574442,0,997.414636731148,1.99673473834991,6.27285003662109,0,1.42652490735054,8.32364445924759,21.5344633162022,2.17940855026245,271.662612348795,0,506.683788359165,0,0,4.11827749013901,1.92409870028496,4.0800689458847,9.03470680117607,1.75968933105469,0.607811212539673,3.69599235057831,82.8010150194168,26.0738776624203,0,0.661663115024567,0,0,3.60855501890182
23.0547631084919,0,0,0,0.838393270969391,0,37.0571711659431,0,0,0,0,0,0,0,0,0,26.4277455210686,0,1.87614858150482,0,0,0,0,0,0,0,1.43162167072296,0,203.226193636656,0,1.08190035820007,0,9.9036870598793,6.12892705202103,183.465093612671,306.898534089327,540.124790519476,56.4236354827881,199.225762367249,3.75564813613892,25.8649806976318,0,3728.73401355743,356.373649358749,3955.27034425735,41.880846619606,997.603829205036,71.6059116125107,0,28.7481757998466,6943.70999369025,1.84425067901611,302.826479911804,0,208.69840362668,0,9.411625623703,0.669984459877014,1374.68957275152,0,170.839419752359,0,14.5932030081749,0,50.6209506690502,0,777.22235172987,497.612469643354,2.07563430070877,0,23.9462380111217,0,314.173984229565,0,20.4015234410763,0,554.081749647856,10.8766930699348,9.34803420305252,0,320.053446561098,0,17.64079028368,0,223.651129364967,0,0.615486681461334,0,211.850604474545,0,22.9308905899525,0,0,0,35.0010998249054,0,9.02729758620262,0,21.2001792192459,0,0,0,0,0,0,0,0,0,0,7.22092443704605,0.981219708919525,0,0,0,0,0
0,2.89098858833313,0,16.5756821036339,0,0,0,13.9669822156429,0,0,0,0,0,0,0,0,0,0.630951106548309,0,0,0,1.63554358482361,0,0,0,0,0,0,0,51.2359858751297,0,0,0,0,122.402192115784,176.033628880978,70.6425437033176,570.86919888854,5.95156240463257,137.485567271709,0,52.3076778054237,224.555307984352,2389.97621282935,222.198185831308,5653.39401939511,10.6651035547256,628.014292091131,28.7481757998466,0,10.1817696094513,5124.63113436103,0,1101.81826531887,1.32978272438049,601.914901465178,0,33.9413886070251,1.22649049758911,1552.06553256512,0,100.862863093615,0,11.0393168926239,0,639.252775073051,327.67134898901,796.925425469875,0,0,0,0,0,524.962914198637,0,108.145127862692,31.029088973999,330.952591091394,0,31.341687887907,0,361.985175013542,0,71.2188690304756,0,423.07343313098,0,35.9921172559261,0,737.632523596287,0,0,0,0,0,45.0708788633347,0,1.15014350414276,0,12.6916532814503,0,0,0,0,0,0,0,0,0,13.524943292141,1.28885161876678,0,0,0,0,0
253.311670124531,0,9.31619602441788,0,0,0,238.173916101456,0,0,0,14.893647313118,0,10.6586062908173,0,0,0,39.8824772238731,0,5.22485893964767,0,0,0,0,0,0,0,0,0,282.300256192684,0,0,0,3.33847391605377,3.61023813486099,151.511319905519,177.38417455554,589.585328966379,86.3261494040489,123.837456256151,4.35452926158905,58.7102666795254,0,5315.94779753685,277.414056301117,929.930502712727,22.054941534996,2379.67032319307,30.2745629549026,6943.70999369025,10.1817696094513,0,0,4789.81873300672,0,1151.58855745196,0,87.6470580399036,0,2401.76358014345,1.32343244552612,871.525704532862,0,53.9201944172382,0,938.444158911705,0,403.799750715494,396.692602485418,7.10820177197456,0,63.2578001320362,0,450.157446026802,0,40.2451164424419,0,629.077364146709,5.86560821533203,8.22701168060303,0,420.683258652687,0,47.8479171395302,0,2151.12982821465,0,27.5463356971741,0,1273.00904712081,0,67.9538224935532,0,0,0,33.9661612510681,0,23.7263484597206,0,55.9042572081089,0,0,0,0,0,0,0,0,0,0,4.84583777189255,0,0,0,0,0,0
0,62.9075351655483,0,104.028384745121,0,0,0,84.2827069759369,0,0,0,15.7519112229347,0,4.51615792512894,0,0,0,5.29831725358963,0,0,0,0,0,0,0,0,0,0,0,37.1665156781673,0,0,0,0.493580758571625,10.8671575188637,23.1781966090202,5.384761095047,248.164911687374,0,69.623051404953,0,58.323960185051,20.8421388864517,1825.68722361326,11.2889332771301,1099.99036023021,2.9302020072937,504.069782525301,1.84425067901611,5124.63113436103,0,0,0,3204.41753026843,0,869.132136017084,0,144.428032070398,0.893988251686096,762.577088594437,0,137.181670486927,0,25.746984064579,0,1143.74226337671,27.8315155506134,275.371108621359,0,0,0,7.94213676452637,0,389.383894711733,0,52.7098976671696,6.79572016000748,151.782841444016,0,23.1519069969654,0,269.399375170469,0,64.1766393780708,0,3327.19822227955,0,41.1033290326595,0,2458.10319375992,0,0,0,0,0,14.086717247963,0,0,0,2.42822468280792,0,0,0,0,0,1.13862264156342,0,0,0,2.07011032104492,0,0,0,0,0,0
56.9837466478348,0,1.03100895881653,0,0,0,16.5802190899849,0,0,0,14.9131661057472,0,5.72294938564301,0,0,0,11.8902973532677,0,0.891042709350586,0,0,0,0,0,0,0,0,0,60.0013073980808,0,0,0,0,1.83501887321472,8.87895476818085,17.3073285520077,176.281610310078,0,64.2943949997425,0,38.483562797308,0,704.801128834486,4.6735805273056,51.25467056036,0,2186.78724655509,1.6107120513916,302.826479911804,0,4789.81873300672,0,0,0,2447.93996632099,0,10.0597672462463,0,50.5781292617321,0,26.8294749855995,0,9.90230959653854,0,130.511145591736,0,37.1926275491714,11.4139492511749,0,0,11.5786370038986,0,72.077378898859,0,4.27156013250351,0,54.387413918972,0,0,0,51.1094137728214,0,15.472483843565,0,378.066056460142,0,34.2728096544743,0,1259.00473472476,0,22.0196190476418,0,0,0,4.1713744699955,0,4.9266414642334,0,16.624084174633,0,0,0,0,0,0,0,0,0,0,0,0,0,0,0,0,0
0,0,0,0,0,0,0,0,0,0,0,0,0,0,0,0,0,0,0,0,0,0,0,0,0,0,0,0,0,3.27117317914963,0,0,0,0,0.817398190498352,6.36223655939102,0.421467304229736,102.720366358757,0,40.91955524683,0,52.4679031670094,3.16504085063934,623.089004606009,4.06717920303345,302.573235690594,0,1817.07856750488,0,1101.81826531887,0,3204.41753026843,0,0,0,2856.08092992008,0,0,0,11.9837833046913,0,0,0,0,0,11.5020817518234,0.485970854759216,17.0674131214619,0,0,0,3.07015156745911,0,83.146846562624,0,5.6959445476532,1.68445983529091,25.5538426041603,0,0,0,7.60475099086761,0,4.55452543497086,0,405.965574294329,0,21.0506897866726,0,1286.20885980129,0,0,0,0,0,0,0,0,0,8.23083081841469,0,0,0,0,0,0,0,0,0,0,0,0,0,0,0,0
3.18984490633011,0,0,0,1.24095833301544,0,2.7655131816864,0,0,0,0,0,0,0,0,0,10.6333080530167,0,0,0,1.60589218139648,0,0,0,0,0,0,0,112.109713345766,0,0,0,2.36848968267441,2.51609873771667,19.3854689002037,21.4188873171806,1366.12452799082,9.02304255962372,1691.91144788265,0,208.827637404203,0,368.796569675207,8.93971320986748,117.19692787528,0,3511.27526298165,6.28145080804825,208.69840362668,1.32978272438049,1151.58855745196,0,2447.93996632099,0,0,0,0.630732178688049,0,34.8976908922195,0,6.01536560058594,0,3.18786704540253,0,52.9988357126713,0,143.919379651546,22.9568971991539,0,0,5.59519073367119,0,98.8038604557514,2.11494088172913,9.91863644123077,0.959631443023682,146.879139721394,4.21791911125183,0,0,54.565249145031,0,71.7215559780598,0,106.102561920881,0,417.771996200085,0,2950.5543423295,0,19.4164389073849,0,0,0,6.74928849935532,0,5.60947281122208,1.18119215965271,24.0826907753944,0,0,0,0,0,0,0,0,0,0,0.873526573181152,0,0,0,0,0,0
0,0,0,0.931344091892242,0,0.761798560619354,0,0,0,0,0,0.970056891441345,0,0,0,0.550452172756195,0,0,0,0,0.896701157093048,0,0,0,0,0,0,1.53953367471695,0,5.03650265932083,0,0,0,6.25551441311836,5.00704717636108,17.3635968267918,14.7086499035358,1170.81248980761,0,1966.98780718446,1.74619388580322,265.949159562588,16.94708776474,519.172249406576,11.2228350639343,322.916545540094,3.31737756729126,3691.01132619381,0,601.914901465178,0,869.132136017084,0,2856.08092992008,0,0,0,2.34915578365326,0,23.0359197556973,0,3.57647448778152,0,0,0,9.65131947398186,20.2766790390015,199.584038704634,0,0,0,4.92394894361496,4.33517974615097,95.7307798266411,0.630517542362213,11.2075476944447,21.6027971804142,90.2213641107082,0,0,0,9.78252238035202,0,52.8637367784977,0,330.774844557047,0,561.791689962149,0,4357.10113221407,0,0,0,0,0,1.80311584472656,0,44.1474716365337,0,28.8942910730839,0,0,0,0.929426252841949,0,0.626983463764191,0,0,0,0,0,0,0,0,0,0
11055.9086132646,5.31620994210243,199.454449832439,1.49879744648933,0,0,369.779827773571,0.401693791151047,0,0,137.683123171329,0,37.0183252990246,0,0.621723294258118,0,2054.35389783978,0,145.443058371544,2.02024382352829,0,0,2.35137408971786,0,0,0,0,0,1187.71022325754,2.29387545585632,1.17516469955444,1.58172059059143,78.2199955582619,48.8689796626568,2.36804395914078,8.68942731618881,385.037636131048,12.668399900198,73.2925652265549,1.17564117908478,3.40897479653358,0,0,2.36969989538193,0,0,19.0398909449577,7.99456363916397,9.411625623703,0,87.6470580399036,0,10.0597672462463,0,0.630732178688049,0,0,28.8643488883972,2105.46483394504,19.4809358119965,3470.51613169909,0,2391.28665348887,1.44687044620514,379.577945649624,0,534.58902490139,178.357949256897,2637.21848660707,26.3922871947289,678.680363804102,48.8836271762848,2399.49895638227,16.2270775437355,357.379378914833,0.664518654346466,3536.71091729403,107.757996588945,18.5001631975174,1.9850937128067,399.184018522501,2.53516191244125,2.04269433021545,0,147.102993786335,0,0,0,95.0269491076469,0,0.980536282062531,0,0,0,206.143321096897,2.53300034999847,65.4243576526642,0,1.55753099918365,0,0,0,0,0,9.97505807876587,0.683669686317444,12.6877016425133,2.83620381355286,13.3891382813454,24.5258955061436,0,0,0,0,0,0
1.62160784006119,11861.0925475359,0,388.74712395668,0,0,0,566.707234174013,0,0,0,404.86094635725,0,225.004476964474,0,28.1082637906075,8.17789697647095,2436.12455871701,8.57235664129257,562.477209806442,0,0,0,3.92420500516891,0,0,0,0,2.70084249973297,213.658991575241,2.18385344743729,3.77425217628479,40.5149732530117,352.456836074591,49.7083626389503,4.65569812059402,18.1489762067795,99.0069096684456,1.56333386898041,85.4519948363304,0,0,11.093307197094,0,2.36627924442291,4.16902470588684,0.717685699462891,48.4907273650169,0.669984459877014,33.9413886070251,0,144.428032070398,0,0,0,2.34915578365326,28.8643488883972,0,18.2560895681381,2266.44773685932,0.884271383285522,2560.10070061684,0,2417.73091509938,0,570.73888912797,136.010351836681,449.316464722157,64.3018562793732,2445.44440758228,26.8119087815285,225.530222177505,4.61255586147308,1927.21454417706,0,346.46393892169,290.256076216698,2275.81787547469,0,26.7533124089241,1.9006952047348,113.959614098072,0,0,0,183.106468886137,0,0,0,225.148077070713,0,0,0,0,7.28821682929993,77.6813340187073,0,0,0,0,0,0,0,0,0,1.63739675283432,1.76620399951935,3.89458739757538,15.4935329854488,22.6665327548981,0,0,0,0,0,2.6179575920105
369.10314181447,2.14756160974503,90.3879953622818,0,0,0,231.577525377274,0,0,0,21.4914594888687,0,9.90461152791977,0,0,0,53.0887779593468,0,80.6558998525143,0.612147510051727,0,0,0,0,0,0,0,0,268.671991199255,1.19805192947388,7.00344008207321,3.25184869766235,42.4892820715904,39.9125661551952,71.8206347227097,97.6739337742329,400.611975044012,94.3076996207237,95.7369742393494,1.22053110599518,9.1674724817276,0,177.758742332458,89.9288403689861,263.557397663593,17.0508249402046,105.30242356658,33.6868487000465,1374.68957275152,1.22649049758911,2401.76358014345,0.893988251686096,50.5781292617321,0,34.8976908922195,0,2105.46483394504,18.2560895681381,0,14.8727585673332,5766.19600504637,0,330.740714460611,1.88581538200378,1072.07601416111,0,1563.96057519317,426.806813061237,248.098422318697,11.106594979763,165.417312890291,21.25864392519,504.451056182384,11.0825923681259,78.3640139997005,1.26112687587738,1210.98047181964,86.019797116518,35.6991179585457,0.788758754730225,515.196348786354,2.64270126819611,9.92277240753174,0,294.951081991196,0,0.886198997497559,0,200.793511241674,0,5.80309891700745,0,0,0,105.945495337248,0,46.0750645697117,0,5.70858186483383,0,0,0,0,0,0.691739499568939,0,0.783539593219757,0,0,11.0910558402538,1.33393514156342,0,0,0,0,0.758437871932983
0.773057281970978,129.492851048708,0,176.835420995951,0,0,0,57.9582704007626,0,0,0,52.0424987673759,0,9.97802883386612,0,0,2.72690176963806,59.2964673340321,7.72269952297211,292.152319610119,0,0,0,4.92843627929688,0,0,0.781106889247894,0,1.94394338130951,56.8485790491104,0.547219336032867,5.33469045162201,24.6764060854912,156.612449407578,41.8682380318642,20.3614035248756,37.2988028824329,228.119540214539,2.42804962396622,68.7707898020744,0,10.3415908515453,38.4892001748085,44.9186585843563,3.35918509960175,214.80863443017,8.85284477472305,101.129430353642,0,1552.06553256512,1.32343244552612,762.577088594437,0,11.9837833046913,0,23.0359197556973,19.4809358119965,2266.44773685932,14.8727585673332,0,0,2465.44970655441,0,502.587953329086,0,2625.77656039596,145.441646367311,1701.41250899434,32.7941195368767,263.219728767872,7.95591282844543,42.5681561231613,4.59862989187241,448.483914971352,0,72.2730377912521,93.3300756812096,687.817525535822,1.64085376262665,57.5196822285652,5.08545458316803,317.098230242729,0,13.0151969492435,0,285.307838141918,0,7.04144501686096,0,474.700928479433,0,0,0,0,0,32.7234563827515,0,0,0,0,0,0,0,0,0,1.38635611534119,0,0,1.30647331476212,12.69135004282,0,0,0,0,0,0
1099.58682879806,0,25.0100531578064,0,0,0,276.537628650665,0,0,0,313.361637234688,0,144.363434135914,0,0,0,358.408261537552,0,22.1702019870281,0,0,0,0,0,0,0,0,0,241.391665905714,0,0,0,0,3.87541329860687,4.93719148635864,8.93500334024429,55.5334429442883,2.80373537540436,13.1490378975868,0,2.30403327941895,0,7.10364764928818,0,4.62519973516464,0,3.48029041290283,0,170.839419752359,0,871.525704532862,0,26.8294749855995,0,6.01536560058594,0,3470.51613169909,0.884271383285522,5766.19600504637,0,0,0,4093.89245191216,0,4518.29412469268,0,118.12433257699,18.1961028575897,14.4595352709293,0,117.907138109207,1.61315792798996,233.409896016121,2.71554470062256,30.7847580015659,0,278.548388510942,5.1862701177597,17.7039867341518,0,803.89894682169,0,8.00554797053337,0,883.618975400925,0,5.56201219558716,0,255.588783115149,0,0,0,0,0,27.9792096316814,0,6.17799788713455,0,0,0,0,0,0,0,0.778997838497162,0,0,0,0,4.08318263292313,0,0,0,0,0,0
0,403.542103618383,0,99.2863544821739,0,0,0,295.633464396,0,0,0,777.509432554245,0,351.864158928394,0,2.85847342014313,0.994559705257416,490.451816618443,0,15.3163519501686,0,0,0,0,0,0,0,0,0,94.4673924446106,0.566199719905853,0,0.60504937171936,5.74999761581421,20.0143846869469,13.6396203637123,4.99583220481873,28.5767098069191,0,9.17177248001099,0,2.35602730512619,6.28645968437195,0.677495419979095,0,9.46599754691124,0,13.053537607193,0,100.862863093615,0,137.181670486927,0,0,0,3.57647448778152,0,2560.10070061684,0,2465.44970655441,0,0,0,2102.56893959641,0,4256.51325318217,6.25653696060181,344.013248890638,0,5.06212604045868,1.18756592273712,39.7049586772919,0,303.361008882523,0,36.4364740550518,23.305945456028,150.305486917496,0,11.6486226320267,0,180.138699650764,0,4.43267902731895,0,1296.43742865324,0,9.28960776329041,0,463.875715762377,0,0,0,0,0,9.90898978710175,0,0,0,0,0,0,0,0,0,0,0,0,0.576118886470795,3.97463184595108,0.780606389045715,0,0,0,0,0
362.937088340521,0,23.4533122777939,0,0,0,46.1508585810661,0,0,0,416.823397278786,0,179.255175441504,0,0,0,1341.83012717962,0,29.3265807330608,0,0,0,0.861915469169617,0,0,0,0,0,816.574756652117,0,0,0,0,9.72462666034698,5.5132292509079,9.62554496526718,40.2269810140133,1.30620956420898,16.9075248837471,0,5.28537768125534,0,1.73517799377441,0,0.621047019958496,0,4.29393339157104,0,14.5932030081749,0,53.9201944172382,0,9.90230959653854,0,3.18786704540253,0,2391.28665348887,0,330.740714460611,0,4093.89245191216,0,0,0,963.513164192438,0,78.8817785382271,14.2340692281723,10.9398103654385,0,88.6137290894985,3.06470465660095,396.197099596262,0.990279793739319,39.4462667405605,0,319.24377644062,3.92774891853333,51.7238414883614,0,3119.17470863461,0,24.6152520477772,0,1178.08011725545,0,8.81109198927879,0,227.970257222652,0,0,0,0,0,33.084133118391,0,7.4592590034008,0,0,0,0,0,0,0,2.51815193891525,0,4.09462666511536,0,0,4.74948298931122,0,0,0,0,0,0
0,110.372449249029,0,9.2889112830162,0,0,0,57.5916931629181,0,0,0,445.29258877039,0,364.95355796814,0,17.1196163892746,0,1734.82585024834,0,4.12951076030731,0,0,0,0,0,0,0,0,0,449.852538853884,0,0,2.2069981098175,13.3265481889248,11.0828255414963,6.68603777885437,2.41157066822052,39.7382111847401,0,11.6664646267891,0,9.95039597153664,4.54747557640076,0.956294447183609,0,4.70350539684296,0,13.501029074192,0,11.0393168926239,0,25.746984064579,0,0,0,0,1.44687044620514,2417.73091509938,1.88581538200378,502.587953329086,0,2102.56893959641,0,0,1.20404195785522,593.62803709507,5.56308275461197,266.959789812565,0,18.2188214957714,2.70342910289764,23.3821929693222,0,886.430981516838,0,64.0736614465714,39.7924247384071,258.73936226964,0,133.680862039328,0,1575.71697080135,0,27.859276175499,0,883.49336463213,0,25.7774067223072,0,190.229847371578,0,0,0,0,0.612299799919128,21.7923864722252,0,1.33240962028503,0,0,0,0,0,0,0,0.397534489631653,0,1.33875405788422,0,7.63693553209305,0,0,0,0.986291110515594,0,0
912.753309309483,0,24.9110079407692,0,0,0,377.877874702215,0,0,0,96.5917354226112,0,84.925052344799,0,0,0,25.2000088095665,0,20.3281214535236,0,0,0,0,0,0,0,0,0,78.5843269228935,0,1.10996675491333,0,0,2.40149372816086,1.77496808767319,6.13824957609177,50.6313151419163,4.17289704084396,4.19863790273666,0,11.3022695183754,0,12.2506456375122,0,10.4116362631321,0,15.8172455430031,0,50.6209506690502,0,938.444158911705,0,130.511145591736,0,52.9988357126713,0,379.577945649624,0,1072.07601416111,0,4518.29412469268,0,963.513164192438,1.20404195785522,0,0,34.6324789524078,6.41332370042801,2.66576084494591,0,87.4901622235775,0,99.9161297678947,0,11.3263379335403,0,81.5838801860809,2.12496566772461,3.28851860761642,0,234.903742194176,0,17.336938560009,0,4008.53759139776,0,21.2285108864307,0,966.880038976669,0,0.532812416553497,0,0,0,9.34438854455948,0,2.62887954711914,0,0,0,0,0,0,0,0,0,0,0,0,0,0,0,0,0,0,0
0,215.610679805279,0,162.593645751476,0,0,0,167.117848873138,0,0,0,178.563252955675,0,28.9364418983459,0,0,0,27.6791756153107,0,1.64811837673187,0,0,0,0,0,0,0,0,0,23.8278663754463,0,0,0,3.21862059831619,4.20500785112381,0.684484601020813,2.21719312667847,51.0706924498081,0,15.0625057816505,0,10.20787525177,3.13992273807526,2.54608625173569,5.53345680236816,43.3101820349693,0,12.2999038994312,0,639.252775073051,0,1143.74226337671,0,11.5020817518234,0,9.65131947398186,0,570.73888912797,0,2625.77656039596,0,4256.51325318217,0,593.62803709507,0,0,4.19678980112076,231.392228811979,0,3.80143755674362,0.833061337471008,13.4866313040257,0,158.229337960482,0,13.2498748600483,3.16686102747917,112.602766811848,0,9.49456018209457,0,646.553230762482,0,11.5616357922554,0,4110.6880659461,0,7.47255271673203,0,1084.61103156209,0,0,0,0,0,2.84109580516815,0,0,0,0,0,0,0,0,0,0,0,0,1.088507771492,0,0,0,0,0,0,0
130.862036943436,28.0007931888103,321.248335182667,8.46372565627098,0,0,70.9882339835167,2.22459524869919,0,0,14.2116990685463,0,11.4672502875328,0,3.68417781591415,0,28.8549278974533,1.25634467601776,1349.61965060234,116.389291405678,7.2628093957901,0,489.711453765631,0.570077836513519,0,0,12.2375851273537,0,176.015142977238,6.74858063459396,712.568963438272,39.2728590369225,4833.75635662675,801.603653728962,2514.00686854124,659.241470634937,808.904407233,743.166477322578,537.144095301628,84.8927270174026,32.4103090763092,6.86028814315796,3920.0333288908,1088.33156061172,3241.32343667746,865.7817299366,1326.03273105621,274.205493152142,777.22235172987,327.67134898901,403.799750715494,27.8315155506134,37.1926275491714,0.485970854759216,143.919379651546,20.2766790390015,534.58902490139,136.010351836681,1563.96057519317,145.441646367311,118.12433257699,6.25653696060181,78.8817785382271,5.56308275461197,34.6324789524078,4.19678980112076,0,3144.84849384427,2760.59549000859,228.814979404211,299.298244476318,163.617494672537,278.984483748674,160.277278095484,46.2250597178936,22.4645643830299,1287.20739272237,651.148973613977,13.264101266861,7.86102786660194,250.40976062417,23.953492641449,9.44851443171501,0,151.002479225397,8.53909081220627,9.38779145479202,0,216.831167340279,6.93865722417831,9.06588000059128,0,0,0,66.012031763792,1.64958238601685,34.1396424770355,0,12.2899010777473,0,0,0,0,0,0,1.12304079532623,0,0,1.29331213235855,8.02574282884598,1.26690638065338,0,0,0,0,0
9.81069594621658,92.7376767396927,10.6776021718979,239.088246047497,0,0,0.710512816905975,37.1511571109295,0,0,0,43.7090255618095,0,4.1013435125351,0,0,33.8501870632172,40.6984460353851,59.2589190304279,1046.93766596913,1.05589294433594,5.12642878293991,2.41778510808945,345.33984798193,0,11.5529987812042,0,3.57417744398117,28.5021992921829,79.9981417357922,8.14489668607712,668.682630330324,154.172629654408,4517.95834189653,411.593764394522,1549.73344123363,778.990251541138,1084.67179861665,97.089239269495,753.56710845232,0,53.7511545717716,1343.76172286272,2485.04424411058,763.722987413406,2613.91616240144,244.337041288614,1602.01809552312,497.612469643354,796.925425469875,396.692602485418,275.371108621359,11.4139492511749,17.0674131214619,22.9568971991539,199.584038704634,178.357949256897,449.316464722157,426.806813061237,1701.41250899434,18.1961028575897,344.013248890638,14.2340692281723,266.959789812565,6.41332370042801,231.392228811979,3144.84849384427,0,282.814621299505,847.783936649561,95.5373829603195,103.536427408457,125.656743824482,554.366502135992,7.52393126487732,136.887428969145,658.025720030069,1265.57985639572,7.40353745222092,112.590901315212,93.2482687830925,528.998525887728,0,21.9774914681911,8.69505390524864,369.581244558096,0,36.121618360281,38.5813331007957,516.517042458057,0.923609435558319,0,0,0,0.567687332630157,72.1756576299667,0.925630688667297,14.2862652540207,0,1.72726148366928,0,0,0,0,0,0.760737419128418,0,0,3.59681272506714,14.8349072635174,11.1747078299522,0,0,0,0,0
2401.94686290622,427.049300938845,526.049433410168,197.014393210411,0.34280389547348,0,122.17309525609,76.3588452637196,0,0,53.1578784883022,0.605301380157471,27.3848060369492,0,0,0,28.4977214634418,0.965449541807175,2583.7415997982,1338.17206063867,0,0,15.5556353330612,0,0,0,0,0,151.246672213078,5.33099925518036,20.7839384078979,10.0546667575836,1075.06723719835,631.845764786005,0,7.72631937265396,374.645359098911,6.96727132797241,66.6816074252129,0,0.662097334861755,0,1.81926488876343,3.59011590480804,0,0,2.50741273164749,1.55434310436249,2.07563430070877,0,7.10820177197456,0,0,0,0,0,2637.21848660707,64.3018562793732,248.098422318697,32.7941195368767,14.4595352709293,0,10.9398103654385,0,2.66576084494591,0,2760.59549000859,282.814621299505,0,892.859362721443,1132.14457926154,249.268975287676,1149.04317900538,132.486532270908,349.87200063467,16.5045432150364,4925.23172277212,540.620683729649,0.471792250871658,0,6.98888525366783,1.61036717891693,0.669181108474731,0,1.32421207427979,0,0,0,0,0,0,0,0,0,123.401827007532,6.48041552305222,13.9038009941578,0,0,0,0,0,0,0,3.26591962575912,0,9.56672638654709,0,18.7618065774441,10.3508967757225,0,0,0,0,0,5.13201785087585
50.0860213637352,979.780679047108,5.87773752212524,82.9210180342197,0,0,0.451463520526886,68.5554891526699,0,0,0,41.9449323713779,0,36.784587264061,0,3.52493810653687,0,35.7396306991577,89.4357813596725,2504.15636345744,0,0,0,44.4131914079189,0,0,0,0,2.15787661075592,12.379505366087,3.91423773765564,14.3871437013149,240.524855911732,1727.4961143136,9.59538453817368,0,2.13805428147316,50.9390079975128,1.76149129867554,39.6889446377754,0,0,9.67688339948654,0,0.722612142562866,0,0,13.7423223853111,0,0,0,0,0,0,0,0,26.3922871947289,2445.44440758228,11.106594979763,263.219728767872,0,5.06212604045868,0,18.2188214957714,0,3.80143755674362,228.814979404211,847.783936649561,892.859362721443,0,43.2215164005756,217.65892469883,1.69619917869568,427.77856606245,2.57742500305176,133.201452821493,292.775450319052,1971.86225420237,0,1.0951315164566,2.47293722629547,2.45964527130127,0,0,0,3.47077208757401,0,0,0,0,0,0,0,0,0,36.8337843120098,0,0,0,0,0,0,0,0,0,1.82525384426117,0,0,13.4804105162621,12.5301902294159,0,0,0,0,1.2503217458725,1.86236244440079
3299.44058272243,52.8810655474663,2347.78572666645,627.259894698858,1121.19916465878,120.40932688117,4069.5832734704,520.648557633162,937.16005307436,39.0573745667934,568.176339477301,120.35008263588,2281.77946785092,119.106473654509,1534.86640736461,33.3771010637283,141.930587857962,11.8420308530331,1454.58381614089,659.894633889198,795.961463183165,110.102825552225,1818.56262487173,1608.89144995809,612.453881859779,610.843194037676,759.448377996683,241.70074185729,836.286378920078,5.50791501998901,1182.3392226696,518.092543244362,310.498698711395,222.426801741123,91.4642113149166,6.60507035255432,387.686738997698,20.2436135113239,17.6068282425404,4.91867074370384,405.831953108311,34.1159445643425,12.1479110121727,2.29427230358124,11.1264825761318,0.954066097736359,43.7688564658165,12.401194691658,23.9462380111217,0,63.2578001320362,0,11.5786370038986,0,5.59519073367119,0,678.680363804102,26.8119087815285,165.417312890291,7.95591282844543,117.907138109207,1.18756592273712,88.6137290894985,2.70342910289764,87.4901622235775,0.833061337471008,299.298244476318,95.5373829603195,1132.14457926154,43.2215164005756,0,659.152922004461,3898.2422182858,211.932283014059,2179.83437526226,90.3251019120216,5856.71107494831,405.647320926189,4.78326654434204,0.799655795097351,98.3628289103508,3.84311282634735,14.4803391695023,4.15857666730881,112.5235491395,0,14.4456610381603,1.11232244968414,121.361441224813,6.25022959709167,28.3091613650322,9.60273087024689,10.9720230400562,0,143.40013346076,18.6308687329292,27.8692536950111,1.67642843723297,11.4092674851418,5.7064294219017,5.49751102924347,1.87102842330933,36.6094663441181,10.8893579244614,70.4642881155014,32.5559437572956,28.2784813940525,11.0161502957344,56.5050038099289,15.9336887001991,2.31123018264771,1.40544307231903,0,2.11269134283066,1.82957789301872,23.1507837176323
58.7493775188923,1210.34918019176,417.999776095152,2056.72350695729,88.6804137527943,701.687344044447,499.084581494331,2906.08545094728,40.1264413893223,585.01965624094,37.6045143604279,1107.99827572703,94.2653545439243,2310.18803068995,39.1449267864227,1294.69111570716,4.17102420330048,145.067581862211,446.582394242287,723.803946912289,38.8669024705887,537.31240940094,619.756257653236,1888.6770824194,92.2730707526207,788.623856991529,134.331345766783,775.65115454793,53.9277521669865,118.482936739922,170.634352773428,314.721452146769,128.876375883818,194.866446048021,6.90964072942734,4.26648634672165,23.4343891739845,179.12628865242,8.03950983285904,18.0594129860401,53.4822741150856,284.100676506758,3.2024599313736,0.725699067115784,3.01752245426178,0,0.453909277915955,104.009521365166,0,0,0,7.94213676452637,0,3.07015156745911,0,4.92394894361496,48.8836271762848,225.530222177505,21.25864392519,42.5681561231613,1.61315792798996,39.7049586772919,3.06470465660095,23.3821929693222,0,13.4866313040257,163.617494672537,103.536427408457,249.268975287676,217.65892469883,659.152922004461,0,167.672475576401,2735.54413026571,35.6042955517769,3098.67359092832,230.106155872345,8557.59776961803,0,0.571727871894836,0.831610023975372,5.91369417309761,4.12850546836853,14.0096084475517,1.1495053768158,22.2300269901752,3.16350466012955,12.8599184155464,5.63865208625793,46.3141374588013,7.32939821481705,23.4724371433258,3.53736478090286,2.94873121380806,63.5593782365322,72.2207702994347,23.9806099534035,7.62187349796295,5.87073311209679,7.77902793884277,4.80925613641739,11.3240005373955,21.1227978467941,34.1226325333118,48.6905488371849,104.94817507267,13.1307106018066,15.4579090774059,108.700399816036,15.0635105669498,11.0689717531204,0,5.28841212391853,3.82722437381744,6.30754536390305,21.5411188006401
2839.84626314044,8.70256960391998,1279.49138221145,177.378513395786,890.86767911911,11.375108063221,451.567353993654,86.7528827488422,744.360024333,0.768071174621582,478.14591935277,12.6050555706024,1322.2726983428,7.87022012472153,2558.42393985391,1.66004931926727,719.256721407175,4.05868113040924,812.373644351959,221.79425483942,162.968269765377,8.17823928594589,492.220602273941,440.340308845043,246.157492786646,60.8356679677963,216.587330818176,5.70986950397491,2472.88432750106,1.08799934387207,177.640724509954,159.696149289608,61.5856460928917,74.0647658705711,61.9596136808395,31.6352001428604,584.229184538126,38.2623672485352,57.2568532526493,2.20340692996979,865.892376422882,70.8677365779877,349.023194551468,2.55384534597397,145.06963300705,0.751385867595673,426.466725051403,7.21367400884628,314.173984229565,0,450.157446026802,0,72.077378898859,0,98.8038604557514,4.33517974615097,2399.49895638227,4.61255586147308,504.451056182384,4.59862989187241,233.409896016121,0,396.197099596262,0,99.9161297678947,0,278.984483748674,125.656743824482,1149.04317900538,1.69619917869568,3898.2422182858,167.672475576401,0,40.3194243013859,3878.03282156587,77.3599516749382,3078.95015266538,109.731195360422,32.6363995075226,0,624.607153356075,0,149.312678158283,0.956284046173096,235.863949984312,2.32737153768539,65.0831117928028,3.62816280126572,206.268092691898,9.7344633936882,56.3894994258881,12.9675567746162,17.8332894444466,9.98006954789162,161.861917167902,21.0731851458549,41.7252640128136,11.149032741785,52.7454898357391,8.83962601423264,15.7581786215305,4.95239850878716,40.8156183362007,36.3258247077465,82.1400524973869,44.3384544253349,29.4616794586182,15.6917266249657,50.6849456727505,23.0804734826088,1.33215329051018,0.545738101005554,0.521091222763062,3.9419464468956,5.02890062332153,26.5127218961716
53.4979722797871,2017.75070697069,122.524225175381,1437.15454292297,11.5701947808266,924.324782729149,107.060387223959,591.079481244087,6.22561758756638,644.692092746496,8.94100666046143,1294.02240031958,12.1533243656158,2250.36370846629,6.72123485803604,3875.11045154929,8.4425932765007,2259.62874171138,437.654035955667,823.953444600105,4.17980855703354,294.132017374039,129.153580248356,696.16292116046,9.68250834941864,399.039875745773,27.7292350530624,613.527380138636,11.5797561407089,4561.72702670097,59.6051874160767,108.89713165164,74.5910371541977,210.65357786417,34.5115951299667,24.2695269584656,40.7921051979065,518.468933969736,3.21217638254166,74.7372517883778,15.4007386565208,1684.16381508112,67.9764214456081,506.777499824762,21.2289978861809,418.97883272171,5.81777280569077,655.224660813808,0,524.962914198637,0,389.383894711733,0,83.146846562624,2.11494088172913,95.7307798266411,16.2270775437355,1927.21454417706,11.0825923681259,448.483914971352,2.71554470062256,303.361008882523,0.990279793739319,886.430981516838,0,158.229337960482,160.277278095484,554.366502135992,132.486532270908,427.77856606245,211.932283014059,2735.54413026571,40.3194243013859,0,11.4447481036186,1989.57236373425,158.298868715763,1873.27781137824,0,277.099319666624,2.58345419168472,1095.9625492394,0,660.18972375989,0,922.43453258276,0,277.528729945421,1.15383636951447,649.736515820026,17.2120712399483,45.6299763917923,4.8631044626236,14.1264867186546,27.979953199625,73.1288177669048,23.5461755096912,17.3591206073761,5.00538110733032,38.7579632997513,7.43270993232727,9.81872498989105,28.0652883648872,52.1231162548065,27.0174123048782,53.9058420956135,19.2782557606697,14.1771656870842,47.6510570943356,19.9744288623333,16.1758908629417,0,2.9636470079422,3.36221233010292,9.81725817918777,9.80414414405823
620.071195065975,2.93788546323776,263.728654563427,24.9230280518532,13.1707361638546,0,103.994667381048,7.42027312517166,40.3140713572502,0,49.6432645320892,1.68984079360962,220.826393038034,0,154.057273745537,0,75.6847656369209,0,269.246324419975,68.5444470643997,21.5806633234024,1.20225501060486,64.2074866592884,30.152524471283,4.50834754109383,2.06460565328598,8.13024175167084,6.58834463357925,124.380329608917,0,20.9709525108337,22.9681752324104,17.3184055685997,8.21813672780991,5.37507909536362,15.1120111346245,1184.88836151361,14.9649092853069,96.6744193434715,4.56949329376221,267.174157649279,20.7683534026146,26.9835523366928,0,17.1846050620079,0,32.3356809020042,1.83974063396454,20.4015234410763,0,40.2451164424419,0,4.27156013250351,0,9.91863644123077,0.630517542362213,357.379378914833,0,78.3640139997005,0,30.7847580015659,0,39.4462667405605,0,11.3263379335403,0,46.2250597178936,7.52393126487732,349.87200063467,2.57742500305176,2179.83437526226,35.6042955517769,3878.03282156587,11.4447481036186,0,52.842506557703,935.34220007062,70.8100154101849,0,0,19.7526426911354,1.36598789691925,17.7391309142113,1.02771234512329,28.3455482125282,0,17.2572466135025,1.83431404829025,36.4017650783062,4.22069656848907,71.3507497608662,94.4860759079456,20.8556655347347,28.4526525437832,233.087080568075,41.165709733963,61.2315558195114,10.5117745995522,31.6246857941151,27.2926992475986,29.1326909959316,29.3241383135319,78.0233848690987,95.6450981795788,112.647305756807,59.2283633947372,47.5739915370941,8.18477982282639,53.7076477706432,14.0020378828049,11.7905804216862,0.719619691371918,5.00871989130974,3.22367492318153,13.0869614779949,15.9278682470322
6.6138998568058,457.188788533211,22.5608297884464,340.832181870937,0,21.9150869548321,19.2198805212975,169.702437728643,0,26.0936121940613,0.638551533222198,51.8323948979378,2.7702693939209,294.566572636366,0,179.80648624897,0.951859176158905,100.635595798492,92.4995954930782,287.121321320534,18.2503021359444,55.1960709691048,14.4713732600212,206.531499654055,0,9.60941308736801,2.77407908439636,5.37645155191422,0,31.4113477468491,9.08406257629395,23.6750766634941,14.3750375509262,57.1533087491989,4.56227412819862,2.96283566951752,62.9338576197624,611.699188530445,34.0826418697834,61.2776136696339,98.4534780979156,273.105950832367,11.310841947794,79.8655467927456,3.94449174404144,96.108118891716,6.86346125602722,81.2618011534214,0,108.145127862692,0,52.7098976671696,0,5.6959445476532,0.959631443023682,11.2075476944447,0.664518654346466,346.46393892169,1.26112687587738,72.2730377912521,0,36.4364740550518,0,64.0736614465714,0,13.2498748600483,22.4645643830299,136.887428969145,16.5045432150364,133.201452821493,90.3251019120216,3098.67359092832,77.3599516749382,1989.57236373425,52.842506557703,0,54.4236486554146,1078.81537869573,0,5.28915148973465,0,65.8102403283119,1.45724660158157,16.4216768145561,3.05645817518234,100.921257525682,7.30182498693466,47.5213696360588,4.23846745491028,107.666313230991,77.9757976531982,74.5654588341713,28.3488498926163,20.060776501894,55.1219827234745,104.752180606127,62.5074216127396,15.9724056720734,34.4437810182571,24.9180134534836,35.0757615864277,19.7383632659912,48.3682260215282,78.6614360809326,52.3874194324017,118.125527828932,29.8192320466042,24.0797190964222,86.303827226162,23.5617426037788,15.1168369948864,0.630415499210358,2.04412230849266,3.64524161815643,9.72619536519051,20.7074919044971
4228.1452690661,570.090178400278,1986.59491765499,336.217766463757,43.1244516968727,0,740.220322459936,178.691707611084,85.2707012295723,0,328.815033823252,31.4056920707226,939.781182676554,15.5341712534428,407.153235018253,2.10524988174438,194.013059437275,30.6165469288826,2065.22125738859,893.228696376085,8.34473478794098,0.956073343753815,324.998207956553,90.7334226369858,6.30363208055496,0,5.49535316228867,5.06584692001343,650.581709384918,12.0503984093666,129.400645852089,153.203718334436,96.9097735285759,235.085899144411,287.16172015667,237.17799860239,3869.20469161868,269.042292803526,139.247502624989,54.6716594099998,319.89662656188,5.79369628429413,728.703435331583,158.135023355484,379.789186775684,127.823682039976,606.391016155481,115.389810323715,554.081749647856,31.029088973999,629.077364146709,6.79572016000748,54.387413918972,1.68445983529091,146.879139721394,21.6027971804142,3536.71091729403,290.256076216698,1210.98047181964,93.3300756812096,278.548388510942,23.305945456028,319.24377644062,39.7924247384071,81.5838801860809,3.16686102747917,1287.20739272237,658.025720030069,4925.23172277212,292.775450319052,5856.71107494831,230.106155872345,3078.95015266538,158.298868715763,935.34220007062,54.4236486554146,0,880.576664447784,2.31720423698425,10.1772747039795,234.357484310865,47.7721417844296,46.6325554251671,2.20300203561783,206.552641659975,23.453752040863,58.144396841526,2.43341213464737,335.415139555931,14.1311782300472,83.5213979780674,43.6396780610085,75.5519766807556,27.1185223758221,871.045969337225,82.4193430542946,221.264234364033,6.88063490390778,64.6926244199276,3.26369506120682,70.0879816710949,13.857023537159,138.904725968838,58.1231208741665,673.670031756163,243.353302329779,68.4351863265038,7.88657540082932,386.112245738506,584.937987327576,21.8841033279896,6.10300582647324,27.8672975301743,34.902781277895,42.9213319718838,152.875225633383
143.764219284058,4090.29191809893,123.148323744535,2706.37579545379,0,16.083488792181,96.3867385983467,1356.86369267106,0,34.6055501401424,7.79571753740311,481.263845860958,3.48870277404785,989.323173284531,0,219.92745578289,14.5691395998001,407.975302994251,1071.47037750483,2715.97065478563,6.2736331820488,0.795554459095001,68.9326942265034,993.78428119421,0,6.46918001770973,3.51909422874451,8.00471156835556,31.7290360927582,75.6622353494167,107.348626077175,161.069599628448,259.96730902791,766.730767577887,100.241924971342,155.718282699585,180.165157318115,3443.89556103945,56.8617664575577,141.335199147463,1.42432105541229,117.213973075151,100.605160713196,321.025299429893,49.6274079680443,341.013488769531,62.5572393238544,546.776072233915,10.8766930699348,330.952591091394,5.86560821533203,151.782841444016,0,25.5538426041603,4.21791911125183,90.2213641107082,107.757996588945,2275.81787547469,86.019797116518,687.817525535822,5.1862701177597,150.305486917496,3.92774891853333,258.73936226964,2.12496566772461,112.602766811848,651.148973613977,1265.57985639572,540.620683729649,1971.86225420237,405.647320926189,8557.59776961803,109.731195360422,1873.27781137824,70.8100154101849,1078.81537869573,880.576664447784,0,2.3498398065567,23.8018728494644,24.8790743947029,323.645230263472,0.666910231113434,41.5972989201546,0,383.173581540585,0,82.9186409413815,2.86357176303864,314.247752577066,92.1576610505581,207.142168283463,76.7767388224602,109.38815626502,309.407664567232,374.833259344101,87.8093520700932,43.325085490942,32.089422672987,65.6338409781456,76.4584690928459,59.9389722943306,106.93970310688,280.699456572533,373.303767591715,677.827395409346,41.0598593354225,50.7214849293232,768.88849017024,892.410188108683,93.9841297864914,16.8642752170563,27.7618990242481,35.4507150352001,85.69161054492,187.741395622492
4.38971728086472,0,0,0,0,0,1.69987881183624,0,0,0,11.1142259836197,0,1.45137697458267,0,0,0,273.49466329813,0,0,0,0,0,0,0,0,0,0,0,352.128995299339,0,0,0,0,1.01222193241119,0,0,0.812284708023071,1.66931927204132,0,0,0,0,1.28573274612427,0,0,0,0,0.67314600944519,9.34803420305252,0,8.22701168060303,0,0,0,0,0,18.5001631975174,0,35.6991179585457,1.64085376262665,17.7039867341518,0,51.7238414883614,0,3.28851860761642,0,13.264101266861,7.40353745222092,0.471792250871658,0,4.78326654434204,0,32.6363995075226,0,0,0,2.31720423698425,2.3498398065567,0,0,755.847392559052,0,4.48295778036118,0,29.6300369501114,0,0,0,3.3542263507843,0,0,0,0,0,1.80376151204109,0,0,0,0,0,0,0,0,0,0.771318137645721,0,0,0,0,0,0,0,0,0,0,0
0,1.94446170330048,0,0.675640225410461,0,0,0,6.35978776216507,0,0,0,3.52180534601212,0,4.21573209762573,0,0.781826674938202,0,213.159616619349,0,0,0,0,0,0,0,0,0,0,0,443.332924664021,0,0,0,2.56810832023621,6.54285430908203,2.03095835447311,0.915867984294891,7.94977611303329,0,2.21128308773041,0,3.70119142532349,2.68757736682892,2.51562249660492,0,12.1280675530434,0,6.14517146348953,0,31.341687887907,0,23.1519069969654,0,0,0,0,1.9850937128067,26.7533124089241,0.788758754730225,57.5196822285652,0,11.6486226320267,0,133.680862039328,0,9.49456018209457,7.86102786660194,112.590901315212,0,1.0951315164566,0.799655795097351,0.571727871894836,0,277.099319666624,0,5.28915148973465,10.1772747039795,23.8018728494644,0,0,0,1576.93214762211,0,79.5651236176491,0,64.1186119019985,0,13.3503438830376,0,15.2664145827293,0,0,0,0,0,1.17558789253235,0,0,0,2.28073215484619,0,0,0,0,0,0,0,0,0,0,0,0,0,0,0,0
222.737684309483,0.90756767988205,12.3999750614166,0,0,0,19.1321026086807,0,0,0,578.866324663162,0,219.4511474967,0,12.5062678456306,0,2003.05236208439,0,15.7505615651608,0,0,0,0.906583845615387,0,0.480634838342667,0,0,0,2199.61870348454,0,1.74354767799377,0,2.07713037729263,23.4989442229271,54.6112035214901,27.0551299452782,123.87909168005,8.32273292541504,18.2225445508957,1.9150618314743,22.4884475469589,0,99.1147047281265,2.24442803859711,126.53640756011,0,89.5518068373203,2.59412169456482,320.053446561098,0,420.683258652687,0,51.1094137728214,0,54.565249145031,0,399.184018522501,1.9006952047348,515.196348786354,5.08545458316803,803.89894682169,0,3119.17470863461,0,234.903742194176,0,250.40976062417,93.2482687830925,6.98888525366783,2.47293722629547,98.3628289103508,0.831610023975372,624.607153356075,2.58345419168472,19.7526426911354,0,234.357484310865,24.8790743947029,755.847392559052,0,0,1.20997059345245,1670.97393232584,0,6278.12848833203,0,69.4768333733082,0,356.063906311989,0,1.75404369831085,0,0,0,15.3550072610378,0,8.02872055768967,0,12.175183057785,0,2.14071297645569,0,0,0,1.672807097435,0,0,0,2.17302364110947,2.81922048330307,0,0,0,0,0,0
0,6.45030385255814,0,2.36545646190643,0,2.08009576797485,0,8.56170895695686,0,0,0,52.371250808239,0,66.0556272268295,0,15.0388734042645,6.44615936279297,548.642425686121,0,0,0,0.801042377948761,0,2.04212188720703,0,0,0,0.979458510875702,0,916.534536719322,0,0,0,12.7615824341774,39.4381604194641,30.7730144262314,0.634477198123932,175.290409505367,0,22.6912195086479,0,30.7517404556274,13.7741358280182,101.225624263287,4.62519460916519,225.132466107607,0.690692067146301,91.0551604926586,0,361.985175013542,0,269.399375170469,0,7.60475099086761,0,9.78252238035202,2.53516191244125,113.959614098072,2.64270126819611,317.098230242729,0,180.138699650764,0,1575.71697080135,0,646.553230762482,23.953492641449,528.998525887728,1.61036717891693,2.45964527130127,3.84311282634735,5.91369417309761,0,1095.9625492394,1.36598789691925,65.8102403283119,47.7721417844296,323.645230263472,0,1576.93214762211,1.20997059345245,0,0,2286.91454225779,0,4815.59462472796,0,322.006890892982,0,257.47253587842,0,0,0,0,0.936789393424988,21.6363032460213,0,0,0,1.05587148666382,0,0,0,0,0,2.46345138549805,0,0.942276537418365,3.78457224369049,13.1146695017815,0,0,0,0,0,0
9.2803675532341,0,12.1201537251472,1.8474223613739,16.9692358374596,0,4.67256933450699,0,3.05085581541061,0,27.4461399316788,0,6.32363939285278,0,31.8381253480911,0,43.2889251708984,0,21.2457680702209,2.99655884504318,1.505231320858,0,0.718614459037781,0,1.5387961268425,0,2.06845676898956,1.00650072097778,1058.20645993948,0,0,0,0,1.15585672855377,9.20219987630844,2.96078932285309,338.279653340578,0,127.931254774332,0,704.201916873455,3.4121276140213,3.69640207290649,0,0,0,52.1142711341381,0,17.64079028368,0,47.8479171395302,0,15.472483843565,0,71.7215559780598,0,2.04269433021545,0,9.92277240753174,0,8.00554797053337,0,24.6152520477772,0,17.336938560009,0,9.44851443171501,0,0.669181108474731,0,14.4803391695023,4.12850546836853,149.312678158283,0,17.7391309142113,1.45724660158157,46.6325554251671,0.666910231113434,4.48295778036118,0,1670.97393232584,0,0,0,1592.88777211308,0,1112.06999990344,0,221.116742312908,0,0,0,0,0,4.36405435204506,0,0,0,0,0,0,0,0,0,1.01454424858093,0,0,0,0,0,0,0,0,0,0,0
0,0,0,0.475912004709244,0,77.7892493903637,0,0,0,9.04678559303284,0,0,0,0,0,78.3150927722454,0,5.24022364616394,0,0,1.44225531816483,91.2152551710606,0,1.58597135543823,0.539639711380005,19.502053797245,3.51065814495087,107.151589125395,0,1095.19212055206,0,6.23254817724228,0,1.21945324540138,3.97892016172409,1.96425014734268,0,587.144181013107,0,200.783368200064,2.94132196903229,2690.17015036941,0.511932849884033,41.9261281192303,0,19.7094211578369,0,70.349014878273,0,71.2188690304756,0,64.1766393780708,0,4.55452543497086,0,52.8637367784977,0,0,0,13.0151969492435,0,4.43267902731895,0,27.859276175499,0,11.5616357922554,0,21.9774914681911,0,0,4.15857666730881,14.0096084475517,0.956284046173096,660.18972375989,1.02771234512329,16.4216768145561,2.20300203561783,41.5972989201546,0,79.5651236176491,0,2286.91454225779,0,0,0,424.900494933128,0,1668.4087690115,0,191.333324313164,0,0,0,0,0,3.95778754353523,0,0,0,0.713437139987946,0,0,0,0,0,0,0,0,0,2.4534615278244,0,0,0,0,0,0
710.92792391777,0,21.5364194512367,0,7.62157660722733,0,110.736874639988,0,1.04868900775909,0,669.855884432793,0,255.238713562489,0,21.9150228500366,0,320.854964822531,0,18.6450877189636,0,0.682799339294434,0,0,0,0,0,3.59481018781662,0,669.263781487942,0,2.92271494865417,0,1.9965558052063,4.1481329202652,53.8617057204247,31.1970255970955,204.131903171539,0,17.3142490983009,0,106.002920746803,1.25456368923187,81.7958648204803,0,47.6794072091579,0,254.862333089113,0,223.651129364967,0,2151.12982821465,0,378.066056460142,0,106.102561920881,0,147.102993786335,0,294.951081991196,0,883.618975400925,0,1178.08011725545,0,4008.53759139776,0,151.002479225397,8.69505390524864,1.32421207427979,0,112.5235491395,1.1495053768158,235.863949984312,0,28.3455482125282,3.05645817518234,206.552641659975,0,29.6300369501114,0,6278.12848833203,0,1592.88777211308,0,0,0,580.015735268593,0,6062.26635736227,0,13.381567299366,0,0,0,10.5837952494621,0,1.86825066804886,0,10.2351941764355,0,0,0,0,0,0,0,0,0,0,0.999223411083221,0,0,0,0,0,0
0,204.40748873353,0,46.691000431776,0,4.06898087263107,0,144.994942128658,0,0.82848197221756,0,366.737923026085,0,101.213642835617,0,13.1816565394402,0,135.812001377344,0,2.84479403495789,0,3.07952290773392,0,0,0,0.896227419376373,0,3.73519977927208,0,147.691404283047,0.521212458610535,0,0,5.88178294897079,28.836966753006,22.8246303796768,1.94656312465668,492.694958150387,0,64.6079410016537,1.60484582185745,316.637510538101,14.661183655262,258.386167854071,4.34524387121201,158.843501597643,0,460.961522966623,0,423.07343313098,0,3327.19822227955,0,405.965574294329,0,330.774844557047,0,183.106468886137,0,285.307838141918,0,1296.43742865324,0,883.49336463213,0,4110.6880659461,8.53909081220627,369.581244558096,0,3.47077208757401,0,22.2300269901752,2.32737153768539,922.43453258276,0,100.921257525682,23.453752040863,383.173581540585,0,64.1186119019985,0,4815.59462472796,0,424.900494933128,0,0,0,1325.59335711598,0,7237.11334431171,0,0,0,0,0,8.12106192111969,0,0,0,9.31379470229149,0,0,0,0,0,0,0,0,2.00291931629181,0.687024295330048,0.549939930438995,0,0,0,0,0
0,0,0,0,17.2334375679493,0,0,0,0,0,0,0,0,0,14.7606919109821,0,2.18433108925819,0,0,0,5.32646113634109,0.588659703731537,0,0,0,0,0,0,448.021824151278,0,0,0,0,0,3.28699213266373,0,910.232778996229,0,155.021873086691,0,919.152756243944,5.18728333711624,8.86351776123047,0,0,0,106.062532097101,0,0.615486681461334,0,27.5463356971741,0,34.2728096544743,0,417.771996200085,0,0,0,0.886198997497559,0,5.56201219558716,0,8.81109198927879,0,21.2285108864307,0,9.38779145479202,0,0,0,14.4456610381603,3.16350466012955,65.0831117928028,0,17.2572466135025,7.30182498693466,58.144396841526,0,0,0,69.4768333733082,0,1112.06999990344,0,580.015735268593,0,0,0,1653.35365921259,0,0,0,0,0,4.66645330190659,0,2.13627326488495,0,0,0,0,0,0,0,0.989014148712158,0,0.757502317428589,0,0,1.443339407444,0,0,0,0,0,0
0,0,0,0,0,17.5293489992619,0,0,0,8.04161247611046,0,0,0,0.857673645019531,0,25.2475595772266,0,1.65024268627167,0,0,3.00760698318481,6.73549067974091,0,0,0,6.3743639588356,0,19.9009159505367,0,103.897842228413,0,0,0,0.975304901599884,2.2820058465004,5.67847061157227,0,1103.52543383837,0,330.648309975863,12.6292013525963,2234.44436696172,0.953137874603271,56.1344653964043,0.461751580238342,8.90947049856186,0.449016362428665,162.305229574442,0,35.9921172559261,0,41.1033290326595,0,21.0506897866726,0,561.791689962149,0,0,0,7.04144501686096,0,9.28960776329041,0,25.7774067223072,0,7.47255271673203,0,36.121618360281,0,0,1.11232244968414,12.8599184155464,3.62816280126572,277.528729945421,1.83431404829025,47.5213696360588,2.43341213464737,82.9186409413815,0,13.3503438830376,0,322.006890892982,0,1668.4087690115,0,1325.59335711598,0,0,0,2677.04974752665,0,0,0,0,0,2.21343120932579,0,0.481779992580414,0,0.731715500354767,0,0,0,1.73911851644516,0,2.28071975708008,0,0,0,0,1.29207813739777,0,0,0,1.29373204708099,0
434.268631100655,0,10.3720890879631,0,2.65145206451416,0,50.13731777668,0,1.14113926887512,0,386.589121758938,0,136.243630766869,0,9.95420283079147,0,179.335539996624,0,3.84478360414505,0,4.72708839178085,0,0.835760772228241,0,0,0,0,1.05036962032318,327.285608112812,0,0,0,1.48561930656433,3.36315071582794,79.4407731890678,40.9124777019024,1487.61782220006,2.85250544548035,265.389205783606,0,297.815449029207,4.2719874382019,256.778776079416,1.78476685285568,48.7356468141079,0,1105.98931545019,0,211.850604474545,0,1273.00904712081,0,1259.00473472476,0,2950.5543423295,0,95.0269491076469,0,200.793511241674,0,255.588783115149,0,227.970257222652,0,966.880038976669,0,216.831167340279,38.5813331007957,0,0,121.361441224813,5.63865208625793,206.268092691898,1.15383636951447,36.4017650783062,4.23846745491028,335.415139555931,2.86357176303864,3.3542263507843,0,356.063906311989,0,221.116742312908,0,6062.26635736227,0,1653.35365921259,0,0,0,31.3801885247231,0,0,0,11.220128685236,0,7.2707285284996,0,52.1185099482536,0,0,0,0,0,0,0,0,0,0,3.27253305912018,0,0,0,0,0,0
0,245.759397506714,0,57.1046321988106,0,4.05480921268463,0,140.270605415106,0,0,0,128.220097959042,0,15.1196188926697,0.73228257894516,7.97071611881256,0,38.442148566246,0,0,8.40440475940704,1.86990690231323,0,0,0,1.21793985366821,0,2.21870142221451,0,51.6082894206047,0,0,0,0.64300000667572,17.0522935688496,48.1211134195328,0.954129576683044,1361.95779943466,0,347.340140461922,10.6527273058891,531.663203120232,30.2604088187218,432.423475474119,7.18059098720551,216.403660744429,0,997.414636731148,0,737.632523596287,0,2458.10319375992,0,1286.20885980129,0,4357.10113221407,0,225.148077070713,0,474.700928479433,0,463.875715762377,0,190.229847371578,0,1084.61103156209,6.93865722417831,516.517042458057,0,0,6.25022959709167,46.3141374588013,9.7344633936882,649.736515820026,4.22069656848907,107.666313230991,14.1311782300472,314.247752577066,0,15.2664145827293,0,257.47253587842,0,191.333324313164,0,7237.11334431171,0,2677.04974752665,0,0,0,0.699404776096344,0,0,0,11.5382666885853,0,3.41013872623444,0,29.4411952495575,0,0,0,0,0,0,1.93372142314911,1.24785399436951,0,4.00376617908478,0,0,0,0,0,0
0,0,0,0,0,0,0,0,0,0,0,0,0,0,0,0,0,0,0,0,0,0,0,0,0,0,0,0,18.9552994966507,0,0,0,0,0,4.37173140048981,6.45922303199768,90.4527013003826,22.7739545106888,41.6848596632481,18.7429161667824,5.18019670248032,0,40.5788795948029,0,7.57084307074547,0,238.636532902718,1.99673473834991,22.9308905899525,0,67.9538224935532,0,22.0196190476418,0,19.4164389073849,0,0.980536282062531,0,5.80309891700745,0,0,0,0,0,0.532812416553497,0,9.06588000059128,0.923609435558319,0,0,28.3091613650322,7.32939821481705,56.3894994258881,17.2120712399483,71.3507497608662,77.9757976531982,83.5213979780674,92.1576610505581,0,0,1.75404369831085,0,0,0,13.381567299366,0,0,0,31.3801885247231,0,0,287.220500349998,2909.51399758458,81.1925935447216,312.027283102274,165.91264462471,1923.8324020803,116.477940946817,2397.56892159581,166.729651361704,850.484991431236,74.4102210998535,449.574741095304,307.360743880272,417.461426854134,145.892481595278,240.440736502409,73.2755073308945,23.0995173156261,29.5702312290668,146.821624189615,46.5804104506969,51.7639434039593,36.7474181056023,10.9966322481632,25.9789426624775
0,0,0,0,0,0,0,0,0,0,0,0,0,0,0,0,0,0,0,0,0,0,0,0,0,0,1.33372581005096,0,0,0,0,0,0,0,0,0,72.1107246279716,45.8586482703686,80.8770036995411,63.4062317609787,0,1.67519390583038,0,0,0,0,0.407987475395203,6.27285003662109,0,0,0,0,0,0,0,0,0,0,0,0,0,0,0,0,0,0,0,0,0,0,9.60273087024689,23.4724371433258,12.9675567746162,45.6299763917923,94.4860759079456,74.5654588341713,43.6396780610085,207.142168283463,0,0,0,0,0,0,0,0,0,0,0,0.699404776096344,287.220500349998,0,96.5388786494732,2261.44368755817,105.824447661638,768.446319669485,251.797104358673,434.289551496506,210.873385965824,1976.70111709833,154.189771324396,233.780422449112,438.833017617464,759.830144405365,161.657135814428,909.317610919476,130.056413561106,278.675251632929,76.8863145709038,68.0787806510925,248.424791693687,52.0030815601349,208.873355835676,10.8880074620247,73.4770653247833,25.219417154789
0,0,0,0,0,0,0,0,0,0,0,0,0,0,0,0,0,0,0,0,0,0,0,0,0,0,0,0,0,0,0,0,0,0,0,0,20.8276543319225,10.0208760797977,26.0636032819748,8.40617293119431,0.491736143827438,0,0,0,0,0,0,0,0,0,0,0,0,0,0,0,0,0,0,0,0,0,0,0,0,0,0,0,0,0,10.9720230400562,3.53736478090286,17.8332894444466,4.8631044626236,20.8556655347347,28.3488498926163,75.5519766807556,76.7767388224602,0,0,0,0,0,0,0,0,0,0,0,0,2909.51399758458,96.5388786494732,0,14.1632549762726,318.487809866667,85.3261416852474,714.92329698801,51.7616549730301,235.417402625084,86.6466795504093,1025.91799351573,18.937592446804,1135.76669099927,118.930241882801,502.430165022612,100.274542629719,129.216650009155,37.3204618096352,25.9243633747101,33.1671148538589,96.1513046622276,21.674654006958,115.557462990284,41.2623263895512,18.1047128736973,20.5577392578125
0,0,0,0,0,0,0,0,0,0,0,0,0,0,0,0,0,0,0,0,0,0,0,0,0,0,0,0,0,0,0,0,0,0,0,0,42.0930732786655,21.605088531971,42.5110061764717,17.5177644193172,0,0.622639834880829,0,0,0,0,0.600851953029633,1.42652490735054,0,0,0,0,0,0,0,0,0,0,0,0,0,0,0,0,0,0,0,0,0,0,0,2.94873121380806,9.98006954789162,14.1264867186546,28.4526525437832,20.060776501894,27.1185223758221,109.38815626502,0,0,0,0,0,0,0,0,0,0,0,0,81.1925935447216,2261.44368755817,14.1632549762726,0,45.7334958612919,314.930114030838,123.604774862528,106.205736666918,63.1879978477955,233.510932475328,43.1426819860935,570.46500775218,159.381756842136,1036.35820910335,64.6403911113739,708.881209403276,53.7262407839298,86.6241230964661,105.163541346788,72.0359937548637,209.483446478844,39.2123570144176,124.203763544559,29.4615797400475,118.93180385232,14.5731464326382
114.173341155052,12.8839845657349,66.4627396762371,13.5507371425629,0,0,20.7581131756306,1.74388587474823,0.84356877207756,0,6.86558699607849,0,17.3376025557518,0.671624422073364,9.48786106705666,0,13.3935029506683,1.93844974040985,74.1579732000828,14.151981651783,0,0.431492120027542,3.82822704315186,1.69472843408585,0,0,0.546864628791809,0,21.4233741462231,0,3.11210003495216,2.7591261267662,1.709054261446,9.36331668496132,3.77471753954887,6.05899506807327,138.278717815876,16.3757965862751,21.802971214056,8.05806887149811,6.39156353473663,1.27892950177193,10.2856318354607,0.547715961933136,12.6979795098305,0,23.5397597551346,8.32364445924759,35.0010998249054,0,33.9661612510681,0,4.1713744699955,0,6.74928849935532,0,206.143321096897,7.28821682929993,105.945495337248,0,27.9792096316814,0,33.084133118391,0.612299799919128,9.34438854455948,0,66.012031763792,0.567687332630157,123.401827007532,0,143.40013346076,63.5593782365322,161.861917167902,27.979953199625,233.087080568075,55.1219827234745,871.045969337225,309.407664567232,1.80376151204109,0,15.3550072610378,0.936789393424988,4.36405435204506,0,10.5837952494621,0,4.66645330190659,0,11.220128685236,0,312.027283102274,105.824447661638,318.487809866667,45.7334958612919,0,132.458824276924,1321.14760369062,20.485821723938,164.039649605751,32.1911412775517,260.650491505861,26.2876673340797,503.042651981115,119.949933767319,984.41899445653,245.458652317524,133.093618750572,39.3314479291439,343.665848910809,1022.74314469099,271.054448455572,21.0805593132973,102.045908927917,141.122305601835,84.6376521587372,97.1239612996578
3.44091790914536,57.5682727992535,5.55909222364426,30.2377492785454,0,0.668457806110382,0,10.317762285471,0,0,0,5.16587978601456,1.35260224342346,10.2398155033588,0.733950853347778,0,1.58821070194244,10.8098034858704,5.06146103143692,29.5840718448162,0,1.25232815742493,0,1.88285678625107,0,0,0,0.588838577270508,2.22015428543091,3.83426082134247,0.690047681331635,0.745973765850067,0,6.54855340719223,10.8322683572769,2.26921784877777,39.4191564917564,82.2675021886826,80.1190024018288,55.0247935056686,0,4.98938661813736,0,21.3098722696304,0,24.6736756563187,2.20664924383163,21.5344633162022,0,45.0708788633347,0,14.086717247963,0,0,0,1.80311584472656,2.53300034999847,77.6813340187073,0,32.7234563827515,0,9.90898978710175,0,21.7923864722252,0,2.84109580516815,1.64958238601685,72.1756576299667,6.48041552305222,36.8337843120098,18.6308687329292,72.2207702994347,21.0731851458549,73.1288177669048,41.165709733963,104.752180606127,82.4193430542946,374.833259344101,0,1.17558789253235,0,21.6363032460213,0,3.95778754353523,0,8.12106192111969,0,2.21343120932579,0,11.5382666885853,165.91264462471,768.446319669485,85.3261416852474,314.930114030838,132.458824276924,0,155.888466060162,660.288807272911,76.587537676096,506.042963206768,68.0931280255318,138.909742534161,120.526625037193,395.189558923244,143.591746449471,509.908243685961,71.8977738320827,123.405997246504,154.687746107578,439.544219136238,530.271000623703,32.3534736633301,43.0158252418041,29.9068646430969,53.1304113268852,39.5083174109459
13.6394822001457,1.63625621795654,4.79717269539833,1.22120773792267,0,0,0.923376262187958,0,0,0,2.56778788566589,1.08457744121552,1.47838032245636,0,0,0,3.79068857431412,0,2.34225589036942,0.498373866081238,0,0,0,0,0,0,0,0,5.48130905628204,0,0,0,0.819127798080444,0.94083970785141,7.61928713321686,0,74.5693611204624,25.0417786836624,32.2525758743286,22.9401175379753,0,0,1.39442878961563,0,5.03584855794907,0,34.4621192216873,2.17940855026245,9.02729758620262,0,23.7263484597206,0,4.9266414642334,0,5.60947281122208,0,65.4243576526642,0,46.0750645697117,0,6.17799788713455,0,7.4592590034008,0,2.62887954711914,0,34.1396424770355,0.925630688667297,13.9038009941578,0,27.8692536950111,23.9806099534035,41.7252640128136,23.5461755096912,61.2315558195114,62.5074216127396,221.264234364033,87.8093520700932,0,0,8.02872055768967,0,0,0,1.86825066804886,0,2.13627326488495,0,7.2707285284996,0,1923.8324020803,251.797104358673,714.92329698801,123.604774862528,1321.14760369062,155.888466060162,0,85.5771227478981,3796.59364709258,149.637178272009,519.380047172308,61.068590849638,671.36689516902,279.834161818027,825.10271319747,175.901385545731,191.483789592981,46.8506923019886,52.9971322417259,234.224760562181,695.280461996794,53.0168803930283,154.430803328753,64.2955449223518,40.8586963117123,40.318571805954
0,0,0,0,0,0,0,0,0,0,0,0,0,0,0,0,0,0,0,0,0,0,0,0,0,0,0,0,1.79330229759216,0,0,0,0,0,2.15715181827545,2.43541061878204,14.3344504535198,20.642108798027,14.0100920200348,102.586139559746,0,2.81401389837265,3.03902816772461,41.3651504218578,3.05877470970154,50.2254002392292,1.51393473148346,271.662612348795,0,1.15014350414276,0,0,0,0,1.18119215965271,44.1474716365337,0,0,0,0,0,0,0,1.33240962028503,0,0,0,14.2862652540207,0,0,1.67642843723297,7.62187349796295,11.149032741785,17.3591206073761,10.5117745995522,15.9724056720734,6.88063490390778,43.325085490942,0,0,0,0,0,0,0,0,0,0.481779992580414,0,3.41013872623444,116.477940946817,434.289551496506,51.7616549730301,106.205736666918,20.485821723938,660.288807272911,85.5771227478981,0,66.9890921413898,2076.37301558256,67.8130599558353,21.7893838584423,183.528197586536,102.13901719451,69.2699878811836,142.613974958658,45.7302107214928,198.247648924589,23.5574744045734,32.4027426242828,652.109642833471,88.2909590601921,65.2352401912212,8.58072274923325,25.4000373482704,18.5821561217308
1.52510166168213,0,0,0,0,0,0,0,0,0,0,0,0,0,0,0,0,0,0,0,0,0,0,0,0,0,0,0,30.5638893246651,0,0,0,0,0,11.3255097866058,15.0805208683014,104.703120112419,24.2400559782982,19.4198911190033,5.31689763069153,8.17792564630508,0,102.838831573725,0,11.5637872815132,0,247.354187309742,0,21.2001792192459,0,55.9042572081089,0,16.624084174633,0,24.0826907753944,0,1.55753099918365,0,5.70858186483383,0,0,0,0,0,0,0,12.2899010777473,0,0,0,11.4092674851418,5.87073311209679,52.7454898357391,5.00538110733032,31.6246857941151,34.4437810182571,64.6926244199276,32.089422672987,0,0,12.175183057785,0,0,0,10.2351941764355,0,0,0,52.1185099482536,0,2397.56892159581,210.873385965824,235.417402625084,63.1879978477955,164.039649605751,76.587537676096,3796.59364709258,66.9890921413898,0,85.8329498171806,156.669638723135,40.8522020280361,80.8193162083626,188.734150856733,128.369261205196,73.3529635071754,107.604139089584,30.1388819217682,7.97495105862617,11.8436106741428,120.230180501938,36.8274375796318,20.7789213955402,25.7898619771004,10.2896211147308,8.60471415519714
0,0,0,0,0,0,0,0,0,0,0,0,0,0,0,0,0,0,0,0,0,0,0,0,0,0,0,0,0,0,0,0,0,0,0,0,22.5074464380741,32.5471664965153,20.3471765220165,25.8873829841614,0,8.40030565857887,183.042657911777,312.262690097094,4.19251960515976,11.2135302126408,0,506.683788359165,0,12.6916532814503,0,2.42822468280792,0,8.23083081841469,0,28.8942910730839,0,0,0,0,0,0,0,0,0,0,0,1.72726148366928,0,0,5.7064294219017,7.77902793884277,8.83962601423264,38.7579632997513,27.2926992475986,24.9180134534836,3.26369506120682,65.6338409781456,0,2.28073215484619,0,1.05587148666382,0,0.713437139987946,0,9.31379470229149,0,0.731715500354767,0,29.4411952495575,166.729651361704,1976.70111709833,86.6466795504093,233.510932475328,32.1911412775517,506.042963206768,149.637178272009,2076.37301558256,85.8329498171806,0,81.4125484824181,37.085054308176,230.687512308359,151.989703029394,91.5687028467655,168.451556771994,65.845704883337,231.291108429432,17.4739164113998,10.4532024860382,280.83171209693,110.965448439121,188.990222483873,28.6498051285744,11.857922911644,3.86667740345001
0,0,0,0,0,0,0,0,0,0,0,0,0,0,0,0,0,0,0,0,0,0,0,0,0,0,0,0,0,0,0,0,0,0,0,0,19.871494024992,11.3499206900597,30.0769873261452,13.1516268253326,0,0,0,0,0,0,0,0,0,0,0,0,0,0,0,0,0,0,0,0,0,0,0,0,0,0,0,0,0,0,5.49751102924347,4.80925613641739,15.7581786215305,7.43270993232727,29.1326909959316,35.0757615864277,70.0879816710949,76.4584690928459,0,0,2.14071297645569,0,0,0,0,0,0,0,0,0,850.484991431236,154.189771324396,1025.91799351573,43.1426819860935,260.650491505861,68.0931280255318,519.380047172308,67.8130599558353,156.669638723135,81.4125484824181,0,32.4547602832317,1677.97302666306,226.384923011065,430.978882163763,111.055234104395,178.802683860064,56.6721282601357,36.2435626983643,27.262125313282,70.8788123428822,10.050838470459,39.4348363876343,7.22900041937828,17.8998363018036,16.3294539153576
0,0,0,0,0,0,0,0,0,0,0,0,0,0,0,0,0,0,0,0,0,0,0,0,0,0,0,0,0,0,0,0,0,0,0,0,18.0726906061172,8.66599279642105,25.2552243173122,17.4839009642601,0.841627359390259,0,0,0,0,0,0.75592252612114,0,0,0,0,0,0,0,0,0,0,0,0,0,0,0,0,0,0,0,0,0,0,0,1.87102842330933,11.3240005373955,4.95239850878716,9.81872498989105,29.3241383135319,19.7383632659912,13.857023537159,59.9389722943306,0,0,0,0,0,0,0,0,0,0,0,0,74.4102210998535,233.780422449112,18.937592446804,570.46500775218,26.2876673340797,138.909742534161,61.068590849638,21.7893838584423,40.8522020280361,37.085054308176,32.4547602832317,0,126.811539620161,628.333065807819,49.9135999977589,309.982152044773,42.6938067674637,43.9536679089069,28.3181833028793,19.3448483645916,38.1882227361202,5.07527109980583,12.4003857076168,4.12771761417389,42.8611173331738,3.93047767877579
0,0,0,0,0,0,0,0,0,0,0,0,0,0,0,0,0,0,0,0,0,0,0,0,0,0,0,0,0,0,0,0,0,0,0,0,87.9771633446217,32.2930334806442,89.2593546807766,24.1856244802475,0.361694872379303,0,0,0,0,0,0,4.11827749013901,0,0,0,0,0,0,0,0,0,0,0,0,0,0,0,0,0,0,0,0,0,0,36.6094663441181,21.1227978467941,40.8156183362007,28.0652883648872,78.0233848690987,48.3682260215282,138.904725968838,106.93970310688,0,0,0,0,0,0,0,0,0,0,0,0,449.574741095304,438.833017617464,1135.76669099927,159.381756842136,503.042651981115,120.526625037193,671.36689516902,183.528197586536,80.8193162083626,230.687512308359,1677.97302666306,126.811539620161,0,772.135848969221,3226.48310884833,301.452433347702,530.492243289948,121.390357285738,101.007744520903,111.338507056236,345.399322092533,72.41546484828,124.573795676231,540.841429591179,286.036229640245,59.0183618962765
0,0,0,0,0,0,0,0,0,0,0,0,0,0,0,0,0,0,0,0,0,0,0,0,0,0,1.49461495876312,0,0,1.17837524414062,0,0,0,0,0,0.923794090747833,112.183679759502,54.1406781971455,84.8078861832619,73.6359804272652,0.887310862541199,2.92727559804916,0,0,0,0,0.978297710418701,1.92409870028496,0,0,0,0,0,0,0,0.929426252841949,0,0,0,0,0,0,0,0,0,0,0,0,0,0,10.8893579244614,34.1226325333118,36.3258247077465,52.1231162548065,95.6450981795788,78.6614360809326,58.1231208741665,280.699456572533,0,0,0,0,0,0,0,0,0,1.73911851644516,0,0,307.360743880272,759.830144405365,118.930241882801,1036.35820910335,119.949933767319,395.189558923244,279.834161818027,102.13901719451,188.734150856733,151.989703029394,226.384923011065,628.333065807819,772.135848969221,0,237.110664069653,4205.35091933608,215.723389923573,282.875312656164,141.324083268642,129.910666704178,257.872378200293,54.0537940561771,142.692401975393,420.38894712925,233.998228788376,35.6869620680809
6.53341960906982,1.89984834194183,0.525762975215912,0,0,0,0,0,0,0,4.33951115608215,0,0.452195852994919,0,0,1.33283019065857,0,0,1.6707601249218,1.18631744384766,0,0,0,0,0,0,0,0,5.6384688615799,0,1.9587031006813,0,0,0.72440367937088,0,0,50.2606193423271,17.5666434168816,29.7169159352779,14.0157169699669,2.57892799377441,0,0,1.20453214645386,0,0,1.20050650835037,4.0800689458847,0,0,0,0,0,0,0,0,9.97505807876587,0,0.691739499568939,0,0.778997838497162,0,2.51815193891525,0,0,0,0,0,3.26591962575912,0,70.4642881155014,48.6905488371849,82.1400524973869,27.0174123048782,112.647305756807,52.3874194324017,673.670031756163,373.303767591715,0.771318137645721,0,1.672807097435,0,1.01454424858093,0,0,0,0.989014148712158,0,0,0,417.461426854134,161.657135814428,502.430165022612,64.6403911113739,984.41899445653,143.591746449471,825.10271319747,69.2699878811836,128.369261205196,91.5687028467655,430.978882163763,49.9135999977589,3226.48310884833,237.110664069653,0,369.785010427237,400.833508968353,78.0750108659267,210.462159901857,188.977243214846,257.668373852968,28.4347838163376,68.031816393137,75.9011323153973,296.420287996531,153.564862340689
2.87133193016052,10.32064011693,0,3.30956724286079,0,0,0,2.12535899877548,0,0,1.08417820930481,1.22255730628967,0.90146279335022,0,0,0,1.41928124427795,2.37587416172028,0,3.91512495279312,0,0,0,0,0,0,0,0.84711629152298,6.17343950271606,1.64001470804214,1.15583729743958,1.77112627029419,0,8.22969305515289,0,0,46.4451838135719,42.1195791363716,31.5460368990898,14.5826303362846,0,0,0,1.12731802463531,0,0,1.32015764713287,9.03470680117607,0,0,0,1.13862264156342,0,0,0,0.626983463764191,0.683669686317444,1.63739675283432,0,1.38635611534119,0,0,0,0.397534489631653,0,0,1.12304079532623,0.760737419128418,0,1.82525384426117,32.5559437572956,104.94817507267,44.3384544253349,53.9058420956135,59.2283633947372,118.125527828932,243.353302329779,677.827395409346,0,0,0,2.46345138549805,0,0,0,0,0,2.28071975708008,0,0,145.892481595278,909.317610919476,100.274542629719,708.881209403276,245.458652317524,509.908243685961,175.901385545731,142.613974958658,73.3529635071754,168.451556771994,111.055234104395,309.982152044773,301.452433347702,4205.35091933608,369.785010427237,0,142.280583620071,337.557136982679,350.780364125967,174.124569028616,449.855039536953,61.2270306050777,94.3348814547062,96.6523097753525,639.992467284203,186.255552977324
16.9675562381744,2.10427975654602,0.905800580978394,0,0,0,0,0,0,0,0,0,0.44080376625061,0,0,0,1.29564416408539,0,3.38775682449341,0,0,0,0,0,0,0,0,0,3.80713719129562,0,0,0,0,0,0,0,40.2382601201534,7.97511255741119,24.0479022562504,3.31722539663315,0.755428910255432,0,0,0,0,0,0,1.75968933105469,0,0,0,0,0,0,0,0,12.6877016425133,1.76620399951935,0.783539593219757,0,0,0,4.09462666511536,0,0,0,0,0,9.56672638654709,0,28.2784813940525,13.1307106018066,29.4616794586182,19.2782557606697,47.5739915370941,29.8192320466042,68.4351863265038,41.0598593354225,0,0,0,0,0,0,0,0,0.757502317428589,0,0,1.93372142314911,240.440736502409,130.056413561106,129.216650009155,53.7262407839298,133.093618750572,71.8977738320827,191.483789592981,45.7302107214928,107.604139089584,65.845704883337,178.802683860064,42.6938067674637,530.492243289948,215.723389923573,400.833508968353,142.280583620071,0,79.7380261719227,16.1994017958641,19.3965908288956,65.0391690433025,7.30853915214539,10.3200122416019,9.24469462037086,14.332730948925,10.6840924024582
0,0.975427806377411,0,0,0,0,0,0,0,0,0,0,0,0.549373030662537,0,0,0,1.42774343490601,0,0,0,0,0,0,0,0,0,0,0,0,0,0,0,0.83962082862854,0,0,9.79771673679352,9.80656206607819,16.5697254538536,9.96007573604584,0,1.40270042419434,0,2.69353133440018,0,0,0,0.607811212539673,0,0,0,0,0,0,0,0,2.83620381355286,3.89458739757538,0,0,0,0,0,1.33875405788422,0,0,0,0,0,0,11.0161502957344,15.4579090774059,15.6917266249657,14.1771656870842,8.18477982282639,24.0797190964222,7.88657540082932,50.7214849293232,0,0,0,0.942276537418365,0,0,0,0,0,0,0,1.24785399436951,73.2755073308945,278.675251632929,37.3204618096352,86.6241230964661,39.3314479291439,123.405997246504,46.8506923019886,198.247648924589,30.1388819217682,231.291108429432,56.6721282601357,43.9536679089069,121.390357285738,282.875312656164,78.0750108659267,337.557136982679,79.7380261719227,0,20.2498617768288,11.8028258085251,46.0179001688957,3.65625005960464,10.4420098662376,7.15720546245575,18.8550175726414,5.57408112287521
21.1953624486923,43.4677158892155,13.2194989323616,34.3010883331299,0,0.595792651176453,0,13.8692314326763,0,0,5.26118838787079,5.30027890205383,13.1753745079041,13.5635296404362,1.49748182296753,1.03036466240883,2.51162004470825,2.43887013196945,22.6916124820709,34.0459911823273,0,0,0.973058104515076,9.54304614663124,0,0,0,0,2.68299108743668,0.752571105957031,0.921879947185516,2.66285473108292,0,8.13644737005234,0,0,15.3792151510715,9.42135584354401,1.14328077435493,0,4.13624727725983,1.34642860293388,0,1.1487158536911,0,0.655787169933319,0.486483067274094,3.69599235057831,0,0,0,0,0,0,0,0,13.3891382813454,15.4935329854488,0,1.30647331476212,0,0.576118886470795,0,0,0,1.088507771492,1.29331213235855,3.59681272506714,18.7618065774441,13.4804105162621,56.5050038099289,108.700399816036,50.6849456727505,47.6510570943356,53.7076477706432,86.303827226162,386.112245738506,768.88849017024,0,0,2.17302364110947,3.78457224369049,0,0,0,2.00291931629181,0,0,0,0,23.0995173156261,76.8863145709038,25.9243633747101,105.163541346788,343.665848910809,154.687746107578,52.9971322417259,23.5574744045734,7.97495105862617,17.4739164113998,36.2435626983643,28.3181833028793,101.007744520903,141.324083268642,210.462159901857,350.780364125967,16.1994017958641,20.2498617768288,0,480.985542088747,225.960846304893,49.3962815999985,102.280998647213,274.981180369854,151.540774106979,211.154294013977
7.67759555578232,20.6257976293564,6.28859728574753,5.38549345731735,0,0,0.959835886955261,2.80067622661591,0,0,0.762101113796234,1.04576897621155,1.07097375392914,3.91891980171204,0.547509372234344,0,4.94713532924652,5.29878914356232,7.59266167879105,5.96646350622177,0,0,0,2.9320564866066,0,0,0.6488116979599,0,4.00445812940598,0,0.644967019557953,0,0,2.16834199428558,6.2494010925293,3.48140436410904,66.5705155432224,45.529123544693,3.43516105413437,1.95849722623825,0,0.653828799724579,4.13908803462982,5.69305741786957,0.737500190734863,4.61653465032578,55.1803842186928,82.8010150194168,7.22092443704605,13.524943292141,4.84583777189255,2.07011032104492,0,0,0.873526573181152,0,24.5258955061436,22.6665327548981,11.0910558402538,12.69135004282,4.08318263292313,3.97463184595108,4.74948298931122,7.63693553209305,0,0,8.02574282884598,14.8349072635174,10.3508967757225,12.5301902294159,15.9336887001991,15.0635105669498,23.0804734826088,19.9744288623333,14.0020378828049,23.5617426037788,584.937987327576,892.410188108683,0,0,2.81922048330307,13.1146695017815,0,2.4534615278244,0.999223411083221,0.687024295330048,1.443339407444,0,3.27253305912018,4.00376617908478,29.5702312290668,68.0787806510925,33.1671148538589,72.0359937548637,1022.74314469099,439.544219136238,234.224760562181,32.4027426242828,11.8436106741428,10.4532024860382,27.262125313282,19.3448483645916,111.338507056236,129.910666704178,188.977243214846,174.124569028616,19.3965908288956,11.8028258085251,480.985542088747,0,638.475867301226,79.4710634946823,220.713114440441,597.467466056347,225.283646225929,195.031536459923
0,0,0,0,0,0,0,0,0,0,0,0,0,0,0,0,0,0,0,0,0,0,0,0,0,0,0,0,0,1.87414574623108,0,0.577383697032928,0,3.35961377620697,0,1.29860585927963,12.7712026834488,8.19384914636612,3.7217897772789,14.7501606941223,0,1.35225486755371,1.18849849700928,0,0,0,0.512191116809845,26.0738776624203,0.981219708919525,1.28885161876678,0,0,0,0,0,0,0,0,1.33393514156342,0,0,0.780606389045715,0,0,0,0,1.26690638065338,11.1747078299522,0,0,2.31123018264771,11.0689717531204,1.33215329051018,16.1758908629417,11.7905804216862,15.1168369948864,21.8841033279896,93.9841297864914,0,0,0,0,0,0,0,0.549939930438995,0,1.29207813739777,0,0,146.821624189615,248.424791693687,96.1513046622276,209.483446478844,271.054448455572,530.271000623703,695.280461996794,652.109642833471,120.230180501938,280.83171209693,70.8788123428822,38.1882227361202,345.399322092533,257.872378200293,257.668373852968,449.855039536953,65.0391690433025,46.0179001688957,225.960846304893,638.475867301226,0,370.354767382145,441.727210491896,634.971698492765,338.26974260807,252.489953547716
0,0,0,0,0,0,0,0,0,0,0,0,0,0,0,0,0,0,0,0,0,0,0,0,0,0,0,0,0,0,0,0,0,0,0,0,1.27594664692879,3.14789807796478,1.04229080677032,0.878281652927399,0,0.837185502052307,0,0,0,0,0,0,0,0,0,0,0,0,0,0,0,0,0,0,0,0,0,0,0,0,0,0,0,0,1.40544307231903,0,0.545738101005554,0,0.719619691371918,0.630415499210358,6.10300582647324,16.8642752170563,0,0,0,0,0,0,0,0,0,0,0,0,46.5804104506969,52.0030815601349,21.674654006958,39.2123570144176,21.0805593132973,32.3534736633301,53.0168803930283,88.2909590601921,36.8274375796318,110.965448439121,10.050838470459,5.07527109980583,72.41546484828,54.0537940561771,28.4347838163376,61.2270306050777,7.30853915214539,3.65625005960464,49.3962815999985,79.4710634946823,370.354767382145,0,184.21357062459,247.218148052692,65.835451155901,43.211697101593
0,0,0,0,0,0,0,0,0,0,0,0,0,0,0,0,0,0,0,0,0,0,0,0,0,0,0,0,0,0,0,0,0,0,0,0,1.76974684000015,4.70340791344643,1.6276798248291,1.42998903989792,0,0,0,0,0,0,0.481827408075333,0.661663115024567,0,0,0,0,0,0,0,0,0,0,0,0,0,0,0,0,0,0,0,0,0,0,0,5.28841212391853,0.521091222763062,2.9636470079422,5.00871989130974,2.04412230849266,27.8672975301743,27.7618990242481,0,0,0,0,0,0,0,0,0,0,0,0,51.7639434039593,208.873355835676,115.557462990284,124.203763544559,102.045908927917,43.0158252418041,154.430803328753,65.2352401912212,20.7789213955402,188.990222483873,39.4348363876343,12.4003857076168,124.573795676231,142.692401975393,68.031816393137,94.3348814547062,10.3200122416019,10.4420098662376,102.280998647213,220.713114440441,441.727210491896,184.21357062459,0,363.860099673271,99.8695766627789,45.8049179315567
0,0,0,0,0,0,0,0,0,0,0,0,0,0,0,0,0,0,0,0,0,0,0,0,0,0,0,0,0,0,0,0,0,0.528682291507721,0,0,3.53172913193703,0.589206039905548,0,0,0,0,0,0,0,0,0,0,0,0,0,0,0,0,0,0,0,0,0,0,0,0,0,0.986291110515594,0,0,0,0,0,0,2.11269134283066,3.82722437381744,3.9419464468956,3.36221233010292,3.22367492318153,3.64524161815643,34.902781277895,35.4507150352001,0,0,0,0,0,0,0,0,0,0,0,0,36.7474181056023,10.8880074620247,41.2623263895512,29.4615797400475,141.122305601835,29.9068646430969,64.2955449223518,8.58072274923325,25.7898619771004,28.6498051285744,7.22900041937828,4.12771761417389,540.841429591179,420.38894712925,75.9011323153973,96.6523097753525,9.24469462037086,7.15720546245575,274.981180369854,597.467466056347,634.971698492765,247.218148052692,363.860099673271,0,531.593750059605,126.715706884861
0.781202018260956,0,0,0,0,0,0,0,0,0,0,0,0,0,0,0,0,0,0,0,0,0,0,0,0,0,0,0,0.550177216529846,0,0,0,0,1.73855674266815,0,0,4.30265128612518,4.18871101737022,3.23261278867722,0.831046402454376,0,0,0,0,0,0,0,0,0,0,0,0,0,0,0,0,0,0,0,0,0,0,0,0,0,0,0,0,0,1.2503217458725,1.82957789301872,6.30754536390305,5.02890062332153,9.81725817918777,13.0869614779949,9.72619536519051,42.9213319718838,85.69161054492,0,0,0,0,0,0,0,0,0,1.29373204708099,0,0,10.9966322481632,73.4770653247833,18.1047128736973,118.93180385232,84.6376521587372,53.1304113268852,40.8586963117123,25.4000373482704,10.2896211147308,11.857922911644,17.8998363018036,42.8611173331738,286.036229640245,233.998228788376,296.420287996531,639.992467284203,14.332730948925,18.8550175726414,151.540774106979,225.283646225929,338.26974260807,65.835451155901,99.8695766627789,531.593750059605,0,190.073718905449
2.45311880111694,3.22780475020409,1.10369229316711,1.78948241472244,0,0,0,2.82045048475266,0,0,1.44934272766113,1.22597515583038,0.62576824426651,0,0,0.665570318698883,0,0,0.546121656894684,3.3853964805603,0,0,0,0,0,0,0,0,0,0.871260821819305,0,0,0,0.871205508708954,0,0,8.50891357660294,4.12435346841812,2.61386412382126,0,0.631053864955902,1.7609156370163,0,1.38775265216827,0,0,0,3.60855501890182,0,0,0,0,0,0,0,0,0,2.6179575920105,0.758437871932983,0,0,0,0,0,0,0,0,0,5.13201785087585,1.86236244440079,23.1507837176323,21.5411188006401,26.5127218961716,9.80414414405823,15.9278682470322,20.7074919044971,152.875225633383,187.741395622492,0,0,0,0,0,0,0,0,0,0,0,0,25.9789426624775,25.219417154789,20.5577392578125,14.5731464326382,97.1239612996578,39.5083174109459,40.318571805954,18.5821561217308,8.60471415519714,3.86667740345001,16.3294539153576,3.93047767877579,59.0183618962765,35.6869620680809,153.564862340689,186.255552977324,10.6840924024582,5.57408112287521,211.154294013977,195.031536459923,252.489953547716,43.211697101593,45.8049179315567,126.715706884861,190.073718905449,0
