0,182.259072959423,3733.58817374706,102.277396529913,15.1905599236488,0,5084.3975687325,200.415235102177,18.376747995615,0,2164.21860539913,22.5423783659935,1403.86450508237,2.91940727829933,32.6509579718113,0,640.523761153221,17.242976129055,1487.77905288339,882.632666319609,0,0,4.50431916117668,12.5490472316742,0,0,0,0,1116.46723610163,0.493656486272812,55.3221464157104,10.4621181488037,16.3083872497082,161.741659492254,1.6389417052269,0,219.148168385029,1.43540841341019,154.545440793037,0,2.7165858745575,0,0.694047033786774,0,6.19005852937698,0,2.24629735946655,0.445922702550888,7.21988904476166,0,127.923824846745,0,18.2938568592072,0,3.92496645450592,0,9565.3580827117,2.81193619966507,203.12305688858,1.10057353973389,880.838407844305,0,183.437955141068,0,185.616077721119,0,170.965926021338,6.51810318231583,2205.68785151839,7.54872989654541,1961.07115080953,131.68579903245,2025.1476970613,57.9212864637375,693.274660259485,22.8140380084515,2810.03755930066,108.858874052763,19.5628105401993,0.84634268283844,122.398978710175,0,4.02281773090363,0,697.407751470804,0,0,0,414.647068530321,0,1.18454384803772,0,0,0,98.0172773301601,4.25612044334412,20.4292296469212,0,1.49962401390076,0,1.14313209056854,0,0,0,12.3161587119102,5.33177107572556,4.10107865929604,0,13.6586021780968,16.2757770419121,0,0,0,0,0,3.28452295064926
182.259072959423,0,65.9393555819988,2675.69351676106,0,0,16.6722724437714,6232.93568146229,0,9.41714358329773,6.84054863452911,3441.63878521323,0.405246734619141,1223.04808557034,0,35.3027201592922,8.48862028121948,1445.09885662794,502.239167869091,2775.17233616114,0,0,0,7.79271107912064,0,0,0,0,26.5838097035885,120.026648879051,13.3825811743736,5.6286728978157,144.083321720362,205.849604815245,3.92615270614624,1.15911948680878,17.1903653740883,444.068009734154,8.69000846147537,136.827619224787,0,0,2.08701187372208,0,0,25.7517325282097,1.35982191562653,6.32498878240585,0,22.8353460431099,0,149.667073041201,0,0,0,15.4914273321629,79.6771045923233,11156.6168909073,5.84067612886429,520.733663856983,1.85409772396088,857.959839999676,5.17721891403198,459.549800425768,0,1034.92681699991,88.6698648929596,223.959758400917,338.21948376298,810.19901111722,120.476323753595,3229.86233541369,75.8775641024113,2758.72104910016,13.1402761340141,1179.6007424593,383.270982384682,4815.37450167537,0,18.1580356955528,1.92382681369781,118.773139327765,0,0,0,318.070455372334,0,0,0,193.909642398357,0,0,0,0,11.505520939827,117.093808680773,1.52278614044189,0.5619997382164,0,0,0,0,0,0,1.88882541656494,14.0424824953079,0,1.41525816917419,47.4742514193058,28.7713041901588,0.551309585571289,0.865695834159851,0,0,2.7528338432312,2.04263246059418
3733.58817374706,65.9393555819988,0,306.410620391369,844.442874461412,41.6419373750687,11713.8516845107,452.063045710325,378.479167044163,70.8762106895447,738.10122358799,45.297334253788,1564.96740978956,113.309258699417,437.706117779016,61.4512448012829,136.430783897638,6.78867062926292,2358.32629513741,395.230279535055,5.4285783469677,2.18051069974899,2315.12901046872,1047.00672233105,267.727267235518,266.130056411028,67.8900143802166,51.105464220047,1430.57684135437,11.9303307235241,306.910482764244,432.879357635975,89.756894826889,141.581011384726,9.61151137948036,0.545946717262268,91.7160149216652,0,31.0490906238556,0,13.8205428123474,0,0,0,0,0,1.43285483121872,0,0,0,15.3679322600365,0,0,0,0,0,372.461130350828,0.378824800252914,306.100415199995,0,97.4995512664318,0,28.4314423799515,0,9.75489264726639,0,383.680307179689,3.53802865743637,264.447882920504,3.08024752140045,1304.23663070798,433.518979161978,2156.36335605383,173.608119636774,667.092230886221,38.8865040540695,1956.4950876236,97.3822552859783,4.19286322593689,0,69.5565777122974,0,30.0382884442806,0,101.385344237089,0,6.16268518567085,0,43.7982595562935,0,0,0,0,0,70.5424621105194,1.55848574638367,4.20149332284927,0,0,0,0,0,0,0,2.04666167497635,1.58271467685699,0,0,19.9587214291096,13.1457990705967,0,0,0,0,0.880406558513641,3.33371067047119
102.277396529913,2675.69351676106,306.410620391369,0,43.2967809140682,797.853026926517,399.71458235383,13749.6272683144,81.0916443169117,402.408252447844,47.3402813076973,795.563467592001,124.180926173925,981.170272737741,30.0948041379452,370.684197902679,6.73439425230026,162.263998687267,503.136966526508,4581.98375457525,2.40599024295807,1.10098302364349,415.984679073095,2166.64811947942,24.6679589152336,135.42911028862,6.97756409645081,39.9445281028748,140.037402540445,107.805223166943,110.849705576897,251.114072084427,64.1053075492382,144.714507967234,0,0.347926884889603,3.92488050460815,75.3495250344276,10.5037412345409,18.0870234370232,0.998484909534454,7.80397725105286,0,0,0,0,1.54779863357544,11.7115148305893,0,1.10290169715881,0,3.02229785919189,0,0,0,0,12.3679391145706,196.801815271378,0,69.2444374263287,0,39.2582096457481,0,41.6319668889046,0,37.6667347848415,4.12098413705826,81.1475298702717,69.4222039580345,80.2457963228226,211.041884720325,1864.76064389944,257.678472906351,1916.87927404046,69.7059068381786,711.813737690449,144.445679992437,2004.13291794062,0,10.1160056293011,1.09339368343353,42.6566761136055,3.99241012334824,0,0,13.064786106348,0,0,0,5.8601308465004,0,0,0,0,3.09297698736191,21.77813616395,0.60251396894455,0,0,0,0,0,0,0,0,1.91145211458206,0,0,30.3472921848297,14.8147766590118,0,0,0,0,0.653554737567902,5.1270244717598
15.1905599236488,0,844.442874461412,43.2967809140682,0,50.6170313358307,1016.77446332574,19.491622209549,2398.5401673913,40.8788320720196,3.77713799476624,0,28.9510278403759,2.35238337516785,2054.87550193071,56.4367617666721,0.681347012519836,0,11.0496947467327,1.70737183094025,119.748826593161,23.5029070973396,225.861145615578,222.857530117035,272.51167806983,260.003307759762,860.774422496557,100.122196048498,441.314346790314,1.94334435462952,122.699731111526,130.758181273937,24.1772628724575,10.7505280971527,9.41668003797531,1.57999539375305,14.0215165913105,0,2.60445863008499,0,53.8961093425751,5.00790733098984,1.05596768856049,0,0,0,2.34752616286278,0,0,0,0.487659156322479,0,0.47842675447464,0,1.4669646024704,0,0,0,0,0,0,0,0,0,0,0,8.54831656813622,0,0,0,753.449387609959,120.168273895979,660.477826178074,36.675477296114,59.7059860527515,1.45981729030609,103.364336431026,0.469584345817566,0,0,1.06974583864212,0,66.9234178364277,0.61176323890686,13.1272809207439,0,66.0450042784214,0,22.6241618990898,0,0,0,0,0,0.934586226940155,0,0,0,0,0,0,0,0,0,0,0,0,0,1.04122316837311,0.829375594854355,0,0,0,0,0,0
0,0,41.6419373750687,797.853026926517,50.6170313358307,0,4.49668651819229,578.607839256525,34.3459710478783,2294.20672827959,0,0,0.842888355255127,1.44219368696213,49.9700859189034,1641.74565753341,0,0,0,0,6.55697920918465,124.281308084726,54.0010116696358,160.717026859522,84.923217445612,476.878174126148,83.9315875172615,1760.88635236025,2.95160114765167,104.773176312447,54.9625722765923,35.6979688704014,3.45329350233078,4.4922062754631,0,0,0,16.1012287139893,0,5.75959068536758,2.01487147808075,219.57145512104,0,0.560179114341736,0,0,0,1.30522632598877,0,0,0,0,0,0,0,15.5265274345875,0,0,0,0,0,0,0,0,0,0,0,0,0,0,166.644952386618,939.416239470243,18.2282874584198,707.01983037591,0,29.7363390624523,1.19769650697708,24.0286260247231,0,0,0,2.7129482626915,0,87.6839620471001,0,16.3401892781258,0,26.6619219779968,0,9.23382976651192,0,0,0,0,0,0.41105654835701,0,0,0,0,0,0,0,0,0,0,0,0,0,0,0,0,0,0,0,0
5084.3975687325,16.6722724437714,11713.8516845107,399.71458235383,1016.77446332574,4.49668651819229,0,754.814197987318,1760.25098505616,47.5115760862827,1036.18172648549,125.156355857849,5658.19980448484,162.279475152493,528.919961601496,30.1528027057648,46.6096458137035,3.43530938029289,673.747020810843,661.036616504192,0.696904361248016,0,384.850447535515,670.934728592634,11.1243367791176,25.2063307762146,2.19124567508698,7.62026333808899,656.235455423594,18.0649752616882,192.266181886196,250.083335876465,19.6740503907204,172.470403909683,2.2537015080452,0,55.6064003109932,1.29307270050049,7.57729434967041,0,3.05629187822342,0,0,0,0,0,11.3830122947693,0,6.49973803758621,0,123.347051978111,0,7.05525296926498,0,4.09838688373566,0,691.406459033489,0,44.8644965291023,0,567.097446471453,0,83.0843004584312,0,218.086966574192,0,19.1420962512493,1.64973825216293,40.3913868963718,0.63401073217392,1598.90274190903,444.314206302166,983.117416471243,201.424429863691,271.124052941799,60.3227837383747,1038.34814140201,161.01605039835,7.66668945550919,0,95.1254449486732,0,10.5880543589592,0,797.298577934504,0,0.742612242698669,0,427.845131486654,0,0,0,0,0,11.5756779611111,0,0.532741069793701,0,0,0,0,0,0,0,1.2534773349762,0,0,0,7.77412891387939,6.54178595542908,0,0,0,0,0,0
200.415235102177,6232.93568146229,452.063045710325,13749.6272683144,19.491622209549,578.607839256525,754.814197987318,0,37.9735498130322,3037.47661283612,85.2979083955288,2036.22762703896,245.842974096537,4948.81570249796,17.6942395567894,805.539989978075,9.22188499569893,177.16246086359,1097.59704113007,1044.23910883069,0,0,482.642047286034,586.765535116196,5.25510317087173,11.2763713002205,2.15704190731049,6.51068487763405,226.266606211662,65.4717566072941,152.927406221628,84.8984133005142,75.648118019104,74.1611526608467,0.81737756729126,0.689538598060608,0,51.1468381285667,4.59505379199982,9.00268888473511,0,1.2727038860321,0,2.20859885215759,0,9.18871057033539,0,4.26749244332314,0,19.3853567242622,0,166.504709422588,0,1.10602414608002,0,13.2899985909462,24.7372425794601,716.737840950489,0,124.782828778028,0,298.147303283215,0,160.305037260056,0,755.998394042253,4.83346793055534,36.7815847396851,48.7737621963024,24.2438697516918,279.117140978575,3319.27888643742,355.258267641068,1382.7565651238,110.131625652313,473.41556635499,269.734577685595,1694.64783334732,0,9.56707769632339,0,107.63249194622,4.56139528751373,0,0,274.085990071297,0,0,0,181.240487873554,0,0,0,0,2.18179374933243,20.096355766058,4.60714626312256,0,0,0,0,0,0,0,2.54181158542633,1.47904407978058,0,1.40796267986298,17.0815959572792,5.72357684373856,0,0,0,0,0,5.38852727413177
18.376747995615,0,378.479167044163,81.0916443169117,2398.5401673913,34.3459710478783,1760.25098505616,37.9735498130322,0,40.585223197937,10.0540297925472,0,612.637396544218,4.29791167378426,4039.09090837836,43.9966523349285,0,0,22.875206887722,0,35.2522485256195,6.24006834626198,168.045247673988,309.851814776659,111.181153893471,184.274050354958,274.961332827806,51.7636516988277,454.606552869081,3.03826296329498,40.2791998684406,139.22764891386,8.75074237585068,6.27934491634369,2.91636788845062,0,19.8078910112381,0,2.31514754891396,0,55.0054770410061,0,0,0,0,0,4.30091732740402,0,0,0,0,0,0,0,0,0,0.555248916149139,0,0,0,0,0,0,0,0,0,0.467937558889389,0,1.07342290878296,0,921.084624290466,92.7450582385063,1347.93488371372,32.8113307356834,126.593385398388,3.27429729700089,389.232849240303,0,0,0,3.18707889318466,0,36.9436157941818,0,2.66949319839478,0,51.8822161853313,0,13.4203041493893,0,0,0,0,0,8.76930296421051,0,0.703465521335602,0,0,0,0,0,0,0,0,0,0,0,2.00150454044342,1.69877672195435,0,0,0,0,0,0
0,9.41714358329773,70.8762106895447,402.408252447844,40.8788320720196,2294.20672827959,47.5115760862827,3037.47661283612,40.585223197937,0,0,30.8447843194008,9.32019996643066,202.615064948797,24.7665773332119,2446.06114444137,0,0.694108247756958,0,2.08271646499634,2.79411843419075,14.4827039539814,107.728432953358,118.316889643669,35.0054480135441,106.147829115391,27.2925124764442,402.199478268623,7.53140515089035,107.677847921848,46.8872716128826,6.02842766046524,1.13374018669128,2.66003578901291,0,0,0,22.2736557126045,0,1.44419574737549,0.614598274230957,55.7047378718853,0,0,0,0,0,0.71724796295166,0,0,0,0,0,0,0,3.30195772647858,0,0.539389967918396,0,0,0,0,0,0,0,0,0,0.902118265628815,0,0,98.4785877168179,1516.45819103718,29.0701793134212,1075.62023085356,2.01075154542923,100.418670922518,0,157.371884852648,0,0,0,1.17934918403625,0,13.6224708855152,0,0,0,1.63424482941628,0,4.29917779564857,0,0,0,0,0.753805756568909,0.420673847198486,0,0,0,0,0,0,0,0,0.625976800918579,0,0,0,2.03062924742699,1.75723057985306,0,0,0,0,0,0
2164.21860539913,6.84054863452911,738.10122358799,47.3402813076973,3.77713799476624,0,1036.18172648549,85.2979083955288,10.0540297925472,0,0,11.3004179894924,2291.94751235843,6.43140730261803,51.8743769526482,0,899.401025116444,0.863752603530884,836.847030639648,189.765321075916,0,0,16.8899946808815,30.0919867753983,0,0,0,0,1281.3878005743,1.56499373912811,79.9664365649223,38.0709799230099,23.6290705502033,56.1936886012554,1.39952713251114,0,31.5715833604336,0,16.0228804349899,0,1.02789151668549,0,0,0,0,0,0,0,0,0,7.59963482618332,0,0,0,0,0,400.476777046919,0,29.259522497654,0,276.305222421885,0,276.636191904545,0,11.8740451037884,0,52.2852553427219,0,71.9005422890186,0,271.6057035923,39.5492516160011,367.620475739241,29.1553971767426,85.1700333356857,5.78277099132538,449.318802177906,18.7174010872841,45.7148159742355,0,840.750888645649,0,24.0011664628983,0,562.167896211147,0,0,0,180.617361605167,0,0,0,0,0,5.77444392442703,0,1.32364904880524,0,0,0,0,0,0,0,1.09683656692505,0,0,0,2.58318269252777,2.31019377708435,0,0,0,0,0,0
22.5423783659935,3441.63878521323,45.297334253788,795.563467592001,0,0,125.156355857849,2036.22762703896,0,30.8447843194008,11.3004179894924,0,29.8099944591522,3977.27392446995,0,85.7926081418991,0,1210.5704497695,264.401088804007,1159.93279123306,0,0,12.2639710903168,87.3712750673294,0,0,0,0,43.6383237838745,585.333002150059,28.0612198114395,39.5109246075153,14.3372683525085,73.2881711423397,0,0,0,16.4749108552933,2.05561494827271,3.06330251693726,0,0,0,0,0,0,0,1.37926125526428,0,0.68450140953064,0,15.3650806546211,0,0,0,0.517196774482727,2.92264723777771,191.581770390272,0,51.5728269815445,0,441.136946022511,0,568.649116873741,0,207.772233843803,0,11.3570021986961,1.04917740821838,21.4936147630215,37.0284161567688,646.998005211353,57.1105701327324,1171.58154335618,16.0151333808899,172.608792722225,31.6039116084576,487.227287530899,0,8.32504081726074,0,256.198316961527,0.755526185035706,0,0,126.438714951277,0,0,0,24.9985891580582,0,0,0,0,2.45801186561584,7.04445457458496,0,0,0,0,0,0,0,0,0,2.97021484375,0,0,21.0595799088478,3.43764436244965,0,0,0,0,2.71520006656647,1.68524289131165
1403.86450508237,0.405246734619141,1564.96740978956,124.180926173925,28.9510278403759,0.842888355255127,5658.19980448484,245.842974096537,612.637396544218,9.32019996643066,2291.94751235843,29.8099944591522,0,60.5789870917797,2069.73180061579,6.20569407939911,168.040259361267,0,1107.373026371,187.282749176025,0,0,324.478998333216,348.431523501873,3.85827332735062,9.5990754365921,0.617530047893524,2.15808910131454,2218.79955747724,3.68779742717743,144.988544374704,122.329075843096,40.4955378770828,87.613959312439,7.65254157781601,0,40.4615960121155,0,9.38136851787567,0,5.67171764373779,0,0,0,0,0,5.63975840806961,0,0,0,5.9145792722702,0,0,0,0,0,191.287363439798,0,11.4844464659691,0,97.7743493318558,0,93.6971231102943,0,10.4033257365227,0,32.6141139864922,0,50.7259418070316,0,1068.22414499521,179.313829600811,981.712487131357,65.3633261024952,184.624472200871,13.3846319019794,750.402637302876,19.8279316425323,15.7449700832367,0,532.054916322231,0,50.3553352952003,0,401.527332872152,0,4.0000467300415,0,119.189557522535,0,0,0,0,0,17.237157523632,0,0,0,0,0,0,0,0,0,1.33537602424622,0,0,0,4.69225031137466,0.576442122459412,0,0,0,0,0,0
2.91940727829933,1223.04808557034,113.309258699417,981.170272737741,2.35238337516785,1.44219368696213,162.279475152493,4948.81570249796,4.29791167378426,202.615064948797,6.43140730261803,3977.27392446995,60.5789870917797,0,3.63905316591263,2259.70650145411,0,237.123751670122,95.8332659602165,548.287299782038,0,0,163.174071282148,356.508916586637,2.88831061124802,3.54551243782043,0,0,30.3976064920425,992.284156918526,32.2680332064629,52.830378562212,8.7504660487175,29.6662017703056,0,0.378540575504303,1.18750143051147,10.6772114634514,1.24804103374481,0.566007733345032,0,5.59592443704605,0,0,0,0,0,1.77500158548355,0,0,0,2.63889908790588,0,0,0,1.09199297428131,0,88.9629266858101,0,8.31843626499176,0,151.929850041866,0,250.086386144161,0,64.3275943398476,0,3.75386843085289,0,3.50643235445023,57.5630158483982,1916.26407930255,77.5584225058556,2455.71073979139,12.7809603214264,290.665681660175,10.7802479565144,598.036301851273,0,5.34677934646606,0,241.776317715645,1.18470323085785,0,0,38.4303076267242,0,0,0,1.846087038517,0,0,0,0,0,8.6433337032795,0.682077288627625,0,0,0,0,0,0,0,0,0.612447202205658,0,0,11.9537496864796,5.82193374633789,0,0,0,0,0,3.0641233921051
32.6509579718113,0,437.706117779016,30.0948041379452,2054.87550193071,49.9700859189034,528.919961601496,17.6942395567894,4039.09090837836,24.7665773332119,51.8743769526482,0,2069.73180061579,3.63905316591263,0,35.5238973796368,14.2528256177902,0,103.379039436579,0,103.573981404305,39.1328486204147,246.886929571629,202.941020190716,292.583901047707,236.145747959614,637.624913752079,109.66109842062,2157.61859709024,0.540964543819427,178.319358617067,132.584266990423,28.453172326088,16.8773455619812,11.0259238481522,0,37.3205323815346,0,7.00019225478172,0,87.5914612114429,0,0,0,0,0,14.4701409935951,0,0,0,3.49481892585754,0,0,0,1.30540192127228,0,5.39813679456711,0,0.791127026081085,0,0,0,0.97301572561264,0,0,0,0,0,2.43767917156219,0,1392.93981558084,104.486341148615,1974.80220597982,25.3192681074142,237.927428424358,0,580.199209243059,0,1.30946660041809,0,9.71964961290359,0,123.599285185337,0,23.0309109985828,0,97.9347788095474,0,40.6870612502098,0,0,0,0,0,14.9158823490143,1.18417513370514,0,0,0,0,0,0,0,0,0.563363671302795,0,0,0,6.54072624444962,3.98184776306152,0,0,0,0,0,2.28392547369003
0,35.3027201592922,61.4512448012829,370.684197902679,56.4367617666721,1641.74565753341,30.1528027057648,805.539989978075,43.9966523349285,2446.06114444137,0,85.7926081418991,6.20569407939911,2259.70650145411,35.5238973796368,0,0,53.8404967188835,1.91207182407379,25.2701632976532,0.93972909450531,72.5995727181435,83.8268374502659,269.396728783846,53.2016441822052,185.160238325596,48.9797811806202,499.981857299805,7.99662262201309,1383.96629837155,29.8261102437973,31.6965319514275,0,5.91150778532028,0,0,0,36.1114898920059,0,9.87292465567589,0,223.351969629526,0,2.60671645402908,0,0,0,4.47342729568481,0,0,0,0.917819082736969,0,0,0,21.3522245287895,0,21.3332546949387,0,0,0,3.10764348506927,0,5.27359920740128,0,0,0,0.831500351428986,0,0,195.906784445047,2069.5784509778,29.2134703695774,3509.19706562161,3.09466201066971,229.570397675037,5.06579342484474,275.407590925694,0,4.10436481237411,0,20.0255566835403,0,132.799891293049,0,13.3178690075874,0,20.3742603361607,0,19.0212595164776,0,0,0,0,0,3.19233578443527,0,1.04423260688782,0,0,0,0,0,0,0,1.85667592287064,0,0,4.20726689696312,1.57682114839554,0,0,0,0,0,0.688107252120972
640.523761153221,8.48862028121948,136.430783897638,6.73439425230026,0.681347012519836,0,46.6096458137035,9.22188499569893,0,0,899.401025116444,0,168.040259361267,0,14.2528256177902,0,0,0,181.812559098005,40.9519359171391,0,0,0,1.19602930545807,0,0,0,0,3668.21998870373,0,5.34829777479172,3.69726112484932,1.18918251991272,25.6648906469345,1.24154102802277,0,27.4783250689507,3.56771790981293,5.99806261062622,0,1.66369080543518,0,0,0,1.0213371515274,0,0,0,5.13810080289841,0,12.8045374155045,0,1.75143086910248,0,0,0,1911.50578916073,3.60937231779099,77.8078066110611,4.45775079727173,308.756486833096,0,1281.82921618223,0,16.4945525527,0,64.3773353993893,6.7866957783699,77.4950467944145,6.45204395055771,88.7054511606693,11.9979886710644,386.484192371368,3.52092200517654,59.1212725639343,1.08671200275421,369.247213810682,5.31904482841492,610.321698695421,0,2082.55329743028,0,38.011241286993,0,316.946923851967,0,0,0,96.6395689845085,0,0,0,0,0,7.90043038129807,0,3.8105041384697,0,0,0,0,0,0,0,1.88058835268021,1.27239799499512,0,0,3.21946048736572,4.53719359636307,0,0,0,0,0,0
17.242976129055,1445.09885662794,6.78867062926292,162.263998687267,0,0,3.43530938029289,177.16246086359,0,0.694108247756958,0.863752603530884,1210.5704497695,0,237.123751670122,0,53.8404967188835,0,0,53.126683473587,357.877606421709,0,0,0,14.2161380648613,0,0,0,0,5.7003515958786,2262.67415466905,3.11495220661163,0,6.6855748295784,48.5475046038628,0,0,3.56197315454483,57.0299811959267,2.22356390953064,23.2792753577232,0,1.11687171459198,0,0,0,0,0,0,0,0,0,9.38732433319092,0,0,0,0.904290974140167,20.8663769960403,1671.04761371017,0.810009598731995,132.914644002914,2.34313118457794,427.993358522654,7.95058965682983,1265.3650431335,0,96.002894192934,22.1650964617729,42.8519054949284,0.626260042190552,69.0224283337593,8.53279900550842,306.919298440218,13.0142300128937,1955.08016175032,2.27115046977997,216.336179554462,46.8726547956467,507.997927874327,0,338.549547344446,0,966.947578579187,0,2.83745133876801,0,73.5120988786221,0,0,0,15.2945970594883,0,0,0,0,1.86741811037064,12.914634346962,0,0,0,0,0,0,0,0,1.39093899726868,0.983035385608673,0,0,3.21300768852234,4.29372119903564,0,0,0,0,0,0
1487.77905288339,502.239167869091,2358.32629513741,503.136966526508,11.0496947467327,0,673.747020810843,1097.59704113007,22.875206887722,0,836.847030639648,264.401088804007,1107.373026371,95.8332659602165,103.379039436579,1.91207182407379,181.812559098005,53.126683473587,0,3611.75823798776,2.25080353021622,0,1815.48480218649,613.109724074602,1.93008583784103,1.55406731367111,1.18445032835007,0,1197.44132265449,41.3460300564766,993.985519498587,389.523689240217,3212.07153913379,1057.40134054422,33.6022826731205,0.663003325462341,96.0519064664841,5.48380386829376,47.5626481771469,2.08517622947693,6.56092655658722,0,4.62974482774734,0,5.89071854948997,0,12.1495942473412,1.73079299926758,0,0,5.67899113893509,0,0,0,0,0,330.311493694782,9.61846506595612,267.821849137545,0.403099596500397,59.9412404596806,0,18.1918503940105,0.508590698242188,7.59618294239044,0,1483.40840798616,13.2623726129532,1675.39504033327,34.9964024424553,1304.03796386719,677.314766943455,1718.95498242974,445.972905308008,842.263055741787,145.200482785702,3146.3140001297,726.080700278282,3.0763264298439,0,37.0468639731407,0,41.1719141602516,0,42.5802856981754,0,0,0,3.96958756446838,0,0,0,0,0,90.5545817911625,3.25761160254478,3.7829537987709,0,0,0,0,0,0,0,8.02036288380623,0,0.920541882514954,0,26.9906910061836,22.8830240368843,0,0,0,0,0,7.70450112223625
882.632666319609,2775.17233616114,395.230279535055,4581.98375457525,1.70737183094025,0,661.036616504192,1044.23910883069,0,2.08271646499634,189.765321075916,1159.93279123306,187.282749176025,548.287299782038,0,25.2701632976532,40.9519359171391,357.877606421709,3611.75823798776,0,0,0,109.449099481106,1679.71570408344,0,4.3339484333992,0,0,370.996350556612,159.475890547037,158.245062917471,337.225026547909,688.907801777124,7504.55516827106,5.95742112398148,17.8099446594715,33.3753974437714,153.004603713751,24.8604848980904,46.1598939299583,0,4.61410647630692,0,3.46965074539185,1.09825932979584,2.31228950619698,1.70912903547287,27.7113944888115,0,0,0,10.0142490267754,0,0,0,0,287.245721876621,505.12850394845,26.0644731521606,223.482499718666,3.19637185335159,82.031409651041,2.96426606178284,115.471280992031,0.921121597290039,66.0533964037895,375.436577707529,963.207242190838,1280.66622239351,1438.24833780527,578.481228917837,2187.62537878752,540.726735442877,1681.16435867548,225.425851523876,910.760235667229,1272.87460571527,4376.00556454062,0.820220053195953,3.43762728571892,0,46.0684759616852,16.0410374999046,0,0,47.4568224549294,0,0,0,2.86679449677467,0,0,0,0,19.5680787861347,84.0728172957897,1.94575226306915,0.671361684799194,0,0,0,0,0,0,0,11.5470754504204,0,0.981882393360138,89.9197796285152,25.2458902299404,0,0,0,0,0,10.276787519455
0,0,5.4285783469677,2.40599024295807,119.748826593161,6.55697920918465,0.696904361248016,0,35.2522485256195,2.79411843419075,0,0,0,0,103.573981404305,0.93972909450531,0,0,2.25080353021622,0,0,34.5008008480072,65.0936922132969,11.9360048770905,213.555309265852,27.5132242441177,511.859071552753,25.8108206093311,116.237944304943,0,771.215376138687,24.2097828388214,82.3786593973637,0.654739379882812,11.6779963374138,0,15.1515714526176,2.46614599227905,0,0,34.7840395569801,19.5872099399567,3.91314244270325,0,0,0,0,0.955508828163147,0,0,0,0,1.38126420974731,0,0.622157454490662,0,0,0,0.752846002578735,0,0,0,0,0,0,0,14.7899332046509,0,0,0,681.670064032078,78.9633798003197,179.186774879694,16.1713229417801,14.3863172531128,17.8849269747734,14.7600516080856,9.05306422710419,0,0,0,0,8.05419617891312,0.916848182678223,0,0,11.6974893808365,0,5.41457408666611,0.725326478481293,0,0,0,0,0,0,0,0,0,0,0,0,0,0,0,0,0,0,0,0,0,0,0,0,0,0
0,0,2.18051069974899,1.10098302364349,23.5029070973396,124.281308084726,0,0,6.24006834626198,14.4827039539814,0,0,0,0,39.1328486204147,72.5995727181435,0,0,0,0,34.5008008480072,0,20.7149623334408,14.1743261814117,52.4332716166973,320.971288561821,94.1509332060814,1773.86103233695,13.919601380825,14.5012053847313,89.4150094985962,844.505562067032,8.65801572799683,23.6064353883266,7.73921298980713,0,0,5.60752505064011,0,8.93010139465332,4.10029876232147,254.297449290752,0,0,0,0,0,4.06223088502884,0,0,0,0,0,3.7093757390976,0,4.81782776117325,0,0,0,0,0,0,0,0,0,1.26980137825012,0,4.67321580648422,0,0,192.636247903109,554.684936612844,4.07975018024445,203.645221024752,1.37528192996979,1.90961563587189,0,2.1522074341774,0,0,0,1.19845712184906,3.14819574356079,59.4661927819252,0,7.75759929418564,1.78881722688675,7.22711163759232,0,5.63369983434677,0,0,0,0,0,0,0,0,0,0,0,0,0,0,0,0,0,0,0,0,0,0,0,0,0,0
4.50431916117668,0,2315.12901046872,415.984679073095,225.861145615578,54.0010116696358,384.850447535515,482.642047286034,168.045247673988,107.728432953358,16.8899946808815,12.2639710903168,324.478998333216,163.174071282148,246.886929571629,83.8268374502659,0,0,1815.48480218649,109.449099481106,65.0936922132969,20.7149623334408,0,1814.59355917573,1226.16432330012,592.538711935282,224.069645732641,149.636561214924,396.003312349319,6.32285052537918,3518.63140925765,1137.57525569201,1049.06970795989,271.705837935209,124.598885267973,0,3.81628656387329,0,6.54142594337463,0,11.5012244582176,1.77348780632019,17.0169333815575,0,14.6995470821857,0,14.418178498745,0,0,0,0,0,0,0,0,0,1.58022603392601,0,0.570411801338196,0,0,0,0,0,0,0,250.334452450275,0,7.02482321858406,0,926.918630570173,556.34334808588,870.975034087896,239.04754370451,203.017622202635,62.2025647163391,385.980543881655,42.3044885396957,0,0,0,0,4.70626336336136,0,1.26661002635956,0,5.19300252199173,0,1.16441828012466,0,0,0,0,0,4.72380340099335,0,0,0,0,0,0,0,0,0,0,0,0,0,4.30099242925644,1.76529884338379,0,0,0,0,0,0
12.5490472316742,7.79271107912064,1047.00672233105,2166.64811947942,222.857530117035,160.717026859522,670.934728592634,586.765535116196,309.851814776659,118.316889643669,30.0919867753983,87.3712750673294,348.431523501873,356.508916586637,202.941020190716,269.396728783846,1.19602930545807,14.2161380648613,613.109724074602,1679.71570408344,11.9360048770905,14.1743261814117,1814.59355917573,0,203.246808826923,1739.23004329205,80.3267734050751,340.09564140439,257.308600753546,21.7568916082382,511.123746842146,2453.63419860601,56.9538035690784,1194.10183516145,0,13.0699057281017,0.613591551780701,11.4840081334114,0,2.61060851812363,1.87142336368561,9.29206788539886,0,0,0,0,0,12.2978711724281,0,0,0,0,0,0,0,0,0,4.54140913486481,0,0,0,0,0,2.34697210788727,0,0,0,134.832495689392,0,5.20265638828278,707.298557281494,1765.01200416684,711.24471077323,1307.58217430115,111.309480816126,391.74899455905,102.161759763956,746.968659371138,0,0,0,7.3837616443634,3.45262932777405,0.926067590713501,0,0,0,0,0,0.716612577438354,0,0,0,0,0,8.58471146225929,0,0,0,0,0,0,0,0,0,0,0,0,8.66291958093643,3.45810264348984,0,0,0,0,0,0
0,0,267.727267235518,24.6679589152336,272.51167806983,84.923217445612,11.1243367791176,5.25510317087173,111.181153893471,35.0054480135441,0,0,3.85827332735062,2.88831061124802,292.583901047707,53.2016441822052,0,0,1.93008583784103,0,213.555309265852,52.4332716166973,1226.16432330012,203.246808826923,0,528.767962694168,1255.54231140018,217.980398476124,44.3476133048534,0.527669310569763,609.441134989262,305.724885255098,39.2339987158775,8.60000419616699,20.1519391536713,0,1.47021150588989,0.881582081317902,0,0,11.5979152917862,2.85089284181595,2.6675271987915,0,0,0,0,0,0,0,0,0,0,0,0,0,0,0,0,0,0,0,0,0,0,0,9.99888956546783,0,0,0,405.2713278234,96.7989045381546,182.205073148012,25.7369047999382,7.24319753050804,0,23.4720655679703,0,0,0,0,0,7.41628909111023,0,0.621471524238586,0,11.1839371919632,0,1.79055252671242,0,0,0,0,0,0,0,0,0,0,0,0,0,0,0,0,0,0,0,0,0,0,0,0,0,0,0
0,0,266.130056411028,135.42911028862,260.003307759762,476.878174126148,25.2063307762146,11.2763713002205,184.274050354958,106.147829115391,0,0,9.5990754365921,3.54551243782043,236.145747959614,185.160238325596,0,0,1.55406731367111,4.3339484333992,27.5132242441177,320.971288561821,592.538711935282,1739.23004329205,528.767962694168,0,230.093217939138,2047.90343335271,35.580458521843,18.8020856082439,334.466433882713,1085.24918562174,23.2433832883835,55.5447726845741,0,0,0,1.40829649567604,0,1.65709435939789,3.96533292531967,44.1672645807266,0,0,0,0,0,0,0,0,0,0,0,0,0,0,0,0,0,0,0,0,0,0,0,0,0,3.24122101068497,0,0,438.945585429668,609.046673446894,142.3026445508,176.946737855673,4.13737323880196,4.72897860407829,9.44893133640289,9.95998483896255,0,0,0,0.902862846851349,2.55014503002167,6.17925274372101,0,2.69133856892586,3.08718702197075,1.76808008551598,0.87491238117218,0.740172922611237,0,0,0,0,0,0,0,0,0,0,0,0,0,0,0,0,0,0,0,0,0,0,0,0,0,0
0,0,67.8900143802166,6.97756409645081,860.774422496557,83.9315875172615,2.19124567508698,2.15704190731049,274.961332827806,27.2925124764442,0,0,0.617530047893524,0,637.624913752079,48.9797811806202,0,0,1.18445032835007,0,511.859071552753,94.1509332060814,224.069645732641,80.3267734050751,1255.54231140018,230.093217939138,0,281.71681112051,163.671094983816,2.36031058430672,426.465854406357,69.4324345886707,48.5969116687775,2.98481458425522,26.6712382733822,0,102.809779465199,33.4167113900185,14.2199145555496,0,40.8177645504475,8.56982237100601,1.40354156494141,0,0,0,1.03014600276947,0,1.07119143009186,0,2.00585001707077,0,0,0,2.58319979906082,0.702792286872864,0,1.20605826377869,0,0,0.83229261636734,0,2.67841371893883,0,0.909071266651154,0,9.05506539344788,0.636973857879639,0,0,561.62141263485,135.495906025171,198.502509713173,33.743048787117,18.5848391056061,6.37528276443481,16.3944761455059,13.6050155162811,0,0,1.2858898639679,0,19.1663818657398,0.54016238451004,7.80138850212097,0,39.6057136654854,0,10.3061214089394,0,0,2.75668394565582,0,0,1.02275216579437,0,0,0,0,0,0,0,0,1.70262026786804,0,0,0,0,0,2.28763490915298,0,0,0,0,0,0
0,0,51.105464220047,39.9445281028748,100.122196048498,1760.88635236025,7.62026333808899,6.51068487763405,51.7636516988277,402.199478268623,0,0,2.15808910131454,0,109.66109842062,499.981857299805,0,0,0,0,25.8108206093311,1773.86103233695,149.636561214924,340.09564140439,217.980398476124,2047.90343335271,281.71681112051,0,17.4859535694122,38.2378592193127,131.359737932682,104.986573457718,13.1569030880928,6.02183395624161,0,0.480055302381516,0,7.54709473252296,0,7.45199477672577,1.58497369289398,290.186817526817,0,0.539555609226227,0,0,0,1.21338534355164,0,0,0,0,0,0,0,7.73205035924911,0,0,0,0,0,0,0,0,0,0,0,3.02869737148285,0,0,261.953824192286,965.842184841633,30.8264667987823,584.711933672428,0.878691583871841,11.3477067947388,0,4.61235570907593,0,0,0,1.94429737329483,1.35459715127945,88.1471027433872,0,5.03119522333145,1.77224838733673,15.9943760931492,0,6.4913741350174,0,0,0,0,0,0,0,0.569937586784363,0,0,0,0,0,0,0,0,0,1.04668235778809,0,0,0,0,0,0,0,0
1116.46723610163,26.5838097035885,1430.57684135437,140.037402540445,441.314346790314,2.95160114765167,656.235455423594,226.266606211662,454.606552869081,7.53140515089035,1281.3878005743,43.6383237838745,2218.79955747724,30.3976064920425,2157.61859709024,7.99662262201309,3668.21998870373,5.7003515958786,1197.44132265449,370.996350556612,116.237944304943,13.919601380825,396.003312349319,257.308600753546,44.3476133048534,35.580458521843,163.671094983816,17.4859535694122,0,5.03989291191101,206.682126373053,157.54101985693,72.6382682323456,124.62183406949,33.6670371890068,43.1372934579849,229.119148880243,29.9890664219856,86.677540242672,0,356.700218141079,1.34611535072327,150.73901745677,2.87454354763031,159.624418407679,1.57200181484222,254.324203759432,0,154.664417386055,0,244.645640522242,0,48.8454712629318,0,57.5343288183212,0,1716.7556912899,24.3782389760017,612.022904932499,16.2921861410141,363.284752041101,0,410.126413702965,4.73480981588364,80.7468411326408,0,351.476860046387,68.814889639616,281.574011981487,35.7564935088158,917.869510620832,161.763066262007,1947.96729823947,84.301755964756,183.248251974583,18.3502762913704,942.097677767277,73.7131694257259,541.934969544411,2.45274126529694,1408.87407752872,3.46976220607758,1935.94730648398,0,523.204418182373,0,597.828588306904,0,331.806271314621,0,5.4466005563736,0,0,0,23.6383146643639,0,2.6422073841095,0,4.82021513581276,0,0,0,2.08616662025452,0,7.26803177595139,0,1.80076140165329,0,5.89773344993591,10.4629652202129,0,0,0,0,0,3.33276832103729
0.493656486272812,120.026648879051,11.9303307235241,107.805223166943,1.94334435462952,104.773176312447,18.0649752616882,65.4717566072941,3.03826296329498,107.677847921848,1.56499373912811,585.333002150059,3.68779742717743,992.284156918526,0.540964543819427,1383.96629837155,0,2262.67415466905,41.3460300564766,159.475890547037,0,14.5012053847313,6.32285052537918,21.7568916082382,0.527669310569763,18.8020856082439,2.36031058430672,38.2378592193127,5.03989291191101,0,1.00998270511627,9.60190862417221,0.798396408557892,14.6363495588303,10.9309331476688,2.79929250478745,10.7481821775436,103.763093173504,0.768428802490234,67.1334709525108,0,388.261703133583,11.4998227059841,75.2517076730728,5.23565530776978,127.866209536791,11.346492767334,101.135337710381,0,110.519409954548,0,128.545986622572,0,65.8842062056065,0,91.0580145120621,2.99371606111526,256.808859169483,2.95646664500237,93.6034308969975,0,90.9520343244076,0.66121232509613,272.407563477755,0,30.0806746482849,4.92487686872482,94.945328772068,0,6.37655699253082,16.5422043800354,255.792670220137,7.60816937685013,3904.69165670872,4.85079002380371,45.6107377409935,12.6137982308865,89.8958694338799,1.32770526409149,549.234261214733,0,719.873829990625,0,746.043157249689,0,186.486559331417,0,59.5952093601227,0,60.6394033432007,0,1.73729741573334,0,0,2.69368124008179,2.24820560216904,0,0,0,0.486784517765045,0,0,0,0,0,0.807308852672577,0,0,4.17981648445129,0,0,0,0,0,0,0
55.3221464157104,13.3825811743736,306.910482764244,110.849705576897,122.699731111526,54.9625722765923,192.266181886196,152.927406221628,40.2791998684406,46.8872716128826,79.9664365649223,28.0612198114395,144.988544374704,32.2680332064629,178.319358617067,29.8261102437973,5.34829777479172,3.11495220661163,993.985519498587,158.245062917471,771.215376138687,89.4150094985962,3518.63140925765,511.123746842146,609.441134989262,334.466433882713,426.465854406357,131.359737932682,206.682126373053,1.00998270511627,0,482.75773152709,1659.75938132405,124.383852362633,170.312876403332,1.3622425198555,11.3516393899918,0,21.396436393261,0,12.067661345005,4.19373446702957,72.2121069729328,0,62.7609637975693,0,43.1515491604805,0,1.5171959400177,0,0.680385410785675,0,0,0,5.367347240448,0,8.85781964659691,1.18002182245255,11.3254936635494,0,7.28667801618576,2.1448175907135,1.46376699209213,1.48258936405182,3.2843097448349,0.858134388923645,716.604387134314,2.27398645877838,18.5539709031582,2.17363858222961,1036.08514487743,224.073958545923,374.109732687473,97.0120037794113,121.301843523979,26.4363985061646,431.588859587908,107.714110076427,0,0,2.61687994003296,0,15.5643336474895,0,12.8758825659752,2.42051118612289,4.08763590455055,0,1.74734053015709,0,0,0,0,0,15.5413040518761,1.41443407535553,1.34797823429108,0.595382392406464,0,0,0,0,0,0,7.69313317537308,1.47426110506058,1.77570843696594,0,4.63523107767105,6.01839658617973,0,0,0,0,0,2.66042023897171
10.4621181488037,5.6286728978157,432.879357635975,251.114072084427,130.758181273937,35.6979688704014,250.083335876465,84.8984133005142,139.22764891386,6.02842766046524,38.0709799230099,39.5109246075153,122.329075843096,52.830378562212,132.584266990423,31.6965319514275,3.69726112484932,0,389.523689240217,337.225026547909,24.2097828388214,844.505562067032,1137.57525569201,2453.63419860601,305.724885255098,1085.24918562174,69.4324345886707,104.986573457718,157.54101985693,9.60190862417221,482.75773152709,0,107.811611294746,2800.49151328206,5.90277445316315,58.1153308749199,6.67901349067688,3.45385307073593,0,16.0577141940594,4.19325697422028,5.58752155303955,0,2.89193180203438,0,3.82319894433022,0,28.7824640274048,0,0,0,0,0,0,1.05300378799438,1.03349053859711,4.9663650393486,5.70824104547501,0,0.492631494998932,0.660697758197784,3.79530662298203,0,1.10740661621094,0,1.88528198003769,30.1266764700413,434.51505023241,4.35214850306511,11.2636503577232,409.138251811266,426.248284131289,385.104625225067,240.780268967152,102.587732195854,64.1251100301743,326.565790623426,185.819639205933,0,0,0,1.63185405731201,2.0894159078598,1.77728790044785,2.19574338197708,1.2940798997879,1.94674754142761,0,0,0.768758416175842,0,0,0,0,5.27879446744919,4.05555501580238,0,0,0,0,0,0,0,0,1.86363017559052,0.830905795097351,0,0,3.81756502389908,3.84844326972961,0,0,0,0,0,1.24413740634918
16.3083872497082,144.083321720362,89.756894826889,64.1053075492382,24.1772628724575,3.45329350233078,19.6740503907204,75.648118019104,8.75074237585068,1.13374018669128,23.6290705502033,14.3372683525085,40.4955378770828,8.7504660487175,28.453172326088,0,1.18918251991272,6.6855748295784,3212.07153913379,688.907801777124,82.3786593973637,8.65801572799683,1049.06970795989,56.9538035690784,39.2339987158775,23.2433832883835,48.5969116687775,13.1569030880928,72.6382682323456,0.798396408557892,1659.75938132405,107.811611294746,0,678.322775423527,524.944382548332,13.9497723579407,10.432029902935,22.2211465835571,63.976752281189,2.21260243654251,1.49266147613525,0,70.1647281944752,2.48502820730209,195.854484051466,0,50.0899360179901,3.86831712722778,2.39912462234497,0,1.61138206720352,0,0,0,12.5004121661186,0,71.0721612274647,79.8942813873291,65.1430291831493,28.9670589566231,3.06085759401321,2.51233685016632,4.54018765687943,11.4992946982384,0.767790555953979,0,4464.20861196518,145.000776976347,553.63685670495,106.864851295948,186.054922223091,97.0769740343094,117.564313262701,49.103290528059,29.2116775214672,19.3732582628727,169.645625829697,87.1183542609215,0,0,2.92675316333771,8.56293576955795,1.26068377494812,0,2.89908611774445,0,0,0,0.924398183822632,0,0,0,0,0,4.13619428873062,1.49393427371979,2.63060796260834,0,0,0,0,0,2.19126439094543,0,0,0,0,0,0,0.849580705165863,0,0,0,0,0,1.49060869216919
161.741659492254,205.849604815245,141.581011384726,144.714507967234,10.7505280971527,4.4922062754631,172.470403909683,74.1611526608467,6.27934491634369,2.66003578901291,56.1936886012554,73.2881711423397,87.613959312439,29.6662017703056,16.8773455619812,5.91150778532028,25.6648906469345,48.5475046038628,1057.40134054422,7504.55516827106,0.654739379882812,23.6064353883266,271.705837935209,1194.10183516145,8.60000419616699,55.5447726845741,2.98481458425522,6.02183395624161,124.62183406949,14.6363495588303,124.383852362633,2800.49151328206,678.322775423527,0,22.0134721398354,521.609753072262,83.8069972097874,51.1220103800297,56.5928440988064,185.112284958363,9.67695039510727,0,6.38327503204346,30.1040576994419,12.7196286916733,27.977940350771,27.8816578388214,180.831469446421,6.44722059369087,0,1.89782780408859,2.97625130414963,0,0,5.59277051687241,6.64378842711449,215.785061717033,313.204655975103,179.998617172241,117.463924884796,39.0082657933235,23.7477585971355,57.80126953125,47.8888420462608,3.06497848033905,10.8150082826614,1121.18179020286,6280.86872890592,699.374958157539,1565.50487330556,201.908084779978,294.788552254438,286.528615385294,236.857642591,68.7794620394707,84.0016946196556,575.539958745241,413.916775286198,5.56738394498825,13.7505278587341,80.3211557269096,170.169189661741,5.4362051486969,3.44171363115311,17.3272249698639,23.2652976512909,0.693395018577576,0.457746893167496,10.4535778164864,7.43648332357407,0,2.68234264850616,0,0,24.3169994652271,7.02035224437714,5.50147491693497,0,0,0,0,0,0,0,3.30720579624176,0.823711335659027,4.17511105537415,0,4.5620344877243,10.9719885587692,0,0,0,0,0,0
1.6389417052269,3.92615270614624,9.61151137948036,0,9.41668003797531,0,2.2537015080452,0.81737756729126,2.91636788845062,0,1.39952713251114,0,7.65254157781601,0,11.0259238481522,0,1.24154102802277,0,33.6022826731205,5.95742112398148,11.6779963374138,7.73921298980713,124.598885267973,0,20.1519391536713,0,26.6712382733822,0,33.6670371890068,10.9309331476688,170.312876403332,5.90277445316315,524.944382548332,22.0134721398354,0,339.626941919327,107.349857747555,87.602366656065,216.321647822857,19.5890899300575,13.0537534952164,14.2104661464691,573.61329844594,221.866750121117,1249.08800333738,314.8128862679,292.196136653423,39.1721247434616,298.281231194735,186.680373728275,109.115253686905,35.2958534955978,27.4046588540077,5.10703599452972,49.7190111279488,14.6229697465897,4.7321212887764,11.1837757229805,54.3300529420376,27.9785589575768,9.8024223446846,1.80719721317291,8.73755353689194,6.47228956222534,1.42288851737976,0,2047.724468261,447.267064571381,0.798974812030792,3.1479349732399,55.3404214382172,0,76.8448604345322,38.1568415164948,11.1800727844238,2.96403950452805,104.641527146101,61.6833723187447,3.73463034629822,4.00445687770844,39.5408561825752,25.2329669594765,15.2662733793259,4.71049225330353,33.3657854199409,6.15225553512573,4.22527098655701,0,64.0313299894333,18.2171956300735,0,0,0,0,13.0257872343063,2.88473528623581,1.55156356096268,0,0,0,0,0,0,0,0,0,0,0,0,1.83668780326843,0,0,0,0,0,0
0,1.15911948680878,0.545946717262268,0.347926884889603,1.57999539375305,0,0,0.689538598060608,0,0,0,0,0,0.378540575504303,0,0,0,0,0.663003325462341,17.8099446594715,0,0,0,13.0699057281017,0,0,0,0.480055302381516,43.1372934579849,2.79929250478745,1.3622425198555,58.1153308749199,13.9497723579407,521.609753072262,339.626941919327,0,121.85416251421,151.332489281893,42.7275224924088,151.03705650568,25.5077648162842,9.16613712906837,288.266086637974,522.452414095402,563.96548268199,755.94915574789,115.831049859524,219.764967858791,225.238026499748,406.013267457485,83.5587201714516,51.6996853947639,34.1039994359016,19.1587129235268,17.6120787262917,32.990634560585,1.64605131745338,1.88297334313393,31.8435018658638,25.2151109576225,6.07466292381287,0.571112155914307,4.98866266012192,3.65204381942749,3.33036130666733,0.874679625034332,301.874701470137,1602.73217365146,3.34199151396751,1.20719695091248,5.52210307121277,2.51634675264359,79.8803431987762,29.7525804638863,2.98806971311569,6.30012726783752,113.270933806896,47.6532217860222,1.19937705993652,1.89692044258118,21.9916759729385,31.8156813383102,4.21099132299423,2.96743538975716,40.6867117881775,6.52063024044037,0,1.0284880399704,84.6664817333221,24.2105311751366,0.5030717253685,1.64457106590271,0,0,3.83292883634567,7.81918385624886,0,0,2.57821416854858,0,0,0,0,0,0,0,0,0,0,1.49020051956177,0,0,0,0,0,0
219.148168385029,17.1903653740883,91.7160149216652,3.92488050460815,14.0215165913105,0,55.6064003109932,0,19.8078910112381,0,31.5715833604336,0,40.4615960121155,1.18750143051147,37.3205323815346,0,27.4783250689507,3.56197315454483,96.0519064664841,33.3753974437714,15.1515714526176,0,3.81628656387329,0.613591551780701,1.47021150588989,0,102.809779465199,0,229.119148880243,10.7481821775436,11.3516393899918,6.67901349067688,10.432029902935,83.8069972097874,107.349857747555,121.85416251421,0,557.333575189114,2384.39515995979,36.6649088263512,474.604515552521,11.8933506608009,438.427637398243,120.437324404716,784.451224058867,92.7029345631599,1077.80568784475,25.0868322849274,618.591726005077,65.2151058912277,697.620553582907,12.2244020998478,158.646038562059,4.933453977108,1728.6951417625,16.9107409417629,392.535564482212,90.7408198714256,643.576885819435,148.567510157824,460.895985096693,9.8332172036171,166.75204616785,13.1051155328751,107.99039876461,0,819.895641297102,842.690360486507,239.790142089128,39.0004478693008,486.22942918539,55.2828654050827,469.749446868896,98.1552835404873,1088.94001638889,116.58587422967,4286.13334277272,281.611288964748,0.608041048049927,21.9390690326691,131.420983403921,29.6243032813072,401.845939308405,0,268.578249067068,4.84219264984131,922.543204575777,0,1883.16409772635,1.24273538589478,257.170153617859,301.932476013899,262.594768196344,110.868694216013,211.870844066143,102.398905545473,194.284493535757,47.1278723180294,148.712426155806,52.9306163489819,115.027961909771,56.2462601661682,225.229857116938,90.3077623844147,110.790239542723,48.9431232213974,65.1883085072041,14.3193920850754,26.7998974919319,113.46011915803,23.6985417604446,5.41238141059875,12.8225885033607,4.65378546714783,4.15953916311264,12.2736995220184
1.43540841341019,444.068009734154,0,75.3495250344276,0,16.1012287139893,1.29307270050049,51.1468381285667,0,22.2736557126045,0,16.4749108552933,0,10.6772114634514,0,36.1114898920059,3.56771790981293,57.0299811959267,5.48380386829376,153.004603713751,2.46614599227905,5.60752505064011,0,11.4840081334114,0.881582081317902,1.40829649567604,33.4167113900185,7.54709473252296,29.9890664219856,103.763093173504,0,3.45385307073593,22.2211465835571,51.1220103800297,87.602366656065,151.332489281893,557.333575189114,0,71.8487236499786,1886.58289372921,4.07381701469421,715.094866067171,138.305620074272,287.46662324667,153.632913202047,719.308472931385,371.406247973442,716.301264226437,55.134563267231,411.866548091173,25.8329690098763,250.888335078955,2.43739593029022,128.146381288767,32.7603065371513,1179.37543976307,11.7525542676449,324.668765336275,189.557902812958,438.209162145853,46.1326020658016,175.863348066807,22.6500326991081,97.2908889651299,5.08658689260483,102.589512944221,1063.24943000078,1005.88882184029,2.42754793167114,67.6605111062527,30.5684809088707,333.313112616539,91.0892300605774,367.945747464895,31.8540506958961,482.452927172184,353.838322639465,4129.14539587498,0,4.88855904340744,48.3313348591328,168.601093500853,0,365.697990834713,6.8765584230423,311.2757640481,0,957.864870905876,11.6179790496826,866.102669745684,56.1462515592575,144.434518545866,66.6936865746975,68.8734151422977,21.7338957190514,143.625518649817,48.4456046819687,40.4776726961136,54.5551121234894,40.6418563425541,33.2981480956078,42.3353546857834,63.0301789045334,68.4814905524254,16.9134001731873,31.9610801339149,34.5318081974983,9.88473051786423,13.8250659108162,52.282013297081,31.2699236869812,4.94368535280228,6.04285657405853,0,0,3.79948842525482
154.545440793037,8.69000846147537,31.0490906238556,10.5037412345409,2.60445863008499,0,7.57729434967041,4.59505379199982,2.31514754891396,0,16.0228804349899,2.05561494827271,9.38136851787567,1.24804103374481,7.00019225478172,0,5.99806261062622,2.22356390953064,47.5626481771469,24.8604848980904,0,0,6.54142594337463,0,0,0,14.2199145555496,0,86.677540242672,0.768428802490234,21.396436393261,0,63.976752281189,56.5928440988064,216.321647822857,42.7275224924088,2384.39515995979,71.8487236499786,0,50.3534289598465,809.019466340542,0,516.128533810377,28.9187676012516,570.212570518255,32.7275624871254,1224.95924553275,7.3883099257946,168.477253228426,9.2036452293396,103.056491464376,1.19251692295074,29.4743987619877,0,1452.66274344921,7.30009472370148,144.604188323021,0,143.310340106487,3.59579640626907,70.7591126859188,0,32.0387774407864,0,27.6884058117867,0,558.426126986742,141.508748441935,145.584394186735,0,161.518625974655,22.8323346376419,109.230674982071,1.31426388025284,186.293790847063,63.361632168293,418.910680145025,57.984463840723,1.72713983058929,1.59228587150574,20.0215573906898,1.96798276901245,78.5540161728859,0,47.7381961643696,0,48.738323032856,0,332.050372838974,0,267.477114260197,682.555471092463,255.57274004817,148.197811514139,56.3663616776466,217.695559412241,168.504936754704,55.9561796188354,124.620925992727,144.527373075485,89.5569062829018,46.3479138612747,166.257870018482,104.972311407328,49.3937000632286,36.2701464891434,77.3333881497383,13.3869068026543,7.40432199835777,9.46700036525726,29.6782238483429,3.85606342554092,6.28179782629013,2.53461593389511,1.78508350253105,8.80418187379837
0,136.827619224787,0,18.0870234370232,0,5.75959068536758,0,9.00268888473511,0,1.44419574737549,0,3.06330251693726,0,0.566007733345032,0,9.87292465567589,0,23.2792753577232,2.08517622947693,46.1598939299583,0,8.93010139465332,0,2.61060851812363,0,1.65709435939789,0,7.45199477672577,0,67.1334709525108,0,16.0577141940594,2.21260243654251,185.112284958363,19.5890899300575,151.03705650568,36.6649088263512,1886.58289372921,50.3534289598465,0,0,1110.9393722713,37.5810566842556,480.863657385111,33.2403406500816,384.47044172883,20.9413450360298,1297.03584289551,15.8116474747658,72.8722080588341,3.47811627388,46.3110635876656,1.44539320468903,29.5499141216278,0,1226.40692391992,1.00285255908966,149.557469636202,12.1197547912598,96.9192279577255,0,12.3569190502167,1.38264322280884,15.8220016956329,0,9.50367832183838,79.7637857794762,1001.18493559957,1.42287313938141,37.1398176848888,3.45311117172241,69.8531957268715,2.21942722797394,63.3608804941177,10.9868983030319,48.4270979464054,49.8850479424,193.665012419224,0,0,0,22.2929237782955,0,106.922896325588,0,69.2123163640499,0,301.01538541913,0,182.036141455173,50.059986114502,83.5332833230495,34.8461784422398,34.7385311424732,16.1350233256817,37.7021957337856,33.4954519271851,15.6545552611351,28.9628950953484,27.556427448988,19.466793358326,17.1134291887283,35.5592416226864,46.0377802848816,4.62585604190826,12.296265900135,7.40915066003799,4.02114450931549,4.8805850148201,2.40888029336929,13.7587957084179,5.42664206027985,3.91474783420563,1.06098461151123,0.883406221866608,2.29738846421242
2.7165858745575,0,13.8205428123474,0.998484909534454,53.8961093425751,2.01487147808075,3.05629187822342,0,55.0054770410061,0.614598274230957,1.02789151668549,0,5.67171764373779,0,87.5914612114429,0,1.66369080543518,0,6.56092655658722,0,34.7840395569801,4.10029876232147,11.5012244582176,1.87142336368561,11.5979152917862,3.96533292531967,40.8177645504475,1.58497369289398,356.700218141079,0,12.067661345005,4.19325697422028,1.49266147613525,9.67695039510727,13.0537534952164,25.5077648162842,474.604515552521,4.07381701469421,809.019466340542,0,0,14.0523362159729,120.895700186491,0,69.8638876080513,0,192.961975306273,0,61.5396964550018,0,72.1842427253723,0,23.448589771986,0,55.5100611448288,0,2.57959508895874,0,40.2668733298779,0,32.0086146593094,0,6.0922169983387,0,5.1726253926754,0,72.5026650130749,12.14628469944,2.05618095397949,0,259.783822566271,31.7481760978699,676.23505422473,14.9539214372635,374.36202198267,46.449517339468,254.228805869818,3.18369650840759,0,0,7.16087341308594,0,621.027785360813,0,39.4666742682457,0,463.656537950039,1.04238641262054,198.739570200443,0,3.24614977836609,0,4.00780907273293,0.496974050998688,10.4726800620556,2.24944639205933,2.29048761725426,0,1.41792333126068,0,0.338122814893723,0.442777127027512,1.98910191655159,0.591242134571075,9.8665885925293,0.661654949188232,1.14296016097069,0,7.38478881120682,4.53426307439804,0.694051027297974,0,1.23916482925415,0,0,4.73815047740936
0,0,0,7.80397725105286,5.00790733098984,219.57145512104,0,1.2727038860321,0,55.7047378718853,0,0,0,5.59592443704605,0,223.351969629526,0,1.11687171459198,0,4.61410647630692,19.5872099399567,254.297449290752,1.77348780632019,9.29206788539886,2.85089284181595,44.1672645807266,8.56982237100601,290.186817526817,1.34611535072327,388.261703133583,4.19373446702957,5.58752155303955,0,0,14.2104661464691,9.16613712906837,11.8933506608009,715.094866067171,0,1110.9393722713,14.0523362159729,0,15.342983186245,162.558449834585,6.218954205513,153.853894472122,2.13113641738892,296.614532470703,0,103.555434554815,0,95.9188304841518,0,84.3386275470257,0,562.083644360304,0,1.09513092041016,0,40.2719573378563,0,3.4968329668045,0,3.05153965950012,0,8.84280803799629,10.0741316080093,141.486821353436,0,0,34.5377756953239,342.528498232365,55.2887654304504,1136.18815168738,18.1436046361923,375.386774778366,11.8768547773361,222.55702573061,0,0,0,31.1641896665096,1.25344121456146,1438.1974811852,0,238.2551202178,0.584656774997711,1321.78251183033,1.10798788070679,347.535591125488,0,3.66326904296875,0,3.60778191685677,0,5.47385406494141,0,0,0,4.009974360466,0,0,1.65216624736786,2.13027334213257,0,1.51608309149742,0,0,0.383295446634293,2.27758437395096,0,0,0,0,0,0
0.694047033786774,2.08701187372208,0,0,1.05596768856049,0,0,0,0,0,0,0,0,0,0,0,0,0,4.62974482774734,0,3.91314244270325,0,17.0169333815575,0,2.6675271987915,0,1.40354156494141,0,150.73901745677,11.4998227059841,72.2121069729328,0,70.1647281944752,6.38327503204346,573.61329844594,288.266086637974,438.427637398243,138.305620074272,516.128533810377,37.5810566842556,120.895700186491,15.342983186245,0,2702.44030115008,10540.9892072082,1535.64341366291,6416.52034458518,1855.09388703108,1782.132681638,232.160431444645,2807.83613064885,19.1189240217209,310.506882667542,15.3032043576241,502.01381751895,136.495788455009,0,3.5675585269928,63.0919845998287,32.7148987054825,1.28258329629898,0,1.75553384423256,0,0,1.07232487201691,1615.18388935924,693.904222220182,0,3.26739126443863,10.3926528394222,0.559821844100952,296.412180781364,55.106618642807,8.3494960963726,6.15882366895676,333.304229348898,48.7996542155743,0,0.621205270290375,135.76911509037,12.2594376802444,42.4555026292801,7.84213030338287,243.407191812992,19.8032371997833,18.0524883270264,0,575.163626372814,28.0919653177261,78.4358777403831,1.20913922786713,0,0,12.5751864910126,0,1.24383276700974,0,207.463543176651,48.8809765577316,0,0,0,0,0,0,0,0,0,0,0,0,0,0,0,0
0,0,0,0,0,0.560179114341736,0,2.20859885215759,0,0,0,0,0,0,0,2.60671645402908,0,0,0,3.46965074539185,0,0,0,0,0,0,0,0.539555609226227,2.87454354763031,75.2517076730728,0,2.89193180203438,2.48502820730209,30.1040576994419,221.866750121117,522.452414095402,120.437324404716,287.46662324667,28.9187676012516,480.863657385111,0,162.558449834585,2702.44030115008,0,1697.40111279488,7029.98481845856,223.826342314482,6922.7045262754,576.577799260616,1552.30462369323,221.133635640144,749.619463443756,53.3929224610329,998.943953692913,39.4162575602531,659.031330049038,0.637941002845764,0,103.816379874945,25.0257625579834,2.46549558639526,1.06843221187592,0,0,0,5.78738516569138,556.390241384506,1909.05017709732,0,0,3.86794590950012,1.52052283287048,21.3770591616631,257.655459553003,0,17.8720063865185,192.829329162836,188.882186770439,1.63659512996674,0,2.15222883224487,96.2516217827797,0,104.015916734934,2.6439197063446,185.380022019148,0,12.2681607306004,18.5856879353523,269.958519428968,0,5.00267100334167,0,0,0,5.83549094200134,0,2.28224927186966,1.84013617038727,42.0996431708336,0,0,0,0,0,0,0,0,0.41670435667038,0,0,0,0,0,0,0
6.19005852937698,0,0,0,0,0,0,0,0,0,0,0,0,0,0,0,1.0213371515274,0,5.89071854948997,1.09825932979584,0,0,14.6995470821857,0,0,0,0,0,159.624418407679,5.23565530776978,62.7609637975693,0,195.854484051466,12.7196286916733,1249.08800333738,563.96548268199,784.451224058867,153.632913202047,570.212570518255,33.2403406500816,69.8638876080513,6.218954205513,10540.9892072082,1697.40111279488,0,1349.56339213252,2719.95541191101,381.232945650816,3372.33932170272,142.620212554932,986.314190238714,14.0210278630257,200.807815551758,9.64732682704926,510.453268766403,20.5755751430988,17.9671987891197,0,424.852159112692,48.9100357890129,12.3652849197388,0,7.15595573186874,0,2.26263153553009,0.529964029788971,2336.16898518801,1211.42367148399,0,0.484970182180405,7.85951280593872,0,487.762563318014,34.7145900726318,41.6472444832325,2.45002621412277,687.436677068472,73.3923340439796,1.82829540967941,2.08099037408829,329.671391397715,8.07960042357445,18.623623996973,1.59642708301544,301.785372287035,6.23957803845406,0.711321651935577,0,396.216173738241,6.92193940281868,5.51144981384277,0,0,0,29.8220318257809,0,10.255667746067,0,24.1509392261505,0,0,0,0,0,0,0,0,0,0,7.74659705162048,0,0,0,0,0,0
0,25.7517325282097,0,0,0,0,0,9.18871057033539,0,0,0,0,0,0,0,0,0,0,0,2.31228950619698,0,0,0,0,0,0,0,0,1.57200181484222,127.866209536791,0,3.82319894433022,0,27.977940350771,314.8128862679,755.94915574789,92.7029345631599,719.308472931385,32.7275624871254,384.47044172883,0,153.853894472122,1535.64341366291,7029.98481845856,1349.56339213252,0,98.9312738776207,4990.65383166075,117.455337941647,3577.92876192927,34.4040986895561,1496.00507509708,3.00405991077423,425.517859429121,6.30947613716125,667.2833802104,0,24.0945691764355,31.0869917869568,317.204572945833,0,20.5501708984375,0,8.61571717262268,0,54.9821520447731,408.983818084002,2371.9272326529,0,0,0.864583730697632,0.622250735759735,2.28429132699966,899.058982640505,0,153.892408043146,176.206765681505,777.161953091621,0.931114196777344,17.5147880017757,0,865.422958493233,0,75.9404977858067,4.00533723831177,483.718866586685,0,1.87774062156677,1.6414452791214,354.845013558865,2.03994870185852,0,0,0,0,43.6362731456757,0,19.734168022871,0,0.684345424175262,0,0,0,0,0,0,0,0,0,7.70465022325516,0,0,0,0,0,0
2.24629735946655,1.35982191562653,1.43285483121872,1.54779863357544,2.34752616286278,0,11.3830122947693,0,4.30091732740402,0,0,0,5.63975840806961,0,14.4701409935951,0,0,0,12.1495942473412,1.70912903547287,0,0,14.418178498745,0,0,0,1.03014600276947,0,254.324203759432,11.346492767334,43.1515491604805,0,50.0899360179901,27.8816578388214,292.196136653423,115.831049859524,1077.80568784475,371.406247973442,1224.95924553275,20.9413450360298,192.961975306273,2.13113641738892,6416.52034458518,223.826342314482,2719.95541191101,98.9312738776207,0,26.6282764077187,830.122191220522,39.3518713712692,1909.39191988111,5.99185836315155,2134.82078507543,4.80483812093735,3157.72926476598,35.049357175827,7.45856040716171,10.6573796272278,75.3480835556984,71.9218711853027,23.3130664825439,2.5891649723053,3.71352753043175,2.18477934598923,7.29447388648987,3.31330680847168,573.267660409212,656.578144311905,0.532110273838043,4.69844567775726,16.2399344146252,3.39113020896912,344.85550737381,69.379003226757,17.0556215643883,14.4803461432457,625.013227790594,105.651090025902,0.796184241771698,1.09982204437256,128.332365572453,2.77890419960022,96.0094893276691,0,310.627700269222,0.886033833026886,107.080423593521,0,986.718141853809,12.8597425222397,58.7208265066147,0,0,1.21056938171387,14.1155987679958,5.75295102596283,21.9419595599174,0,276.459991335869,1.20056223869324,0,0,0,0,0.414391309022903,0.472625106573105,1.68156373500824,0,3.69824981689453,112.042913496494,1.23606848716736,0,0,0,0,1.3136522769928
0.445922702550888,6.32498878240585,0,11.7115148305893,0,1.30522632598877,0,4.26749244332314,0,0.71724796295166,0,1.37926125526428,0,1.77500158548355,0,4.47342729568481,0,0,1.73079299926758,27.7113944888115,0.955508828163147,4.06223088502884,0,12.2978711724281,0,0,0,1.21338534355164,0,101.135337710381,0,28.7824640274048,3.86831712722778,180.831469446421,39.1721247434616,219.764967858791,25.0868322849274,716.301264226437,7.3883099257946,1297.03584289551,0,296.614532470703,1855.09388703108,6922.7045262754,381.232945650816,4990.65383166075,26.6282764077187,0,15.21961414814,612.696540117264,1.99207919836044,280.929448664188,2.94230401515961,2386.68194618821,4.4342235326767,3419.56046882272,5.08012974262238,15.0761845707893,10.521433532238,25.1476206481457,1.88905596733093,3.98467528820038,2.17180895805359,4.21418541669846,0,3.91318506002426,85.6520273685455,1326.90156632662,1.96698743104935,5.49068278074265,2.95932596921921,15.744059741497,4.27102041244507,298.074504941702,0.741643607616425,36.812251329422,29.1801685988903,382.572506815195,0,0,0,88.6274055838585,0,174.322498321533,0,254.472865283489,0,72.5864810943604,0,363.222918331623,0,8.6794008910656,0,0,0.75809919834137,4.88683831691742,3.83640652894974,36.9381091594696,2.54889225959778,140.135971963406,0,0.84755140542984,0,1.27419555187225,0.600416421890259,1.02335748076439,0,0,0,60.1351554989815,0,0,0,0,0,0
7.21988904476166,0,0,0,0,0,6.49973803758621,0,0,0,0,0,0,0,0,0,5.13810080289841,0,0,0,0,0,0,0,0,0,1.07119143009186,0,154.664417386055,0,1.5171959400177,0,2.39912462234497,6.44722059369087,298.281231194735,225.238026499748,618.591726005077,55.134563267231,168.477253228426,15.8116474747658,61.5396964550018,0,1782.132681638,576.577799260616,3372.33932170272,117.455337941647,830.122191220522,15.21961414814,0,17.0278799533844,6165.63813635707,0,474.973503887653,0,608.601791977882,7.55261838436127,19.319059163332,0,1109.54415532947,16.0204969644547,205.916923463345,0,3.83242645859718,0,9.08508503437042,0,574.767707079649,530.252601474524,0,0,11.0707519054413,0,472.49560162425,0.820188105106354,24.1152044534683,0,619.586598396301,20.8255317211151,0.541609764099121,0,426.689410030842,0,68.515822827816,0,352.781393200159,0,1.71045935153961,0,467.617266982794,0,5.84043872356415,0,0,0,27.8562654852867,0,15.5839594900608,0,15.2240102291107,0,0,0,0,0,0,0,0,0,2.21459925174713,15.5262237787247,0,0,0,0,0,0
0,22.8353460431099,0,1.10290169715881,0,0,0,19.3853567242622,0,0,0,0.68450140953064,0,0,0,0,0,0,0,0,0,0,0,0,0,0,0,0,0,110.519409954548,0,0,0,0,186.680373728275,406.013267457485,65.2151058912277,411.866548091173,9.2036452293396,72.8722080588341,0,103.555434554815,232.160431444645,1552.30462369323,142.620212554932,3577.92876192927,39.3518713712692,612.696540117264,17.0278799533844,0,5.94003617763519,4849.68184730411,0,1172.89013335109,1.49441695213318,618.864921718836,0,28.2348555028439,7.82805794477463,231.773132413626,0,32.8881734311581,0,13.1097401976585,0,222.927402555943,224.338504433632,734.228538930416,0,0,0,1.93242841959,1.23422706127167,635.023244559765,0,100.644277840853,118.716401278973,522.000581353903,0,16.9068881571293,0,637.181113868952,0,105.687314301729,0,467.144887238741,0,1.01000189781189,0,332.290839791298,0,0,0,0,0,21.5491971671581,0,2.54353243112564,0,1.24997341632843,0,0,0,0,0,0,0,0,0.36809253692627,4.39306300878525,0,0,0,0,0,0
127.923824846745,0,15.3679322600365,0,0.487659156322479,0,123.347051978111,0,0,0,7.59963482618332,0,5.9145792722702,0,3.49481892585754,0,12.8045374155045,0,5.67899113893509,0,0,0,0,0,0,0,2.00585001707077,0,244.645640522242,0,0.680385410785675,0,1.61138206720352,1.89782780408859,109.115253686905,83.5587201714516,697.620553582907,25.8329690098763,103.056491464376,3.47811627388,72.1842427253723,0,2807.83613064885,221.133635640144,986.314190238714,34.4040986895561,1909.39191988111,1.99207919836044,6165.63813635707,5.94003617763519,0,0,4166.55720922351,0,1495.78145265579,5.10158014297485,230.568920999765,0,1525.11184331775,2.72709667682648,785.753747105598,0,30.901861011982,0,962.383706539869,0,537.514483511448,218.020031988621,3.2178897857666,0,29.0387462973595,2.72953861951828,633.237384855747,0,40.4912642538548,0,653.685851335526,8.94624692201614,28.5281985998154,0,800.181603968143,0,196.686767995358,0,4081.25435516238,0,29.7651152908802,0,2526.10311838984,0,4.2670361995697,0,0,0,44.8610166013241,2.10617971420288,12.4760082960129,0,6.20535916090012,0,0,0,0,0,1.55462026596069,0,1.18647062778473,0,0,16.521318167448,0,0,0,0,0,0
0,149.667073041201,0,3.02229785919189,0,0,0,166.504709422588,0,0,0,15.3650806546211,0,2.63889908790588,0,0.917819082736969,0,9.38732433319092,0,10.0142490267754,0,0,0,0,0,0,0,0,0,128.545986622572,0,0,0,2.97625130414963,35.2958534955978,51.6996853947639,12.2244020998478,250.888335078955,1.19251692295074,46.3110635876656,0,95.9188304841518,19.1189240217209,749.619463443756,14.0210278630257,1496.00507509708,5.99185836315155,280.929448664188,0,4849.68184730411,0,0,0,4589.82714638114,5.89626550674438,1303.0408513248,0,105.714399129152,0,774.766449123621,0,82.6608199775219,0,21.1636952161789,0,711.865414500237,29.4427987933159,247.250493884087,0,0,0,40.555597692728,0,523.231028586626,0,52.0100748836994,18.2392638325691,285.993807286024,0,22.2424798607826,0,589.715425252914,0,188.25830963254,0,4352.91970410943,0,4.97351989150047,0,1249.32184621692,0,1.83028566837311,0,0,0,11.0300355553627,0,0,0,1.76483815908432,0,0,0,0,0,0,0,0,0,3.02995556592941,0,0,0,0,0,0
18.2938568592072,0,0,0,0.47842675447464,0,7.05525296926498,0,0,0,0,0,0,0,0,0,1.75143086910248,0,0,0,1.38126420974731,0,0,0,0,0,0,0,48.8454712629318,0,0,0,0,0,27.4046588540077,34.1039994359016,158.646038562059,2.43739593029022,29.4743987619877,1.44539320468903,23.448589771986,0,310.506882667542,53.3929224610329,200.807815551758,3.00405991077423,2134.82078507543,2.94230401515961,474.973503887653,0,4166.55720922351,0,0,0,2551.55614411831,0,19.5693927109241,0,7.09217685461044,0,14.8205170035362,0,1.42948234081268,0,25.1626604199409,0,8.43781858682632,52.7354929447174,0,0,0,0,105.103988200426,0,2.95059135556221,0,92.8712315559387,2.05112463235855,0,0,59.4401382505894,0,35.9502465128899,0,501.922392308712,0,29.2397310733795,0,1200.22276842594,0,1.08224892616272,0,0,0,3.24972629547119,0,1.35357224941254,0,8.56744694709778,0,0,0,0,0,0,0,0,0,0,0,0,0,0,0,0,0
0,0,0,0,0,0,0,1.10602414608002,0,0,0,0,0,0,0,0,0,0,0,0,0,3.7093757390976,0,0,0,0,0,0,0,65.8842062056065,0,0,0,0,5.10703599452972,19.1587129235268,4.933453977108,128.146381288767,0,29.5499141216278,0,84.3386275470257,15.3032043576241,998.943953692913,9.64732682704926,425.517859429121,4.80483812093735,2386.68194618821,0,1172.89013335109,0,4589.82714638114,0,0,0,1932.64621567726,0,0,0,9.33135861158371,0,0,0,0,0,3.88879883289337,18.3175379037857,37.4315021038055,0,0,0,0,0,203.417941093445,0,15.2283070087433,5.40856683254242,80.6146112680435,0,0,0,89.5340173244476,0,76.8634603917599,0,652.15696823597,0,4.22240874171257,0,774.446423083544,0,5.7545437514782,0,0,0,2.98821580410004,0,0,0,4.54346185922623,0,0,0,0,0,0,0,0,0,0,0,0,0,0,0,0
3.92496645450592,0,0,0,1.4669646024704,0,4.09838688373566,0,0,0,0,0,0,0,1.30540192127228,0,0,0,0,0,0.622157454490662,0,0,0,0,0,2.58319979906082,0,57.5343288183212,0,5.367347240448,1.05300378799438,12.5004121661186,5.59277051687241,49.7190111279488,17.6120787262917,1728.6951417625,32.7603065371513,1452.66274344921,0,55.5100611448288,0,502.01381751895,39.4162575602531,510.453268766403,6.30947613716125,3157.72926476598,4.4342235326767,608.601791977882,1.49441695213318,1495.78145265579,5.89626550674438,2551.55614411831,0,0,0,18.7738869190216,0,34.4494320452213,6.1510763168335,16.0772220790386,0,5.56101787090302,0,30.1729865372181,0,141.036934435368,124.153387129307,0,0,3.07289838790894,0.533468782901764,80.2416998445988,8.0573365688324,7.49527901411057,1.30027383565903,156.468805849552,7.00807183980942,0,2.09283757209778,42.5109770596027,0,108.409685969353,0,149.809823542833,0,108.717601239681,0,2344.83779844642,0,10.5247850120068,0,0,0,3.58129280805588,0,2.25911617279053,0,105.173269510269,0,0,0,0,0,0.517580986022949,0,0,0,0,2.82911825180054,0,0,0,0,0,0
0,15.4914273321629,0,0,0,15.5265274345875,0,13.2899985909462,0,3.30195772647858,0,0.517196774482727,0,1.09199297428131,0,21.3522245287895,0,0.904290974140167,0,0,0,4.81782776117325,0,0,0,0,0.702792286872864,7.73205035924911,0,91.0580145120621,0,1.03349053859711,0,6.64378842711449,14.6229697465897,32.990634560585,16.9107409417629,1179.37543976307,7.30009472370148,1226.40692391992,0,562.083644360304,136.495788455009,659.031330049038,20.5755751430988,667.2833802104,35.049357175827,3419.56046882272,7.55261838436127,618.864921718836,5.10158014297485,1303.0408513248,0,1932.64621567726,0,0,0,5.60029092431068,14.8100218176842,48.0513752698898,3.69091069698334,8.61204242706299,0,7.51665356755257,0,51.9029175341129,122.071727216244,191.511517435312,0,0,3.40019237995148,4.51962983608246,5.75241661071777,241.824790745974,2.28104972839355,23.1445340812206,26.3302291929722,202.631541192532,0,0,0,121.044384866953,0,321.183278858662,0,1334.12261372805,0,779.631979376078,3.86062216758728,3301.50336256623,0,2.74116516113281,0,0,1.880166888237,6.53095149993896,0,1.45757067203522,0,23.8038306236267,0,0,0,2.29615378379822,0,0,0,0,0,0,0,0,0,0,0,0
9565.3580827117,79.6771045923233,372.461130350828,12.3679391145706,0,0,691.406459033489,24.7372425794601,0.555248916149139,0,400.476777046919,2.92264723777771,191.287363439798,0,5.39813679456711,0,1911.50578916073,20.8663769960403,330.311493694782,287.245721876621,0,0,1.58022603392601,0,0,0,0,0,1716.7556912899,2.99371606111526,8.85781964659691,4.9663650393486,71.0721612274647,215.785061717033,4.7321212887764,1.64605131745338,392.535564482212,11.7525542676449,144.604188323021,1.00285255908966,2.57959508895874,0,0,0.637941002845764,17.9671987891197,0,7.45856040716171,5.08012974262238,19.319059163332,0,230.568920999765,0,19.5693927109241,0,18.7738869190216,0,0,132.189242035151,2622.75689220428,17.9267454445362,4804.12191012502,3.07107555866241,2979.28601154685,13.3252825438976,298.254723876715,0,621.777590215206,132.948986768723,2027.57552167773,117.605362832546,1064.53900685906,70.6885376870632,1954.21715247631,41.1806031167507,380.404008567333,13.9786205887794,2967.7009549737,72.4987589716911,111.008882343769,6.28996229171753,405.089495152235,17.8031588792801,9.84792125225067,0,533.00365909934,0,0,0,393.477621823549,0,0,0,0,0,126.457980543375,3.983353972435,17.3833622634411,0,0,0,0,0,0,0,18.4127670228481,3.22513437271118,4.06261143088341,0,16.3107072710991,37.7550405561924,0,0,0,0,0,4.14937895536423
2.81193619966507,11156.6168909073,0.378824800252914,196.801815271378,0,0,0,716.737840950489,0,0.539389967918396,0,191.581770390272,0,88.9629266858101,0,21.3332546949387,3.60937231779099,1671.04761371017,9.61846506595612,505.12850394845,0,0,0,4.54140913486481,0,0,1.20605826377869,0,24.3782389760017,256.808859169483,1.18002182245255,5.70824104547501,79.8942813873291,313.204655975103,11.1837757229805,1.88297334313393,90.7408198714256,324.668765336275,0,149.557469636202,0,1.09513092041016,3.5675585269928,0,0,24.0945691764355,10.6573796272278,15.0761845707893,0,28.2348555028439,0,105.714399129152,0,0,0,5.60029092431068,132.189242035151,0,58.6579598486423,3110.04456186295,25.4413484334946,1875.23362529278,53.3543094992638,3833.55093744397,1.94052082300186,676.212111353874,219.800347387791,832.932535022497,28.5121548175812,2305.30290010571,75.1211486756802,877.647504329681,48.6708080768585,2355.04234299064,4.5156683921814,623.300469696522,359.764221042395,2963.14419794083,2.15390133857727,104.466666698456,31.0907030105591,412.838718533516,0,2.7934809923172,3.179019510746,149.58555161953,0,0,0,76.7707724571228,0,0,0,0,0,85.5571261942387,1.31846559047699,0.641809225082397,0,0,0,0,0,0,0,5.5346811413765,0,2.24735069274902,6.75313276052475,29.6474169194698,0,1.1241739988327,0,0,0,0.434505373239517
203.12305688858,5.84067612886429,306.100415199995,0,0,0,44.8644965291023,0,0,0,29.259522497654,0,11.4844464659691,0,0.791127026081085,0,77.8078066110611,0.810009598731995,267.821849137545,26.0644731521606,0.752846002578735,0,0.570411801338196,0,0,0,0,0,612.022904932499,2.95646664500237,11.3254936635494,0,65.1430291831493,179.998617172241,54.3300529420376,31.8435018658638,643.576885819435,189.557902812958,143.310340106487,12.1197547912598,40.2668733298779,0,63.0919845998287,103.816379874945,424.852159112692,31.0869917869568,75.3480835556984,10.521433532238,1109.54415532947,7.82805794477463,1525.11184331775,0,7.09217685461044,0,34.4494320452213,14.8100218176842,2622.75689220428,58.6579598486423,0,45.6540069580078,5882.34570348263,3.43987965583801,219.329705327749,10.0827692747116,568.013612031937,0,2501.81057566404,437.688147336245,354.459531158209,61.6125797629356,126.913883268833,45.9673327803612,808.249063879251,16.8274078369141,106.059194326401,2.56961363554001,1169.62469801307,74.5787474811077,130.628827393055,3.6505783200264,548.723936200142,16.7423180937767,24.2711219787598,0,215.672077447176,0,0,0,196.558439314365,0,0,0,0,0,98.340995401144,0,33.8751716017723,0,1.42347002029419,0,0,0,2.15921568870544,0,1.41458809375763,0,3.12756931781769,0,3.07116538286209,51.4041443765163,0,0,0,0,0,0
1.10057353973389,520.733663856983,0,69.2444374263287,0,0,0,124.782828778028,0,0,0,51.5728269815445,0,8.31843626499176,0,0,4.45775079727173,132.914644002914,0.403099596500397,223.482499718666,0,0,0,0,0,0,0,0,16.2921861410141,93.6034308969975,0,0.492631494998932,28.9670589566231,117.463924884796,27.9785589575768,25.2151109576225,148.567510157824,438.209162145853,3.59579640626907,96.9192279577255,0,40.2719573378563,32.7148987054825,25.0257625579834,48.9100357890129,317.204572945833,71.9218711853027,25.1476206481457,16.0204969644547,231.773132413626,2.72709667682648,774.766449123621,0,9.33135861158371,6.1510763168335,48.0513752698898,17.9267454445362,3110.04456186295,45.6540069580078,0,24.0861742198467,3994.22685500979,7.85509738326073,1508.76336783171,0.717922151088715,2063.52864640951,315.636531352997,3025.2266510129,3.2418155670166,98.5998481810093,33.7010512948036,106.098453819752,19.8360508084297,761.716590166092,0,159.929270356894,120.024259150028,947.091007322073,2.54157310724258,168.909491062164,12.3196046352386,1002.88698029518,0,26.2419417202473,0,186.178317010403,0,0,0,83.5506313741207,0,0,0,0,0,71.9617651104927,0,0,0,0,0,0,0,0,0,0.504998743534088,0,0.344225287437439,1.99128746986389,9.62896734476089,0,0,0,0,0,0.377054482698441
880.838407844305,1.85409772396088,97.4995512664318,0,0,0,567.097446471453,0,0,0,276.305222421885,0,97.7743493318558,0,0,0,308.756486833096,2.34313118457794,59.9412404596806,3.19637185335159,0,0,0,0,0,0,0.83229261636734,0,363.284752041101,0,7.28667801618576,0.660697758197784,3.06085759401321,39.0082657933235,9.8024223446846,6.07466292381287,460.895985096693,46.1326020658016,70.7591126859188,0,32.0086146593094,0,1.28258329629898,2.46549558639526,12.3652849197388,0,23.3130664825439,1.88905596733093,205.916923463345,0,785.753747105598,0,14.8205170035362,0,16.0772220790386,3.69091069698334,4804.12191012502,25.4413484334946,5882.34570348263,24.0861742198467,0,0,2777.540664047,2.35190272331238,3239.55798634887,0,519.866088241339,95.4069292843342,31.5358154475689,22.9853142499924,132.030666291714,8.67769953608513,533.771927118301,8.25198030471802,54.4296845793724,0.430084407329559,849.725414156914,46.2480372786522,70.408247590065,2.13956570625305,889.54470038414,6.0688744187355,54.8734567165375,0,1585.38587781787,0,7.82858631014824,0,333.242446631193,0,0,0,0,0,63.1090649068356,0,15.8620963096619,0,2.35264682769775,0,0,0,0,0,3.4021098613739,0,0,0,1.35582184791565,27.8511112928391,0,0,0,0,0,0
0,857.959839999676,0,39.2582096457481,0,0,0,298.147303283215,0,0,0,441.136946022511,0,151.929850041866,0,3.10764348506927,0,427.993358522654,0,82.031409651041,0,0,0,0,0,0,0,0,0,90.9520343244076,2.1448175907135,3.79530662298203,2.51233685016632,23.7477585971355,1.80719721317291,0.571112155914307,9.8332172036171,175.863348066807,0,12.3569190502167,0,3.4968329668045,0,1.06843221187592,0,20.5501708984375,2.5891649723053,3.98467528820038,0,32.8881734311581,0,82.6608199775219,0,0,0,8.61204242706299,3.07107555866241,1875.23362529278,3.43987965583801,3994.22685500979,0,0,3.68156427145004,4677.05434560776,0,2386.64406701922,9.0910017490387,271.564955115318,0,6.22839277982712,4.98716509342194,81.5475227236748,4.21413350105286,390.263870686293,0,85.3836523592472,25.6436834335327,399.87248468399,0,45.6892705559731,1.31243097782135,382.93203407526,0,16.3376295268536,0,429.600140869617,0,0,0,101.775189429522,0,0,0,0,0,13.407654106617,0,0,0,0,0,0,0,0,0,0,0,0,1.89708113670349,1.86178553104401,0,0,0,0,0,1.12961447238922
183.437955141068,5.17721891403198,28.4314423799515,0,0,0,83.0843004584312,0,0,0,276.636191904545,0,93.6971231102943,0,0.97301572561264,0,1281.82921618223,7.95058965682983,18.1918503940105,2.96426606178284,0,0,0,0,0,0,2.67841371893883,0,410.126413702965,0.66121232509613,1.46376699209213,0,4.54018765687943,57.80126953125,8.73755353689194,4.98866266012192,166.75204616785,22.6500326991081,32.0387774407864,1.38264322280884,6.0922169983387,0,1.75553384423256,0,7.15595573186874,0,3.71352753043175,2.17180895805359,3.83242645859718,0,30.901861011982,0,1.42948234081268,0,5.56101787090302,0,2979.28601154685,53.3543094992638,219.329705327749,7.85509738326073,2777.540664047,3.68156427145004,0,5.02104979753494,107.379905790091,0,123.327563583851,60.281872600317,7.12889122962952,34.0700451135635,113.573524415493,15.0766750574112,247.627921372652,12.7964187264442,24.0177881717682,1.80921268463135,620.812386363745,25.9180463552475,68.115294277668,1.52464509010315,2706.43516629934,4.17946296930313,9.96773752570152,0,2091.99550330639,0,3.99757686257362,0,371.020866513252,0,0,0,0,0,32.4863835275173,0,7.40914458036423,0,0,0,0,0,0,0,4.70147123932838,0,0,0,2.035171687603,13.0289343595505,0,0,0,0,0,0
0,459.549800425768,0,41.6319668889046,0,0,0,160.305037260056,0,0,0,568.649116873741,0,250.086386144161,0,5.27359920740128,0,1265.3650431335,0.508590698242188,115.471280992031,0,0,0,2.34697210788727,0,0,0,0,4.73480981588364,272.407563477755,1.48258936405182,1.10740661621094,11.4992946982384,47.8888420462608,6.47228956222534,3.65204381942749,13.1051155328751,97.2908889651299,0,15.8220016956329,0,3.05153965950012,0,0,0,8.61571717262268,2.18477934598923,4.21418541669846,0,13.1097401976585,0,21.1636952161789,0,0,0,7.51665356755257,13.3252825438976,3833.55093744397,10.0827692747116,1508.76336783171,2.35190272331238,4677.05434560776,5.02104979753494,0,0,819.548280626535,39.8788033723831,222.492093920708,2.05999940633774,27.8668997883797,15.3238836824894,171.966141819954,10.1160252094269,698.167677253485,0,104.229622364044,42.5316908955574,484.303460508585,0,49.0736837387085,5.61560666561127,2908.15928113461,0,14.8999934792519,0,1989.42671471834,0,1.66110214591026,0,249.146304935217,0,0,0,0,0,13.5760851800442,0,1.35201573371887,0,0,0,0,0,0,0,0,0,0.836905241012573,0.551899075508118,5.82119226455688,0,0,0,0,0,0
185.616077721119,0,9.75489264726639,0,0,0,218.086966574192,0,0,0,11.8740451037884,0,10.4033257365227,0,0,0,16.4945525527,0,7.59618294239044,0.921121597290039,0,0,0,0,0,0,0.909071266651154,0,80.7468411326408,0,3.2843097448349,0,0.767790555953979,3.06497848033905,1.42288851737976,3.33036130666733,107.99039876461,5.08658689260483,27.6884058117867,0,5.1726253926754,0,0,0,2.26263153553009,0,7.29447388648987,0,9.08508503437042,0,962.383706539869,0,25.1626604199409,0,30.1729865372181,0,298.254723876715,1.94052082300186,568.013612031937,0.717922151088715,3239.55798634887,0,107.379905790091,0,0,0,77.4068875610828,8.14628851413727,7.55336302518845,0,23.7159346044064,0.673775494098663,136.899325579405,0,26.1556387245655,0,174.824403047562,2.9178786277771,10.3799352049828,0,343.555526465178,0,22.4669077396393,0,3823.40577998757,0,7.54536914825439,0,489.930799216032,0,0,0,0,0,17.5481604337692,0,3.57702952623367,0,0,0,0,0,0,0,0.527518749237061,0,0,0,0.519948601722717,9.02176213264465,0,0,0,0,0,0
0,1034.92681699991,0,37.6667347848415,0,0,0,755.998394042253,0,0,0,207.772233843803,0,64.3275943398476,0,0,0,96.002894192934,0,66.0533964037895,0,1.26980137825012,0,0,0,0,0,0,0,30.0806746482849,0.858134388923645,1.88528198003769,0,10.8150082826614,0,0.874679625034332,0,102.589512944221,0,9.50367832183838,0,8.84280803799629,1.07232487201691,5.78738516569138,0.529964029788971,54.9821520447731,3.31330680847168,3.91318506002426,0,222.927402555943,0,711.865414500237,0,3.88879883289337,0,51.9029175341129,0,676.212111353874,0,2063.52864640951,0,2386.64406701922,0,819.548280626535,0,0,3.3722231388092,221.227245002985,0,2.31230390071869,0.915697574615479,120.049714237452,0,376.426639854908,0,80.0044201612473,5.3482950925827,212.118188947439,0,29.513703584671,0,1641.35451358557,0,43.8266434371471,0,3712.52144211531,0,1.88121432065964,0,503.32207390666,0,0,0,0,0,12.2569787502289,0,0,0,0,0,0,0,0,0,0,0,0,0,4.32888162136078,0,0,0,0,0,0.516214549541473
170.965926021338,88.6698648929596,383.680307179689,4.12098413705826,8.54831656813622,0,19.1420962512493,4.83346793055534,0.467937558889389,0,52.2852553427219,0,32.6141139864922,0,0,0,64.3773353993893,22.1650964617729,1483.40840798616,375.436577707529,14.7899332046509,0,250.334452450275,0,9.99888956546783,0,9.05506539344788,0,351.476860046387,4.92487686872482,716.604387134314,30.1266764700413,4464.20861196518,1121.18179020286,2047.724468261,301.874701470137,819.895641297102,1063.24943000078,558.426126986742,79.7637857794762,72.5026650130749,10.0741316080093,1615.18388935924,556.390241384506,2336.16898518801,408.983818084002,573.267660409212,85.6520273685455,574.767707079649,224.338504433632,537.514483511448,29.4427987933159,8.43781858682632,18.3175379037857,141.036934435368,122.071727216244,621.777590215206,219.800347387791,2501.81057566404,315.636531352997,519.866088241339,9.0910017490387,123.327563583851,39.8788033723831,77.4068875610828,3.3722231388092,0,3061.19625353813,2131.24970036745,235.47235250473,289.054524987936,127.968915164471,705.600562363863,184.534566313028,114.844180822372,25.411738216877,1670.71136012673,383.68299883604,44.2557992339134,33.8436092734337,329.844531595707,57.6921513080597,19.1892258226871,0,154.370263546705,4.46882575750351,1.01102030277252,0,237.125514239073,16.5223942697048,0,0,0,0,107.180230498314,4.13408523797989,36.1502796709538,0,1.09276413917542,0,0,0,0,0,4.06715127825737,0,0,0,0.621902108192444,58.73605209589,0,0,0,0,0,0.820220768451691
6.51810318231583,223.959758400917,3.53802865743637,81.1475298702717,0,0,1.64973825216293,36.7815847396851,0,0.902118265628815,0,11.3570021986961,0,3.75386843085289,0,0.831500351428986,6.7866957783699,42.8519054949284,13.2623726129532,963.207242190838,0,4.67321580648422,0,134.832495689392,0,3.24122101068497,0.636973857879639,3.02869737148285,68.814889639616,94.945328772068,2.27398645877838,434.51505023241,145.000776976347,6280.86872890592,447.267064571381,1602.73217365146,842.690360486507,1005.88882184029,141.508748441935,1001.18493559957,12.14628469944,141.486821353436,693.904222220182,1909.05017709732,1211.42367148399,2371.9272326529,656.578144311905,1326.90156632662,530.252601474524,734.228538930416,218.020031988621,247.250493884087,52.7354929447174,37.4315021038055,124.153387129307,191.511517435312,132.948986768723,832.932535022497,437.688147336245,3025.2266510129,95.4069292843342,271.564955115318,60.281872600317,222.492093920708,8.14628851413727,221.227245002985,3061.19625353813,0,34.0809292495251,983.742139130831,97.6311104297638,130.919543683529,214.470172017813,802.38316360116,11.4445599913597,233.523397862911,709.937727034092,1212.05326920748,5.44795334339142,144.665674954653,80.3467368483543,933.090613156557,0,65.5890727341175,34.0377596616745,235.173489153385,0,9.17014583945274,114.527465224266,206.563134074211,0,1.5837904214859,0,1.51487231254578,1.88012498617172,69.8648998439312,1.21118772029877,3.08418792486191,0,0,0,0,0,0,0,0,0,0,0,16.9539960026741,0,0,0,0,1.22619736194611,0
2205.68785151839,338.21948376298,264.447882920504,69.4222039580345,0,0,40.3913868963718,48.7737621963024,1.07342290878296,0,71.9005422890186,1.04917740821838,50.7259418070316,0,2.43767917156219,0,77.4950467944145,0.626260042190552,1675.39504033327,1280.66622239351,0,0,7.02482321858406,0,0,0,0,0,281.574011981487,0,18.5539709031582,4.35214850306511,553.63685670495,699.374958157539,0.798974812030792,3.34199151396751,239.790142089128,2.42754793167114,145.584394186735,1.42287313938141,2.05618095397949,0,0,0,0,0,0.532110273838043,1.96698743104935,0,0,3.2178897857666,0,0,0,0,0,2027.57552167773,28.5121548175812,354.459531158209,3.2418155670166,31.5358154475689,0,7.12889122962952,2.05999940633774,7.55336302518845,0,2131.24970036745,34.0809292495251,0,107.031146705151,994.956488072872,88.0258001685143,960.626953631639,40.4795899093151,379.591441094875,25.7839598655701,2422.60742145777,118.778624534607,2.5005401968956,0,3.82300090789795,0,5.17360424995422,0,0.500590562820435,0,0,0,0,0,0,0,0,0,77.8903289139271,1.85684531927109,17.286749869585,0,0,0,0,0,0,0,3.70502904057503,1.25336647033691,1.4039694070816,0,10.1510224342346,18.0815110206604,0,0,0,0,0,1.34394550323486
7.54872989654541,810.19901111722,3.08024752140045,80.2457963228226,0,0,0.63401073217392,24.2438697516918,0,0,0,21.4936147630215,0,3.50643235445023,0,0,6.45204395055771,69.0224283337593,34.9964024424553,1438.24833780527,0,0,0,5.20265638828278,0,0,0,0,35.7564935088158,6.37655699253082,2.17363858222961,11.2636503577232,106.864851295948,1565.50487330556,3.1479349732399,1.20719695091248,39.0004478693008,67.6605111062527,0,37.1398176848888,0,0,3.26739126443863,0,0.484970182180405,0,4.69844567775726,5.49068278074265,0,0,0,0,0,0,0,0,117.605362832546,2305.30290010571,61.6125797629356,98.5998481810093,22.9853142499924,6.22839277982712,34.0700451135635,27.8668997883797,0,2.31230390071869,235.47235250473,983.742139130831,107.031146705151,0,49.0508487224579,492.561844795942,45.1839911937714,224.683215618134,7.98262071609497,118.106560021639,223.191502273083,933.12763696909,6.27255988121033,9.52579241991043,27.215958237648,43.1613251268864,0,0.597781956195831,0,4.35575479269028,0,0,0,0,0,0,0,0,0,24.7119676470757,0,0.835425972938538,0,0,0,0,0,0,0,2.88247179985046,0,2.02461004257202,1.73133021593094,5.81097906827927,1.23184370994568,0,0,0,0,0
1961.07115080953,120.476323753595,1304.23663070798,211.041884720325,753.449387609959,166.644952386618,1598.90274190903,279.117140978575,921.084624290466,98.4785877168179,271.6057035923,37.0284161567688,1068.22414499521,57.5630158483982,1392.93981558084,195.906784445047,88.7054511606693,8.53279900550842,1304.03796386719,578.481228917837,681.670064032078,192.636247903109,926.918630570173,707.298557281494,405.2713278234,438.945585429668,561.62141263485,261.953824192286,917.869510620832,16.5422043800354,1036.08514487743,409.138251811266,186.054922223091,201.908084779978,55.3404214382172,5.52210307121277,486.22942918539,30.5684809088707,161.518625974655,3.45311117172241,259.783822566271,34.5377756953239,10.3926528394222,3.86794590950012,7.85951280593872,0.864583730697632,16.2399344146252,2.95932596921921,11.0707519054413,0,29.0387462973595,0,0,0,3.07289838790894,3.40019237995148,1064.53900685906,75.1211486756802,126.913883268833,33.7010512948036,132.030666291714,4.98716509342194,113.573524415493,15.3238836824894,23.7159346044064,0.915697574615479,289.054524987936,97.6311104297638,994.956488072872,49.0508487224579,0,589.052249372005,6187.41111212969,190.149949222803,3948.78294199705,144.209731161594,6974.33346545696,176.235526114702,4.99403363466263,3.86976259946823,94.3197422027588,18.4784992337227,44.3467804193497,2.3024343252182,139.025864064693,0,36.7352175116539,2.54950845241547,109.251560539007,6.76629614830017,28.4815470576286,15.0831817984581,29.7962699234486,3.38672661781311,213.178350329399,16.6984940171242,35.8585311770439,5.58056539297104,16.7948868870735,1.40550315380096,5.94436195492744,3.42359215021133,25.6494229435921,1.74437725543976,141.240981191397,36.8275847434998,24.3407244384289,1.14573621749878,67.4585592746735,42.5204412639141,1.26095020771027,0,0.454388529062271,1.76259690523148,2.49725013971329,31.095528036356
131.68579903245,3229.86233541369,433.518979161978,1864.76064389944,120.168273895979,939.416239470243,444.314206302166,3319.27888643742,92.7450582385063,1516.45819103718,39.5492516160011,646.998005211353,179.313829600811,1916.26407930255,104.486341148615,2069.5784509778,11.9979886710644,306.919298440218,677.314766943455,2187.62537878752,78.9633798003197,554.684936612844,556.34334808588,1765.01200416684,96.7989045381546,609.046673446894,135.495906025171,965.842184841633,161.763066262007,255.792670220137,224.073958545923,426.248284131289,97.0769740343094,294.788552254438,0,2.51634675264359,55.2828654050827,333.313112616539,22.8323346376419,69.8531957268715,31.7481760978699,342.528498232365,0.559821844100952,1.52052283287048,0,0.622250735759735,3.39113020896912,15.744059741497,0,1.93242841959,2.72953861951828,40.555597692728,0,0,0.533468782901764,4.51962983608246,70.6885376870632,877.647504329681,45.9673327803612,106.098453819752,8.67769953608513,81.5475227236748,15.0766750574112,171.966141819954,0.673775494098663,120.049714237452,127.968915164471,130.919543683529,88.0258001685143,492.561844795942,589.052249372005,0,411.840249240398,5065.11689093709,113.497246950865,4614.12051612139,393.172399252653,11986.1301975548,1.18737602233887,7.91430968046188,10.9697331190109,85.7524652183056,10.3720982968807,16.8009378612041,1.75559020042419,105.80700096488,1.89179050922394,7.02615994215012,2.75852459669113,64.093410551548,32.8832041621208,74.233789741993,10.5992206037045,28.0798779129982,53.5537075996399,140.896690875292,32.5417480170727,18.1120528876781,16.7623899579048,22.9340128302574,12.5301279425621,14.1653719544411,22.4357472658157,21.5814112722874,41.2779008746147,108.075110048056,29.2872496247292,9.39633643627167,165.996029406786,55.4220517873764,11.195044785738,1.94118189811707,2.61330503225327,2.77801209688187,8.21663475036621,24.9392993748188
2025.1476970613,75.8775641024113,2156.36335605383,257.678472906351,660.477826178074,18.2282874584198,983.117416471243,355.258267641068,1347.93488371372,29.0701793134212,367.620475739241,57.1105701327324,981.712487131357,77.5584225058556,1974.80220597982,29.2134703695774,386.484192371368,13.0142300128937,1718.95498242974,540.726735442877,179.186774879694,4.07975018024445,870.975034087896,711.24471077323,182.205073148012,142.3026445508,198.502509713173,30.8264667987823,1947.96729823947,7.60816937685013,374.109732687473,385.104625225067,117.564313262701,286.528615385294,76.8448604345322,79.8803431987762,469.749446868896,91.0892300605774,109.230674982071,2.21942722797394,676.23505422473,55.2887654304504,296.412180781364,21.3770591616631,487.762563318014,2.28429132699966,344.85550737381,4.27102041244507,472.49560162425,1.23422706127167,633.237384855747,0,105.103988200426,0,80.2416998445988,5.75241661071777,1954.21715247631,48.6708080768585,808.249063879251,19.8360508084297,533.771927118301,4.21413350105286,247.627921372652,10.1160252094269,136.899325579405,0,705.600562363863,214.470172017813,960.626953631639,45.1839911937714,6187.41111212969,411.840249240398,0,186.052541702986,4144.14701649547,155.067447096109,3102.17773196101,154.148198574781,64.5615859925747,0,308.954415112734,10.1455461978912,176.929577946663,0.768309593200684,273.783866047859,0,114.274959892035,2.44442188739777,203.187493145466,1.10719954967499,28.3517830073833,10.7380149364471,21.0359723269939,4.08989655971527,90.6926167607307,9.10298067331314,32.0266505479813,0,20.7719749808311,1.21285128593445,3.30441296100616,1.5258104801178,14.7709699571133,2.47190028429031,53.159704297781,17.7614517211914,12.640247553587,2.91920804977417,18.1148276031017,28.7142982184887,3.53732353448868,0,0.916591644287109,1.04961407184601,0,11.2696081995964
57.9212864637375,2758.72104910016,173.608119636774,1916.87927404046,36.675477296114,707.01983037591,201.424429863691,1382.7565651238,32.8113307356834,1075.62023085356,29.1553971767426,1171.58154335618,65.3633261024952,2455.71073979139,25.3192681074142,3509.19706562161,3.52092200517654,1955.08016175032,445.972905308008,1681.16435867548,16.1713229417801,203.645221024752,239.04754370451,1307.58217430115,25.7369047999382,176.946737855673,33.743048787117,584.711933672428,84.301755964756,3904.69165670872,97.0120037794113,240.780268967152,49.103290528059,236.857642591,38.1568415164948,29.7525804638863,98.1552835404873,367.945747464895,1.31426388025284,63.3608804941177,14.9539214372635,1136.18815168738,55.106618642807,257.655459553003,34.7145900726318,899.058982640505,69.379003226757,298.074504941702,0.820188105106354,635.023244559765,0,523.231028586626,0,203.417941093445,8.0573365688324,241.824790745974,41.1806031167507,2355.04234299064,16.8274078369141,761.716590166092,8.25198030471802,390.263870686293,12.7964187264442,698.167677253485,0,376.426639854908,184.534566313028,802.38316360116,40.4795899093151,224.683215618134,190.149949222803,5065.11689093709,186.052541702986,0,41.5889192223549,1396.18319517374,216.856121510267,1776.80674499273,0,663.157428383827,6.53908669948578,1593.88518869877,0.763148307800293,433.04582259059,0,541.787876188755,1.28771311044693,98.2721656262875,0,247.296834826469,1.77200722694397,5.81525945663452,2.12518012523651,11.2973414063454,9.22052544355392,24.5530710220337,6.88535052537918,8.9789956510067,0,1.32998612523079,0,2.65531042218208,2.18741363286972,2.96160107851028,8.61889606714249,24.0821016430855,9.27012073993683,1.91142737865448,22.0673459768295,7.56893682479858,1.34675121307373,0,2.0700406730175,0,0,6.93904879689217
693.274660259485,13.1402761340141,667.092230886221,69.7059068381786,59.7059860527515,0,271.124052941799,110.131625652313,126.593385398388,2.01075154542923,85.1700333356857,16.0151333808899,184.624472200871,12.7809603214264,237.927428424358,3.09466201066971,59.1212725639343,2.27115046977997,842.263055741787,225.425851523876,14.3863172531128,1.37528192996979,203.017622202635,111.309480816126,7.24319753050804,4.13737323880196,18.5848391056061,0.878691583871841,183.248251974583,4.85079002380371,121.301843523979,102.587732195854,29.2116775214672,68.7794620394707,11.1800727844238,2.98806971311569,1088.94001638889,31.8540506958961,186.293790847063,10.9868983030319,374.36202198267,18.1436046361923,8.3494960963726,0,41.6472444832325,0,17.0556215643883,0.741643607616425,24.1152044534683,0,40.4912642538548,0,2.95059135556221,0,7.49527901411057,2.28104972839355,380.404008567333,4.5156683921814,106.059194326401,0,54.4296845793724,0,24.0177881717682,0,26.1556387245655,0,114.844180822372,11.4445599913597,379.591441094875,7.98262071609497,3948.78294199705,113.497246950865,4144.14701649547,41.5889192223549,0,114.289026200771,1875.06857931614,86.6364689171314,5.60535418987274,1.59229731559753,18.867949783802,0,10.8638860881329,0,18.5761515498161,0,18.8908450007439,0.545626759529114,49.8605157732964,0,221.234205842018,267.328983485699,141.660320967436,76.3782453238964,414.343641072512,77.5326091945171,119.22105383873,29.2416903376579,98.7205114066601,40.200855910778,26.1182791292667,29.0143280625343,107.025011509657,84.0269585847855,204.345636188984,89.4601906836033,68.4823042452335,10.5860779881477,117.512436270714,73.9928898215294,37.5315253436565,6.59960427880287,14.6959999203682,5.8598373234272,2.92195373773575,51.5452144742012
22.8140380084515,1179.6007424593,38.8865040540695,711.813737690449,1.45981729030609,29.7363390624523,60.3227837383747,473.41556635499,3.27429729700089,100.418670922518,5.78277099132538,172.608792722225,13.3846319019794,290.665681660175,0,229.570397675037,1.08671200275421,216.336179554462,145.200482785702,910.760235667229,17.8849269747734,1.90961563587189,62.2025647163391,391.74899455905,0,4.72897860407829,6.37528276443481,11.3477067947388,18.3502762913704,45.6107377409935,26.4363985061646,64.1251100301743,19.3732582628727,84.0016946196556,2.96403950452805,6.30012726783752,116.58587422967,482.452927172184,63.361632168293,48.4270979464054,46.449517339468,375.386774778366,6.15882366895676,17.8720063865185,2.45002621412277,153.892408043146,14.4803461432457,36.812251329422,0,100.644277840853,0,52.0100748836994,0,15.2283070087433,1.30027383565903,23.1445340812206,13.9786205887794,623.300469696522,2.56961363554001,159.929270356894,0.430084407329559,85.3836523592472,1.80921268463135,104.229622364044,0,80.0044201612473,25.411738216877,233.523397862911,25.7839598655701,118.106560021639,144.209731161594,4614.12051612139,155.067447096109,1396.18319517374,114.289026200771,0,101.910728991032,1391.9851513207,0,8.95118647813797,1.50471389293671,83.960368514061,0,6.67053160071373,0,83.804729193449,2.61234205961227,19.085489988327,5.78562581539154,33.5782215893269,137.498888462782,187.323167413473,158.380877137184,99.6335842013359,75.5275347828865,173.15431702137,121.502106547356,43.155362457037,49.6896203160286,49.1700619757175,57.1677751243114,37.6357501447201,122.894262373447,60.8894871175289,48.2081837654114,108.100327819586,34.6404928863049,19.312954813242,84.8149695694447,53.3792880773544,32.9758358001709,5.61559879779816,11.2505073845387,2.82832074165344,12.7643775045872,17.0162690281868
2810.03755930066,383.270982384682,1956.4950876236,144.445679992437,103.364336431026,1.19769650697708,1038.34814140201,269.734577685595,389.232849240303,0,449.318802177906,31.6039116084576,750.402637302876,10.7802479565144,580.199209243059,5.06579342484474,369.247213810682,46.8726547956467,3146.3140001297,1272.87460571527,14.7600516080856,0,385.980543881655,102.161759763956,23.4720655679703,9.44893133640289,16.3944761455059,0,942.097677767277,12.6137982308865,431.588859587908,326.565790623426,169.645625829697,575.539958745241,104.641527146101,113.270933806896,4286.13334277272,353.838322639465,418.910680145025,49.8850479424,254.228805869818,11.8768547773361,333.304229348898,192.829329162836,687.436677068472,176.206765681505,625.013227790594,29.1801685988903,619.586598396301,118.716401278973,653.685851335526,18.2392638325691,92.8712315559387,5.40856683254242,156.468805849552,26.3302291929722,2967.7009549737,359.764221042395,1169.62469801307,120.024259150028,849.725414156914,25.6436834335327,620.812386363745,42.5316908955574,174.824403047562,5.3482950925827,1670.71136012673,709.937727034092,2422.60742145777,223.191502273083,6974.33346545696,393.172399252653,3102.17773196101,216.856121510267,1875.06857931614,101.910728991032,0,546.344592273235,21.2326865196228,24.8797473311424,302.492532372475,73.4719659686089,95.0847837626934,1.77546817064285,372.846609294415,4.10814273357391,126.806876301765,0,487.202300041914,19.611919939518,167.21566349268,151.271357029676,239.006501823664,63.5323487222195,765.611581146717,89.802787989378,254.224432736635,17.3928865790367,77.4586845040321,38.7850187420845,55.4263363182545,29.2201236486435,158.404215186834,77.8534895181656,450.784244567156,148.872192591429,118.558769762516,11.0322528779507,259.600240409374,848.305054068565,50.9220364093781,7.58987307548523,21.1470971703529,18.3742487430573,16.5653542876244,111.66019821167
108.858874052763,4815.37450167537,97.3822552859783,2004.13291794062,0.469584345817566,24.0286260247231,161.01605039835,1694.64783334732,0,157.371884852648,18.7174010872841,487.227287530899,19.8279316425323,598.036301851273,0,275.407590925694,5.31904482841492,507.997927874327,726.080700278282,4376.00556454062,9.05306422710419,2.1522074341774,42.3044885396957,746.968659371138,0,9.95998483896255,13.6050155162811,4.61235570907593,73.7131694257259,89.8958694338799,107.714110076427,185.819639205933,87.1183542609215,413.916775286198,61.6833723187447,47.6532217860222,281.611288964748,4129.14539587498,57.984463840723,193.665012419224,3.18369650840759,222.55702573061,48.7996542155743,188.882186770439,73.3923340439796,777.161953091621,105.651090025902,382.572506815195,20.8255317211151,522.000581353903,8.94624692201614,285.993807286024,2.05112463235855,80.6146112680435,7.00807183980942,202.631541192532,72.4987589716911,2963.14419794083,74.5787474811077,947.091007322073,46.2480372786522,399.87248468399,25.9180463552475,484.303460508585,2.9178786277771,212.118188947439,383.68299883604,1212.05326920748,118.778624534607,933.12763696909,176.235526114702,11986.1301975548,154.148198574781,1776.80674499273,86.6364689171314,1391.9851513207,546.344592273235,0,4.69463586807251,20.2275170683861,20.5523598790169,226.524191886187,0,74.6517307460308,5.59493589401245,143.172146648169,1.18390154838562,101.50527536869,3.19144600629807,136.370982706547,119.713982284069,357.43928912282,132.895679652691,281.04963067174,190.688173949718,484.748512715101,125.569794237614,55.315072953701,67.1811357438564,55.8818650841713,70.3613041341305,45.5359063446522,138.401231169701,90.7025765180588,129.458615601063,412.238690853119,46.1911620497704,47.2119877934456,626.769307047129,1310.12176734209,95.5164551138878,17.2478270530701,47.2761654257774,20.1180844306946,44.1526805758476,100.875803142786
19.5628105401993,0,4.19286322593689,0,0,0,7.66668945550919,0,0,0,45.7148159742355,0,15.7449700832367,0,1.30946660041809,0,610.321698695421,0,3.0763264298439,0.820220053195953,0,0,0,0,0,0,0,0,541.934969544411,1.32770526409149,0,0,0,5.56738394498825,3.73463034629822,1.19937705993652,0.608041048049927,0,1.72713983058929,0,0,0,0,1.63659512996674,1.82829540967941,0.931114196777344,0.796184241771698,0,0.541609764099121,0,28.5281985998154,0,0,0,0,0,111.008882343769,2.15390133857727,130.628827393055,2.54157310724258,70.408247590065,0,68.115294277668,0,10.3799352049828,0,44.2557992339134,5.44795334339142,2.5005401968956,6.27255988121033,4.99403363466263,1.18737602233887,64.5615859925747,0,5.60535418987274,0,21.2326865196228,4.69463586807251,0,3.85150587558746,928.532613128424,1.93569386005402,30.3662104904652,0,25.7325919270515,0,0,0,10.1119756400585,0,0,0,0,0,0.557172477245331,0,0,0,0,0,0,0,0,0,0,0,0,0,0,0,0,0,0,0,0,0
0.84634268283844,18.1580356955528,0,10.1160056293011,0,0,0,9.56707769632339,0,0,0,8.32504081726074,0,5.34677934646606,0,4.10436481237411,0,338.549547344446,0,3.43762728571892,0,0,0,0,0,0,0,0,2.45274126529694,549.234261214733,0,0,0,13.7505278587341,4.00445687770844,1.89692044258118,21.9390690326691,4.88855904340744,1.59228587150574,0,0,0,0.621205270290375,0,2.08099037408829,17.5147880017757,1.09982204437256,0,0,16.9068881571293,0,22.2424798607826,0,0,2.09283757209778,0,6.28996229171753,104.466666698456,3.6505783200264,168.909491062164,2.13956570625305,45.6892705559731,1.52464509010315,49.0736837387085,0,29.513703584671,33.8436092734337,144.665674954653,0,9.52579241991043,3.86976259946823,7.91430968046188,0,663.157428383827,1.59229731559753,8.95118647813797,24.8797473311424,20.2275170683861,3.85150587558746,0,0,1287.62050795555,0,40.7395706772804,0,11.5627722144127,0,0.51492840051651,0,7.15499663352966,0,0,0,0,0,0,0,0,0,0,0,0,0,0,0,0,0,0,0,0,0,0,0,0,0,0
122.398978710175,1.92382681369781,69.5565777122974,1.09339368343353,1.06974583864212,0,95.1254449486732,0,3.18707889318466,0,840.750888645649,0,532.054916322231,0,9.71964961290359,0,2082.55329743028,0,37.0468639731407,0,0,0,0,0,0,0,1.2858898639679,0,1408.87407752872,0,2.61687994003296,0,2.92675316333771,80.3211557269096,39.5408561825752,21.9916759729385,131.420983403921,48.3313348591328,20.0215573906898,0,7.16087341308594,0,135.76911509037,2.15222883224487,329.671391397715,0,128.332365572453,0,426.689410030842,0,800.181603968143,0,59.4401382505894,0,42.5109770596027,0,405.089495152235,31.0907030105591,548.723936200142,12.3196046352386,889.54470038414,1.31243097782135,2706.43516629934,5.61560666561127,343.555526465178,0,329.844531595707,80.3467368483543,3.82300090789795,27.215958237648,94.3197422027588,10.9697331190109,308.954415112734,6.53908669948578,18.867949783802,1.50471389293671,302.492532372475,20.5523598790169,928.532613128424,0,0,1.17082548141479,1632.68885332346,0,5192.41051140428,0,53.7819202840328,0,242.844800323248,0,1.24091470241547,0,0,0,13.7551929652691,0,1.88241511583328,0,3.93202587962151,0,0,0,0,0,0.601743340492249,0,0,0,0,3.43287992477417,0,0,0,0,0,0
0,118.773139327765,0,42.6566761136055,0,2.7129482626915,0,107.63249194622,0,1.17934918403625,0,256.198316961527,0,241.776317715645,0,20.0255566835403,0,966.947578579187,0,46.0684759616852,0,1.19845712184906,0,7.3837616443634,0,0.902862846851349,0,1.94429737329483,3.46976220607758,719.873829990625,0,1.63185405731201,8.56293576955795,170.169189661741,25.2329669594765,31.8156813383102,29.6243032813072,168.601093500853,1.96798276901245,22.2929237782955,0,31.1641896665096,12.2594376802444,96.2516217827797,8.07960042357445,865.422958493233,2.77890419960022,88.6274055838585,0,637.181113868952,0,589.715425252914,0,89.5340173244476,0,121.044384866953,17.8031588792801,412.838718533516,16.7423180937767,1002.88698029518,6.0688744187355,382.93203407526,4.17946296930313,2908.15928113461,0,1641.35451358557,57.6921513080597,933.090613156557,0,43.1613251268864,18.4784992337227,85.7524652183056,10.1455461978912,1593.88518869877,0,83.960368514061,73.4719659686089,226.524191886187,1.93569386005402,1287.62050795555,1.17082548141479,0,0,2121.84415912628,0,7896.92307049036,0,37.7821143567562,0,346.248672276735,0,0,0,0,0,3.83822900056839,0,0,0,0,0,0,0,0,0,0,0,0,0,3.49752366542816,1.30148684978485,0,0,0,0,0
4.02281773090363,0,30.0382884442806,3.99241012334824,66.9234178364277,0,10.5880543589592,4.56139528751373,36.9436157941818,0,24.0011664628983,0.755526185035706,50.3553352952003,1.18470323085785,123.599285185337,0,38.011241286993,0,41.1719141602516,16.0410374999046,8.05419617891312,3.14819574356079,4.70626336336136,3.45262932777405,7.41628909111023,2.55014503002167,19.1663818657398,1.35459715127945,1935.94730648398,0,15.5643336474895,2.0894159078598,1.26068377494812,5.4362051486969,15.2662733793259,4.21099132299423,401.845939308405,0,78.5540161728859,0,621.027785360813,1.25344121456146,42.4555026292801,0,18.623623996973,0,96.0094893276691,0,68.515822827816,0,196.686767995358,0,35.9502465128899,0,108.409685969353,0,9.84792125225067,0,24.2711219787598,0,54.8734567165375,0,9.96773752570152,0,22.4669077396393,0,19.1892258226871,0,5.17360424995422,0,44.3467804193497,10.3720982968807,176.929577946663,0.763148307800293,10.8638860881329,0,95.0847837626934,0,30.3662104904652,0,1632.68885332346,0,0,0,775.772748738527,0,553.538520842791,0,116.210674345493,0,1.3396303653717,0,0,0,2.46096068620682,0,0,0,1.81319031119347,0,0,0,0,0,0,1.70410645008087,0,0,1.39355671405792,0.609092772006989,0,0,0,0,0,0
0,0,0,0,0.61176323890686,87.6839620471001,0,0,0,13.6224708855152,0,0,0,0,0,132.799891293049,0,2.83745133876801,0,0,0.916848182678223,59.4661927819252,0,0.926067590713501,0,6.17925274372101,0.54016238451004,88.1471027433872,0,746.043157249689,0,1.77728790044785,0,3.44171363115311,4.71049225330353,2.96743538975716,0,365.697990834713,0,106.922896325588,0,1438.1974811852,7.84213030338287,104.015916734934,1.59642708301544,75.9404977858067,0,174.322498321533,0,105.687314301729,0,188.25830963254,0,76.8634603917599,0,321.183278858662,0,2.7934809923172,0,26.2419417202473,0,16.3376295268536,0,14.8999934792519,0,43.8266434371471,0,65.5890727341175,0,0.597781956195831,2.3024343252182,16.8009378612041,0.768309593200684,433.04582259059,0,6.67053160071373,1.77546817064285,74.6517307460308,0,40.7395706772804,0,2121.84415912628,0,0,0,1728.84934446216,0,847.056774109602,0,299.700807601213,0,1.09040030837059,0,0,0,2.90526360273361,0,0,0,0.878027498722076,0,0,0,0,0,0,0,0,0,0,0,0,0,0,0,0
697.407751470804,0,101.385344237089,0,13.1272809207439,0,797.298577934504,0,2.66949319839478,0,562.167896211147,0,401.527332872152,0,23.0309109985828,0,316.946923851967,0,42.5802856981754,0,0,0,1.26661002635956,0,0.621471524238586,0,7.80138850212097,0,523.204418182373,0,12.8758825659752,2.19574338197708,2.89908611774445,17.3272249698639,33.3657854199409,40.6867117881775,268.578249067068,6.8765584230423,47.7381961643696,0,39.4666742682457,0,243.407191812992,2.6439197063446,301.785372287035,4.00533723831177,310.627700269222,0,352.781393200159,0,4081.25435516238,0,501.922392308712,0,149.809823542833,0,533.00365909934,3.179019510746,215.672077447176,0,1585.38587781787,0,2091.99550330639,0,3823.40577998757,0,154.370263546705,34.0377596616745,0.500590562820435,0,139.025864064693,1.75559020042419,273.783866047859,0,18.5761515498161,0,372.846609294415,5.59493589401245,25.7325919270515,0,5192.41051140428,0,775.772748738527,0,0,0,884.067291617393,0,6093.45192036033,0,2.90299302339554,0,0,0,11.5674365758896,0,4.87754732370377,0,12.3991177678108,0,0,0,0,0,2.29844343662262,0,0,0,0,2.87411141395569,0,0,0,0,0,0
0,318.070455372334,0,13.064786106348,0,16.3401892781258,0,274.085990071297,0,0,0,126.438714951277,0,38.4303076267242,0,13.3178690075874,0,73.5120988786221,0,47.4568224549294,0,7.75759929418564,0,0,0,2.69133856892586,0,5.03119522333145,0,186.486559331417,2.42051118612289,1.2940798997879,0,23.2652976512909,6.15225553512573,6.52063024044037,4.84219264984131,311.2757640481,0,69.2123163640499,0,238.2551202178,19.8032371997833,185.380022019148,6.23957803845406,483.718866586685,0.886033833026886,254.472865283489,0,467.144887238741,0,4352.91970410943,0,652.15696823597,0,1334.12261372805,0,149.58555161953,0,186.178317010403,0,429.600140869617,0,1989.42671471834,0,3712.52144211531,4.46882575750351,235.173489153385,0,4.35575479269028,0,105.80700096488,0,541.787876188755,0,83.804729193449,4.10814273357391,143.172146648169,0,11.5627722144127,0,7896.92307049036,0,1728.84934446216,0,0,0,1100.8447612524,0,7640.48940604925,0,0,0,0,0,0,0,0,0,0,0,0,0,0,0,0,0,0,0,1.82934725284576,0,0,0,0,0,0
0,0,6.16268518567085,0,66.0450042784214,0,0.742612242698669,0,51.8822161853313,0,0,0,4.0000467300415,0,97.9347788095474,0,0,0,0,0,11.6974893808365,1.78881722688675,5.19300252199173,0,11.1839371919632,3.08718702197075,39.6057136654854,1.77224838733673,597.828588306904,0,4.08763590455055,1.94674754142761,0,0.693395018577576,4.22527098655701,0,922.543204575777,0,48.738323032856,0,463.656537950039,0.584656774997711,18.0524883270264,0,0.711321651935577,0,107.080423593521,0,1.71045935153961,0,29.7651152908802,0,29.2397310733795,0,108.717601239681,0,0,0,0,0,7.82858631014824,0,3.99757686257362,0,7.54536914825439,0,1.01102030277252,0,0,0,36.7352175116539,1.89179050922394,114.274959892035,1.28771311044693,18.8908450007439,2.61234205961227,126.806876301765,1.18390154838562,0,0,53.7819202840328,0,553.538520842791,0,884.067291617393,0,0,0,710.687461555004,0,0.765439093112946,0,0,0,12.9314398467541,0,0.626903593540192,0,1.66207820177078,0,0,0,0,0,0.5860995054245,0,0,0,0,2.41507863998413,0,0,0,0,0,0
0,0,0,0,0,26.6619219779968,0,0,0,1.63424482941628,0,0,0,0,0,20.3742603361607,0,0,0,0,0,7.22711163759232,0,0,0,1.76808008551598,0,15.9943760931492,0,59.5952093601227,0,0,0,0.457746893167496,0,1.0284880399704,0,957.864870905876,0,301.01538541913,1.04238641262054,1321.78251183033,0,12.2681607306004,0,1.87774062156677,0,72.5864810943604,0,1.01000189781189,0,4.97351989150047,0,4.22240874171257,0,779.631979376078,0,0,0,0,0,0,0,1.66110214591026,0,1.88121432065964,0,9.17014583945274,0,0,2.54950845241547,7.02615994215012,2.44442188739777,98.2721656262875,0.545626759529114,19.085489988327,0,101.50527536869,0,0.51492840051651,0,37.7821143567562,0,847.056774109602,0,1100.8447612524,0,0,0,2077.38232052326,0,1.28424108028412,0,0,0,1.54696953296661,0,0,0,0,0,0,0,0,0,0,0,0,0,0,0,0,0,0,0,0
414.647068530321,0,43.7982595562935,0,22.6241618990898,0,427.845131486654,0,13.4203041493893,0,180.617361605167,0,119.189557522535,0,40.6870612502098,0,96.6395689845085,0,3.96958756446838,0,5.41457408666611,0,1.16441828012466,0,1.79055252671242,0.87491238117218,10.3061214089394,0,331.806271314621,0,1.74734053015709,0,0.924398183822632,10.4535778164864,64.0313299894333,84.6664817333221,1883.16409772635,11.6179790496826,332.050372838974,0,198.739570200443,1.10798788070679,575.163626372814,18.5856879353523,396.216173738241,1.6414452791214,986.718141853809,0,467.617266982794,0,2526.10311838984,0,1200.22276842594,0,2344.83779844642,3.86062216758728,393.477621823549,0,196.558439314365,0,333.242446631193,0,371.020866513252,0,489.930799216032,0,237.125514239073,114.527465224266,0,0,109.251560539007,2.75852459669113,203.187493145466,0,49.8605157732964,5.78562581539154,487.202300041914,3.19144600629807,10.1119756400585,0,242.844800323248,0,116.210674345493,0,6093.45192036033,0,710.687461555004,0,0,0,6.88595235347748,0,0,0,20.4899631440639,0,3.55572932958603,0,43.7704008221626,0,1.31847429275513,0,1.10684370994568,0,1.76587724685669,0,0,1.69237339496613,0,6.35050442814827,0,0,0,0,0,0
0,193.909642398357,0,5.8601308465004,0,9.23382976651192,0,181.240487873554,0,4.29917779564857,0,24.9985891580582,0,1.846087038517,0,19.0212595164776,0,15.2945970594883,0,2.86679449677467,0.725326478481293,5.63369983434677,0,0.716612577438354,0,0.740172922611237,0,6.4913741350174,0,60.6394033432007,0,0.768758416175842,0,7.43648332357407,18.2171956300735,24.2105311751366,1.24273538589478,866.102669745684,0,182.036141455173,0,347.535591125488,28.0919653177261,269.958519428968,6.92193940281868,354.845013558865,12.8597425222397,363.222918331623,0,332.290839791298,0,1249.32184621692,0,774.446423083544,0,3301.50336256623,0,76.7707724571228,0,83.5506313741207,0,101.775189429522,0,249.146304935217,0,503.32207390666,16.5223942697048,206.563134074211,0,0,6.76629614830017,64.093410551548,1.10719954967499,247.296834826469,0,33.5782215893269,19.611919939518,136.370982706547,0,7.15499663352966,0,346.248672276735,0,299.700807601213,0,7640.48940604925,0,2077.38232052326,0,0,0,1.63916254043579,0,1.04239964485168,0,1.85469889640808,0,0,0,4.06516981124878,0,0,0,0,0,0,0,0,0,1.15711343288422,0,0,1.19590675830841,0,0,0
1.18454384803772,0,0,0,0,0,0,0,0,0,0,0,0,0,0,0,0,0,0,0,0,0,0,0,0,0,0,0,5.4466005563736,0,0,0,0,0,0,0.5030717253685,257.170153617859,56.1462515592575,267.477114260197,50.059986114502,3.24614977836609,0,78.4358777403831,0,5.51144981384277,2.03994870185852,58.7208265066147,0,5.84043872356415,0,4.2670361995697,0,1.08224892616272,0,10.5247850120068,0,0,0,0,0,0,0,0,0,0,0,0,0,0,0,28.4815470576286,32.8832041621208,28.3517830073833,1.77200722694397,221.234205842018,137.498888462782,167.21566349268,119.713982284069,0,0,1.24091470241547,0,1.3396303653717,0,2.90299302339554,0,0.765439093112946,0,6.88595235347748,0,0,916.374536335468,3435.81121060252,157.436640679836,640.99478405714,376.559169977903,2812.29349920154,198.932531684637,2869.67921638489,284.126685827971,569.411231249571,121.881693780422,248.611969739199,330.745783179998,452.852587372065,130.297797709703,375.684936136007,75.2661463320255,45.0400846004486,28.5950375795364,234.915456026793,45.9552519917488,76.5779379606247,13.6394420862198,8.68347245454788,23.2504029273987
0,0,0,0,0,0,0,0,0,0,0,0,0,0,0,0,0,0,0,0,0,0,0,0,0,0,2.75668394565582,0,0,1.73729741573334,0,0,0,2.68234264850616,0,1.64457106590271,301.932476013899,144.434518545866,682.555471092463,83.5332833230495,0,3.66326904296875,1.20913922786713,5.00267100334167,0,0,0,8.6794008910656,0,0,0,1.83028566837311,0,5.7545437514782,0,2.74116516113281,0,0,0,0,0,0,0,0,0,0,0,1.5837904214859,0,0,15.0831817984581,74.233789741993,10.7380149364471,5.81525945663452,267.328983485699,187.323167413473,151.271357029676,357.43928912282,0,0,0,0,0,1.09040030837059,0,0,0,1.28424108028412,0,1.63916254043579,916.374536335468,0,223.764797836542,3492.90895247459,135.914033740759,915.343816846609,771.052338272333,659.236611634493,342.880512207747,2236.70015180111,300.642972618341,351.870625793934,542.945079952478,504.768460690975,110.937494128942,936.051857858896,280.54198589921,276.901012539864,205.150075107813,88.935156673193,458.960930734873,53.9412704110146,274.020546495914,21.4443922936916,181.0100723207,80.9827021956444
0,0,0,0,0,0,0,0,0,0,0,0,0,0,0,0,0,0,0,0,0,0,0,0,0,0,0,0,0,0,0,0,0,0,0,0,262.594768196344,66.6936865746975,255.57274004817,34.8461784422398,4.00780907273293,0,0,0,0,0,0,0,0,0,0,0,0,0,0,0,0,0,0,0,0,0,0,0,0,0,0,0,0,0,29.7962699234486,10.5992206037045,21.0359723269939,2.12518012523651,141.660320967436,158.380877137184,239.006501823664,132.895679652691,0,0,0,0,0,0,0,0,0,0,0,0,3435.81121060252,223.764797836542,0,49.7749201953411,849.105404615402,264.585661053658,1132.53024870157,109.409039258957,259.005394399166,157.855041027069,1466.81021103263,49.9839379489422,1875.00829824805,167.555479109287,1038.52887260914,114.749256402254,424.311574965715,69.7379479110241,99.8540826737881,91.6399381160736,328.438328504562,68.2668461203575,246.101288437843,75.628704816103,26.8019276857376,25.8437146544456
0,0,0,0,0,0,0,0,0,0,0,0,0,0,0,0,0,0,0,0,0,0,0,0,0,0,0,0,0,0,0,0,0,0,0,0,110.868694216013,68.8734151422977,148.197811514139,34.7385311424732,0.496974050998688,3.60778191685677,0,0,0,0,1.21056938171387,0,0,0,0,0,0,0,0,0,0,0,0,0,0,0,0,0,0,0,0,1.51487231254578,0,0,3.38672661781311,28.0798779129982,4.08989655971527,11.2973414063454,76.3782453238964,99.6335842013359,63.5323487222195,281.04963067174,0,0,0,0,0,0,0,0,0,0,0,1.04239964485168,157.436640679836,3492.90895247459,49.7749201953411,0,87.5564987063408,331.781994134188,276.09290343523,280.057836800814,137.97823882103,160.399507880211,75.0837833881378,1482.09265211225,192.592272728682,2367.18470776081,76.5116755664349,1801.06979501247,136.131575673819,220.672263085842,257.495434224606,148.45815294981,448.403222888708,48.3490699827671,275.254870146513,104.228079348803,269.567411541939,124.082713484764
98.0172773301601,11.505520939827,70.5424621105194,3.09297698736191,0.934586226940155,0,11.5756779611111,2.18179374933243,8.76930296421051,0.753805756568909,5.77444392442703,2.45801186561584,17.237157523632,0,14.9158823490143,0,7.90043038129807,1.86741811037064,90.5545817911625,19.5680787861347,0,0,4.72380340099335,0,0,0,1.02275216579437,0,23.6383146643639,2.69368124008179,15.5413040518761,5.27879446744919,4.13619428873062,24.3169994652271,13.0257872343063,3.83292883634567,211.870844066143,21.7338957190514,56.3663616776466,16.1350233256817,10.4726800620556,0,12.5751864910126,0,29.8220318257809,0,14.1155987679958,0.75809919834137,27.8562654852867,0,44.8610166013241,0,3.24972629547119,0,3.58129280805588,1.880166888237,126.457980543375,0,98.340995401144,0,63.1090649068356,0,32.4863835275173,0,17.5481604337692,0,107.180230498314,1.88012498617172,77.8903289139271,0,213.178350329399,53.5537075996399,90.6926167607307,9.22052544355392,414.343641072512,75.5275347828865,765.611581146717,190.688173949718,0.557172477245331,0,13.7551929652691,0,2.46096068620682,0,11.5674365758896,0,12.9314398467541,0,20.4899631440639,0,640.99478405714,135.914033740759,849.105404615402,87.5564987063408,0,120.837762802839,1064.36678749323,37.1955425441265,244.997410327196,56.6798014938831,156.326514720917,23.6131774187088,389.94344586134,43.0654017329216,688.124231755733,162.684383332729,196.661611169577,27.648392111063,188.561310619116,636.92059636116,289.294612079859,49.6970908939838,134.162342071533,46.2823801636696,19.4937860667706,121.621187806129
4.25612044334412,117.093808680773,1.55848574638367,21.77813616395,0,0.41105654835701,0,20.096355766058,0,0.420673847198486,0,7.04445457458496,0,8.6433337032795,1.18417513370514,3.19233578443527,0,12.914634346962,3.25761160254478,84.0728172957897,0,0,0,8.58471146225929,0,0,0,0,0,2.24820560216904,1.41443407535553,4.05555501580238,1.49393427371979,7.02035224437714,2.88473528623581,7.81918385624886,102.398905545473,143.625518649817,217.695559412241,37.7021957337856,2.24944639205933,5.47385406494141,0,5.83549094200134,0,43.6362731456757,5.75295102596283,4.88683831691742,0,21.5491971671581,2.10617971420288,11.0300355553627,0,2.98821580410004,0,6.53095149993896,3.983353972435,85.5571261942387,0,71.9617651104927,0,13.407654106617,0,13.5760851800442,0,12.2569787502289,4.13408523797989,69.8648998439312,1.85684531927109,24.7119676470757,16.6984940171242,140.896690875292,9.10298067331314,24.5530710220337,77.5326091945171,173.15431702137,89.802787989378,484.748512715101,0,0,0,3.83822900056839,0,2.90526360273361,0,0,0,1.54696953296661,0,1.85469889640808,376.559169977903,915.343816846609,264.585661053658,331.781994134188,120.837762802839,0,237.457721054554,1116.7778044343,135.866049587727,567.137607842684,98.8647106587887,89.9007519185543,166.985272377729,137.786942154169,76.4003784358501,374.698917090893,73.6821974217892,103.351528197527,66.2896955609322,844.025078475475,285.036792725325,23.9665089845657,54.2948766946793,10.4427147209644,29.9119739532471,15.393608301878
20.4292296469212,1.52278614044189,4.20149332284927,0.60251396894455,0,0,0.532741069793701,4.60714626312256,0.703465521335602,0,1.32364904880524,0,0,0.682077288627625,0,0,3.8105041384697,0,3.7829537987709,1.94575226306915,0,0,0,0,0,0,0,0,2.6422073841095,0,1.34797823429108,0,2.63060796260834,5.50147491693497,1.55156356096268,0,194.284493535757,48.4456046819687,168.504936754704,33.4954519271851,2.29048761725426,0,1.24383276700974,0,10.255667746067,0,21.9419595599174,3.83640652894974,15.5839594900608,0,12.4760082960129,0,1.35357224941254,0,2.25911617279053,0,17.3833622634411,1.31846559047699,33.8751716017723,0,15.8620963096619,0,7.40914458036423,0,3.57702952623367,0,36.1502796709538,1.21118772029877,17.286749869585,0,35.8585311770439,32.5417480170727,32.0266505479813,6.88535052537918,119.22105383873,121.502106547356,254.224432736635,125.569794237614,0,0,1.88241511583328,0,0,0,4.87754732370377,0,0.626903593540192,0,3.55572932958603,0,2812.29349920154,771.052338272333,1132.53024870157,276.09290343523,1064.36678749323,237.457721054554,0,134.195855945349,3227.49514594674,243.864726394415,268.055112808943,118.176377505064,347.482576370239,260.000130414963,642.876102745533,149.573307156563,349.723260194063,42.5168574750423,58.2077893316746,272.364646852016,775.021549969912,164.546173721552,169.807902723551,24.7322339117527,17.3975486755371,49.7205631136894
0,0.5619997382164,0,0,0,0,0,0,0,0,0,0,0,0,0,1.04423260688782,0,0,0,0.671361684799194,0,0,0,0,0,0,0,0.569937586784363,0,0,0.595382392406464,0,0,0,0,0,47.1278723180294,40.4776726961136,55.9561796188354,15.6545552611351,0,0,0,2.28224927186966,0,19.734168022871,0,36.9381091594696,0,2.54353243112564,0,0,0,0,0,1.45757067203522,0,0.641809225082397,0,0,0,0,0,1.35201573371887,0,0,0,3.08418792486191,0,0.835425972938538,5.58056539297104,18.1120528876781,0,8.9789956510067,29.2416903376579,43.155362457037,17.3928865790367,55.315072953701,0,0,0,0,0,0,0,0,0,0,0,0,198.932531684637,659.236611634493,109.409039258957,280.057836800814,37.1955425441265,1116.7778044343,134.195855945349,0,106.402653515339,2454.93353694677,63.3341515362263,48.1956578195095,126.018101215363,81.3167687654495,39.1742965579033,224.551740407944,43.4761207997799,328.089839726686,27.1316549181938,18.4087024331093,559.795628577471,155.784539580345,148.20628285408,11.1686460375786,21.2509095668793,9.0031082034111
1.49962401390076,0,0,0,0,0,0,0,0,0,0,0,0,0,0,0,0,0,0,0,0,0,0,0,0,0,0,0,4.82021513581276,0,0,0,0,0,0,2.57821416854858,148.712426155806,54.5551121234894,124.620925992727,28.9628950953484,1.41792333126068,0,207.463543176651,1.84013617038727,24.1509392261505,0,276.459991335869,2.54889225959778,15.2240102291107,0,6.20535916090012,0,8.56744694709778,0,105.173269510269,0,0,0,1.42347002029419,0,2.35264682769775,0,0,0,0,0,1.09276413917542,0,0,0,16.7948868870735,16.7623899579048,20.7719749808311,0,98.7205114066601,49.6896203160286,77.4586845040321,67.1811357438564,0,0,3.93202587962151,0,1.81319031119347,0,12.3991177678108,0,1.66207820177078,0,43.7704008221626,0,2869.67921638489,342.880512207747,259.005394399166,137.97823882103,244.997410327196,135.866049587727,3227.49514594674,106.402653515339,0,200.745107293129,35.6717102825642,75.4004327058792,77.449983894825,278.273177474737,154.51083534956,99.2847647666931,144.051476597786,24.5778629481792,22.4164661169052,13.2212261557579,213.303002655506,113.352495968342,44.2363163232803,14.6412671208382,6.42520162463188,8.37573176622391
0,0,0,0,0,0,0,0,0,0,0,0,0,0,0,0,0,0,0,0,0,0,0,0,0,0,0,0,0,0.486784517765045,0,0,0,0,0,0,52.9306163489819,40.6418563425541,144.527373075485,27.556427448988,0,4.009974360466,48.8809765577316,42.0996431708336,0,0.684345424175262,1.20056223869324,140.135971963406,0,1.24997341632843,0,1.76483815908432,0,4.54346185922623,0,23.8038306236267,0,0,0,0,0,0,0,0,0,0,0,0,0,0,1.40550315380096,22.9340128302574,1.21285128593445,1.32998612523079,40.200855910778,49.1700619757175,38.7850187420845,55.8818650841713,0,0,0,0,0,0.878027498722076,0,0,0,0,0,4.06516981124878,284.126685827971,2236.70015180111,157.855041027069,160.399507880211,56.6798014938831,567.137607842684,243.864726394415,2454.93353694677,200.745107293129,0,91.6197257936001,23.7605914771557,151.177258759737,74.5373893678188,49.0547930598259,230.391143202782,74.9299545586109,382.464900493622,16.9845208525658,11.0933794975281,246.971276789904,385.096996098757,313.323663383722,4.66105109453201,13.2122453451157,7.1572522521019
1.14313209056854,0,0,0,0,0,0,0,0,0,0,0,0,0,0,0,0,0,0,0,0,0,0,0,0,0,0,0,0,0,0,0,0,0,0,0,115.027961909771,33.2981480956078,89.5569062829018,19.466793358326,0.338122814893723,0,0,0,0,0,0,0,0,0,0,0,0,0,0,0,0,0,0,0,0,0,0,0,0,0,0,0,0,0,5.94436195492744,12.5301279425621,3.30441296100616,0,26.1182791292667,57.1677751243114,55.4263363182545,70.3613041341305,0,0,0,0,0,0,0,0,0,0,1.31847429275513,0,569.411231249571,300.642972618341,1466.81021103263,75.0837833881378,156.326514720917,98.8647106587887,268.055112808943,63.3341515362263,35.6717102825642,91.6197257936001,0,81.4412204325199,2307.90772527456,170.987964332104,374.711499005556,48.0878200829029,282.118130505085,39.1887544393539,30.1147237122059,12.6703981757164,67.4070248305798,4.19166797399521,30.193627178669,7.7354351580143,3.42307597398758,3.44011354446411
0,0,0,0,0,0,0,0,0,0,0,0,0,0,0,0,0,0,0,0,0,0,0,0,0,0,0,0,0,0,0,0,0,0,0,0,56.2462601661682,42.3353546857834,46.3479138612747,17.1134291887283,0.442777127027512,0,0,0,0,0,0,0.84755140542984,0,0,0,0,0,0,0,0,0,0,0,0,0,0,0,0,0,0,0,0,0,0,3.42359215021133,14.1653719544411,1.5258104801178,2.65531042218208,29.0143280625343,37.6357501447201,29.2201236486435,45.5359063446522,0,0,0,0,0,0,0,0,0,0,0,0,121.881693780422,351.870625793934,49.9839379489422,1482.09265211225,23.6131774187088,89.9007519185543,118.176377505064,48.1956578195095,75.4004327058792,23.7605914771557,81.4412204325199,0,135.367148786783,1781.19545727968,27.7624322474003,650.060719937086,56.7777147293091,82.2740071713924,10.7920180559158,10.3682265281677,34.3463097810745,8.89195486903191,10.0606883764267,16.3992678523064,25.3462462425232,9.60301312804222
0,0,0,0,0,0,0,0,0,0,0,0,0,0,0,0,0,0,0,0,0,0,0,0,0,0,0,0,2.08616662025452,0,0,0,2.19126439094543,0,0,0,225.229857116938,63.0301789045334,166.257870018482,35.5592416226864,1.98910191655159,1.65216624736786,0,0,0,0,0,0,0,0,0,0,0,0,0,0,0,0,2.15921568870544,0,0,0,0,0,0,0,0,0,0,0,25.6494229435921,22.4357472658157,14.7709699571133,2.18741363286972,107.025011509657,122.894262373447,158.404215186834,138.401231169701,0,0,0,0,0,0,0,0,0,0,1.10684370994568,0,248.611969739199,542.945079952478,1875.00829824805,192.592272728682,389.94344586134,166.985272377729,347.482576370239,126.018101215363,77.449983894825,151.177258759737,2307.90772527456,135.367148786783,0,410.341540306807,4700.6110060215,144.661779671907,477.114885568619,67.0603913068771,117.999404281378,120.409239381552,315.105474621058,61.6445069909096,216.514530539513,753.021558642387,499.47119474411,76.7870482504368
0,0,0,0,0,0,0,0,0,0,0,0,0,0,0,0,0,0,0,0,0,0,0,0,0,0,1.70262026786804,0,0,0,0,0,0,0,0,0,90.3077623844147,68.4814905524254,104.972311407328,46.0377802848816,0.591242134571075,2.13027334213257,0,0,0,0,0,1.27419555187225,0,0,0,0,0,0,0,2.29615378379822,0,0,0,0,0,0,0,0,0,0,0,0,0,0,1.74437725543976,21.5814112722874,2.47190028429031,2.96160107851028,84.0269585847855,60.8894871175289,77.8534895181656,90.7025765180588,0,0,0,0,0,0,0,0,0,0,0,0,330.745783179998,504.768460690975,167.555479109287,2367.18470776081,43.0654017329216,137.786942154169,260.000130414963,81.3167687654495,278.273177474737,74.5373893678188,170.987964332104,1781.19545727968,410.341540306807,0,71.4543528556824,7532.01931783557,127.585668683052,298.261183321476,59.6412055194378,41.6236490309238,185.71940690279,39.8389691114426,341.303504407406,505.323055654764,113.262975692749,36.089087843895
12.3161587119102,1.88882541656494,2.04666167497635,0,0,0,1.2534773349762,2.54181158542633,0,0.625976800918579,1.09683656692505,0,1.33537602424622,0,0.563363671302795,0,1.88058835268021,1.39093899726868,8.02036288380623,0,0,0,0,0,0,0,0,0,7.26803177595139,0,7.69313317537308,1.86363017559052,0,3.30720579624176,0,0,110.790239542723,16.9134001731873,49.3937000632286,4.62585604190826,9.8665885925293,0,0,0,0,0,0.414391309022903,0.600416421890259,0,0,1.55462026596069,0,0,0,0.517580986022949,0,18.4127670228481,0,1.41458809375763,0,3.4021098613739,0,4.70147123932838,0,0.527518749237061,0,4.06715127825737,0,3.70502904057503,0,141.240981191397,41.2779008746147,53.159704297781,8.61889606714249,204.345636188984,48.2081837654114,450.784244567156,129.458615601063,0,0,0.601743340492249,0,0,0,2.29844343662262,0,0.5860995054245,0,1.76587724685669,0,452.852587372065,110.937494128942,1038.52887260914,76.5116755664349,688.124231755733,76.4003784358501,642.876102745533,39.1742965579033,154.51083534956,49.0547930598259,374.711499005556,27.7624322474003,4700.6110060215,71.4543528556824,0,223.981241166592,484.885976284742,23.5215893387794,205.051605820656,128.142970204353,351.508050143719,43.5478986799717,118.739577770233,48.5912483632565,218.59619346261,225.313876390457
5.33177107572556,14.0424824953079,1.58271467685699,1.91145211458206,0,0,0,1.47904407978058,0,0,0,2.97021484375,0,0.612447202205658,0,1.85667592287064,1.27239799499512,0.983035385608673,0,11.5470754504204,0,0,0,0,0,0,0,0,0,0.807308852672577,1.47426110506058,0.830905795097351,0,0.823711335659027,0,0,48.9431232213974,31.9610801339149,36.2701464891434,12.296265900135,0.661654949188232,1.51608309149742,0,0,0,0,0.472625106573105,1.02335748076439,0,0,0,0,0,0,0,0,3.22513437271118,5.5346811413765,0,0.504998743534088,0,0,0,0,0,0,0,0,1.25336647033691,2.88247179985046,36.8275847434998,108.075110048056,17.7614517211914,24.0821016430855,89.4601906836033,108.100327819586,148.872192591429,412.238690853119,0,0,0,0,1.70410645008087,0,0,0,0,0,0,0,130.297797709703,936.051857858896,114.749256402254,1801.06979501247,162.684383332729,374.698917090893,149.573307156563,224.551740407944,99.2847647666931,230.391143202782,48.0878200829029,650.060719937086,144.661779671907,7532.01931783557,223.981241166592,0,93.9323283731937,738.21848192811,401.0429020226,148.512434780598,576.477592110634,83.8822564184666,189.356275945902,164.378966778517,673.046578139067,331.770175307989
4.10107865929604,0,0,0,0,0,0,0,0,0,0,0,0,0,0,0,0,0,0.920541882514954,0,0,0,0,0,0,0,0,0,1.80076140165329,0,1.77570843696594,0,0,4.17511105537415,0,0,65.1883085072041,34.5318081974983,77.3333881497383,7.40915066003799,1.14296016097069,0,0,0,0,0,1.68156373500824,0,0,0,1.18647062778473,0,0,0,0,0,4.06261143088341,0,3.12756931781769,0,0,0,0,0,0,0,0,0,1.4039694070816,0,24.3407244384289,29.2872496247292,12.640247553587,9.27012073993683,68.4823042452335,34.6404928863049,118.558769762516,46.1911620497704,0,0,0,0,0,0,0,0,0,0,0,0,375.684936136007,280.54198589921,424.311574965715,136.131575673819,196.661611169577,73.6821974217892,349.723260194063,43.4761207997799,144.051476597786,74.9299545586109,282.118130505085,56.7777147293091,477.114885568619,127.585668683052,484.885976284742,93.9323283731937,0,36.2899758219719,60.0910823345184,14.6887384355068,118.519692927599,13.0226843059063,37.6465566456318,9.72790676355362,13.9494464099407,25.802139133215
0,1.41525816917419,0,0,0,0,0,1.40796267986298,0,0,0,0,0,0,0,0,0,0,0,0.981882393360138,0,0,0,0,0,0,0,1.04668235778809,0,0,0,0,0,0,0,0,14.3193920850754,9.88473051786423,13.3869068026543,4.02114450931549,0,0,0,0,0,0,0,0,0,0,0,0,0,0,0,0,0,2.24735069274902,0,0.344225287437439,0,0,0,0.836905241012573,0,0,0,0,0,2.02461004257202,1.14573621749878,9.39633643627167,2.91920804977417,1.91142737865448,10.5860779881477,19.312954813242,11.0322528779507,47.2119877934456,0,0,0,0,0,0,0,0,0,0,1.69237339496613,0,75.2661463320255,276.901012539864,69.7379479110241,220.672263085842,27.648392111063,103.351528197527,42.5168574750423,328.089839726686,24.5778629481792,382.464900493622,39.1887544393539,82.2740071713924,67.0603913068771,298.261183321476,23.5215893387794,738.21848192811,36.2899758219719,0,25.0297695100307,22.0596594810486,125.855299293995,14.5436277389526,27.6499222517014,10.9414448440075,26.786207228899,19.7368614077568
13.6586021780968,47.4742514193058,19.9587214291096,30.3472921848297,1.04122316837311,0,7.77412891387939,17.0815959572792,2.00150454044342,2.03062924742699,2.58318269252777,21.0595799088478,4.69225031137466,11.9537496864796,6.54072624444962,4.20726689696312,3.21946048736572,3.21300768852234,26.9906910061836,89.9197796285152,0,0,4.30099242925644,8.66291958093643,0,0,0,0,5.89773344993591,4.17981648445129,4.63523107767105,3.81756502389908,0,4.5620344877243,0,0,26.7998974919319,13.8250659108162,7.40432199835777,4.8805850148201,7.38478881120682,0.383295446634293,0,0.41670435667038,0,0,3.69824981689453,0,2.21459925174713,0.36809253692627,0,0,0,0,0,0,16.3107072710991,6.75313276052475,3.07116538286209,1.99128746986389,1.35582184791565,1.89708113670349,2.035171687603,0.551899075508118,0.519948601722717,0,0.621902108192444,0,10.1510224342346,1.73133021593094,67.4585592746735,165.996029406786,18.1148276031017,22.0673459768295,117.512436270714,84.8149695694447,259.600240409374,626.769307047129,0,0,0,0,1.39355671405792,0,0,0,0,0,0,0,45.0400846004486,205.150075107813,99.8540826737881,257.495434224606,188.561310619116,66.2896955609322,58.2077893316746,27.1316549181938,22.4164661169052,16.9845208525658,30.1147237122059,10.7920180559158,117.999404281378,59.6412055194378,205.051605820656,401.0429020226,60.0910823345184,25.0297695100307,0,598.01077452302,319.003151088953,78.2304264307022,235.771077692509,228.10744535923,139.775017082691,246.474119246006
16.2757770419121,28.7713041901588,13.1457990705967,14.8147766590118,0.829375594854355,0,6.54178595542908,5.72357684373856,1.69877672195435,1.75723057985306,2.31019377708435,3.43764436244965,0.576442122459412,5.82193374633789,3.98184776306152,1.57682114839554,4.53719359636307,4.29372119903564,22.8830240368843,25.2458902299404,0,0,1.76529884338379,3.45810264348984,0,0,2.28763490915298,0,10.4629652202129,0,6.01839658617973,3.84844326972961,0.849580705165863,10.9719885587692,1.83668780326843,1.49020051956177,113.46011915803,52.282013297081,9.46700036525726,2.40888029336929,4.53426307439804,2.27758437395096,0,0,7.74659705162048,7.70465022325516,112.042913496494,60.1351554989815,15.5262237787247,4.39306300878525,16.521318167448,3.02995556592941,0,0,2.82911825180054,0,37.7550405561924,29.6474169194698,51.4041443765163,9.62896734476089,27.8511112928391,1.86178553104401,13.0289343595505,5.82119226455688,9.02176213264465,4.32888162136078,58.73605209589,16.9539960026741,18.0815110206604,5.81097906827927,42.5204412639141,55.4220517873764,28.7142982184887,7.56893682479858,73.9928898215294,53.3792880773544,848.305054068565,1310.12176734209,0,0,3.43287992477417,3.49752366542816,0.609092772006989,0,2.87411141395569,1.82934725284576,2.41507863998413,0,6.35050442814827,1.15711343288422,28.5950375795364,88.935156673193,91.6399381160736,148.45815294981,636.92059636116,844.025078475475,272.364646852016,18.4087024331093,13.2212261557579,11.0933794975281,12.6703981757164,10.3682265281677,120.409239381552,41.6236490309238,128.142970204353,148.512434780598,14.6887384355068,22.0596594810486,598.01077452302,0,720.006573557854,77.6385244131088,243.645521759987,311.928365409374,153.250466167927,330.688977003098
0,0.551309585571289,0,0,0,0,0,0,0,0,0,0,0,0,0,0,0,0,0,0,0,0,0,0,0,0,0,0,0,0,0,0,0,0,0,0,23.6985417604446,31.2699236869812,29.6782238483429,13.7587957084179,0.694051027297974,0,0,0,0,0,1.23606848716736,0,0,0,0,0,0,0,0,0,0,0,0,0,0,0,0,0,0,0,0,0,0,1.23184370994568,1.26095020771027,11.195044785738,3.53732353448868,1.34675121307373,37.5315253436565,32.9758358001709,50.9220364093781,95.5164551138878,0,0,0,1.30148684978485,0,0,0,0,0,0,0,0,234.915456026793,458.960930734873,328.438328504562,448.403222888708,289.294612079859,285.036792725325,775.021549969912,559.795628577471,213.303002655506,246.971276789904,67.4070248305798,34.3463097810745,315.105474621058,185.71940690279,351.508050143719,576.477592110634,118.519692927599,125.855299293995,319.003151088953,720.006573557854,0,502.403765499592,935.562452822924,505.573800861835,241.45222094655,340.975029379129
0,0.865695834159851,0,0,0,0,0,0,0,0,0,0,0,0,0,0,0,0,0,0,0,0,0,0,0,0,0,0,0,0,0,0,0,0,0,0,5.41238141059875,4.94368535280228,3.85606342554092,5.42664206027985,0,0,0,0,0,0,0,0,0,0,0,0,0,0,0,0,0,1.1241739988327,0,0,0,0,0,0,0,0,0,0,0,0,0,1.94118189811707,0,0,6.59960427880287,5.61559879779816,7.58987307548523,17.2478270530701,0,0,0,0,0,0,0,0,0,0,0,0,45.9552519917488,53.9412704110146,68.2668461203575,48.3490699827671,49.6970908939838,23.9665089845657,164.546173721552,155.784539580345,113.352495968342,385.096996098757,4.19166797399521,8.89195486903191,61.6445069909096,39.8389691114426,43.5478986799717,83.8822564184666,13.0226843059063,14.5436277389526,78.2304264307022,77.6385244131088,502.403765499592,0,321.906888306141,175.362189471722,52.0155788064003,71.9166073799133
0,0,0,0,0,0,0,0,0,0,0,0,0,0,0,0,0,0,0,0,0,0,0,0,0,0,0,0,0,0,0,0,0,0,0,0,12.8225885033607,6.04285657405853,6.28179782629013,3.91474783420563,1.23916482925415,0,0,0,0,0,0,0,0,0,0,0,0,0,0,0,0,0,0,0,0,0,0,0,0,0,0,0,0,0,0.454388529062271,2.61330503225327,0.916591644287109,2.0700406730175,14.6959999203682,11.2505073845387,21.1470971703529,47.2761654257774,0,0,0,0,0,0,0,0,0,0,0,1.19590675830841,76.5779379606247,274.020546495914,246.101288437843,275.254870146513,134.162342071533,54.2948766946793,169.807902723551,148.20628285408,44.2363163232803,313.323663383722,30.193627178669,10.0606883764267,216.514530539513,341.303504407406,118.739577770233,189.356275945902,37.6465566456318,27.6499222517014,235.771077692509,243.645521759987,935.562452822924,321.906888306141,0,404.518666684628,126.619936317205,225.431372106075
0,0,0,0,0,0,0,0,0,0,0,0,0,0,0,0,0,0,0,0,0,0,0,0,0,0,0,0,0,0,0,0,0,0,0,0,4.65378546714783,0,2.53461593389511,1.06098461151123,0,0,0,0,0,0,0,0,0,0,0,0,0,0,0,0,0,0,0,0,0,0,0,0,0,0,0,0,0,0,1.76259690523148,2.77801209688187,1.04961407184601,0,5.8598373234272,2.82832074165344,18.3742487430573,20.1180844306946,0,0,0,0,0,0,0,0,0,0,0,0,13.6394420862198,21.4443922936916,75.628704816103,104.228079348803,46.2823801636696,10.4427147209644,24.7322339117527,11.1686460375786,14.6412671208382,4.66105109453201,7.7354351580143,16.3992678523064,753.021558642387,505.323055654764,48.5912483632565,164.378966778517,9.72790676355362,10.9414448440075,228.10744535923,311.928365409374,505.573800861835,175.362189471722,404.518666684628,0,501.919502794743,315.389069437981
0,2.7528338432312,0.880406558513641,0.653554737567902,0,0,0,0,0,0,0,2.71520006656647,0,0,0,0,0,0,0,0,0,0,0,0,0,0,0,0,0,0,0,0,0,0,0,0,4.15953916311264,0,1.78508350253105,0.883406221866608,0,0,0,0,0,0,0,0,0,0,0,0,0,0,0,0,0,0,0,0,0,0,0,0,0,0,0,1.22619736194611,0,0,2.49725013971329,8.21663475036621,0,0,2.92195373773575,12.7643775045872,16.5653542876244,44.1526805758476,0,0,0,0,0,0,0,0,0,0,0,0,8.68347245454788,181.0100723207,26.8019276857376,269.567411541939,19.4937860667706,29.9119739532471,17.3975486755371,21.2509095668793,6.42520162463188,13.2122453451157,3.42307597398758,25.3462462425232,499.47119474411,113.262975692749,218.59619346261,673.046578139067,13.9494464099407,26.786207228899,139.775017082691,153.250466167927,241.45222094655,52.0155788064003,126.619936317205,501.919502794743,0,166.707042783499
3.28452295064926,2.04263246059418,3.33371067047119,5.1270244717598,0,0,0,5.38852727413177,0,0,0,1.68524289131165,0,3.0641233921051,2.28392547369003,0.688107252120972,0,0,7.70450112223625,10.276787519455,0,0,0,0,0,0,0,0,3.33276832103729,0,2.66042023897171,1.24413740634918,1.49060869216919,0,0,0,12.2736995220184,3.79948842525482,8.80418187379837,2.29738846421242,4.73815047740936,0,0,0,0,0,1.3136522769928,0,0,0,0,0,0,0,0,0,4.14937895536423,0.434505373239517,0,0.377054482698441,0,1.12961447238922,0,0,0,0.516214549541473,0.820220768451691,0,1.34394550323486,0,31.095528036356,24.9392993748188,11.2696081995964,6.93904879689217,51.5452144742012,17.0162690281868,111.66019821167,100.875803142786,0,0,0,0,0,0,0,0,0,0,0,0,23.2504029273987,80.9827021956444,25.8437146544456,124.082713484764,121.621187806129,15.393608301878,49.7205631136894,9.0031082034111,8.37573176622391,7.1572522521019,3.44011354446411,9.60301312804222,76.7870482504368,36.089087843895,225.313876390457,331.770175307989,25.802139133215,19.7368614077568,246.474119246006,330.688977003098,340.975029379129,71.9166073799133,225.431372106075,315.389069437981,166.707042783499,0
