0,233.105642676353,2189.51947566867,181.04476800561,0,0,5990.41951701045,143.468662023544,1.31023526191711,0,2237.02106815577,9.40874844789505,1330.87068328261,2.87795794010162,2.57815992832184,0,515.629036307335,6.61269301176071,2820.49671718478,834.660308986902,0,0,24.464593231678,7.87915962934494,0,0,0,0,684.459100246429,4.15321564674377,35.6554343104362,4.03682839870453,64.3722385168076,166.678566008806,11.5854318141937,10.9611553549767,266.691001981497,2.08077573776245,67.5448794960976,0,1.41027098894119,0,5.63705438375473,0,6.8146076798439,0,7.67663371562958,0,13.5098738670349,0,146.202867746353,0,49.1425333321095,0,178.98974481225,0,8870.22177883983,1.99887603521347,797.144585132599,0.524828791618347,1053.82031974196,0,206.521055757999,0,572.123011261225,0,363.021995276213,7.22691026329994,1002.70722684264,19.9703163504601,2862.82012549043,153.312886148691,1834.35277876258,51.3197278678417,948.764071851969,24.5410349667072,3261.15583306551,129.695793092251,18.1477570533752,0,155.990535199642,0,85.112264752388,0,1120.62118467689,0,0,0,1082.79714357853,0,0,0,0,0,172.923517972231,3.62884932756424,24.9293876886368,0,0,0,0,0,0,0,3.58063417673111,0,8.93091094493866,0,20.3869580030441,4.33405721187592,0,0,0,0,0.505294799804688,3.61513984203339
233.105642676353,0,16.9638676643372,3247.81850016117,0,2.83388060331345,19.1782364249229,3751.02308118343,0,4.32702702283859,0.621258974075317,2617.04534190893,0,788.244920969009,0,21.2889144420624,1.60410457849503,947.776144087315,371.977381974459,914.011537402868,0,0,3.05622845888138,11.475831925869,0,0,0,0,14.7000313103199,178.491427361965,19.8747776150703,3.4351906478405,120.889992684126,205.55570089817,4.01867097616196,1.43972033262253,9.51577985286713,359.51025941968,0,67.7457844614983,0,0,0,0,0,6.49449348449707,0.967257797718048,35.8574002981186,0,22.3789071440697,0,142.101745694876,0,5.73459905385971,0,36.5974290072918,41.1061418652534,8877.23021194339,0.548258244991302,464.784312367439,0.6565061211586,1203.68672654033,0,477.482358962297,0,641.030147612095,31.1834142506123,161.337446123362,271.572032272816,846.12614646554,102.207854479551,2208.29324263334,43.7388897538185,2152.70575013757,16.1366830468178,1075.72968229651,244.520652800798,3119.91616994143,0,6.31682252883911,0,103.238096565008,1.44339120388031,0,0,614.536305099726,0,0,0,596.36644411087,0,0,0,0,5.35368031263351,189.353941172361,0,0,0,0,0,0,0,0,0,0.428172677755356,0,5.89660042524338,19.0660740733147,15.8231003284454,0,0,0,0,0,2.18433862924576
2189.51947566867,16.9638676643372,0,249.192093610764,939.781142205,111.993011772633,10927.1313067377,262.273458361626,346.82050538063,101.102147132158,405.060127347708,74.4065230488777,942.390759974718,58.3928570151329,121.294790387154,29.4486922025681,47.659391283989,2.59433853626251,1917.220772475,431.027608275414,8.86004236340523,2.98428124189377,3546.69511044025,794.493589580059,242.222860425711,175.072369962931,33.1187811493874,30.3826481997967,264.292765676975,0,188.578711956739,221.833871364594,69.8434487581253,121.61526954174,6.62065225839615,1.71864283084869,50.4119766950607,2.30350255966187,5.88343572616577,0,3.74192994832993,0,0.472778767347336,0,0.599277377128601,0,4.20842629671097,0,3.78558111190796,0,132.931080937386,0,4.78629612922668,0,20.2723616957664,0,67.3233580589294,1.63044679164886,107.350208461285,0,126.845992058516,0,24.4434598088264,0,157.651557445526,0,185.195360600948,1.46852171421051,65.3702004551888,0,1954.61699771881,357.604886442423,1045.24477043748,122.983938634396,331.704148173332,43.2924671471119,1111.36761456728,75.4802006483078,2.19844031333923,0,29.2446761131287,0,42.9391570687294,0,49.9207320213318,0,1.26769316196442,0,24.0723787844181,0,0,0,0,0,33.5664387643337,1.02164888381958,4.48703330755234,0,0,0,0,0,0,0,0,0,0,0,5.42835801839828,1.54689204692841,0,0,0,0,0,0
181.04476800561,3247.81850016117,249.192093610764,0,28.9064040184021,986.687640339136,270.272176355124,12644.4123425782,32.7221013903618,561.557533681393,6.62903434038162,886.865227371454,46.354317009449,568.662645280361,6.24688965082169,216.68952447176,4.14180338382721,343.584778547287,474.526237308979,2856.94735267758,1.02745485305786,2.72010451555252,753.757970124483,2558.69731327891,5.60452651977539,66.9292017817497,2.67662304639816,18.6362728476524,31.9873523414135,171.232967853546,185.763174951077,303.421334087849,102.286909073591,200.072166204453,1.13685214519501,7.43822127580643,0.775558412075043,149.358991831541,0,26.5586473941803,0,11.1010174155235,0,1.34728735685349,0,11.6624975204468,0,13.6862008571625,0,22.0590609908104,0,113.703778326511,0,1.43598198890686,0,3.95327532291412,22.6381703019142,376.154242247343,0,112.600198507309,0,91.3159736096859,0,83.4587434232235,0,152.308459788561,7.12222042679787,252.741231501102,118.41081443429,173.999858438969,309.567027688026,1804.27913382649,108.32999381423,1367.68342155218,28.8476096391678,731.636055886745,141.769729942083,2367.83551672101,0,3.76734045147896,0,41.3720799982548,3.06782472133636,1.97112056612968,0,73.6080561280251,0,0.621448516845703,0,9.98786449432373,0,0,0,0,3.00757777690887,101.705570757389,0,0,0,0,0,0,0,0,0,0.751177787780762,0,0,24.5977163910866,16.0030632615089,0,0,0,0,0,0.60460764169693
0,0,939.781142205,28.9064040184021,0,89.8688232600689,314.678712397814,5.03072088956833,1924.5908806622,51.5596888959408,0,0,44.3414047658443,2.13323026895523,1680.19590824842,16.6190480589867,0,0,1.21834808588028,0,300.466644316912,43.7332108616829,259.292862892151,287.800246626139,251.835514605045,284.309844642878,770.762603640556,146.412387222052,279.686631441116,1.83760291337967,128.278077602386,105.988367646933,17.0956487357616,4.91129651665688,0,0,67.0687988400459,23.9001649618149,6.11513662338257,0,101.33605030179,1.31030631065369,0.57009345293045,0,0,0,5.94854325056076,0,0,0,0,0,0,0,3.47659361362457,0,0,0,0,0,0,0,0,0,0,0,0,0,0,0,921.545399785042,116.426018238068,811.466389298439,18.2961159348488,45.7858530282974,1.49584230780602,49.149588227272,0,0,0,1.8272784948349,0,10.260122358799,0,7.32395499944687,0,31.1968474388123,0,22.6839538514614,0,0,0,0,0,0.379643678665161,0,0.757442474365234,0,0,0,0,0,0,0,0,0,0,0,0,0,0,0,0,0,0,0
0,2.83388060331345,111.993011772633,986.687640339136,89.8688232600689,0,40.1588295102119,643.652293115854,58.8311805427074,2371.5200972259,0,13.7054626345634,8.73406583070755,57.0478581488132,23.9509091973305,1159.1780359149,0,4.36853617429733,0.829994261264801,10.7278409898281,13.1480284333229,604.790955871344,234.344465464354,218.450378060341,53.0562264919281,368.410312205553,44.6950910389423,1293.65694212914,2.79743003845215,182.321342766285,106.515230238438,66.3346452414989,1.31478035449982,12.822674125433,0,0,0,17.382488578558,0,6.478879570961,0,238.55247169733,0,0,0,0,0,1.35825109481812,0,0,0,0,0,0,0,0,0,0,0,0,0,0,0,0,0,0,0,0.518548190593719,0,1.22401136159897,154.832105010748,1048.66520869732,30.5735648572445,751.037705630064,0.842511415481567,109.639788299799,0,150.619920194149,0,0,0,0.559618890285492,0,126.26351749897,0,1.98824864625931,0,31.5789166390896,0,4.68188744783401,0,0,0,0,0,0.450971931219101,0,0,0,0,0,0,0,0,0,0,0,0,0.598210155963898,0,0,0,0,0,0,0
5990.41951701045,19.1782364249229,10927.1313067377,270.272176355124,314.678712397814,40.1588295102119,0,543.726856321096,235.485063314438,41.8184576034546,1264.80877584219,67.8009769320488,5867.81374162436,100.7223919034,49.4616080224514,16.9380387663841,33.6921282410622,3.01205736398697,875.956587851048,309.588498353958,0,0,1564.15760579705,671.569475650787,7.50932478904724,16.4277955889702,3.37674909830093,2.6863785982132,219.502371400595,2.50258833169937,91.4753607809544,197.056559801102,36.6732986271381,124.759644448757,2.66846114397049,0.903242111206055,32.4005597233772,0,4.20704191923141,0,2.72219061851501,0,6.53506499528885,0,2.91131365299225,0,1.60555249452591,0,7.12694251537323,0,189.952380031347,0,27.121349811554,0,95.1067444980145,0,182.432036817074,0,125.187341868877,0,231.412635624409,0,46.6167967915535,0,330.896874070168,0,36.0645931363106,1.16324245929718,44.103064596653,0,3528.1170322299,474.398851066828,757.582907348871,116.99294179678,287.38669782877,43.581113576889,1093.22913703322,68.6691429615021,1.06039047241211,0,75.4977831244469,0,17.3622313737869,0,433.643773287535,0,0,0,403.130214959383,0,0,0,0,0,20.613160520792,0,3.02487325668335,0,0,0,0,0,0,0,0.625165641307831,0,0,0,11.4472318589687,0.691534578800201,0,0,0,0,0,0.785345315933228
143.468662023544,3751.02308118343,262.273458361626,12644.4123425782,5.03072088956833,643.652293115854,543.726856321096,0,7.44427645206451,1022.05884793401,27.1453889906406,2823.47541484237,56.6424260735512,4024.34770220518,1.47254920005798,158.105757176876,5.53993099927902,106.603072226048,606.395418018103,938.046663224697,0,0.559841990470886,966.795334011316,1337.77757960558,0,3.89220058917999,1.06139576435089,3.01449352502823,26.7583921551704,61.2814229726791,197.52694272995,212.160583555698,99.1169673502445,212.767942905426,0,14.473478615284,2.16939741373062,31.3693566024303,0,3.1845463514328,0,0,0,1.63785946369171,0,0,0,6.52438676357269,0,15.1156733036041,0,77.9391950964928,0,3.9900267124176,0,27.295731306076,5.85549214482307,336.197322189808,0.546028017997742,90.8508965373039,0,490.878499180079,0,155.201627612114,0,411.246620595455,0.538430571556091,51.1966767907143,36.0318527817726,18.9575970470905,432.007579803467,3435.34880077839,95.658440977335,622.279845505953,11.9906341433525,306.590361237526,91.5817998051643,1155.17531171441,0,4.57808840274811,0,45.6749337315559,1.03288388252258,0,0,631.924597263336,0,0,0,534.747011572123,0,0,0,0,1.72124415636063,24.1404643952847,0,0,0,0,0,0,0,0,0,0,0,0,8.48386245965958,1.32205510139465,0,0,0,0,0,0.627666532993317
1.31023526191711,0,346.82050538063,32.7221013903618,1924.5908806622,58.8311805427074,235.485063314438,7.44427645206451,0,27.311885535717,9.16869747638702,0,643.2885851264,0,2414.82921543717,6.85560661554337,0,0,5.89608988165855,0,75.9344652593136,7.35699388384819,167.085634708405,140.755357503891,45.5530879795551,102.375446945429,228.31917282939,31.5211093425751,185.178825050592,0,47.6803835630417,56.9997823834419,9.08754688501358,0.953246355056763,0,0,28.8463117480278,0,4.74742758274078,0,41.0339204370975,0,0,0,0,0,3.9938018321991,0,0,0,0,0,0,0,2.62588155269623,0,0,0,0,0,0,0,0,0,0,0,0,0,0,0,952.013397753239,61.2368510961533,996.874512910843,6.07285618782043,70.9479150176048,0,105.271432816982,0,1.88798654079437,0,1.1486097574234,0,8.09269052743912,0,5.07060125470161,0,12.2377442121506,0,10.0722658634186,0,0,0,0,0,0.981871455907822,0,0,0,0,0,0,0,0,0,0,0,0,0,0.595680832862854,0,0,0,0,0,0,0
0,4.32702702283859,101.102147132158,561.557533681393,51.5596888959408,2371.5200972259,41.8184576034546,1022.05884793401,27.311885535717,0,0,32.4541918039322,8.20511043071747,481.550109088421,9.55885547399521,1963.39197251201,0,7.39387875795364,0,17.2314703762531,3.06394457817078,84.5049959719181,206.704844921827,297.914386749268,19.4922207295895,153.828373342752,19.370510071516,514.464280128479,0,75.2641101777554,67.6542370915413,75.3033187389374,1.57188093662262,16.8988873958588,0,0.534083425998688,0,16.0231510996819,0,1.68612989783287,0,111.76909288764,0,0,0,0,0,0.555730223655701,0,0,0,0,0,0,0,0,0,0,0,0,0,0.708594560623169,0,0,0,1.03598093986511,0,1.31164634227753,0,0,134.853935301304,1078.67754000425,23.1733412742615,856.718151688576,0,179.934302568436,0,292.103125631809,0,0,0,0.52209460735321,0,19.5854167342186,0,2.63168329000473,0,15.1302656531334,0,7.00272786617279,0,0,0,0,0,6.10526564717293,0,0,0,0,0,0,0,0,0,0,0,0,0,1.31644785404205,0,0,0,0,0,0
2237.02106815577,0.621258974075317,405.060127347708,6.62903434038162,0,0,1264.80877584219,27.1453889906406,9.16869747638702,0,0,6.16709220409393,2245.3129863739,4.95463758707047,4.01780903339386,0,568.83613806963,0,584.865971654654,120.981018871069,0,0,83.035860478878,20.6468442082405,0,0,0,0,635.497626245022,0,20.7681642770767,18.2315665483475,15.762370288372,30.2389352321625,2.47314977645874,0.703213393688202,22.4900799393654,0,5.44609701633453,0,0,0,0,0,0,0,1.99133908748627,0,0.702802836894989,0,0,0,0.913757681846619,0,4.62730985879898,0,184.894186764956,0,45.6708227396011,0,130.417101860046,0,210.531502962112,0,15.0434421300888,0,58.5091113448143,0,56.7734401226044,0,417.141657412052,29.5597815513611,352.403317391872,7.37845641374588,138.515970855951,5.30356216430664,389.483408987522,3.78738403320312,29.6327584385872,0,429.449269413948,0,144.596114814281,0,472.911777406931,0,0,0,304.764082401991,0,0,0,0,0,17.0735959410667,0.794980108737946,2.94492971897125,0,0,0,0,0,0,0,0,0,0.464223116636276,0,9.99066233634949,0.790772914886475,0,0,0,0,0,1.1674656867981
9.40874844789505,2617.04534190893,74.4065230488777,886.865227371454,0,13.7054626345634,67.8009769320488,2823.47541484237,0,32.4541918039322,6.16709220409393,0,6.89121747016907,3343.17876967788,0,205.158624798059,0,1303.27714532614,305.626654654741,684.49085021019,0,1.02446055412292,122.232562094927,149.957978338003,0,1.49092841148376,0,0.890327274799347,4.72873848676682,951.087286949158,37.7364258766174,92.0998836755753,26.4358211159706,80.2564599215984,0,7.23792815208435,0,28.4690192043781,0,0,0,0.866324782371521,0,0.635824501514435,0,0,0,1.33115792274475,0,0.96551126241684,0,4.40433371067047,0,0,0,0,2.08381372690201,337.33777731657,0,57.1769944429398,0,546.500374317169,0,640.844955027103,0,353.478101611137,0,18.2064146399498,4.45031887292862,17.3455145359039,90.3890544772148,1213.30984351039,25.5875858664513,1285.84616705775,4.48984986543655,224.137959629297,17.5153420567513,590.590250223875,0,0,0,257.985076367855,0,0,0,293.916459411383,0,0,0,107.185325324535,0,0,0,0,2.5531644821167,22.4564390778542,0,0,0,0,0,0,0,0,0,0,0,0,6.38374626636505,1.16222453117371,0,0,0,0,0,0
1330.87068328261,0,942.390759974718,46.354317009449,44.3414047658443,8.73406583070755,5867.81374162436,56.6424260735512,643.2885851264,8.20511043071747,2245.3129863739,6.89121747016907,0,11.0954179763794,2035.79337278008,1.58010387420654,136.28409960866,0,653.721871495247,69.5761051177979,0,0,688.903538942337,96.3373678922653,8.34987515211105,5.69933968782425,3.00075632333755,1.64815723896027,2621.65093335509,0,84.1276024281979,60.4888015687466,50.3554870784283,38.6839242577553,3.51979529857635,0,52.3950890898705,0,3.58822092413902,1.03207075595856,9.02903354167938,0,0.636936604976654,0,0,0,6.12418842315674,0,0,0,1.61793661117554,0,0.711732447147369,0,2.4722940325737,0,117.980156391859,0,23.7165739536285,0,27.0336713790894,0,101.534285962582,0,3.41731452941895,0,13.6121955513954,0,50.336358577013,0,2277.16989403963,103.440419852734,1908.97288659215,15.0993083715439,408.498042345047,0.939578771591187,1270.69231435657,3.06902611255646,10.3393372297287,0,311.004276633263,0,53.9022879600525,0,260.380529671907,0,6.68180823326111,0,163.03834092617,0,0,0,0,0,21.1930148899555,1.23592960834503,3.35531994700432,0,0,0,0,0,0,0,1.5698903799057,0,0,0,13.2731187939644,1.23096263408661,0,0,0,0,0,0
2.87795794010162,788.244920969009,58.3928570151329,568.662645280361,2.13323026895523,57.0478581488132,100.7223919034,4024.34770220518,0,481.550109088421,4.95463758707047,3343.17876967788,11.0954179763794,0,0,1486.87011992931,0,215.36916166544,131.102066040039,423.672444194555,0,0.648855209350586,219.668805062771,375.914304167032,1.08742010593414,4.39488840103149,0,0.987337470054626,5.7172327041626,1176.13097417355,53.4040580093861,109.007309317589,34.8077096939087,110.1286868155,0,4.72635447978973,0,8.27179765701294,0,0,0,11.1148500442505,0,0,0,0,0,1.55346024036407,0,0,0,0,0,0,0,0,0,32.2131144702435,0,15.9358843564987,0,183.700078189373,0,198.446429729462,0,148.107055187225,0,7.82709741592407,0,5.79015630483627,76.0046807229519,1462.82304230332,11.4588755965233,1361.17441904545,2.73636364936829,353.877176105976,9.36758548021317,669.820144951344,0,0.599884808063507,0,80.8595470190048,0,0,0,121.62849855423,0,0,0,38.7332000136375,0,0,0,0,0.493815273046494,9.50836506485939,0,0,0,0,0,0,0,0,0,0,0,0,3.80089545249939,0.889232099056244,0,0,0,0,0,0
2.57815992832184,0,121.294790387154,6.24688965082169,1680.19590824842,23.9509091973305,49.4616080224514,1.47254920005798,2414.82921543717,9.55885547399521,4.01780903339386,0,2035.79337278008,0,0,3.01858407258987,1.07990753650665,0,6.51370984315872,0,214.138662874699,14.0169367790222,160.178582668304,43.7266352772713,118.715795308352,87.8855477571487,459.039352148771,40.7186848223209,2261.71799916029,0,112.407476991415,28.3319720625877,8.27548801898956,0,1.16862946748734,0,87.0149327516556,0,5.06577885150909,0,158.906378984451,0,1.919702231884,0,0,0,7.20946097373962,0,0,0,1.90064352750778,0,0,0,5.08355039358139,0,0,0,0,0,0,0,0,0,0,0,0,0,0,0,1107.80919879675,57.6492086052895,2379.16784909368,2.3730800151825,174.963435858488,0,238.76709741354,0,0,0,4.09686267375946,0,75.2884459197521,0,32.7393187880516,0,37.2868931293488,0,36.4133681356907,0,0,0,0,0,1.62099212408066,0.614429295063019,0,0,0,0,0,0,0,0,0,0,0,0,1.9770290851593,0,0,0,0,0,0,0.900859534740448
0,21.2889144420624,29.4486922025681,216.68952447176,16.6190480589867,1159.1780359149,16.9380387663841,158.105757176876,6.85560661554337,1963.39197251201,0,205.158624798059,1.58010387420654,1486.87011992931,3.01858407258987,0,0,41.7713535428047,0,51.7831902801991,1.8553130030632,189.236627519131,94.1339442133904,202.606168478727,12.7174043953419,171.822914481163,7.93047571182251,511.380163013935,0,1739.01237475872,34.7033517956734,52.1974868178368,0.653323471546173,17.3242860734463,0,0,0,51.0096776485443,0,7.1805008649826,0,528.641461402178,0,0,0,0,0,3.30683797597885,0,0,0,0,0,0,0,5.86169147491455,0,1.50746142864227,0,0,0,1.42364013195038,0,9.62971287965775,0,0,0,1.62352222204208,0,0,56.9347492158413,1062.67250102758,12.1096346974373,3108.39576950669,0,332.230941683054,0,568.303934782743,0,0,0,6.71110612154007,0,141.710489422083,0,13.1578055024147,0,63.8665661513805,0,19.6541458964348,0,0,0,0,0.580859422683716,9.33799567818642,0,0,0,0,0,0,0,0,0,0,0,0,0.645474791526794,0,0,0,0,0,0,0
515.629036307335,1.60410457849503,47.659391283989,4.14180338382721,0,0,33.6921282410622,5.53993099927902,0,0,568.83613806963,0,136.28409960866,0,1.07990753650665,0,0,0,119.275475353003,27.0903363823891,0,0,4.79465389251709,0,0,0,0,0,2851.63659518957,0,7.55019557476044,0,9.10883831977844,13.7477548122406,5.15533256530762,2.05383944511414,24.9151195287704,8.20828032493591,10.1386812925339,0,1.30725824832916,0,0.70093560218811,0,0,0,0.766534268856049,0,3.24536770582199,0,6.23180115222931,0,0.972695648670197,0,2.98461413383484,0,1865.21920502186,1.16259109973907,137.391537457705,1.00352144241333,297.128398537636,1.72208952903748,1230.88716050982,0,6.845567882061,0,144.69534894824,19.2273543477058,70.1333199441433,1.21069490909576,131.929577797651,11.3330245614052,506.84869286418,4.38419544696808,89.3433129191399,0,200.928833901882,9.08138161897659,663.51567080617,0,1208.95280358195,1.07240200042725,234.016037881374,0,212.38902515173,0,2.59253513813019,0,122.89419695735,0,0,0,0,0,11.4882189035416,2.78578066825867,1.16112080216408,0,0,0,0,0,0,0,0,0,0,0,1.94043034315109,1.6571398973465,0,0,0,0,0,0
6.61269301176071,947.776144087315,2.59433853626251,343.584778547287,0,4.36853617429733,3.01205736398697,106.603072226048,0,7.39387875795364,0,1303.27714532614,0,215.36916166544,0,41.7713535428047,0,0,29.0640744566917,229.967537373304,0,0,1.87682271003723,4.5788117647171,0,0,0,0,0.742142617702484,2613.38737353683,2.67272007465363,6.57415845990181,10.2291851639748,36.8641165196896,4.18398156762123,1.39835774898529,0,36.9519927501678,0,14.8932554721832,0,1.05588507652283,0,0,0,0.503329992294312,0,7.06444412469864,0,4.34774231910706,0,3.45387190580368,0,0,0,0,3.4197291135788,1805.16533091664,3.32200419902802,114.866535753012,0,371.927899062634,0,2101.10519513488,0,63.7458166480064,16.8905943036079,77.3134299516678,6.37348985671997,69.9523112475872,23.1526169776917,172.867614656687,7.46450477838516,2129.75835266709,0,150.540890336037,27.8593602478504,255.285417020321,0,190.883359283209,0,520.84051579237,0,3.01703119277954,0,65.0132922530174,0,0,0,20.114954829216,0,0,0,0,0.558764278888702,14.6138621866703,0,0,0,0,0,0,0,0,0,1.02959012985229,0,0,3.9791299700737,1.49605083465576,0,0,0,0,0,0
2820.49671718478,371.977381974459,1917.220772475,474.526237308979,1.21834808588028,0.829994261264801,875.956587851048,606.395418018103,5.89608988165855,0,584.865971654654,305.626654654741,653.721871495247,131.102066040039,6.51370984315872,0,119.275475353003,29.0640744566917,0,2824.78526830673,0,0,1331.18603527546,542.643784403801,0.51376736164093,1.14850115776062,0.597061276435852,0,350.335774332285,16.6003814339638,411.212078362703,208.008068859577,2371.74893069267,791.163662701845,68.4707590341568,2.91418707370758,130.875925034285,10.675682246685,5.77316558361053,0,1.50178635120392,0,13.1750124692917,0,6.54912507534027,0,30.9278086423874,0,5.63800370693207,0,47.8912871181965,0,0,0,2.85458838939667,0,141.324274122715,7.53167849779129,122.636397123337,0,36.3745704889297,0,19.2623763978481,0.651409387588501,33.7517709136009,0,2122.7839165926,11.9601604640484,2554.43937441707,20.1460610628128,1213.82217100263,549.047348082066,946.099702805281,283.969481766224,518.148479640484,141.458204656839,2333.95227909088,481.375932514668,0.899698376655579,0,22.6710349619389,0,74.9894891381264,0,11.3917684853077,0,0,0,2.16527244448662,0,0,0,0,0,60.7075279057026,1.28672134876251,4.94890105724335,0,0,0,0,0,0,0,0,0,0,0,20.7576856613159,8.40282166004181,0,0,0,0,0,0
834.660308986902,914.011537402868,431.027608275414,2856.94735267758,0,10.7278409898281,309.588498353958,938.046663224697,0,17.2314703762531,120.981018871069,684.49085021019,69.5761051177979,423.672444194555,0,51.7831902801991,27.0903363823891,229.967537373304,2824.78526830673,0,0,0,297.097986400127,967.481673836708,0,1.53165197372437,0,3.18708610534668,103.610984176397,139.05324280262,221.152882933617,201.92747592926,432.837059795856,4067.21520027518,9.69349783658981,22.2335579991341,5.85126626491547,159.422295987606,0,34.3643109798431,0,1.09316420555115,0.85155588388443,6.32963147759438,0,6.24097120761871,0,27.6177571415901,0,16.062052667141,0,30.0874984264374,0,1.62088561058044,0,0,85.9413930475712,347.100529640913,0.734077036380768,184.13620325923,1.1722726225853,33.1881648302078,0,75.3730439841747,1.48186933994293,41.6862000226974,63.2677886486053,1277.69351071119,642.004766941071,2537.14186415076,583.979723066092,1286.57817745209,361.226456105709,1028.81914430857,119.80022674799,652.876837819815,668.983572632074,2732.78534582257,0,2.62054932117462,0,25.2544758915901,14.1207093000412,0,2.22904443740845,17.8180711865425,0,0,0,2.24860596656799,0,0,0,0,5.19524610042572,108.663419604301,0,0,0,0,0,0,0,0,0,0.536552011966705,0,1.81082391738892,22.114352107048,6.14053291082382,0,0,0,0,0,0
0,0,8.86004236340523,1.02745485305786,300.466644316912,13.1480284333229,0,0,75.9344652593136,3.06394457817078,0,0,0,0,214.138662874699,1.8553130030632,0,0,0,0,0,51.2631887197495,101.811443895102,43.1830059289932,190.081945717335,96.8455366194248,1128.30456346273,46.2131407856941,43.8607705235481,0,755.465469062328,56.9630805253983,43.3032209575176,5.29879236221313,10.7344512939453,5.49169969558716,46.5427861809731,2.9077582359314,4.0925360918045,0,115.181459546089,5.39927411079407,0.439442664384842,0,0.731106817722321,0,7.28200668096542,0,0,0,0,0,0,0,4.64183735847473,0,0,0,0,0,0,0,0,0,0,0,6.42876362800598,1.29471325874329,0,0,729.438625663519,120.432647943497,195.153727471828,4.88960266113281,38.2336515188217,12.245167016983,17.2343281507492,1.9420884847641,0,0,2.2738710641861,0,5.8089856505394,0,4.19323998689651,0,12.8388506770134,1.45510101318359,13.9109906256199,0.695027649402618,0,0,0,0,1.00466454029083,0,0.936209917068481,0,2.70951235294342,0,0,0,0,0,1.4646430015564,0,0,0,0,0,0,0,0,0,0,0
0,0,2.98428124189377,2.72010451555252,43.7332108616829,604.790955871344,0,0.559841990470886,7.35699388384819,84.5049959719181,0,1.02446055412292,0,0.648855209350586,14.0169367790222,189.236627519131,0,0,0,0,51.2631887197495,0,18.5083292722702,79.7015805244446,29.4764058589935,483.2262570858,135.688350707293,1409.16497072577,0,153.59982034564,82.1302718520164,474.223005115986,1.27661460638046,62.2158334851265,0.578937411308289,14.0172147154808,23.0727738142014,139.164987564087,4.34945046901703,20.604571223259,2.04512357711792,164.571239590645,0,1.03222048282623,0,0,0.869366347789764,0.48824867606163,0,0,0,0,0,0,0,2.1958487033844,0,0,0,0,0,0,0,0,0,0.704990208148956,0.664025545120239,7.22485506534576,0,0,179.894568949938,448.455221652985,4.35617071390152,296.332796692848,1.94487124681473,12.8984579443932,0,11.2646534442902,0,0,0,0.796063959598541,0,95.5904601216316,0,2.21350973844528,0,21.5963323116302,0,0,0,0,0,0,0,0,0,0,0,0,0,0,0,0,0,0,0,0,0,0,0,0,0,0,0,0
24.464593231678,3.05622845888138,3546.69511044025,753.757970124483,259.292862892151,234.344465464354,1564.15760579705,966.795334011316,167.085634708405,206.704844921827,83.035860478878,122.232562094927,688.903538942337,219.668805062771,160.178582668304,94.1339442133904,4.79465389251709,1.87682271003723,1331.18603527546,297.097986400127,101.811443895102,18.5083292722702,0,2889.60838088393,1152.00054121017,385.946281194687,280.764361083508,75.4748921692371,200.727482706308,9.70054852962494,3020.19211360812,1087.56613925099,1253.66895258427,303.564217478037,205.162795186043,1.43986761569977,19.5028877258301,0,2.01811730861664,0,10.6832898855209,0,27.087824434042,0,9.48772948980331,0,39.4014595150948,0,0,0,0,0,0,0,0,0,0.654678106307983,0,1.69256764650345,0,0,0,0,0,0,0,551.451038181782,0,29.2480194568634,0,2377.46363526583,1097.91217342019,1099.61944937706,376.418529927731,270.633292138577,158.832754969597,857.050270676613,167.553917586803,0,0,1.67886734008789,0,4.9094585776329,0,0.640308618545532,0,0,0,0,0,0,0,0,0,8.88969188928604,0,0.565188467502594,0,0,0,0,0,0,0,0,0,0,0,4.73044437170029,0.564881205558777,0,0,0,0,0,0
7.87915962934494,11.475831925869,794.493589580059,2558.69731327891,287.800246626139,218.450378060341,671.569475650787,1337.77757960558,140.755357503891,297.914386749268,20.6468442082405,149.957978338003,96.3373678922653,375.914304167032,43.7266352772713,202.606168478727,0,4.5788117647171,542.643784403801,967.481673836708,43.1830059289932,79.7015805244446,2889.60838088393,0,185.151774019003,1503.01020371914,69.3373213410378,91.077181905508,40.3246659934521,24.8084006309509,923.532099485397,3861.86435958743,189.474835038185,2374.13343477249,0,66.0749258995056,0,14.8997577428818,0,0,0,17.9503090977669,0,9.40692862868309,0,1.6877573132515,0,4.06540197134018,0,0,0,0,0,0,0,0,1.45216429233551,5.21233078837395,0,0.777409315109253,0,0,0,0,0,1.03327775001526,0,165.1407969594,3.29212182760239,29.5981947779655,886.51997923851,1634.82662546635,256.780763149261,574.650915145874,18.6083615422249,220.404843240976,32.4467394948006,448.727536141872,0,0,0,0,0,0.495331853628159,0,1.26734697818756,0,1.70400154590607,0,0,0,0,0,0,0,8.84951281547546,0,0,0,0,0,0,0,0,0,0,0,0,2.00022840499878,0,0,0,0,0,0,0
0,0,242.222860425711,5.60452651977539,251.835514605045,53.0562264919281,7.50932478904724,0,45.5530879795551,19.4922207295895,0,0,8.34987515211105,1.08742010593414,118.715795308352,12.7174043953419,0,0,0.51376736164093,0,190.081945717335,29.4764058589935,1152.00054121017,185.151774019003,0,277.39537987113,1179.24031856656,116.184236139059,21.8424222171307,0,581.250188499689,99.036139190197,26.5016252696514,6.96133190393448,0.480652868747711,0,2.05254077911377,0,0,0,6.63934162259102,0,0,0,0,0,0,0,0,0,0,0,0,0,0,0,0,0,0,0,0,0,0,0,0,0,0,0,0,0,286.337242156267,88.8456611335278,116.987449407578,4.61378702521324,8.0524300634861,0,5.60586419701576,0,0,0,0,0,0,0.845182657241821,0,0,3.41083776950836,0,0.522706866264343,0,0,0,0,0,0,0,0,0,0,0,0,0,0,0,0,0,0,0,0.62847626209259,0,0,0,0,0,0,0
0,0,175.072369962931,66.9292017817497,284.309844642878,368.410312205553,16.4277955889702,3.89220058917999,102.375446945429,153.828373342752,0,1.49092841148376,5.69933968782425,4.39488840103149,87.8855477571487,171.822914481163,0,0,1.14850115776062,1.53165197372437,96.8455366194248,483.2262570858,385.946281194687,1503.01020371914,277.39537987113,0,205.256548821926,923.522464841604,5.36430379748344,15.780272603035,293.92479160428,799.480834811926,6.8193142414093,28.8811010718346,0,2.57126212120056,0.639367282390594,4.68041723966599,0,1.68423622846603,1.37468504905701,25.4955561161041,0,0,0,0,0,0,0,0,0,0,0,0,0,0,0,0,0,0,0,0,0,0,0,0,0,3.49231177568436,0,0,340.556202083826,705.816734999418,69.6366149187088,223.672478795052,1.17687726020813,41.9755629897118,0,41.4988788366318,0,0,0,0,0,4.00909852981567,0,0,0,4.74808833003044,0,0.418888807296753,0,0,0,0,0,0,0,0,0,0,0,0,0,0,0,0,0,0,0,0,0,0,0,0,0,0
0,0,33.1187811493874,2.67662304639816,770.762603640556,44.6950910389423,3.37674909830093,1.06139576435089,228.31917282939,19.370510071516,0,0,3.00075632333755,0,459.039352148771,7.93047571182251,0,0,0.597061276435852,0,1128.30456346273,135.688350707293,280.764361083508,69.3373213410378,1179.24031856656,205.256548821926,0,361.519210338593,69.3922954797745,0.634060978889465,534.131309062243,91.0268462002277,18.3929518163204,8.31576201319695,4.77504467964172,1.92450702190399,310.522453099489,112.642485618591,41.6084525585175,3.07045388221741,56.7750518918037,3.20133566856384,1.73318457603455,1.09967768192291,0,0,13.3576462268829,2.75848859548569,0,0,4.91018110513687,0,1.0206937789917,0,0,0,0,0,0,0,1.87845748662949,0,0,0,0,0,2.59961813688278,0,0,0,646.053210914135,153.124646395445,208.22630611062,6.91121768951416,28.1623776853085,7.90468013286591,18.1924403905869,6.16865634918213,0,0,0,0,4.97245272994041,0,1.54937487840652,0,5.96553185582161,0,5.96693170070648,0,0,0,0,0,5.49098581075668,0,3.77122801542282,0,0,0,0,0,0,0,0,0,2.55620288848877,0,0,0,0,0,0,0,0,0.684374272823334
0,0,30.3826481997967,18.6362728476524,146.412387222052,1293.65694212914,2.6863785982132,3.01449352502823,31.5211093425751,514.464280128479,0,0.890327274799347,1.64815723896027,0.987337470054626,40.7186848223209,511.380163013935,0,0,0,3.18708610534668,46.2131407856941,1409.16497072577,75.4748921692371,91.077181905508,116.184236139059,923.522464841604,361.519210338593,0,4.52582037448883,51.2625992894173,111.526865303516,100.793873071671,5.39306724071503,12.8387969732285,0,1.54821872711182,101.384294688702,293.21174287796,22.035295009613,7.22418177127838,2.71218156814575,101.968165963888,0,0,0,0,0.936338186264038,1.63063114881516,0,0.950236201286316,0,0.840571761131287,0,0,0,1.67990070581436,0,0,0,0,0,0,0,0,0,0.480008721351624,0,2.41682970523834,0,0,198.657797783613,780.399676114321,24.4835855662823,419.581952959299,10.2764810323715,46.5537203252316,5.22180742025375,25.6106268763542,0,0,0,0,0,33.5502091944218,0,1.90492647886276,1.86463570594788,13.8935658633709,0,3.4724263548851,0,0,0,0,1.15937662124634,5.45775616168976,2.64541184902191,0,0,0,0,0,0,0,0,0,0.75502735376358,0,0,0.733230769634247,0,0,0,0,0,0
684.459100246429,14.7000313103199,264.292765676975,31.9873523414135,279.686631441116,2.79743003845215,219.502371400595,26.7583921551704,185.178825050592,0,635.497626245022,4.72873848676682,2621.65093335509,5.7172327041626,2261.71799916029,0,2851.63659518957,0.742142617702484,350.335774332285,103.610984176397,43.8607705235481,0,200.727482706308,40.3246659934521,21.8424222171307,5.36430379748344,69.3922954797745,4.52582037448883,0,0,40.7104236483574,16.0809088349342,29.687062650919,56.7530950903893,14.191354572773,29.1757039427757,222.42472165823,13.1561980843544,29.8160481452942,0,726.170349657536,0,144.945985049009,1.01752316951752,43.117207378149,0,214.137411087751,1.46534276008606,56.4579098522663,0,97.9242406189442,0,40.8372249305248,0,80.6606748998165,0,1009.91366070509,8.99555617570877,362.277069240808,3.49712455272675,130.941565662622,1.07173562049866,400.721378415823,0,39.4551891386509,0,283.391305714846,41.7984027266502,186.167415469885,6.01510983705521,484.863988816738,41.5945105850697,1773.28803426027,15.1571090817451,110.38395178318,4.54372251033783,428.875749051571,34.8623646497726,378.665607839823,0,831.647858560085,0,1500.06319260597,0,405.301220118999,0,369.619347065687,0,219.496658563614,0,14.8736073076725,0,0,0,32.8295542001724,0,8.92738312482834,0,9.65228113532066,0,0,0,0,0,7.08932286500931,1.73262345790863,4.84660428762436,0,2.46612352132797,1.57459592819214,0,0.565351843833923,0,0,0,0.758112549781799
4.15321564674377,178.491427361965,0,171.232967853546,1.83760291337967,182.321342766285,2.50258833169937,61.2814229726791,0,75.2641101777554,0,951.087286949158,0,1176.13097417355,0,1739.01237475872,0,2613.38737353683,16.6003814339638,139.05324280262,0,153.59982034564,9.70054852962494,24.8084006309509,0,15.780272603035,0.634060978889465,51.2625992894173,0,0,9.38833051919937,11.1552281975746,7.05400186777115,15.9201961159706,1.88542264699936,6.53690505027771,3.5191330909729,110.795808523893,0,48.4389344453812,0,303.832590460777,11.3265312314034,16.953710347414,0,24.8752533495426,1.07479578256607,57.4258792102337,0,25.7898168563843,0,37.1729031503201,0,7.23647838830948,0,20.6270727813244,3.1630477309227,385.826538860798,0,110.026452809572,0,88.7713425159454,0,398.870111465454,0,30.2008125782013,15.635961920023,80.0794150531292,3.67922806739807,26.7996444702148,11.5330967903137,169.175350129604,5.0687580704689,4741.10870102048,2.14123487472534,93.1586204171181,10.7110917568207,102.570373594761,0,249.538552373648,0,602.253057122231,0,1270.29799807072,0,139.398835748434,0,148.373623996973,0,45.6586008965969,0,0,0,0,0,8.83091199398041,0,0,0,6.7551087141037,0,0.821182608604431,0,0,0,0,1.27398824691772,0,1.32186555862427,0,0,0,0,0,0,0
35.6554343104362,19.8747776150703,188.578711956739,185.763174951077,128.278077602386,106.515230238438,91.4753607809544,197.52694272995,47.6803835630417,67.6542370915413,20.7681642770767,37.7364258766174,84.1276024281979,53.4040580093861,112.407476991415,34.7033517956734,7.55019557476044,2.67272007465363,411.212078362703,221.152882933617,755.465469062328,82.1302718520164,3020.19211360812,923.532099485397,581.250188499689,293.92479160428,534.131309062243,111.526865303516,40.7104236483574,9.38833051919937,0,595.463646769524,1608.63631519675,159.02697455883,239.309908360243,5.68209463357925,4.10161304473877,5.30778002738953,2.9687847495079,0,8.95104038715363,0,19.3127880394459,0,18.901193857193,0,26.2659849226475,0.689964056015015,0.467005103826523,0,0,0,0,0,0,0,6.00772839784622,2.44831204414368,1.87574779987335,0,2.43475890159607,0,0,0,5.28971093893051,0,534.887216776609,21.168315410614,21.9383292794228,10.5869006514549,939.004915833473,323.948459178209,220.919382184744,88.7174097299576,39.7494633197784,47.4269106984138,161.003369003534,123.843122124672,0,0,1.20067274570465,0,0.967442154884338,0,3.57488894462585,0,0.70844978094101,0,1.26191520690918,0,0,0,0,0,2.59707966446877,1.9381440281868,0,0,0,0,0,0,0,0,0.55916690826416,0,0,1.01646220684052,2.20915067195892,0,0,0,0,0,0,0
4.03682839870453,3.4351906478405,221.833871364594,303.421334087849,105.988367646933,66.3346452414989,197.056559801102,212.160583555698,56.9997823834419,75.3033187389374,18.2315665483475,92.0998836755753,60.4888015687466,109.007309317589,28.3319720625877,52.1974868178368,0,6.57415845990181,208.008068859577,201.92747592926,56.9630805253983,474.223005115986,1087.56613925099,3861.86435958743,99.036139190197,799.480834811926,91.0268462002277,100.793873071671,16.0809088349342,11.1552281975746,595.463646769524,0,127.417141020298,2206.74077045918,3.57775050401688,184.928202778101,1.7293701171875,8.33791124820709,0,7.61296671628952,2.02430826425552,3.69613301753998,0,34.5204468667507,0,2.59240818023682,0,61.052032828331,0,0,0,0,0,0,0,0,1.44036185741425,1.21859622001648,0,1.63767930865288,0,2.01560968160629,0,6.64129114151001,0,0.487564116716385,8.49510681629181,362.885930627584,2.99096477031708,16.5243502855301,404.215542972088,670.090234816074,114.388000398874,182.51469796896,33.477901995182,102.28807580471,64.9990420043468,260.023994922638,0,0,0,2.00475844740868,0,3.72371459007263,0,0.463677942752838,0,0,0.76119327545166,0,0,0,0,0,0.86399918794632,2.65045660734177,0,0,0,0,0,0,0,0,0,0,0,0,2.7893385887146,0,1.41148316860199,0,0,0,0,0.769008576869965
64.3722385168076,120.889992684126,69.8434487581253,102.286909073591,17.0956487357616,1.31478035449982,36.6732986271381,99.1169673502445,9.08754688501358,1.57188093662262,15.762370288372,26.4358211159706,50.3554870784283,34.8077096939087,8.27548801898956,0.653323471546173,9.10883831977844,10.2291851639748,2371.74893069267,432.837059795856,43.3032209575176,1.27661460638046,1253.66895258427,189.474835038185,26.5016252696514,6.8193142414093,18.3929518163204,5.39306724071503,29.687062650919,7.05400186777115,1608.63631519675,127.417141020298,0,369.807907134295,1719.14288598299,35.737517029047,32.6839106380939,42.1130450963974,55.4573579132557,2.84222465753555,3.16733253002167,0,94.6090160906315,1.34167170524597,146.333611488342,0.567502200603485,110.235946238041,19.1787031888962,4.92806738615036,0.943424344062805,3.05613672733307,0,0,0,1.05619084835052,0.769982278347015,84.8198467493057,47.4956242144108,44.994180560112,20.4084975123405,13.0533036589622,10.4357005357742,5.12726128101349,14.5609596371651,2.26874059438705,9.25111454725266,5324.31441286206,206.663622170687,1351.96570470929,98.3356611728668,266.83542650938,163.50410208106,116.173595011234,80.7156494557858,40.5554901957512,39.9087260365486,259.189260840416,204.991964042187,2.66124546527863,3.30735886096954,14.2577659487724,11.7642928957939,5.04833030700684,0,4.48988372087479,0,0,0,0.44664204120636,0.699398934841156,0,0,0,0,8.18796998262405,2.88871735334396,1.33684122562408,0,0,0,0,0,0,0,1.86556160449982,0,1.13305759429932,1.7905433177948,3.13080686330795,0.940298020839691,0,0,0,0,0,0
166.678566008806,205.55570089817,121.61526954174,200.072166204453,4.91129651665688,12.822674125433,124.759644448757,212.767942905426,0.953246355056763,16.8988873958588,30.2389352321625,80.2564599215984,38.6839242577553,110.1286868155,0,17.3242860734463,13.7477548122406,36.8641165196896,791.163662701845,4067.21520027518,5.29879236221313,62.2158334851265,303.564217478037,2374.13343477249,6.96133190393448,28.8811010718346,8.31576201319695,12.8387969732285,56.7530950903893,15.9201961159706,159.02697455883,2206.74077045918,369.807907134295,0,41.8298091292381,1125.43326714635,60.8800464272499,57.0783421099186,11.657740175724,95.8716053962708,1.18730962276459,1.36838364601135,8.72081047296524,127.385575771332,5.67457610368729,46.1964742839336,12.7059164643288,228.375005573034,0.622781574726105,9.71307301521301,3.25244274735451,11.3543649017811,1.68874716758728,1.65643614530563,0,7.33498582243919,57.4881232976913,128.883958309889,48.8098573088646,76.1695671379566,27.7018706202507,20.5618678331375,32.3279722929001,37.1127254962921,5.85144346952438,4.55853691697121,641.278557777405,4278.33270552754,439.651050329208,966.047665596008,242.781075507402,492.866155207157,126.947843670845,237.798595577478,48.122105717659,120.507954567671,385.714451611042,592.297021865845,5.85349935293198,3.47164708375931,33.1269798278809,61.7053941190243,0,0.610677480697632,4.05020129680634,21.6535323560238,0,1.63556694984436,0,13.4778732359409,0,0,0,0,13.8972610831261,28.74091142416,1.32111614942551,0,0,0,0,0,0,0,0,0,0,3.52468407154083,3.15982443094254,0.793678879737854,4.36345326900482,0,0,0,0,0.663664042949677
11.5854318141937,4.01867097616196,6.62065225839615,1.13685214519501,0,0,2.66846114397049,0,0,0,2.47314977645874,0,3.51979529857635,0,1.16862946748734,0,5.15533256530762,4.18398156762123,68.4707590341568,9.69349783658981,10.7344512939453,0.578937411308289,205.162795186043,0,0.480652868747711,0,4.77504467964172,0,14.191354572773,1.88542264699936,239.309908360243,3.57775050401688,1719.14288598299,41.8298091292381,0,221.491997241974,213.537956297398,101.12201833725,73.7288598716259,13.9481551647186,0,3.58643651008606,448.229163080454,146.828745245934,317.248875409365,157.182365387678,147.884366571903,66.7603314816952,143.067127078772,83.9609889388084,67.0954803228378,14.1328606903553,20.9571346640587,4.56581354141235,28.0908467769623,7.77646884322166,6.39137274026871,12.1707111597061,43.8029879629612,52.4207091331482,32.3552007079124,35.4144876003265,27.5086877346039,11.5670810341835,15.7993303537369,34.1518934965134,1873.32180312276,323.909823894501,0,5.69252920150757,39.2848713099957,6.05280822515488,41.864433825016,36.1830542087555,5.6862125992775,11.6303089559078,287.038171648979,113.193282753229,7.50676769018173,1.89050310850143,41.6357245445251,40.0264351963997,0.922497570514679,0,16.1750102043152,25.9914609193802,0.778132617473602,0,14.8212774395943,17.5978795289993,2.62914979457855,0.596561431884766,0,0,9.87077260017395,3.45273393392563,2.56972563266754,1.8288049697876,0,0.843573987483978,0,0,0,0,1.81296968460083,0,0.680066645145416,0,0,1.1234678030014,0,0,0,0,0,1.65406787395477
10.9611553549767,1.43972033262253,1.71864283084869,7.43822127580643,0,0,0.903242111206055,14.473478615284,0,0.534083425998688,0.703213393688202,7.23792815208435,0,4.72635447978973,0,0,2.05383944511414,1.39835774898529,2.91418707370758,22.2335579991341,5.49169969558716,14.0172147154808,1.43986761569977,66.0749258995056,0,2.57126212120056,1.92450702190399,1.54821872711182,29.1757039427757,6.53690505027771,5.68209463357925,184.928202778101,35.737517029047,1125.43326714635,221.491997241974,0,209.725554674864,198.673107862473,41.3154015243053,62.7111985385418,4.44814777374268,1.18646836280823,461.549519836903,468.636640101671,273.896675407887,452.648878335953,95.2272411584854,231.566410541534,159.853060334921,157.42201757431,69.4515712857246,43.3266647458076,34.5380357503891,10.1805770993233,24.8814406394958,33.7764779031277,2.94478166103363,3.58502542972565,93.2075645923615,45.5449921488762,64.7653170824051,63.2076588571072,23.0141469240189,27.3879397213459,23.0584162473679,52.7308747768402,698.318106919527,1689.74941727519,1.42766141891479,1.23181426525116,11.1423310041428,28.2619125843048,79.3175000548363,56.3839194774628,11.6107538938522,14.3293534219265,206.557791382074,398.912680387497,3.93395912647247,5.92535108327866,51.3750402033329,62.5895250439644,7.43231815099716,2.51371705532074,21.6670181155205,47.0851875543594,0,3.33670598268509,21.0955938696861,48.6660930812359,3.29240393638611,3.31928360462189,0,0,12.4195083975792,10.7193655669689,13.4652256965637,1.11866128444672,0,2.01136308908463,0,0,0,0,0,0,0,0,0,1.82224768400192,0,0,0,0,0,0
266.691001981497,9.51577985286713,50.4119766950607,0.775558412075043,67.0687988400459,0,32.4005597233772,2.16939741373062,28.8463117480278,0,22.4900799393654,0,52.3950890898705,0,87.0149327516556,0,24.9151195287704,0,130.875925034285,5.85126626491547,46.5427861809731,23.0727738142014,19.5028877258301,0,2.05254077911377,0.639367282390594,310.522453099489,101.384294688702,222.42472165823,3.5191330909729,4.10161304473877,1.7293701171875,32.6839106380939,60.8800464272499,213.537956297398,209.725554674864,0,408.154720783234,1199.99989658594,22.6878743767738,630.573906511068,4.66272801160812,632.443249672651,167.173814356327,376.159689366817,180.188036859035,1181.3981192112,49.213466912508,431.048676609993,71.29553347826,434.284466266632,14.4429941475391,176.336299568415,5.41001224517822,1022.05451011658,9.5051566362381,154.072980701923,23.2807678580284,340.18150895834,97.5742154717445,121.672834664583,100.945632815361,45.3392462134361,17.8451443910599,57.2537853419781,54.8502314090729,913.625103294849,557.370871663094,111.953933775425,0.660097002983093,343.447856336832,37.2426837086678,525.080010324717,26.3658450245857,1132.56715473533,59.900006622076,3485.22542005777,224.661517977715,4.95652660727501,1.10503506660461,118.362095445395,10.3801939487457,177.311521500349,0,189.31775406003,5.40176796913147,555.804907381535,0,928.161699384451,9.21022629737854,109.71495321393,120.823043048382,35.5452419817448,52.8145817220211,156.576808422804,51.0131697058678,184.177854835987,24.4190314412117,34.471218585968,32.9351650774479,18.4409602284431,28.6067760586739,35.9054143428802,32.4406901597977,65.7392369508743,40.2729465961456,43.605801820755,25.6371312439442,4.70902562141418,38.6723669171333,9.4220604300499,2.93785798549652,8.1546379327774,1.32084572315216,0,4.1396644115448
2.08077573776245,359.51025941968,2.30350255966187,149.358991831541,23.9001649618149,17.382488578558,0,31.3693566024303,0,16.0231510996819,0,28.4690192043781,0,8.27179765701294,0,51.0096776485443,8.20828032493591,36.9519927501678,10.675682246685,159.422295987606,2.9077582359314,139.164987564087,0,14.8997577428818,0,4.68041723966599,112.642485618591,293.21174287796,13.1561980843544,110.795808523893,5.30778002738953,8.33791124820709,42.1130450963974,57.0783421099186,101.12201833725,198.673107862473,408.154720783234,0,68.4875022172928,2110.14027881622,4.90858161449432,635.677364081144,266.176089674234,422.151687532663,79.3597291707993,449.485394626856,50.9465467631817,1162.37738603354,42.6235868930817,340.365859925747,23.1145268678665,363.595069617033,14.8391687870026,115.266097724438,12.935564160347,2039.33062765002,3.83461111783981,219.674271196127,80.9707967936993,353.321640908718,88.458173841238,314.416267037392,30.8434808850288,101.194635957479,49.4196905493736,457.477176100016,829.307509154081,1041.31406906247,4.49881726503372,87.2823003828526,21.364149928093,382.069229960442,69.1724866628647,679.256276339293,35.9457322955132,1233.43310457468,242.999115914106,3888.78392747045,5.02353793382645,9.27004635334015,26.3688988089561,356.125501990318,0,288.496050924063,16.4715793132782,606.828510522842,0,640.018924236298,6.46380227804184,1378.29621592164,31.5664910376072,72.3325750231743,11.4207491874695,19.7623596191406,24.6611919999123,259.173763543367,28.2695570886135,27.7148230969906,16.6568343043327,70.6105498969555,19.0629155039787,15.4110877513885,11.706549435854,29.1008756160736,21.6714700460434,23.6171293854713,36.3425158262253,21.6241598129272,14.5047968327999,24.5740215778351,4.99194559454918,10.7581197321415,0,0,0,6.49471402168274
67.5448794960976,0,5.88343572616577,0,6.11513662338257,0,4.20704191923141,0,4.74742758274078,0,5.44609701633453,0,3.58822092413902,0,5.06577885150909,0,10.1386812925339,0,5.77316558361053,0,4.0925360918045,4.34945046901703,2.01811730861664,0,0,0,41.6084525585175,22.035295009613,29.8160481452942,0,2.9687847495079,0,55.4573579132557,11.657740175724,73.7288598716259,41.3154015243053,1199.99989658594,68.4875022172928,0,149.447842597961,512.127745747566,1.48457682132721,328.578545719385,29.2914827466011,186.858925491571,4.77611118555069,841.734839677811,3.95737957954407,153.681830883026,4.11644220352173,56.2316484153271,1.6678318977356,20.7970781624317,0,1651.17980575562,1.83534753322601,92.3970319032669,1.21047222614288,122.896944046021,0,22.554300069809,0.702075600624084,38.9561316370964,0,10.0616172552109,2.32296967506409,820.684681206942,57.6458466649055,61.2585644721985,1.66820514202118,57.4254412055016,12.1371023356915,80.9437074065208,4.17058485746384,113.79773747921,49.0334455966949,218.821052104235,28.3028357028961,1.28037583827972,0,31.1366430521011,0,385.28101593256,0,29.9114137589931,1.91863214969635,307.000865310431,0,338.150615662336,0,148.113302648067,384.115641593933,53.2954415977001,155.822601497173,89.9766689240932,185.664998292923,137.624390125275,28.7859781384468,42.5626491904259,79.9297986328602,26.3265383839607,45.0776950716972,34.7424150109291,79.1272795796394,54.9597077071667,45.4696533977985,57.8912858664989,38.5783769488335,2.16517412662506,3.29184883832932,13.1613937616348,2.16293531656265,11.6405490636826,1.25123852491379,1.01634156703949,8.78959703445435
0,67.7457844614983,0,26.5586473941803,0,6.478879570961,0,3.1845463514328,0,1.68612989783287,0,0,1.03207075595856,0,0,7.1805008649826,0,14.8932554721832,0,34.3643109798431,0,20.604571223259,0,0,0,1.68423622846603,3.07045388221741,7.22418177127838,0,48.4389344453812,0,7.61296671628952,2.84222465753555,95.8716053962708,13.9481551647186,62.7111985385418,22.6878743767738,2110.14027881622,149.447842597961,0,0,1306.98868146539,34.3953755497932,518.38798725605,11.1746811270714,285.884044736624,4.31722670793533,834.04519328475,5.90197211503983,103.622948974371,0,56.9573249518871,0,23.8009974360466,0,1514.68055287004,2.09905457496643,98.2057617008686,0,92.6034296154976,0,13.6032781898975,1.49073529243469,14.1962625384331,0,27.3715306818485,45.4203447699547,849.080049961805,1.07601296901703,35.0514137148857,9.78442162275314,63.4055957794189,2.77784794569016,118.756664186716,12.8974726498127,114.538675516844,24.6943208873272,193.011624962091,0,3.43101304769516,0,40.4963238835335,0,145.074665367603,0,49.9475875496864,0,250.012360572815,0,262.054853081703,84.6423364579678,38.5005049407482,33.4647310972214,34.8660021424294,17.5125151872635,142.771601557732,68.3073646128178,43.5530830919743,13.6144019365311,28.0257554650307,18.5732571184635,8.54275715351105,26.9188051819801,18.0600309073925,33.7795164585114,26.514223664999,29.5993057787418,21.4602133631706,3.19240337610245,3.5031366944313,9.99749740958214,3.02195316553116,5.53592383861542,0,0,5.73396849632263
1.41027098894119,0,3.74192994832993,0,101.33605030179,0,2.72219061851501,0,41.0339204370975,0,0,0,9.02903354167938,0,158.906378984451,0,1.30725824832916,0,1.50178635120392,0,115.181459546089,2.04512357711792,10.6832898855209,0,6.63934162259102,1.37468504905701,56.7750518918037,2.71218156814575,726.170349657536,0,8.95104038715363,2.02430826425552,3.16733253002167,1.18730962276459,0,4.44814777374268,630.573906511068,4.90858161449432,512.127745747566,0,0,12.1125184297562,48.6355464160442,0,7.25272968411446,0,107.792739361525,0,8.54473310709,0,31.9128918349743,0,11.129625171423,0,218.403810501099,0,0.92421966791153,0,6.5910866856575,0,4.02202489972115,0,8.4838804602623,0,6.15992170572281,0,9.88275483250618,0,0,0,189.994545608759,24.1168285608292,473.45980900526,7.04780012369156,333.734670162201,26.765615940094,165.318888187408,4.92715615034103,0,0,8.78875544667244,0,720.755262583494,0,104.052017211914,0,1741.72572845221,4.50663387775421,296.322295248508,0,6.3345750272274,0,0.394272327423096,0,1.15612989664078,0.438854902982712,1.5376216173172,0,4.6766185760498,0,0,0,0,0,0,0.751115083694458,0,0,4.48694521188736,0.820984601974487,0,0,0,0,0,1.3681812286377
0,0,0,11.1010174155235,1.31030631065369,238.55247169733,0,0,0,111.76909288764,0,0.866324782371521,0,11.1148500442505,0,528.641461402178,0,1.05588507652283,0,1.09316420555115,5.39927411079407,164.571239590645,0,17.9503090977669,0,25.4955561161041,3.20133566856384,101.968165963888,0,303.832590460777,0,3.69613301753998,0,1.36838364601135,3.58643651008606,1.18646836280823,4.66272801160812,635.677364081144,1.48457682132721,1306.98868146539,12.1125184297562,0,16.0257271826267,48.3222844004631,0,17.4668207764626,1.57476586103439,213.6314496696,0,18.0008992552757,0,47.6873380839825,0,10.6990867853165,0.913482785224915,603.088821619749,0,1.47235250473022,0,5.99973306059837,0,8.37376040220261,0,2.88985198736191,0,12.8737459778786,4.66237092018127,32.5596280694008,0,0,30.4520432949066,267.394923627377,16.597424685955,1381.94875374436,10.236044049263,235.16488224268,2.48862481117249,94.3111208081245,0,0,0,56.4056119322777,0,1749.52147567272,0,277.890210926533,3.36025750637054,1551.14971250296,2.44414681196213,499.932326614857,0,9.59093916416168,0,0,0,3.00691819190979,0,0.514074623584747,0,19.0461143255234,0,0,0,0,0,0,0,0,0,0,0,0.650239646434784,0,0,0,0
5.63705438375473,0,0.472778767347336,0,0.57009345293045,0,6.53506499528885,0,0,0,0,0,0.636936604976654,0,1.919702231884,0,0.70093560218811,0,13.1750124692917,0.85155588388443,0.439442664384842,0,27.087824434042,0,0,0,1.73318457603455,0,144.945985049009,11.3265312314034,19.3127880394459,0,94.6090160906315,8.72081047296524,448.229163080454,461.549519836903,632.443249672651,266.176089674234,328.578545719385,34.3953755497932,48.6355464160442,16.0257271826267,0,3485.49085694551,9539.75725832582,3950.62927541137,8934.11732622981,1356.74717381597,3450.36432236433,700.559075385332,2309.36985483766,78.7912392616272,667.582128256559,75.8587420582771,666.189436554909,148.739804089069,0.516547381877899,0,167.941296428442,43.1044610142708,11.1935969293118,7.86875259876251,9.1743192076683,4.6944682598114,2.24656975269318,8.19930958747864,2737.73851129413,940.303715020418,1.14213049411774,1.25803685188293,8.09717583656311,0,334.414330244064,97.9260759651661,26.3935758769512,16.2306913733482,437.78338637948,187.30632981658,3.2980962395668,0.859551250934601,89.7131380438805,20.0337746739388,46.8324568271637,2.58648902177811,159.525508075953,26.8233101069927,7.96667489409447,0.420599162578583,387.213119089603,45.3328829705715,335.469257861376,44.0025522112846,0,0,9.31318843364716,3.03244388103485,25.4170922338963,3.9482598900795,156.314286708832,58.8485710024834,0,0,0,0,0,0,0,0,0,0.774815082550049,1.55362188816071,5.04512244462967,0,0,0,0
0,0,0,1.34728735685349,0,0,0,1.63785946369171,0,0,0,0.635824501514435,0,0,0,0,0,0,0,6.32963147759438,0,1.03222048282623,0,9.40692862868309,0,0,1.09967768192291,0,1.01752316951752,16.953710347414,0,34.5204468667507,1.34167170524597,127.385575771332,146.828745245934,468.636640101671,167.173814356327,422.151687532663,29.2914827466011,518.38798725605,0,48.3222844004631,3485.49085694551,0,1140.75511002541,8416.59852707386,211.999496817589,6444.42708435655,127.410729885101,1886.58875897527,70.7622250318527,949.678811579943,7.7903825044632,453.598357766867,7.05306607484818,368.247971087694,0.492209494113922,0.687440931797028,41.0615735054016,34.8135432898998,6.25843751430511,14.1390776336193,1.92515087127686,6.94744515419006,5.27376520633698,18.1653355062008,736.633429974318,2458.54772058129,0.633025705814362,0.53794276714325,2.68612176179886,2.43132051825523,10.0595178604126,209.726733565331,2.74508500099182,40.5644503831863,118.484099298716,390.701068133116,0,6.06539273262024,6.27662408351898,107.738892346621,0,10.7295182347298,0,145.28754389286,0,11.5424436628819,2.3691258430481,97.6764389574528,0,75.3059310615063,0,0,0,45.760349214077,2.54628086090088,72.9663473963737,0,64.3556565642357,0,0,0,0,0,0,0,1.45313811302185,0,0,0,2.3529531955719,0,0,0,0
6.8146076798439,0,0.599277377128601,0,0,0,2.91131365299225,0,0,0,0,0,0,0,0,0,0,0,6.54912507534027,0,0.731106817722321,0,9.48772948980331,0,0,0,0,0,43.117207378149,0,18.901193857193,0,146.333611488342,5.67457610368729,317.248875409365,273.896675407887,376.159689366817,79.3597291707993,186.858925491571,11.1746811270714,7.25272968411446,0,9539.75725832582,1140.75511002541,0,1835.88807681203,1548.52738726139,77.031518548727,5246.8729159832,64.867358237505,816.151265203953,16.0598129630089,190.42108464241,5.4556936621666,300.652215749025,1.29380714893341,3.6468648314476,0.721338987350464,312.471201628447,23.2156158089638,9.65607762336731,5.26859092712402,13.0977601408958,1.39493924379349,3.47082966566086,2.26081967353821,2753.1056266129,421.896444678307,0,0,2.36861050128937,0,200.413096338511,12.3360852003098,29.5354645550251,7.17354732751846,302.458401083946,80.4577471017838,4.89663344621658,0,132.281008720398,2.81858164072037,11.6057626008987,0,127.928143948317,0,1.89112764596939,0,141.704745411873,5.30515584349632,20.4820544719696,0,0,0,25.9898867607117,0,25.7951534986496,0.791447162628174,14.5518358945847,0,0,0,0,0,0,0,0,0,0,0.627529978752136,0,0,0,0,0,0
0,6.49449348449707,0,11.6624975204468,0,0,0,0,0,0,0,0,0,0,0,0,0,0.503329992294312,0,6.24097120761871,0,0,0,1.6877573132515,0,0,0,0,0,24.8752533495426,0,2.59240818023682,0.567502200603485,46.1964742839336,157.182365387678,452.648878335953,180.188036859035,449.485394626856,4.77611118555069,285.884044736624,0,17.4668207764626,3950.62927541137,8416.59852707386,1835.88807681203,0,67.6086714267731,1524.60045826435,63.6953984498978,4717.98517563939,28.1243622899055,1456.38752314448,0.579690456390381,557.538401305676,0,533.557775169611,0,4.75236302614212,25.2012987732887,215.750567287207,1.02496409416199,13.6871527135372,0.651379466056824,10.9528048038483,2.22742921113968,18.1663320064545,900.503577142954,3113.13904756308,0,0,0.679678857326508,3.85285484790802,8.72631084918976,292.381831884384,0,63.4254428446293,69.9988273382187,410.409739047289,0,3.64104872941971,0,256.142481923103,0,8.70056301355362,1.80388939380646,353.707936495543,0,0.460820138454437,0,182.178325682878,0,20.0610045790672,0,0,0,47.5470523834229,0,18.8131186664104,0,11.0867022275925,0,0,0,0,0,0,0,0,0,1.49597507715225,0,0,0,0,0,0
7.67663371562958,0.967257797718048,4.20842629671097,0,5.94854325056076,0,1.60555249452591,0,3.9938018321991,0,1.99133908748627,0,6.12418842315674,0,7.20946097373962,0,0.766534268856049,0,30.9278086423874,0,7.28200668096542,0.869366347789764,39.4014595150948,0,0,0,13.3576462268829,0.936338186264038,214.137411087751,1.07479578256607,26.2659849226475,0,110.235946238041,12.7059164643288,147.884366571903,95.2272411584854,1181.3981192112,50.9465467631817,841.734839677811,4.31722670793533,107.792739361525,1.57476586103439,8934.11732622981,211.999496817589,1548.52738726139,67.6086714267731,0,371.348135828972,445.466838419437,10.0798575282097,1981.78833165765,5.84934198856354,1471.46311151981,2.97580146789551,4050.16967687011,25.159627020359,7.14699202775955,0,78.2588085532188,6.97026789188385,21.1114708781242,5.12878859043121,9.0942605137825,0,13.6735093891621,4.84048199653625,1642.88891816139,160.064866125584,2.56035149097443,1.64229393005371,19.2117496728897,7.56223052740097,491.813101172447,15.3486040234566,20.6930412054062,4.24802598357201,521.133439689875,54.306216776371,3.08268183469772,0,86.6875831782818,4.7030228972435,94.6823081672192,0,205.202081650496,0.898842364549637,84.1232836544514,0.381980538368225,819.007673352957,6.9743358194828,900.168208837509,0,0,0,33.3372315764427,6.6833114027977,139.518947690725,2.58361166715622,472.261772930622,1.0464745759964,0,0,0,0,0.868532598018646,0.562305688858032,0,0,2.71289718151093,101.24519687891,0,0,0,0,0,1.76408138871193
0,35.8574002981186,0,13.6862008571625,0,1.35825109481812,0,6.52438676357269,0,0.555730223655701,0,1.33115792274475,0,1.55346024036407,0,3.30683797597885,0,7.06444412469864,0,27.6177571415901,0,0.48824867606163,0,4.06540197134018,0,0,2.75848859548569,1.63063114881516,1.46534276008606,57.4258792102337,0.689964056015015,61.052032828331,19.1787031888962,228.375005573034,66.7603314816952,231.566410541534,49.213466912508,1162.37738603354,3.95737957954407,834.04519328475,0,213.6314496696,1356.74717381597,6444.42708435655,77.031518548727,1524.60045826435,371.348135828972,0,23.244257748127,819.31218996644,3.49472993612289,1087.8577388227,1.66437876224518,1959.28363344073,0,4398.75590267777,2.35271292924881,37.6165204048157,9.72507441043854,62.2512659132481,0.50563907623291,25.6382640004158,0,19.5274966061115,2.30017238855362,49.7604791224003,234.883339524269,1762.01824823022,1.05974674224854,11.4640151560307,5.19174385070801,51.2330653071404,7.76704186201096,731.50853702426,2.14091575145721,138.231104463339,77.5614599883556,826.707752019167,0,2.93925160169601,1.43668150901794,165.958358615637,0,28.9879869818687,0,256.806588172913,0,63.5766376256943,0,455.900691658258,0,666.940278708935,0,2.3606162071228,6.39678162336349,169.916099905968,4.43678259849548,138.450668483973,0,824.01074385643,0,0,0,1.33210450410843,0.978814840316772,7.71514135599136,0,0.921096861362457,7.01452213525772,246.666413366795,12.444747030735,62.5991716384888,0,1.1123856306076,0,2.99424469470978
13.5098738670349,0,3.78558111190796,0,0,0,7.12694251537323,0,0,0,0.702802836894989,0,0,0,0,0,3.24536770582199,0,5.63800370693207,0,0,0,0,0,0,0,0,0,56.4579098522663,0,0.467005103826523,0,4.92806738615036,0.622781574726105,143.067127078772,159.853060334921,431.048676609993,42.6235868930817,153.681830883026,5.90197211503983,8.54473310709,0,3450.36432236433,127.410729885101,5246.8729159832,63.6953984498978,445.466838419437,23.244257748127,0,27.3491210341454,5621.01726907492,4.24138474464417,670.219213396311,0,669.773642838001,0,4.713274538517,0,1148.28249230981,10.2340693473816,53.1568921804428,0.538611352443695,5.82498940825462,0,15.807346701622,1.93667638301849,724.747459769249,345.646845936775,0,0,1.05741226673126,0,223.302101582289,4.15323960781097,28.1902440786362,0,358.580360352993,21.3057196140289,4.91307261586189,0,207.073324531317,0,31.3654052615166,0,193.973060280085,0,1.43269807100296,0,212.326892673969,0,25.4559320509434,0,0,0,44.1014014482498,0,27.0194370746613,0,10.6958557963371,0,0,0,0,0,0,0,0,0,0,2.4168872833252,0,0,0,0,0,0
0,22.3789071440697,0,22.0590609908104,0,0,0,15.1156733036041,0,0,0,0.96551126241684,0,0,0,0,0,4.34774231910706,0,16.062052667141,0,0,0,0,0,0,0,0.950236201286316,0,25.7898168563843,0,0,0.943424344062805,9.71307301521301,83.9609889388084,157.42201757431,71.29553347826,340.365859925747,4.11644220352173,103.622948974371,0,18.0008992552757,700.559075385332,1886.58875897527,64.867358237505,4717.98517563939,10.0798575282097,819.31218996644,27.3491210341454,0,15.6077211499214,7771.45765829086,0,1193.80293792486,0,723.504976719618,0,47.3727216124535,3.69286119937897,990.70643299818,1.05676853656769,126.958824813366,0,12.7508222460747,1.18163979053497,491.469641953707,335.395602315664,751.383337587118,0,5.06539553403854,2.0477386713028,3.12165278196335,1.72548925876617,269.015314310789,0,65.8383591473103,38.059919834137,324.311769574881,0,4.97088029980659,0,262.765580743551,0,10.4786150157452,0,797.262823551893,0,5.2296117246151,0,276.252205818892,0,20.3851498663425,0,0,0,46.3800998926163,0,4.54587870836258,0,14.7927823662758,0,0,0,0,0,0,0,0,0,2.50921016931534,0,0,0,0,0,0
146.202867746353,0,132.931080937386,0,0,0,189.952380031347,0,0,0,0,0,1.61793661117554,0,1.90064352750778,0,6.23180115222931,0,47.8912871181965,0,0,0,0,0,0,0,4.91018110513687,0,97.9242406189442,0,0,0,3.05613672733307,3.25244274735451,67.0954803228378,69.4515712857246,434.284466266632,23.1145268678665,56.2316484153271,0,31.9128918349743,0,2309.36985483766,70.7622250318527,816.151265203953,28.1243622899055,1981.78833165765,3.49472993612289,5621.01726907492,15.6077211499214,0,0,4836.18181958795,0,1977.19964590669,0,50.0705952048302,0,2516.08155792952,0.762175977230072,688.80216088891,0,39.5565755963326,0,685.831288814545,2.01442217826843,1007.36936229467,190.039139032364,3.11842411756516,0,63.7780627608299,3.31447297334671,347.419993907213,0,40.5244496464729,0,371.910429149866,16.7885872721672,9.41180115938187,0,260.374521821737,0,74.285059094429,0,2590.124417454,0,14.0868527591228,0,1169.68198859692,0,384.324646621943,0,0,0,38.8062892854214,0,26.4003027379513,0,6.44310879707336,0,0,0,0,0,0,0,0,0,0.548382222652435,1.13488402962685,0,0,0,0,0,0
0,142.101745694876,0,113.703778326511,0,0,0,77.9391950964928,0,0,0,4.40433371067047,0,0,0,0,0,3.45387190580368,0,30.0874984264374,0,0,0,0,0,0,0,0.840571761131287,0,37.1729031503201,0,0,0,11.3543649017811,14.1328606903553,43.3266647458076,14.4429941475391,363.595069617033,1.6678318977356,56.9573249518871,0,47.6873380839825,78.7912392616272,949.678811579943,16.0598129630089,1456.38752314448,5.84934198856354,1087.8577388227,4.24138474464417,7771.45765829086,0,0,0,3455.45002856851,0,1185.0197622478,0,129.244546175003,0,1367.75795155764,0,104.101101845503,0,33.2505118846893,0,680.625607401133,56.2952123880386,364.332949101925,0,12.3386311233044,3.93057501316071,20.0720094144344,0,346.259377777576,0,68.6230368316174,18.0106058120728,291.370134085417,0,4.68647953867912,0,425.756957799196,0,28.0594218373299,0,3426.65512442589,0,6.21735888719559,0,1225.44348728657,0,20.4889914095402,0,0,0,30.0568632185459,0,1.0952787399292,0,12.0146667957306,0,0,0,0,0,0,0,0,0,3.94567257165909,0,0,0,0,0,0
49.1425333321095,0,4.78629612922668,0,0,0,27.121349811554,0,0,0,0.913757681846619,0,0.711732447147369,0,0,0,0.972695648670197,0,0,0,0,0,0,0,0,0,1.0206937789917,0,40.8372249305248,0,0,0,0,1.68874716758728,20.9571346640587,34.5380357503891,176.336299568415,14.8391687870026,20.7970781624317,0,11.129625171423,0,667.582128256559,7.7903825044632,190.42108464241,0.579690456390381,1471.46311151981,1.66437876224518,670.219213396311,0,4836.18181958795,0,0,0,2859.28066343069,0,13.9757196307182,0,211.916132241488,0,31.6524322628975,0,5.56678473949432,0,176.705636054277,0,183.083101421595,38.6388772130013,1.4793826341629,0,7.76269167661667,0,110.336463063955,0,11.953874617815,0,116.997521430254,5.09878176450729,2.74504780769348,0,69.0025503635406,0,27.4758569300175,0,720.239891916513,0,10.4904052317142,0,1003.08898040652,0,176.003728300333,0,0,0,8.32525336742401,0,10.4392057657242,0,29.6344312131405,0,0,0,0,0,0,0,0,0,0,0,0,0,0,0,0,0
0,5.73459905385971,0,1.43598198890686,0,0,0,3.9900267124176,0,0,0,0,0,0,0,0,0,0,0,1.62088561058044,0,0,0,0,0,0,0,0,0,7.23647838830948,0,0,0,1.65643614530563,4.56581354141235,10.1805770993233,5.41001224517822,115.266097724438,0,23.8009974360466,0,10.6990867853165,75.8587420582771,453.598357766867,5.4556936621666,557.538401305676,2.97580146789551,1959.28363344073,0,1193.80293792486,0,3455.45002856851,0,0,0,2489.93372100592,0,5.60938143730164,0,14.4894159734249,0,0.624573945999146,0,2.89913105964661,0,27.4653029441833,19.206312417984,67.0433450639248,0,1.90109515190125,0,2.52891337871552,0,115.287166655064,0,22.9923593699932,4.44103610515594,71.8982547819614,0,0.772844016551971,0,41.5045357942581,0,3.79603374004364,0,935.827665627003,0,3.80085423588753,0,1351.58946925402,0,116.889816075563,0,0,0,14.4837324023247,0,0.629487752914429,0,89.2446080446243,0,0,0,0,0,0,0,0,0,2.13129830360413,0,0,0,0,0,0
178.98974481225,0,20.2723616957664,0,3.47659361362457,0,95.1067444980145,0,2.62588155269623,0,4.62730985879898,0,2.4722940325737,0,5.08355039358139,0,2.98461413383484,0,2.85458838939667,0,4.64183735847473,0,0,0,0,0,0,0,80.6606748998165,0,0,0,1.05619084835052,0,28.0908467769623,24.8814406394958,1022.05451011658,12.935564160347,1651.17980575562,0,218.403810501099,0.913482785224915,666.189436554909,7.05306607484818,300.652215749025,0,4050.16967687011,0,669.773642838001,0,1977.19964590669,0,2859.28066343069,0,0,0,72.4336952269077,0,249.488257110119,0,57.3442933559418,0,21.0216753780842,0,216.135766893625,0,318.638909190893,33.2250704169273,0,0,32.0423891246319,1.74517905712128,195.180365055799,0,21.3688036501408,1.91464400291443,171.856350511312,10.3537083864212,0.989775121212006,0,70.1382811665535,0,58.1702120304108,0,498.586079329252,0,675.523892074823,0,4368.72503323853,0,274.356634944677,0,0,0,8.85077744722366,0,13.8121565580368,0,204.419420748949,0,0,0,0,0,0,0,1.76852345466614,0,0,0.908620715141296,0,0,0,0,0,0
0,36.5974290072918,0,3.95327532291412,0,0,0,27.295731306076,0,0,0,0,0,0,0,5.86169147491455,0,0,0,0,0,2.1958487033844,0,0,0,0,0,1.67990070581436,0,20.6270727813244,0,0,0.769982278347015,7.33498582243919,7.77646884322166,33.7764779031277,9.5051566362381,2039.33062765002,1.83534753322601,1514.68055287004,0,603.088821619749,148.739804089069,368.247971087694,1.29380714893341,533.557775169611,25.159627020359,4398.75590267777,0,723.504976719618,0,1185.0197622478,0,2489.93372100592,0,0,0,29.6498646736145,0,75.9308224320412,0,6.39453947544098,0,2.1852942109108,0,79.8622030615807,29.8715050518513,260.386292338371,0,0,0.978840410709381,11.7585776150227,1.17998349666595,286.444338858128,0,29.1724516451359,13.0221941173077,178.865401357412,0,3.33767428994179,0,79.7582706511021,0,70.4368614554405,0,1154.34649059176,0,461.164920151234,0,4215.00785163045,0,377.795156240463,0,0,0,11.675242960453,1.48518812656403,32.5494076609612,0,480.000101834536,0,0,0,0,0,0,0,0,0,0,0.817345440387726,9.5760278403759,0,0,0,0
8870.22177883983,41.1061418652534,67.3233580589294,22.6381703019142,0,0,182.432036817074,5.85549214482307,0,0,184.894186764956,2.08381372690201,117.980156391859,0,0,0,1865.21920502186,3.4197291135788,141.324274122715,85.9413930475712,0,0,0.654678106307983,1.45216429233551,0,0,0,0,1009.91366070509,3.1630477309227,6.00772839784622,1.44036185741425,84.8198467493057,57.4881232976913,6.39137274026871,2.94478166103363,154.072980701923,3.83461111783981,92.3970319032669,2.09905457496643,0.92421966791153,0,0.516547381877899,0.492209494113922,3.6468648314476,0,7.14699202775955,2.35271292924881,4.713274538517,0,50.0705952048302,0,13.9757196307182,0,72.4336952269077,0,0,7.66788929700851,2000.04982540011,5.13532489538193,4121.33396184444,1.62535619735718,2609.06400242448,3.41670656204224,233.677849292755,0,509.823923140764,29.2473241090775,1594.96826928854,29.1206628084183,876.110965490341,62.0272711217403,1278.67796573043,14.4995080828667,485.513550102711,3.08951485157013,2040.17444947362,50.920245885849,259.631538718939,1.1441935300827,294.352871358395,1.83468061685562,37.167433321476,0,566.216344326735,0.931624293327332,0,0,465.11013263464,0,0,0,0,0,136.312574893236,0,37.4748936295509,0,0,0,0,0,0,0,8.63043338060379,0,19.6131938695908,0,4.6055965423584,7.53838521242142,1.26377844810486,0,0,0,0,2.60616630315781
1.99887603521347,8877.23021194339,1.63044679164886,376.154242247343,0,0,0,336.197322189808,0,0,0,337.33777731657,0,32.2131144702435,0,1.50746142864227,1.16259109973907,1805.16533091664,7.53167849779129,347.100529640913,0,0,0,5.21233078837395,0,0,0,0,8.99555617570877,385.826538860798,2.44831204414368,1.21859622001648,47.4956242144108,128.883958309889,12.1707111597061,3.58502542972565,23.2807678580284,219.674271196127,1.21047222614288,98.2057617008686,0,1.47235250473022,0,0.687440931797028,0.721338987350464,4.75236302614212,0,37.6165204048157,0,47.3727216124535,0,129.244546175003,0,5.60938143730164,0,29.6498646736145,7.66788929700851,0,8.67096811532974,1949.98749154806,2.4390144944191,1771.61462435126,0.728348195552826,3687.15713509917,0.856255054473877,441.152349561453,111.461179494858,530.555342376232,20.5418661832809,2131.32858160138,42.5859916210175,314.295287251472,16.1725632548332,1504.79550138116,2.2545548081398,320.035249501467,143.711748450994,965.694748222828,0,35.8584289550781,4.37078678607941,155.485800087452,0,0,0,217.347470521927,0,0,0,173.228468775749,0,0,0,0,0,118.916460603476,0,0,0,0,0,0,0,0,0,1.25506007671356,1.33041799068451,1.76474022865295,4.14641880989075,7.63546419143677,0,0,0,0,0,4.11372148990631
797.144585132599,0.548258244991302,107.350208461285,0,0,0,125.187341868877,0.546028017997742,0,0,45.6708227396011,0,23.7165739536285,0,0,0,137.391537457705,3.32200419902802,122.636397123337,0.734077036380768,0,0,1.69256764650345,0,0,0,0,0,362.277069240808,0,1.87574779987335,0,44.994180560112,48.8098573088646,43.8029879629612,93.2075645923615,340.18150895834,80.9707967936993,122.896944046021,0,6.5910866856575,0,167.941296428442,41.0615735054016,312.471201628447,25.2012987732887,78.2588085532188,9.72507441043854,1148.28249230981,3.69286119937897,2516.08155792952,0,211.916132241488,0,249.488257110119,0,2000.04982540011,8.67096811532974,0,5.00018697977066,6827.20985838771,2.19961601495743,560.505059808493,1.12969100475311,889.91682741046,1.43028450012207,2292.50295773149,259.540400326252,327.546428322792,3.07726377248764,140.419084280729,19.1772781610489,479.129605621099,11.2972810864449,92.1685835421085,0,940.515729486942,84.4552274346352,83.1031368970871,0,488.70400801301,0.482291609048843,16.9056763350964,0,297.75802859664,1.50576376914978,0.47816389799118,0,137.162151604891,0,3.7080260515213,0,0,0,78.8344340920448,0,38.7878674864769,0,1.47043853998184,0,0,0,0,0,0,0,1.44846200942993,0,1.08898377418518,4.79868042469025,0,0,0,0,0,0
0.524828791618347,464.784312367439,0,112.600198507309,0,0,0,90.8508965373039,0,0,0,57.1769944429398,0,15.9358843564987,0,0,1.00352144241333,114.866535753012,0,184.13620325923,0,0,0,0.777409315109253,0,0,0,0,3.49712455272675,110.026452809572,0,1.63767930865288,20.4084975123405,76.1695671379566,52.4207091331482,45.5449921488762,97.5742154717445,353.321640908718,0,92.6034296154976,0,5.99973306059837,43.1044610142708,34.8135432898998,23.2156158089638,215.750567287207,6.97026789188385,62.2512659132481,10.2340693473816,990.70643299818,0.762175977230072,1367.75795155764,0,14.4894159734249,0,75.9308224320412,5.13532489538193,1949.98749154806,5.00018697977066,0,1.1925251185894,3407.58516350389,3.52462762594223,596.50748077035,0,1613.68816635013,193.31503123045,1703.50460848212,2.32536095380783,299.676057815552,17.6946614384651,46.4707180559635,8.13822758197784,461.436138153076,0,120.103990256786,85.3761700987816,641.998266369104,1.31817543506622,65.0828911960125,3.13326728343964,441.030333697796,0,8.76206260919571,0,224.425291150808,0,0,0,153.502966672182,0,0,0,0,0,113.446447879076,0,0,0,0,0,0,0,0,0,0,0,0,2.20205628871918,12.3661507368088,0.944031119346619,0,0,0,0,0
1053.82031974196,0.6565061211586,126.845992058516,0,0,0,231.412635624409,0,0,0,130.417101860046,0,27.0336713790894,0,0,0,297.128398537636,0,36.3745704889297,1.1722726225853,0,0,0,0,0,0,1.87845748662949,0,130.941565662622,0,2.43475890159607,0,13.0533036589622,27.7018706202507,32.3552007079124,64.7653170824051,121.672834664583,88.458173841238,22.554300069809,0,4.02202489972115,0,11.1935969293118,6.25843751430511,9.65607762336731,1.02496409416199,21.1114708781242,0.50563907623291,53.1568921804428,1.05676853656769,688.80216088891,0,31.6524322628975,0,57.3442933559418,0,4121.33396184444,2.4390144944191,6827.20985838771,1.1925251185894,0,1.54084420204163,2736.34575006366,2.00921410322189,2813.8051879108,0,885.772994160652,79.3850921988487,51.3941120803356,2.55497473478317,90.6555563509464,6.42445868253708,130.944549769163,2.47732591629028,22.6584903597832,0,275.54305011034,49.1121290624142,32.8500563502312,0,545.628449171782,0.504598081111908,29.0601016879082,0,1168.63831752539,0,2.98240751028061,0,386.853960186243,0,0.512956380844116,0,0,0,11.2415809035301,0,4.66054207086563,0,0,0,0,0,0,0,0,0,1.72530007362366,0,0,0.717971384525299,0,0,0,0,0,0
0,1203.68672654033,0,91.3159736096859,0,0,0,490.878499180079,0,0.708594560623169,0,546.500374317169,0,183.700078189373,0,1.42364013195038,1.72208952903748,371.927899062634,0,33.1881648302078,0,0,0,0,0,0,0,0,1.07173562049866,88.7713425159454,0,2.01560968160629,10.4357005357742,20.5618678331375,35.4144876003265,63.2076588571072,100.945632815361,314.416267037392,0.702075600624084,13.6032781898975,0,8.37376040220261,7.86875259876251,14.1390776336193,5.26859092712402,13.6871527135372,5.12878859043121,25.6382640004158,0.538611352443695,126.958824813366,0,104.101101845503,0,0.624573945999146,0,6.39453947544098,1.62535619735718,1771.61462435126,2.19961601495743,3407.58516350389,1.54084420204163,0,0.902412414550781,2183.87026587129,0,3312.01741987467,119.596208572388,446.017167150974,0,8.7189054787159,5.64948612451553,83.6309369206429,6.21499836444855,131.523763477802,2.49567210674286,33.9009802937508,75.3228644728661,150.582675278187,2.61690044403076,0.631003975868225,2.45602011680603,132.392569839954,0,2.44305992126465,0,154.914226174355,0,0.574723839759827,0,52.3054312169552,0,0,0,0,0,10.5583757758141,0,0,0,0,0,0,0,0,0,0,0,0,0,0,0,0,0,0,0,0
206.521055757999,0,24.4434598088264,0,0,0,46.6167967915535,0,0,0,210.531502962112,0,101.534285962582,0,0,0,1230.88716050982,0,19.2623763978481,0,0,0,0,0,0,0,0,0,400.721378415823,0,0,0,5.12726128101349,32.3279722929001,27.5086877346039,23.0141469240189,45.3392462134361,30.8434808850288,38.9561316370964,1.49073529243469,8.4838804602623,0,9.1743192076683,1.92515087127686,13.0977601408958,0.651379466056824,9.0942605137825,0,5.82498940825462,0,39.5565755963326,0,5.56678473949432,0,21.0216753780842,0,2609.06400242448,0.728348195552826,560.505059808493,3.52462762594223,2736.34575006366,0.902412414550781,0,0,228.575198233128,0,508.854907095432,53.4343298375607,53.0578225851059,3.29120653867722,72.3346082568169,3.03919267654419,192.603186905384,2.42656606435776,29.6299328804016,0,228.387729287148,27.4057346582413,102.354355275631,0,3005.92868879437,0,54.7578591704369,0,1016.36927178502,0,2.26534479856491,0,302.627597212791,0,0,0,0,0,16.976085960865,0,9.60378938913345,0,0,0,0,0,0,0,2.00122529268265,0,0.616312205791473,0,1.28206479549408,2.63481342792511,0,0,0,0,0,0
0,477.482358962297,0,83.4587434232235,0,0,0,155.201627612114,0,0,0,640.844955027103,0,198.446429729462,0,9.62971287965775,0,2101.10519513488,0.651409387588501,75.3730439841747,0,0,0,0,0,0,0,0,0,398.870111465454,0,6.64129114151001,14.5609596371651,37.1127254962921,11.5670810341835,27.3879397213459,17.8451443910599,101.194635957479,0,14.1962625384331,0,2.88985198736191,4.6944682598114,6.94744515419006,1.39493924379349,10.9528048038483,0,19.5274966061115,0,12.7508222460747,0,33.2505118846893,0,2.89913105964661,0,2.1852942109108,3.41670656204224,3687.15713509917,1.12969100475311,596.50748077035,2.00921410322189,2183.87026587129,0,0,0,1032.47252494097,44.5974144339561,323.176753401756,0,53.9587741196156,33.9772130250931,85.9482698440552,2.53953742980957,785.887339234352,0,75.0216575860977,63.6139513850212,232.485808998346,1.07842576503754,68.4292944967747,0,2490.84279483557,0,6.17061239480972,0,398.26209294796,0,2.96265408396721,0,98.2182659208775,0,0,0,0,0,12.2690857648849,0,0,0,0,0,0,0,0,0,0,0,0,0,1.63988727331161,0,0,0,0,0,0
572.123011261225,0,157.651557445526,0,0,0,330.896874070168,0,0,0,15.0434421300888,0,3.41731452941895,0,0,0,6.845567882061,0,33.7517709136009,1.48186933994293,0,0,0,0,0,0,0,0,39.4551891386509,0,5.28971093893051,0,2.26874059438705,5.85144346952438,15.7993303537369,23.0584162473679,57.2537853419781,49.4196905493736,10.0616172552109,0,6.15992170572281,0,2.24656975269318,5.27376520633698,3.47082966566086,2.22742921113968,13.6735093891621,2.30017238855362,15.807346701622,1.18163979053497,685.831288814545,0,176.705636054277,0,216.135766893625,0,233.677849292755,0.856255054473877,889.91682741046,0,2813.8051879108,0,228.575198233128,0,0,0,305.204471677542,59.7935780286789,5.61563941836357,0,61.5333165824413,4.1690753698349,73.751363247633,1.18252050876617,9.87021619081497,0,72.3602174222469,5.47741591930389,2.53716433048248,0,229.546075373888,0,12.1172631978989,0,3965.15164744854,0,2.15041851997375,0,745.132259905338,0,0,0,0,0,2.56026834249496,0,4.11331921815872,0,0.455027222633362,0,0,0,0,0,0,0,0,0,0,1.34800958633423,0,0,0,0,0,0
0,641.030147612095,0,152.308459788561,0,0,0,411.246620595455,0,1.03598093986511,0,353.478101611137,0,148.107055187225,0,0,0,63.7458166480064,0,41.6862000226974,0,0.704990208148956,0,1.03327775001526,0,0,0,0.480008721351624,0,30.2008125782013,0,0.487564116716385,9.25111454725266,4.55853691697121,34.1518934965134,52.7308747768402,54.8502314090729,457.477176100016,2.32296967506409,27.3715306818485,0,12.8737459778786,8.19930958747864,18.1653355062008,2.26081967353821,18.1663320064545,4.84048199653625,49.7604791224003,1.93667638301849,491.469641953707,2.01442217826843,680.625607401133,0,27.4653029441833,0,79.8622030615807,0,441.152349561453,1.43028450012207,1613.68816635013,0,3312.01741987467,0,1032.47252494097,0,0,88.984221726656,306.154911786318,0,4.29759401082993,3.19147038459778,73.5103124976158,1.26307392120361,160.853638470173,0,57.783837556839,26.2599100470543,199.476222485304,0,2.49196243286133,0.542673408985138,685.533231914043,0,9.1410019993782,0,3212.21357023716,0,2.55389329791069,0,776.432360112667,0,0,0,0,0,22.0585207343102,0,0,0,0.615446805953979,0,0,0,0,0,0,0,0,0.530261337757111,1.77547270059586,0,0,0,0,0,0
363.021995276213,31.1834142506123,185.195360600948,7.12222042679787,0,0,36.0645931363106,0.538430571556091,0,0,58.5091113448143,0,13.6121955513954,0,0,0,144.69534894824,16.8905943036079,2122.7839165926,63.2677886486053,6.42876362800598,0.664025545120239,551.451038181782,0,0,0,2.59961813688278,0,283.391305714846,15.635961920023,534.887216776609,8.49510681629181,5324.31441286206,641.278557777405,1873.32180312276,698.318106919527,913.625103294849,829.307509154081,820.684681206942,45.4203447699547,9.88275483250618,4.66237092018127,2737.73851129413,736.633429974318,2753.1056266129,900.503577142954,1642.88891816139,234.883339524269,724.747459769249,335.395602315664,1007.36936229467,56.2952123880386,183.083101421595,19.206312417984,318.638909190893,29.8715050518513,509.823923140764,111.461179494858,2292.50295773149,193.31503123045,885.772994160652,119.596208572388,508.854907095432,44.5974144339561,305.204471677542,88.984221726656,0,2501.10000404716,2855.27899438143,151.086436867714,411.405644148588,154.912796318531,662.778117239475,154.081761747599,164.055611342192,36.0465706586838,2224.94711908698,616.03839841485,84.9079372286797,6.16683030128479,769.660458028316,46.0693965554237,20.1280149519444,0,272.488602638245,18.2909071445465,2.32413351535797,0,153.668829828501,32.006900370121,17.1663774251938,1.33161526918411,0,0,139.393502771854,0,78.0822272598743,1.91502565145493,7.06673985719681,2.76166641712189,0,0,0,0,0.936534583568573,0,3.4282009601593,0,0,9.20872241258621,0.85330468416214,0.862000048160553,0,0,0,0
7.22691026329994,161.337446123362,1.46852171421051,252.741231501102,0,0.518548190593719,1.16324245929718,51.1966767907143,0,1.31164634227753,0,18.2064146399498,0,7.82709741592407,0,1.62352222204208,19.2273543477058,77.3134299516678,11.9601604640484,1277.69351071119,1.29471325874329,7.22485506534576,0,165.1407969594,0,3.49231177568436,0,2.41682970523834,41.7984027266502,80.0794150531292,21.168315410614,362.885930627584,206.663622170687,4278.33270552754,323.909823894501,1689.74941727519,557.370871663094,1041.31406906247,57.6458466649055,849.080049961805,0,32.5596280694008,940.303715020418,2458.54772058129,421.896444678307,3113.13904756308,160.064866125584,1762.01824823022,345.646845936775,751.383337587118,190.039139032364,364.332949101925,38.6388772130013,67.0433450639248,33.2250704169273,260.386292338371,29.2473241090775,530.555342376232,259.540400326252,1703.50460848212,79.3850921988487,446.017167150974,53.4343298375607,323.176753401756,59.7935780286789,306.154911786318,2501.10000404716,0,44.8750591278076,958.195246368647,100.269392907619,148.456176102161,129.889761418104,488.866320371628,26.3658521175385,150.119508296251,667.457793951035,1335.49213501811,17.766061425209,39.5989986658096,55.7375754117966,578.603053689003,0,20.5163090527058,10.5961598157883,220.954664677382,0,10.4738674461842,5.84435841441154,275.7274992764,3.83974277973175,5.17507749795914,0,0,0,120.357050150633,1.16483664512634,52.3062064647675,0,7.78147733211517,0,0,0,0,0,0,0,0,1.00968062877655,14.5611917376518,9.37102061510086,0,0,0,0,0
1002.70722684264,271.572032272816,65.3702004551888,118.41081443429,0,0,44.103064596653,36.0318527817726,0,0,56.7734401226044,4.45031887292862,50.336358577013,0,0,0,70.1333199441433,6.37348985671997,2554.43937441707,642.004766941071,0,0,29.2480194568634,3.29212182760239,0,0,0,0,186.167415469885,3.67922806739807,21.9383292794228,2.99096477031708,1351.96570470929,439.651050329208,0,1.42766141891479,111.953933775425,4.49881726503372,61.2585644721985,1.07601296901703,0,0,1.14213049411774,0.633025705814362,0,0,2.56035149097443,1.05974674224854,0,0,3.11842411756516,0,1.4793826341629,0,0,0,1594.96826928854,20.5418661832809,327.546428322792,2.32536095380783,51.3941120803356,0,53.0578225851059,0,5.61563941836357,0,2855.27899438143,44.8750591278076,0,171.857895195484,830.183115154505,232.372219949961,641.172368139029,60.0253932476044,366.415627598763,29.6287563443184,2400.44220983982,223.950136005878,4.35897076129913,0,19.0714657902718,0,8.93141540884972,0,0.667998313903809,0,0,0,0.522642135620117,0,0,0,0,0,111.364495337009,0,15.975425183773,0,0,0,0,0,0,0,0.649409592151642,0,2.0964982509613,0,4.71663868427277,7.08532398939133,0,0,0,0,0,0
19.9703163504601,846.12614646554,0,173.999858438969,0,1.22401136159897,0,18.9575970470905,0,0,0,17.3455145359039,0,5.79015630483627,0,0,1.21069490909576,69.9523112475872,20.1460610628128,2537.14186415076,0,0,0,29.5981947779655,0,0,0,0,6.01510983705521,26.7996444702148,10.5869006514549,16.5243502855301,98.3356611728668,966.047665596008,5.69252920150757,1.23181426525116,0.660097002983093,87.2823003828526,1.66820514202118,35.0514137148857,0,0,1.25803685188293,0.53794276714325,0,0,1.64229393005371,11.4640151560307,0,5.06539553403854,0,12.3386311233044,0,1.90109515190125,0,0,29.1206628084183,2131.32858160138,3.07726377248764,299.676057815552,2.55497473478317,8.7189054787159,3.29120653867722,53.9587741196156,0,4.29759401082993,151.086436867714,958.195246368647,171.857895195484,0,67.7016478776932,234.729881346226,18.7740279138088,342.096198558807,8.91559678316116,133.297102451324,176.668572545052,819.14720338583,0,0.44520366191864,0,17.3797889947891,0,0,0,5.05359172821045,0,0,0,2.97702223062515,0,0,0,0,0,68.1172121465206,0,0,0,0,0,0,0,0,0,0,0,0,1.35872623324394,0,0,0,0,0,0,0
2862.82012549043,102.207854479551,1954.61699771881,309.567027688026,921.545399785042,154.832105010748,3528.1170322299,432.007579803467,952.013397753239,134.853935301304,417.141657412052,90.3890544772148,2277.16989403963,76.0046807229519,1107.80919879675,56.9347492158413,131.929577797651,23.1526169776917,1213.82217100263,583.979723066092,729.438625663519,179.894568949938,2377.46363526583,886.51997923851,286.337242156267,340.556202083826,646.053210914135,198.657797783613,484.863988816738,11.5330967903137,939.004915833473,404.215542972088,266.83542650938,242.781075507402,39.2848713099957,11.1423310041428,343.447856336832,21.364149928093,57.4254412055016,9.78442162275314,189.994545608759,30.4520432949066,8.09717583656311,2.68612176179886,2.36861050128937,0.679678857326508,19.2117496728897,5.19174385070801,1.05741226673126,2.0477386713028,63.7780627608299,3.93057501316071,7.76269167661667,0,32.0423891246319,0.978840410709381,876.110965490341,42.5859916210175,140.419084280729,17.6946614384651,90.6555563509464,5.64948612451553,72.3346082568169,33.9772130250931,61.5333165824413,3.19147038459778,411.405644148588,100.269392907619,830.183115154505,67.7016478776932,0,841.558259576559,3572.30649793148,182.819280743599,2666.52719673514,115.341605424881,8017.13561928272,255.70653411746,6.47086960077286,0,44.8399976491928,13.5581441521645,52.3310145735741,2.24984675645828,70.3977977633476,2.61978733539581,6.52595072984695,4.07989543676376,105.704924076796,3.5099869966507,22.8643197417259,7.9432692527771,6.72323712706566,3.86163079738617,272.323156028986,22.089852899313,48.6639199852943,3.42259228229523,12.5572201609612,7.24733656644821,8.58741790056229,3.58639031648636,12.0267816781998,5.85454976558685,86.5199933350086,9.24015259742737,42.0280301570892,15.1477216482162,76.1006214618683,26.0107234120369,2.10343831777573,2.95038139820099,1.91207748651505,1.86725431680679,2.99152708053589,26.0567390322685
153.312886148691,2208.29324263334,357.604886442423,1804.27913382649,116.426018238068,1048.66520869732,474.398851066828,3435.34880077839,61.2368510961533,1078.67754000425,29.5597815513611,1213.30984351039,103.440419852734,1462.82304230332,57.6492086052895,1062.67250102758,11.3330245614052,172.867614656687,549.047348082066,1286.57817745209,120.432647943497,448.455221652985,1097.91217342019,1634.82662546635,88.8456611335278,705.816734999418,153.124646395445,780.399676114321,41.5945105850697,169.175350129604,323.948459178209,670.090234816074,163.50410208106,492.866155207157,6.05280822515488,28.2619125843048,37.2426837086678,382.069229960442,12.1371023356915,63.4055957794189,24.1168285608292,267.394923627377,0,2.43132051825523,0,3.85285484790802,7.56223052740097,51.2330653071404,0,3.12165278196335,3.31447297334671,20.0720094144344,0,2.52891337871552,1.74517905712128,11.7585776150227,62.0272711217403,314.295287251472,19.1772781610489,46.4707180559635,6.42445868253708,83.6309369206429,3.03919267654419,85.9482698440552,4.1690753698349,73.5103124976158,154.912796318531,148.456176102161,232.372219949961,234.729881346226,841.558259576559,0,257.790770530701,3396.94016459584,54.379415512085,4443.62554728985,319.124360620975,9563.33260047436,1.5534565448761,1.3696528673172,2.02597558498383,40.3535359799862,3.53387451171875,7.45082870125771,2.62396323680878,147.469464957714,2.14483493566513,13.0762287676334,5.31521886587143,155.574801981449,3.18735748529434,14.8573725521564,4.30392926931381,12.4193533062935,36.3204172253609,259.281434446573,9.52053421735764,7.37076300382614,2.03817439079285,14.847129046917,0,2.24240827560425,0.891759216785431,18.3335979282856,23.4601670503616,34.6798013746738,20.5542385876179,13.5765717625618,78.7473992705345,26.8919278979301,3.1125767827034,1.02413499355316,1.56560659408569,0.700331270694733,4.03668355941772,20.0734215080738
1834.35277876258,43.7388897538185,1045.24477043748,108.32999381423,811.466389298439,30.5735648572445,757.582907348871,95.658440977335,996.874512910843,23.1733412742615,352.403317391872,25.5875858664513,1908.97288659215,11.4588755965233,2379.16784909368,12.1096346974373,506.84869286418,7.46450477838516,946.099702805281,361.226456105709,195.153727471828,4.35617071390152,1099.61944937706,256.780763149261,116.987449407578,69.6366149187088,208.22630611062,24.4835855662823,1773.28803426027,5.0687580704689,220.919382184744,114.388000398874,116.173595011234,126.947843670845,41.864433825016,79.3175000548363,525.080010324717,69.1724866628647,80.9437074065208,2.77784794569016,473.45980900526,16.597424685955,334.414330244064,10.0595178604126,200.413096338511,8.72631084918976,491.813101172447,7.76704186201096,223.302101582289,1.72548925876617,347.419993907213,0,110.336463063955,0,195.180365055799,1.17998349666595,1278.67796573043,16.1725632548332,479.129605621099,8.13822758197784,130.944549769163,6.21499836444855,192.603186905384,2.53953742980957,73.751363247633,1.26307392120361,662.778117239475,129.889761418104,641.172368139029,18.7740279138088,3572.30649793148,257.790770530701,0,82.7840925753117,1970.18677803874,74.2720656394958,2297.68707558513,102.190133005381,50.7525426149368,0,361.903343856335,2.1287180185318,332.325418829918,0,287.459974259138,0,154.388147652149,1.32079577445984,253.68096229434,1.11126291751862,49.4995827674866,2.09385943412781,7.39440625905991,8.00587099790573,118.189131975174,17.8805520832539,39.8075787425041,3.22885406017303,29.658867418766,2.91181546449661,2.45678925514221,8.12786877155304,13.9961792826653,5.33478713035583,46.9073621034622,13.7021346986294,24.1456113755703,4.64807933568954,33.6943198740482,12.9346132874489,1.22509837150574,1.4278107881546,1.79280650615692,0.709330379962921,1.88922357559204,6.48398584127426
51.3197278678417,2152.70575013757,122.983938634396,1367.68342155218,18.2961159348488,751.037705630064,116.99294179678,622.279845505953,6.07285618782043,856.718151688576,7.37845641374588,1285.84616705775,15.0993083715439,1361.17441904545,2.3730800151825,3108.39576950669,4.38419544696808,2129.75835266709,283.969481766224,1028.81914430857,4.88960266113281,296.332796692848,376.418529927731,574.650915145874,4.61378702521324,223.672478795052,6.91121768951416,419.581952959299,15.1571090817451,4741.10870102048,88.7174097299576,182.51469796896,80.7156494557858,237.798595577478,36.1830542087555,56.3839194774628,26.3658450245857,679.256276339293,4.17058485746384,118.756664186716,7.04780012369156,1381.94875374436,97.9260759651661,209.726733565331,12.3360852003098,292.381831884384,15.3486040234566,731.50853702426,4.15323960781097,269.015314310789,0,346.259377777576,0,115.287166655064,0,286.444338858128,14.4995080828667,1504.79550138116,11.2972810864449,461.436138153076,2.47732591629028,131.523763477802,2.42656606435776,785.887339234352,1.18252050876617,160.853638470173,154.081761747599,488.866320371628,60.0253932476044,342.096198558807,182.819280743599,3396.94016459584,82.7840925753117,0,32.0310941934586,1377.05903831124,146.708210408688,1106.61194759607,0,205.585530161858,0.957178175449371,1177.68252435327,2.38532191514969,425.805108189583,0,666.972298651934,0.750826239585876,243.390363276005,2.54286253452301,448.093872249126,1.10102701187134,42.1819089353085,1.36309206485748,8.36259400844574,4.49524039030075,94.6720136106014,7.13243961334229,9.68609824776649,0,75.9653107523918,0,1.18919435143471,0,2.87023034691811,9.35471040010452,20.0061338841915,10.3490472733974,7.68826454877853,9.34545266628265,5.13565534353256,1.74113661050797,2.04435908794403,0.643837809562683,0,0,7.31146895885468
948.764071851969,16.1366830468178,331.704148173332,28.8476096391678,45.7858530282974,0.842511415481567,287.38669782877,11.9906341433525,70.9479150176048,0,138.515970855951,4.48984986543655,408.498042345047,2.73636364936829,174.963435858488,0,89.3433129191399,0,518.148479640484,119.80022674799,38.2336515188217,1.94487124681473,270.633292138577,18.6083615422249,8.0524300634861,1.17687726020813,28.1623776853085,10.2764810323715,110.38395178318,2.14123487472534,39.7494633197784,33.477901995182,40.5554901957512,48.122105717659,5.6862125992775,11.6107538938522,1132.56715473533,35.9457322955132,113.79773747921,12.8974726498127,333.734670162201,10.236044049263,26.3935758769512,2.74508500099182,29.5354645550251,0,20.6930412054062,2.14091575145721,28.1902440786362,0,40.5244496464729,0,11.953874617815,0,21.3688036501408,0,485.513550102711,2.2545548081398,92.1685835421085,0,22.6584903597832,2.49567210674286,29.6299328804016,0,9.87021619081497,0,164.055611342192,26.3658521175385,366.415627598763,8.91559678316116,2666.52719673514,54.379415512085,1970.18677803874,32.0310941934586,0,48.5777736604214,1360.76283174753,37.128749281168,4.59852141141891,0,15.4091756939888,0,28.263824224472,0,13.0637312531471,0,22.3191828727722,2.2084823846817,32.5380096435547,2.37713688611984,31.3783391714096,133.474969208241,20.5098750293255,96.3962992429733,245.323713958263,72.9250749647617,74.0499388873577,14.9484997391701,17.7574059665203,37.6971843242645,12.5648347437382,34.9163603782654,15.8807001709938,74.0575512647629,116.746032357216,55.791198849678,71.7353123128414,35.6004864573479,67.3104632198811,16.3483738899231,15.0916712880135,8.64089208841324,3.88286125659943,6.87504464387894,3.58166003227234,31.4384928941727
24.5410349667072,1075.72968229651,43.2924671471119,731.636055886745,1.49584230780602,109.639788299799,43.581113576889,306.590361237526,0,179.934302568436,5.30356216430664,224.137959629297,0.939578771591187,353.877176105976,0,332.230941683054,0,150.540890336037,141.458204656839,652.876837819815,12.245167016983,12.8984579443932,158.832754969597,220.404843240976,0,41.9755629897118,7.90468013286591,46.5537203252316,4.54372251033783,93.1586204171181,47.4269106984138,102.28807580471,39.9087260365486,120.507954567671,11.6303089559078,14.3293534219265,59.900006622076,1233.43310457468,49.0334455966949,114.538675516844,26.765615940094,235.16488224268,16.2306913733482,40.5644503831863,7.17354732751846,63.4254428446293,4.24802598357201,138.231104463339,0,65.8383591473103,0,68.6230368316174,0,22.9923593699932,1.91464400291443,29.1724516451359,3.08951485157013,320.035249501467,0,120.103990256786,0,33.9009802937508,0,75.0216575860977,0,57.783837556839,36.0465706586838,150.119508296251,29.6287563443184,133.297102451324,115.341605424881,4443.62554728985,74.2720656394958,1377.05903831124,48.5777736604214,0,48.9601005911827,1224.03085127473,0,8.8094676733017,0,100.214245527983,0,7.91095322370529,0.815945327281952,98.3169060349464,0.955025255680084,6.30389672517776,4.36628574132919,67.0275252461433,49.281401604414,67.5886740088463,23.3552874922752,49.0549346804619,51.5893648266792,381.105451911688,46.5002812147141,18.4844686090946,15.685505926609,34.3343309760094,12.3405765891075,13.8304182291031,29.1350457370281,29.3896036744118,48.4299133718014,46.826058357954,57.9998265206814,26.3238279223442,42.9226427972317,36.1700214445591,9.51602771878242,3.51602613925934,6.46878427267075,2.62503373622894,1.51713410019875,17.6304593384266
3261.15583306551,244.520652800798,1111.36761456728,141.769729942083,49.149588227272,0,1093.22913703322,91.5817998051643,105.271432816982,0,389.483408987522,17.5153420567513,1270.69231435657,9.36758548021317,238.76709741354,0,200.928833901882,27.8593602478504,2333.95227909088,668.983572632074,17.2343281507492,0,857.050270676613,32.4467394948006,5.60586419701576,0,18.1924403905869,5.22180742025375,428.875749051571,10.7110917568207,161.003369003534,64.9990420043468,259.189260840416,385.714451611042,287.038171648979,206.557791382074,3485.22542005777,242.999115914106,218.821052104235,24.6943208873272,165.318888187408,2.48862481117249,437.78338637948,118.484099298716,302.458401083946,69.9988273382187,521.133439689875,77.5614599883556,358.580360352993,38.059919834137,371.910429149866,18.0106058120728,116.997521430254,4.44103610515594,171.856350511312,13.0221941173077,2040.17444947362,143.711748450994,940.515729486942,85.3761700987816,275.54305011034,75.3228644728661,228.387729287148,63.6139513850212,72.3602174222469,26.2599100470543,2224.94711908698,667.457793951035,2400.44220983982,176.668572545052,8017.13561928272,319.124360620975,2297.68707558513,146.708210408688,1360.76283174753,48.9601005911827,0,597.950146555901,35.3731748461723,8.76362472772598,135.66646566987,73.8606560826302,60.6238191127777,0,81.1517685055733,32.8021040558815,29.7171448469162,0,103.704960584641,25.9657920002937,137.895569145679,33.6510947346687,108.237704068422,35.6113257110119,1013.72543475032,166.696974605322,404.996715396643,8.63670900464058,31.539009809494,8.92050474882126,36.5689265429974,8.13683706521988,72.8640019893646,15.5714222490788,472.495402157307,115.634779065847,83.0679116249084,18.9287447333336,528.282839268446,509.764327645302,14.0312243103981,9.09630239009857,11.8875902593136,12.2943615913391,12.6509242653847,157.671121001244
129.695793092251,3119.91616994143,75.4802006483078,2367.83551672101,0,150.619920194149,68.6691429615021,1155.17531171441,0,292.103125631809,3.78738403320312,590.590250223875,3.06902611255646,669.820144951344,0,568.303934782743,9.08138161897659,255.285417020321,481.375932514668,2732.78534582257,1.9420884847641,11.2646534442902,167.553917586803,448.727536141872,0,41.4988788366318,6.16865634918213,25.6106268763542,34.8623646497726,102.570373594761,123.843122124672,260.023994922638,204.991964042187,592.297021865845,113.193282753229,398.912680387497,224.661517977715,3888.78392747045,28.3028357028961,193.011624962091,4.92715615034103,94.3111208081245,187.30632981658,390.701068133116,80.4577471017838,410.409739047289,54.306216776371,826.707752019167,21.3057196140289,324.311769574881,16.7885872721672,291.370134085417,5.09878176450729,71.8982547819614,10.3537083864212,178.865401357412,50.920245885849,965.694748222828,84.4552274346352,641.998266369104,49.1121290624142,150.582675278187,27.4057346582413,232.485808998346,5.47741591930389,199.476222485304,616.03839841485,1335.49213501811,223.950136005878,819.14720338583,255.70653411746,9563.33260047436,102.190133005381,1106.61194759607,37.128749281168,1224.03085127473,597.950146555901,0,9.27824801206589,16.1441444158554,29.3601790368557,276.700121700764,3.03594416379929,16.545502692461,14.4142260551453,252.357452988625,0,31.6815470457077,2.92998647689819,144.883205413818,19.5194542706013,87.6102648973465,14.2601564526558,88.6928375661373,152.058131098747,964.094057798386,28.5568414628506,17.7776311337948,6.69383120536804,38.7362861931324,7.65678983926773,21.0037831068039,20.1870552003384,59.3613297641277,108.095639109612,264.466630965471,38.467635422945,34.0062794089317,563.164003044367,580.08048504591,16.0429174900055,2.5800798535347,9.27151647210121,9.25131422281265,20.2445895373821,147.53602334857
18.1477570533752,0,2.19844031333923,0,0,0,1.06039047241211,0,1.88798654079437,0,29.6327584385872,0,10.3393372297287,0,0,0,663.51567080617,0,0.899698376655579,0,0,0,0,0,0,0,0,0,378.665607839823,0,0,0,2.66124546527863,5.85349935293198,7.50676769018173,3.93395912647247,4.95652660727501,5.02353793382645,1.28037583827972,0,0,0,3.2980962395668,0,4.89663344621658,0,3.08268183469772,0,4.91307261586189,0,9.41180115938187,0,2.74504780769348,0,0.989775121212006,0,259.631538718939,0,83.1031368970871,1.31817543506622,32.8500563502312,2.61690044403076,102.354355275631,1.07842576503754,2.53716433048248,0,84.9079372286797,17.766061425209,4.35897076129913,0,6.47086960077286,1.5534565448761,50.7525426149368,0,4.59852141141891,0,35.3731748461723,9.27824801206589,0,0,691.442115575075,0,15.0300414264202,0,19.3884386122227,0,0.519318878650665,0,6.92498636245728,0,0,0,0,0,1.10976028442383,0,0,0,0,0,0,0,0,0,0,0,1.69686353206635,0,0,0.737344682216644,0,0,0,0,0,0
0,6.31682252883911,0,3.76734045147896,0,0,0,4.57808840274811,0,0,0,0,0,0.599884808063507,0,0,0,190.883359283209,0,2.62054932117462,0,0,0,0,0,0,0,0,0,249.538552373648,0,0,3.30735886096954,3.47164708375931,1.89050310850143,5.92535108327866,1.10503506660461,9.27004635334015,0,3.43101304769516,0,0,0.859551250934601,6.06539273262024,0,3.64104872941971,0,2.93925160169601,0,4.97088029980659,0,4.68647953867912,0,0.772844016551971,0,3.33767428994179,1.1441935300827,35.8584289550781,0,65.0828911960125,0,0.631003975868225,0,68.4292944967747,0,2.49196243286133,6.16683030128479,39.5989986658096,0,0.44520366191864,0,1.3696528673172,0,205.585530161858,0,8.8094676733017,8.76362472772598,16.1441444158554,0,0,1.41741108894348,745.604013860226,0,20.8665039241314,0,4.41410547494888,0,0,0,2.86937671899796,0,0,0,0,0,4.05789560079575,0,0,0,2.09488224983215,0,0,0,0,0,0,0,0,0,0,0,0,0,0,0,0.382801294326782
155.990535199642,0,29.2446761131287,0,1.8272784948349,0,75.4977831244469,0,1.1486097574234,0,429.449269413948,0,311.004276633263,0,4.09686267375946,0,1208.95280358195,0,22.6710349619389,0,2.2738710641861,0,1.67886734008789,0,0,0,0,0,831.647858560085,0,1.20067274570465,0,14.2577659487724,33.1269798278809,41.6357245445251,51.3750402033329,118.362095445395,26.3688988089561,31.1366430521011,0,8.78875544667244,0,89.7131380438805,6.27662408351898,132.281008720398,0,86.6875831782818,1.43668150901794,207.073324531317,0,260.374521821737,0,69.0025503635406,0,70.1382811665535,0,294.352871358395,4.37078678607941,488.70400801301,3.13326728343964,545.628449171782,2.45602011680603,3005.92868879437,0,229.546075373888,0.542673408985138,769.660458028316,55.7375754117966,19.0714657902718,0,44.8399976491928,2.02597558498383,361.903343856335,0.957178175449371,15.4091756939888,0,135.66646566987,29.3601790368557,691.442115575075,1.41741108894348,0,0,1117.2461258173,0,4707.37724736333,0,30.8851343095303,0,359.884767919779,0,8.67305681109428,0,0,0,5.14418935775757,0,9.59994399547577,0,1.40839797258377,0,0,0,0,0,0,0,0,0,0,0,0,0,0,0,0,0
0,103.238096565008,0,41.3720799982548,0,0.559618890285492,0,45.6749337315559,0,0.52209460735321,0,257.985076367855,0,80.8595470190048,0,6.71110612154007,1.07240200042725,520.84051579237,0,25.2544758915901,0,0.796063959598541,0,0,0,0,0,0,0,602.253057122231,0,2.00475844740868,11.7642928957939,61.7053941190243,40.0264351963997,62.5895250439644,10.3801939487457,356.125501990318,0,40.4963238835335,0,56.4056119322777,20.0337746739388,107.738892346621,2.81858164072037,256.142481923103,4.7030228972435,165.958358615637,0,262.765580743551,0,425.756957799196,0,41.5045357942581,0,79.7582706511021,1.83468061685562,155.485800087452,0.482291609048843,441.030333697796,0.504598081111908,132.392569839954,0,2490.84279483557,0,685.533231914043,46.0693965554237,578.603053689003,0,17.3797889947891,13.5581441521645,40.3535359799862,2.1287180185318,1177.68252435327,0,100.214245527983,73.8606560826302,276.700121700764,0,745.604013860226,0,0,0,1999.7947678864,0,6710.59781613946,0,289.569354593754,0,584.325853854418,0,6.5866077542305,0,0,0,27.3826601803303,0,0,0,6.60926911234856,0,0,0,0,0,3.63017237186432,0,0,1.56875622272491,0,0,0.629436314105988,0,0,0,0
85.112264752388,1.44339120388031,42.9391570687294,3.06782472133636,10.260122358799,0,17.3622313737869,1.03288388252258,8.09269052743912,0,144.596114814281,0,53.9022879600525,0,75.2884459197521,0,234.016037881374,0,74.9894891381264,14.1207093000412,5.8089856505394,0,4.9094585776329,0,0,0,4.97245272994041,0,1500.06319260597,0,0.967442154884338,0,5.04833030700684,0,0.922497570514679,7.43231815099716,177.311521500349,0,385.28101593256,0,720.755262583494,0,46.8324568271637,0,11.6057626008987,0,94.6823081672192,0,31.3654052615166,0,74.285059094429,0,27.4758569300175,0,58.1702120304108,0,37.167433321476,0,16.9056763350964,0,29.0601016879082,0,54.7578591704369,0,12.1172631978989,0,20.1280149519444,0,8.93141540884972,0,52.3310145735741,3.53387451171875,332.325418829918,2.38532191514969,28.263824224472,0,60.6238191127777,3.03594416379929,15.0300414264202,0,1117.2461258173,0,0,0,1000.36992236972,0,1085.72183993459,0,152.955477505922,0,5.65053969621658,0,0,0,4.34433722496033,0.756568431854248,2.94356048107147,0,1.20579314231873,0,0,0,0,0,0,0,0,0,1.07451605796814,0,0,0,0,0,0,0
0,0,0,1.97112056612968,0,126.26351749897,0,0,0,19.5854167342186,0,0,0,0,0,141.710489422083,0,3.01703119277954,0,0,0,95.5904601216316,0,0.495331853628159,0.845182657241821,4.00909852981567,0,33.5502091944218,0,1270.29799807072,0,3.72371459007263,0,0.610677480697632,0,2.51371705532074,0,288.496050924063,0,145.074665367603,0,1749.52147567272,2.58648902177811,10.7295182347298,0,8.70056301355362,0,28.9879869818687,0,10.4786150157452,0,28.0594218373299,0,3.79603374004364,0,70.4368614554405,0,0,0,8.76206260919571,0,2.44305992126465,0,6.17061239480972,0,9.1410019993782,0,20.5163090527058,0,0,2.24984675645828,7.45082870125771,0,425.805108189583,0,7.91095322370529,0,16.545502692461,0,20.8665039241314,0,1999.7947678864,0,0,0,684.065887063742,0,932.889392077923,0,158.231583625078,0,2.74457901716232,0,0,0,0.936425000429153,0,0.541965663433075,0,1.57084798812866,0,0,0,0,0,0,0,0,0,0.704820394515991,0,0,0,0,0,0
1120.62118467689,0,49.9207320213318,0,7.32395499944687,0,433.643773287535,0,5.07060125470161,0,472.911777406931,0,260.380529671907,0,32.7393187880516,0,212.38902515173,0,11.3917684853077,2.22904443740845,4.19323998689651,0,0.640308618545532,0,0,0,1.54937487840652,0,405.301220118999,0,3.57488894462585,0,4.48988372087479,4.05020129680634,16.1750102043152,21.6670181155205,189.31775406003,16.4715793132782,29.9114137589931,0,104.052017211914,0,159.525508075953,0,127.928143948317,1.80388939380646,205.202081650496,0,193.973060280085,0,2590.124417454,0,720.239891916513,0,498.586079329252,0,566.216344326735,0,297.75802859664,0,1168.63831752539,0,1016.36927178502,0,3965.15164744854,0,272.488602638245,10.5961598157883,0.667998313903809,0,70.3977977633476,2.62396323680878,287.459974259138,0,13.0637312531471,0.815945327281952,81.1517685055733,14.4142260551453,19.3884386122227,0,4707.37724736333,0,1000.36992236972,0,0,0,730.253272712231,0,6666.49578148127,0,22.051215171814,0,0,0,4.35552954673767,0,3.32760500907898,0,4.99069494009018,0,0,0,0,0,0,0,0.656811892986298,0,0,0,0,0,0,0,0,0
0,614.536305099726,0,73.6080561280251,0,1.98824864625931,0,631.924597263336,0,2.63168329000473,0,293.916459411383,0,121.62849855423,0,13.1578055024147,0,65.0132922530174,0,17.8180711865425,0,2.21350973844528,0,1.26734697818756,0,0,0,1.90492647886276,0,139.398835748434,0,0.463677942752838,0,21.6535323560238,25.9914609193802,47.0851875543594,5.40176796913147,606.828510522842,1.91863214969635,49.9475875496864,0,277.890210926533,26.8233101069927,145.28754389286,0,353.707936495543,0.898842364549637,256.806588172913,0,797.262823551893,0,3426.65512442589,0,935.827665627003,0,1154.34649059176,0.931624293327332,217.347470521927,1.50576376914978,224.425291150808,0,154.914226174355,0,398.26209294796,0,3212.21357023716,18.2909071445465,220.954664677382,0,5.05359172821045,2.61978733539581,147.469464957714,0,666.972298651934,0,98.3169060349464,32.8021040558815,252.357452988625,0,4.41410547494888,0,6710.59781613946,0,684.065887063742,0,0,0,1258.82066702843,0,7619.03090032935,0,14.8497706949711,0,0,0,18.5357511639595,0,0,0,14.2707615196705,0,0,0,0,0,0,0,0,0,0.903680205345154,0,0,0,0,0,0
0,0,1.26769316196442,0,31.1968474388123,0,0,0,12.2377442121506,0,0,0,6.68180823326111,0,37.2868931293488,0,2.59253513813019,0,0,0,12.8388506770134,0,0,0,3.41083776950836,0,5.96553185582161,1.86463570594788,369.619347065687,0,0.70844978094101,0,0,0,0.778132617473602,0,555.804907381535,0,307.000865310431,0,1741.72572845221,3.36025750637054,7.96667489409447,0,1.89112764596939,0,84.1232836544514,0,1.43269807100296,0,14.0868527591228,0,10.4904052317142,0,675.523892074823,0,0,0,0.47816389799118,0,2.98240751028061,0,2.26534479856491,0,2.15041851997375,0,2.32413351535797,0,0,0,6.52595072984695,2.14483493566513,154.388147652149,0.750826239585876,22.3191828727722,0.955025255680084,29.7171448469162,0,0.519318878650665,0,30.8851343095303,0,1085.72183993459,0,730.253272712231,0,0,0,1573.45483666658,0,0,0,0,0,2.82835972309113,0,3.13127791881561,0,0,0,0,0,0,0,0.544736444950104,0,0,0,0,1.76362293958664,0,0,0,0,0,0
0,0,0,0.621448516845703,0,31.5789166390896,0,0,0,15.1302656531334,0,0,0,0,0,63.8665661513805,0,0,0,0,1.45510101318359,21.5963323116302,0,1.70400154590607,0,4.74808833003044,0,13.8935658633709,0,148.373623996973,0,0,0,1.63556694984436,0,3.33670598268509,0,640.018924236298,0,250.012360572815,4.50663387775421,1551.14971250296,0.420599162578583,11.5424436628819,0,0.460820138454437,0.381980538368225,63.5766376256943,0,5.2296117246151,0,6.21735888719559,0,3.80085423588753,0,461.164920151234,0,0,0,0,0,0.574723839759827,0,2.96265408396721,0,2.55389329791069,0,10.4738674461842,0,0,4.07989543676376,13.0762287676334,1.32079577445984,243.390363276005,2.2084823846817,6.30389672517776,0,31.6815470457077,0,0,0,289.569354593754,0,932.889392077923,0,1258.82066702843,0,0,0,2324.16456493735,0,0.456307351589203,0,0,0,1.78814500570297,0,0.488793939352036,0,3.84719699621201,0,0,0,0,0,0,0,0,0,0,0,0,0,0,0,1.35701107978821
1082.79714357853,0,24.0723787844181,0,22.6839538514614,0,403.130214959383,0,10.0722658634186,0,304.764082401991,0,163.03834092617,0,36.4133681356907,0,122.89419695735,0,2.16527244448662,0,13.9109906256199,0,0,0,0.522706866264343,0,5.96693170070648,0,219.496658563614,0,1.26191520690918,0.76119327545166,0.44664204120636,0,14.8212774395943,21.0955938696861,928.161699384451,6.46380227804184,338.150615662336,0,296.322295248508,2.44414681196213,387.213119089603,2.3691258430481,141.704745411873,0,819.007673352957,0,212.326892673969,0,1169.68198859692,0,1003.08898040652,0,4368.72503323853,0,465.11013263464,0,137.162151604891,0,386.853960186243,0,302.627597212791,0,745.132259905338,0,153.668829828501,5.84435841441154,0.522642135620117,0,105.704924076796,5.31521886587143,253.68096229434,2.54286253452301,32.5380096435547,4.36628574132919,103.704960584641,2.92998647689819,6.92498636245728,0,359.884767919779,0,152.955477505922,0,6666.49578148127,0,1573.45483666658,0,0,0,59.2195588350296,0,0,0,8.26473963260651,0,5.55830186605453,0,23.5684993565083,0,0,0,0,0,0,0,0,0,0,0.95148092508316,0,0,0,0,0,0
0,596.36644411087,0,9.98786449432373,0,4.68188744783401,0,534.747011572123,0,7.00272786617279,0,107.185325324535,0,38.7332000136375,0,19.6541458964348,0,20.114954829216,0,2.24860596656799,0.695027649402618,0,0,0,0,0.418888807296753,0,3.4724263548851,0,45.6586008965969,0,0,0.699398934841156,13.4778732359409,17.5978795289993,48.6660930812359,9.21022629737854,1378.29621592164,0,262.054853081703,0,499.932326614857,45.3328829705715,97.6764389574528,5.30515584349632,182.178325682878,6.9743358194828,455.900691658258,0,276.252205818892,0,1225.44348728657,0,1351.58946925402,0,4215.00785163045,0,173.228468775749,0,153.502966672182,0,52.3054312169552,0,98.2182659208775,0,776.432360112667,32.006900370121,275.7274992764,0,2.97702223062515,3.5099869966507,155.574801981449,1.11126291751862,448.093872249126,2.37713688611984,67.0275252461433,25.9657920002937,144.883205413818,0,2.86937671899796,0,584.325853854418,0,158.231583625078,0,7619.03090032935,0,2324.16456493735,0,0,0,16.0040177702904,0,0,0,1.75552678108215,0,4.3413100540638,0,32.1132817268372,0,0,0,0,0,0,0,0,0,0,0.433691948652267,2.45664495229721,0,0,0,0
0,0,0,0,0,0,0,0,0,0,0,0,0,0,0,0,0,0,0,0,0,0,0,0,0,0,0,0,14.8736073076725,0,0,0,0,0,2.62914979457855,3.29240393638611,109.71495321393,31.5664910376072,148.113302648067,84.6423364579678,6.3345750272274,0,335.469257861376,0,20.4820544719696,0,900.168208837509,0,25.4559320509434,0,384.324646621943,0,176.003728300333,0,274.356634944677,0,0,0,3.7080260515213,0,0.512956380844116,0,0,0,0,0,17.1663774251938,3.83974277973175,0,0,22.8643197417259,3.18735748529434,49.4995827674866,1.10102701187134,31.3783391714096,49.281401604414,137.895569145679,19.5194542706013,0,0,8.67305681109428,0,5.65053969621658,0,22.051215171814,0,0,0,59.2195588350296,0,0,110.231003284454,3123.62405863404,52.8215543329716,468.370978593826,395.370585292578,2769.14127379656,108.28942322731,2856.29371216893,142.262547433376,579.373107016087,48.4066832363605,480.02605137229,96.06039249897,1035.10636812449,131.444626420736,621.531725525856,110.465045124292,42.6208382546902,17.7407587766647,96.1401099264622,49.3217800855637,88.6835144162178,9.85640966892242,7.67784982919693,37.3899984061718
0,0,0,0,0,0,0,0,0,0,0,0,0,0,0,0,0,0,0,0,0,0,0,0,0,0,0,0,0,0,0,0,0,0,0.596561431884766,3.31928360462189,120.823043048382,72.3325750231743,384.115641593933,38.5005049407482,0,9.59093916416168,44.0025522112846,75.3059310615063,0,20.0610045790672,0,666.940278708935,0,20.3851498663425,0,20.4889914095402,0,116.889816075563,0,377.795156240463,0,0,0,0,0,0,0,0,0,0,1.33161526918411,5.17507749795914,0,0,7.9432692527771,14.8573725521564,2.09385943412781,42.1819089353085,133.474969208241,67.5886740088463,33.6510947346687,87.6102648973465,0,0,0,6.5866077542305,0,2.74457901716232,0,14.8497706949711,0,0.456307351589203,0,16.0040177702904,110.231003284454,0,22.6794837713242,3338.31545245647,250.459978580475,1009.9325992465,724.330915898085,534.672229409218,146.580666363239,2063.18964877725,31.1376486420631,163.76154884696,83.2966158986092,353.687421619892,172.069428622723,795.748600780964,234.345825642347,468.894022077322,103.37326157093,61.4029242396355,242.825972914696,44.7914609611034,138.088227421045,23.3499661684036,78.0846830308437,136.779806822538
0,0,0,0,0,0,0,0,0,0,0,0,0,0,0,0,0,0,0,0,0,0,0,0,0,0,0,0,0,0,0,0,0,0,0,0,35.5452419817448,11.4207491874695,53.2954415977001,33.4647310972214,0.394272327423096,0,0,0,0,0,0,0,0,0,0,0,0,0,0,0,0,0,0,0,0,0,0,0,0,0,0,0,0,0,6.72323712706566,4.30392926931381,7.39440625905991,1.36309206485748,20.5098750293255,23.3552874922752,108.237704068422,14.2601564526558,0,0,0,0,0,0,0,0,0,0,0,0,3123.62405863404,22.6794837713242,0,10.5215963423252,453.042025268078,169.459110617638,1015.88028052449,37.7240701913834,378.504484444857,44.0948522090912,2241.61481818557,12.6367244720459,1536.44223371148,26.4625951647758,1326.3937022686,49.8671579957008,330.005782306194,70.4931192696095,56.4893510639668,35.0116029977798,122.834209442139,34.8809399604797,194.238115847111,17.0883970558643,3.45968133211136,35.355691164732
0,0,0,0,0,0,0,0,0,0,0,0,0,0,0,0,0,0,0,0,0,0,0,0,0,0,0,0,0,0,0,0,0,0,0,0,52.8145817220211,19.7623596191406,155.822601497173,34.8660021424294,0,0,0,0,0,0,0,2.3606162071228,0,0,0,0,0,0,0,0,0,0,0,0,0,0,0,0,0,0,0,0,0,0,3.86163079738617,12.4193533062935,8.00587099790573,8.36259400844574,96.3962992429733,49.0549346804619,35.6113257110119,88.6928375661373,0,0,0,0,0,0,0,0,0,0,0,0,52.8215543329716,3338.31545245647,10.5215963423252,0,166.155510604382,653.771952062845,340.688584506512,313.853156358004,120.565677553415,431.418026268482,19.7153445780277,1256.50728309155,57.0292465686798,1464.00950208306,146.677920758724,1578.82198539376,167.79958704114,378.763084948063,153.407688885927,128.405999273062,381.988987088203,47.4784973561764,214.03065225482,98.4869566261768,126.598790794611,182.567039579153
172.923517972231,5.35368031263351,33.5664387643337,3.00757777690887,0.379643678665161,0,20.613160520792,1.72124415636063,0.981871455907822,0,17.0735959410667,2.5531644821167,21.1930148899555,0.493815273046494,1.62099212408066,0.580859422683716,11.4882189035416,0.558764278888702,60.7075279057026,5.19524610042572,1.00466454029083,0,8.88969188928604,0,0,0,5.49098581075668,1.15937662124634,32.8295542001724,0,2.59707966446877,0.86399918794632,8.18796998262405,13.8972610831261,9.87077260017395,12.4195083975792,156.576808422804,24.6611919999123,89.9766689240932,17.5125151872635,1.15612989664078,0,9.31318843364716,0,25.9898867607117,0,33.3372315764427,6.39678162336349,44.1014014482498,0,38.8062892854214,0,8.32525336742401,0,8.85077744722366,0,136.312574893236,0,78.8344340920448,0,11.2415809035301,0,16.976085960865,0,2.56026834249496,0,139.393502771854,0,111.364495337009,0,272.323156028986,36.3204172253609,118.189131975174,4.49524039030075,245.323713958263,51.5893648266792,1013.72543475032,152.058131098747,1.10976028442383,0,5.14418935775757,0,4.34433722496033,0,4.35552954673767,0,2.82835972309113,0,8.26473963260651,0,468.370978593826,250.459978580475,453.042025268078,166.155510604382,0,230.525509953499,1351.29673269391,48.8710791766644,198.35191565752,72.4242415130138,201.465626388788,56.3553000092506,360.190061599016,104.453889489174,1391.46501123905,240.303243041039,318.816087394953,56.3733792603016,263.226015716791,620.380211532116,213.640557527542,52.2331300377846,120.582281202078,109.729955047369,43.6514944732189,166.437874495983
3.62884932756424,189.353941172361,1.02164888381958,101.705570757389,0,0.450971931219101,0,24.1404643952847,0,6.10526564717293,0.794980108737946,22.4564390778542,1.23592960834503,9.50836506485939,0.614429295063019,9.33799567818642,2.78578066825867,14.6138621866703,1.28672134876251,108.663419604301,0,0,0,8.84951281547546,0,0,0,5.45775616168976,0,8.83091199398041,1.9381440281868,2.65045660734177,2.88871735334396,28.74091142416,3.45273393392563,10.7193655669689,51.0131697058678,259.173763543367,185.664998292923,142.771601557732,0.438854902982712,3.00691819190979,3.03244388103485,45.760349214077,0,47.5470523834229,6.6833114027977,169.916099905968,0,46.3800998926163,0,30.0568632185459,0,14.4837324023247,0,11.675242960453,0,118.916460603476,0,113.446447879076,0,10.5583757758141,0,12.2690857648849,0,22.0585207343102,0,120.357050150633,0,68.1172121465206,22.089852899313,259.281434446573,17.8805520832539,94.6720136106014,72.9250749647617,381.105451911688,166.696974605322,964.094057798386,0,4.05789560079575,0,27.3826601803303,0.756568431854248,0.936425000429153,0,18.5357511639595,0,1.78814500570297,0,1.75552678108215,395.370585292578,1009.9325992465,169.459110617638,653.771952062845,230.525509953499,0,346.842889040709,1068.53078687191,131.255733966827,702.307213783264,89.810314565897,102.354699581861,121.708121657372,322.709119975567,217.828610360622,1373.59001162648,103.137286633253,215.27650231123,209.820438921452,981.258886814117,208.319551020861,24.7316833734512,62.7654642760754,52.8856487572193,48.3562474548817,132.629388481379
24.9293876886368,0,4.48703330755234,0,0.757442474365234,0,3.02487325668335,0,0,0,2.94492971897125,0,3.35531994700432,0,0,0,1.16112080216408,0,4.94890105724335,0,0.936209917068481,0,0.565188467502594,0,0,0,3.77122801542282,2.64541184902191,8.92738312482834,0,0,0,1.33684122562408,1.32111614942551,2.56972563266754,13.4652256965637,184.177854835987,28.2695570886135,137.624390125275,68.3073646128178,1.5376216173172,0,25.4170922338963,2.54628086090088,25.7951534986496,0,139.518947690725,4.43678259849548,27.0194370746613,0,26.4003027379513,0,10.4392057657242,0,13.8121565580368,1.48518812656403,37.4748936295509,0,38.7878674864769,0,4.66054207086563,0,9.60378938913345,0,4.11331921815872,0,78.0822272598743,1.16483664512634,15.975425183773,0,48.6639199852943,9.52053421735764,39.8075787425041,7.13243961334229,74.0499388873577,46.5002812147141,404.996715396643,28.5568414628506,0,0,9.59994399547577,0,2.94356048107147,0,3.32760500907898,0,3.13127791881561,0,5.55830186605453,0,2769.14127379656,724.330915898085,1015.88028052449,340.688584506512,1351.29673269391,346.842889040709,0,100.37362909317,2927.31139966846,226.978810697794,373.468395262957,123.678797513247,468.069148480892,214.797461003065,1490.0785176158,195.987589418888,555.387069880962,81.7379817068577,42.4098519682884,142.473962724209,697.945146739483,150.185125052929,213.329171448946,107.529729813337,16.0010270476341,42.0997304320335
0,0,0,0,0,0,0,0,0,0,0,0,0,0,0,0,0,0,0,0,0,0,0,0,0,0,0,0,0,0,0,0,0,0,1.8288049697876,1.11866128444672,24.4190314412117,27.7148230969906,28.7859781384468,43.5530830919743,0,0.514074623584747,3.9482598900795,72.9663473963737,0.791447162628174,18.8131186664104,2.58361166715622,138.450668483973,0,4.54587870836258,0,1.0952787399292,0,0.629487752914429,0,32.5494076609612,0,0,0,0,0,0,0,0,0,0,1.91502565145493,52.3062064647675,0,0,3.42259228229523,7.37076300382614,3.22885406017303,9.68609824776649,14.9484997391701,18.4844686090946,8.63670900464058,17.7776311337948,0,0,0,0,0,0.541965663433075,0,0,0,0.488793939352036,0,4.3413100540638,108.28942322731,534.672229409218,37.7240701913834,313.853156358004,48.8710791766644,1068.53078687191,100.37362909317,0,56.8803549110889,2534.40017181635,31.451599240303,29.2934406995773,39.9442094862461,100.622315138578,67.7255391180515,515.500020802021,64.2013780772686,290.918764650822,20.9864864945412,19.7171511352062,491.577055364847,120.637818574905,180.386071920395,42.076566696167,23.8863858580589,29.9321275055408
0,0,0,0,0,0,0,0,0,0,0,0,0,0,0,0,0,0,0,0,2.70951235294342,0,0,0,0,0,0,0,9.65228113532066,0,0,0,0,0,0,0,34.471218585968,16.6568343043327,42.5626491904259,13.6144019365311,4.6766185760498,0,156.314286708832,0,14.5518358945847,0,472.261772930622,0,10.6958557963371,0,6.44310879707336,0,29.6344312131405,0,204.419420748949,0,0,0,1.47043853998184,0,0,0,0,0,0.455027222633362,0,7.06673985719681,0,0,0,12.5572201609612,2.03817439079285,29.658867418766,0,17.7574059665203,15.685505926609,31.539009809494,6.69383120536804,0,0,1.40839797258377,0,1.20579314231873,0,4.99069494009018,0,0,0,23.5684993565083,0,2856.29371216893,146.580666363239,378.504484444857,120.565677553415,198.35191565752,131.255733966827,2927.31139966846,56.8803549110889,0,71.2508436739445,78.2591801285744,55.905378818512,127.75580072403,69.3621126711369,232.825025290251,83.6911619305611,260.74709919095,38.3331887125969,5.92512106895447,4.0036945939064,58.4650604724884,142.476903259754,155.813393890858,16.2257153987885,0,9.52833116054535
0,0,0,0,0,0,0,0,0,0,0,0,0,0,0,0,0,0,0,0,0,0,0,0,0,0,0,0,0,6.7551087141037,0,0,0,0,0.843573987483978,2.01136308908463,32.9351650774479,70.6105498969555,79.9297986328602,28.0257554650307,0,19.0461143255234,58.8485710024834,64.3556565642357,0,11.0867022275925,1.0464745759964,824.01074385643,0,14.7927823662758,0,12.0146667957306,0,89.2446080446243,0,480.000101834536,0,0,0,0,0,0,0,0,0,0.615446805953979,2.76166641712189,7.78147733211517,0,0,7.24733656644821,14.847129046917,2.91181546449661,75.9653107523918,37.6971843242645,34.3343309760094,8.92050474882126,38.7362861931324,0,2.09488224983215,0,6.60926911234856,0,1.57084798812866,0,14.2707615196705,0,3.84719699621201,0,32.1132817268372,142.262547433376,2063.18964877725,44.0948522090912,431.418026268482,72.4242415130138,702.307213783264,226.978810697794,2534.40017181635,71.2508436739445,0,64.6028278768063,26.3242043852806,76.3305294513702,107.497856229544,88.5884637236595,246.599267482758,79.1103113591671,502.859606325626,24.6913976371288,9.8107750415802,147.596627980471,164.712612211704,347.922729492188,34.8916607201099,14.5666743218899,32.7476915717125
0,0,0,0,0,0,0,0,0,0,0,0,0,0,0,0,0,0,0,0,0,0,0,0,0,0,0,0,0,0,0,0,0,0,0,0,18.4409602284431,19.0629155039787,26.3265383839607,18.5732571184635,0,0,0,0,0,0,0,0,0,0,0,0,0,0,0,0,0,0,0,0,0,0,0,0,0,0,0,0,0,0,8.58741790056229,0,2.45678925514221,0,12.5648347437382,12.3405765891075,36.5689265429974,7.65678983926773,0,0,0,0,0,0,0,0,0,0,0,0,579.373107016087,31.1376486420631,2241.61481818557,19.7153445780277,201.465626388788,89.810314565897,373.468395262957,31.451599240303,78.2591801285744,64.6028278768063,0,16.3922592699528,2706.8819142282,36.0051423311234,900.512715548277,51.4448027014732,386.043819457293,41.9290444254875,25.0305499136448,13.6047645509243,36.2039338052273,9.46903228759766,66.2655664086342,9.63212150335312,4.0678117275238,14.583159327507
0,0,0,0,0,0,0,0,0,0,0,0,0,0,0,0,0,0,0,0,0,0,0,0,0,0,0,0,0,0.821182608604431,0,0,0,0,0,0,28.6067760586739,15.4110877513885,45.0776950716972,8.54275715351105,0,0,0,0,0,0,0,0,0,0,0,0,0,0,0,0,0,0,0,0,0,0,0,0,0,0,0,0,0,0,3.58639031648636,2.24240827560425,8.12786877155304,1.18919435143471,34.9163603782654,13.8304182291031,8.13683706521988,21.0037831068039,0,0,0,0,0,0,0,0,0,0,0,0,48.4066832363605,163.76154884696,12.6367244720459,1256.50728309155,56.3553000092506,102.354699581861,123.678797513247,29.2934406995773,55.905378818512,26.3242043852806,16.3922592699528,0,51.2385727465153,1642.84622994065,63.777663141489,589.541862130165,71.9005094468594,150.518816649914,18.7807794511318,3.44222244620323,14.6228860020638,7.77402275800705,12.6932161152363,20.2689937651157,14.5938339829445,27.2610451877117
0,0,0,0,0,0,0,0,0,0,0,0,0,0,0,0,0,0,0,0,0,0,0,0,0,0,0,0,0,0,0,0,0,0,0,0,35.9054143428802,11.706549435854,34.7424150109291,26.9188051819801,0,0,0,0,0,0,0,0,0,0,0,0,0,0,0,0,0,0,0,0,0,0,0,0,0,0,0,0,0,0,12.0267816781998,0.891759216785431,13.9961792826653,0,15.8807001709938,29.1350457370281,72.8640019893646,20.1870552003384,0,0,0,0,0,0,0,0,0,0,0,0,480.02605137229,83.2966158986092,1536.44223371148,57.0292465686798,360.190061599016,121.708121657372,468.069148480892,39.9442094862461,127.75580072403,76.3305294513702,2706.8819142282,51.2385727465153,0,144.319020092487,6545.82571026683,156.299345940351,379.46115860343,84.1463874280453,90.7886080145836,103.06501865387,279.495936065912,78.5639163851738,201.746920615435,841.864204198122,121.118844896555,99.3336351215839
0,0,0,0,0,0,0,0,0,0,0,0,0,0,0,0,0,0,0,0,0,0,0,0,0,0,0,0,0,0,0,0,0,0,0,0,32.4406901597977,29.1008756160736,79.1272795796394,18.0600309073925,0,0,0,0,0,0,0,1.33210450410843,0,0,0,0,0,0,0,0,0,0,0,0,0,0,0,0,0,0,0,0,0,0,5.85454976558685,18.3335979282856,5.33478713035583,2.87023034691811,74.0575512647629,29.3896036744118,15.5714222490788,59.3613297641277,0,0,0,0,0,0,0,0,0,0,0,0,96.06039249897,353.687421619892,26.4625951647758,1464.00950208306,104.453889489174,322.709119975567,214.797461003065,100.622315138578,69.3621126711369,107.497856229544,36.0051423311234,1642.84622994065,144.319020092487,0,137.24131372571,5933.11202839017,149.908248871565,311.482655704021,87.0196016728878,67.5807938575745,216.830449491739,42.0364451408386,178.570076137781,470.352766752243,131.968686968088,93.7188751995564
3.58063417673111,0,0,0,0,0,0.625165641307831,0,0,0,0,0,1.5698903799057,0,0,0,0,0,0,0,1.4646430015564,0,0,0,0,0,0,0,7.08932286500931,0,0.55916690826416,0,1.86556160449982,0,1.81296968460083,0,65.7392369508743,21.6714700460434,54.9597077071667,33.7795164585114,0,0,0,0,0,0,0.868532598018646,0.978814840316772,0,0,0,0,0,0,0,0,8.63043338060379,0,0,0,0,0,2.00122529268265,0,0,0,0.936534583568573,0,0.649409592151642,0,86.5199933350086,23.4601670503616,46.9073621034622,9.35471040010452,116.746032357216,48.4299133718014,472.495402157307,108.095639109612,0,0,0,0,0,0,0,0,0.544736444950104,0,0,0,1035.10636812449,172.069428622723,1326.3937022686,146.677920758724,1391.46501123905,217.828610360622,1490.0785176158,67.7255391180515,232.825025290251,88.5884637236595,900.512715548277,63.777663141489,6545.82571026683,137.24131372571,0,1039.45743170381,798.661447495222,85.1139209568501,300.544821232557,120.985000133514,450.883862704039,142.851634919643,203.975672334433,125.831074386835,214.059374213219,532.823630988598
0,0.428172677755356,0,0.751177787780762,0,0,0,0,0,0,0,0,0,0,0,0,0,1.02959012985229,0,0.536552011966705,0,0,0,0,0,0,0,0,1.73262345790863,0,0,0,0,0,0,0,40.2729465961456,23.6171293854713,45.4696533977985,26.514223664999,0.751115083694458,0,0,0,0,0,0.562305688858032,7.71514135599136,0,0,0,0,0,0,0,0,0,1.25506007671356,0,0,0,0,0,0,0,0,0,0,0,0,9.24015259742737,34.6798013746738,13.7021346986294,20.0061338841915,55.791198849678,46.826058357954,115.634779065847,264.466630965471,0,0,0,3.63017237186432,0,0,0,0,0,0,0,0,131.444626420736,795.748600780964,49.8671579957008,1578.82198539376,240.303243041039,1373.59001162648,195.987589418888,515.500020802021,83.6911619305611,246.599267482758,51.4448027014732,589.541862130165,156.299345940351,5933.11202839017,1039.45743170381,0,127.946061313152,500.23748382926,429.80945417285,126.478742063046,698.205602198839,98.8039156496525,128.80378228426,200.260278582573,1036.07318562269,633.499211609364
8.93091094493866,0,0,0,0,0,0,0,0,0,0.464223116636276,0,0,0,0,0,0,0,0,0,0,0,0,0,0,0,2.55620288848877,0.75502735376358,4.84660428762436,1.27398824691772,0,0,1.13305759429932,0,0.680066645145416,0,43.605801820755,36.3425158262253,57.8912858664989,29.5993057787418,0,0,0,0,0,0,0,0,0,0,0,0,0,0,1.76852345466614,0,19.6131938695908,1.33041799068451,1.44846200942993,0,1.72530007362366,0,0.616312205791473,0,0,0,3.4282009601593,0,2.0964982509613,0,42.0280301570892,20.5542385876179,24.1456113755703,10.3490472733974,71.7353123128414,57.9998265206814,83.0679116249084,38.467635422945,1.69686353206635,0,0,0,0,0,0.656811892986298,0,0,0,0,0,621.531725525856,234.345825642347,330.005782306194,167.79958704114,318.816087394953,103.137286633253,555.387069880962,64.2013780772686,260.74709919095,79.1103113591671,386.043819457293,71.9005094468594,379.46115860343,149.908248871565,798.661447495222,127.946061313152,0,103.224246114492,30.3689667284489,7.93367034196854,122.551574975252,39.2920480668545,58.877437710762,12.1915625929832,9.49628767371178,38.2135132849216
0,5.89660042524338,0,0,0,0,0,0,0,0,0,0,0,0,0,0,0,0,0,1.81082391738892,0,0,0,0,0,0,0,0,0,0,1.01646220684052,0,1.7905433177948,3.52468407154083,0,0,25.6371312439442,21.6241598129272,38.5783769488335,21.4602133631706,0,0,0,1.45313811302185,0,0,0,0.921096861362457,0,0,0,0,0,0,0,0,0,1.76474022865295,0,0,0,0,0,0,0,0,0,0,0,0,15.1477216482162,13.5765717625618,4.64807933568954,7.68826454877853,35.6004864573479,26.3238279223442,18.9287447333336,34.0062794089317,0,0,0,0,0,0,0,0,0,0,0,0,110.465045124292,468.894022077322,70.4931192696095,378.763084948063,56.3733792603016,215.27650231123,81.7379817068577,290.918764650822,38.3331887125969,502.859606325626,41.9290444254875,150.518816649914,84.1463874280453,311.482655704021,85.1139209568501,500.23748382926,103.224246114492,0,35.3062053620815,3.72020137310028,60.9045244455338,13.6027290821075,23.2448747754097,15.2807675302029,7.6260649561882,62.5891340970993
20.3869580030441,19.0660740733147,5.42835801839828,24.5977163910866,0,0.598210155963898,11.4472318589687,8.48386245965958,0.595680832862854,0,9.99066233634949,6.38374626636505,13.2731187939644,3.80089545249939,1.9770290851593,0.645474791526794,1.94043034315109,3.9791299700737,20.7576856613159,22.114352107048,0,0,4.73044437170029,2.00022840499878,0.62847626209259,0,0,0,2.46612352132797,1.32186555862427,2.20915067195892,2.7893385887146,3.13080686330795,3.15982443094254,0,0,4.70902562141418,14.5047968327999,2.16517412662506,3.19240337610245,4.48694521188736,0,0,0,0,0,2.71289718151093,7.01452213525772,0,0,0.548382222652435,0,0,0,0,0,4.6055965423584,4.14641880989075,1.08898377418518,2.20205628871918,0,0,1.28206479549408,0,0,0.530261337757111,0,1.00968062877655,4.71663868427277,1.35872623324394,76.1006214618683,78.7473992705345,33.6943198740482,9.34545266628265,67.3104632198811,42.9226427972317,528.282839268446,563.164003044367,0,0,0,1.56875622272491,1.07451605796814,0,0,0,0,0,0,0,42.6208382546902,103.37326157093,56.4893510639668,153.407688885927,263.226015716791,209.820438921452,42.4098519682884,20.9864864945412,5.92512106895447,24.6913976371288,25.0305499136448,18.7807794511318,90.7886080145836,87.0196016728878,300.544821232557,429.80945417285,30.3689667284489,35.3062053620815,0,445.675137400627,84.4595570266247,31.5342284440994,92.7506821453571,161.428001105785,90.5207142531872,548.848730325699
4.33405721187592,15.8231003284454,1.54689204692841,16.0030632615089,0,0,0.691534578800201,1.32205510139465,0,1.31644785404205,0.790772914886475,1.16222453117371,1.23096263408661,0.889232099056244,0,0,1.6571398973465,1.49605083465576,8.40282166004181,6.14053291082382,0,0,0.564881205558777,0,0,0,0,0.733230769634247,1.57459592819214,0,0,0,0.940298020839691,0.793678879737854,1.1234678030014,1.82224768400192,38.6723669171333,24.5740215778351,3.29184883832932,3.5031366944313,0.820984601974487,0,0.774815082550049,0,0.627529978752136,1.49597507715225,101.24519687891,246.666413366795,2.4168872833252,2.50921016931534,1.13488402962685,3.94567257165909,0,2.13129830360413,0.908620715141296,0,7.53838521242142,7.63546419143677,4.79868042469025,12.3661507368088,0.717971384525299,0,2.63481342792511,1.63988727331161,1.34800958633423,1.77547270059586,9.20872241258621,14.5611917376518,7.08532398939133,0,26.0107234120369,26.8919278979301,12.9346132874489,5.13565534353256,16.3483738899231,36.1700214445591,509.764327645302,580.08048504591,0.737344682216644,0,0,0,0,0.704820394515991,0,0.903680205345154,1.76362293958664,0,0.95148092508316,0,17.7407587766647,61.4029242396355,35.0116029977798,128.405999273062,620.380211532116,981.258886814117,142.473962724209,19.7171511352062,4.0036945939064,9.8107750415802,13.6047645509243,3.44222244620323,103.06501865387,67.5807938575745,120.985000133514,126.478742063046,7.93367034196854,3.72020137310028,445.675137400627,0,361.319451808929,33.7497475743294,141.242933779955,348.133041083813,140.99261367321,248.495836824179
0,0,0,0,0,0,0,0,0,0,0,0,0,0,0,0,0,0,0,0,0,0,0,0,0,0,0,0,0,0,0,1.41148316860199,0,4.36345326900482,0,0,9.4220604300499,4.99194559454918,13.1613937616348,9.99749740958214,0,0,1.55362188816071,0,0,0,0,12.444747030735,0,0,0,0,0,0,0,0.817345440387726,1.26377844810486,0,0,0.944031119346619,0,0,0,0,0,0,0.85330468416214,9.37102061510086,0,0,2.10343831777573,3.1125767827034,1.22509837150574,1.74113661050797,15.0916712880135,9.51602771878242,14.0312243103981,16.0429174900055,0,0,0,0,0,0,0,0,0,0,0,0.433691948652267,96.1401099264622,242.825972914696,122.834209442139,381.988987088203,213.640557527542,208.319551020861,697.945146739483,491.577055364847,58.4650604724884,147.596627980471,36.2039338052273,14.6228860020638,279.495936065912,216.830449491739,450.883862704039,698.205602198839,122.551574975252,60.9045244455338,84.4595570266247,361.319451808929,0,414.37865459919,478.205497920513,556.165965884924,288.311116933823,246.538522988558
0,0,0,0,0,0,0,0,0,0,0,0,0,0,0,0,0,0,0,0,0,0,0,0,0,0,0,0,0.565351843833923,0,0,0,0,0,0,0,2.93785798549652,10.7581197321415,2.16293531656265,3.02195316553116,0,0.650239646434784,5.04512244462967,2.3529531955719,0,0,0,62.5991716384888,0,0,0,0,0,0,0,9.5760278403759,0,0,0,0,0,0,0,0,0,0,0.862000048160553,0,0,0,2.95038139820099,1.02413499355316,1.4278107881546,2.04435908794403,8.64089208841324,3.51602613925934,9.09630239009857,2.5800798535347,0,0,0,0.629436314105988,0,0,0,0,0,0,0,2.45664495229721,49.3217800855637,44.7914609611034,34.8809399604797,47.4784973561764,52.2331300377846,24.7316833734512,150.185125052929,120.637818574905,142.476903259754,164.712612211704,9.46903228759766,7.77402275800705,78.5639163851738,42.0364451408386,142.851634919643,98.8039156496525,39.2920480668545,13.6027290821075,31.5342284440994,33.7497475743294,414.37865459919,0,181.456253886223,378.282831668854,60.3681936860085,75.8789818584919
0,0,0,0,0,0,0,0,0,0,0,0,0,0,0,0,0,0,0,0,0,0,0,0,0,0,0,0,0,0,0,0,0,0,0,0,8.1546379327774,0,11.6405490636826,5.53592383861542,0,0,0,0,0,0,0,0,0,0,0,0,0,0,0,0,0,0,0,0,0,0,0,0,0,0,0,0,0,0,1.91207748651505,1.56560659408569,1.79280650615692,0.643837809562683,3.88286125659943,6.46878427267075,11.8875902593136,9.27151647210121,0,0,0,0,0,0,0,0,0,0,0,0,88.6835144162178,138.088227421045,194.238115847111,214.03065225482,120.582281202078,62.7654642760754,213.329171448946,180.386071920395,155.813393890858,347.922729492188,66.2655664086342,12.6932161152363,201.746920615435,178.570076137781,203.975672334433,128.80378228426,58.877437710762,23.2448747754097,92.7506821453571,141.242933779955,478.205497920513,181.456253886223,0,332.482167482376,92.9415516853333,234.68146315217
0,0,0,0,0,0,0,0,0,0,0,0,0,0,0,0,0,0,0,0,0,0,0,0,0,0,0,0,0,0,0,0,0,0,0,0,1.32084572315216,0,1.25123852491379,0,0,0,0,0,0,0,0,1.1123856306076,0,0,0,0,0,0,0,0,0,0,0,0,0,0,0,0,0,0,0,0,0,0,1.86725431680679,0.700331270694733,0.709330379962921,0,6.87504464387894,2.62503373622894,12.2943615913391,9.25131422281265,0,0,0,0,0,0,0,0,0,0,0,0,9.85640966892242,23.3499661684036,17.0883970558643,98.4869566261768,109.729955047369,52.8856487572193,107.529729813337,42.076566696167,16.2257153987885,34.8916607201099,9.63212150335312,20.2689937651157,841.864204198122,470.352766752243,125.831074386835,200.260278582573,12.1915625929832,15.2807675302029,161.428001105785,348.133041083813,556.165965884924,378.282831668854,332.482167482376,0,390.112005740404,370.140283346176
0.505294799804688,0,0,0,0,0,0,0,0,0,0,0,0,0,0,0,0,0,0,0,0,0,0,0,0,0,0,0,0,0,0,0,0,0,0,0,0,0,1.01634156703949,0,0,0,0,0,0,0,0,0,0,0,0,0,0,0,0,0,0,0,0,0,0,0,0,0,0,0,0,0,0,0,2.99152708053589,4.03668355941772,1.88922357559204,0,3.58166003227234,1.51713410019875,12.6509242653847,20.2445895373821,0,0,0,0,0,0,0,0,0,0,0,0,7.67784982919693,78.0846830308437,3.45968133211136,126.598790794611,43.6514944732189,48.3562474548817,16.0010270476341,23.8863858580589,0,14.5666743218899,4.0678117275238,14.5938339829445,121.118844896555,131.968686968088,214.059374213219,1036.07318562269,9.49628767371178,7.6260649561882,90.5207142531872,140.99261367321,288.311116933823,60.3681936860085,92.9415516853333,390.112005740404,0,210.884568333626
3.61513984203339,2.18433862924576,0,0.60460764169693,0,0,0.785345315933228,0.627666532993317,0,0,1.1674656867981,0,0,0,0.900859534740448,0,0,0,0,0,0,0,0,0,0,0,0.684374272823334,0,0.758112549781799,0,0,0.769008576869965,0,0.663664042949677,1.65406787395477,0,4.1396644115448,6.49471402168274,8.78959703445435,5.73396849632263,1.3681812286377,0,0,0,0,0,1.76408138871193,2.99424469470978,0,0,0,0,0,0,0,0,2.60616630315781,4.11372148990631,0,0,0,0,0,0,0,0,0,0,0,0,26.0567390322685,20.0734215080738,6.48398584127426,7.31146895885468,31.4384928941727,17.6304593384266,157.671121001244,147.53602334857,0,0.382801294326782,0,0,0,0,0,0,0,1.35701107978821,0,0,37.3899984061718,136.779806822538,35.355691164732,182.567039579153,166.437874495983,132.629388481379,42.0997304320335,29.9321275055408,9.52833116054535,32.7476915717125,14.583159327507,27.2610451877117,99.3336351215839,93.7188751995564,532.823630988598,633.499211609364,38.2135132849216,62.5891340970993,548.848730325699,248.495836824179,246.538522988558,75.8789818584919,234.68146315217,370.140283346176,210.884568333626,0
