0,547.465727686882,3706.29341286421,434.131853044033,0.429385125637054,0,5556.21695241332,184.259459286928,4.84611293673515,0,3568.82372954488,27.8670346140862,1563.22943860292,0,39.286926984787,0,736.908473789692,25.6133711338043,833.206510454416,1367.57428118587,0,1.43253612518311,20.3996796607971,0.827695786952972,0,0,1.35847663879395,0,834.823517858982,2.75443509221077,84.110255241394,16.7421378195286,167.61644423008,266.945603191853,4.31939715147018,1.90068787336349,451.829348325729,23.7160651385784,97.9469922184944,6.05173492431641,1.63874232769012,0,0,0,1.40601432323456,0,1.69869673252106,1.89223623275757,2.94345635175705,0,202.596342891455,0,158.961906403303,0,52.4427179992199,0,9721.36113157868,67.8850296139717,775.251087099314,1.97132766246796,1202.47350338101,1.71372997760773,221.397452294827,0,310.829429268837,0,388.840466886759,40.0715334713459,1594.34153142571,139.035764783621,2700.44181936979,139.748389214277,2990.11416754127,76.966020822525,934.006376177073,25.9714893996716,3299.68604809046,218.626892596483,20.9423790574074,0,214.637390583754,0,32.1284765601158,0,908.092423915863,0,0,0,861.125364840031,0,0,0,0,0,210.26790201664,5.89456659555435,4.17820191383362,0,2.72482645511627,0,0,0,2.57921075820923,0,9.18195560574532,0,3.21100723743439,0,8.813227891922,7.13129818439484,0,0,0,0,0,2.62612023949623
547.465727686882,0,236.481394708157,4649.25902086496,0,2.35928177833557,31.4605841934681,3640.7292046845,0,1.95781058073044,32.5745773613453,2735.34990713,2.22271060943604,236.751904815435,0,21.7204990983009,25.6806485950947,634.534370303154,459.130600333214,3620.19075775146,0,0,1.20500183105469,8.28494018316269,0,0,0,0,16.9416519701481,202.95046082139,21.4668857455254,14.4844890832901,108.694990426302,199.560678958893,0,0,8.9801265001297,95.1678788363934,7.75699305534363,31.6669747829437,0,1.3128080368042,0,0,0,2.25764757394791,0,4.34625053405762,0,18.6320457458496,0,104.779389441013,0,0,0,8.3656809926033,69.8116253912449,11518.2690218687,0.550588667392731,489.628938555717,0.68781453371048,499.719835937023,1.20656695961952,101.275735169649,0,810.444133520126,55.0717475712299,70.2944200634956,252.567332983017,1196.83885702491,150.91223013401,1757.91221818328,107.332998096943,2523.02721732855,31.6737533211708,892.81028714776,149.520883053541,5140.42084521055,0,20.1227779388428,0,73.1041734814644,2.15922757983208,0,0,536.677469611168,0,0,0,293.142803996801,0,0,0,0,7.78199112415314,302.639550089836,0,0,0,0,0,0,0,0,0,5.49969297647476,0,4.29350757598877,47.0683379769325,4.3673797249794,0,0,0,0.892746925354004,0,10.2600373029709
3706.29341286421,236.481394708157,0,608.261815518141,624.700266003609,34.2711356580257,9002.36818176508,551.437723964453,544.376312047243,95.9769839048386,798.55103507638,117.791488200426,1374.54500645399,159.414002865553,329.041610836983,62.6626591384411,375.505826801062,27.8947949111462,2137.75900992751,901.725571364164,3.14035242795944,2.37351429462433,3201.69441983104,974.995353966951,111.57525447011,93.202723056078,28.3098336458206,12.3044386804104,544.678692400455,23.9648481011391,737.182111471891,650.341511845589,317.982873499393,309.556814223528,13.7767190933228,0.804043173789978,78.4138077497482,1.21075540781021,8.63498872518539,0,3.88365250825882,0,3.23212492465973,0,0,0,0,0.52010840177536,0.662416696548462,0,28.4637180566788,0,0,0,0,0,183.413443535566,12.5852189958096,184.646677017212,0,44.5815823674202,0,20.4462654590607,0,20.5982369184494,0,715.621120661497,2.31422227621078,312.588446289301,9.44429489970207,1313.88135412335,589.482022792101,1891.59145495296,278.348034322262,448.880800545216,43.394787967205,1809.46600645781,217.299031466246,3.58806627988815,0,47.8013754487038,0,32.0063873529434,0,31.6052725315094,0,0,0,4.06883335113525,0,0,0,0,0,123.512061774731,6.56117457151413,2.66308748722076,0,0,0,0,0,0.495354562997818,0,2.01270604133606,0,2.00971448421478,0,12.646640598774,4.39799892902374,0.355630815029144,0,0,0,0,2.88335633277893
434.131853044033,4649.25902086496,608.261815518141,0,38.2101429402828,603.744524866343,354.568269044161,16323.5662456751,66.0902591943741,621.271395176649,100.920397490263,1534.1510296464,133.904573827982,631.35226520896,74.6101894080639,298.246794641018,42.6707700788975,398.99038001895,571.924494802952,5461.37002378702,0.896924734115601,4.05019569396973,372.519225001335,3953.03019785881,31.7724354863167,170.295813143253,15.4780933558941,27.9384812116623,51.0747131705284,209.066511720419,231.650529384613,466.41230866313,134.500882297754,258.493330925703,0,6.59234941005707,4.83580362796783,47.8756041526794,0,4.11591553688049,1.11529362201691,2.22929948568344,0,0,0,0,0,5.43524193763733,0,20.180674880743,0,149.838557630777,0,0,0,1.19353830814362,33.7205853760242,382.051759272814,0,145.86827391386,0,48.9446524977684,0,20.3348413109779,0.841515809297562,241.103705525398,10.2617081403732,113.957467406988,34.8587662279606,220.04807433486,308.429838389158,2013.6075771451,220.715422123671,2090.75049069524,44.9528083503246,662.683208197355,163.542850285769,2620.67890834808,0,14.2123306393623,0,14.49552744627,2.08539044857025,0,0.854459464550018,117.494814664125,0,0,0,100.27690705657,0,0,0,0,2.6917445063591,145.03204330802,0,0,0,0,0,0,0,0,0,0.693589925765991,0,0,59.2992841899395,0.674797713756561,0,0,0,0,0,6.60635489225388
0.429385125637054,0,624.700266003609,38.2101429402828,0,115.131162256002,351.751943707466,33.2151007652283,2636.44716519117,78.1265870630741,1.28268384933472,0,27.5268604755402,3.27902340888977,2023.58356109262,152.91762727499,0.894504249095917,0,0,0,177.005250275135,30.2028387188911,254.82635051012,194.428156971931,463.593680769205,330.037714153528,1567.7356877923,129.670893847942,426.149474769831,4.646763920784,227.935623049736,158.835815370083,28.6156223714352,2.67548698186874,2.33776161074638,0,1.84772682189941,0,0,0,31.6673490405083,0,1.91971170902252,0,0,0,0.854783356189728,0,0,0,0,0,0,0,2.88287281990051,0,0,0,0,0,0,0,0,0,0,0,0.762472033500671,0,0,0,986.422063261271,161.729674398899,959.52071300149,37.1798377335072,22.5229386687279,0,35.9031202793121,0,0,0,0,0,15.6962451338768,0,2.06248021125793,0,2.88025659322739,0,4.03928512334824,0,0,0,0,0,0,0,0,0,0,0,0,0,0,0,0,0,0,0,0,0,0,0,0,0,0,0
0,2.35928177833557,34.2711356580257,603.744524866343,115.131162256002,0,10.1360048651695,588.769812941551,52.0884342491627,2443.48172152042,0,11.6614825129509,0,27.2176450490952,53.2663978636265,1767.26462522149,0,0.970233380794525,0,2.37078279256821,19.430111259222,302.469081580639,61.8312049508095,198.703486382961,129.534926056862,629.65731421113,192.836926937103,2049.73146981001,1.17493224143982,262.369891792536,93.6369642317295,123.364682585001,5.19010931253433,9.05385264754295,0,0.954243838787079,0,0.574260830879211,0,0,0,34.8057078123093,0,0,0,0,0,1.21751570701599,0,0,0,0,0,0,0,0,0,0,0,0,0,0,0,0,0,0,0,0,0,0,159.334557563066,1175.29333475232,19.2284331917763,1268.95141914487,0,23.060760140419,0.604344427585602,69.5304653048515,0,0,0,0,0,1.31184077262878,0,0,0,1.82831370830536,0,0.634715974330902,0,0,0,0,0.932262182235718,0.531128585338593,0,0,0,0,0,0,0,0,0,0.402159601449966,0,0,0,0,0,0,0,0,0,1.24614775180817
5556.21695241332,31.4605841934681,9002.36818176508,354.568269044161,351.751943707466,10.1360048651695,0,377.412066191435,509.153143554926,32.1262544393539,1847.49334663153,139.064879447222,7695.17710286379,107.416018903255,314.075036197901,23.9377661943436,164.906179994345,12.1688426136971,632.901548147202,543.675147742033,0,0.588846683502197,776.863928496838,514.762443482876,30.525882422924,12.6507996022701,17.7287781834602,4.29307860136032,499.616045325994,23.8813245594501,394.219172716141,402.036332279444,99.4774782955647,215.805578529835,3.96651250123978,1.11843109130859,44.4849402308464,2.05081653594971,6.24015814065933,0,0,0,0.466744512319565,0,1.4820202589035,0,0,0,0.708990275859833,0,120.207250803709,0,26.1452070176601,0,10.3011183738708,0,171.279404461384,1.69618093967438,225.810333490372,0,218.968074917793,0,45.4165575802326,0,81.4264744520187,0,212.657141178846,6.08491724729538,54.5471109747887,2.44780457019806,1395.80629348755,390.90684401989,1258.1274073422,168.67933639884,266.794523864985,46.9236421883106,1028.42092168331,151.036304950714,9.36631095409393,0,46.6905480623245,0,14.9847548604012,0,125.587168544531,0,0,0,115.569802701473,0,0,0,0,0,37.2832236588001,0,0,0,0,0,0,0,0,0,0.545143961906433,0,0.517645657062531,0,12.4331532716751,1.27212977409363,0,0,0,0,0,0
184.259459286928,3640.7292046845,551.437723964453,16323.5662456751,33.2151007652283,588.769812941551,377.412066191435,0,69.3929767608643,1438.53401845694,58.0154913663864,1672.59175598621,151.156212180853,3631.0991293788,79.8138033747673,466.130376935005,14.5717400610447,76.2597118020058,388.360456943512,1227.32558658719,0,0,379.491078525782,1144.75599852204,11.3160693347454,77.6738995611668,6.81160649657249,27.4668804109097,40.5516763031483,69.8072909712791,261.366959899664,435.76280978322,82.0510093271732,301.313469469547,0,6.10032021999359,0.756732881069183,12.6767922341824,0.575704514980316,0,0,1.16845041513443,0,0,0,0.606719553470612,0,1.81515634059906,0,2.71710461378098,0,89.0564235746861,0,0,0,3.25595289468765,6.11903074383736,890.719052225351,1.46507447957993,42.941985398531,0,376.518140107393,0,57.1583235859871,0,811.090990424156,4.32584974169731,25.8391563892365,22.0538900494576,17.5766795575619,299.696539342403,2257.98283174634,185.589557617903,871.108896940947,33.6721970438957,260.413757145405,94.8641581535339,959.633825153112,0,1.16818225383759,0.639612853527069,28.0627412796021,1.7651247382164,0,0,1141.38480380177,0,0,0,601.584328263998,0,0,0,0,0,21.0244168043137,0,0,0,0,0,0,0,0,0,0,0,0,8.91033992171288,0,0,0,0,0,0,0
4.84611293673515,0,544.376312047243,66.0902591943741,2636.44716519117,52.0884342491627,509.153143554926,69.3929767608643,0,81.4814161658287,13.3134921491146,0,440.586085557938,13.0624018311501,3036.06315141916,98.6645848751068,0,0,9.39847519993782,0,29.8336718082428,18.6755212843418,173.009803652763,296.612531125546,129.18192076683,221.026701837778,360.770393908024,61.5327825248241,235.920816212893,2.41031855344772,175.004550546408,168.17551985383,20.0952100157738,13.0168182253838,0.697540521621704,0,3.92689475417137,0,0.575867831707001,0,26.9230181574821,0,0,0,0,0,0,0,0,0,0,0,0,0,0,0,0,0,0,0,0,0,0,0,0,0,0,0,0,0,1089.6794654429,146.039539575577,1343.79424268007,47.6428797543049,45.326803535223,1.19294938445091,183.117073148489,1.49131321907043,0,0,0.688791275024414,0,0.770150899887085,0,0,0,0.991024196147919,0,0.831349790096283,0,0,0,0,0,5.49744689464569,0,0,0,0,0,0,0,0,0,0,0,0,0,2.9905763566494,0.722510874271393,0,0,0,0,0,2.77788591384888
0,1.95781058073044,95.9769839048386,621.271395176649,78.1265870630741,2443.48172152042,32.1262544393539,1438.53401845694,81.4814161658287,0,0,37.5163362026215,4.00044876337051,420.439596772194,72.6631406545639,2005.96746376157,0,0.81484442949295,0,25.0256510972977,0.554377257823944,37.2362560033798,115.606605529785,348.216119796038,95.1096396446228,346.359490901232,53.5788957774639,524.33219614625,3.65274572372437,68.4434867799282,67.7613151371479,196.422966212034,1.23627555370331,24.2174174785614,0,0,0,1.60902678966522,1.67800414562225,0,0,5.69492667913437,0,0,0,0,0,0,0,0,0,0,0,0,0,0,0,2.762002825737,0,0,0,0,0,0.776997804641724,0,0,0,0,0,0,172.984794080257,1460.89909973741,42.6233977973461,1045.68215465546,1.95304065942764,62.3424556851387,0,191.903916031122,0,0,0,0,0,0,0,0,0,0,0,0,0,0,0,0,0,8.05213990807533,0,0,0,0,0,0,0,0,0,0,0,0,3.60133749246597,1.34087824821472,0,0,0,0,0,0
3568.82372954488,32.5745773613453,798.55103507638,100.920397490263,1.28268384933472,0,1847.49334663153,58.0154913663864,13.3134921491146,0,0,45.794803828001,1847.13568776846,3.06210514903069,153.700940161943,0,1433.50459384918,7.00023946166039,699.121185570955,460.287625163794,0,0,69.5103217065334,12.617843657732,1.09922230243683,0,0,0,1256.48059248924,17.7949589788914,188.366692125797,71.6435411572456,103.838183373213,117.509502977133,1.5073054432869,0,37.3585936427116,0.418250501155853,5.62869161367416,0,0,0,0.996535778045654,0,0,0,0,0,1.46945595741272,0,23.061372846365,0,22.9290688037872,0,3.1850648522377,0,396.245544612408,1.76806935667992,68.732775747776,0,442.757624447346,0,369.833347529173,0,50.0267551541328,0,95.3213481605053,1.3305270075798,141.346417963505,2.53595846891403,725.184584677219,64.6129824519157,582.84606730938,38.981249243021,115.293027460575,10.2477558255196,414.395165205002,48.7451604604721,32.143471121788,0,815.818384081125,0,54.3619740605354,0,879.15895190835,0,0,0,289.750070422888,0,0,0,0,0,25.4907324612141,0,0.714249968528748,0,0,0,0,0,0,0,0.653332591056824,1.20024883747101,0,0,4.39677965641022,0,2.43608713150024,0,0,0,0,0
27.8670346140862,2735.34990713,117.791488200426,1534.1510296464,0,11.6614825129509,139.064879447222,1672.59175598621,0,37.5163362026215,45.794803828001,0,75.6750265359879,2629.90535733104,4.84429532289505,259.628046989441,3.2234383225441,1154.51355153322,244.146583467722,1296.20498907566,0,0,96.9277953803539,184.469536036253,0,3.46652328968048,0,2.11718958616257,23.5408324897289,761.762530893087,147.168083816767,221.941723078489,51.8719853162766,137.902141779661,0,2.05368000268936,0,4.61794865131378,0,0,0,0,0,1.76029485464096,0,0,0,0,0,1.62831443548203,0,14.6126191318035,0,0,0,0,0.423038631677628,337.71533998847,0,59.0817136764526,0,387.13369590044,0,226.738222658634,0,336.867774039507,0,25.2708588242531,0,23.0972138941288,98.4045833945274,899.410224318504,57.8589397370815,1273.00005427003,9.23800066113472,109.204907894135,46.5783777236938,414.553431123495,0,2.90731608867645,0,123.986226707697,1.20604145526886,0,0,380.857331335545,0,0,0,105.04183024168,0,0,0,0,0,11.3729626238346,0,0,0,0,0,0,0,0,0,0.470157414674759,0,0,4.4344687461853,0,0,0,0,0,0,0.898377418518066
1563.22943860292,2.22271060943604,1374.54500645399,133.904573827982,27.5268604755402,0,7695.17710286379,151.156212180853,440.586085557938,4.00044876337051,1847.13568776846,75.6750265359879,0,38.7142790257931,3900.35094428062,3.32682371139526,143.078402340412,1.25753533840179,438.727145880461,259.690996438265,0,0,364.881137311459,214.89882043004,10.3232650756836,0,2.56641757488251,0,2325.15913257003,11.4223036468029,327.206025332212,241.76003164053,120.363898903131,141.66483104229,3.17939287424088,0,15.5566640198231,0,3.02392530441284,0,0,0,3.55160945653915,0,0,0,0,0,0,0,18.8952938020229,0,12.1281567811966,0,2.76436597108841,0,93.8541790246964,0,14.5829440951347,0,162.579600304365,0,122.373389184475,0,48.0844876170158,0,23.270082205534,0,44.8416726589203,0,1328.84218767285,181.150485754013,1266.9266808331,85.4315794706345,184.124033093452,21.156691879034,747.492707520723,46.3903920352459,15.0871741771698,0,248.561556398869,0,8.32175517082214,0,263.538536012173,0,0,0,163.74426561594,0,0,0,0,0,20.6600476503372,2.87360882759094,0,0,0,0,0,0,0,0,0,0,0,0,6.62127581238747,0.927058815956116,0,0,0,0,0,0
0,236.751904815435,159.414002865553,631.35226520896,3.27902340888977,27.2176450490952,107.416018903255,3631.0991293788,13.0624018311501,420.439596772194,3.06210514903069,2629.90535733104,38.7142790257931,0,10.7819032073021,1777.77107492089,0,75.5833188295364,39.4063348472118,297.659798294306,0,0.770117044448853,126.03574103117,279.489612281322,2.36507558822632,11.3050462305546,2.31680828332901,8.09464037418365,4.01215669512749,992.717485785484,80.5252056121826,183.880740135908,12.6123886108398,107.180660963058,0,3.12392058968544,0,9.04272568225861,0,0,0,0.929278135299683,0,0,0,0,0,3.69506520032883,0,0.711449861526489,0,3.2102980017662,0,0,0,0,0,49.58287987113,0,5.82361888885498,0,92.2227081358433,0,54.1731555759907,0,86.7175513207912,0,3.23714777827263,0,1.06555378437042,81.0820052921772,974.131184488535,35.6148356497288,1647.09857937694,3.1434810757637,182.377583801746,9.4469920694828,501.134540557861,0,0,0,28.679753869772,0,0,0,70.5805765986443,0,1.30287432670593,0,4.0213041305542,0,0,0,0,0,20.9585653841496,0,0,0,0,0,0,0,0,0,0.524862945079803,0,0,8.15196317434311,0,0,0,0,0,0,0
39.286926984787,0,329.041610836983,74.6101894080639,2023.58356109262,53.2663978636265,314.075036197901,79.8138033747673,3036.06315141916,72.6631406545639,153.700940161943,4.84429532289505,3900.35094428062,10.7819032073021,0,81.9232085645199,12.8159451782703,0,60.7049567997456,8.98752331733704,42.2912325263023,16.2100231051445,185.664086103439,244.964891374111,107.563817799091,162.721083819866,553.511908918619,49.7046275138855,3060.23004570603,3.95962172746658,201.045750617981,177.918278217316,23.2550230622292,18.6892637610435,2.50619721412659,0,9.1496262550354,0,1.20452868938446,0,33.139842569828,0,0,0,0,0,1.00730872154236,0,0,0,1.31235003471375,0,0,0,0,0,8.07421684265137,0,0,0,0,0,0,0,0,0,0.732145428657532,0,1.9309960603714,0,2446.2245862186,177.230346769094,3783.63066443801,36.1120042800903,248.155303359032,5.6472806930542,975.209803342819,5.00844824314117,2.52935039997101,0,12.9070298075676,0,19.157311975956,0,0,0,2.92337614297867,0,0.673646569252014,0,0,0,0,0,32.3284033238888,2.34602856636047,1.22266137599945,0,0,0,0,0,0,0,0.423426300287247,0,0,0,13.6836327910423,0.847156643867493,0,0,0,0,0,1.74971413612366
0,21.7204990983009,62.6626591384411,298.246794641018,152.91762727499,1767.26462522149,23.9377661943436,466.130376935005,98.6645848751068,2005.96746376157,0,259.628046989441,3.32682371139526,1777.77107492089,81.9232085645199,0,0,19.5726877450943,0.809826970100403,50.580326795578,7.1538360118866,159.871546566486,93.1820817291737,303.859119057655,142.763513237238,260.442291766405,105.027740865946,598.1663159132,4.52484348416328,1950.22238996625,98.1659961342812,236.692028194666,2.54072284698486,18.6683092713356,0,0,0,5.91406720876694,0,2.74641394615173,0.616251528263092,49.6515786647797,0,0,0,0,0,2.09854978322983,0,0,0,0,0,0,0,1.06739819049835,0,7.35705882310867,0,0,0,0,0,8.13978147506714,0,1.25423699617386,0,0.609280288219452,0,0,222.765269935131,1927.36525568366,32.0421836674213,4210.42109721899,0,160.975515991449,1.83205330371857,364.310549110174,0,0,0,1.89984333515167,0,5.96375012397766,0,1.68098694086075,0,1.21550893783569,0,0,0,0,0,0,4.15217423439026,5.67651271820068,0,0,0,0,0,0,0,0,0,0,0,0,5.67556482553482,0,0,0,0,0,0,1.14141297340393
736.908473789692,25.6806485950947,375.505826801062,42.6707700788975,0.894504249095917,0,164.906179994345,14.5717400610447,0,0,1433.50459384918,3.2234383225441,143.078402340412,0,12.8159451782703,0,0,1.57567417621613,193.319356143475,172.128967404366,0,0,2.33299279212952,0,0,0,0,0,3677.81639140844,2.77390134334564,32.6355932354927,6.23129215836525,43.1914022564888,58.6672540307045,4.54258841276169,0,29.5086640119553,2.01464891433716,7.79764944314957,0,0,0,1.97405958175659,1.50948679447174,1.01471257209778,0,0.678568422794342,0,2.84147650003433,0,5.68344634771347,0,2.84698975086212,0,0,0,2412.38349106908,12.0590983629227,83.1390033960342,9.74111789464951,355.605564802885,0,1477.79002800584,1.98324251174927,12.9004210829735,0,146.17928853631,30.5814917385578,155.845299899578,8.48994839191437,268.750470727682,24.8399757444859,650.215122848749,16.9400050938129,74.0682881474495,3.56808310747147,301.603818684816,23.4731255173683,472.136666923761,0.565498352050781,1590.9615650177,1.26988422870636,181.11185336113,0,304.591569453478,0,3.68836939334869,0,42.7160308659077,0,0,0,0,0,15.7885386347771,0,1.0950847864151,0,0.92784583568573,0,0,0,0,0,0,0,1.27385783195496,0,0,0,0,0,0,0,0,0
25.6133711338043,634.534370303154,27.8947949111462,398.99038001895,0,0.970233380794525,12.1688426136971,76.2597118020058,0,0.81484442949295,7.00023946166039,1154.51355153322,1.25753533840179,75.5833188295364,0,19.5726877450943,1.57567417621613,0,69.636932104826,526.167988538742,0,0,1.03340518474579,9.07006138563156,0,0,0,0,4.14821782708168,2752.15158897638,17.981458991766,19.8737751841545,20.3683076202869,77.943928360939,0,1.36252737045288,0,7.49314966797829,0,1.77667260169983,0,0,0,1.91153907775879,0,1.83132907748222,0,0,0,0.571902275085449,0,7.17350721359253,0,0,0,0,4.63409948348999,2048.282363832,2.79189038276672,90.4579172432423,0,273.018588453531,0,1506.59826406837,0,87.3671761751175,14.0555601716042,33.7881476581097,15.6129713654518,129.812863796949,25.510061532259,217.159167349339,13.8016178905964,1960.6422573626,7.19145011901855,86.0766384601593,19.3626321852207,247.538402587175,0,237.929890364408,0.784804046154022,789.935412883759,0,26.0316012203693,0,183.949922323227,0,1.88799703121185,0,28.8138834536076,0,0,0,0,0,5.75130116939545,0,0,0,0,0,0,0,0,0,0,0,0,4.2448862195015,0,0,0,0,0,0,0
833.206510454416,459.130600333214,2137.75900992751,571.924494802952,0,0,632.901548147202,388.360456943512,9.39847519993782,0,699.121185570955,244.146583467722,438.727145880461,39.4063348472118,60.7049567997456,0.809826970100403,193.319356143475,69.636932104826,0,2571.99959853292,3.27040666341782,0,1469.59493660927,100.233179152012,3.73260104656219,0,0.580571830272675,0,278.627727031708,52.338636726141,760.928625017405,311.520029425621,5228.68579050899,749.435096979141,20.8823990225792,3.72616475820541,47.0899178981781,2.93324548006058,12.9235247373581,0.582207798957825,3.5190936923027,0,25.2685994803905,0,3.16606366634369,0,16.9838262796402,0,0.627360284328461,0,6.35866039991379,0,0,0,0.703577518463135,0,135.707054436207,41.3631905317307,108.276495307684,0,13.057376563549,0,7.99761617183685,0.374364644289017,5.69710260629654,0,1795.07891094685,53.9788988828659,1049.12385684252,79.6530841886997,832.96117207408,266.782745301723,882.130343854427,193.541766732931,307.519124567509,90.6826241314411,1357.81152585149,481.022636860609,1.19761884212494,0,17.6424920558929,0,23.5391000509262,0,12.356345385313,0,0,0,0,0,0,0,0,0,79.5162164270878,4.06823545694351,3.9675081372261,0,0,0,0,0,0,0,0.556418657302856,0,0,0,15.8002120256424,4.7520255446434,0,0,0,0,0,3.50079241394997
1367.57428118587,3620.19075775146,901.725571364164,5461.37002378702,0,2.37078279256821,543.675147742033,1227.32558658719,0,25.0256510972977,460.287625163794,1296.20498907566,259.690996438265,297.659798294306,8.98752331733704,50.580326795578,172.128967404366,526.167988538742,2571.99959853292,0,0,2.75866031646729,188.886542797089,1933.63243150711,0,0.453622251749039,1.66136729717255,2.1270210146904,187.502023458481,231.177691608667,454.509991765022,661.22306022048,826.283197641373,5641.72313326597,0.896317183971405,20.1682533621788,13.0430720448494,38.9843038320541,7.78230860829353,6.58762139081955,0,0.471879750490189,0,2.52489733695984,0,3.26328322291374,0,18.0379502475262,0,5.58220458030701,0,27.1859957873821,0,0,0,0,87.2323350906372,308.903762072325,3.4142735004425,122.842694044113,0,17.207066565752,1.29425537586212,17.7109234929085,2.4869090616703,51.825210750103,186.797886371613,926.804894030094,584.389204055071,2960.04595565796,644.227267682552,1561.22783383727,497.844622373581,1313.84070304036,142.687323987484,617.943303138018,731.796482950449,3642.11566135287,0.513885796070099,3.18378180265427,0,10.5623153150082,18.5547404885292,0,0,8.72468927502632,0,0,0,3.52378961443901,0,1.63377070426941,0,0,10.8281544744968,184.345769017935,1.13726902008057,0,0,0,0,0,0,0,0,0,0,0,58.7885799705982,7.5007449388504,0,0,0,0,0,0.721984803676605
0,0,3.14035242795944,0.896924734115601,177.005250275135,19.430111259222,0,0,29.8336718082428,0.554377257823944,0,0,0,0,42.2912325263023,7.1538360118866,0,0,3.27040666341782,0,0,41.9237946867943,15.572883605957,3.3150155544281,131.970947116613,18.4264986515045,961.127785623074,19.9552230536938,3.43209719657898,0,464.339317321777,33.5127112269402,17.9725160002708,0,4.69818225502968,0,13.4932532906532,9.98446244001389,1.26134300231934,0,102.558106482029,17.9881471395493,0,0,0,0,1.13987839221954,0,0,0.552633821964264,0,0,0,0,0,0,0,0,0,1.67694902420044,0,0,0,0,0,0,3.51137489080429,0,0,0,546.919649094343,63.7705917656422,86.9894883036613,5.49734455347061,14.2976251840591,11.2197617292404,14.6750473380089,2.26188933849335,0,0,0,0,1.35364091396332,0,0,0,0,0.794155418872833,0.750595510005951,0,0,0,0,0,0,0,0,0,0,0,0,0,0,0,0,0,0,0,0,0,0,0,0,0,0,0
1.43253612518311,0,2.37351429462433,4.05019569396973,30.2028387188911,302.469081580639,0.588846683502197,0,18.6755212843418,37.2362560033798,0,0,0,0.770117044448853,16.2100231051445,159.871546566486,0,0,0,2.75866031646729,41.9237946867943,0,10.3937055766582,22.6956443488598,63.507388561964,658.995603740215,151.339124530554,956.043858677149,0,81.3384628891945,184.773058474064,811.848335802555,7.63038629293442,28.6826199293137,1.47549378871918,3.01729780435562,19.6336458921432,110.603085100651,4.62941801548004,2.9216845035553,3.73263370990753,19.0813440084457,0,0,0,0,0,6.1716982126236,0,0.706557333469391,0,0,0,0,0,0,1.03640949726105,0,0,0.947467386722565,0,0,0,0,0,0,0,5.12289756536484,0,0.37992337346077,138.687615990639,445.644863635302,5.48505979776382,255.199979424477,8.59543281793594,12.2606389522552,0,14.8684632182121,0,0,0,0,0,2.75695133209229,0,0,0,0.739575922489166,0,0,0,0,0,0,0.669983565807343,0.605548322200775,0,0,0,0,0,0,0,0,0,0,0,0,0,0,0,0,0,0,0,0
20.3996796607971,1.20500183105469,3201.69441983104,372.519225001335,254.82635051012,61.8312049508095,776.863928496838,379.491078525782,173.009803652763,115.606605529785,69.5103217065334,96.9277953803539,364.881137311459,126.03574103117,185.664086103439,93.1820817291737,2.33299279212952,1.03340518474579,1469.59493660927,188.886542797089,15.572883605957,10.3937055766582,0,1113.92241069674,961.56646296382,233.985185146332,200.913122415543,40.917116612196,88.0826223194599,20.5163229107857,4694.29695367813,949.545648425817,1569.08914101124,220.727811932564,114.713767409325,3.64248889684677,1.76802897453308,0,0,0,2.05363541841507,0,38.0456375479698,0,0,0,5.97402131557465,0,0,0,0,0,0,0,0,0,0.708913505077362,0,2.15513503551483,0,0,0,0,0,0,0,222.945324242115,0,5.56561607122421,0,707.556608051062,499.052295863628,466.104379445314,200.033096343279,76.9374547600746,52.6119948923588,340.751541316509,62.1039747297764,0,0,0,0,1.08688640594482,0,0,0,0,0,0,0,0,0,0,0,4.7809744477272,0,0,0,0,0,0,0,0,0,0,0,0,0,0.552570402622223,0.63534152507782,0,0,0,0,0,0
0.827695786952972,8.28494018316269,974.995353966951,3953.03019785881,194.428156971931,198.703486382961,514.762443482876,1144.75599852204,296.612531125546,348.216119796038,12.617843657732,184.469536036253,214.89882043004,279.489612281322,244.964891374111,303.859119057655,0,9.07006138563156,100.233179152012,1933.63243150711,3.3150155544281,22.6956443488598,1113.92241069674,0,274.007984876633,1636.92267799377,86.8527025580406,261.350484400988,46.4249573051929,46.0144827365875,504.276976287365,3832.63592469692,47.5678142309189,2172.81424731016,0,37.2424006164074,0.633707702159882,0,0,0,0,3.52492994070053,0,0,0,0.513536214828491,0,7.27003157138824,0,0,0,0,0,0,0,0,0,4.55730831623077,0,1.37351247668266,0,0,0,0,0,0,0,124.885293900967,0,25.321642011404,642.659384578466,1778.06954202056,341.255796343088,760.736521542072,28.1971076726913,142.646591365337,64.1475834846497,519.318658769131,0,0,0,0,0,0,0,0,0,0,0,0,0,0,0,0,0.646291017532349,10.0360271930695,0,0,0,0,0,0,0,0,0,0,0,0,6.73294878005981,0,0,0,0,0,0,0
0,0,111.57525447011,31.7724354863167,463.593680769205,129.534926056862,30.525882422924,11.3160693347454,129.18192076683,95.1096396446228,1.09922230243683,0,10.3232650756836,2.36507558822632,107.563817799091,142.763513237238,0,0,3.73260104656219,0,131.970947116613,63.507388561964,961.56646296382,274.007984876633,0,513.181591570377,1368.65389215946,157.446806758642,11.198660671711,4.53695723414421,791.992648839951,319.87392193079,78.3847151398659,3.92877238988876,10.7556692063808,0,0,0,0,0,3.23463469743729,0.861494064331055,0,0,0,0,0,0,0,0,0,0,0,0,0,0,0,0,0,0,0,0,0,0,0,0,1.68720102310181,0,0,0,424.891253352165,149.749524831772,115.884103268385,40.0844703316689,4.01364320516586,3.34443837404251,14.9922305345535,0,0,0,0,0,0.929316520690918,0,0,0,0,0,0,0,0,0,0,0,0,0,0,0,0,0,0,0,0,0,0,0,0,0,0,0,0,0,0,0,0,0
0,0,93.202723056078,170.295813143253,330.037714153528,629.65731421113,12.6507996022701,77.6738995611668,221.026701837778,346.359490901232,0,3.46652328968048,0,11.3050462305546,162.721083819866,260.442291766405,0,0,0,0.453622251749039,18.4264986515045,658.995603740215,233.985185146332,1636.92267799377,513.181591570377,0,322.701487988234,1484.63685518503,9.74790152907372,24.0719948410988,335.058952778578,941.026136130095,17.3266580700874,13.3808678984642,1.21811020374298,2.31239974498749,0,0,0,0,0,0.504860758781433,0,0,0,0,0,0,0,0,0,0,0,0,0,0,0,0,0,0,0,0,0,0,0,0,0,1.40547516942024,0,0,341.699452877045,748.439131766558,74.7145574390888,250.46140307188,1.54909825325012,9.51833909749985,3.88701158761978,26.150609254837,0,0,0,0,0,0,0,0,0,0,0,0,0,0,0,0,0,0,0,0,0,0,0,0,0,0,0,0,0,0,1.01401436328888,0,0,0,0,0,0,0
1.35847663879395,0,28.3098336458206,15.4780933558941,1567.7356877923,192.836926937103,17.7287781834602,6.81160649657249,360.770393908024,53.5788957774639,0,0,2.56641757488251,2.31680828332901,553.511908918619,105.027740865946,0,0,0.580571830272675,1.66136729717255,961.127785623074,151.339124530554,200.913122415543,86.8527025580406,1368.65389215946,322.701487988234,0,254.597517490387,30.960690766573,9.88113251328468,606.995832830667,201.551405191422,46.9061674177647,6.98689287900925,13.7160828709602,0,55.6381533741951,72.9880960583687,7.68085098266602,0,12.2213155031204,0,0,0,0,0,1.42533659934998,1.50192695856094,0,0,1.20233631134033,0,0,0,0,0,0,0,0,0,0,0,0,0,0,0,2.50095081329346,0,0,0,1098.86665460467,229.949353605509,272.649576574564,47.8637290298939,16.7856952548027,5.14741736650467,17.2787035107613,7.47441065311432,0,0,0,0,1.96127325296402,0,0,0.702671825885773,0,0,0,0,0,0,0,0,0.919493198394775,0,0.540438652038574,0,1.27749872207642,0,0,0,1.82873749732971,0,0,0,0,0,0,0,0,0,0,0,0,0
0,0,12.3044386804104,27.9384812116623,129.670893847942,2049.73146981001,4.29307860136032,27.4668804109097,61.5327825248241,524.33219614625,0,2.11718958616257,0,8.09464037418365,49.7046275138855,598.1663159132,0,0,0,2.1270210146904,19.9552230536938,956.043858677149,40.917116612196,261.350484400988,157.446806758642,1484.63685518503,254.597517490387,0,2.43356731534004,119.219380676746,121.995525717735,215.094940930605,2.13378518819809,7.27143386006355,0,0.655000627040863,22.4251294732094,23.5522981882095,3.69035136699677,0,1.02785301208496,29.5315883755684,0,0,0,0,0,1.2134770154953,0,0,0,0,0,0,0,0,0,0,0,0,0,0,0,0,0,0,0,0.848616361618042,0,0,204.343722850084,965.374448210001,11.3310905694962,762.822618216276,4.20214587450027,11.604326069355,4.79277288913727,22.3283078074455,0,0,0,0,0,4.65179806947708,0,0,0,3.27319413423538,0,0,0,0,0,0,0,0,0,0,0,0,0,0,0,0,0,0,0,0,0,0,0,0,0,0,0,0
834.823517858982,16.9416519701481,544.678692400455,51.0747131705284,426.149474769831,1.17493224143982,499.616045325994,40.5516763031483,235.920816212893,3.65274572372437,1256.48059248924,23.5408324897289,2325.15913257003,4.01215669512749,3060.23004570603,4.52484348416328,3677.81639140844,4.14821782708168,278.627727031708,187.502023458481,3.43209719657898,0,88.0826223194599,46.4249573051929,11.198660671711,9.74790152907372,30.960690766573,2.43356731534004,0,4.14601203799248,116.004639834166,66.7637560367584,52.0205518305302,80.0618711709976,33.0227027535439,29.0237537622452,211.792321503162,37.9862233400345,51.4491536617279,1.85533034801483,306.392301499844,1.96284127235413,209.703258037567,10.8178824186325,46.3537448644638,1.87137949466705,337.101356387138,3.11225509643555,100.85560053587,0,242.976660370827,0,72.3728407919407,0,89.5320822000504,0,1181.45758849382,13.5530002117157,535.652960270643,12.9799698591232,159.208838045597,6.24716830253601,422.600111156702,4.06753635406494,37.8285154104233,1.24424290657043,386.751128554344,87.9860841035843,181.720944136381,9.99831938743591,510.740397751331,45.3521473109722,2130.05878528953,31.8002361357212,78.1656333804131,3.78606116771698,376.726274549961,49.7270121872425,322.142574846745,0,1066.62185242772,0.945379495620728,1661.31931242347,0,226.722473829985,0,189.903433591127,0,177.314892113209,0,3.78662830591202,0,3.20802187919617,0,20.7032156586647,4.27151989936829,5.58478498458862,1.60332834720612,8.86347141861916,2.08844685554504,6.46294760704041,0,4.87545534968376,0,5.52751606702805,1.66912591457367,1.96780717372894,0,3.29384487867355,0,0.703060925006866,0,1.13273584842682,0,0,2.37744724750519
2.75443509221077,202.95046082139,23.9648481011391,209.066511720419,4.646763920784,262.369891792536,23.8813245594501,69.8072909712791,2.41031855344772,68.4434867799282,17.7949589788914,761.762530893087,11.4223036468029,992.717485785484,3.95962172746658,1950.22238996625,2.77390134334564,2752.15158897638,52.338636726141,231.177691608667,0,81.3384628891945,20.5163229107857,46.0144827365875,4.53695723414421,24.0719948410988,9.88113251328468,119.219380676746,4.14601203799248,0,34.9565686583519,57.1799053549767,15.2877107560635,38.0780713558197,12.1923139691353,9.69744929671288,2.60854333639145,101.301821142435,0,24.1638081669807,0,297.427426815033,20.2643632292747,114.711303263903,1.29916512966156,94.3576025664806,1.43734347820282,83.1005179584026,0,99.1212863922119,0,123.964521110058,0,60.871915012598,0,37.4990937709808,2.65081828832626,410.421327143908,2.74256044626236,309.53429543972,0,42.7460163533688,0,238.464286088943,0,59.971343934536,15.4249687194824,81.5039255917072,3.60394823551178,45.357768625021,37.9484391212463,401.270786672831,20.5357473194599,5797.06263518333,0.970612406730652,42.7492865920067,11.7379691004753,177.825867027044,0,284.299180716276,0.99205470085144,582.314616173506,0,690.462913691998,0,162.194258779287,0,66.7293436527252,0,56.3795061707497,0,4.71259760856628,0,1.80485117435455,0,11.4324394464493,0,0,1.51812195777893,0,0,0,0,2.0115761756897,1.1051299571991,0,0,0,2.8770352602005,1.02478623390198,0,0,0,0,0,0
84.110255241394,21.4668857455254,737.182111471891,231.650529384613,227.935623049736,93.6369642317295,394.219172716141,261.366959899664,175.004550546408,67.7613151371479,188.366692125797,147.168083816767,327.206025332212,80.5252056121826,201.045750617981,98.1659961342812,32.6355932354927,17.981458991766,760.928625017405,454.509991765022,464.339317321777,184.773058474064,4694.29695367813,504.276976287365,791.992648839951,335.058952778578,606.995832830667,121.995525717735,116.004639834166,34.9565686583519,0,725.70933753252,2100.04639357328,184.042877316475,176.771012961864,7.3999862074852,8.31365406513214,3.02500557899475,18.8473574221134,0,0,0,64.8822882771492,0,6.20365750789642,1.32357683777809,37.4619338214397,1.72223281860352,0,0.549634218215942,3.77800637483597,1.86233860254288,0.916673183441162,0,0.579283595085144,0,1.06853067874908,9.267593562603,3.97072494029999,0,4.63577109575272,2.22400805354118,3.70403033494949,1.33083510398865,4.23814937472343,2.75095769762993,485.679947257042,27.6171493530273,17.0331554710865,6.08987268805504,1152.50326421857,377.263749957085,506.558707207441,184.022493511438,108.7621127069,50.8635585904121,579.012600004673,221.601820766926,0.666413962841034,0,4.18674206733704,0.745744824409485,3.81570589542389,0,6.61400777101517,1.17998671531677,0,0,2.13949882984161,0.765626013278961,0,0,0,0,14.9714494645596,11.6266705393791,2.48905494809151,0,0,0,0,0,0,0,0,0,2.51040476560593,0,5.3464949131012,1.16322529315948,0,0,0,0,0,2.76264065504074
16.7421378195286,14.4844890832901,650.341511845589,466.41230866313,158.835815370083,123.364682585001,402.036332279444,435.76280978322,168.17551985383,196.422966212034,71.6435411572456,221.941723078489,241.76003164053,183.880740135908,177.918278217316,236.692028194666,6.23129215836525,19.8737751841545,311.520029425621,661.22306022048,33.5127112269402,811.848335802555,949.545648425817,3832.63592469692,319.87392193079,941.026136130095,201.551405191422,215.094940930605,66.7637560367584,57.1799053549767,725.70933753252,0,213.21596083045,1723.68641653657,4.1282399892807,77.9595583677292,2.04805481433868,5.9106205701828,0,1.68241345882416,0,5.39856499433517,3.71968710422516,1.70901462435722,0,1.73099881410599,3.73201465606689,43.9616173803806,0,0.56296694278717,0.602853536605835,1.22390174865723,0,0,0,0,0.935694456100464,11.5154905617237,1.87202423810959,2.34810066223145,0,2.18188798427582,0.961098670959473,1.67693710327148,0,4.52493545413017,30.5431244969368,274.296396255493,1.25588911771774,21.4197780191898,504.197648257017,850.540651887655,344.702387958765,476.13702377677,52.3301716446877,101.637318134308,270.216518044472,442.369489043951,0,0,0.886354446411133,2.47573357820511,0.732929825782776,0,1.22239601612091,4.77235502004623,0,0,0,0.798841238021851,0,0,0,0,13.310778439045,12.8454708456993,0,0,0,0,0,0,0,0,0,3.31429708003998,0,0,14.5685818195343,0,0,0,0,0,0,0
167.61644423008,108.694990426302,317.982873499393,134.500882297754,28.6156223714352,5.19010931253433,99.4774782955647,82.0510093271732,20.0952100157738,1.23627555370331,103.838183373213,51.8719853162766,120.363898903131,12.6123886108398,23.2550230622292,2.54072284698486,43.1914022564888,20.3683076202869,5228.68579050899,826.283197641373,17.9725160002708,7.63038629293442,1569.08914101124,47.5678142309189,78.3847151398659,17.3266580700874,46.9061674177647,2.13378518819809,52.0205518305302,15.2877107560635,2100.04639357328,213.21596083045,0,371.602572321892,1056.48560631275,8.24120539426804,14.3736211955547,14.6306305527687,37.2028756141663,0,2.79747319221497,0,134.303562998772,3.90194833278656,51.6195720434189,9.93747758865356,78.7814018428326,2.12425822019577,0,8.34792280197144,0.491901844739914,5.04184186458588,0,0,4.72773313522339,0,99.8659535944462,76.638156324625,48.8302022218704,14.0445232093334,8.06132051348686,2.1288565993309,14.2191688716412,11.9091882705688,4.09681022167206,0,5132.92972564697,110.460971415043,1076.57563149929,204.622348159552,308.496541976929,106.828761100769,206.264228284359,56.1060286164284,49.2445565164089,23.0654576718807,362.761214017868,156.14414870739,2.0013330578804,1.92726945877075,22.7209961414337,1.89738747477531,8.12825086712837,0,18.6253485381603,0,0,0,6.85829722881317,1.12436282634735,0,0,0,0,19.6898190975189,2.97988265752792,4.52510970830917,0,0,0,0,0,0,0,1.5812112390995,0,0,1.58232533931732,2.50563228130341,0,0.476535499095917,0,0,0,0,0
266.945603191853,199.560678958893,309.556814223528,258.493330925703,2.67548698186874,9.05385264754295,215.805578529835,301.313469469547,13.0168182253838,24.2174174785614,117.509502977133,137.902141779661,141.66483104229,107.180660963058,18.6892637610435,18.6683092713356,58.6672540307045,77.943928360939,749.435096979141,5641.72313326597,0,28.6826199293137,220.727811932564,2172.81424731016,3.92877238988876,13.3808678984642,6.98689287900925,7.27143386006355,80.0618711709976,38.0780713558197,184.042877316475,1723.68641653657,371.602572321892,0,17.7446675896645,1096.52982571721,76.2645393013954,35.0276606678963,15.1822265386581,42.3340665102005,2.79523348808289,4.80980932712555,0.64207124710083,33.7871229946613,8.96395313739777,24.2403360307217,5.70594942569733,394.21853402257,2.50959205627441,2.81289225816727,7.5982391834259,2.46933168172836,2.04344820976257,0,0.507063746452332,2.09299644827843,149.356883168221,192.112661987543,71.8405607044697,87.5851280093193,41.9374884366989,10.0417772829533,52.8227794766426,39.5151319503784,10.6001487374306,13.2697210907936,722.582489013672,5571.0371132791,356.640957504511,893.335302650928,238.630614817142,520.761785268784,201.217339843512,267.776128351688,68.1500807702541,83.4022988080978,361.839723527431,567.64958691597,1.13417088985443,0.751060664653778,91.5845904946327,26.981498926878,7.35132527351379,1.61050879955292,44.1492409110069,12.1507892310619,0,0,23.5770708620548,9.95924100279808,0,0,0,0,10.4947088360786,31.0303978323936,0,0.527571797370911,0,3.57739984989166,0,0,0,0,0.41500985622406,3.45835036039352,1.28576064109802,0,4.79364436864853,2.84259474277496,0,0,0,0,0,0.702867686748505
4.31939715147018,0,13.7767190933228,0,2.33776161074638,0,3.96651250123978,0,0.697540521621704,0,1.5073054432869,0,3.17939287424088,0,2.50619721412659,0,4.54258841276169,0,20.8823990225792,0.896317183971405,4.69818225502968,1.47549378871918,114.713767409325,0,10.7556692063808,1.21811020374298,13.7160828709602,0,33.0227027535439,12.1923139691353,176.771012961864,4.1282399892807,1056.48560631275,17.7446675896645,0,275.410223186016,189.396772861481,143.206128567457,86.0290890038013,54.1563491821289,13.8820534944534,20.8309224545956,581.980281591415,435.180494755507,352.98400375247,554.87133461237,265.411105930805,207.689225494862,236.023313909769,278.577278077602,205.797815650702,182.739537864923,39.5502596497536,126.831722319126,57.4822609722614,54.9763865172863,3.42318105697632,1.4481999874115,127.095361053944,67.5113378167152,23.4807857573032,1.46849179267883,11.609993904829,0,14.0796740949154,3.28384852409363,2790.91270449758,189.193863809109,0,0,45.2383653223515,3.86762350797653,48.6058900356293,51.2684744000435,9.84223800897598,10.9944089651108,230.228345751762,115.028504371643,2.17409497499466,1.81226712465286,74.9428293704987,21.9600736498833,14.0045567750931,3.79857257008553,90.9918851256371,34.4356897473335,10.7289941906929,3.60770294070244,112.403952032328,108.509548842907,0,0,0,0,14.5460541546345,7.27774092555046,3.58441126346588,5.83094888925552,2.48299086093903,0,0,0,0,0,1.40403258800507,0,0,0,0,2.32825118303299,0,0,0,0,0,0
1.90068787336349,0,0.804043173789978,6.59234941005707,0,0.954243838787079,1.11843109130859,6.10032021999359,0,0,0,2.05368000268936,0,3.12392058968544,0,0,0,1.36252737045288,3.72616475820541,20.1682533621788,0,3.01729780435562,3.64248889684677,37.2424006164074,0,2.31239974498749,0,0.655000627040863,29.0237537622452,9.69744929671288,7.3999862074852,77.9595583677292,8.24120539426804,1096.52982571721,275.410223186016,0,210.400942891836,185.590447276831,47.4657199978828,59.3008041977882,14.7266583442688,12.2827823162079,188.032616972923,257.989832252264,144.714423656464,349.780037671328,105.856656908989,260.924768924713,139.313093245029,157.797704100609,154.777876496315,92.3959260284901,19.919501543045,48.2684092521667,45.771619617939,55.7563198208809,4.17953312397003,0.670752644538879,106.857181489468,44.2347818911076,22.4991481304169,1.99558210372925,4.76567322015762,2.15701591968536,3.04183530807495,8.127621114254,413.542052686214,1520.07528561354,1.31643235683441,0,11.61299264431,11.5002018511295,66.8351573944092,66.0608620941639,7.98959249258041,11.6740701496601,252.545893907547,115.528352409601,1.1639786362648,3.58433163166046,52.9000763893127,28.6897069513798,6.83824241161346,8.01105239987373,65.2267118096352,39.0042212605476,1.71402502059937,6.47001802921295,140.503624647856,86.9710387289524,0,0,0,0,5.24316692352295,9.86824354529381,1.20166838169098,0,0,0,0,0,0,0,0,0,0,0,0,0,0,0,0,0,0,0.398545920848846
451.829348325729,8.9801265001297,78.4138077497482,4.83580362796783,1.84772682189941,0,44.4849402308464,0.756732881069183,3.92689475417137,0,37.3585936427116,0,15.5566640198231,0,9.1496262550354,0,29.5086640119553,0,47.0899178981781,13.0430720448494,13.4932532906532,19.6336458921432,1.76802897453308,0.633707702159882,0,0,55.6381533741951,22.4251294732094,211.792321503162,2.60854333639145,8.31365406513214,2.04805481433868,14.3736211955547,76.2645393013954,189.396772861481,210.400942891836,0,727.824917584658,1716.57778719068,46.2252379655838,659.214998722076,31.6409007906914,650.256544470787,257.186710745096,208.875603616238,133.697747737169,1127.60339552164,113.83908239007,515.765670269728,60.583835542202,690.036514014006,58.8064114153385,210.089343458414,36.7282016277313,924.759873867035,31.7555755078793,430.816148370504,20.3110807538033,569.050036221743,144.819647789001,73.9580513834953,2.64950960874557,33.2606419324875,5.25419235229492,16.338564068079,5.25801074504852,883.759097009897,874.151323139668,353.148840129375,7.07639896869659,423.252224564552,33.3744552135468,369.472379803658,44.6744782626629,785.32963886857,92.7662163972855,3786.49871656299,249.474912345409,1.67938899993896,0.987411439418793,65.9798263907433,7.04719239473343,394.339063346386,0,104.315043032169,6.46006906032562,1038.40199384093,1.85493212938309,1279.53637784719,21.0922041535378,79.2812726795673,163.513269484043,77.801840364933,103.601439058781,113.684978455305,92.3353486061096,65.984854131937,32.0178085267544,58.1279734671116,70.5255462527275,54.1716167926788,19.9557101726532,53.434444129467,104.844394475222,42.7490741014481,51.9871217608452,20.0180042386055,11.7172138094902,16.1301225423813,32.759947180748,19.9743113517761,6.10010439157486,7.97340968251228,3.85534033179283,3.11793354153633,7.53200614452362
23.7160651385784,95.1678788363934,1.21075540781021,47.8756041526794,0,0.574260830879211,2.05081653594971,12.6767922341824,0,1.60902678966522,0.418250501155853,4.61794865131378,0,9.04272568225861,0,5.91406720876694,2.01464891433716,7.49314966797829,2.93324548006058,38.9843038320541,9.98446244001389,110.603085100651,0,0,0,0,72.9880960583687,23.5522981882095,37.9862233400345,101.301821142435,3.02500557899475,5.9106205701828,14.6306305527687,35.0276606678963,143.206128567457,185.590447276831,727.824917584658,0,261.116467893124,2290.45874208212,20.8833384513855,726.659587800503,210.646207422018,638.955849915743,54.3546525835991,441.632665097713,208.803831845522,984.392858207226,17.8081043362617,348.997991472483,73.3427486419678,421.126930207014,8.03947222232819,323.47715857625,14.4606353640556,1604.9108992815,37.2916073203087,65.199694365263,111.290474116802,547.380706042051,65.3147538304329,10.2193910181522,37.0323905348778,31.2668537199497,24.1687605977058,104.69446092844,712.281249761581,907.815775930882,4.8948792219162,43.9282677173615,41.8701302409172,288.999182462692,76.5249007046223,417.87307715416,63.5639490783215,369.975601613522,353.804695785046,4069.99344262481,5.66385990381241,5.11524695158005,80.845083117485,103.2240691185,0,166.697224259377,29.0247136354446,253.609508603811,0,1012.96108654141,62.3700014352798,928.126643657684,101.228943318129,97.6329202353954,81.4272427558899,66.2548875808716,30.0172369480133,188.600617796183,75.7523123025894,48.1563209295273,48.4208422899246,35.7894628047943,54.7258581221104,10.7461052536964,80.6334631443024,100.734217196703,41.6330854296684,45.2374990880489,20.3596602082253,7.79539692401886,18.6498847603798,23.4793797135353,14.2695515751839,5.39880311489105,8.9352348446846,2.28561860322952,11.5996045172215,8.49304351210594
97.9469922184944,7.75699305534363,8.63498872518539,0,0,0,6.24015814065933,0.575704514980316,0.575867831707001,1.67800414562225,5.62869161367416,0,3.02392530441284,0,1.20452868938446,0,7.79764944314957,0,12.9235247373581,7.78230860829353,1.26134300231934,4.62941801548004,0,0,0,0,7.68085098266602,3.69035136699677,51.4491536617279,0,18.8473574221134,0,37.2028756141663,15.1822265386581,86.0290890038013,47.4657199978828,1716.57778719068,261.116467893124,0,102.428817808628,972.112725675106,0.765722155570984,374.464329719543,14.1128205657005,239.893827795982,8.29937887191772,1183.3457994163,19.5495504140854,142.46663993597,1.08086764812469,128.059652835131,3.23936879634857,19.8755762279034,0,1465.28149920702,6.52129328250885,132.793822467327,0.992615878582001,201.523435920477,48.8544362783432,14.1461371779442,0,12.2715897858143,0,1.0819878578186,4.33758163452148,511.1043651402,203.152308523655,61.9436733424664,1.16045832633972,114.810876488686,22.3997085094452,69.7402599751949,40.0362781882286,93.4002811610699,96.5582931935787,312.151490867138,176.711527347565,3.07144403457642,0,16.6998433470726,0,79.8320395648479,0,37.0294259786606,0,89.2403618097305,2.83061110973358,447.068924665451,1.69202733039856,440.611239016056,698.224481254816,268.828273236752,269.368251204491,62.2644354104996,273.746705681086,196.869897454977,93.6120710372925,183.960785835981,211.730391263962,188.70933881402,41.5150263011456,175.237571895123,223.369215428829,77.5739058852196,74.0243904590607,48.1644273400307,27.2585741281509,4.95327487587929,3.86841434240341,28.3909595310688,12.3843520581722,15.6296007037163,7.36494356393814,8.10862469673157,5.83752208948135
6.05173492431641,31.6669747829437,0,4.11591553688049,0,0,0,0,0,0,0,0,0,0,0,2.74641394615173,0,1.77667260169983,0.582207798957825,6.58762139081955,0,2.9216845035553,0,0,0,0,0,0,1.85533034801483,24.1638081669807,0,1.68241345882416,0,42.3340665102005,54.1563491821289,59.3008041977882,46.2252379655838,2290.45874208212,102.428817808628,0,0,1429.02204459906,50.9594967365265,589.507101863623,3.82556521892548,301.467451870441,68.3786308169365,1309.05727562308,7.99735975265503,157.867951571941,16.8556777238846,74.7791828215122,0,97.4200450778008,1.5652135014534,1396.74401202798,4.65235447883606,28.1142072677612,2.34568011760712,109.578889727592,0,0,1.87753403186798,0,0,17.0965787172318,74.0305732488632,479.652939021587,0,14.3844097852707,6.9897775053978,16.2219784259796,6.36556053161621,61.011104285717,20.1354763507843,28.0012759566307,18.5698832273483,100.689385145903,0,0,0,17.9539400339127,0,55.801260381937,1.74001264572144,31.6872154474258,0,298.301170438528,0,331.852860152721,64.7677651643753,39.6726972460747,46.7843318879604,31.1896461248398,16.1023988127708,26.2760021984577,40.4251073896885,82.6638351082802,40.8197741508484,14.0920902490616,46.5536434650421,7.00022161006927,20.2016648054123,40.9498206079006,16.7643787562847,25.9985429048538,15.6323655247688,4.6949445605278,2.0489276945591,1.3340653181076,5.80262717604637,3.76331785321236,2.48073384165764,0,3.96848666667938,2.095040589571
1.63874232769012,0,3.88365250825882,1.11529362201691,31.6673490405083,0,0,0,26.9230181574821,0,0,0,0,0,33.139842569828,0.616251528263092,0,0,3.5190936923027,0,102.558106482029,3.73263370990753,2.05363541841507,0,3.23463469743729,0,12.2213155031204,1.02785301208496,306.392301499844,0,0,0,2.79747319221497,2.79523348808289,13.8820534944534,14.7266583442688,659.214998722076,20.8833384513855,972.112725675106,0,0,40.0125099420547,99.281177520752,0.497017920017242,7.47508206963539,0,170.039710223675,0.790812134742737,21.0393961071968,0,57.0280902981758,0,18.6014160811901,0,87.3500856161118,1.00330543518066,1.11120089888573,0,11.4480055272579,0,3.21975833177567,0,0,0,1.03920650482178,0,48.6680002212524,2.62998312711716,1.11450135707855,0,289.710755586624,15.6384065747261,742.534380495548,23.2293099761009,353.749006092548,40.8408786058426,361.854633510113,3.78086626529694,0,0,11.8764776587486,0,506.03620159626,0,29.15734192729,0.780243337154388,782.404581010342,3.98733538389206,179.940318226814,1.87137538194656,0,0,0.334341883659363,0,7.5539146065712,0,1.47124555706978,0,2.32509332895279,0,0.399476408958435,0,0,0.584187924861908,6.79980865120888,1.68246248364449,1.15459594130516,0,9.40636003017426,0.81757789850235,0,0,0,0,0,0
0,1.3128080368042,0,2.22929948568344,0,34.8057078123093,0,1.16845041513443,0,5.69492667913437,0,0,0,0.929278135299683,0,49.6515786647797,0,0,0,0.471879750490189,17.9881471395493,19.0813440084457,0,3.52492994070053,0.861494064331055,0.504860758781433,0,29.5315883755684,1.96284127235413,297.427426815033,0,5.39856499433517,0,4.80980932712555,20.8309224545956,12.2827823162079,31.6409007906914,726.659587800503,0.765722155570984,1429.02204459906,40.0125099420547,0,37.5420210063457,222.659260332584,0,44.7735554873943,3.48624908924103,354.4683355093,0,57.307980209589,0,103.072952270508,0,132.799541443586,4.40708667039871,917.753926455975,0,0.72804719209671,0.860594809055328,31.6305065751076,0,0,0,3.29456856846809,0,8.3226812183857,6.29343897104263,77.4235770106316,0,0.892276585102081,31.5757775902748,283.837681025267,57.9116699099541,2174.03706485033,28.0322439074516,253.809357643127,7.50920581817627,235.195607721806,0,0,0,25.0340216457844,3.50277841091156,1476.39407661557,0,97.9971969127655,8.63887590169907,2692.45230162144,6.50487405061722,358.486978322268,0,1.33362114429474,0,1.74346214532852,1.35554128885269,8.32839539647102,0,3.46218168735504,0,0,0,0,0,1.24417018890381,0,2.38193660974503,0,0,2.39113080501556,0,1.01065790653229,0,0,0,0,0
0,0,3.23212492465973,0,1.91971170902252,0,0.466744512319565,0,0,0,0.996535778045654,0,3.55160945653915,0,0,0,1.97405958175659,0,25.2685994803905,0,0,0,38.0456375479698,0,0,0,0,0,209.703258037567,20.2643632292747,64.8822882771492,3.71968710422516,134.303562998772,0.64207124710083,581.980281591415,188.032616972923,650.256544470787,210.646207422018,374.464329719543,50.9594967365265,99.281177520752,37.5420210063457,0,1596.375618577,10689.5499629378,2762.71763047576,9259.40598124266,1712.96962729096,3535.12959030271,353.517205744982,2939.25938144326,244.733128011227,1072.2157779038,206.927131086588,998.352405399084,167.783637225628,0.895063996315002,0,736.927463233471,60.0017329454422,10.8545384407043,0,3.20806136727333,0,3.98034679889679,0,2576.22495496273,703.819709271193,0,0,11.9502883851528,0,295.861926078796,104.868861198425,27.83678612113,17.2265745401382,447.733334779739,95.0236669182777,0.55416077375412,0,167.918993800879,13.398893237114,84.3027244508266,6.90732032060623,240.703845053911,45.6655074357986,26.1307102739811,1.50067508220673,487.259570211172,132.913566976786,45.2008002400398,0,0,0,5.1575893163681,1.58597445487976,11.6922139525414,2.40575885772705,46.3385882973671,7.24661111831665,0,0,0,0,1.33619427680969,0,0,0,0,1.87559026479721,0,0,0,0,0,0.439681679010391
0,0,0,0,0,0,0,0,0,0,0,1.76029485464096,0,0,0,0,1.50948679447174,1.91153907775879,0,2.52489733695984,0,0,0,0,0,0,0,0,10.8178824186325,114.711303263903,0,1.70901462435722,3.90194833278656,33.7871229946613,435.180494755507,257.989832252264,257.186710745096,638.955849915743,14.1128205657005,589.507101863623,0.497017920017242,222.659260332584,1596.375618577,0,660.634708851576,9105.14469009638,131.937610179186,7381.50600349903,542.890656322241,2754.97505828738,823.833726853132,2546.74798989296,151.079199582338,1168.65270093083,53.6418129503727,544.460504025221,0.908622235059738,0,281.377234637737,184.758586019278,0,0.550388038158417,1.37551319599152,1.73682951927185,11.12184882164,3.60072839260101,564.997569769621,2298.09598267078,0,0,2.03053134679794,1.86209225654602,50.1901034116745,446.005355983973,10.3717648983002,56.2727575302124,129.331883490086,383.668766111135,5.2151221036911,1.72054404020309,20.4565671682358,109.348143070936,0,51.3606538772583,18.8933455944061,271.964128494263,0,52.8355848491192,37.0242831408978,415.142111361027,0,0,0,0,0.831324756145477,13.2137405574322,0,37.4786625504494,1.60384380817413,10.0654935240746,0,0,0,0,0,0.630835294723511,0,0,0,0,0,0,0,0,0,0
1.40601432323456,0,0,0,0,0,1.4820202589035,0,0,0,0,0,0,0,0,0,1.01471257209778,0,3.16606366634369,0,0,0,0,0,0,0,0,0,46.3537448644638,1.29916512966156,6.20365750789642,0,51.6195720434189,8.96395313739777,352.98400375247,144.714423656464,208.875603616238,54.3546525835991,239.893827795982,3.82556521892548,7.47508206963539,0,10689.5499629378,660.634708851576,0,374.639102220535,1109.99141934514,64.6944019496441,3227.27683025599,104.432464182377,881.396036088467,77.8042069077492,56.6629059910774,40.6947917938232,93.4205266833305,12.7821274101734,0.688054382801056,0.464234799146652,512.958717346191,21.6803844571114,36.212889611721,0,2.03534501791,0,6.28622442483902,0,1941.79515078664,446.797066748142,0,0,5.5767285823822,0,85.3084489107132,20.682800412178,22.8461654782295,2.97856819629669,214.77249956131,26.6861625313759,4.46056807041168,0.609156489372253,105.803685873747,3.81629067659378,5.52017313241959,0,78.1774105429649,22.4517387151718,0,0,85.2889900505543,23.0369641184807,0,0,0,0,9.14475467801094,0,9.14829063415527,0,1.16185927391052,0,0,0,0,0,0,0,1.32348310947418,0,0,0,0,0,0,0,0,0
0,2.25764757394791,0,0,0,0,0,0.606719553470612,0,0,0,0,0,0,0,0,0,1.83132907748222,0,3.26328322291374,0,0,0,0.513536214828491,0,0,0,0,1.87137949466705,94.3576025664806,1.32357683777809,1.73099881410599,9.93747758865356,24.2403360307217,554.87133461237,349.780037671328,133.697747737169,441.632665097713,8.29937887191772,301.467451870441,0,44.7735554873943,2762.71763047576,9105.14469009638,374.639102220535,0,63.0941081643105,1166.22092875838,90.7069385945797,4016.05080237985,44.2277613282204,1942.67825222015,2.20121312141418,221.837496548891,0,165.979122906923,0,2.4678176343441,23.6064480543137,590.813368797302,0,0,0,2.72514367103577,0,56.4185916483402,447.241416633129,2383.09363049269,0,0,0,5.16596227884293,4.0026815533638,403.478924781084,0,79.181518137455,11.6936545968056,390.417706519365,0,12.4294421672821,0.444394469261169,250.117352932692,0,25.560816437006,0,227.977973818779,0,2.1734493970871,0,243.543701350689,0,0,0,0,0,36.1653756797314,1.1348465681076,8.78552436828613,0,1.40723359584808,0,0,0,0,0,0,0,0,0,0.892563104629517,0,0,0,0,0,0
1.69869673252106,0,0,0,0.854783356189728,0,0,0,0,0,0,0,0,0,1.00730872154236,0,0.678568422794342,0,16.9838262796402,0,1.13987839221954,0,5.97402131557465,0,0,0,1.42533659934998,0,337.101356387138,1.43734347820282,37.4619338214397,3.73201465606689,78.7814018428326,5.70594942569733,265.411105930805,105.856656908989,1127.60339552164,208.803831845522,1183.3457994163,68.3786308169365,170.039710223675,3.48624908924103,9259.40598124266,131.937610179186,1109.99141934514,63.0941081643105,0,133.678023815155,740.370235562325,24.886370241642,951.730162769556,15.936953663826,1498.95035111904,5.61986190080643,4198.31837821007,27.3814016580582,0,1.8559308052063,227.726970463991,20.4022831916809,3.45981511473656,0,0.443791717290878,0,5.80554762482643,0,1515.71195825934,348.203949034214,0,0,15.2810103297234,3.4046995639801,263.685209304094,16.4594087600708,24.9901227355003,4.55015671253204,636.529101669788,61.555569589138,0,0,143.845144450665,0,218.141223043203,0,348.983351171017,2.07222390174866,183.439579993486,0,1171.67030119896,8.61774432659149,160.547894567251,0,0,0.839518517255783,17.658289283514,4.40524011850357,13.2363759875298,3.67915892601013,359.999070703983,0,0.63763439655304,0,0,0,0.445877939462662,0,0,0,0,71.8849154114723,0,0,0,0,0,0.780759632587433
1.89223623275757,4.34625053405762,0.52010840177536,5.43524193763733,0,1.21751570701599,0,1.81515634059906,0,0,0,0,0,3.69506520032883,0,2.09854978322983,0,0,0,18.0379502475262,0,6.1716982126236,0,7.27003157138824,0,0,1.50192695856094,1.2134770154953,3.11225509643555,83.1005179584026,1.72223281860352,43.9616173803806,2.12425822019577,394.21853402257,207.689225494862,260.924768924713,113.83908239007,984.392858207226,19.5495504140854,1309.05727562308,0.790812134742737,354.4683355093,1712.96962729096,7381.50600349903,64.6944019496441,1166.22092875838,133.678023815155,0,28.3347933292389,393.0098772645,39.7211324572563,408.432950973511,11.9271224737167,2868.40225231647,4.59503817558289,3040.85363411903,0,0.572169959545135,33.7501078248024,99.7738863527775,7.03425192832947,1.28627020120621,0,0.473516017198563,1.96497845649719,6.74389106035233,271.323470830917,1996.3426822722,1.66516327857971,1.58559161424637,3.72787690162659,27.1519258916378,9.96102637052536,399.469933331013,3.77533161640167,49.6208280324936,28.8238034248352,574.280959308147,1.35477542877197,1.09080910682678,6.91899770498276,79.230321854353,0,94.2140904963017,0.741742491722107,251.503300905228,0,325.116698533297,3.66684687137604,671.979929536581,0,1.39279299974442,0,4.06845712661743,5.54362863302231,40.2005024552345,1.99512049555779,286.554421722889,2.79312878847122,46.24110019207,0.7193803191185,0,1.64173078536987,1.76583170890808,2.82395687699318,3.59644383192062,2.26382610201836,0,3.30811166763306,70.6360573768616,0.877179205417633,0,0.315175145864487,1.18323558568954,0,1.12372905015945
2.94345635175705,0,0.662416696548462,0,0,0,0.708990275859833,0,0,0,1.46945595741272,0,0,0,0,0,2.84147650003433,0,0.627360284328461,0,0,0,0,0,0,0,0,0,100.85560053587,0,0,0,0,2.50959205627441,236.023313909769,139.313093245029,515.765670269728,17.8081043362617,142.46663993597,7.99735975265503,21.0393961071968,0,3535.12959030271,542.890656322241,3227.27683025599,90.7069385945797,740.370235562325,28.3347933292389,0,68.1003584563732,9104.50242120028,51.044713973999,303.975960880518,26.9287679791451,202.510594040155,0,7.26447650790215,0,2000.60557508469,9.58746129274368,123.227520853281,0,0.506402134895325,0,14.1463080346584,0,961.216268330812,402.088126659393,0.822655737400055,0,2.44078701734543,0,271.037803202868,0,38.1583309471607,0,494.64893296361,5.77583861351013,1.76520556211472,0,232.188931763172,0,32.2686896920204,0,195.409988254309,28.4194400310516,3.00232145190239,0,212.974075496197,16.9423121213913,0,0,0,0,32.4150254428387,0,3.81575721502304,0,1.36605393886566,0,0,0,0,0,0,0,0,0,0,0.751113176345825,0,0,0,0,0,0
0,18.6320457458496,0,20.180674880743,0,0,0,2.71710461378098,0,0,0,1.62831443548203,0,0.711449861526489,0,0,0,0.571902275085449,0,5.58220458030701,0.552633821964264,0.706557333469391,0,0,0,0,0,0,0,99.1212863922119,0.549634218215942,0.56296694278717,8.34792280197144,2.81289225816727,278.577278077602,157.797704100609,60.583835542202,348.997991472483,1.08086764812469,157.867951571941,0,57.307980209589,353.517205744982,2754.97505828738,104.432464182377,4016.05080237985,24.886370241642,393.0098772645,68.1003584563732,0,45.5635268092155,7603.88461223245,5.06910490989685,311.271387517452,0,194.531131595373,0,22.3460665047169,40.9034934043884,2363.48490810394,0,27.1419554948807,0,5.52652326226234,0,1361.91008675098,220.432935386896,1002.16692075133,0,3.29107290506363,0.700583338737488,10.1554491519928,3.12565755844116,435.536560148001,0,112.323620170355,7.92303651571274,473.124758660793,0.861686885356903,18.3262955248356,1.78039371967316,356.82714548707,0,52.6062106490135,4.40857625007629,466.683785557747,0,7.61231327056885,1.98301422595978,321.975651025772,0,0,0,0,0,54.2573917806149,0,2.70121160149574,0,0,0,0,0,0,0,0,0,0,0,1.5741114616394,0,0,0,0,0,0
202.596342891455,0,28.4637180566788,0,0,0,120.207250803709,0,0,0,23.061372846365,0,18.8952938020229,0,1.31235003471375,0,5.68344634771347,0,6.35866039991379,0,0,0,0,0,0,0,1.20233631134033,0,242.976660370827,0,3.77800637483597,0.602853536605835,0.491901844739914,7.5982391834259,205.797815650702,154.777876496315,690.036514014006,73.3427486419678,128.059652835131,16.8556777238846,57.0280902981758,0,2939.25938144326,823.833726853132,881.396036088467,44.2277613282204,951.730162769556,39.7211324572563,9104.50242120028,45.5635268092155,0,13.9897651672363,4806.23656025529,0,1667.5800101459,10.8336131572723,175.667223572731,0,4063.10991954803,3.67963850498199,1494.12561365962,0,11.9390971660614,0,1148.53386357427,0,1587.58324295282,451.708407491446,3.50132146477699,0,60.1928404867649,1.54629826545715,466.785279721022,0,60.232380926609,0,696.541522055864,8.94124966859818,3.68069124221802,0,573.75296023488,0,251.597041845322,0,2840.39512547851,5.58091866970062,63.8823981583118,0,1880.33683669567,4.10000002384186,1.99686795473099,0,0,0,68.7747422158718,0,5.11193513870239,0,2.46207100152969,0,0,0,0,0,0,0,1.10223197937012,0,0,5.0303880572319,0,0,0,0,0,0
0,104.779389441013,0,149.838557630777,0,0,0,89.0564235746861,0,0,0,14.6126191318035,0,3.2102980017662,0,0,0,7.17350721359253,0,27.1859957873821,0,0,0,0,0,0,0,0,0,123.964521110058,1.86233860254288,1.22390174865723,5.04184186458588,2.46933168172836,182.739537864923,92.3959260284901,58.8064114153385,421.126930207014,3.23936879634857,74.7791828215122,0,103.072952270508,244.733128011227,2546.74798989296,77.8042069077492,1942.67825222015,15.936953663826,408.432950973511,51.044713973999,7603.88461223245,13.9897651672363,0,0,3321.12218731642,1.54701626300812,643.175417214632,0,158.156916230917,19.3760952949524,1529.69421958923,0,17.5153378844261,0,7.8499618768692,0,1268.76272383332,171.509590983391,483.30269446969,0,10.7511366307735,0.706640243530273,22.2676234543324,1.37143087387085,555.920839548111,0,106.088041484356,3.59068936109543,405.957727015018,0,8.44314181804657,0,557.669271826744,0,133.725315928459,1.46747672557831,4798.08536529541,0,71.1689586937428,0,1462.46824625134,0,0,0,0,0,50.435419678688,0,4.3605642914772,0,0,0,0,0,0,0,0,0,0,0,0.743679761886597,0,0,0,0,0,0
158.961906403303,0,0,0,0,0,26.1452070176601,0,0,0,22.9290688037872,0,12.1281567811966,0,0,0,2.84698975086212,0,0,0,0,0,0,0,0,0,0,0,72.3728407919407,0,0.916673183441162,0,0,2.04344820976257,39.5502596497536,19.919501543045,210.089343458414,8.03947222232819,19.8755762279034,0,18.6014160811901,0,1072.2157779038,151.079199582338,56.6629059910774,2.20121312141418,1498.95035111904,11.9271224737167,303.975960880518,5.06910490989685,4806.23656025529,0,0,0,2595.85578027368,0,108.820044398308,0,133.805349975824,0,97.7425190210342,0,8.2392646074295,0,102.3814881742,0,110.34257465601,94.1708757281303,0,0,8.17924875020981,0,142.05099606514,0,12.2849817276001,0,169.00675496459,0,0.992327094078064,0,110.050691127777,0,58.8348225951195,0,572.309616982937,1.71410524845123,21.3786525726318,0,924.557980030775,0,10.1351099610329,0,0,0,11.0888697206974,0,2.70849096775055,0,6.88053733110428,0,0,0,0,0,0,0,0,0,0,0,0,0,0,0,0,0
0,0,0,0,0,0,0,0,0,0,0,0,0,0,0,0,0,0,0,0,0,0,0,0,0,0,0,0,0,60.871915012598,0,0,0,0,126.831722319126,48.2684092521667,36.7282016277313,323.47715857625,0,97.4200450778008,0,132.799541443586,206.927131086588,1168.65270093083,40.6947917938232,221.837496548891,5.61986190080643,2868.40225231647,26.9287679791451,311.271387517452,0,3321.12218731642,0,0,0,3263.96821725368,0,0.635250329971313,1.24710738658905,21.6190178394318,0,0,0,0.473866701126099,0,0,97.4919469952583,87.3191840648651,0,0,0,2.42179268598557,0,229.995376974344,0,19.814789056778,2.32978469133377,150.404666215181,0,0,0,77.4873035252094,0,48.2458189427853,0,310.79802531004,0,104.409835934639,0,1173.88290065527,0,0,0,0,0,14.9208791851997,0,6.69790941476822,0,8.78649088740349,0,0,0,0,0,0,0,0,0,0,0,0,0,0,0,0
52.4427179992199,0,0,0,2.88287281990051,0,10.3011183738708,0,0,0,3.1850648522377,0,2.76436597108841,0,0,0,0,0,0.703577518463135,0,0,0,0,0,0,0,0,0,89.5320822000504,0,0.579283595085144,0,4.72773313522339,0.507063746452332,57.4822609722614,45.771619617939,924.759873867035,14.4606353640556,1465.28149920702,1.5652135014534,87.3500856161118,4.40708667039871,998.352405399084,53.6418129503727,93.4205266833305,0,4198.31837821007,4.59503817558289,202.510594040155,0,1667.5800101459,1.54701626300812,2595.85578027368,0,0,2.70703154802322,30.6396177113056,0,81.0174099802971,0,26.9655186831951,0,3.24874165654182,0,27.1417549848557,0,172.488018542528,67.6764688789845,0,0,8.82527256011963,0,116.70800152421,0,16.8889458477497,7.64345532655716,162.962960481644,0,0,0,53.423892468214,0,131.811289012432,0,293.762423783541,0,262.737652242184,0,4391.02727898955,0,39.9015955626965,0,0,0,7.22267562150955,0,0.883375138044357,0,67.9290424287319,0,0,0,0,0,0,0,0,0,0,0,0,0,0,0,0,0
0,8.3656809926033,0,1.19353830814362,0,0,0,3.25595289468765,0,0,0,0,0,0,0,1.06739819049835,0,0,0,0,0,0,0,0,0,0,0,0,0,37.4990937709808,0,0,0,2.09299644827843,54.9763865172863,55.7563198208809,31.7555755078793,1604.9108992815,6.52129328250885,1396.74401202798,1.00330543518066,917.753926455975,167.783637225628,544.460504025221,12.7821274101734,165.979122906923,27.3814016580582,3040.85363411903,0,194.531131595373,10.8336131572723,643.175417214632,0,3263.96821725368,2.70703154802322,0,0,7.86899617314339,2.00117844343185,51.502526640892,0,0.477777689695358,0,0,0,7.02378112077713,77.9947012662888,156.96673193574,0,0,1.20981729030609,13.9123512208462,3.03595703840256,139.595919519663,2.76998960971832,24.9814421832561,10.8639042973518,162.023728847504,0,0,0,41.5626995265484,0,65.1616680920124,0,492.910401284695,0,771.923262834549,1.06831061840057,3925.38858178258,0,0,0,0,0,7.98891681432724,0,28.3978004157543,0,12.5549131929874,0,0,0,0,0,0.538294851779938,0,0,0,0,0,0,0,0,0,0
9721.36113157868,69.8116253912449,183.413443535566,33.7205853760242,0,0,171.279404461384,6.11903074383736,0,0,396.245544612408,0.423038631677628,93.8541790246964,0,8.07421684265137,0,2412.38349106908,4.63409948348999,135.707054436207,87.2323350906372,0,1.03640949726105,0.708913505077362,0,0,0,0,0,1181.45758849382,2.65081828832626,1.06853067874908,0.935694456100464,99.8659535944462,149.356883168221,3.42318105697632,4.17953312397003,430.816148370504,37.2916073203087,132.793822467327,4.65235447883606,1.11120089888573,0,0.895063996315002,0.908622235059738,0.688054382801056,0,0,0,7.26447650790215,0,175.667223572731,0,108.820044398308,0,30.6396177113056,0,0,158.663628309965,1823.49048176408,36.2789517641068,5342.77125918865,7.22714507579803,2359.68066394329,33.0982032418251,315.429557412863,0,741.404132455587,211.001403331757,2123.62524798512,95.8252104520798,1044.17367652059,125.587283998728,1858.47835996747,22.2473064959049,546.245052069426,9.47597560286522,3175.19897651672,146.107586920261,124.056795299053,5.00581532716751,328.397665888071,5.2710942029953,13.3495778441429,0,618.914769649506,0,0,0,543.716698855162,0,0,0,0,0,165.055735737085,8.27264738082886,15.3308540582657,0,0.575708210468292,0,0,0,2.36067533493042,0,14.0020715296268,0,13.5757113099098,0,3.190021276474,3.27080547809601,0.894588112831116,0,0,0,0,4.29517444968224
67.8850296139717,11518.2690218687,12.5852189958096,382.051759272814,0,0,1.69618093967438,890.719052225351,0,2.762002825737,1.76806935667992,337.71533998847,0,49.58287987113,0,7.35705882310867,12.0590983629227,2048.282363832,41.3631905317307,308.903762072325,0,0,0,4.55730831623077,0,0,0,0,13.5530002117157,410.421327143908,9.267593562603,11.5154905617237,76.638156324625,192.112661987543,1.4481999874115,0.670752644538879,20.3110807538033,65.199694365263,0.992615878582001,28.1142072677612,0,0.72804719209671,0,0,0.464234799146652,2.4678176343441,1.8559308052063,0.572169959545135,0,22.3460665047169,0,158.156916230917,0,0.635250329971313,0,7.86899617314339,158.663628309965,0,24.1521019637585,1732.76631399989,23.0848102867603,1860.4238088429,57.7683722674847,1953.90645062923,0,1089.92370200157,280.806687891483,324.580577343702,189.863348573446,2768.6545458436,136.217392206192,549.23674467206,35.2512360215187,1879.55495107174,11.2656446397305,382.052617639303,208.694366246462,2168.09603866935,4.60630416870117,50.0287270843983,14.9911729693413,197.961911767721,0,3.92120534181595,2.52931833267212,287.011623173952,0,0,0,189.326372087002,0,0,0,0,0,161.067413747311,0,0.443588823080063,0,0,0,0,0,0,0,2.19587510824203,0,0,4.20125049352646,0,0,0,0,0,0,3.37440025806427
775.251087099314,0.550588667392731,184.646677017212,0,0,0,225.810333490372,1.46507447957993,0,0,68.732775747776,0,14.5829440951347,0,0,0,83.1390033960342,2.79189038276672,108.276495307684,3.4142735004425,0,0,2.15513503551483,0,0,0,0,0,535.652960270643,2.74256044626236,3.97072494029999,1.87202423810959,48.8302022218704,71.8405607044697,127.095361053944,106.857181489468,569.050036221743,111.290474116802,201.523435920477,2.34568011760712,11.4480055272579,0.860594809055328,736.927463233471,281.377234637737,512.958717346191,23.6064480543137,227.726970463991,33.7501078248024,2000.60557508469,40.9034934043884,4063.10991954803,19.3760952949524,133.805349975824,1.24710738658905,81.0174099802971,2.00117844343185,1823.49048176408,24.1521019637585,0,30.9083333611488,6358.12262934446,6.31725424528122,190.518452227116,5.89947754144669,1520.36319109797,0,2954.27720046043,362.931465029716,392.632238179445,2.14943760633469,199.067722409964,16.8722159862518,661.848546892405,6.1931277513504,216.437953770161,0,1428.26160487533,60.0762028098106,75.0819877684116,1.28155100345612,788.67749479413,2.80448782444,33.3332445919514,0,560.991051733494,11.3452341556549,1.86448729038239,0,348.738878786564,6.47791683673859,0,0,0,0,97.5822774767876,0,14.9565353989601,0,0,0,0,0,0,0,1.23382472991943,0,0,0,1.13252103328705,5.46878862380981,0,0,0,0,0,0.874563872814178
1.97132766246796,489.628938555717,0,145.86827391386,0,0,0,42.941985398531,0,0,0,59.0817136764526,0,5.82361888885498,0,0,9.74111789464951,90.4579172432423,0,122.842694044113,1.67694902420044,0.947467386722565,0,1.37351247668266,0,0,0,0,12.9799698591232,309.53429543972,0,2.34810066223145,14.0445232093334,87.5851280093193,67.5113378167152,44.2347818911076,144.819647789001,547.380706042051,48.8544362783432,109.578889727592,0,31.6305065751076,60.0017329454422,184.758586019278,21.6803844571114,590.813368797302,20.4022831916809,99.7738863527775,9.58746129274368,2363.48490810394,3.67963850498199,1529.69421958923,0,21.6190178394318,0,51.502526640892,36.2789517641068,1732.76631399989,30.9083333611488,0,20.9055206775665,1568.27290031314,18.3030744194984,357.64909696579,2.37300390005112,3119.66545853019,272.161313682795,1330.57073512673,2.70171642303467,475.108611941338,32.5962101221085,76.1113313734531,22.7460249662399,1027.77715989947,2.96407198905945,242.154282093048,162.332179546356,1546.10551562905,4.80619168281555,135.27657994628,14.6793014407158,705.515793174505,0,51.3809537291527,0.945130407810211,353.955220550299,0,2.32685703039169,0,241.108419895172,0,0,0,0,0,196.827969789505,0,3.18337869644165,0,0,0,0,0,0,0,0,0,0,0,1.20960921049118,0,0,0,0,0,0
1202.47350338101,0.68781453371048,44.5815823674202,0,0,0,218.968074917793,0,0,0,442.757624447346,0,162.579600304365,0,0,0,355.605564802885,0,13.057376563549,0,0,0,0,0,0,0,0,0,159.208838045597,0,4.63577109575272,0,8.06132051348686,41.9374884366989,23.4807857573032,22.4991481304169,73.9580513834953,65.3147538304329,14.1461371779442,0,3.21975833177567,0,10.8545384407043,0,36.212889611721,0,3.45981511473656,7.03425192832947,123.227520853281,0,1494.12561365962,0,97.7425190210342,0,26.9655186831951,0,5342.77125918865,23.0848102867603,6358.12262934446,20.9055206775665,0,1.89866429567337,1584.48027077317,4.37965017557144,2534.34380608797,0,959.809389799833,119.555227041245,43.6834003329277,5.02984982728958,120.109415113926,17.0915215611458,196.851775407791,3.70910376310349,53.9650345742702,0.894578516483307,286.702522337437,35.9711051881313,19.3545390963554,0,361.192457735538,0.684504330158234,20.6897747218609,0,1951.49679479003,0.670101940631866,4.17186695337296,0,613.960280954838,0,1.66379988193512,0,0,0,11.4592743515968,0,0,0,0,0,0,0,0,0,3.03115582466125,0,1.86121702194214,0,0,0,0,0,0,0,0,0
1.71372997760773,499.719835937023,0,48.9446524977684,0,0,0,376.518140107393,0,0,0,387.13369590044,0,92.2227081358433,0,0,0,273.018588453531,0,17.207066565752,0,0,0,0,0,0,0,0,6.24716830253601,42.7460163533688,2.22400805354118,2.18188798427582,2.1288565993309,10.0417772829533,1.46849179267883,1.99558210372925,2.64950960874557,10.2193910181522,0,0,0,0,0,0.550388038158417,0,0,0,1.28627020120621,0,27.1419554948807,0,17.5153378844261,0,0,0,0.477777689695358,7.22714507579803,1860.4238088429,6.31725424528122,1568.27290031314,1.89866429567337,0,7.45860922336578,2511.21847549081,0,2870.47156018019,20.1783003211021,46.5989094674587,1.15824902057648,7.49517995119095,10.0366463661194,29.0979776382446,8.59494286775589,124.980796128511,0,7.98199069499969,29.5301141440868,89.4246256947517,0.764167666435242,5.08988398313522,5.99658071994781,218.158910185099,0,1.49752447009087,0,351.37691283226,0,0,0,54.1426645815372,0,0,0,0,0,1.33690237998962,0,0,0,0,0,0,0,0,0,0,0,0,0,0,0,0,0,0,0,0
221.397452294827,1.20656695961952,20.4462654590607,0,0,0,45.4165575802326,0,0,0,369.833347529173,0,122.373389184475,0,0,0,1477.79002800584,0,7.99761617183685,1.29425537586212,0,0,0,0,0,0,0,0,422.600111156702,0,3.70403033494949,0.961098670959473,14.2191688716412,52.8227794766426,11.609993904829,4.76567322015762,33.2606419324875,37.0323905348778,12.2715897858143,1.87753403186798,0,0,3.20806136727333,1.37551319599152,2.03534501791,0,0.443791717290878,0,0.506402134895325,0,11.9390971660614,0,8.2392646074295,0,3.24874165654182,0,2359.68066394329,57.7683722674847,190.518452227116,18.3030744194984,1584.48027077317,7.45860922336578,0,17.8818901777267,92.1409220099449,0,266.024171829224,110.403353899717,84.1441294252872,13.618074297905,127.460212826729,23.5676196217537,173.788897842169,4.66401237249374,26.9133634567261,1.86259788274765,191.523140192032,52.659473836422,69.8079471588135,0,1538.30658882856,0.615374445915222,22.5258006453514,0,936.494020551443,0,3.18271297216415,0,141.726496845484,0,0,0,0,0,5.63388180732727,0,0.491777777671814,0,0,0,0,0,0,0,0,0,2.52360939979553,0,0,0,0,0,0,0,0,0
0,101.275735169649,0,20.3348413109779,0,0,0,57.1583235859871,0,0.776997804641724,0,226.738222658634,0,54.1731555759907,0,8.13978147506714,1.98324251174927,1506.59826406837,0.374364644289017,17.7109234929085,0,0,0,0,0,0,0,0,4.06753635406494,238.464286088943,1.33083510398865,1.67693710327148,11.9091882705688,39.5151319503784,0,2.15701591968536,5.25419235229492,31.2668537199497,0,0,0,3.29456856846809,0,1.73682951927185,0,2.72514367103577,0,0.473516017198563,0,5.52652326226234,0,7.8499618768692,0,0.473866701126099,0,0,33.0982032418251,1953.90645062923,5.89947754144669,357.64909696579,4.37965017557144,2511.21847549081,17.8818901777267,0,0,983.881323933601,64.5306016802788,79.0385623574257,13.2883170247078,44.5812409520149,37.1574100852013,69.4707420766354,9.51705378293991,560.87944829464,2.45264363288879,56.9304720759392,58.0568341612816,255.586491078138,2.4701544046402,72.7960675954819,6.62356543540955,1268.35062623024,0,16.8627302646637,0,325.775695204735,0,9.83545631170273,0,67.1383901834488,0,0,0,0,0,11.4318450689316,0,0,0,0,0,0,0,0,0,1.1989928483963,0,0,0,0,0,0,0,0,0,0
310.829429268837,0,20.5982369184494,0.841515809297562,0,0,81.4264744520187,0,0,0,50.0267551541328,0,48.0844876170158,0,0,0,12.9004210829735,0,5.69710260629654,2.4869090616703,0,0,0,0,0,0,0,0,37.8285154104233,0,4.23814937472343,0,4.09681022167206,10.6001487374306,14.0796740949154,3.04183530807495,16.338564068079,24.1687605977058,1.0819878578186,0,1.03920650482178,0,3.98034679889679,11.12184882164,6.28622442483902,0,5.80554762482643,1.96497845649719,14.1463080346584,0,1148.53386357427,0,102.3814881742,0,27.1417549848557,0,315.429557412863,0,1520.36319109797,2.37300390005112,2534.34380608797,0,92.1409220099449,0,0,0,216.808551937342,30.1426166296005,5.41195380687714,0,30.3860712349415,0.922716051340103,45.3170242011547,4.30663776397705,13.9047729372978,0,59.3919463157654,2.84911036491394,1.74195098876953,0,223.11462071538,1.66814708709717,20.9694842994213,0,4980.87279421091,0,7.6685084104538,0,553.666148871183,0,0,0,0,0,1.82244539260864,0,0,0,0,0,0,0,0,0,0,0,0,0,0,1.48782384395599,0,0,0,0,0,0
0,810.444133520126,0,241.103705525398,0,0,0,811.090990424156,0,0,0,336.867774039507,0,86.7175513207912,0,1.25423699617386,0,87.3671761751175,0,51.825210750103,0,0,0,0,0,0,0,0,1.24424290657043,59.971343934536,2.75095769762993,4.52493545413017,0,13.2697210907936,3.28384852409363,8.127621114254,5.25801074504852,104.69446092844,4.33758163452148,17.0965787172318,0,8.3226812183857,0,3.60072839260101,0,56.4185916483402,0,6.74389106035233,0,1361.91008675098,0,1268.76272383332,0,0,0,7.02378112077713,0,1089.92370200157,0,3119.66545853019,0,2870.47156018019,0,983.881323933601,0,0,18.6878327727318,239.801060199738,0,20.0628037452698,2.95743948221207,39.5632429718971,0,291.304194688797,0,67.9682404398918,4.35005527734756,210.450860321522,0,29.2024274468422,0,948.907848030329,0,31.2184849381447,0,4523.21614688635,0,15.764072060585,0,455.949889272451,0,0,0,0,0,13.7191218435764,0,1.79434263706207,0,0,0,0,0,0,0,0,0,0,0,0,0,0,0,0,0,0
388.840466886759,55.0717475712299,715.621120661497,10.2617081403732,0.762472033500671,0,212.657141178846,4.32584974169731,0,0,95.3213481605053,0,23.270082205534,0,0.732145428657532,0,146.17928853631,14.0555601716042,1795.07891094685,186.797886371613,3.51137489080429,0,222.945324242115,0,1.68720102310181,0,2.50095081329346,0,386.751128554344,15.4249687194824,485.679947257042,30.5431244969368,5132.92972564697,722.582489013672,2790.91270449758,413.542052686214,883.759097009897,712.281249761581,511.1043651402,74.0305732488632,48.6680002212524,6.29343897104263,2576.22495496273,564.997569769621,1941.79515078664,447.241416633129,1515.71195825934,271.323470830917,961.216268330812,220.432935386896,1587.58324295282,171.509590983391,110.34257465601,97.4919469952583,172.488018542528,77.9947012662888,741.404132455587,280.806687891483,2954.27720046043,272.161313682795,959.809389799833,20.1783003211021,266.024171829224,64.5306016802788,216.808551937342,18.6878327727318,0,1851.26294997334,2161.29582449794,252.983422517776,437.499797344208,145.279688060284,719.086527943611,154.156949043274,220.606228888035,30.449298709631,2439.88244408369,486.777881741524,70.8910866379738,3.7174528837204,888.87592113018,31.148004591465,42.5316430330276,0,635.941382616758,32.8294949233532,11.8188798129559,0,379.349773466587,89.8333580195904,0.834762036800385,0,0,0,150.25632122159,3.91352427005768,25.7281198501587,6.66209518909454,1.29669642448425,0,0,0,0,0,2.44011208415031,0,1.33743000030518,0,1.50033617019653,1.0685213804245,0,0,0,0,0,1.03337183594704
40.0715334713459,70.2944200634956,2.31422227621078,113.957467406988,0,0,6.08491724729538,25.8391563892365,0,0,1.3305270075798,25.2708588242531,0,3.23714777827263,0,0.609280288219452,30.5814917385578,33.7881476581097,53.9788988828659,926.804894030094,0,5.12289756536484,0,124.885293900967,0,1.40547516942024,0,0.848616361618042,87.9860841035843,81.5039255917072,27.6171493530273,274.296396255493,110.460971415043,5571.0371132791,189.193863809109,1520.07528561354,874.151323139668,907.815775930882,203.152308523655,479.652939021587,2.62998312711716,77.4235770106316,703.819709271193,2298.09598267078,446.797066748142,2383.09363049269,348.203949034214,1996.3426822722,402.088126659393,1002.16692075133,451.708407491446,483.30269446969,94.1708757281303,87.3191840648651,67.6764688789845,156.96673193574,211.001403331757,324.580577343702,362.931465029716,1330.57073512673,119.555227041245,46.5989094674587,110.403353899717,79.0385623574257,30.1426166296005,239.801060199738,1851.26294997334,0,143.989050626755,1281.80002632737,141.3363481462,105.335651516914,201.036880671978,478.201779067516,41.7398705780506,138.814878612757,790.301927149296,1197.95845511556,14.52738904953,26.0123696029186,171.518287837505,317.215026497841,0,34.9286035299301,91.5284233093262,180.607113391161,0,21.7610257565975,155.409357845783,301.57671096921,0,0,0,1.59172379970551,5.45074337720871,118.513688325882,1.23956727981567,66.6201170086861,3.67306542396545,0,0,0,0,0,0,0,0,0,1.8338543176651,1.38209617137909,0.607203006744385,0,0,0,0,0
1594.34153142571,252.567332983017,312.588446289301,34.8587662279606,0,0,54.5471109747887,22.0538900494576,0,0,141.346417963505,0,44.8416726589203,0,1.9309960603714,0,155.845299899578,15.6129713654518,1049.12385684252,584.389204055071,0,0,5.56561607122421,0,0,0,0,0,181.720944136381,3.60394823551178,17.0331554710865,1.25588911771774,1076.57563149929,356.640957504511,0,1.31643235683441,353.148840129375,4.8948792219162,61.9436733424664,0,1.11450135707855,0,0,0,0,0,0,1.66516327857971,0.822655737400055,0,3.50132146477699,0,0,0,0,0,2123.62524798512,189.863348573446,392.632238179445,2.70171642303467,43.6834003329277,1.15824902057648,84.1441294252872,13.2883170247078,5.41195380687714,0,2161.29582449794,143.989050626755,0,529.992644131184,958.436926245689,127.861513316631,824.866482406855,36.1678647398949,399.893407732248,8.46682858467102,2647.85627815127,161.451846063137,5.19958651065826,1.51471889019012,27.0286446213722,1.64643633365631,5.97777783870697,0,3.068892121315,0,0,0,1.34956622123718,0,0,0,0,0,142.017790466547,0,11.4340837597847,0,0,0,0,0,0,0,0,0,0,0,1.35706275701523,0.647963106632233,0,0,0,0,0,1.21923887729645
139.035764783621,1196.83885702491,9.44429489970207,220.04807433486,0,0,2.44780457019806,17.5766795575619,0,0,2.53595846891403,23.0972138941288,0,1.06555378437042,0,0,8.48994839191437,129.812863796949,79.6530841886997,2960.04595565796,0,0.37992337346077,0,25.321642011404,0,0,0,0,9.99831938743591,45.357768625021,6.08987268805504,21.4197780191898,204.622348159552,893.335302650928,0,0,7.07639896869659,43.9282677173615,1.16045832633972,14.3844097852707,0,0.892276585102081,0,0,0,0,0,1.58559161424637,0,3.29107290506363,0,10.7511366307735,0,0,0,0,95.8252104520798,2768.6545458436,2.14943760633469,475.108611941338,5.02984982728958,7.49517995119095,13.618074297905,44.5812409520149,0,20.0628037452698,252.983422517776,1281.80002632737,529.992644131184,0,123.092345952988,465.805212408304,36.0541045665741,432.370410859585,16.3062019944191,175.94459220767,125.414980053902,2074.67285251617,2.02441358566284,4.09924787282944,1.93459111452103,31.4140141606331,0,1.12997090816498,0,2.40263563394547,0,0,0,0,0,0,0,0,0,110.603635877371,0,0,0,0,0,0,0,0,0,0,0,0,2.52522480487823,0,0,0,0,0,0,0
2700.44181936979,150.91223013401,1313.88135412335,308.429838389158,986.422063261271,159.334557563066,1395.80629348755,299.696539342403,1089.6794654429,172.984794080257,725.184584677219,98.4045833945274,1328.84218767285,81.0820052921772,2446.2245862186,222.765269935131,268.750470727682,25.510061532259,832.96117207408,644.227267682552,546.919649094343,138.687615990639,707.556608051062,642.659384578466,424.891253352165,341.699452877045,1098.86665460467,204.343722850084,510.740397751331,37.9484391212463,1152.50326421857,504.197648257017,308.496541976929,238.630614817142,45.2383653223515,11.61299264431,423.252224564552,41.8701302409172,114.810876488686,6.9897775053978,289.710755586624,31.5757775902748,11.9502883851528,2.03053134679794,5.5767285823822,0,15.2810103297234,3.72787690162659,2.44078701734543,0.700583338737488,60.1928404867649,0.706640243530273,8.17924875020981,0,8.82527256011963,1.20981729030609,1044.17367652059,136.217392206192,199.067722409964,32.5962101221085,120.109415113926,10.0366463661194,127.460212826729,37.1574100852013,30.3860712349415,2.95743948221207,437.499797344208,141.3363481462,958.436926245689,123.092345952988,0,646.736816972494,5409.32567593455,222.28399476409,3766.39797645807,74.7616551220417,6474.77174499631,233.980891466141,8.48489671945572,2.27849733829498,135.885810554028,6.33820992708206,27.5736696124077,0.545377910137177,76.0327919125557,1.1387727856636,6.63121503591537,4.29213029146194,61.3058466017246,6.82378309965134,32.9141415655613,16.9231376051903,25.194554746151,7.95994651317596,310.448054105043,51.1700412929058,63.4483370184898,9.41783177852631,34.7038670182228,15.1849182248116,26.1619621515274,4.30315583944321,70.5891833305359,17.4628354310989,101.74153149128,27.1062056422234,26.4352699816227,8.58006715774536,81.3964828848839,14.3699890971184,14.906002253294,2.22066777944565,0.981050103902817,1.90317904949188,2.16330337524414,24.5791680216789
139.748389214277,1757.91221818328,589.482022792101,2013.6075771451,161.729674398899,1175.29333475232,390.90684401989,2257.98283174634,146.039539575577,1460.89909973741,64.6129824519157,899.410224318504,181.150485754013,974.131184488535,177.230346769094,1927.36525568366,24.8399757444859,217.159167349339,266.782745301723,1561.22783383727,63.7705917656422,445.644863635302,499.052295863628,1778.06954202056,149.749524831772,748.439131766558,229.949353605509,965.374448210001,45.3521473109722,401.270786672831,377.263749957085,850.540651887655,106.828761100769,520.761785268784,3.86762350797653,11.5002018511295,33.3744552135468,288.999182462692,22.3997085094452,16.2219784259796,15.6384065747261,283.837681025267,0,1.86209225654602,0,5.16596227884293,3.4046995639801,27.1519258916378,0,10.1554491519928,1.54629826545715,22.2676234543324,0,2.42179268598557,0,13.9123512208462,125.587283998728,549.23674467206,16.8722159862518,76.1113313734531,17.0915215611458,29.0979776382446,23.5676196217537,69.4707420766354,0.922716051340103,39.5632429718971,145.279688060284,105.335651516914,127.861513316631,465.805212408304,646.736816972494,0,224.487592250109,5234.66782405972,60.4108952283859,4419.00203353167,250.798875391483,9413.11139911413,1.51108336448669,1.15079689025879,16.8635185956955,25.4508325755596,4.70557364821434,1.18965440988541,6.55814066529274,47.1027706861496,4.75386917591095,17.4131215214729,6.65697222948074,36.7027240991592,15.5240245461464,30.6872299313545,4.92728453874588,24.6026640236378,36.5997378230095,367.60852509737,14.0423385202885,20.3171066939831,16.9791634678841,14.2453350126743,5.02620449662209,5.74220645427704,14.8811827898026,49.5470221042633,30.5969851613045,76.1091919839382,11.4799371361732,2.00064858794212,175.804461866617,15.0509178042412,4.50572288036346,2.9649885892868,1.84844505786896,1.52046638727188,2.59336167573929,31.5635690391064
2990.11416754127,107.332998096943,1891.59145495296,220.715422123671,959.52071300149,19.2284331917763,1258.1274073422,185.589557617903,1343.79424268007,42.6233977973461,582.84606730938,57.8589397370815,1266.9266808331,35.6148356497288,3783.63066443801,32.0421836674213,650.215122848749,13.8016178905964,882.130343854427,497.844622373581,86.9894883036613,5.48505979776382,466.104379445314,341.255796343088,115.884103268385,74.7145574390888,272.649576574564,11.3310905694962,2130.05878528953,20.5357473194599,506.558707207441,344.702387958765,206.264228284359,201.217339843512,48.6058900356293,66.8351573944092,369.472379803658,76.5249007046223,69.7402599751949,6.36556053161621,742.534380495548,57.9116699099541,295.861926078796,50.1901034116745,85.3084489107132,4.0026815533638,263.685209304094,9.96102637052536,271.037803202868,3.12565755844116,466.785279721022,1.37143087387085,142.05099606514,0,116.70800152421,3.03595703840256,1858.47835996747,35.2512360215187,661.848546892405,22.7460249662399,196.851775407791,8.59494286775589,173.788897842169,9.51705378293991,45.3170242011547,0,719.086527943611,201.036880671978,824.866482406855,36.0541045665741,5409.32567593455,224.487592250109,0,120.094670414925,2119.60434368253,102.779585361481,2281.34091314673,141.941245496273,31.562299311161,0,383.977119892836,4.1628954410553,151.487898558378,0,127.724708378315,0,54.9689127802849,5.61828321218491,87.0617204606533,2.42313575744629,10.0163659155369,16.8947558999062,21.3370393514633,6.87752306461334,127.036116331816,27.9519739449024,18.9409228563309,13.3748368024826,16.2927932739258,12.4357430040836,18.3413060307503,2.65939027070999,16.6466121375561,13.2946940660477,44.1533322036266,9.17291358113289,5.1896191239357,1.9031343460083,43.3841895461082,12.9426557421684,1.47149106860161,0.724641084671021,1.41265463829041,0,0,14.9918060302734
76.966020822525,2523.02721732855,278.348034322262,2090.75049069524,37.1798377335072,1268.95141914487,168.67933639884,871.108896940947,47.6428797543049,1045.68215465546,38.981249243021,1273.00005427003,85.4315794706345,1647.09857937694,36.1120042800903,4210.42109721899,16.9400050938129,1960.6422573626,193.541766732931,1313.84070304036,5.49734455347061,255.199979424477,200.033096343279,760.736521542072,40.0844703316689,250.46140307188,47.8637290298939,762.822618216276,31.8002361357212,5797.06263518333,184.022493511438,476.13702377677,56.1060286164284,267.776128351688,51.2684744000435,66.0608620941639,44.6744782626629,417.87307715416,40.0362781882286,61.011104285717,23.2293099761009,2174.03706485033,104.868861198425,446.005355983973,20.682800412178,403.478924781084,16.4594087600708,399.469933331013,0,435.536560148001,0,555.920839548111,0,229.995376974344,0,139.595919519663,22.2473064959049,1879.55495107174,6.1931277513504,1027.77715989947,3.70910376310349,124.980796128511,4.66401237249374,560.87944829464,4.30663776397705,291.304194688797,154.156949043274,478.201779067516,36.1678647398949,432.370410859585,222.28399476409,5234.66782405972,120.094670414925,0,38.3007053732872,1891.92544996738,100.233594506979,1870.55697494745,0,146.844215154648,8.24573612213135,929.958335608244,1.37624883651733,584.622688084841,0,814.0151027143,0,239.867644131184,7.73332494497299,414.209040611982,17.7154591083527,20.9497240185738,10.6492435932159,29.8028346002102,18.4659034907818,178.158698439598,30.0132244229317,9.58256879448891,10.8415811657906,19.2374580204487,4.44305312633514,7.2401522397995,11.02585542202,23.1031555831432,15.6804159879684,24.0296854972839,4.88102173805237,1.65408810973167,36.2627640664577,8.07823431491852,5.77672415971756,3.40759778022766,2.3257532119751,1.10894352197647,0.647296011447906,13.1725307703018
934.006376177073,31.6737533211708,448.880800545216,44.9528083503246,22.5229386687279,0,266.794523864985,33.6721970438957,45.326803535223,1.95304065942764,115.293027460575,9.23800066113472,184.124033093452,3.1434810757637,248.155303359032,0,74.0682881474495,7.19145011901855,307.519124567509,142.687323987484,14.2976251840591,8.59543281793594,76.9374547600746,28.1971076726913,4.01364320516586,1.54909825325012,16.7856952548027,4.20214587450027,78.1656333804131,0.970612406730652,108.7621127069,52.3301716446877,49.2445565164089,68.1500807702541,9.84223800897598,7.98959249258041,785.32963886857,63.5639490783215,93.4002811610699,20.1354763507843,353.749006092548,28.0322439074516,27.83678612113,10.3717648983002,22.8461654782295,0,24.9901227355003,3.77533161640167,38.1583309471607,0,60.232380926609,0,12.2849817276001,0,16.8889458477497,2.76998960971832,546.245052069426,11.2656446397305,216.437953770161,2.96407198905945,53.9650345742702,0,26.9133634567261,2.45264363288879,13.9047729372978,0,220.606228888035,41.7398705780506,399.893407732248,16.3062019944191,3766.39797645807,60.4108952283859,2119.60434368253,38.3007053732872,0,97.3330165147781,1770.18021041155,94.608354985714,4.70663422346115,0,29.9895630180836,0,13.3254637122154,0.68937361240387,13.4374290108681,0,18.4316666722298,3.15506559610367,32.7150675654411,4.34491604566574,48.6344153881073,178.707810521126,73.7724955976009,100.079632639885,353.369032651186,88.9405018687248,67.0231675207615,53.2237612009048,45.2926391661167,68.1529355943203,36.9356296658516,28.0100218057632,66.9735741019249,141.443444341421,137.467482000589,73.4574884772301,47.8548820614815,23.7371149659157,121.476038575172,28.6103885173798,23.9117141067982,5.25726011395454,16.8427191972733,4.85876113176346,7.12869608402252,32.1072800457478
25.9714893996716,892.81028714776,43.394787967205,662.683208197355,0,23.060760140419,46.9236421883106,260.413757145405,1.19294938445091,62.3424556851387,10.2477558255196,109.204907894135,21.156691879034,182.377583801746,5.6472806930542,160.975515991449,3.56808310747147,86.0766384601593,90.6826241314411,617.943303138018,11.2197617292404,12.2606389522552,52.6119948923588,142.646591365337,3.34443837404251,9.51833909749985,5.14741736650467,11.604326069355,3.78606116771698,42.7492865920067,50.8635585904121,101.637318134308,23.0654576718807,83.4022988080978,10.9944089651108,11.6740701496601,92.7662163972855,369.975601613522,96.5582931935787,28.0012759566307,40.8408786058426,253.809357643127,17.2265745401382,56.2727575302124,2.97856819629669,79.181518137455,4.55015671253204,49.6208280324936,0,112.323620170355,0,106.088041484356,0,19.814789056778,7.64345532655716,24.9814421832561,9.47597560286522,382.052617639303,0,242.154282093048,0.894578516483307,7.98199069499969,1.86259788274765,56.9304720759392,0,67.9682404398918,30.449298709631,138.814878612757,8.46682858467102,175.94459220767,74.7616551220417,4419.00203353167,102.779585361481,1891.92544996738,97.3330165147781,0,71.2455451190472,1459.24487096071,0,5.17766159772873,0,53.666139870882,3.92737472057343,5.49937972426414,0,112.736142247915,5.79850780963898,51.2724097669125,24.3085585832596,63.8387779295444,183.448521792889,73.8808465301991,118.006173253059,72.3951273262501,49.7694352269173,393.429400712252,128.818750143051,39.679554194212,119.391739457846,40.403349250555,78.7799633145332,11.22166711092,113.691677361727,80.5848046839237,104.462198615074,109.811476886272,33.6921628713608,20.3741924166679,113.617712080479,16.2169961929321,27.0327168703079,3.98025172948837,10.5935519635677,5.69437596201897,10.080107152462,29.7204423844814
3299.68604809046,149.520883053541,1809.46600645781,163.542850285769,35.9031202793121,0.604344427585602,1028.42092168331,94.8641581535339,183.117073148489,0,414.395165205002,46.5783777236938,747.492707520723,9.4469920694828,975.209803342819,1.83205330371857,301.603818684816,19.3626321852207,1357.81152585149,731.796482950449,14.6750473380089,0,340.751541316509,64.1475834846497,14.9922305345535,3.88701158761978,17.2787035107613,4.79277288913727,376.726274549961,11.7379691004753,579.012600004673,270.216518044472,362.761214017868,361.839723527431,230.228345751762,252.545893907547,3786.49871656299,353.804695785046,312.151490867138,18.5698832273483,361.854633510113,7.50920581817627,447.733334779739,129.331883490086,214.77249956131,11.6936545968056,636.529101669788,28.8238034248352,494.64893296361,7.92303651571274,696.541522055864,3.59068936109543,169.00675496459,2.32978469133377,162.962960481644,10.8639042973518,3175.19897651672,208.694366246462,1428.26160487533,162.332179546356,286.702522337437,29.5301141440868,191.523140192032,58.0568341612816,59.3919463157654,4.35005527734756,2439.88244408369,790.301927149296,2647.85627815127,125.414980053902,6474.77174499631,250.798875391483,2281.34091314673,100.233594506979,1770.18021041155,71.2455451190472,0,573.384208768606,12.7703464031219,0,215.397503644228,11.8011096715927,67.9226686358452,0,198.165476977825,2.13278937339783,77.7448222637177,0,241.492509901524,0.901753306388855,77.3339117467403,48.9957067668438,168.509699940681,57.189695507288,1232.44344818592,136.091747283936,401.44396853447,45.5930209755898,72.3987221717834,42.1012324690819,67.4214029312134,5.18161016702652,114.638194799423,68.2831184267998,505.068630576134,112.888149112463,67.4076024591923,22.5586037039757,774.783422619104,552.329739063978,39.06252810359,19.8225141167641,20.0332503020763,12.0870402157307,5.32274615764618,156.201755255461
218.626892596483,5140.42084521055,217.299031466246,2620.67890834808,0,69.5304653048515,151.036304950714,959.633825153112,1.49131321907043,191.903916031122,48.7451604604721,414.553431123495,46.3903920352459,501.134540557861,5.00844824314117,364.310549110174,23.4731255173683,247.538402587175,481.022636860609,3642.11566135287,2.26188933849335,14.8684632182121,62.1039747297764,519.318658769131,0,26.150609254837,7.47441065311432,22.3283078074455,49.7270121872425,177.825867027044,221.601820766926,442.369489043951,156.14414870739,567.64958691597,115.028504371643,115.528352409601,249.474912345409,4069.99344262481,176.711527347565,100.689385145903,3.78086626529694,235.195607721806,95.0236669182777,383.668766111135,26.6861625313759,390.417706519365,61.555569589138,574.280959308147,5.77583861351013,473.124758660793,8.94124966859818,405.957727015018,0,150.404666215181,0,162.023728847504,146.107586920261,2168.09603866935,60.0762028098106,1546.10551562905,35.9711051881313,89.4246256947517,52.659473836422,255.586491078138,2.84911036491394,210.450860321522,486.777881741524,1197.95845511556,161.451846063137,2074.67285251617,233.980891466141,9413.11139911413,141.941245496273,1870.55697494745,94.608354985714,1459.24487096071,573.384208768606,0,5.62614691257477,11.7447190284729,55.4152068793774,285.960036277771,0.454062044620514,39.4538203775883,4.67100518941879,336.08028459549,0,233.892842918634,1.55230623483658,312.304129630327,125.885654985905,153.451766610146,121.252901643515,215.958477437496,231.815209001303,996.019360870123,180.894159942865,84.7621199190617,91.6466979980469,65.3838278353214,131.984874844551,28.3669492006302,153.423600882292,159.795189708471,177.227871775627,363.053644061089,55.8880818486214,44.4620522558689,863.381778001785,830.606365740299,61.1491566598415,23.267710506916,24.7059198319912,24.7831100225449,12.2617177069187,127.248458176851
20.9423790574074,0,3.58806627988815,0,0,0,9.36631095409393,0,0,0,32.143471121788,0,15.0871741771698,0,2.52935039997101,0,472.136666923761,0,1.19761884212494,0.513885796070099,0,0,0,0,0,0,0,0,322.142574846745,0,0.666413962841034,0,2.0013330578804,1.13417088985443,2.17409497499466,1.1639786362648,1.67938899993896,5.66385990381241,3.07144403457642,0,0,0,0.55416077375412,5.2151221036911,4.46056807041168,0,0,1.35477542877197,1.76520556211472,0.861686885356903,3.68069124221802,0,0.992327094078064,0,0,0,124.056795299053,4.60630416870117,75.0819877684116,4.80619168281555,19.3545390963554,0.764167666435242,69.8079471588135,2.4701544046402,1.74195098876953,0,70.8910866379738,14.52738904953,5.19958651065826,2.02441358566284,8.48489671945572,1.51108336448669,31.562299311161,0,4.70663422346115,0,12.7703464031219,5.62614691257477,0,0,748.327578783035,1.2350902557373,11.1716184020042,0,20.5411659479141,0,0,0,1.29720711708069,0,0,0,0,0,0,0,0,0,0,0,0,0,0,0,0,0,1.07313299179077,0,0,0,0,0,0,0,0,0
0,20.1227779388428,0,14.2123306393623,0,0,0,1.16818225383759,0,0,0,2.90731608867645,0,0,0,0,0.565498352050781,237.929890364408,0,3.18378180265427,0,0,0,0,0,0,0,0,0,284.299180716276,0,0,1.92726945877075,0.751060664653778,1.81226712465286,3.58433163166046,0.987411439418793,5.11524695158005,0,0,0,0,0,1.72054404020309,0.609156489372253,12.4294421672821,0,1.09080910682678,0,18.3262955248356,0,8.44314181804657,0,0,0,0,5.00581532716751,50.0287270843983,1.28155100345612,135.27657994628,0,5.08988398313522,0,72.7960675954819,0,29.2024274468422,3.7174528837204,26.0123696029186,1.51471889019012,4.09924787282944,2.27849733829498,1.15079689025879,0,146.844215154648,0,5.17766159772873,0,11.7447190284729,0,0,0.833700001239777,1260.98908507824,0,123.571402072906,0,13.6373079717159,0,2.51832509040833,0,4.80342146754265,0,0,0,0,0,0.472204893827438,0,0,0,0,0,0,0,0,0,0,0,0,0,0,0,0,0,0,0,0
214.637390583754,0,47.8013754487038,0,0,0,46.6905480623245,0.639612853527069,0.688791275024414,0,815.818384081125,0,248.561556398869,0,12.9070298075676,0,1590.9615650177,0.784804046154022,17.6424920558929,0,0,0,0,0,0,0,0,0,1066.62185242772,0.99205470085144,4.18674206733704,0.886354446411133,22.7209961414337,91.5845904946327,74.9428293704987,52.9000763893127,65.9798263907433,80.845083117485,16.6998433470726,0,11.8764776587486,0,167.918993800879,20.4565671682358,105.803685873747,0.444394469261169,143.845144450665,6.91899770498276,232.188931763172,1.78039371967316,573.75296023488,0,110.050691127777,0,53.423892468214,0,328.397665888071,14.9911729693413,788.67749479413,14.6793014407158,361.192457735538,5.99658071994781,1538.30658882856,6.62356543540955,223.11462071538,0,888.87592113018,171.518287837505,27.0286446213722,1.93459111452103,135.885810554028,16.8635185956955,383.977119892836,8.24573612213135,29.9895630180836,0,215.397503644228,55.4152068793774,748.327578783035,0.833700001239777,0,3.17079693078995,1770.21262717247,0,4483.43624091148,0,74.0019861757755,0,106.660472452641,0,1.8695096373558,0,1.91708385944366,0,6.57247871160507,0,3.4600682258606,0,2.8815039396286,0,0,0,0,0,2.2508819103241,0,0,0,0,0,0,0,0,0,0,0
0,73.1041734814644,0,14.49552744627,0,0,0,28.0627412796021,0,0,0,123.986226707697,0,28.679753869772,0,1.89984333515167,1.26988422870636,789.935412883759,0,10.5623153150082,0,0,0,0,0,0,0,0,0.945379495620728,582.314616173506,0.745744824409485,2.47573357820511,1.89738747477531,26.981498926878,21.9600736498833,28.6897069513798,7.04719239473343,103.2240691185,0,17.9539400339127,0,25.0340216457844,13.398893237114,109.348143070936,3.81629067659378,250.117352932692,0,79.230321854353,0,356.82714548707,0,557.669271826744,0,77.4873035252094,0,41.5626995265484,5.2710942029953,197.961911767721,2.80448782444,705.515793174505,0.684504330158234,218.158910185099,0.615374445915222,1268.35062623024,1.66814708709717,948.907848030329,31.148004591465,317.215026497841,1.64643633365631,31.4140141606331,6.33820992708206,25.4508325755596,4.1628954410553,929.958335608244,0,53.666139870882,11.8011096715927,285.960036277771,1.2350902557373,1260.98908507824,3.17079693078995,0,0,2549.05844724178,0,6079.11734631658,0,290.570214569569,0,510.350003808737,0,0,0,0,0,10.1543025374413,0,0,0,0,0,0,0,0,0,0,0,0,0,0,0,0,0,0,0,0
32.1284765601158,2.15922757983208,32.0063873529434,2.08539044857025,15.6962451338768,0,14.9847548604012,1.7651247382164,0.770150899887085,0,54.3619740605354,1.20604145526886,8.32175517082214,0,19.157311975956,0,181.11185336113,0,23.5391000509262,18.5547404885292,1.35364091396332,0,1.08688640594482,0,0.929316520690918,0,1.96127325296402,0,1661.31931242347,0,3.81570589542389,0.732929825782776,8.12825086712837,7.35132527351379,14.0045567750931,6.83824241161346,394.339063346386,0,79.8320395648479,0,506.03620159626,3.50277841091156,84.3027244508266,0,5.52017313241959,0,218.141223043203,0,32.2686896920204,0,251.597041845322,0,58.8348225951195,0,131.811289012432,0,13.3495778441429,0,33.3332445919514,0,20.6897747218609,0,22.5258006453514,0,20.9694842994213,0,42.5316430330276,0,5.97777783870697,0,27.5736696124077,4.70557364821434,151.487898558378,1.37624883651733,13.3254637122154,3.92737472057343,67.9226686358452,0.454062044620514,11.1716184020042,0,1770.21262717247,0,0,0,806.533684581518,0,1343.75513201952,0,470.782863140106,0,0.652793645858765,0,0,0,0,0,1.7197939157486,0,4.50287827849388,0,0,0,0,0,2.09275436401367,0,0,0,0,1.75306808948517,0,0,0,0,0,0
0,0,0,0,0,1.31184077262878,0,0,0,0,0,0,0,0,0,5.96375012397766,0,26.0316012203693,0,0,0,2.75695133209229,0,0,0,0,0,4.65179806947708,0,690.462913691998,0,0,0,1.61050879955292,3.79857257008553,8.01105239987373,0,166.697224259377,0,55.801260381937,0,1476.39407661557,6.90732032060623,51.3606538772583,0,25.560816437006,0,94.2140904963017,0,52.6062106490135,0,133.725315928459,0,48.2458189427853,0,65.1616680920124,0,3.92120534181595,0,51.3809537291527,0,1.49752447009087,0,16.8627302646637,0,31.2184849381447,0,34.9286035299301,0,1.12997090816498,0.545377910137177,1.18965440988541,0,584.622688084841,0.68937361240387,5.49937972426414,0,39.4538203775883,0,123.571402072906,0,2549.05844724178,0,0,0,450.302565395832,0,1166.60142564774,0,78.0390506982803,0,0,0,0,0,1.08691728115082,0,2.3511580824852,0,0,0,0,0,0,0,0,0,0,0,0,0,0,0,0,0,0
908.092423915863,0,31.6052725315094,0.854459464550018,2.06248021125793,0,125.587168544531,0,0,0,879.15895190835,0,263.538536012173,0,0,0,304.591569453478,0,12.356345385313,0,0,0,0,0,0,0,0,0,226.722473829985,0,6.61400777101517,1.22239601612091,18.6253485381603,44.1492409110069,90.9918851256371,65.2267118096352,104.315043032169,29.0247136354446,37.0294259786606,1.74001264572144,29.15734192729,0,240.703845053911,18.8933455944061,78.1774105429649,0,348.983351171017,0.741742491722107,195.409988254309,4.40857625007629,2840.39512547851,1.46747672557831,572.309616982937,0,293.762423783541,0,618.914769649506,2.52931833267212,560.991051733494,0.945130407810211,1951.49679479003,0,936.494020551443,0,4980.87279421091,0,635.941382616758,91.5284233093262,3.068892121315,0,76.0327919125557,6.55814066529274,127.724708378315,0,13.4374290108681,0,198.165476977825,4.67100518941879,20.5411659479141,0,4483.43624091148,0,806.533684581518,0,0,0,858.084544092417,0,3705.71565127373,0,1.95288103818893,0,0,0,6.30875808000565,0,0.409416377544403,0,8.02665430307388,0,0,0,2.39750003814697,0,0,0,0,0,0,0.976523518562317,0,0,0,0,0,0
0,536.677469611168,0,117.494814664125,0,0,0,1141.38480380177,0,0,0,380.857331335545,0,70.5805765986443,0,1.68098694086075,0,183.949922323227,0,8.72468927502632,0,0,0,0,0,0,0.702671825885773,0,0,162.194258779287,1.17998671531677,4.77235502004623,0,12.1507892310619,34.4356897473335,39.0042212605476,6.46006906032562,253.609508603811,0,31.6872154474258,0.780243337154388,97.9971969127655,45.6655074357986,271.964128494263,22.4517387151718,227.977973818779,2.07222390174866,251.503300905228,28.4194400310516,466.683785557747,5.58091866970062,4798.08536529541,1.71410524845123,310.79802531004,0,492.910401284695,0,287.011623173952,11.3452341556549,353.955220550299,0.670101940631866,351.37691283226,0,325.775695204735,0,4523.21614688635,32.8294949233532,180.607113391161,0,2.40263563394547,1.1387727856636,47.1027706861496,0,814.0151027143,0,112.736142247915,2.13278937339783,336.08028459549,0,13.6373079717159,0,6079.11734631658,0,450.302565395832,0,0,0,1563.06483227015,0,7828.82960626483,0,0,0,0,0,17.7914243042469,0,0.965211749076843,0,0,0,0,0,0,0,0,0,0,0,2.01011615991592,0,0,0,0,0,0
0,0,0,0,2.88025659322739,0,0,0,0.991024196147919,0,0,0,0,0,2.92337614297867,0,3.68836939334869,0,0,0,0,0,0,0,0,0,0,0,189.903433591127,0,0,0,0,0,10.7289941906929,1.71402502059937,1038.40199384093,0,89.2403618097305,0,782.404581010342,8.63887590169907,26.1307102739811,0,0,0,183.439579993486,0,3.00232145190239,0,63.8823981583118,0,21.3786525726318,0,262.737652242184,0,0,0,1.86448729038239,0,4.17186695337296,0,3.18271297216415,0,7.6685084104538,0,11.8188798129559,0,0,0,6.63121503591537,4.75386917591095,54.9689127802849,0,18.4316666722298,5.79850780963898,77.7448222637177,0,0,0,74.0019861757755,0,1343.75513201952,0,858.084544092417,0,0,0,1073.6886215806,0,1.09735304117203,0,0,0,1.84228646755219,0,0,0,3.4036146402359,0,0,0,0,0,1.19937014579773,0,0,0,0,0,0,0,0,0,0,0
0,0,0,0,0,1.82831370830536,0,0,0,0,0,0,0,1.30287432670593,0,1.21550893783569,0,1.88799703121185,0,0,0.794155418872833,0.739575922489166,0,0,0,0,0,3.27319413423538,0,66.7293436527252,0,0,0,0,3.60770294070244,6.47001802921295,1.85493212938309,1012.96108654141,2.83061110973358,298.301170438528,3.98733538389206,2692.45230162144,1.50067508220673,52.8355848491192,0,2.1734493970871,0,325.116698533297,0,7.61231327056885,0,71.1689586937428,0,104.409835934639,0,771.923262834549,0,0,0,2.32685703039169,0,0,0,9.83545631170273,0,15.764072060585,0,21.7610257565975,0,0,4.29213029146194,17.4131215214729,5.61828321218491,239.867644131184,3.15506559610367,51.2724097669125,0,233.892842918634,0,2.51832509040833,0,290.570214569569,0,1166.60142564774,0,1563.06483227015,0,0,0,1151.03698271513,0,0,0,0,0,2.77698397636414,0,2.37495058774948,0,0,0,0,0,0,0,0,0,0,0,0,0,0,0,0,0,0
861.125364840031,0,4.06883335113525,0,4.03928512334824,0,115.569802701473,0,0.831349790096283,0,289.750070422888,0,163.74426561594,0,0.673646569252014,0,42.7160308659077,0,0,0,0.750595510005951,0,0,0,0,0,0,0,177.314892113209,0,2.13949882984161,0,6.85829722881317,23.5770708620548,112.403952032328,140.503624647856,1279.53637784719,62.3700014352798,447.068924665451,0,179.940318226814,6.50487405061722,487.259570211172,37.0242831408978,85.2889900505543,0,1171.67030119896,3.66684687137604,212.974075496197,1.98301422595978,1880.33683669567,0,924.557980030775,0,4391.02727898955,1.06831061840057,543.716698855162,0,348.738878786564,0,613.960280954838,0,141.726496845484,0,553.666148871183,0,379.349773466587,155.409357845783,1.34956622123718,0,61.3058466017246,6.65697222948074,87.0617204606533,7.73332494497299,32.7150675654411,24.3085585832596,241.492509901524,1.55230623483658,1.29720711708069,0,106.660472452641,0,470.782863140106,0,3705.71565127373,0,1073.6886215806,0,0,0,3.18602555990219,0,0,0,3.31831514835358,0,0.480668008327484,0,12.0236841738224,0,0,0,0,0,0.713765203952789,0,0,0,0,0,0,0,0,0,0,0
0,293.142803996801,0,100.27690705657,0,0.634715974330902,0,601.584328263998,0,0,0,105.04183024168,0,4.0213041305542,0,0,0,28.8138834536076,0,3.52378961443901,0,0,0,0,0,0,0,0,0,56.3795061707497,0.765626013278961,0.798841238021851,1.12436282634735,9.95924100279808,108.509548842907,86.9710387289524,21.0922041535378,928.126643657684,1.69202733039856,331.852860152721,1.87137538194656,358.486978322268,132.913566976786,415.142111361027,23.0369641184807,243.543701350689,8.61774432659149,671.979929536581,16.9423121213913,321.975651025772,4.10000002384186,1462.46824625134,0,1173.88290065527,0,3925.38858178258,0,189.326372087002,6.47791683673859,241.108419895172,0,54.1426645815372,0,67.1383901834488,0,455.949889272451,89.8333580195904,301.57671096921,0,0,6.82378309965134,36.7027240991592,2.42313575744629,414.209040611982,4.34491604566574,63.8387779295444,0.901753306388855,312.304129630327,0,4.80342146754265,0,510.350003808737,0,78.0390506982803,0,7828.82960626483,0,1151.03698271513,0,0,0,0,0,0,0,6.74873644113541,0,4.27037996053696,0,0,0,0,0,0,0,0.380390405654907,0,0,0,0,0,0,0,0,0,0
0,0,0,0,0,0,0,0,0,0,0,0,0,0,0,0,0,0,0,0,0,0,0,0,0,0,0,0,3.78662830591202,0,0,0,0,0,0,0,79.2812726795673,101.228943318129,440.611239016056,64.7677651643753,0,0,45.2008002400398,0,0,0,160.547894567251,0,0,0,1.99686795473099,0,10.1351099610329,0,39.9015955626965,0,0,0,0,0,1.66379988193512,0,0,0,0,0,0.834762036800385,0,0,0,32.9141415655613,15.5240245461464,10.0163659155369,17.7154591083527,48.6344153881073,183.448521792889,77.3339117467403,125.885654985905,0,0,1.8695096373558,0,0.652793645858765,0,1.95288103818893,0,1.09735304117203,0,3.18602555990219,0,0,306.226626038551,1764.01046520472,115.119552969933,516.768297255039,343.676935076714,2218.91135516763,186.032540261745,3194.26290768385,249.794015586376,692.71285417676,48.8874810636044,435.667780429125,369.590061783791,569.608108580112,126.049262940884,515.623768538237,99.6097872853279,29.5322507023811,11.3768546581268,133.574938952923,49.2721557617188,185.518616914749,12.0192035138607,20.3260187506676,15.456454128027
0,0,0,0,0,0,0,0,0,0,0,0,0,0,0,0,0,0,0,1.63377070426941,0,0,0,0,0,0,0,0,0,4.71259760856628,0,0,0,0,0,0,163.513269484043,97.6329202353954,698.224481254816,39.6726972460747,0,1.33362114429474,0,0,0,0,0,1.39279299974442,0,0,0,0,0,0,0,0,0,0,0,0,0,0,0,0,0,0,0,0,0,0,16.9231376051903,30.6872299313545,16.8947558999062,20.9497240185738,178.707810521126,73.8808465301991,48.9957067668438,153.451766610146,0,0,0,0,0,0,0,0,0,0,0,0,306.226626038551,0,107.852354317904,1388.70017677546,112.077875435352,751.556872785091,608.550714820623,619.22121706605,392.72250276804,2922.24399220943,236.478847175837,57.6527941226959,260.553293704987,497.92291867733,152.204365611076,857.498230218887,157.86314162612,522.313371032476,82.5473603606224,69.3446796238422,197.872698992491,174.423289507627,554.142898947001,8.90782710909843,43.5189722180367,55.7974379658699
0,0,0,0,0,0,0,0,0,0,0,0,0,0,0,0,0,0,0,0,0,0,0,0,0,0,0,0,3.20802187919617,0,0,0,0,0,0,0,77.801840364933,81.4272427558899,268.828273236752,46.7843318879604,0.334341883659363,0,0,0,0,0,0,0,0,0,0,0,0,0,0,0,0,0,0,0,0,0,0,0,0,0,0,0,0,0,25.194554746151,4.92728453874588,21.3370393514633,10.6492435932159,73.7724955976009,118.006173253059,168.509699940681,121.252901643515,0,0,1.91708385944366,0,0,0,0,0,0,0,0,0,1764.01046520472,107.852354317904,0,58.4089792668819,642.607147753239,227.036209732294,774.807979553938,149.245594114065,343.60433241725,141.32142457366,1797.8880391717,25.9037863016129,1555.34342822433,241.693274527788,1382.60475066304,148.795036286116,430.305661797523,100.746262699366,51.9773485660553,23.296059012413,238.464302539825,71.98840752244,128.573796004057,53.812003582716,21.5863139927387,42.7531954050064
0,0,0,0,0,0,0,0,0,0,0,0,0,0,0,0,0,0,0,0,0,0,0,0,0,0,0,0,0,1.80485117435455,0,0,0,0,0,0,103.601439058781,66.2548875808716,269.368251204491,31.1896461248398,0,1.74346214532852,0,0,0,0,0.839518517255783,4.06845712661743,0,0,0,0,0,0,0,0,0,0,0,0,0,0,0,0,0,0,0,1.59172379970551,0,0,7.95994651317596,24.6026640236378,6.87752306461334,29.8028346002102,100.079632639885,72.3951273262501,57.189695507288,215.958477437496,0,0,0,0,0,0,0,0,0,0,0,0,115.119552969933,1388.70017677546,58.4089792668819,0,106.966308355331,519.283753633499,352.426754027605,364.834730565548,186.380734652281,298.237574160099,114.348740100861,340.776528477669,180.924418181181,1083.16636025906,121.557877123356,1533.24210035801,112.581332683563,248.445104926825,158.518078416586,166.615100353956,292.912708759308,136.526301801205,244.274998873472,76.4864936470985,83.9133948385715,77.7752620279789
210.26790201664,7.78199112415314,123.512061774731,2.6917445063591,0,0.932262182235718,37.2832236588001,0,5.49744689464569,0,25.4907324612141,0,20.6600476503372,0,32.3284033238888,4.15217423439026,15.7885386347771,0,79.5162164270878,10.8281544744968,0,0.669983565807343,4.7809744477272,0.646291017532349,0,0,0.919493198394775,0,20.7032156586647,0,14.9714494645596,13.310778439045,19.6898190975189,10.4947088360786,14.5460541546345,5.24316692352295,113.684978455305,30.0172369480133,62.2644354104996,16.1023988127708,7.5539146065712,1.35554128885269,5.1575893163681,0.831324756145477,9.14475467801094,0,17.658289283514,5.54362863302231,32.4150254428387,0,68.7747422158718,0,11.0888697206974,0,7.22267562150955,0,165.055735737085,0,97.5822774767876,0,11.4592743515968,0,5.63388180732727,0,1.82244539260864,0,150.25632122159,5.45074337720871,142.017790466547,0,310.448054105043,36.5997378230095,127.036116331816,18.4659034907818,353.369032651186,49.7694352269173,1232.44344818592,231.815209001303,0,0,6.57247871160507,0,0,0,6.30875808000565,0,1.84228646755219,0,3.31831514835358,0,516.768297255039,112.077875435352,642.607147753239,106.966308355331,0,236.675765126944,1524.1137290895,69.1983233392239,408.246745109558,51.1409323811531,245.021788656712,15.4687997698784,460.294699788094,110.74323245883,884.674118310213,166.258563399315,148.775622755289,25.6557745635509,265.040042281151,701.649928301573,626.636192470789,152.238327592611,147.013900905848,119.356238871813,19.9939155578613,166.997138917446
5.89456659555435,302.639550089836,6.56117457151413,145.03204330802,0,0.531128585338593,0,21.0244168043137,0,8.05213990807533,0,11.3729626238346,2.87360882759094,20.9585653841496,2.34602856636047,5.67651271820068,0,5.75130116939545,4.06823545694351,184.345769017935,0,0.605548322200775,0,10.0360271930695,0,0,0,0,4.27151989936829,11.4324394464493,11.6266705393791,12.8454708456993,2.97988265752792,31.0303978323936,7.27774092555046,9.86824354529381,92.3353486061096,188.600617796183,273.746705681086,26.2760021984577,0,8.32839539647102,1.58597445487976,13.2137405574322,0,36.1653756797314,4.40524011850357,40.2005024552345,0,54.2573917806149,0,50.435419678688,0,14.9208791851997,0,7.98891681432724,8.27264738082886,161.067413747311,0,196.827969789505,0,1.33690237998962,0,11.4318450689316,0,13.7191218435764,3.91352427005768,118.513688325882,0,110.603635877371,51.1700412929058,367.60852509737,27.9519739449024,178.158698439598,88.9405018687248,393.429400712252,136.091747283936,996.019360870123,0,0.472204893827438,0,10.1543025374413,0,1.08691728115082,0,17.7914243042469,0,2.77698397636414,0,6.74873644113541,343.676935076714,751.556872785091,227.036209732294,519.283753633499,236.675765126944,0,303.371966868639,1441.99398687482,191.869342267513,545.829143762589,152.782324969769,41.9101025760174,158.299764037132,304.787454247475,194.458324879408,684.958639323711,77.646221280098,79.5599589943886,155.536121547222,415.05723965168,594.506384193897,115.765184998512,105.069344907999,62.0979247093201,24.1042471826077,65.796083599329
4.17820191383362,0,2.66308748722076,0,0,0,0,0,0,0,0.714249968528748,0,0,0,1.22266137599945,0,1.0950847864151,0,3.9675081372261,1.13726902008057,0,0,0,0,0,0,0.540438652038574,0,5.58478498458862,0,2.48905494809151,0,4.52510970830917,0,3.58441126346588,1.20166838169098,65.984854131937,75.7523123025894,196.869897454977,40.4251073896885,1.47124555706978,0,11.6922139525414,0,9.14829063415527,1.1348465681076,13.2363759875298,1.99512049555779,3.81575721502304,0,5.11193513870239,0,2.70849096775055,0,0.883375138044357,0,15.3308540582657,0,14.9565353989601,0,0,0,0.491777777671814,0,0,0,25.7281198501587,1.23956727981567,11.4340837597847,0,63.4483370184898,14.0423385202885,18.9409228563309,30.0132244229317,67.0231675207615,128.818750143051,401.44396853447,180.894159942865,0,0,3.4600682258606,0,1.7197939157486,0,0.409416377544403,0,0,0,0.480668008327484,0,2218.91135516763,608.550714820623,774.807979553938,352.426754027605,1524.1137290895,303.371966868639,0,216.388531535864,3701.33267271519,304.029495447874,348.831631839275,60.5752774477005,319.87262904644,437.658685088158,658.137014269829,150.240321755409,300.24015545845,59.0038075745106,34.8223376870155,188.6850476861,1446.62669742107,381.079740315676,182.619816839695,105.334025412798,29.1559697389603,73.4572022557259
0,0,0,0,0,0,0,0,0,0,0,0,0,0,0,0,0,0,0,0,0,0,0,0,0,0,0,0,1.60332834720612,0,0,0,0,0.527571797370911,5.83094888925552,0,32.0178085267544,48.1563209295273,93.6120710372925,82.6638351082802,0,3.46218168735504,2.40575885772705,37.4786625504494,0,8.78552436828613,3.67915892601013,286.554421722889,0,2.70121160149574,0,4.3605642914772,0,6.69790941476822,0,28.3978004157543,0,0.443588823080063,0,3.18337869644165,0,0,0,0,0,1.79434263706207,6.66209518909454,66.6201170086861,0,0,9.41783177852631,20.3171066939831,13.3748368024826,9.58256879448891,53.2237612009048,39.679554194212,45.5930209755898,84.7621199190617,0,0,0,0,0,2.3511580824852,0,0.965211749076843,0,2.37495058774948,0,4.27037996053696,186.032540261745,619.22121706605,149.245594114065,364.834730565548,69.1983233392239,1441.99398687482,216.388531535864,0,148.029260277748,2826.76982176304,115.228700995445,13.414302110672,148.913074910641,137.974101215601,95.106278181076,455.995483636856,66.3146125078201,273.695169717073,57.5077256858349,106.552010297775,1142.66529643536,124.412093251944,101.84131449461,21.8185487389565,21.6105276048183,28.1526464223862
2.72482645511627,0,0,0,0,0,0,0,0,0,0,0,0,0,0,0,0.92784583568573,0,0,0,0,0,0,0,0,0,1.27749872207642,0,8.86347141861916,1.51812195777893,0,0,0,0,2.48299086093903,0,58.1279734671116,48.4208422899246,183.960785835981,40.8197741508484,2.32509332895279,0,46.3385882973671,1.60384380817413,1.16185927391052,0,359.999070703983,2.79312878847122,1.36605393886566,0,2.46207100152969,0,6.88053733110428,0,67.9290424287319,0,0.575708210468292,0,0,0,0,0,0,0,0,0,1.29669642448425,3.67306542396545,0,0,34.7038670182228,16.9791634678841,16.2927932739258,10.8415811657906,45.2926391661167,119.391739457846,72.3987221717834,91.6466979980469,0,0,2.8815039396286,0,4.50287827849388,0,8.02665430307388,0,3.4036146402359,0,12.0236841738224,0,3194.26290768385,392.72250276804,343.60433241725,186.380734652281,408.246745109558,191.869342267513,3701.33267271519,148.029260277748,0,211.479375004768,166.622574985027,49.4849542081356,131.687874257565,337.128145247698,316.199716210365,91.1280749738216,192.505307257175,45.9474316835403,8.99396479129791,5.83694818615913,225.071215510368,265.06466242671,79.7577205002308,79.1467435061932,14.1049472987652,16.6552614867687
0,0,0,0,0,0,0,0,0,0,0,0,0,0,0,0,0,0,0,0,0,0,0,0,0,0,0,0,2.08844685554504,0,0,0,0,3.57739984989166,0,0,70.5255462527275,35.7894628047943,211.730391263962,14.0920902490616,0,0,7.24661111831665,10.0654935240746,0,1.40723359584808,0,46.24110019207,0,0,0,0,0,8.78649088740349,0,12.5549131929874,0,0,0,0,0,0,0,0,0,0,0,0,0,0,15.1849182248116,14.2453350126743,12.4357430040836,19.2374580204487,68.1529355943203,40.403349250555,42.1012324690819,65.3838278353214,0,0,0,0,0,0,0,0,0,0,0,0,249.794015586376,2922.24399220943,141.32142457366,298.237574160099,51.1409323811531,545.829143762589,304.029495447874,2826.76982176304,211.479375004768,0,137.072418153286,7.65814429521561,167.337665975094,112.783894777298,75.7755965292454,306.340110510588,85.3484513163567,720.546936243773,11.4731678962708,10.2034256458282,265.368291884661,356.240741342306,151.383934855461,5.45231458544731,7.51935201883316,8.32097473740578
0,0,0,0,0,0,0,0,0,0,0,0,0,0,0,0,0,0,0,0,0,0,0,0,0,0,0,0,6.46294760704041,0,0,0,0,0,0,0,54.1716167926788,54.7258581221104,188.70933881402,46.5536434650421,0.399476408958435,0,0,0,0,0,0.63763439655304,0.7193803191185,0,0,0,0,0,0,0,0,0,0,0,0,0,0,0,0,0,0,0,0,0,0,26.1619621515274,5.02620449662209,18.3413060307503,4.44305312633514,36.9356296658516,78.7799633145332,67.4214029312134,131.984874844551,0,0,0,0,0,0,0,0,0,0,0,0,692.71285417676,236.478847175837,1797.8880391717,114.348740100861,245.021788656712,152.782324969769,348.831631839275,115.228700995445,166.622574985027,137.072418153286,0,59.5181414186954,2544.91934627295,296.695839881897,819.862301826477,106.8444634974,320.528387457132,70.4511141777039,27.2102257311344,9.22263836860657,72.1291626691818,18.5650959908962,66.5787740051746,35.9504643082619,20.8187723755836,20.1009218096733
0,0,0,0,0,0,0,0,0,0,0,0,0,0,0,0,0,0,0,0,0,0,0,0,0,0,0,0,0,0,0,0,0,0,0,0,19.9557101726532,10.7461052536964,41.5150263011456,7.00022161006927,0,0,0,0,0,0,0,0,0,0,0,0,0,0,0,0,0,0,0,0,0,0,0,0,0,0,0,0,0,0,4.30315583944321,5.74220645427704,2.65939027070999,7.2401522397995,28.0100218057632,11.22166711092,5.18161016702652,28.3669492006302,0,0,0,0,0,0,0,0,0,0,0,0,48.8874810636044,57.6527941226959,25.9037863016129,340.776528477669,15.4687997698784,41.9101025760174,60.5752774477005,13.414302110672,49.4849542081356,7.65814429521561,59.5181414186954,0,66.1840567886829,1024.23740014434,26.946388065815,326.421208828688,30.4032106995583,61.9224229753017,9.03308370709419,6.57888278365135,19.9395323991776,8.88099998235703,10.0382607877254,20.7147921323776,20.0459931790829,9.08389729261398
2.57921075820923,0,0.495354562997818,0,0,0,0,0,0,0,0,0,0,0,0,0,0,0,0,0,0,0,0,0,0,0,1.82873749732971,0,4.87545534968376,0,0,0,0,0,0,0,53.434444129467,80.6334631443024,175.237571895123,20.2016648054123,0,0,0,0,0,0,0,1.64173078536987,0,0,0,0,0,0,0,0,2.36067533493042,0,0,0,0,0,0,0,0,0,0,0,0,0,70.5891833305359,14.8811827898026,16.6466121375561,11.02585542202,66.9735741019249,113.691677361727,114.638194799423,153.423600882292,0,0,0,0,0,0,2.39750003814697,0,0,0,0,0,435.667780429125,260.553293704987,1555.34342822433,180.924418181181,460.294699788094,158.299764037132,319.87262904644,148.913074910641,131.687874257565,167.337665975094,2544.91934627295,66.1840567886829,0,532.300914168358,6682.39598917961,203.898543268442,460.709448844194,95.5955843031406,81.4372028112411,64.0747703909874,273.349272549152,134.907692372799,197.420646369457,648.539848983288,591.504734963179,82.321719378233
0,0,0,0,0,0,0,0,0,0,0,0,0,0,0,0,0,0,0,0,0,0,0,0,0,0,0,0,0,2.0115761756897,0,0,0,0,0,0,104.844394475222,100.734217196703,223.369215428829,40.9498206079006,0.584187924861908,1.24417018890381,0,0,0,0,0,1.76583170890808,0,0,0,0,0,0,0,0,0,0,0,0,0,0,0,0,0,0,0,0,0,0,17.4628354310989,49.5470221042633,13.2946940660477,23.1031555831432,141.443444341421,80.5848046839237,68.2831184267998,159.795189708471,0,0,0,0,0,0,0,0,0,0,0,0,369.590061783791,497.92291867733,241.693274527788,1083.16636025906,110.74323245883,304.787454247475,437.658685088158,137.974101215601,337.128145247698,112.783894777298,296.695839881897,1024.23740014434,532.300914168358,0,165.812917023897,5199.6057857573,135.762473672628,409.900279581547,74.1090162396431,78.6928912699223,229.745165079832,108.052703917027,201.710818141699,503.193144738674,196.465044260025,53.4957730770111
9.18195560574532,0,2.01270604133606,0,0,0,0.545143961906433,0,0,0,0.653332591056824,0,0,0,0.423426300287247,0,0,0,0.556418657302856,0,0,0,0,0,0,0,0,0,5.52751606702805,1.1051299571991,0,0,1.5812112390995,0.41500985622406,1.40403258800507,0,42.7490741014481,41.6330854296684,77.5739058852196,16.7643787562847,6.79980865120888,0,1.33619427680969,0,0,0,0.445877939462662,2.82395687699318,0,0,0,0,0,0,0,0,14.0020715296268,0,1.23382472991943,0,3.03115582466125,0,0,0,0,0,2.44011208415031,0,0,0,101.74153149128,30.5969851613045,44.1533322036266,15.6804159879684,137.467482000589,104.462198615074,505.068630576134,177.227871775627,0,0,2.2508819103241,0,2.09275436401367,0,0,0,1.19937014579773,0,0.713765203952789,0,569.608108580112,152.204365611076,1382.60475066304,121.557877123356,884.674118310213,194.458324879408,658.137014269829,95.106278181076,316.199716210365,75.7755965292454,819.862301826477,26.946388065815,6682.39598917961,165.812917023897,0,477.736894935369,572.967154115438,40.0625731647015,341.247456938028,84.6732112169266,567.856311559677,157.1784735322,179.12235969305,132.277366012335,405.932969123125,468.815867245197
0,5.49969297647476,0,0.693589925765991,0,0.402159601449966,0,0,0,0,1.20024883747101,0.470157414674759,0,0.524862945079803,0,0,0,0,0,0,0,0,0,0,0,0,0,0,1.66912591457367,0,0,3.31429708003998,0,3.45835036039352,0,0,51.9871217608452,45.2374990880489,74.0243904590607,25.9985429048538,1.68246248364449,2.38193660974503,0,0.630835294723511,0,0,0,3.59644383192062,0,0,0,0,0,0,0,0.538294851779938,0,2.19587510824203,0,0,0,0,0,1.1989928483963,0,0,0,0,0,0,27.1062056422234,76.1091919839382,9.17291358113289,24.0296854972839,73.4574884772301,109.811476886272,112.888149112463,363.053644061089,0,0,0,0,0,0,0,0,0,0,0,0.380390405654907,126.049262940884,857.498230218887,148.795036286116,1533.24210035801,166.258563399315,684.958639323711,150.240321755409,455.995483636856,91.1280749738216,306.340110510588,106.8444634974,326.421208828688,203.898543268442,5199.6057857573,477.736894935369,0,80.4900895059109,453.57615223527,307.079202979803,159.73726144433,481.221971839666,174.773023307323,202.449776768684,230.503800809383,611.757618963718,282.567788422108
3.21100723743439,0,2.00971448421478,0,0,0,0.517645657062531,0,0,0,0,0,0,0,0,0,1.27385783195496,0,0,0,0,0,0,0,0,0,0,0,1.96780717372894,0,2.51040476560593,0,0,1.28576064109802,0,0,20.0180042386055,20.3596602082253,48.1644273400307,15.6323655247688,1.15459594130516,0,0,0,1.32348310947418,0,0,2.26382610201836,0,0,1.10223197937012,0,0,0,0,0,13.5757113099098,0,0,0,1.86121702194214,0,2.52360939979553,0,0,0,1.33743000030518,0,0,0,26.4352699816227,11.4799371361732,5.1896191239357,4.88102173805237,47.8548820614815,33.6921628713608,67.4076024591923,55.8880818486214,1.07313299179077,0,0,0,0,0,0,0,0,0,0,0,515.623768538237,157.86314162612,430.305661797523,112.581332683563,148.775622755289,77.646221280098,300.24015545845,66.3146125078201,192.505307257175,85.3484513163567,320.528387457132,30.4032106995583,460.709448844194,135.762473672628,572.967154115438,80.4900895059109,0,33.1303650438786,21.4057660102844,4.7629252076149,124.602606207132,26.4275362193584,33.3391700088978,20.678386837244,22.2535544335842,34.888572126627
0,4.29350757598877,0,0,0,0,0,0,0,0,0,0,0,0,0,0,0,0,0,0,0,0,0,0,0,0,0,0,0,0,0,0,1.58232533931732,0,0,0,11.7172138094902,7.79539692401886,27.2585741281509,4.6949445605278,0,0,0,0,0,0,0,0,0,0,0,0,0,0,0,0,0,0,0,0,0,0,0,0,0,0,0,0,0,0,8.58006715774536,2.00064858794212,1.9031343460083,1.65408810973167,23.7371149659157,20.3741924166679,22.5586037039757,44.4620522558689,0,0,0,0,0,0,0,0,0,0,0,0,99.6097872853279,522.313371032476,100.746262699366,248.445104926825,25.6557745635509,79.5599589943886,59.0038075745106,273.695169717073,45.9474316835403,720.546936243773,70.4511141777039,61.9224229753017,95.5955843031406,409.900279581547,40.0625731647015,453.57615223527,33.1303650438786,0,14.9964283108711,7.75424402952194,54.323389083147,20.8811028003693,28.9730114340782,14.1083719730377,29.21155372262,14.4830425828695
8.813227891922,47.0683379769325,12.646640598774,59.2992841899395,0,0,12.4331532716751,8.91033992171288,2.9905763566494,3.60133749246597,4.39677965641022,4.4344687461853,6.62127581238747,8.15196317434311,13.6836327910423,5.67556482553482,0,4.2448862195015,15.8002120256424,58.7885799705982,0,0,0.552570402622223,6.73294878005981,0,1.01401436328888,0,0,3.29384487867355,2.8770352602005,5.3464949131012,14.5685818195343,2.50563228130341,4.79364436864853,0,0,16.1301225423813,18.6498847603798,4.95327487587929,2.0489276945591,9.40636003017426,2.39113080501556,0,0,0,0,0,3.30811166763306,0,0,0,0,0,0,0,0,3.190021276474,4.20125049352646,1.13252103328705,0,0,0,0,0,0,0,1.50033617019653,1.8338543176651,1.35706275701523,2.52522480487823,81.3964828848839,175.804461866617,43.3841895461082,36.2627640664577,121.476038575172,113.617712080479,774.783422619104,863.381778001785,0,0,0,0,0,0,0,0,0,0,0,0,29.5322507023811,82.5473603606224,51.9773485660553,158.518078416586,265.040042281151,155.536121547222,34.8223376870155,57.5077256858349,8.99396479129791,11.4731678962708,27.2102257311344,9.03308370709419,81.4372028112411,74.1090162396431,341.247456938028,307.079202979803,21.4057660102844,14.9964283108711,0,495.52843773365,207.31721252203,70.3847949504852,107.118352323771,256.851753205061,55.0254912078381,673.821112811565
7.13129818439484,4.3673797249794,4.39799892902374,0.674797713756561,0,0,1.27212977409363,0,0.722510874271393,1.34087824821472,0,0,0.927058815956116,0,0.847156643867493,0,0,0,4.7520255446434,7.5007449388504,0,0,0.63534152507782,0,0,0,0,0,0,1.02478623390198,1.16322529315948,0,0,2.84259474277496,2.32825118303299,0,32.759947180748,23.4793797135353,3.86841434240341,1.3340653181076,0.81757789850235,0,1.87559026479721,0,0,0.892563104629517,71.8849154114723,70.6360573768616,0.751113176345825,1.5741114616394,5.0303880572319,0.743679761886597,0,0,0,0,3.27080547809601,0,5.46878862380981,1.20960921049118,0,0,0,0,1.48782384395599,0,1.0685213804245,1.38209617137909,0.647963106632233,0,14.3699890971184,15.0509178042412,12.9426557421684,8.07823431491852,28.6103885173798,16.2169961929321,552.329739063978,830.606365740299,0,0,0,0,1.75306808948517,0,0.976523518562317,2.01011615991592,0,0,0,0,11.3768546581268,69.3446796238422,23.296059012413,166.615100353956,701.649928301573,415.05723965168,188.6850476861,106.552010297775,5.83694818615913,10.2034256458282,9.22263836860657,6.57888278365135,64.0747703909874,78.6928912699223,84.6732112169266,159.73726144433,4.7629252076149,7.75424402952194,495.52843773365,0,772.84058997035,95.5365746617317,113.088916927576,266.777074575424,51.5564515292645,297.786502927542
0,0,0.355630815029144,0,0,0,0,0,0,0,2.43608713150024,0,0,0,0,0,0,0,0,0,0,0,0,0,0,0,0,0,0.703060925006866,0,0,0,0.476535499095917,0,0,0,19.9743113517761,14.2695515751839,28.3909595310688,5.80262717604637,0,1.01065790653229,0,0,0,0,0,0.877179205417633,0,0,0,0,0,0,0,0,0.894588112831116,0,0,0,0,0,0,0,0,0,0,0.607203006744385,0,0,14.906002253294,4.50572288036346,1.47149106860161,5.77672415971756,23.9117141067982,27.0327168703079,39.06252810359,61.1491566598415,0,0,0,0,0,0,0,0,0,0,0,0,133.574938952923,197.872698992491,238.464302539825,292.912708759308,626.636192470789,594.506384193897,1446.62669742107,1142.66529643536,225.071215510368,265.368291884661,72.1291626691818,19.9395323991776,273.349272549152,229.745165079832,567.856311559677,481.221971839666,124.602606207132,54.323389083147,207.31721252203,772.84058997035,0,1072.46147453785,606.04614263773,556.270443230867,80.7141224741936,377.703076422215
0,0,0,0,0,0,0,0,0,0,0,0,0,0,0,0,0,0,0,0,0,0,0,0,0,0,0,0,0,0,0,0,0,0,0,0,6.10010439157486,5.39880311489105,12.3843520581722,3.76331785321236,0,0,0,0,0,0,0,0,0,0,0,0,0,0,0,0,0,0,0,0,0,0,0,0,0,0,0,0,0,0,2.22066777944565,2.9649885892868,0.724641084671021,3.40759778022766,5.25726011395454,3.98025172948837,19.8225141167641,23.267710506916,0,0,0,0,0,0,0,0,0,0,0,0,49.2721557617188,174.423289507627,71.98840752244,136.526301801205,152.238327592611,115.765184998512,381.079740315676,124.412093251944,265.06466242671,356.240741342306,18.5650959908962,8.88099998235703,134.907692372799,108.052703917027,157.1784735322,174.773023307323,26.4275362193584,20.8811028003693,70.3847949504852,95.5365746617317,1072.46147453785,0,428.646778941154,626.843468546867,47.9343107640743,92.3690659701824
0,0,0,0,0,0,0,0,0,0,0,0,0,0,0,0,0,0,0,0,0,0,0,0,0,0,0,0,1.13273584842682,0,0,0,0,0,0,0,7.97340968251228,8.9352348446846,15.6296007037163,2.48073384165764,0,0,0,0,0,0,0,0.315175145864487,0,0,0,0,0,0,0,0,0,0,0,0,0,0,0,0,0,0,0,0,0,0,0.981050103902817,1.84844505786896,1.41265463829041,2.3257532119751,16.8427191972733,10.5935519635677,20.0332503020763,24.7059198319912,0,0,0,0,0,0,0,0,0,0,0,0,185.518616914749,554.142898947001,128.573796004057,244.274998873472,147.013900905848,105.069344907999,182.619816839695,101.84131449461,79.7577205002308,151.383934855461,66.5787740051746,10.0382607877254,197.420646369457,201.710818141699,179.12235969305,202.449776768684,33.3391700088978,28.9730114340782,107.118352323771,113.088916927576,606.04614263773,428.646778941154,0,387.427328467369,67.6137846112251,87.1931005120277
0,0.892746925354004,0,0,0,0,0,0,0,0,0,0,0,0,0,0,0,0,0,0,0,0,0,0,0,0,0,0,0,0,0,0,0,0,0,0,3.85534033179283,2.28561860322952,7.36494356393814,0,0,0,0,0,0,0,0,1.18323558568954,0,0,0,0,0,0,0,0,0,0,0,0,0,0,0,0,0,0,0,0,0,0,1.90317904949188,1.52046638727188,0,1.10894352197647,4.85876113176346,5.69437596201897,12.0870402157307,24.7831100225449,0,0,0,0,0,0,0,0,0,0,0,0,12.0192035138607,8.90782710909843,53.812003582716,76.4864936470985,119.356238871813,62.0979247093201,105.334025412798,21.8185487389565,79.1467435061932,5.45231458544731,35.9504643082619,20.7147921323776,648.539848983288,503.193144738674,132.277366012335,230.503800809383,20.678386837244,14.1083719730377,256.851753205061,266.777074575424,556.270443230867,626.843468546867,387.427328467369,0,338.772690117359,254.37356287241
0,0,0,0,0,0,0,0,0,0,0,0,0,0,0,0,0,0,0,0,0,0,0,0,0,0,0,0,0,0,0,0,0,0,0,0,3.11793354153633,11.5996045172215,8.10862469673157,3.96848666667938,0,0,0,0,0,0,0,0,0,0,0,0,0,0,0,0,0,0,0,0,0,0,0,0,0,0,0,0,0,0,2.16330337524414,2.59336167573929,0,0.647296011447906,7.12869608402252,10.080107152462,5.32274615764618,12.2617177069187,0,0,0,0,0,0,0,0,0,0,0,0,20.3260187506676,43.5189722180367,21.5863139927387,83.9133948385715,19.9939155578613,24.1042471826077,29.1559697389603,21.6105276048183,14.1049472987652,7.51935201883316,20.8187723755836,20.0459931790829,591.504734963179,196.465044260025,405.932969123125,611.757618963718,22.2535544335842,29.21155372262,55.0254912078381,51.5564515292645,80.7141224741936,47.9343107640743,67.6137846112251,338.772690117359,0,94.3694489598274
2.62612023949623,10.2600373029709,2.88335633277893,6.60635489225388,0,1.24614775180817,0,0,2.77788591384888,0,0,0.898377418518066,0,0,1.74971413612366,1.14141297340393,0,0,3.50079241394997,0.721984803676605,0,0,0,0,0,0,0,0,2.37744724750519,0,2.76264065504074,0,0,0.702867686748505,0,0.398545920848846,7.53200614452362,8.49304351210594,5.83752208948135,2.095040589571,0,0,0.439681679010391,0,0,0,0.780759632587433,1.12372905015945,0,0,0,0,0,0,0,0,4.29517444968224,3.37440025806427,0.874563872814178,0,0,0,0,0,0,0,1.03337183594704,0,1.21923887729645,0,24.5791680216789,31.5635690391064,14.9918060302734,13.1725307703018,32.1072800457478,29.7204423844814,156.201755255461,127.248458176851,0,0,0,0,0,0,0,0,0,0,0,0,15.456454128027,55.7974379658699,42.7531954050064,77.7752620279789,166.997138917446,65.796083599329,73.4572022557259,28.1526464223862,16.6552614867687,8.32097473740578,20.1009218096733,9.08389729261398,82.321719378233,53.4957730770111,468.815867245197,282.567788422108,34.888572126627,14.4830425828695,673.821112811565,297.786502927542,377.703076422215,92.3690659701824,87.1931005120277,254.37356287241,94.3694489598274,0
