0,139.899969518185,2926.41099390388,71.4962612986565,0,0,3945.77681842446,119.553406774998,1.33801102638245,0,2669.56117403507,2.85528355836868,1278.66863188148,0,7.46010720729828,0,571.67768830061,0.77583235502243,2438.97579193115,501.5490218997,0,0,24.570828795433,12.7163110375404,0,0,0,0,167.716128885746,0,6.69076436758041,8.4243186712265,79.1512910723686,166.804164618254,2.31419891119003,0,202.965720117092,0,50.561471581459,0,1.32625126838684,0,2.43860161304474,0,0,0,8.38774430751801,0,7.23081576824188,0,149.768978595734,0,38.4435883164406,0,2.35773158073425,0,8586.43818435073,6.91010427474976,718.623051911592,1.15518546104431,1428.37145078182,0,193.486841022968,0,821.316487580538,0,203.747563719749,6.04785495996475,1352.87374091148,10.7771074175835,2667.01120659709,84.7379124164581,1592.30069792271,9.90170127153397,416.760399729013,0,2837.52300184965,164.458502233028,9.15677183866501,0,91.600231975317,0,12.9244272112846,0,119.038032531738,0,0,0,115.125925660133,0,0,0,0,0,128.793612450361,1.3912091255188,34.8494204878807,0,0,0,0,0,0,0,2.05665254592896,0,3.63537108898163,0,5.90480601787567,4.89868181943893,0,0,0,0,0,1.15447020530701
139.899969518185,0,31.335333108902,3432.89972180128,0,0,12.3424019813538,5464.46732649207,0,0.683359742164612,1.05321270227432,1387.3335647583,0,863.823001354933,0,11.3637156486511,0.742672741413116,875.484745889902,366.614929556847,2251.93711531162,0,0,0.868708550930023,14.474195599556,0,0,0,0,0,134.004788666964,14.2097082734108,4.12016236782074,194.330441951752,226.255753308535,2.7353767156601,0,8.93628385663033,69.8065557777882,0,102.491835534573,0,0,0,0,0,0,1.35378932952881,15.5985903739929,0,8.69810473918915,0,121.476172089577,0,0,0,0,20.0015966296196,10531.5781588554,0,270.252005964518,0,414.908657103777,0,128.728891670704,0,533.066146194935,23.2761651575565,98.641488224268,134.751301139593,1061.61694300175,139.513844311237,1867.59546905756,38.6543240249157,1478.32922837138,5.25333243608475,201.900055766106,552.012546747923,4293.68019708991,0,16.3448432981968,0,79.9908468723297,0,1.45386630296707,0,190.933368563652,0,0,0,208.611548066139,0,0,0,0,0,119.672944962978,1.42866992950439,0,0,0,0,0,0,0,0,6.03801959753036,0,1.4177680015564,11.1202477216721,17.1240026950836,0,0,0,0,0,0.680912554264069
2926.41099390388,31.335333108902,0,278.454453587532,719.422300249338,59.8530941903591,10735.1293699741,313.134654670954,665.015440553427,56.9776311516762,800.385488271713,18.8193549215794,1054.55343687534,46.3252736628056,319.147392630577,62.7085316181183,237.028161346912,4.19399774074554,1894.52383106947,546.762830674648,7.42736947536469,4.53360819816589,2537.85276398063,1338.55803823471,108.865684151649,221.591544359922,56.3616073727608,12.5432003438473,350.80195081234,13.913883626461,337.868380129337,431.999166756868,133.565102219582,156.398333758116,2.64966070652008,0,58.0456246435642,0,2.32169759273529,1.4705399274826,1.46156430244446,0.774483859539032,0.961704194545746,0,0.515655398368835,0,2.78671836853027,0,0,0,11.2950404882431,0,0.560442626476288,0,0,0,224.548863738775,2.00335645675659,136.221444875002,0,80.0079025030136,0,22.4233302474022,0,48.1764619350433,0,339.159759700298,0.671758949756622,103.498694121838,0,2595.27624809742,475.456169217825,1590.65339127183,104.578731179237,437.139765977859,18.6295295357704,1945.71811583638,91.6679754257202,1.74716520309448,0,10.6857261061668,0,36.7788625061512,0,16.0818412303925,0,0.986002832651138,0,0.625369191169739,0,0,0,0,0,42.6130420267582,0.865958631038666,7.86367785930634,0,0,0,0,0,0,0,0.878176033496857,0,0.601062476634979,0,16.2770339846611,5.57170850038528,0,0,0,0,0,1.01893818378448
71.4962612986565,3432.89972180128,278.454453587532,0,15.8480877876282,571.956960231066,380.931323558092,12359.8390980661,40.43801638484,644.770066946745,13.2680158019066,522.026294231415,72.5767047405243,1253.22260224819,11.9219628572464,554.37778788805,5.88389790058136,202.148543417454,323.69823500514,3708.49406558275,1.65291023254395,3.22079157829285,434.950865834951,2960.11558711529,8.46301698684692,107.507786154747,2.30668467283249,13.8529380857944,8.5038810968399,93.4040191173553,208.11151099205,265.381294310093,143.802051275969,209.50891700387,1.44432905316353,2.63665586709976,2.65924519300461,12.2278583645821,0,4.34050005674362,0,7.25392001867294,0,0.784722030162811,0,1.5959706902504,0,10.7039949297905,0,6.73628112673759,0,114.975609511137,0,0,0,0,1.33796066045761,471.553547769785,0,88.076303601265,0,9.24558997154236,0,8.53016823530197,0,63.0628125369549,1.66165137290955,174.572391599417,22.3947079181671,89.4686069786549,477.659646809101,2000.03105777502,114.965080142021,1438.84774300456,11.7397907972336,381.411765307188,145.124720066786,2484.27085483074,0,0,0,6.98221528530121,0.890474140644073,1.84157931804657,0,18.1502593755722,0,0.510253608226776,0,3.67556446790695,0,0,0,0,1.87860006093979,42.8650482594967,0,0,0,0,0,0,0,0,0,0,0,0,16.0202149152756,19.0436317920685,0,0,0,0,0,0
0,0,719.422300249338,15.8480877876282,0,43.8788084685802,617.947594165802,3.02889311313629,1783.39597827196,26.3093403875828,2.45972585678101,0,39.1760570704937,0,1793.31952697039,38.4523024260998,0.64060366153717,0,0,0,236.301392823458,23.5440716147423,168.156452000141,187.159378677607,247.188267141581,223.632283985615,849.10102969408,52.9797556996346,356.817570596933,1.22913938760757,75.1365746855736,60.4000838696957,9.22320491075516,1.90396726131439,0,0,24.5408553779125,0,4.40274930000305,0,175.749370336533,1.55217117071152,0,0,0,0,2.8322606086731,0,0,0,0,0,1.83428823947906,0,5.44860589504242,0,0,0,0,0,0,0,0,0,0,0,0,0,0,0,776.680326223373,80.8054378628731,680.413139849901,14.7100646197796,29.1848187148571,0,35.2762305140495,0,0,0,3.98460322618484,0,37.8592396974564,0,15.2143985033035,0,42.2138785719872,0,37.3316490352154,0,0,0,0,0,0,0,0,0,0,0,0,0,0,0,0,0,0,0,0,0,0,0,0,0,0,0
0,0,59.8530941903591,571.956960231066,43.8788084685802,0,21.4650124013424,330.23030680418,32.3983582556248,2247.22280555964,0,1.01756906509399,4.79130685329437,20.5205798745155,7.6006852388382,1539.38858011365,0,0.636478304862976,0,0,0.887924790382385,256.151200711727,76.4514230787754,192.147311806679,52.2291429936886,407.885585933924,38.8267287611961,1542.37723326683,1.0352475643158,269.096192777157,48.0633230209351,47.4493298530579,3.06894910335541,2.99365988373756,0,0,0,18.7243787646294,0,3.61617702245712,0,309.041618645191,0,0,0,0,0,0,0,0,0,0,0,0,0,8.35619565844536,0,0,0,0,0,0,0,0,0,0,0,0,0,0,107.868498206139,894.064210534096,14.6963103413582,824.859223693609,0,30.7485475838184,0,34.4124831557274,0,0,0,0,0,230.662943989038,0,4.9542547762394,0,101.736854672432,0,28.7140655815601,0,0,0,0,0,0,0,0,0,0,0,0,0,0,0,0,0,0,0,0,0,0,0,0,0,0
3945.77681842446,12.3424019813538,10735.1293699741,380.931323558092,617.947594165802,21.4650124013424,0,674.059094458818,1114.83847385645,31.9567188620567,1631.13048145175,33.3946491777897,7031.12982240319,153.255607187748,103.350777357817,28.7433452904224,141.453818440437,1.41062071919441,324.89943087101,504.163340836763,1.382228910923,0,964.253560453653,1172.16890543699,4.4810639321804,22.6138716638088,0.743968605995178,0.949818849563599,309.940677314997,5.91208547353745,126.067203164101,420.263157993555,44.5072149932384,137.223738998175,3.36546713113785,0,29.7117415964603,0,1.49012434482574,0,1.04409122467041,0.832458853721619,1.19239291548729,0,0,0,4.98889529705048,0,1.36525845527649,0,69.2836400270462,0,4.25986975431442,0,0,0,257.686059236526,0,244.667082339525,0,343.352008461952,0,39.8178830742836,0,329.857910662889,0,118.890843153,0,28.0386190414429,0,4482.8026022017,628.303635179996,1144.6752743125,154.008583366871,318.838182508945,25.0217842459679,1483.0306866467,80.4734305143356,0.859464824199677,0,10.9679775834084,0,32.727523624897,0,15.929588496685,0,0,0,7.19463491439819,0,0,0,0,0,25.2557621598244,0,0.92149817943573,0,0,0,0,0,0,0,1.11910712718964,0,0,0,7.03839427232742,0.837573707103729,0,0,0,0,0,2.40000295639038
119.553406774998,5464.46732649207,313.134654670954,12359.8390980661,3.02889311313629,330.23030680418,674.059094458818,0,14.5007199048996,766.85935613513,26.7036860585213,2271.0674239099,137.262897789478,5514.82821106911,7.10693365335464,400.716079175472,1.37987613677979,198.801687479019,411.992906481028,872.930785179138,0,0.850196421146393,620.97262942791,1219.68106916547,0.485128462314606,21.7301538586617,1.86174494028091,1.79016625881195,9.83406448364258,79.3397540152073,175.706958353519,159.151111781597,143.152583181858,109.951370686293,1.62159711122513,4.5558460354805,1.00502195954323,11.1717619299889,0,6.56218004226685,0,2.93975800275803,0,0,0,1.15674948692322,0,13.0277239084244,0,25.9700543284416,0,509.881314367056,0,0,0,3.9124767780304,3.80735224485397,869.636827856302,0,172.169819563627,0,178.181352317333,0,24.7444139719009,0,866.762439578772,0,68.9040843844414,12.52238920331,35.4148713946342,756.683476924896,4051.08072406054,115.493399202824,1083.06233873963,16.8487219214439,335.141888022423,206.163890779018,2217.11229637265,0,0,0,28.52101162076,2.2151392698288,0,0,162.86588665843,0,0,0,86.3327287733555,0,0,0,0,1.32000458240509,32.6726571023464,0,0,0,0,0,0,0,0,0,0,0,0,22.4840896129608,13.0826283097267,0,0,0,0,0,1.08811163902283
1.33801102638245,0,665.015440553427,40.43801638484,1783.39597827196,32.3983582556248,1114.83847385645,14.5007199048996,0,30.816395431757,35.5075730085373,0,735.160724192858,1.03455364704132,2268.37947306037,17.2463808357716,2.06569594144821,0,1.4809827208519,0,70.8887056708336,6.6110303401947,117.539747059345,220.570683807135,57.2827556729317,139.032248407602,335.775498360395,25.5569026470184,258.646549403667,3.00264894962311,52.1390259563923,56.6668768823147,6.56250196695328,1.13527059555054,0,0,17.9640700817108,0,0.780414998531342,0,71.2376789450645,0.876450598239899,0,0,0,0,2.47813886404037,0,0,0,0,0,0,0,1.09642297029495,0,1.57848381996155,0,0,0,0,0,0,0,0,0,0,0,0,0,1130.06336885691,89.355049341917,957.532459199429,16.5279836058617,61.1698254644871,0,108.854115098715,0,0,0,1.72521990537643,0,32.2996309399605,0.491757124662399,7.43314149975777,0,27.3498828113079,0,14.9072507023811,0,0,0,0,0,0.574048340320587,0,0.588572680950165,0,0,0,0,0,0,0,0,0,0,0,0.675667345523834,0,0,0,0,0,0,0
0,0.683359742164612,56.9776311516762,644.770066946745,26.3093403875828,2247.22280555964,31.9567188620567,766.85935613513,30.816395431757,0,0,4.91722384095192,3.23468059301376,265.249807596207,5.95960336923599,2599.74060022831,0,1.01053297519684,0,1.24926489591599,0.890342712402344,39.0248052179813,88.5502109825611,196.455694526434,21.7303993999958,121.612209379673,5.90870743989944,413.463588654995,0,133.940453410149,49.4811783134937,51.1072118282318,0,3.57070356607437,0,0,0,11.0004689097404,0,0,0,101.916626155376,0,0,0,0,0,0,0,0,0,0,0,0,0,1.78035587072372,0,0,0,0,0,0,0,0,0,0,0,0,0,0,100.195200622082,1080.20891353488,12.588187277317,878.072883486748,0,77.6277807056904,0,91.7947473227978,0,0,0,0,0,54.1715687811375,0,3.06902104616165,0,27.771247446537,0,11.2907813489437,0,0,0,0,0,0,0,0,0,0,0,0,0,0,0,0,0,0,0,0,0,0,0,0,0,0
2669.56117403507,1.05321270227432,800.385488271713,13.2680158019066,2.45972585678101,0,1631.13048145175,26.7036860585213,35.5075730085373,0,0,1.7376914024353,4001.4545147121,3.50878581404686,124.495551556349,0,829.667717993259,0,532.467116773129,92.9799116849899,0.752011835575104,0,230.365811616182,42.0189627707005,0,0,0,0,892.790878146887,0,35.9762501120567,25.6067237257957,43.2257527112961,42.0511312186718,3.79758274555206,2.54522490501404,25.4977155923843,0,0,0,0.565983295440674,0,0,0,0,0,3.63290518522263,0,0,0,9.22706270217896,0,5.56397998332977,0,1.04894065856934,0,319.213136285543,0,32.9092794060707,0,482.358877420425,0,552.852370530367,0,165.560522139072,0,35.4475070238113,0,32.577603161335,0,1164.55709606409,35.8544667065144,645.265224426985,5.89012813568115,161.628768026829,0,588.854204446077,11.5021995306015,17.9658859372139,0,218.508910953999,0,185.90334302187,0,225.035656541586,0,0,0,129.760770797729,0,0,0,0,0,10.7630614638329,0,0.649630427360535,0,0,0,0,0,0,0,0,0,0,0,0.981694281101227,1.23905956745148,0,0,0,0,0,0
2.85528355836868,1387.3335647583,18.8193549215794,522.026294231415,0,1.01756906509399,33.3946491777897,2271.0674239099,0,4.91722384095192,1.7376914024353,0,8.32691267132759,3207.54054671526,0,182.267377138138,0,986.527906358242,35.5606991052628,591.022932857275,0,0,43.2054283022881,202.466889500618,0,0,0,0.727472484111786,2.44820100069046,885.164569139481,21.7508684396744,29.2627812623978,16.3680126070976,43.6219284236431,1.06017374992371,0.886961996555328,0,5.26927319169044,0,2.30772590637207,0,2.36111015081406,0,0,0,0,0,3.49917328357697,0,1.14151298999786,0,15.9341448545456,0,0,0,0,0,172.946066230536,0,25.6321111321449,0,217.75635099411,0,126.604500949383,0,132.960175156593,0,9.94138136506081,0,8.0554895401001,76.2116630673409,759.910917580128,4.69605296850204,1064.07371839881,0,122.214233696461,11.9086185693741,540.452754080296,0,2.91770520806313,0,122.790473818779,0,0,0,117.582574307919,0,0,0,67.3998007774353,0,0,0,0,1.52103853225708,8.92099493741989,0,0,0,0,0,0,0,0,0,0.443392276763916,0,0,5.81675326824188,4.00556039810181,0,0,0,0,0,0.927002310752869
1278.66863188148,0,1054.55343687534,72.5767047405243,39.1760570704937,4.79130685329437,7031.12982240319,137.262897789478,735.160724192858,3.23468059301376,4001.4545147121,8.32691267132759,0,14.7560540139675,2080.84045296907,2.37837213277817,163.149937838316,0,218.245437800884,73.7717712819576,1.7196564078331,0,527.41172349453,270.118019044399,3.76337569952011,5.41944247484207,5.1438874900341,0.776695132255554,1532.7131651938,1.83835500478745,88.8091264367104,141.240034252405,40.8499686121941,51.0670426785946,1.49534690380096,0,21.7774773240089,0,0.430567383766174,2.26652586460114,3.28047275543213,0,0,0,0,0,4.29724311828613,0,0,0,3.4988157749176,0,3.70206880569458,0,0,0,85.4387447834015,0,10.3849992752075,0,130.265862524509,0,130.595727860928,0,45.6604058742523,0,10.8123441934586,0,13.7350696921349,0,2836.28042462468,173.764050483704,1408.96449825168,28.2679686844349,274.179017364979,2.97244811058044,950.716884016991,11.7831097841263,5.31353759765625,0,65.6804230213165,0,63.1317217946053,0,35.0303725600243,0,2.23612076044083,0,37.2940722107887,0,0,0,0,0,3.89148312807083,0.536634683609009,0,0,0,0,0,0,0,0,0,0,0,0,1.08918178081512,1.20232200622559,0,0,0,0,0,0
0,863.823001354933,46.3252736628056,1253.22260224819,0,20.5205798745155,153.255607187748,5514.82821106911,1.03455364704132,265.249807596207,3.50878581404686,3207.54054671526,14.7560540139675,0,0,1850.59722006321,0,150.247880518436,30.6136833429337,496.887093871832,0,0,139.278197318316,783.495389968157,0,0.692298054695129,0,0,4.22828984260559,1072.11347675323,72.7313505411148,125.218380689621,21.1996029019356,94.166880518198,0,1.67512008547783,0,7.28507190942764,0,2.0382866859436,0,1.28376615047455,0,0,0,0,0,3.97130990028381,0,0,0,15.5926530957222,0,0,0,0,0,92.0241704583168,0,14.8840304911137,0,154.480902731419,0,92.2389287352562,0,95.2226710915565,0,5.35309645533562,0,2.5943962931633,248.754006683826,2121.34165003896,22.7765830755234,1411.98747041821,0,169.832500696182,8.6196014881134,809.034094035625,0,1.36046099662781,0,94.4417106509209,0,0,0,156.875906467438,0,0,0,20.29800760746,0,0,0,0,0,4.21371221542358,0,0,0,0,0,0,0,0,0,0,0,0,0.923132240772247,2.68757057189941,0,0,0,0,0,0
7.46010720729828,0,319.147392630577,11.9219628572464,1793.31952697039,7.6006852388382,103.350777357817,7.10693365335464,2268.37947306037,5.95960336923599,124.495551556349,0,2080.84045296907,0,0,5.08230686187744,24.6204746365547,0,10.0274516642094,0,139.046706795692,8.10102659463882,149.607147485018,73.1602841615677,64.2685895860195,55.1021353602409,387.970067828894,20.4312272071838,1994.48187360168,2.24338698387146,51.0440100133419,28.6875958740711,8.1947934627533,0.751072525978088,0,0,28.8785735964775,1.7271066904068,3.29133439064026,0,161.381320625544,0,0,0,0,0,15.1928316354752,0,0,0,0,0,0,0,6.31086409091949,0,14.7667109966278,0,0,0,1.26676094532013,0,4.03328454494476,0,0,0,0,0,0,0,1298.40678146482,39.3631362020969,2543.32044431567,2.63480800390244,195.175767093897,0,307.381333321333,0,0,0,14.9091453552246,0,103.538831949234,0,29.2980575859547,0,72.483198672533,0,65.6428763866425,0,0,0,0,0,3.36659526824951,0,1.52814376354218,0,0,0,0,0,0,0,0,0,0,0,0,0.486449778079987,0,0,0,0,0,0
0,11.3637156486511,62.7085316181183,554.37778788805,38.4523024260998,1539.38858011365,28.7433452904224,400.716079175472,17.2463808357716,2599.74060022831,0,182.267377138138,2.37837213277817,1850.59722006321,5.08230686187744,0,0,48.1356085240841,0,16.7226203680038,1.21604895591736,97.1474401652813,65.0014586448669,364.468306273222,30.9368157982826,141.86620414257,14.7365249991417,442.296256989241,0,2168.84552896023,48.3286400735378,103.193846642971,0,13.3134651780128,0,0,0,25.8416015803814,0,0.784314513206482,0,273.778751641512,0,0,0,0,0,0,0,0,0,2.00779795646667,0,0,0,10.2306605577469,0,7.35867178440094,0,0,0,0,0,11.3692196011543,0,0,0,0,0,0,95.0144181251526,1843.39000615478,4.80193582177162,3128.10043418407,0,254.630851775408,0.569670140743256,314.982325434685,0,0,0,14.9564443230629,0,217.805818706751,0,12.484195291996,0,80.1738804280758,0,40.850095063448,0,0,0,0,0,0,0,0,0,0,0,0,0,0,0,0,0,0,1.20802366733551,0.638571739196777,0,0,0,0,0,0
571.67768830061,0.742672741413116,237.028161346912,5.88389790058136,0.64060366153717,0,141.453818440437,1.37987613677979,2.06569594144821,0,829.667717993259,0,163.149937838316,0,24.6204746365547,0,0,0,255.380863368511,25.575128018856,0,0,39.112130433321,1.34469056129456,0,0,0,0,2826.03377655149,0,6.60964334011078,2.22084009647369,9.68141889572144,18.2015521526337,1.30731129646301,0,28.7693810760975,0.977157533168793,2.29067724943161,0,0,0,0,0,1.48645353317261,0,2.24251091480255,0,4.67990374565125,0,9.52248787879944,0,1.84555530548096,0,0,0,2914.20334389806,1.74068534374237,72.7569870352745,0,340.248267948627,0,1106.8870061636,0,51.556570649147,0,34.4650883674622,4.39983761310577,64.0319808721542,0,277.546966671944,9.34397378563881,979.897179871798,0,72.8540717363358,0,344.474077314138,12.6463150382042,485.231055945158,0,1998.72351267934,0,57.8752854466438,0,237.13287705183,0,0,0,81.5110847651958,0,0,0,0,0,7.40139836072922,1.56580853462219,1.82712495326996,0,0,0,0,0,0,0,0,0,0,0,0,0,0,0,0,0,0,0
0.77583235502243,875.484745889902,4.19399774074554,202.148543417454,0,0.636478304862976,1.41062071919441,198.801687479019,0,1.01053297519684,0,986.527906358242,0,150.247880518436,0,48.1356085240841,0,0,14.3520554900169,346.87854513526,0,0,2.60702675580978,26.3312215805054,0,0,0,0,0,2821.19213667512,5.41595390439034,7.56480154395103,10.0545460581779,22.4251923859119,0.73672479391098,1.49526619911194,0,15.4423964619637,0,4.92544865608215,0,0,0,0,0,0,0,4.11715316772461,0,0,0,6.25820416212082,0,0,0,0,0,2786.73512530327,0,70.6386480331421,0,192.00622394681,0,1230.011870116,0,68.9968900084496,0,29.2368553876877,0,23.1746366620064,18.1240688562393,293.201745629311,0,2324.20033061504,0,118.296224534512,23.5565343499184,562.623136520386,0,261.534067034721,0,1286.33086803555,0,16.892980068922,0,73.3103992938995,0,1.86374169588089,0,32.4096122980118,0,0,0,0,1.20242303609848,12.2865985631943,0,0,0,0,0,0,0,0,0,1.10691154003143,0,1.66311287879944,0.733219504356384,2.96238034963608,0,0,0,0,0,0
2438.97579193115,366.614929556847,1894.52383106947,323.69823500514,0,0,324.89943087101,411.992906481028,1.4809827208519,0,532.467116773129,35.5606991052628,218.245437800884,30.6136833429337,10.0274516642094,0,255.380863368511,14.3520554900169,0,4151.33171260357,0,0,810.766829043627,239.631987273693,0,0,0,0,226.284938216209,5.16631177067757,311.457299947739,156.646552324295,3895.57970160246,1052.88376280665,53.9342677295208,0.818767905235291,85.9778580367565,0,5.93810886144638,0,0.707431793212891,0,50.0630868971348,0,40.7224335670471,0,25.8854593038559,1.90355908870697,2.20868599414825,0,10.7530706524849,0,0,0,0,0,357.572761058807,11.9324598908424,183.798809826374,0,45.6232572197914,0,27.8316949605942,0,17.9452704191208,0,2024.6068996489,28.4227508306503,1816.03177651763,18.8400274515152,1771.64684608579,489.493570894003,980.431399643421,113.041201710701,318.625168889761,32.6467895507812,2664.52490305901,516.911546826363,0.591315925121307,0,8.73067712783813,0,21.2984991371632,0,1.61217379570007,0,0,0,0,0,0,0,0,0,69.1486524343491,0,9.92039832472801,0,0,0,0,0,0,0,1.46736824512482,0,0,0,7.66097432374954,6.48712855577469,0,0,0,0,0,0.655682146549225
501.5490218997,2251.93711531162,546.762830674648,3708.49406558275,0,0,504.163340836763,872.930785179138,0,1.24926489591599,92.9799116849899,591.022932857275,73.7717712819576,496.887093871832,0,16.7226203680038,25.575128018856,346.87854513526,4151.33171260357,0,0,0,468.931088238955,1685.0612796247,0,0.952959835529327,0,0,58.4459428191185,38.0136807262897,356.095220386982,454.770734429359,1215.43105044961,4958.02624705434,5.46032631397247,8.50558295845985,17.2402662038803,29.2421938180923,0,14.7188958525658,0,1.04597806930542,0,3.82962781190872,0,1.6361870765686,0.958333075046539,38.1989380419254,0,5.22583562135696,0,22.1385806798935,0,0,0,0,39.513953268528,731.023995488882,0,136.608930647373,0,13.6859321594238,0,8.15994673967361,0,12.4465897381306,41.488783955574,1278.19829264283,292.492403268814,2160.56325647235,984.816498875618,1653.25527235866,288.316624373198,940.492453813553,39.2443865537643,301.445079743862,992.025208353996,4231.65667060018,0,2.14694929122925,0,9.85111993551254,5.35965824127197,0,0,11.0707184076309,0,0,0,0.651312112808228,0,0,0,0,0,73.3532439172268,0,0,0,0,0,0,0,0,0,0,0,0,13.0538113117218,24.6775768399239,0,0,0,0,0,0
0,0,7.42736947536469,1.65291023254395,236.301392823458,0.887924790382385,1.382228910923,0,70.8887056708336,0.890342712402344,0.752011835575104,0,1.7196564078331,0,139.046706795692,1.21604895591736,0,0,0,0,0,23.3480478823185,44.9547788798809,10.0673084259033,213.474103391171,20.3966533839703,1019.564468503,34.555461704731,29.7061101794243,0,475.846187084913,17.9347296357155,46.3229405283928,1.04550802707672,2.72070384025574,0,8.63851600885391,0,1.00677955150604,0,43.4340976774693,2.61752450466156,0,0,0,0,2.60480558872223,0,0,0,0,0,0,0,0,0,0,0,0,0,0,0,0,0,0,0,5.29440408945084,0,0,0,526.607122033834,32.3037832975388,128.411728203297,5.48313730955124,6.17000302672386,2.85199534893036,1.98865926265717,3.68225157260895,0,0,0,0,1.08692908287048,0.736329853534698,4.78439331054688,0,4.21531826257706,0,4.14418512582779,0.872769474983215,0,0,0,0,0,0,0,0,0,0,0,0,0,0,0,0,0,0,0,0,0,0,0,0,0,0
0,0,4.53360819816589,3.22079157829285,23.5440716147423,256.151200711727,0,0.850196421146393,6.6110303401947,39.0248052179813,0,0,0,0,8.10102659463882,97.1474401652813,0,0,0,0,23.3480478823185,0,27.9756994247437,66.4901523888111,90.7144393622875,666.660838246346,111.595338732004,1085.63145875931,1.20181369781494,121.008770793676,145.25409412384,652.678840637207,3.75794214010239,31.7371829152107,0,2.14239367842674,7.11748379468918,50.2267447710037,1.40157055854797,5.75350427627563,2.44604349136353,210.63464486599,0,0,0,0,0,0,0,0,0,0,0,0,0,0,0,0,0,0,0,0.545608282089233,0,0,0,0,0,2.75812482833862,0,0,134.815285295248,356.174337476492,8.82439720630646,245.981298595667,0,1.93893772363663,1.09141671657562,15.2652750015259,0,0,0,0,0,127.102917313576,0,0.836724102497101,0,33.8770102858543,0,2.00159478187561,0,1.56761538982391,0,0,0,0,0,0,0,0,0,0,0,0,0,0.777959167957306,0,0,0,0,0,0,0,0,0,0
24.570828795433,0.868708550930023,2537.85276398063,434.950865834951,168.156452000141,76.4514230787754,964.253560453653,620.97262942791,117.539747059345,88.5502109825611,230.365811616182,43.2054283022881,527.41172349453,139.278197318316,149.607147485018,65.0014586448669,39.112130433321,2.60702675580978,810.766829043627,468.931088238955,44.9547788798809,27.9756994247437,0,2343.64474058151,411.290567040443,534.839097112417,149.393791794777,59.6950098574162,161.387349843979,21.1674064695835,4194.30435562134,1161.48620095849,1193.47485929728,282.221466064453,56.0414873659611,1.17199325561523,17.6386038661003,0,0,0,5.94485715031624,0.578581571578979,17.9291948676109,0,8.3246676325798,0,9.09027540683746,0,0,0,0,0,0,0,0,0,9.0250431895256,0,0.888506829738617,0,0,0,0.893753588199615,0,0,0,218.681234449148,0,10.8392741680145,0,1917.33566024899,723.311326235533,750.336465507746,230.342243820429,168.356875151396,44.1450219154358,697.954534202814,108.189121544361,0.692548632621765,0,4.87419068813324,0,11.9418703019619,0.759646356105804,0,0,0,0,0,0,0,0,0,0,1.56733900308609,0,0.4128278195858,0,0,0,0,0,0,0,0,0,0,0,0.596283674240112,0,0,0,0,0,0,0
12.7163110375404,14.474195599556,1338.55803823471,2960.11558711529,187.159378677607,192.147311806679,1172.16890543699,1219.68106916547,220.570683807135,196.455694526434,42.0189627707005,202.466889500618,270.118019044399,783.495389968157,73.1602841615677,364.468306273222,1.34469056129456,26.3312215805054,239.631987273693,1685.0612796247,10.0673084259033,66.4901523888111,2343.64474058151,0,188.495993435383,1003.28176695108,46.0991671085358,120.175331175327,38.652568936348,84.2583654522896,970.261690735817,3430.13577726483,153.720441609621,1447.93784096837,0.497604101896286,57.3885128498077,0,4.72075974941254,0,1.40897256135941,0.53567361831665,13.2158745527267,0,6.98802947998047,0,0.445732414722443,0,50.6624683141708,0,0,0,1.88361608982086,0,0,0,0,0,3.91459766030312,0,0,0,1.2472071647644,0,0,0,0,0,196.097729861736,0,5.23423409461975,1289.32632735372,2302.00824448466,369.405370295048,1162.90377259254,26.7011969685555,326.748802661896,63.6034066677094,1052.10666403174,0,0,0,0.924207627773285,2.7548111975193,11.0125061869621,0,2.91367942094803,0,3.01701518893242,0,0.988135159015656,0,0,0,0,1.09294164180756,6.81621891260147,0,0,0,0,0,0,0,0,0,0,0,0,5.03402411937714,6.33480834960938,0,0,0,0,0,0
0,0,108.865684151649,8.46301698684692,247.188267141581,52.2291429936886,4.4810639321804,0.485128462314606,57.2827556729317,21.7303993999958,0,0,3.76337569952011,0,64.2685895860195,30.9368157982826,0,0,0,0,213.474103391171,90.7144393622875,411.290567040443,188.495993435383,0,512.748294442892,1585.77447578311,205.008463412523,16.9382463097572,7.11185365915298,688.09402269125,156.370502650738,13.8757585883141,8.79957726597786,2.04334735870361,0,2.20840668678284,0,0,0,7.23472964763641,0.767028331756592,0,0,0,0,0,0,0,0,0,0,0,0,0,0,0,0,0,0,0,0,0,0,0,0,0,0,0,0,530.715767085552,111.354134976864,145.571765005589,22.5911071300507,8.26880183815956,0,4.82826399803162,0,0,0,0,0,0,0.551470041275024,0.621269881725311,0,0,0.778035223484039,1.72079461812973,0,0,0,0,0,0,0,0,0,0,0,0,0,0,0,0,0,0,0,0,0,0,0,0,0,0,0
0,0,221.591544359922,107.507786154747,223.632283985615,407.885585933924,22.6138716638088,21.7301538586617,139.032248407602,121.612209379673,0,0,5.41944247484207,0.692298054695129,55.1021353602409,141.86620414257,0,0,0,0.952959835529327,20.3966533839703,666.660838246346,534.839097112417,1003.28176695108,512.748294442892,0,221.249716043472,1606.50925841928,5.659723341465,31.8461807072163,406.344217896461,990.803167581558,7.99514436721802,20.7789343595505,0,0,0,2.82204520702362,0,0.625608325004578,0.656219840049744,39.9376154541969,0,0,0,0,0,0,0,0,0,0,0,0,0,0,0,0,0,0,0,0,0,0,0,0,0,3.63761043548584,0,0,294.81338378787,858.357478559017,44.7631396949291,316.200218975544,0.523592591285706,5.094119399786,1.61746907234192,11.734721750021,0,0,0,0,0,21.204532533884,0,0.874866247177124,0,10.2855039834976,0,1.7155647277832,0,0,0,0,0,0,0,0,0,0,0,0,0,0,0,0,0,0,0,0,0,0,0,0,0,0
0,0,56.3616073727608,2.30668467283249,849.10102969408,38.8267287611961,0.743968605995178,1.86174494028091,335.775498360395,5.90870743989944,0,0,5.1438874900341,0,387.970067828894,14.7365249991417,0,0,0,0,1019.564468503,111.595338732004,149.393791794777,46.0991671085358,1585.77447578311,221.249716043472,0,187.53358450532,90.6597407758236,5.79398328065872,425.445883393288,68.8724367618561,32.631255954504,1.34707814455032,2.26022979617119,0,82.7141461670399,25.060821890831,13.859050989151,0,101.156452208757,1.87348759174347,0,0,0,0,3.31018888950348,0,0,0,0,0,0,0,0.79087895154953,0,0,0,0,0,0,0,0,0,0,0,0.593094289302826,1.83962225914001,0,0,838.477578788996,152.896944910288,430.697125971317,14.6749114990234,12.5066961050034,1.8458748459816,8.09140491485596,5.55526649951935,0,0,0.547677755355835,0,11.7510519325733,0,4.67593830823898,0,10.7668836414814,0,13.539492636919,0,0,0,0,0,1.22403389215469,0,1.8519988656044,0,0,1.17212772369385,0,0,0,0,0,0,0.494553983211517,0,0,0,0,0,0,0,0,0
0,0,12.5432003438473,13.8529380857944,52.9797556996346,1542.37723326683,0.949818849563599,1.79016625881195,25.5569026470184,413.463588654995,0,0.727472484111786,0.776695132255554,0,20.4312272071838,442.296256989241,0,0,0,0,34.555461704731,1085.63145875931,59.6950098574162,120.175331175327,205.008463412523,1606.50925841928,187.53358450532,0,2.07891756296158,66.3221315443516,138.925905942917,187.348356038332,3.12122750282288,7.7516662478447,0,1.28199195861816,22.0131858587265,34.4406584203243,6.51843178272247,3.04613888263702,1.33012068271637,151.331733971834,0,0,0,0,0,1.42916524410248,0,0,0,0,0,0,0,1.91195160150528,0,0,0,0,0,0,0,0,0,0,0,1.74925017356873,0,0,124.046893626451,678.927146822214,10.9074918925762,589.569206982851,1.30428779125214,14.6332678794861,1.04184687137604,8.64470812678337,0,0,0,0.835425078868866,0,120.68540006876,0,3.02085816860199,0,39.8721981942654,0,10.0493032634258,0,0,0,0,0,0,0,0.855134963989258,0,2.2196843624115,0,0,0,0,0,2.30048274993896,0,2.24124962091446,0,0.757823884487152,0,0,0,0,0,0
167.716128885746,0,350.80195081234,8.5038810968399,356.817570596933,1.0352475643158,309.940677314997,9.83406448364258,258.646549403667,0,892.790878146887,2.44820100069046,1532.7131651938,4.22828984260559,1994.48187360168,0,2826.03377655149,0,226.284938216209,58.4459428191185,29.7061101794243,1.20181369781494,161.387349843979,38.652568936348,16.9382463097572,5.659723341465,90.6597407758236,2.07891756296158,0,0,34.1275053024292,24.8022031188011,27.3940457701683,24.3161771595478,12.8941552042961,2.04698008298874,118.718951493502,0,38.3726333975792,0,415.346571177244,0,97.380607187748,0,35.58058989048,0.733472764492035,207.752986043692,0,96.0250139534473,0,230.16636583209,0,47.7774095833302,0,49.7913903295994,0,726.460622549057,2.40435934066772,274.482510894537,0,143.089915901423,1.61230945587158,474.524921149015,0,46.0242081284523,0,187.826710820198,9.09208619594574,77.157706618309,0,552.790080755949,22.9038998782635,2044.22315657139,7.41754245758057,84.8357141017914,1.37764477729797,259.028511852026,13.897439032793,369.40537878871,0,1311.45766505599,0,1350.9628623426,0,465.011296749115,0,304.838751703501,0,284.07697442174,0,6.35925543308258,0,0.845729410648346,0,11.0484939813614,1.79989957809448,3.08440488576889,0,5.3439873456955,0,0,0,0,0,2.73003333806992,1.81607735157013,2.0845360159874,0,0,2.94555658102036,0,0,0,0,0,0.804008603096008
0,134.004788666964,13.913883626461,93.4040191173553,1.22913938760757,269.096192777157,5.91208547353745,79.3397540152073,3.00264894962311,133.940453410149,0,885.164569139481,1.83835500478745,1072.11347675323,2.24338698387146,2168.84552896023,0,2821.19213667512,5.16631177067757,38.0136807262897,0,121.008770793676,21.1674064695835,84.2583654522896,7.11185365915298,31.8461807072163,5.79398328065872,66.3221315443516,0,0,8.08566534519196,20.1536452174187,5.82714343070984,14.075896024704,3.81619781255722,2.95694142580032,2.17852437496185,78.0823691785336,0,20.5056210160255,0,265.669830739498,1.149578332901,9.8755812048912,2.34258073568344,26.8648499250412,0,38.6265687942505,0,28.8704085052013,0,61.5243874192238,0,12.5880782008171,0,16.855595946312,3.29490792751312,381.287573963404,1.90263855457306,97.6561426222324,0,29.2545103430748,0,185.111515671015,0,26.7854976058006,7.61979192495346,92.3835532665253,0.765429139137268,21.8060746192932,21.5997042059898,348.064257919788,2.66350877285004,4736.05646321177,0,53.5715652108192,3.93536430597305,152.311666727066,0,263.354227691889,0,774.358230143785,0,1117.41067510843,0,114.317132771015,0,209.968531250954,0,95.779641866684,0,0,0,0,0,1.164486348629,0,0,0,2.05499148368835,0,0,0,3.47965145111084,0,4.84794837236404,0,2.10885453224182,0,0.636742949485779,0,0,0,0,0,0
6.69076436758041,14.2097082734108,337.868380129337,208.11151099205,75.1365746855736,48.0633230209351,126.067203164101,175.706958353519,52.1390259563923,49.4811783134937,35.9762501120567,21.7508684396744,88.8091264367104,72.7313505411148,51.0440100133419,48.3286400735378,6.60964334011078,5.41595390439034,311.457299947739,356.095220386982,475.846187084913,145.25409412384,4194.30435562134,970.261690735817,688.09402269125,406.344217896461,425.445883393288,138.925905942917,34.1275053024292,8.08566534519196,0,709.101787060499,1874.26045128703,236.372160702944,147.078617870808,1.00335824489594,3.85066625475883,4.12307238578796,3.53298282623291,0,4.40043419599533,2.06593203544617,61.6823165714741,0,85.1143893003464,1.02788591384888,11.3100834786892,0.637276709079742,0,0,0,0,0,0,0,0,1.28717994689941,3.46869766712189,4.17331224679947,0,4.33092737197876,0.827338695526123,0,0,2.17108857631683,0,773.511688172817,20.9655446708202,9.13323885202408,5.37353146076202,1272.44589090347,372.958799481392,213.591804862022,142.225690960884,50.005542576313,28.3413553237915,182.216650933027,145.749659091234,0,0,0,0,4.22969931364059,0,0,0,2.16666063666344,0,0.608390390872955,0,0,0,0,0,0,0,0,0,0,0,0,0,0,0,0.583428025245667,0,0,0,3.24821293354034,0,0,0,0,0,0,0
8.4243186712265,4.12016236782074,431.999166756868,265.381294310093,60.4000838696957,47.4493298530579,420.263157993555,159.151111781597,56.6668768823147,51.1072118282318,25.6067237257957,29.2627812623978,141.240034252405,125.218380689621,28.6875958740711,103.193846642971,2.22084009647369,7.56480154395103,156.646552324295,454.770734429359,17.9347296357155,652.678840637207,1161.48620095849,3430.13577726483,156.370502650738,990.803167581558,68.8724367618561,187.348356038332,24.8022031188011,20.1536452174187,709.101787060499,0,171.699502378702,2228.14809191227,5.58899599313736,99.341821372509,1.86671459674835,2.8268069922924,0,4.30426055192947,1.11706173419952,2.33628475666046,0.482713878154755,13.6328235566616,2.30446064472198,1.64402762055397,4.89737987518311,70.124602496624,0,0,0,0,0,0,0,0,0,3.49249291419983,0,0,0,0,1.84426844120026,1.26261353492737,0,1.047727227211,25.1991617083549,426.783101350069,0,4.2197157740593,511.705638706684,795.452172905207,207.854581236839,244.799105525017,37.5787012577057,53.4491331577301,138.990606546402,239.111869722605,0,0,0,0,1.12916934490204,1.94099462032318,0,0,0,0,0,0,0,0,0,0,0,5.32832568883896,0,0,0,0,0,0,0,0,0,0,0,0,3.82989883422852,3.37711501121521,0,0,0,0,0,0
79.1512910723686,194.330441951752,133.565102219582,143.802051275969,9.22320491075516,3.06894910335541,44.5072149932384,143.152583181858,6.56250196695328,0,43.2257527112961,16.3680126070976,40.8499686121941,21.1996029019356,8.1947934627533,0,9.68141889572144,10.0545460581779,3895.57970160246,1215.43105044961,46.3229405283928,3.75794214010239,1193.47485929728,153.720441609621,13.8757585883141,7.99514436721802,32.631255954504,3.12122750282288,27.3940457701683,5.82714343070984,1874.26045128703,171.699502378702,0,679.550106406212,666.675662636757,8.44618386030197,15.9713485240936,14.7086475193501,20.2044578194618,3.12616693973541,0,0,97.6490120887756,4.66441267728806,206.863216072321,1.26383233070374,29.8245381116867,7.38565373420715,6.63714328408241,3.74842345714569,5.56910592317581,3.37980955839157,1.96907091140747,0,1.30719435214996,0,132.244949549437,101.995630145073,83.6722719669342,16.2862354516983,10.3266243636608,6.70932012796402,6.16079759597778,9.78998658061028,4.39159864187241,2.66699254512787,5427.43734687567,265.228457480669,1438.66269269586,128.968714118004,444.661800891161,211.759578824043,142.594305276871,65.1175573766232,28.4593179821968,9.50389873981476,415.708002507687,293.861054450274,0,1.57032001018524,8.94457626342773,1.55666702985764,1.01233434677124,0,5.95766395330429,1.70023608207703,1.39126682281494,0,2.3056104183197,0,1.03430545330048,0,0,0,10.2488936781883,0,0.931950867176056,0,0,0,0,0,0,0,0.888651072978973,0,2.09796303510666,0,1.00137937068939,0,0,0,0,0,0,0.927100718021393
166.804164618254,226.255753308535,156.398333758116,209.50891700387,1.90396726131439,2.99365988373756,137.223738998175,109.951370686293,1.13527059555054,3.57070356607437,42.0511312186718,43.6219284236431,51.0670426785946,94.166880518198,0.751072525978088,13.3134651780128,18.2015521526337,22.4251923859119,1052.88376280665,4958.02624705434,1.04550802707672,31.7371829152107,282.221466064453,1447.93784096837,8.79957726597786,20.7789343595505,1.34707814455032,7.7516662478447,24.3161771595478,14.075896024704,236.372160702944,2228.14809191227,679.550106406212,0,80.3717297613621,684.931805312634,27.9370569288731,30.4245483875275,12.8770734071732,67.8056828677654,0,0.889050900936127,20.5332638025284,94.059050321579,20.4783181846142,19.066313803196,15.5283409357071,252.53185787797,7.8817218542099,4.90370720624924,13.9133251309395,3.46336048841476,1.26293087005615,0,0.71242344379425,5.01300722360611,142.13300037384,323.900911331177,98.4314330816269,45.0660105645657,41.7870110869408,24.1396055817604,23.4578375816345,28.8884329795837,11.0525037050247,5.11687070131302,615.970547229052,4723.56576025486,417.437851786613,883.193804860115,355.710164159536,407.812480688095,141.586027234793,206.207010746002,41.6306771934032,54.6844285130501,530.191364228725,666.878570258617,1.14817690849304,4.97802370786667,17.5271370410919,53.565720140934,3.00080043077469,7.76050209999084,9.84146726131439,9.23550564050674,0,1.82610619068146,1.33918190002441,10.6238901019096,0,0,0,0,6.49608510732651,18.138996809721,1.3914081454277,2.16993433237076,0,0,0,0,0,0,1.75785404443741,2.75873464345932,0.679982602596283,8.78595983982086,1.18473517894745,0.753650903701782,0,0,0,0,0,1.8794059753418
2.31419891119003,2.7353767156601,2.64966070652008,1.44432905316353,0,0,3.36546713113785,1.62159711122513,0,0,3.79758274555206,1.06017374992371,1.49534690380096,0,0,0,1.30731129646301,0.73672479391098,53.9342677295208,5.46032631397247,2.72070384025574,0,56.0414873659611,0.497604101896286,2.04334735870361,0,2.26022979617119,0,12.8941552042961,3.81619781255722,147.078617870808,5.58899599313736,666.675662636757,80.3717297613621,0,154.848659515381,130.627917975187,109.122988879681,70.6654724478722,45.1603993177414,7.31956833600998,4.73966526985168,568.442770600319,299.640689790249,775.675108462572,551.694365888834,207.302563667297,84.1230769455433,291.030836284161,297.847620517015,195.832206845284,79.6758005023003,27.8041697144508,5.84611803293228,27.914356470108,24.1418955028057,6.49593859910965,26.39585095644,98.0265286564827,78.1123153567314,35.23647159338,40.6096904575825,11.1017444729805,20.6690021753311,22.1103039085865,14.3349184989929,2156.31782221794,719.80403316021,2.61967986822128,5.4573410153389,38.0058495402336,2.85548329353333,49.8773193359375,29.8205700516701,5.98070180416107,13.3468949794769,185.631279796362,83.2985431551933,3.47041773796082,1.51336026191711,22.9167058467865,38.4488948583603,3.10676836967468,1.17365455627441,30.4404778778553,15.8736692070961,0,2.28058516979218,29.2537460327148,18.6659107506275,2.37426137924194,0,0,0,4.23181414604187,1.48560130596161,0,0,1.73651504516602,0,0,0,0,0,0,0,0,0,0,0,0,0,0,0,0,0
0,0,0,2.63665586709976,0,0,0,4.5558460354805,0,0,2.54522490501404,0.886961996555328,0,1.67512008547783,0,0,0,1.49526619911194,0.818767905235291,8.50558295845985,0,2.14239367842674,1.17199325561523,57.3885128498077,0,0,0,1.28199195861816,2.04698008298874,2.95694142580032,1.00335824489594,99.341821372509,8.44618386030197,684.931805312634,154.848659515381,0,47.5567669272423,127.241423666477,20.9452530145645,121.971593737602,1.24851512908936,1.89801841974258,234.680831968784,328.546079754829,333.282543778419,366.380872309208,80.5680613219738,207.111727207899,178.397361934185,160.678184211254,122.837990105152,25.9585851430893,10.5088075399399,10.0974718034267,4.83154657483101,49.4455940425396,2.36863392591476,5.18240177631378,47.6747964024544,13.0239419639111,4.46645241975784,10.5097150802612,3.62245935201645,10.0957014560699,9.11776328086853,1.30462443828583,277.159316301346,1397.8152807951,1.07974129915237,0,5.14807367324829,9.87848943471909,11.7855634689331,22.1054225564003,0.852670669555664,8.92365556955338,64.4980748295784,84.307599902153,0,0,8.4137225151062,37.2192009985447,0,6.94518840312958,13.2862948179245,11.5487542748451,0,5.9244441986084,5.27481716871262,21.1385215222836,0,0,0,0,0,0.969187319278717,0,5.55978578329086,0,0,0,0,0,0,0,0,0,0,0,0,0,0,0,0,0,0
202.965720117092,8.93628385663033,58.0456246435642,2.65924519300461,24.5408553779125,0,29.7117415964603,1.00502195954323,17.9640700817108,0,25.4977155923843,0,21.7774773240089,0,28.8785735964775,0,28.7693810760975,0,85.9778580367565,17.2402662038803,8.63851600885391,7.11748379468918,17.6386038661003,0,2.20840668678284,0,82.7141461670399,22.0131858587265,118.718951493502,2.17852437496185,3.85066625475883,1.86671459674835,15.9713485240936,27.9370569288731,130.627917975187,47.5567669272423,0,187.311463773251,1533.71215307713,39.2120686173439,411.56282132864,12.170471072197,700.218315690756,103.133049666882,550.006490409374,135.088228344917,1403.56817758083,20.1283388733864,751.263776421547,71.6751157045364,834.870068907738,18.0154092907906,205.09258428216,0.531106531620026,1014.19520688057,16.9674534797668,269.914113730192,26.2537984549999,323.112118184566,43.3525757789612,142.038459599018,38.993116080761,98.1519757807255,5.72997832298279,108.584549605846,6.97618156671524,749.746446728706,514.670566409826,128.26058831811,6.13672709465027,327.422222167253,26.0210876166821,545.72663205862,19.4554353356361,897.138093054295,39.7369673848152,3469.82368054986,153.876246571541,1.9365462064743,0.625509440898895,133.244962573051,3.6296688914299,347.29991748929,0,248.099760532379,2.28638476133347,1034.20998069644,0.838765561580658,1506.10795280337,4.42094352841377,85.4667497575283,140.07544618845,71.3885455131531,122.440877795219,149.571492522955,31.5986696481705,123.249387145042,6.96648618578911,58.4762680232525,38.2599128484726,14.8254129886627,31.385637819767,36.7423924803734,87.6319642364979,32.6601566970348,38.7451249361038,45.166456758976,38.548047631979,10.4347286522388,44.4054359197617,15.236763715744,5.32393503189087,11.2072530984879,2.45582085847855,1.97548139095306,6.18924641609192
0,69.8065557777882,0,12.2278583645821,0,18.7243787646294,0,11.1717619299889,0,11.0004689097404,0,5.26927319169044,0,7.28507190942764,1.7271066904068,25.8416015803814,0.977157533168793,15.4423964619637,0,29.2421938180923,0,50.2267447710037,0,4.72075974941254,0,2.82204520702362,25.060821890831,34.4406584203243,0,78.0823691785336,4.12307238578796,2.8268069922924,14.7086475193501,30.4245483875275,109.122988879681,127.241423666477,187.311463773251,0,46.9233440458775,2177.28890156746,4.42003810405731,698.85819798708,106.434356808662,383.794484466314,104.440686702728,496.221200942993,106.306364297867,1317.74269664288,36.9609775543213,629.657115638256,28.4469705820084,555.644032150507,3.63303464651108,142.604425489902,16.5864266455173,1216.4220661819,2.78690314292908,105.335151910782,85.7935530245304,233.83253121376,15.7482993602753,178.844281107187,3.47551256418228,53.6938616335392,13.6022854447365,171.696790605783,478.59192353487,854.30681976676,3.66502714157104,18.9459196329117,10.4521722793579,195.055847018957,15.6054436266422,544.599780768156,38.8678690195084,622.552779346704,87.5221036970615,4217.19031342864,0,4.08810320496559,3.29921782016754,194.672803133726,0,321.249381005764,0.78797972202301,315.404959738255,0,666.339858621359,2.8960924744606,731.879832595587,40.5475735068321,73.5514753162861,20.6510877609253,100.231197714806,15.4044071137905,141.141501635313,37.5117486715317,31.0146070420742,26.1818879842758,106.532851308584,2.80102908611298,14.3735002279282,26.9917371869087,63.1693859994411,12.1744315624237,53.1990306675434,17.6630274653435,15.4853940606117,7.11072567105293,42.9852775335312,17.024597287178,10.2414460778236,5.08620005846024,0.630958616733551,3.79660785198212,5.90173923969269
50.561471581459,0,2.32169759273529,0,4.40274930000305,0,1.49012434482574,0,0.780414998531342,0,0,0,0.430567383766174,0,3.29133439064026,0,2.29067724943161,0,5.93810886144638,0,1.00677955150604,1.40157055854797,0,0,0,0,13.859050989151,6.51843178272247,38.3726333975792,0,3.53298282623291,0,20.2044578194618,12.8770734071732,70.6654724478722,20.9452530145645,1533.71215307713,46.9233440458775,0,13.2382290363312,621.94864821434,0.621847867965698,456.27377396822,21.4887790679932,470.819637268782,7.15079408884048,1016.52814650536,11.4163951277733,235.805963635445,2.86532163619995,184.455684304237,0,29.0639650225639,0,1343.10330542922,0,63.3782823681831,0,87.7067090570927,1.54811358451843,32.1802583932877,1.30890166759491,26.0779795646667,0,17.2627199292183,0,412.418222308159,73.3859805762768,32.1698305606842,0,36.6403652131557,4.97860133647919,70.3865948021412,3.18206644058228,43.947950810194,11.1062432229519,155.655469030142,26.2787844240665,0.459722995758057,0,13.5977915227413,0,199.559148490429,0,58.3927138745785,0.943065047264099,189.184836059809,0,314.620752066374,0,101.889819502831,69.855222761631,57.2317672073841,65.1171645522118,17.2672697305679,21.7768476009369,57.5965333282948,10.4330680370331,35.4937165379524,28.1354031562805,17.5826889872551,15.1000261902809,38.0854736566544,33.091271430254,18.9956853985786,17.9444217383862,23.8081443309784,20.5748271346092,1.4993522465229,0,13.6033222079277,4.34533494710922,3.66803002357483,0.62867671251297,2.89482423663139,2.10593077540398
0,102.491835534573,1.4705399274826,4.34050005674362,0,3.61617702245712,0,6.56218004226685,0,0,0,2.30772590637207,2.26652586460114,2.0382866859436,0,0.784314513206482,0,4.92544865608215,0,14.7188958525658,0,5.75350427627563,0,1.40897256135941,0,0.625608325004578,0,3.04613888263702,0,20.5056210160255,0,4.30426055192947,3.12616693973541,67.8056828677654,45.1603993177414,121.971593737602,39.2120686173439,2177.28890156746,13.2382290363312,0,0,1159.14960023761,27.5359020233154,573.231579393148,16.5768657028675,282.911654531956,22.2845935225487,1047.58715954423,6.95981287956238,145.014395534992,8.19652229547501,129.838245540857,0,122.523472011089,4.03191596269608,1877.77906629443,0,86.3997974991798,1.51276397705078,59.2937190532684,0,17.3053250908852,0,6.20235681533813,0,11.1100597381592,56.0310404896736,877.924228399992,0,47.3041631579399,10.8389350771904,41.8933189213276,1.58806359767914,69.6709454059601,15.81257173419,43.5814208984375,34.093231856823,233.116935640574,0,0,0,27.2887228131294,0,332.170426309109,0,99.2654994428158,0,496.787319779396,1.14539420604706,255.060927629471,26.8166332840919,43.6665073037148,22.4083300232887,40.2319052815437,1.32264935970306,15.5594634413719,15.6378154158592,35.6079459488392,15.949226796627,30.2609198987484,8.83449995517731,7.39541703462601,9.28953349590302,42.0231640636921,5.08880794048309,18.906442373991,6.4022421836853,2.19231104850769,0.600146293640137,2.28611451387405,5.66916126012802,5.21480584144592,2.6172913312912,0.483350604772568,3.50446754693985,0.570873975753784
1.32625126838684,0,1.46156430244446,0,175.749370336533,0,1.04409122467041,0,71.2376789450645,0,0.565983295440674,0,3.28047275543213,0,161.381320625544,0,0,0,0.707431793212891,0,43.4340976774693,2.44604349136353,5.94485715031624,0.53567361831665,7.23472964763641,0.656219840049744,101.156452208757,1.33012068271637,415.346571177244,0,4.40043419599533,1.11706173419952,0,0,7.31956833600998,1.24851512908936,411.56282132864,4.42003810405731,621.94864821434,0,0,17.9495989084244,38.9005626440048,0,6.1573990881443,0,147.892087757587,1.48640471696854,20.9262071251869,0,66.6477363705635,0,37.0096801519394,0,102.967365682125,3.81235659122467,0,0,4.88789674639702,0,1.02252757549286,0,4.16235506534576,0,5.14431720972061,0,16.1301361322403,0,0,0,131.826730012894,33.2882695794106,775.035826981068,2.77655076980591,409.476342082024,34.5571282505989,206.038964003325,2.67252677679062,0.589453458786011,0,8.63927048444748,0,788.523189723492,1.78634864091873,66.5926623046398,0,779.864931702614,2.88750869035721,244.352739542723,2.47074842453003,3.48551887273788,0.496119827032089,1.00274538993835,0,5.88486024737358,0,1.60365802049637,0.590908050537109,4.77717542648315,0,0,0,0.438343733549118,0,4.9580289721489,3.80667221546173,0,0,1.86100891232491,0.575092017650604,0,0,0,0,0.513412535190582,0.652094006538391
0,0,0.774483859539032,7.25392001867294,1.55217117071152,309.041618645191,0.832458853721619,2.93975800275803,0.876450598239899,101.916626155376,0,2.36111015081406,0,1.28376615047455,0,273.778751641512,0,0,0,1.04597806930542,2.61752450466156,210.63464486599,0.578581571578979,13.2158745527267,0.767028331756592,39.9376154541969,1.87348759174347,151.331733971834,0,265.669830739498,2.06593203544617,2.33628475666046,0,0.889050900936127,4.73966526985168,1.89801841974258,12.170471072197,698.85819798708,0.621847867965698,1159.14960023761,17.9495989084244,0,0.784464657306671,73.0303348004818,1.70896780490875,40.4971771240234,5.57555574178696,317.396395713091,0,89.8780757784843,0,105.3584010005,0,45.7212867438793,0,519.589450210333,0,1.15950274467468,0,9.33945113420486,0,3.95262971520424,0,6.29778933525085,0,11.4344910681248,2.24600818753242,40.9369212090969,0,0,24.5591529011726,303.117864131927,35.330596268177,1424.9179392159,28.024349629879,381.213613033295,0.579495012760162,186.22110414505,0,0,0,58.690552175045,1.28512924909592,1877.72921428084,0.712942719459534,215.729048579931,6.92780393362045,1517.99411299825,9.83146816492081,463.889360368252,0.571604549884796,9.71377164125443,0,4.74699103832245,1.11493310332298,17.6102475523949,1.06516349315643,2.02330094575882,2.86419168114662,26.0020146965981,0,2.4671368598938,0,11.0781840085983,0,13.9701120257378,2.8346928358078,0.602886855602264,2.42475992441177,3.59912109375,0.651791632175446,0,0.760819315910339,0,0,1.62310537695885
2.43860161304474,0,0.961704194545746,0,0,0,1.19239291548729,0,0,0,0,0,0,0,0,0,0,0,50.0630868971348,0,0,0,17.9291948676109,0,0,0,0,0,97.380607187748,1.149578332901,61.6823165714741,0.482713878154755,97.6490120887756,20.5332638025284,568.442770600319,234.680831968784,700.218315690756,106.434356808662,456.27377396822,27.5359020233154,38.9005626440048,0.784464657306671,0,2248.54895621538,10635.8276098967,1696.27031832933,6792.9419105947,1061.66925317049,3660.68223145604,657.552955985069,3189.96391451359,50.3118755221367,921.235799461603,3.83208137750626,357.84265601635,20.5697645545006,0,3.64593243598938,34.8972527384758,24.3273488283157,5.18200826644897,0.676014840602875,2.96661883592606,2.31217217445374,3.28905421495438,0,2048.00484675169,908.158869683743,0,2.4367989897728,8.4757844209671,0,359.820130437613,24.3516697883606,17.2867248058319,3.24383509159088,428.647378623486,49.2514085769653,0.814780652523041,0,75.2010616064072,0.748865842819214,3.84352144598961,0,63.3093145489693,4.3390856385231,5.94611039757729,0,239.905072450638,10.830658018589,22.5693596601486,0,0,0,3.26476716995239,0,12.7149585485458,3.01782348752022,64.2694390714169,13.0479419827461,0,0,0,0,0,0,0,0,0,0,0,0,0,0,0,0
0,0,0,0.784722030162811,0,0,0,0,0,0,0,0,0,0,0,0,0,0,0,3.82962781190872,0,0,0,6.98802947998047,0,0,0,0,0,9.8755812048912,0,13.6328235566616,4.66441267728806,94.059050321579,299.640689790249,328.546079754829,103.133049666882,383.794484466314,21.4887790679932,573.231579393148,0,73.0303348004818,2248.54895621538,0,1494.67343297601,9320.05841729045,169.250226020813,8449.64960449934,489.842487990856,2151.60729721189,410.86053788662,1055.25621914864,1.82596337795258,541.385474056005,2.48557382822037,326.768942713737,0,0,66.9759961366653,26.2286708652973,2.77690386772156,1.53056842088699,0,0.524001777172089,0,2.77995014190674,556.156077384949,2310.48418155313,0,0,0.621070086956024,2.40342548489571,0,176.413787841797,0,34.6598021686077,47.0515530705452,219.868134349585,0,0,0,48.3235087990761,0,20.3402314782143,0,100.778485387564,0,39.8786327242851,0,172.183628886938,0,0,0,0,0,11.3807598948479,0,69.8570264577866,0,243.814141869545,0,0,0,0,0,1.80780696868896,0,0,0,2.58543795347214,0,0,0,0,0,0
0,0,0.515655398368835,0,0,0,0,0,0,0,0,0,0,0,0,0,1.48645353317261,0,40.7224335670471,0,0,0,8.3246676325798,0,0,0,0,0,35.58058989048,2.34258073568344,85.1143893003464,2.30446064472198,206.863216072321,20.4783181846142,775.675108462572,333.282543778419,550.006490409374,104.440686702728,470.819637268782,16.5768657028675,6.1573990881443,1.70896780490875,10635.8276098967,1494.67343297601,0,1821.43822947145,1916.4701538682,76.7710866928101,3548.0148076117,249.978038758039,682.45012691617,28.1080640554428,131.466518044472,2.14381164312363,204.04818969965,12.6594442129135,2.07897180318832,0.70455664396286,223.12384173274,22.8391444087029,9.39344638586044,4.99464708566666,4.08376437425613,3.68665415048599,13.9656085968018,5.00343918800354,3359.9234495163,1182.90907129645,0.856245696544647,1.80401360988617,9.76056954264641,1.21194490790367,254.422424048185,7.77193760871887,19.4258149862289,1.2041437625885,473.130256712437,48.08420586586,0,0,72.0576765537262,4.18268549442291,0.87050598859787,0,72.0497172176838,1.88336944580078,1.95087820291519,0,114.72142842412,2.08607250452042,3.37717980146408,1.9497994184494,0,0,8.32570105791092,0,11.55164706707,0,1.08982300758362,1.43649178743362,0,0,0,0,0,0,0,0,0,0,0,0,0,0,0,0
0,0,0,1.5959706902504,0,0,0,1.15674948692322,0,0,0,0,0,0,0,0,0,0,0,1.6361870765686,0,0,0,0.445732414722443,0,0,0,0,0.733472764492035,26.8648499250412,1.02788591384888,1.64402762055397,1.26383233070374,19.066313803196,551.694365888834,366.380872309208,135.088228344917,496.221200942993,7.15079408884048,282.911654531956,0,40.4971771240234,1696.27031832933,9320.05841729045,1821.43822947145,0,67.3438023924828,2045.74160480499,106.782164037228,4099.75852504373,75.539978325367,1178.84230414033,0,220.59517326951,2.16420739889145,240.929938286543,0,6.23975026607513,21.2237304449081,142.695204347372,0,7.18998384475708,0,13.1608270704746,0,8.63740205764771,814.232388228178,2063.30546724796,0,0,1.61057996749878,4.74512475728989,0,410.492079585791,0,103.562403976917,53.9358156323433,506.764931261539,0,5.18520838022232,0,202.905601799488,0,3.82393592596054,0,232.108905613422,0,0.943351536989212,0,162.509336054325,0,0,0,0,0,14.2076424658298,0,57.2400376200676,0,15.5445922911167,0,0,0,0,0,0,0,0,0,1.12890362739563,0,0,0,0,0,0
8.38774430751801,1.35378932952881,2.78671836853027,0,2.8322606086731,0,4.98889529705048,0,2.47813886404037,0,3.63290518522263,0,4.29724311828613,0,15.1928316354752,0,2.24251091480255,0,25.8854593038559,0.958333075046539,2.60480558872223,0,9.09027540683746,0,0,0,3.31018888950348,0,207.752986043692,0,11.3100834786892,4.89737987518311,29.8245381116867,15.5283409357071,207.302563667297,80.5680613219738,1403.56817758083,106.306364297867,1016.52814650536,22.2845935225487,147.892087757587,5.57555574178696,6792.9419105947,169.250226020813,1916.4701538682,67.3438023924828,0,383.485770255327,1282.60440316796,17.9051185250282,2928.72120800614,3.39182877540588,2974.69719132781,0,2597.44696581364,11.7293220162392,8.94785916805267,3.43812763690948,57.0381908416748,3.94624584913254,16.9621305465698,1.47260838747025,4.70407265424728,0.630105912685394,21.0282844901085,0,1237.94923058152,325.023347079754,3.4202446937561,0,41.116587638855,3.62088489532471,503.932556241751,8.48435688018799,27.9084325432777,3.44818717241287,675.416128635406,58.0792194604874,0,0,122.542940884829,0,43.6142815053463,0.729998826980591,171.920679181814,2.27415961027145,77.2127425670624,1.30115699768066,887.403477013111,3.13915318250656,107.421573370695,0,4.9525793492794,0.433014839887619,84.0645654797554,1.67598038911819,108.202902674675,0.534708440303802,174.56278476119,0,0.570512354373932,0,1.03066563606262,0.566975176334381,8.31638976931572,2.32685846090317,0,0.525933265686035,4.22481846809387,118.307132601738,0,0,0.494723081588745,3.06900531053543,0,0.897529304027557
0,15.5985903739929,0,10.7039949297905,0,0,0,13.0277239084244,0,0,0,3.49917328357697,0,3.97130990028381,0,0,0,4.11715316772461,1.90355908870697,38.1989380419254,0,0,0,50.6624683141708,0,0,0,1.42916524410248,0,38.6265687942505,0.637276709079742,70.124602496624,7.38565373420715,252.53185787797,84.1230769455433,207.111727207899,20.1283388733864,1317.74269664288,11.4163951277733,1047.58715954423,1.48640471696854,317.396395713091,1061.66925317049,8449.64960449934,76.7710866928101,2045.74160480499,383.485770255327,0,14.2991498708725,917.729183852673,3.75734794139862,1280.08659625053,0,1634.06970381737,0.862189114093781,3449.88537123799,6.08974015712738,16.3916267454624,5.24712908267975,27.6176743805408,1.95463228225708,7.92483216524124,0,7.14355120062828,0,8.18884888291359,118.024696588516,1483.62854602933,0,3.51378750801086,1.77604913711548,28.6961412131786,3.21447533369064,555.789110898972,1.23502737283707,72.3271308541298,29.2147344946861,1058.66761693358,0,0,0,111.734308332205,0,56.2892009019852,1.57504665851593,261.94361820817,0,108.497403919697,0,555.94768935442,0,4.21666041016579,0.65875768661499,3.69205912947655,4.36988925933838,66.6666944026947,2.03992927074432,266.733253955841,0,958.705876916647,0.489022582769394,0,2.01067978143692,0.707647383213043,1.22127255797386,10.1399154067039,0,1.83217620849609,5.16698116064072,154.218549370766,0,2.459428191185,0.727425694465637,2.15179687738419,0.876875698566437,1.33415251970291
7.23081576824188,0,0,0,0,0,1.36525845527649,0,0,0,0,0,0,0,0,0,4.67990374565125,0,2.20868599414825,0,0,0,0,0,0,0,0,0,96.0250139534473,0,0,0,6.63714328408241,7.8817218542099,291.030836284161,178.397361934185,751.263776421547,36.9609775543213,235.805963635445,6.95981287956238,20.9262071251869,0,3660.68223145604,489.842487990856,3548.0148076117,106.782164037228,1282.60440316796,14.2991498708725,0,54.946496784687,6706.77032524347,11.0481827259064,773.922067135572,0,574.17123323679,1.89459359645844,0,0,706.126248151064,1.38977539539337,117.594917684793,0,5.08598798513412,0,36.119725048542,5.3115222454071,939.119484007359,484.472360372543,0,0,7.45931529998779,0,465.030895739794,0,43.4809394776821,0,845.977005124092,11.410858631134,9.37790566682816,0,199.529776751995,0,1.68887281417847,0,208.723333418369,0,0,0,376.571254998446,0,3.04408955574036,0,0,0,18.1008832454681,0,15.0580048561096,0,3.92921137809753,0,0,0,0,0,0,0,0,0,0,1.34387493133545,0,0,0,0,0,0
0,8.69810473918915,0,6.73628112673759,0,0,0,25.9700543284416,0,0,0,1.14151298999786,0,0,0,0,0,0,0,5.22583562135696,0,0,0,0,0,0,0,0,0,28.8704085052013,0,0,3.74842345714569,4.90370720624924,297.847620517015,160.678184211254,71.6751157045364,629.657115638256,2.86532163619995,145.014395534992,0,89.8780757784843,657.552955985069,2151.60729721189,249.978038758039,4099.75852504373,17.9051185250282,917.729183852673,54.946496784687,0,34.9246341586113,5468.19693243504,0,600.146761327982,0,598.38276001811,0,8.26838076114655,3.00299847126007,732.254383295774,1.29616224765778,14.0100274980068,0,11.4876964986324,0,359.599856734276,356.247626245022,741.242447674274,0,5.61558985710144,1.26187586784363,4.15136748552322,0,547.841808497906,0,119.759965896606,33.3035725355148,559.818942248821,0,10.7370748221874,0,332.464122712612,0,16.6647102236748,0,736.770535767078,0,5.33528280258179,0,350.126457870007,0,1.5613739490509,0,0,0,12.4652917385101,0,6.22912615537643,0,38.9094443619251,0,0,0,0,0,0,0,0,0,0.797084271907806,0,0,0,0,0,0
149.768978595734,0,11.2950404882431,0,0,0,69.2836400270462,0,0,0,9.22706270217896,0,3.4988157749176,0,0,0,9.52248787879944,0,10.7530706524849,0,0,0,0,0,0,0,0,0,230.16636583209,0,0,0,5.56910592317581,13.9133251309395,195.832206845284,122.837990105152,834.870068907738,28.4469705820084,184.455684304237,8.19652229547501,66.6477363705635,0,3189.96391451359,410.86053788662,682.45012691617,75.539978325367,2928.72120800614,3.75734794139862,6706.77032524347,34.9246341586113,0,1.96443235874176,5283.99706065655,0,1533.43689596653,2.5136616230011,27.6923057436943,0,1594.642406106,0,644.533963352442,0,61.8652258217335,0,821.221916943789,0,852.793151021004,362.324443340302,1.74013578891754,0,41.0863547921181,0,689.91169449687,0,72.9330063462257,0,972.597016811371,13.9107550978661,15.0716094970703,0,544.757594794035,0,38.0746358931065,0,2872.75852456689,0,8.0082919895649,0,1585.03797468543,0,19.1544867157936,0,0,0,52.220865547657,0,27.3743239045143,0,2.82108306884766,0,0,0,0,0,0,0,0,0,0,2.97818464040756,0,0,0,0,0,0
0,121.476172089577,0,114.975609511137,0,0,0,509.881314367056,0,0,0,15.9341448545456,0,15.5926530957222,0,2.00779795646667,0,6.25820416212082,0,22.1385806798935,0,0,0,1.88361608982086,0,0,0,0,0,61.5243874192238,0,0,3.37980955839157,3.46336048841476,79.6758005023003,25.9585851430893,18.0154092907906,555.644032150507,0,129.838245540857,0,105.3584010005,50.3118755221367,1055.25621914864,28.1080640554428,1178.84230414033,3.39182877540588,1280.08659625053,11.0481827259064,5468.19693243504,1.96443235874176,0,0,3407.77019065619,0,1042.83612754941,0,70.9804445207119,4.67177331447601,1309.83267518878,0,60.7127746939659,0,25.7172176241875,0,1127.16558885574,85.7250912189484,542.98570972681,0,5.06670165061951,0.891145288944244,47.4061852395535,0,633.528131335974,0,87.2641205787659,12.1428966522217,599.06096124649,0,14.4611008763313,0,739.700391739607,0,77.7737162709236,0,4357.69343325496,0,43.7751171290874,0,1701.66908767819,0,1.47760409116745,0,0,0,21.278176099062,0,3.1626256108284,0,42.9572156965733,0,0,0,0,0,0.508305847644806,0,0,0,0.701829254627228,0,0,0,0,0,0
38.4435883164406,0,0.560442626476288,0,1.83428823947906,0,4.25986975431442,0,0,0,5.56397998332977,0,3.70206880569458,0,0,0,1.84555530548096,0,0,0,0,0,0,0,0,0,0,0,47.7774095833302,0,0,0,1.96907091140747,1.26293087005615,27.8041697144508,10.5088075399399,205.09258428216,3.63303464651108,29.0639650225639,0,37.0096801519394,0,921.235799461603,1.82596337795258,131.466518044472,0,2974.69719132781,0,773.922067135572,0,5283.99706065655,0,0,0,2599.24712738395,0,22.7825871706009,0,33.9175706803799,0,18.98079007864,0,5.88524997234344,0,204.672049641609,0,80.6820214986801,21.6698652505875,0,0,9.09211206436157,0,136.901819705963,0,10.6732623577118,0,120.755889832973,1.34300708770752,0,0,45.1744376718998,0,7.40188091993332,0,620.663187623024,0,8.95226013660431,0,1319.76808649302,0,19.1133306622505,0,0,0,2.30740761756897,0,2.36055022478104,0,12.0763130784035,0,0,0,0,0,0,0,0,0,0,0,0,0,0,0,0,0
0,0,0,0,0,0,0,0,0,0,0,0,0,0,0,0,0,0,0,0,0,0,0,0,0,0,0,0,0,12.5880782008171,0,0,0,0,5.84611803293228,10.0974718034267,0.531106531620026,142.604425489902,0,122.523472011089,0,45.7212867438793,3.83208137750626,541.385474056005,2.14381164312363,220.59517326951,0,1634.06970381737,0,600.146761327982,0,3407.77019065619,0,0,0,3089.09737339616,0,0,0,7.10967761278152,0,0,0,0,0,5.68799611926079,2.588842689991,38.9380337893963,0,0,0,0,0,107.317847490311,0,10.5490410327911,2.03687912225723,54.8632953464985,0,0,0,36.1275381445885,0,5.75312292575836,0,609.300993204117,0,9.60405030846596,0,1636.00878307223,0,7.5187920331955,0,0,0,2.20411705970764,0,1.97809815406799,0,88.1586529612541,0,0,0,0,0,0,0,0,0,0,0,0,0,0,0,0
2.35773158073425,0,0,0,5.44860589504242,0,0,0,1.09642297029495,0,1.04894065856934,0,0,0,6.31086409091949,0,0,0,0,0,0,0,0,0,0,0,0.79087895154953,0,49.7913903295994,0,0,0,1.30719435214996,0.71242344379425,27.914356470108,4.83154657483101,1014.19520688057,16.5864266455173,1343.10330542922,4.03191596269608,102.967365682125,0,357.84265601635,2.48557382822037,204.04818969965,2.16420739889145,2597.44696581364,0.862189114093781,574.17123323679,0,1533.43689596653,0,2599.24712738395,0,0,0.8759845495224,6.22704845666885,0,36.3343844711781,0,18.7505712807178,0,18.5802210271358,0,61.6845403313637,0,104.876913249493,23.9034466743469,0,0,6.56654337048531,2.4191946387291,74.1782314479351,1.21369016170502,10.7942902445793,1.57747048139572,84.5324716866016,11.0060885548592,0.610109090805054,0,13.8057224154472,0,75.1641498804092,0,211.40560489893,0,457.321323394775,0,2728.58959126472,0,27.2939973771572,0,0,0,3.05238032341003,0,3.02097174525261,0.55748575925827,31.3641134798527,0,0,0,0,0,0,0,0,0,0,0,0,0,0,0,0,0
0,0,0,0,0,8.35619565844536,0,3.9124767780304,0,1.78035587072372,0,0,0,0,0,10.2306605577469,0,0,0,0,0,0,0,0,0,0,0,1.91195160150528,0,16.855595946312,0,0,0,5.01300722360611,24.1418955028057,49.4455940425396,16.9674534797668,1216.4220661819,0,1877.77906629443,3.81235659122467,519.589450210333,20.5697645545006,326.768942713737,12.6594442129135,240.929938286543,11.7293220162392,3449.88537123799,1.89459359645844,598.38276001811,2.5136616230011,1042.83612754941,0,3089.09737339616,0.8759845495224,0,0,6.37572970986366,0,16.3532751500607,0,9.25395119190216,0,14.9627603888512,0,91.320237994194,21.6477180123329,171.204398453236,0,0,1.05541157722473,15.3659509420395,0.514347910881042,121.810768812895,0,30.9603971242905,4.36706817150116,114.522659659386,0,0,0,59.900841653347,0,110.682307481766,0,870.430201739073,0,1135.56511381269,0,3957.79727903008,0,10.0247738361359,0,0,0,3.55377382040024,0,17.4932889938354,0,298.11751434207,0,1.28903341293335,0,0,0,0.439765751361847,0,0.692217290401459,0,2.00895380973816,0,0,0,0,0,0
8586.43818435073,20.0015966296196,224.548863738775,1.33796066045761,0,0,257.686059236526,3.80735224485397,1.57848381996155,0,319.213136285543,0,85.4387447834015,0,14.7667109966278,0,2914.20334389806,0,357.572761058807,39.513953268528,0,0,9.0250431895256,0,0,0,0,0,726.460622549057,3.29490792751312,1.28717994689941,0,132.244949549437,142.13300037384,6.49593859910965,2.36863392591476,269.914113730192,2.78690314292908,63.3782823681831,0,0,0,0,0,2.07897180318832,0,8.94785916805267,6.08974015712738,0,0,27.6923057436943,0,22.7825871706009,0,6.22704845666885,0,0,39.3740375638008,2149.78454336524,9.64792412519455,2739.87404918671,5.55986231565475,2160.67726671696,3.98577326536179,222.715510189533,0,728.279737383127,133.788527905941,1779.91543775797,15.3900552988052,958.541265487671,50.2076178193092,2019.7977527976,8.59838646650314,333.958598434925,1.58886003494263,2725.71981352568,175.177231639624,145.238617867231,0,1091.09439057112,6.40240299701691,6.35161918401718,0,109.782715290785,0,0,0,97.5143826603889,0,0,0,0,0,103.496771991253,0,24.1680185198784,0,0,0,0,0,0,0,4.23219788074493,0,2.66548204421997,3.04587841033936,0,2.65732979774475,0,0,0,0,0,1.68675351142883
6.91010427474976,10531.5781588554,2.00335645675659,471.553547769785,0,0,0,869.636827856302,0,0,0,172.946066230536,0,92.0241704583168,0,7.35867178440094,1.74068534374237,2786.73512530327,11.9324598908424,731.023995488882,0,0,0,3.91459766030312,0,0,0,0,2.40435934066772,381.287573963404,3.46869766712189,3.49249291419983,101.995630145073,323.900911331177,26.39585095644,5.18240177631378,26.2537984549999,105.335151910782,0,86.3997974991798,0,1.15950274467468,3.64593243598938,0,0.70455664396286,6.23975026607513,3.43812763690948,16.3916267454624,0,8.26838076114655,0,70.9804445207119,0,0,0,6.37572970986366,39.3740375638008,0,22.3352335691452,1973.3405213058,7.80410265922546,2272.77216932178,0.888844430446625,2257.80496865511,0.870395660400391,403.946686327457,68.2046033740044,603.391760587692,29.2643277347088,1986.61784982681,53.7909585535526,535.10564738512,10.2321237623692,1830.21379080415,0.938526779413223,182.902456581593,301.386373698711,2406.29721495509,0,95.7294606268406,1.99193120002747,441.124799102545,0,9.42403343319893,0,119.646008223295,0,0,0,126.773490726948,0,0,0,0,0,53.1118967533112,0,2.80232441425323,0,0,0,1.51842021942139,0,1.88904857635498,0,3.96096849441528,0,9.07494902610779,3.39348357915878,2.08707070350647,0,0,0,0,0,0
718.623051911592,0,136.221444875002,0,0,0,244.667082339525,0,0,0,32.9092794060707,0,10.3849992752075,0,0,0,72.7569870352745,0,183.798809826374,0,0,0,0.888506829738617,0,0,0,0,0,274.482510894537,1.90263855457306,4.17331224679947,0,83.6722719669342,98.4314330816269,98.0265286564827,47.6747964024544,323.112118184566,85.7935530245304,87.7067090570927,1.51276397705078,4.88789674639702,0,34.8972527384758,66.9759961366653,223.12384173274,21.2237304449081,57.0381908416748,5.24712908267975,706.126248151064,3.00299847126007,1594.642406106,4.67177331447601,33.9175706803799,0,36.3343844711781,0,2149.78454336524,22.3352335691452,0,9.37337636947632,5864.04388424754,7.29801154136658,223.71157553792,3.037428855896,1066.7567320466,0,1962.84268388152,264.447634547949,315.485200732946,0,221.203067779541,10.5639172196388,722.11407148838,1.49734699726105,100.652923226357,0,1073.7787578702,92.7191113233566,49.440045773983,1.3162966966629,260.341749608517,0,0.474988639354706,0,141.040971636772,0,0,0,77.1873675882816,0,0,0,0,0,37.9673279523849,0,22.9410636425018,0,0,0,0,0,0,0,0,0,0,0,0,1.98175895214081,0,0,0,0,0,0
1.15518546104431,270.252005964518,0,88.076303601265,0,0,0,172.169819563627,0,0,0,25.6321111321449,0,14.8840304911137,0,0,0,70.6386480331421,0,136.608930647373,0,0,0,0,0,0,0,0,0,97.6561426222324,0,0,16.2862354516983,45.0660105645657,78.1123153567314,13.0239419639111,43.3525757789612,233.83253121376,1.54811358451843,59.2937190532684,0,9.33945113420486,24.3273488283157,26.2286708652973,22.8391444087029,142.695204347372,3.94624584913254,27.6176743805408,1.38977539539337,732.254383295774,0,1309.83267518878,0,7.10967761278152,0,16.3532751500607,9.64792412519455,1973.3405213058,9.37337636947632,0,5.97280031442642,1969.63796338439,0,490.374832898378,0,1520.04707348347,106.677587747574,1354.52172267437,1.5005851984024,79.819694519043,5.62798547744751,33.8580516278744,0.973827540874481,538.813964724541,0,92.4420311450958,34.4155405163765,681.428643167019,0,61.5963476598263,0,747.424212962389,0,14.9431588351727,0,174.418587684631,0,3.12775087356567,0,127.726707309484,0,0,0,0,0,17.4308810532093,0,0,0,0,0,0,0,0,0,0,0,0.9984011054039,0,1.5484778881073,0,0,0,0,0,0
1428.37145078182,0,80.0079025030136,0,0,0,343.352008461952,0,0,0,482.358877420425,0,130.265862524509,0,1.26676094532013,0,340.248267948627,0,45.6232572197914,0,0,0,0,0,0,0,0,0,143.089915901423,0,4.33092737197876,0,10.3266243636608,41.7870110869408,35.23647159338,4.46645241975784,142.038459599018,15.7482993602753,32.1802583932877,0,1.02252757549286,0,5.18200826644897,2.77690386772156,9.39344638586044,0,16.9621305465698,1.95463228225708,117.594917684793,1.29616224765778,644.533963352442,0,18.98079007864,0,18.7505712807178,0,2739.87404918671,7.80410265922546,5864.04388424754,5.97280031442642,0,0.605168581008911,2393.14321863651,2.58378159999847,2204.24299874902,0,467.047959089279,75.747518658638,38.984828710556,2.86140990257263,203.712529122829,5.27393943071365,407.926327139139,2.34501695632935,63.150227189064,0,549.444424688816,46.6990026533604,16.6197877526283,0,223.816697090864,0,10.146580517292,0,281.409852445126,0,0,0,245.675719469786,0,0,0,0,0,16.4852937459946,0,3.75100475549698,0,0,0,0,0,0,0,0,0,0,0,0,0.587279140949249,0,0,0,0,0,0
0,414.908657103777,0,9.24558997154236,0,0,0,178.181352317333,0,0,0,217.75635099411,0,154.480902731419,0,0,0,192.00622394681,0,13.6859321594238,0,0.545608282089233,0,1.2472071647644,0,0,0,0,1.61230945587158,29.2545103430748,0.827338695526123,0,6.70932012796402,24.1396055817604,40.6096904575825,10.5097150802612,38.993116080761,178.844281107187,1.30890166759491,17.3053250908852,0,3.95262971520424,0.676014840602875,1.53056842088699,4.99464708566666,7.18998384475708,1.47260838747025,7.92483216524124,0,14.0100274980068,0,60.7127746939659,0,0,0,9.25395119190216,5.55986231565475,2272.77216932178,7.29801154136658,1969.63796338439,0.605168581008911,0,0,2745.23917004466,0,2455.55215576291,50.1202054619789,309.80775821209,0,1.19482183456421,6.01055306196213,42.2331909835339,0,138.996164411306,0,24.0137332975864,24.8667828440666,143.596871942282,0,6.09855163097382,1.5967173576355,676.969737589359,0,3.75069278478622,0,402.493146181107,0,2.90130031108856,0,234.213344365358,0,0,0,0,0,6.8915724158287,0,0,0,0,0,0,0,0,0,1.90192270278931,0,0,0,0.470393180847168,0,0,0,0,0,0
193.486841022968,0,22.4233302474022,0,0,0,39.8178830742836,0,0,0,552.852370530367,0,130.595727860928,0,4.03328454494476,0,1106.8870061636,0,27.8316949605942,0,0,0,0.893753588199615,0,0,0,0,0,474.524921149015,0,0,1.84426844120026,6.16079759597778,23.4578375816345,11.1017444729805,3.62245935201645,98.1519757807255,3.47551256418228,26.0779795646667,0,4.16235506534576,0,2.96661883592606,0,4.08376437425613,0,4.70407265424728,0,5.08598798513412,0,61.8652258217335,0,5.88524997234344,0,18.5802210271358,0,2160.67726671696,0.888844430446625,223.71157553792,0,2393.14321863651,0,0,0,719.698981583118,0,159.289703845978,14.5966544151306,38.5604967772961,0,109.015595406294,3.86668521165848,414.623508632183,0,42.2611394226551,0,375.678736180067,18.5231236219406,77.9608569443226,0,2400.73376998305,0,55.1821300983429,0,1198.87523961067,0,4.17625877261162,0,346.192745357752,0,0,0,0,0,14.8945960700512,0,7.86733418703079,0,0,0,0,0,0,0,0,0,0,0,0,0,0,0,0,0,0,0
0,128.728891670704,0,8.53016823530197,0,0,0,24.7444139719009,0,0,0,126.604500949383,0,92.2389287352562,0,11.3692196011543,0,1230.011870116,0,8.15994673967361,0,0,0,0,0,0,0,0,0,185.111515671015,0,1.26261353492737,9.78998658061028,28.8884329795837,20.6690021753311,10.0957014560699,5.72997832298279,53.6938616335392,0,6.20235681533813,0,6.29778933525085,2.31217217445374,0.524001777172089,3.68665415048599,13.1608270704746,0.630105912685394,7.14355120062828,0,11.4876964986324,0,25.7172176241875,0,0,0,14.9627603888512,3.98577326536179,2257.80496865511,3.037428855896,490.374832898378,2.58378159999847,2745.23917004466,0,0,0,949.531771153212,18.293604850769,345.141993790865,0,20.5672421455383,1.22571623325348,60.4140782952309,0,443.950198352337,0,29.563604414463,22.4030616283417,262.698823332787,0,51.8787598907948,0.743939161300659,2850.63417446613,0,11.291777074337,0,355.462892025709,0,11.021776497364,0,175.447246670723,0,0,0,0,0,8.78082019090652,0,0,0,0,0,0,0,0,0,0,0,0,0.443747907876968,0,0,0,0,0,0,0
821.316487580538,0,48.1764619350433,0,0,0,329.857910662889,0,0,0,165.560522139072,0,45.6604058742523,0,0,0,51.556570649147,0,17.9452704191208,0,0,0,0,0,0,0,0,0,46.0242081284523,0,2.17108857631683,0,4.39159864187241,11.0525037050247,22.1103039085865,9.11776328086853,108.584549605846,13.6022854447365,17.2627199292183,0,5.14431720972061,0,3.28905421495438,0,13.9656085968018,0,21.0282844901085,0,36.119725048542,0,821.221916943789,0,204.672049641609,0,61.6845403313637,0,222.715510189533,0.870395660400391,1066.7567320466,0,2204.24299874902,0,719.698981583118,0,0,0,246.075724095106,22.9022784233093,5.56763923168182,0,127.057065397501,0.985925197601318,254.948020666838,0,37.6589695215225,0,265.683387935162,11.7966778874397,8.64448875188828,0,277.709435462952,0,7.51491436362267,0,3354.21587359905,0,0.899777710437775,0,1151.11596471071,0,0,0,0,0,3.36319822072983,0,2.0405535697937,0,0,0,0,0,0,0,0,0,0,0,0,0,0,0,0,0,0,0
0,533.066146194935,0,63.0628125369549,0,0,0,866.762439578772,0,0,0,132.960175156593,0,95.2226710915565,0,0,0,68.9968900084496,0,12.4465897381306,0,0,0,0,0,0,0,0,0,26.7854976058006,0,1.047727227211,2.66699254512787,5.11687070131302,14.3349184989929,1.30462443828583,6.97618156671524,171.696790605783,0,11.1100597381592,0,11.4344910681248,0,2.77995014190674,5.00343918800354,8.63740205764771,0,8.18884888291359,5.3115222454071,359.599856734276,0,1127.16558885574,0,5.68799611926079,0,91.320237994194,0,403.946686327457,0,1520.04707348347,0,2455.55215576291,0,949.531771153212,0,0,13.5331339836121,210.249778747559,0,3.14148712158203,6.41844397783279,77.3932477235794,0.61287796497345,218.45130482316,0,27.4922526776791,8.35711595416069,206.936052203178,0,8.79906505346298,0,1170.31151470542,0,25.4777688682079,0,2081.62462088466,0,14.743436217308,0,1194.33795911074,0,0,0,0,0,2.48513305187225,0,0,0,0,0,0,0,0,0,0,0,0,0,0,0,0,0,0,0,0
203.747563719749,23.2761651575565,339.159759700298,1.66165137290955,0,0,118.890843153,0,0,0,35.4475070238113,0,10.8123441934586,0,0,0,34.4650883674622,0,2024.6068996489,41.488783955574,5.29440408945084,0,218.681234449148,0,0,0,0.593094289302826,0,187.826710820198,7.61979192495346,773.511688172817,25.1991617083549,5427.43734687567,615.970547229052,2156.31782221794,277.159316301346,749.746446728706,478.59192353487,412.418222308159,56.0310404896736,16.1301361322403,2.24600818753242,2048.00484675169,556.156077384949,3359.9234495163,814.232388228178,1237.94923058152,118.024696588516,939.119484007359,356.247626245022,852.793151021004,85.7250912189484,80.6820214986801,2.588842689991,104.876913249493,21.6477180123329,728.279737383127,68.2046033740044,1962.84268388152,106.677587747574,467.047959089279,50.1202054619789,159.289703845978,18.293604850769,246.075724095106,13.5331339836121,0,2543.48329719901,2180.23805969954,32.9125281870365,405.745182961226,76.7657039761543,587.472839683294,68.9255221784115,84.6432072818279,11.9360045790672,1344.93245369196,440.882019907236,20.5823624134064,3.75466680526733,247.391559511423,21.8461062312126,5.48940986394882,0,173.369802117348,8.54052346944809,3.08835873007774,0,141.807372331619,6.06201568245888,11.5074616074562,0,0,0,49.3703275918961,0,29.6201875209808,0,10.4424859881401,0,0,0,0,0,0,0,0,0,0,0,0,0,0,0,0,0
6.04785495996475,98.641488224268,0.671758949756622,174.572391599417,0,0,0,68.9040843844414,0,0,0,9.94138136506081,0,5.35309645533562,0,0,4.39983761310577,29.2368553876877,28.4227508306503,1278.19829264283,0,2.75812482833862,0,196.097729861736,0,3.63761043548584,1.83962225914001,1.74925017356873,9.09208619594574,92.3835532665253,20.9655446708202,426.783101350069,265.228457480669,4723.56576025486,719.80403316021,1397.8152807951,514.670566409826,854.30681976676,73.3859805762768,877.924228399992,0,40.9369212090969,908.158869683743,2310.48418155313,1182.90907129645,2063.30546724796,325.023347079754,1483.62854602933,484.472360372543,741.242447674274,362.324443340302,542.98570972681,21.6698652505875,38.9380337893963,23.9034466743469,171.204398453236,133.788527905941,603.391760587692,264.447634547949,1354.52172267437,75.747518658638,309.80775821209,14.5966544151306,345.141993790865,22.9022784233093,210.249778747559,2543.48329719901,0,71.529468357563,473.509900003672,102.208318382502,150.020368546247,23.8214547336102,681.810344070196,5.10688930749893,140.108175605536,402.395256608725,1325.89643076062,1.31461298465729,70.7551838755608,4.92595726251602,973.795665740967,0,29.3978599905968,11.0150734782219,173.865311324596,0,24.9493152499199,1.8618386387825,141.206334173679,0,0,0,0,0,32.5157527625561,0,17.5217067599297,1.45555418729782,6.45598721504211,0,0,0,0,0,0,0,1.07071542739868,0,3.66297572851181,0.927210509777069,0,0,0,0,0
1352.87374091148,134.751301139593,103.498694121838,22.3947079181671,0,0,28.0386190414429,12.52238920331,0,0,32.577603161335,0,13.7350696921349,0,0,0,64.0319808721542,0,1816.03177651763,292.492403268814,0,0,10.8392741680145,0,0,0,0,0,77.157706618309,0.765429139137268,9.13323885202408,0,1438.66269269586,417.437851786613,2.61967986822128,1.07974129915237,128.26058831811,3.66502714157104,32.1698305606842,0,0,0,0,0,0.856245696544647,0,3.4202446937561,0,0,0,1.74013578891754,0,0,0,0,0,1779.91543775797,29.2643277347088,315.485200732946,1.5005851984024,38.984828710556,0,38.5604967772961,0,5.56763923168182,0,2180.23805969954,71.529468357563,0,78.6932330131531,600.294415891171,81.2149620950222,515.329324126244,17.8379681110382,125.040356934071,3.24842214584351,2132.76912611723,308.503122210503,1.24472773075104,0,18.4760583341122,0,1.26476740837097,0,0,0,0,0,0.946735858917236,0,0,0,0,0,51.5345231890678,0,11.2991679906845,0,0,0,0,0,0,0,0,0,0,0,0.928490042686462,1.84313493967056,0,0,0,0,0,0
10.7771074175835,1061.61694300175,0,89.4686069786549,0,0,0,35.4148713946342,0,0,0,8.0554895401001,0,2.5943962931633,0,0,0,23.1746366620064,18.8400274515152,2160.56325647235,0,0,0,5.23423409461975,0,0,0,0,0,21.8060746192932,5.37353146076202,4.2197157740593,128.968714118004,883.193804860115,5.4573410153389,0,6.13672709465027,18.9459196329117,0,47.3041631579399,0,0,2.4367989897728,0,1.80401360988617,0,0,3.51378750801086,0,5.61558985710144,0,5.06670165061951,0,0,0,0,15.3900552988052,1986.61784982681,0,79.819694519043,2.86140990257263,1.19482183456421,0,20.5672421455383,0,3.14148712158203,32.9125281870365,473.509900003672,78.6932330131531,0,43.5898520946503,205.168000310659,7.4837047457695,254.998377174139,0,31.9928058385849,206.532480329275,996.485679209232,0,4.11129999160767,0,11.4393723011017,0,0,0,0.591421008110046,0,0,0,0.965126991271973,0,0,0,0,0,25.5416084825993,0,0,0,0,0,0,0,0,0,0,0,2.52954292297363,0,1.62731862068176,0,0,0,0,0,0
2667.01120659709,139.513844311237,2595.27624809742,477.659646809101,776.680326223373,107.868498206139,4482.8026022017,756.683476924896,1130.06336885691,100.195200622082,1164.55709606409,76.2116630673409,2836.28042462468,248.754006683826,1298.40678146482,95.0144181251526,277.546966671944,18.1240688562393,1771.64684608579,984.816498875618,526.607122033834,134.815285295248,1917.33566024899,1289.32632735372,530.715767085552,294.81338378787,838.477578788996,124.046893626451,552.790080755949,21.5997042059898,1272.44589090347,511.705638706684,444.661800891161,355.710164159536,38.0058495402336,5.14807367324829,327.422222167253,10.4521722793579,36.6403652131557,10.8389350771904,131.826730012894,24.5591529011726,8.4757844209671,0.621070086956024,9.76056954264641,1.61057996749878,41.116587638855,1.77604913711548,7.45931529998779,1.26187586784363,41.0863547921181,0.891145288944244,9.09211206436157,0,6.56654337048531,1.05541157722473,958.541265487671,53.7909585535526,221.203067779541,5.62798547744751,203.712529122829,6.01055306196213,109.015595406294,1.22571623325348,127.057065397501,6.41844397783279,405.745182961226,102.208318382502,600.294415891171,43.5898520946503,0,769.038226693869,6363.87932002544,229.776374042034,3071.05977678299,99.6802172660828,8269.45760905743,381.934380471706,3.81218186020851,0,104.536888927221,3.47884356975555,50.9406236410141,2.82433843612671,77.0473937988281,0,16.7558160424232,2.39690908789635,76.96665969491,0.719339609146118,25.4539769887924,17.7832309007645,7.88914108276367,8.02775925397873,166.557575464249,30.2537125349045,40.2134510874748,8.02689737081528,24.1193187832832,17.1839179992676,0.840507984161377,1.3908743262291,5.85680198669434,13.6808040738106,72.3057695329189,41.9497545063496,31.5130123496056,18.4251039624214,61.0966650545597,15.8887503743172,7.8478699028492,5.44462978839874,3.88992619514465,3.30592602491379,3.42576479911804,39.974881619215
84.7379124164581,1867.59546905756,475.456169217825,2000.03105777502,80.8054378628731,894.064210534096,628.303635179996,4051.08072406054,89.355049341917,1080.20891353488,35.8544667065144,759.910917580128,173.764050483704,2121.34165003896,39.3631362020969,1843.39000615478,9.34397378563881,293.201745629311,489.493570894003,1653.25527235866,32.3037832975388,356.174337476492,723.311326235533,2302.00824448466,111.354134976864,858.357478559017,152.896944910288,678.927146822214,22.9038998782635,348.064257919788,372.958799481392,795.452172905207,211.759578824043,407.812480688095,2.85548329353333,9.87848943471909,26.0210876166821,195.055847018957,4.97860133647919,41.8933189213276,33.2882695794106,303.117864131927,0,2.40342548489571,1.21194490790367,4.74512475728989,3.62088489532471,28.6961412131786,0,4.15136748552322,0,47.4061852395535,0,0,2.4191946387291,15.3659509420395,50.2076178193092,535.10564738512,10.5639172196388,33.8580516278744,5.27393943071365,42.2331909835339,3.86668521165848,60.4140782952309,0.985925197601318,77.3932477235794,76.7657039761543,150.020368546247,81.2149620950222,205.168000310659,769.038226693869,0,193.042540162802,6304.52859410644,59.7738484740257,4222.49509474635,294.200510889292,9044.99838069081,0,1.99694228172302,4.96874302625656,53.7253970503807,4.05772635340691,33.9147451817989,0,75.8769703507423,4.99324005842209,27.1862605214119,4.29243928194046,132.506415635347,5.25189185142517,29.704666852951,0.686805844306946,16.8950822651386,34.9044286310673,160.313478112221,18.4938895106316,9.94087228178978,12.7768369615078,26.0794741511345,3.15985703468323,8.15638393163681,3.4527969956398,31.7858765721321,30.3474526703358,160.058509647846,10.2902297079563,32.0555639564991,124.988355785608,64.1794527173042,12.0885279774666,3.44656336307526,1.84107011556625,2.83097276091576,8.69306313991547,36.3793120980263
1592.30069792271,38.6543240249157,1590.65339127183,114.965080142021,680.413139849901,14.6963103413582,1144.6752743125,115.493399202824,957.532459199429,12.588187277317,645.265224426985,4.69605296850204,1408.96449825168,22.7765830755234,2543.32044431567,4.80193582177162,979.897179871798,0,980.431399643421,288.316624373198,128.411728203297,8.82439720630646,750.336465507746,369.405370295048,145.571765005589,44.7631396949291,430.697125971317,10.9074918925762,2044.22315657139,2.66350877285004,213.591804862022,207.854581236839,142.594305276871,141.586027234793,49.8773193359375,11.7855634689331,545.72663205862,15.6054436266422,70.3865948021412,1.58806359767914,775.035826981068,35.330596268177,359.820130437613,0,254.422424048185,0,503.932556241751,3.21447533369064,465.030895739794,0,689.91169449687,0,136.901819705963,0,74.1782314479351,0.514347910881042,2019.7977527976,10.2321237623692,722.11407148838,0.973827540874481,407.926327139139,0,414.623508632183,0,254.948020666838,0.61287796497345,587.472839683294,23.8214547336102,515.329324126244,7.4837047457695,6363.87932002544,193.042540162802,0,56.8181853890419,2048.3134110868,60.1515261828899,2080.44823905826,69.9462301135063,55.2133056819439,0,728.491400629282,1.66191673278809,361.932440698147,1.54098963737488,506.52574545145,0,192.972434520721,4.07261729240417,366.315388530493,2.95474928617477,28.2179258167744,21.3183588981628,15.4960588514805,9.8917201757431,105.004972696304,10.2123211920261,38.4541929960251,5.95824629068375,20.2111614048481,19.6630803346634,4.55747929215431,2.90527129173279,7.83564215898514,24.1435105502605,32.2517293393612,25.6295230984688,25.799663156271,6.25947043299675,21.511910200119,17.2251910567284,3.09237512946129,2.02828001976013,3.76832348108292,0.489316433668137,0.736688911914825,9.0369935631752
9.90170127153397,1478.32922837138,104.578731179237,1438.84774300456,14.7100646197796,824.859223693609,154.008583366871,1083.06233873963,16.5279836058617,878.072883486748,5.89012813568115,1064.07371839881,28.2679686844349,1411.98747041821,2.63480800390244,3128.10043418407,0,2324.20033061504,113.041201710701,940.492453813553,5.48313730955124,245.981298595667,230.342243820429,1162.90377259254,22.5911071300507,316.200218975544,14.6749114990234,589.569206982851,7.41754245758057,4736.05646321177,142.225690960884,244.799105525017,65.1175573766232,206.207010746002,29.8205700516701,22.1054225564003,19.4554353356361,544.599780768156,3.18206644058228,69.6709454059601,2.77655076980591,1424.9179392159,24.3516697883606,176.413787841797,7.77193760871887,410.492079585791,8.48435688018799,555.789110898972,0,547.841808497906,0,633.528131335974,0,107.317847490311,1.21369016170502,121.810768812895,8.59838646650314,1830.21379080415,1.49734699726105,538.813964724541,2.34501695632935,138.996164411306,0,443.950198352337,0,218.45130482316,68.9255221784115,681.810344070196,17.8379681110382,254.998377174139,229.776374042034,6304.52859410644,56.8181853890419,0,10.3841881453991,2247.60858500004,55.9796532392502,1765.2543657124,0,174.102620601654,0,1268.04099109769,0,841.903614223003,0,461.83557471633,1.47094696760178,449.175981253386,0,508.831150233746,2.98685795068741,29.4853363633156,0,37.4531496167183,9.08011466264725,83.7492963969707,15.7523044347763,15.4962654709816,1.04355609416962,55.330698132515,0,8.51265436410904,0,21.6475681960583,12.1990941762924,48.0194126963615,5.85123753547668,11.1844270825386,23.4462307393551,16.7382048666477,7.01620280742645,7.64007264375687,0.521911382675171,0.72554737329483,3.48459500074387,7.08597207069397
416.760399729013,5.25333243608475,437.139765977859,11.7397907972336,29.1848187148571,0,318.838182508945,16.8487219214439,61.1698254644871,0,161.628768026829,0,274.179017364979,0,195.175767093897,0,72.8540717363358,0,318.625168889761,39.2443865537643,6.17000302672386,0,168.356875151396,26.7011969685555,8.26880183815956,0.523592591285706,12.5066961050034,1.30428779125214,84.8357141017914,0,50.005542576313,37.5787012577057,28.4593179821968,41.6306771934032,5.98070180416107,0.852670669555664,897.138093054295,38.8678690195084,43.947950810194,15.81257173419,409.476342082024,28.024349629879,17.2867248058319,0,19.4258149862289,0,27.9084325432777,1.23502737283707,43.4809394776821,0,72.9330063462257,0,10.6732623577118,0,10.7942902445793,0,333.958598434925,0.938526779413223,100.652923226357,0,63.150227189064,0,42.2611394226551,0,37.6589695215225,0,84.6432072818279,5.10688930749893,125.040356934071,0,3071.05977678299,59.7738484740257,2048.3134110868,10.3841881453991,0,105.872501790524,1265.20951291919,45.0116972029209,1.22022497653961,0,39.0627851188183,0,14.2036156654358,0,33.9016110897064,0,20.6531247496605,1.21695232391357,60.0984202325344,0,94.3880099952221,313.018119812012,38.8450422585011,200.066531658173,121.654811739922,57.6698318123817,81.5594411194324,24.9763011932373,40.1160255074501,104.698667287827,18.3489110171795,41.2122800350189,31.1638131141663,165.546056687832,92.9981535077095,81.6730345785618,49.3680474162102,36.0397322773933,41.9501078426838,12.3535712957382,24.6330020129681,11.2925904393196,14.5545107126236,2.9101933836937,9.05697914958,31.2246280014515
0,201.900055766106,18.6295295357704,381.411765307188,0,30.7485475838184,25.0217842459679,335.141888022423,0,77.6277807056904,0,122.214233696461,2.97244811058044,169.832500696182,0,254.630851775408,0,118.296224534512,32.6467895507812,301.445079743862,2.85199534893036,1.93893772363663,44.1450219154358,326.748802661896,0,5.094119399786,1.8458748459816,14.6332678794861,1.37764477729797,53.5715652108192,28.3413553237915,53.4491331577301,9.50389873981476,54.6844285130501,13.3468949794769,8.92365556955338,39.7369673848152,622.552779346704,11.1062432229519,43.5814208984375,34.5571282505989,381.213613033295,3.24383509159088,34.6598021686077,1.2041437625885,103.562403976917,3.44818717241287,72.3271308541298,0,119.759965896606,0,87.2641205787659,0,10.5490410327911,1.57747048139572,30.9603971242905,1.58886003494263,182.902456581593,0,92.4420311450958,0,24.0137332975864,0,29.563604414463,0,27.4922526776791,11.9360045790672,140.108175605536,3.24842214584351,31.9928058385849,99.6802172660828,4222.49509474635,60.1515261828899,2247.60858500004,105.872501790524,0,37.8352944552898,1124.89009079337,0,3.80476123094559,0,63.6341439187527,0.492344856262207,12.381882250309,0,39.6119957268238,6.61908954381943,33.7747912406921,11.9099232554436,63.5326372683048,163.630987495184,77.6245297193527,63.5152524709702,82.8517920076847,47.8341789841652,168.072055339813,84.2988085448742,25.193465590477,71.1986314952374,49.0527722835541,31.1570153832436,21.2613448798656,45.6535098254681,79.6707561910152,45.4590418636799,158.484655529261,43.4291751980782,31.1273964047432,45.0942058861256,39.5042018294334,26.1010202169418,14.7062036991119,9.8620066344738,3.52963683009148,6.27729639410973,11.0764609873295
2837.52300184965,552.012546747923,1945.71811583638,145.124720066786,35.2762305140495,0,1483.0306866467,206.163890779018,108.854115098715,0,588.854204446077,11.9086185693741,950.716884016991,8.6196014881134,307.381333321333,0.569670140743256,344.474077314138,23.5565343499184,2664.52490305901,992.025208353996,1.98865926265717,1.09141671657562,697.954534202814,63.6034066677094,4.82826399803162,1.61746907234192,8.09140491485596,1.04184687137604,259.028511852026,3.93536430597305,182.216650933027,138.990606546402,415.708002507687,530.191364228725,185.631279796362,64.4980748295784,3469.82368054986,87.5221036970615,155.655469030142,34.093231856823,206.038964003325,0.579495012760162,428.647378623486,47.0515530705452,473.130256712437,53.9358156323433,675.416128635406,29.2147344946861,845.977005124092,33.3035725355148,972.597016811371,12.1428966522217,120.755889832973,2.03687912225723,84.5324716866016,4.36706817150116,2725.71981352568,301.386373698711,1073.7787578702,34.4155405163765,549.444424688816,24.8667828440666,375.678736180067,22.4030616283417,265.683387935162,8.35711595416069,1344.93245369196,402.395256608725,2132.76912611723,206.532480329275,8269.45760905743,294.200510889292,2080.44823905826,55.9796532392502,1265.20951291919,37.8352944552898,0,571.210883200169,12.4017248749733,3.51575267314911,303.450446486473,22.2245000600815,55.8501534461975,1.26066243648529,397.743778139353,8.17472368478775,38.2178202271461,1.83363425731659,372.214692175388,11.7750886380672,192.411049306393,34.2957364916801,240.74532058835,58.0422239601612,899.190419346094,55.1759289503098,415.634592860937,23.0991556942463,62.6407202482224,20.4432343244553,70.9087252616882,16.0194879174232,96.7206166684628,46.6299224793911,634.923420518637,192.235676944256,92.5419624447823,23.8539201617241,485.652857154608,700.791063010693,58.0929912924767,27.2025261521339,37.5041467547417,47.0088623762131,39.2244796156883,205.440674245358
164.458502233028,4293.68019708991,91.6679754257202,2484.27085483074,0,34.4124831557274,80.4734305143356,2217.11229637265,0,91.7947473227978,11.5021995306015,540.452754080296,11.7831097841263,809.034094035625,0,314.982325434685,12.6463150382042,562.623136520386,516.911546826363,4231.65667060018,3.68225157260895,15.2652750015259,108.189121544361,1052.10666403174,0,11.734721750021,5.55526649951935,8.64470812678337,13.897439032793,152.311666727066,145.749659091234,239.111869722605,293.861054450274,666.878570258617,83.2985431551933,84.307599902153,153.876246571541,4217.19031342864,26.2787844240665,233.116935640574,2.67252677679062,186.22110414505,49.2514085769653,219.868134349585,48.08420586586,506.764931261539,58.0792194604874,1058.66761693358,11.410858631134,559.818942248821,13.9107550978661,599.06096124649,1.34300708770752,54.8632953464985,11.0060885548592,114.522659659386,175.177231639624,2406.29721495509,92.7191113233566,681.428643167019,46.6990026533604,143.596871942282,18.5231236219406,262.698823332787,11.7966778874397,206.936052203178,440.882019907236,1325.89643076062,308.503122210503,996.485679209232,381.934380471706,9044.99838069081,69.9462301135063,1765.2543657124,45.0116972029209,1124.89009079337,571.210883200169,0,2.64048433303833,16.4797050952911,14.8858054876328,312.312656581402,0,42.7254732549191,8.13508999347687,223.808360278606,0.533861696720123,78.3439299464226,2.40358769893646,280.326923370361,60.0317950248718,228.420987069607,54.9989682435989,375.56590616703,135.533527344465,844.30797418952,94.6519905924797,124.409687459469,47.7820286750793,131.505007207394,20.2797977626324,43.440170019865,41.9792777597904,271.17756652832,141.980718046427,875.673321604729,50.3692017495632,123.5880869627,515.890706777573,1356.77199470997,84.306952059269,34.094085842371,51.2833162844181,31.7868951261044,86.3162215650082,121.70146727562
9.15677183866501,0,1.74716520309448,0,0,0,0.859464824199677,0,0,0,17.9658859372139,0,5.31353759765625,0,0,0,485.231055945158,0,0.591315925121307,0,0,0,0.692548632621765,0,0,0,0,0,369.40537878871,0,0,0,0,1.14817690849304,3.47041773796082,0,1.9365462064743,0,0.459722995758057,0,0.589453458786011,0,0.814780652523041,0,0,0,0,0,9.37790566682816,0,15.0716094970703,0,0,0,0.610109090805054,0,145.238617867231,0,49.440045773983,0,16.6197877526283,0,77.9608569443226,0,8.64448875188828,0,20.5823624134064,1.31461298465729,1.24472773075104,0,3.81218186020851,0,55.2133056819439,0,1.22022497653961,0,12.4017248749733,2.64048433303833,0,0,841.80117508769,0,14.001836180687,0,57.9010841846466,0,0,0,10.7143709659576,0,0,0,0,0,3.98463356494904,0,0,0,0,0,0,0,0,0,0,0,0,0,0,0,0,0,0,0,0,0
0,16.3448432981968,0,0,0,0,0,0,0,0,0,2.91770520806313,0,1.36046099662781,0,0,0,261.534067034721,0,2.14694929122925,0,0,0,0,0,0,0,0,0,263.354227691889,0,0,1.57032001018524,4.97802370786667,1.51336026191711,0,0.625509440898895,4.08810320496559,0,0,0,0,0,0,0,5.18520838022232,0,0,0,10.7370748221874,0,14.4611008763313,0,0,0,0,0,95.7294606268406,1.3162966966629,61.5963476598263,0,6.09855163097382,0,51.8787598907948,0,8.79906505346298,3.75466680526733,70.7551838755608,0,4.11129999160767,0,1.99694228172302,0,174.102620601654,0,3.80476123094559,3.51575267314911,16.4797050952911,0,0,0,1863.3347465694,0,161.905952811241,0,15.1188788414001,0,8.78103405237198,0,3.86580193042755,0,0,0,0,0,0,0,0,0,0,0,0,0,0,0,0,0,0,0,0,0,0,0,0,0,0
91.600231975317,0,10.6857261061668,0,3.98460322618484,0,10.9679775834084,0,1.72521990537643,0,218.508910953999,0,65.6804230213165,0,14.9091453552246,0,1998.72351267934,0,8.73067712783813,0,0,0,4.87419068813324,0,0,0,0.547677755355835,0,1311.45766505599,0,0,0,8.94457626342773,17.5271370410919,22.9167058467865,8.4137225151062,133.244962573051,3.29921782016754,13.5977915227413,0,8.63927048444748,0,75.2010616064072,0,72.0576765537262,0,122.542940884829,0,199.529776751995,0,544.757594794035,0,45.1744376718998,0,13.8057224154472,0,1091.09439057112,1.99193120002747,260.341749608517,0,223.816697090864,1.5967173576355,2400.73376998305,0.743939161300659,277.709435462952,0,247.391559511423,4.92595726251602,18.4760583341122,0,104.536888927221,4.96874302625656,728.491400629282,0,39.0627851188183,0,303.450446486473,14.8858054876328,841.80117508769,0,0,0,1786.12038037181,0,5279.0296831727,0,113.937205940485,0,292.033190637827,0,2.61005938053131,0,0,0,5.21808749437332,0,4.16082692146301,0,3.88797324895859,0,0,0,0,0,0,0,0.67155522108078,0,0,0,0,0,0,0,0,0.509218394756317
0,79.9908468723297,0,6.98221528530121,0,0,0,28.52101162076,0,0,0,122.790473818779,0,94.4417106509209,0,14.9564443230629,0,1286.33086803555,0,9.85111993551254,0,0,0,0.924207627773285,0,0,0,0.835425078868866,0,774.358230143785,0,0,1.55666702985764,53.565720140934,38.4488948583603,37.2192009985447,3.6296688914299,194.672803133726,0,27.2887228131294,0,58.690552175045,0.748865842819214,48.3235087990761,4.18268549442291,202.905601799488,0,111.734308332205,0,332.464122712612,0,739.700391739607,0,36.1275381445885,0,59.900841653347,6.40240299701691,441.124799102545,0,747.424212962389,0,676.969737589359,0,2850.63417446613,0,1170.31151470542,21.8461062312126,973.795665740967,0,11.4393723011017,3.47884356975555,53.7253970503807,1.66191673278809,1268.04099109769,0,63.6341439187527,22.2245000600815,312.312656581402,0,1863.3347465694,0,0,0,3078.85844951868,0,5786.86354789138,0,675.054149627686,0,816.7761066854,0,0,0,0,0,2.62374418973923,0,0.754116892814636,0,3.83823227882385,0,0,0,0,0,0,0,0,0,2.60447937250137,0,0,0,0,0,0
12.9244272112846,0,36.7788625061512,0.890474140644073,37.8592396974564,0,32.727523624897,2.2151392698288,32.2996309399605,0,185.90334302187,0,63.1317217946053,0,103.538831949234,0,57.8752854466438,0,21.2984991371632,5.35965824127197,1.08692908287048,0,11.9418703019619,2.7548111975193,0,0,11.7510519325733,0,1350.9628623426,0,4.22969931364059,1.12916934490204,1.01233434677124,3.00080043077469,3.10676836967468,0,347.29991748929,0,199.559148490429,0,788.523189723492,1.28512924909592,3.84352144598961,0,0.87050598859787,0,43.6142815053463,0,1.68887281417847,0,38.0746358931065,0,7.40188091993332,0,75.1641498804092,0,6.35161918401718,0,0.474988639354706,0,10.146580517292,0,55.1821300983429,0,7.51491436362267,0,5.48940986394882,0,1.26476740837097,0,50.9406236410141,4.05772635340691,361.932440698147,0,14.2036156654358,0.492344856262207,55.8501534461975,0,14.001836180687,0,1786.12038037181,0,0,0,1086.21346631646,0,654.648064523935,0,338.606515079737,0,0,0,0,0,2.06371557712555,0,1.07461321353912,0,1.23181879520416,0,0,0,0,0,0,0,0,0,0,0,0,0,0,0,0,0
0,1.45386630296707,0,1.84157931804657,0,230.662943989038,0,0,0.491757124662399,54.1715687811375,0,0,0,0,0,217.805818706751,0,16.892980068922,0,0,0.736329853534698,127.102917313576,0.759646356105804,11.0125061869621,0.551470041275024,21.204532533884,0,120.68540006876,0,1117.41067510843,0,1.94099462032318,0,7.76050209999084,1.17365455627441,6.94518840312958,0,321.249381005764,0,332.170426309109,1.78634864091873,1877.72921428084,0,20.3402314782143,0,3.82393592596054,0.729998826980591,56.2892009019852,0,16.6647102236748,0,77.7737162709236,0,5.75312292575836,0,110.682307481766,0,9.42403343319893,0,14.9431588351727,0,3.75069278478622,0,11.291777074337,0,25.4777688682079,0,29.3978599905968,0,0,2.82433843612671,33.9147451817989,1.54098963737488,841.903614223003,0,12.381882250309,1.26066243648529,42.7254732549191,0,161.905952811241,0,3078.85844951868,0,0,0,459.469138175249,0,1590.09473028779,0,267.353048205376,0,0,0,0,0,3.84925043582916,0,0.410600811243057,0,0.901384651660919,0,0,0,0,0,0,0,0,0,0,0,0,0,0,0,0
119.038032531738,0,16.0818412303925,0,15.2143985033035,0,15.929588496685,0,7.43314149975777,0,225.035656541586,0,35.0303725600243,0,29.2980575859547,0,237.13287705183,0,1.61217379570007,0,4.78439331054688,0,0,0,0.621269881725311,0,4.67593830823898,0,465.011296749115,0,0,0,5.95766395330429,9.84146726131439,30.4404778778553,13.2862948179245,248.099760532379,0.78797972202301,58.3927138745785,0,66.5926623046398,0.712942719459534,63.3093145489693,0,72.0497172176838,0,171.920679181814,1.57504665851593,208.723333418369,0,2872.75852456689,0,620.663187623024,0,211.40560489893,0,109.782715290785,0,141.040971636772,0,281.409852445126,0,1198.87523961067,0,3354.21587359905,0,173.369802117348,11.0150734782219,0,0,77.0473937988281,0,506.52574545145,0,33.9016110897064,0,397.743778139353,8.13508999347687,57.9010841846466,0,5279.0296831727,0,1086.21346631646,0,0,0,956.878940194845,0,6488.95433723927,0,0,0,0,0,12.0940297842026,0,1.96231156587601,0,1.53020143508911,0,0,0,0,0,0,0,0,0,0,2.24349144101143,0,0,0,0,0,0
0,190.933368563652,0,18.1502593755722,0,4.9542547762394,0,162.86588665843,0,3.06902104616165,0,117.582574307919,0,156.875906467438,0,12.484195291996,0,73.3103992938995,0,11.0707184076309,0,0.836724102497101,0,2.91367942094803,0,0.874866247177124,0,3.02085816860199,0,114.317132771015,0,0,1.70023608207703,9.23550564050674,15.8736692070961,11.5487542748451,2.28638476133347,315.404959738255,0.943065047264099,99.2654994428158,0,215.729048579931,4.3390856385231,100.778485387564,1.88336944580078,232.108905613422,2.27415961027145,261.94361820817,0,736.770535767078,0,4357.69343325496,0,609.300993204117,0,870.430201739073,0,119.646008223295,0,174.418587684631,0,402.493146181107,0,355.462892025709,0,2081.62462088466,8.54052346944809,173.865311324596,0,0.591421008110046,0,75.8769703507423,0,461.83557471633,0,39.6119957268238,8.17472368478775,223.808360278606,0,15.1188788414001,0,5786.86354789138,0,459.469138175249,0,0,0,2032.56826925278,0,7610.89839270711,0,0,0,0,0,14.9235466718674,0,1.33892425894737,0,18.1190886497498,0,0,0,0,0,0,0,0,1.11467981338501,0,0,0,0,0,0,0
0,0,0.986002832651138,0,42.2138785719872,0,0,0,27.3498828113079,0,0,0,2.23612076044083,0,72.483198672533,0,0,0,0,0,4.21531826257706,0,0,0,0,0,10.7668836414814,0,304.838751703501,0,2.16666063666344,0,1.39126682281494,0,0,0,1034.20998069644,0,189.184836059809,0,779.864931702614,6.92780393362045,5.94611039757729,0,1.95087820291519,0,77.2127425670624,0,0,0,8.0082919895649,0,8.95226013660431,0,457.321323394775,0,0,0,0,0,0,0,4.17625877261162,0,0.899777710437775,0,3.08835873007774,0,0,0,16.7558160424232,4.99324005842209,192.972434520721,1.47094696760178,20.6531247496605,6.61908954381943,38.2178202271461,0.533861696720123,0,0,113.937205940485,0,654.648064523935,0,956.878940194845,0,0,0,1769.78023198247,0,0,0,0,0,6.25042945146561,0,4.53855931758881,0,0,0,0,0,0,0,1.34395837783813,0,0,0,0,0,0,0,0,0,0,0
0,0,0,0.510253608226776,0,101.736854672432,0,0,0,27.771247446537,0,0,0,0,0,80.1738804280758,0,1.86374169588089,0,0,0,33.8770102858543,0,3.01701518893242,0.778035223484039,10.2855039834976,0,39.8721981942654,0,209.968531250954,0,0,0,1.82610619068146,2.28058516979218,5.9244441986084,0.838765561580658,666.339858621359,0,496.787319779396,2.88750869035721,1517.99411299825,0,39.8786327242851,0,0.943351536989212,1.30115699768066,108.497403919697,0,5.33528280258179,0,43.7751171290874,0,9.60405030846596,0,1135.56511381269,0,0,0,3.12775087356567,0,2.90130031108856,0,11.021776497364,0,14.743436217308,0,24.9493152499199,0,0,2.39690908789635,27.1862605214119,4.07261729240417,449.175981253386,1.21695232391357,33.7747912406921,1.83363425731659,78.3439299464226,0,8.78103405237198,0,675.054149627686,0,1590.09473028779,0,2032.56826925278,0,0,0,2230.60174396634,0,0,0,0,0,2.84438419342041,0,0.530162811279297,0,1.6052885055542,0,0,0,0,0,0,0,0,0,0,0,0,0,0,0,0
115.125925660133,0,0.625369191169739,0,37.3316490352154,0,7.19463491439819,0,14.9072507023811,0,129.760770797729,0,37.2940722107887,0,65.6428763866425,0,81.5110847651958,0,0,0,4.14418512582779,0,0,0,1.72079461812973,0,13.539492636919,0,284.07697442174,0,0.608390390872955,0,2.3056104183197,1.33918190002441,29.2537460327148,5.27481716871262,1506.10795280337,2.8960924744606,314.620752066374,1.14539420604706,244.352739542723,9.83146816492081,239.905072450638,0,114.72142842412,0,887.403477013111,0,376.571254998446,0,1585.03797468543,0,1319.76808649302,0,2728.58959126472,0,97.5143826603889,0,77.1873675882816,0,245.675719469786,0,346.192745357752,0,1151.11596471071,0,141.807372331619,1.8618386387825,0.946735858917236,0,76.96665969491,4.29243928194046,366.315388530493,0,60.0984202325344,11.9099232554436,372.214692175388,2.40358769893646,10.7143709659576,0,292.033190637827,0,338.606515079737,0,6488.95433723927,0,1769.78023198247,0,0,0,2.08930766582489,0,0,0,13.0042789578438,0,4.58011424541473,0,9.759760171175,0,0,0,0,0,0,0,0,0,0,1.65126252174377,0,0,0,0,0,0
0,208.611548066139,0,3.67556446790695,0,28.7140655815601,0,86.3327287733555,0,11.2907813489437,0,67.3998007774353,0,20.29800760746,0,40.850095063448,0,32.4096122980118,0,0.651312112808228,0.872769474983215,2.00159478187561,0,0.988135159015656,0,1.7155647277832,0,10.0493032634258,0,95.779641866684,0,0,0,10.6238901019096,18.6659107506275,21.1385215222836,4.42094352841377,731.879832595587,0,255.060927629471,2.47074842453003,463.889360368252,10.830658018589,172.183628886938,2.08607250452042,162.509336054325,3.13915318250656,555.94768935442,0,350.126457870007,0,1701.66908767819,0,1636.00878307223,0,3957.79727903008,0,126.773490726948,0,127.726707309484,0,234.213344365358,0,175.447246670723,0,1194.33795911074,6.06201568245888,141.206334173679,0,0.965126991271973,0.719339609146118,132.506415635347,2.95474928617477,508.831150233746,0,63.5326372683048,11.7750886380672,280.326923370361,0,3.86580193042755,0,816.7761066854,0,267.353048205376,0,7610.89839270711,0,2230.60174396634,0,0,0,0,0,0,0,9.9565916955471,0,2.7664620578289,0,28.9207190573215,0,0,0,0,0,0,0,0.794121742248535,0,0.709406852722168,0,0,0,0,0,0
0,0,0,0,0,0,0,0,0,0,0,0,0,0,0,0,0,0,0,0,0,0,0,0,0,0,0,0,6.35925543308258,0,0,0,1.03430545330048,0,2.37426137924194,0,85.4667497575283,40.5475735068321,101.889819502831,26.8166332840919,3.48551887273788,0.571604549884796,22.5693596601486,0,3.37717980146408,0,107.421573370695,0,3.04408955574036,0,19.1544867157936,0,19.1133306622505,0,27.2939973771572,0,0,0,0,0,0,0,0,0,0,0,11.5074616074562,0,0,0,25.4539769887924,5.25189185142517,28.2179258167744,2.98685795068741,94.3880099952221,163.630987495184,192.411049306393,60.0317950248718,0,0,2.61005938053131,0,0,0,0,0,0,0,2.08930766582489,0,0,192.435330718756,2466.29505047202,113.092974990606,287.071707755327,182.061454087496,2344.50927320123,124.427886098623,3812.99931797385,160.97459295392,422.251320719719,63.0862180292606,324.903944432735,338.943792462349,674.174776822329,284.924132227898,433.433598071337,137.28045335412,24.0147702991962,35.8100064992905,186.325132489204,81.0273416936398,129.876773744822,9.26361620426178,14.5819057524204,24.8601586818695
0,0,0,0,0,0,0,0,0,0,0,0,0,0,0,0,0,0,0,0,0,1.56761538982391,0,0,0,0,0,0,0,0,0,0,0,0,0,0,140.07544618845,73.5514753162861,69.855222761631,43.6665073037148,0.496119827032089,9.71377164125443,0,0,1.9497994184494,0,0,4.21666041016579,0,1.5613739490509,0,1.47760409116745,0,7.5187920331955,0,10.0247738361359,0,0,0,0,0,0,0,0,0,0,0,0,0,0,17.7832309007645,29.704666852951,21.3183588981628,29.4853363633156,313.018119812012,77.6245297193527,34.2957364916801,228.420987069607,0,0,0,0,0,0,0,0,0,0,0,0,192.435330718756,0,37.4930614829063,3044.07180923223,74.4836865961552,362.960746407509,427.873494803905,456.487861275673,242.860350281,3151.83171376586,41.4621598124504,166.597294300795,70.5861566364765,440.169008731842,75.6453048288822,561.119711995125,120.159167647362,171.187705546618,57.4314578175545,37.0283519625664,180.837936341763,70.2881150245667,291.012744933367,7.07838460803032,75.0276675820351,24.9966140389442
0,0,0,0,0,0,0,0,0,0,0,0,0,0,0,0,0,0,0,0,0,0,0,0,0,0,0,0,0.845729410648346,0,0,0,0,0,0,0,71.3885455131531,20.6510877609253,57.2317672073841,22.4083300232887,1.00274538993835,0,0,0,0,0,4.9525793492794,0.65875768661499,0,0,0,0,0,0,0,0,0,0,0,0,0,0,0,0,0,0,0,0,0,0,7.88914108276367,0.686805844306946,15.4960588514805,0,38.8450422585011,63.5152524709702,240.74532058835,54.9989682435989,0,0,0,0,0,0,0,0,0,0,0,0,2466.29505047202,37.4930614829063,0,42.4665280580521,419.76269325614,69.1035385727882,938.865385830402,57.4448574185371,460.827088028193,53.1966357827187,2444.25478330255,21.8174061179161,1920.30601936579,135.559208124876,1313.12249800563,134.204639732838,319.937919229269,74.0061975121498,52.4076947569847,46.025928735733,264.635273337364,80.0474503338337,339.189116179943,39.1266498863697,42.5755893290043,47.1756325364113
0,0,0,0,0,0,0,0,0,0,0,0,0,0,0,0,0,0,0,0,0,0,0,0,0,0,0,0,0,0,0,0,0,0,0,0,122.440877795219,100.231197714806,65.1171645522118,40.2319052815437,0,4.74699103832245,0,0,0,0,0.433014839887619,3.69205912947655,0,0,0,0,0,0,0,0,0,0,0,0,0,0,0,0,0,0,0,0,0,0,8.02775925397873,16.8950822651386,9.8917201757431,37.4531496167183,200.066531658173,82.8517920076847,58.0422239601612,375.56590616703,0,0,0,0,0,0,0,0,0,0,0,0,113.092974990606,3044.07180923223,42.4665280580521,0,80.6209113001823,367.860358893871,353.374261707067,453.773850530386,193.302428781986,689.844569802284,24.1846144497395,1385.90565285087,105.73644900322,2388.76199507713,93.5739162564278,1625.86310553551,189.606916546822,231.611314564943,143.839501202106,85.0790264606476,312.263773858547,67.6697082817554,435.033357173204,107.035055786371,178.372900545597,52.0759283900261
128.793612450361,0,42.6130420267582,1.87860006093979,0,0,25.2557621598244,1.32000458240509,0.574048340320587,0,10.7630614638329,1.52103853225708,3.89148312807083,0,3.36659526824951,0,7.40139836072922,1.20242303609848,69.1486524343491,0,0,0,1.56733900308609,1.09294164180756,0,0,1.22403389215469,0,11.0484939813614,0,0,0,10.2488936781883,6.49608510732651,4.23181414604187,0,149.571492522955,15.4044071137905,17.2672697305679,1.32264935970306,5.88486024737358,1.11493310332298,3.26476716995239,0,8.32570105791092,0,84.0645654797554,4.36988925933838,18.1008832454681,0,52.220865547657,0,2.30740761756897,0,3.05238032341003,0,103.496771991253,0,37.9673279523849,0,16.4852937459946,0,14.8945960700512,0,3.36319822072983,0,49.3703275918961,0,51.5345231890678,0,166.557575464249,34.9044286310673,105.004972696304,9.08011466264725,121.654811739922,47.8341789841652,899.190419346094,135.533527344465,3.98463356494904,0,5.21808749437332,0,2.06371557712555,0,12.0940297842026,0,6.25042945146561,0,13.0042789578438,0,287.071707755327,74.4836865961552,419.76269325614,80.6209113001823,0,75.614064604044,1032.90356570482,25.3895752429962,171.59155139327,36.3151759505272,152.295564949512,17.9549401700497,213.833460301161,79.0125738978386,506.34817045927,149.893573492765,117.497507214546,19.5616028904915,105.520902872086,497.733779788017,325.031033009291,56.0650965571404,88.9684764742851,79.1212720870972,33.5542577505112,91.1840208470821
1.3912091255188,119.672944962978,0.865958631038666,42.8650482594967,0,0,0,32.6726571023464,0,0,0,8.92099493741989,0.536634683609009,4.21371221542358,0,0,1.56580853462219,12.2865985631943,0,73.3532439172268,0,0,0,6.81621891260147,0,0,0,0,1.79989957809448,1.164486348629,0,5.32832568883896,0,18.138996809721,1.48560130596161,0.969187319278717,31.5986696481705,141.141501635313,21.7768476009369,15.5594634413719,0,17.6102475523949,0,11.3807598948479,0,14.2076424658298,1.67598038911819,66.6666944026947,0,12.4652917385101,0,21.278176099062,0,2.20411705970764,0,3.55377382040024,0,53.1118967533112,0,17.4308810532093,0,6.8915724158287,0,8.78082019090652,0,2.48513305187225,0,32.5157527625561,0,25.5416084825993,30.2537125349045,160.313478112221,10.2123211920261,83.7492963969707,57.6698318123817,168.072055339813,55.1759289503098,844.30797418952,0,0,0,2.62374418973923,0,3.84925043582916,0,14.9235466718674,0,2.84438419342041,0,9.9565916955471,182.061454087496,362.960746407509,69.1035385727882,367.860358893871,75.614064604044,0,107.189830183983,892.536390691996,70.8317999541759,348.516237914562,41.6844636201859,39.7331675291061,53.5716781318188,160.991538822651,55.3343216180801,576.318248808384,26.3415107131004,81.244379401207,72.6055468320847,522.637940317392,374.654395908117,58.9782733917236,41.7737436294556,22.0915726721287,35.5184880197048,26.4290837943554
34.8494204878807,1.42866992950439,7.86367785930634,0,0,0,0.92149817943573,0,0.588572680950165,0,0.649630427360535,0,0,0,1.52814376354218,0,1.82712495326996,0,9.92039832472801,0,0,0,0.4128278195858,0,0,0,1.8519988656044,0,3.08440488576889,0,0,0,0.931950867176056,1.3914081454277,0,0,123.249387145042,37.5117486715317,57.5965333282948,15.6378154158592,1.60365802049637,1.06516349315643,12.7149585485458,0,11.55164706707,0,108.202902674675,2.03992927074432,15.0580048561096,0,27.3743239045143,0,2.36055022478104,0,3.02097174525261,0,24.1680185198784,0,22.9410636425018,0,3.75100475549698,0,7.86733418703079,0,2.0405535697937,0,29.6201875209808,0,11.2991679906845,0,40.2134510874748,18.4938895106316,38.4541929960251,15.7523044347763,81.5594411194324,84.2988085448742,415.634592860937,94.6519905924797,0,0,4.16082692146301,0,1.07461321353912,0,1.96231156587601,0,4.53855931758881,0,4.58011424541473,0,2344.50927320123,427.873494803905,938.865385830402,353.374261707067,1032.90356570482,107.189830183983,0,83.488012522459,2838.45053699613,165.48430249095,243.653448283672,79.9929900765419,276.305604577065,322.064166784286,715.930577993393,208.818228244781,227.495932579041,72.5547040998936,25.2662209868431,196.362224519253,618.202596455812,319.71450355649,255.842319875956,67.244980275631,32.1418831050396,34.1489461362362
0,0,0,0,0,0,0,0,0,0,0,0,0,0,0,0,0,0,0,0,0,0,0,0,0,0,0,0.855134963989258,0,0,0,0,0,2.16993433237076,0,5.55978578329086,6.96648618578911,31.0146070420742,10.4330680370331,35.6079459488392,0.590908050537109,2.02330094575882,3.01782348752022,69.8570264577866,0,57.2400376200676,0.534708440303802,266.733253955841,0,6.22912615537643,0,3.1626256108284,0,1.97809815406799,0.55748575925827,17.4932889938354,0,2.80232441425323,0,0,0,0,0,0,0,0,0,17.5217067599297,0,0,8.02689737081528,9.94087228178978,5.95824629068375,15.4962654709816,24.9763011932373,25.193465590477,23.0991556942463,124.409687459469,0,0,0,0.754116892814636,0,0.410600811243057,0,1.33892425894737,0,0.530162811279297,0,2.7664620578289,124.427886098623,456.487861275673,57.4448574185371,453.773850530386,25.3895752429962,892.536390691996,83.488012522459,0,61.1539434194565,2549.35943359137,42.8097019791603,35.71167999506,59.3505224883556,136.069205194712,27.2879617214203,356.75126978755,19.6191570460796,217.404826879501,37.0100990235806,29.419306576252,729.632431924343,275.154090702534,180.692609041929,8.56886917352676,48.5991108715534,19.8909666836262
0,0,0,0,0,0,0,0,0,0,0,0,0,0,0,0,0,0,0,0,0,0,0,0,0,0,0,0,5.3439873456955,0,0,0,0,0,1.73651504516602,0,58.4762680232525,26.1818879842758,35.4937165379524,15.949226796627,4.77717542648315,2.86419168114662,64.2694390714169,0,1.08982300758362,0,174.56278476119,0,3.92921137809753,0,2.82108306884766,0,12.0763130784035,0,31.3641134798527,0,0,0,0,0,0,0,0,0,0,0,10.4424859881401,1.45555418729782,0,0,24.1193187832832,12.7768369615078,20.2111614048481,1.04355609416962,40.1160255074501,71.1986314952374,62.6407202482224,47.7820286750793,0,0,3.88797324895859,0,1.23181879520416,0,1.53020143508911,0,0,0,9.759760171175,0,3812.99931797385,242.860350281,460.827088028193,193.302428781986,171.59155139327,70.8317999541759,2838.45053699613,61.1539434194565,0,122.360659152269,145.691977441311,72.1574373543262,105.7170381248,312.777504593134,253.524306476116,155.988101929426,140.293896377087,71.750916749239,5.44147083163261,7.08019664883614,101.965818852186,192.46443554759,107.48133122921,11.0010629594326,15.8409830033779,5.32857489585876
0,0,0,0,0,0,0,0,0,0,0,0,0,0,0,0,0,0,0,0,0,0,0,0,0,0,1.17212772369385,2.2196843624115,0,2.05499148368835,0,0,0,0,0,0,38.2599128484726,106.532851308584,28.1354031562805,30.2609198987484,0,26.0020146965981,13.0479419827461,243.814141869545,1.43649178743362,15.5445922911167,0,958.705876916647,0,38.9094443619251,0,42.9572156965733,0,88.1586529612541,0,298.11751434207,0,0,0,0,0,0,0,0,0,0,0,6.45598721504211,0,0,17.1839179992676,26.0794741511345,19.6630803346634,55.330698132515,104.698667287827,49.0527722835541,20.4432343244553,131.505007207394,0,0,0,3.83823227882385,0,0.901384651660919,0,18.1190886497498,0,1.6052885055542,0,28.9207190573215,160.97459295392,3151.83171376586,53.1966357827187,689.844569802284,36.3151759505272,348.516237914562,165.48430249095,2549.35943359137,122.360659152269,0,42.6001958549023,44.8176540732384,65.5437600016594,280.803741753101,47.4999411702156,240.609548151493,32.7357282042503,253.178561300039,11.9739972352982,14.1275038421154,225.003178626299,583.849402397871,595.364720970392,44.1528496146202,18.3926885426044,8.34861335158348
0,0,0,0,0,0,0,0,0,0,0,0,0,0,0,0,0,0,0,0,0,0,0,0,0,0,0,0,0,0,0,0,0,0,0,0,14.8254129886627,2.80102908611298,17.5826889872551,8.83449995517731,0,0,0,0,0,0,0.570512354373932,0.489022582769394,0,0,0,0,0,0,0,0,0,0,0,0,0,0,0,0,0,0,0,0,0,0,0.840507984161377,3.15985703468323,4.55747929215431,0,18.3489110171795,31.1570153832436,70.9087252616882,20.2797977626324,0,0,0,0,0,0,0,0,0,0,0,0,422.251320719719,41.4621598124504,2444.25478330255,24.1846144497395,152.295564949512,41.6844636201859,243.653448283672,42.8097019791603,145.691977441311,42.6001958549023,0,23.2115664184093,3246.69584605098,96.3120380342007,839.266691565514,85.6749156415462,239.966786563396,68.7956949174404,8.80886763334274,7.02893307805061,59.0621688365936,7.48005154728889,34.4315332174301,8.46844971179962,4.18192905187607,12.0057562589645
0,0,0,0,0,0,0,0,0,0,0,0,0,0,0,0,0,0,0,0,0,0,0,0,0,0,0,0,0,0,0,0,0,0,0,0,31.385637819767,14.3735002279282,15.1000261902809,7.39541703462601,0,2.4671368598938,0,0,0,0,0,0,0,0,0,0,0,0,0,1.28903341293335,0,1.51842021942139,0,0,0,0,0,0,0,0,0,0,0,0,1.3908743262291,8.15638393163681,2.90527129173279,8.51265436410904,41.2122800350189,21.2613448798656,16.0194879174232,43.440170019865,0,0,0,0,0,0,0,0,0,0,0,0,63.0862180292606,166.597294300795,21.8174061179161,1385.90565285087,17.9549401700497,39.7331675291061,79.9929900765419,35.71167999506,72.1574373543262,44.8176540732384,23.2115664184093,0,56.7848318815231,2180.31817215681,23.8304396569729,262.795615017414,31.5094172358513,58.0942154824734,3.23369833827019,3.35291990637779,24.4161456823349,8.79549884796143,67.625690639019,7.59290164709091,20.2840594351292,1.24547803401947
0,0,0,0,0,0,0,0,0,0,0,0,0,0,0,0,0,0,0,0,0,0,0,0,0,0,0,0,0,0,0,0,0,0,0,0,36.7423924803734,26.9917371869087,38.0854736566544,9.28953349590302,0.438343733549118,0,0,0,0,0,1.03066563606262,2.01067978143692,0,0,0,0,0,0,0,0,0,0,0,0,0,0,0,0,0,0,0,0,0,0,5.85680198669434,3.4527969956398,7.83564215898514,0,31.1638131141663,45.6535098254681,96.7206166684628,41.9792777597904,0,0,0,0,0,0,0,0,0,0,0,0,324.903944432735,70.5861566364765,1920.30601936579,105.73644900322,213.833460301161,53.5716781318188,276.305604577065,59.3505224883556,105.7170381248,65.5437600016594,3246.69584605098,56.7848318815231,0,275.725534766912,5785.69335508347,174.521415263414,269.588454425335,74.0031791031361,60.3888409733772,87.3502490222454,320.067746371031,79.2197171449661,212.461646586657,901.846832334995,303.88320928812,47.5778942406178
0,0,0,0,0,0,0,0,0,0,0,0,0,0,0,0,0,0,0,0,0,0,0,0,0,0,0,0,0,3.47965145111084,0,0,0,0,0,0,87.6319642364979,63.1693859994411,33.091271430254,42.0231640636921,0,11.0781840085983,0,0,0,0,0.566975176334381,0.707647383213043,0,0,0,0,0,0,0,0,0,1.88904857635498,0,0,0,0,0,0,0,0,0,0,0,0,13.6808040738106,31.7858765721321,24.1435105502605,21.6475681960583,165.546056687832,79.6707561910152,46.6299224793911,271.17756652832,0,0,0,0,0,0,0,0,0,0,0,0,338.943792462349,440.169008731842,135.559208124876,2388.76199507713,79.0125738978386,160.991538822651,322.064166784286,136.069205194712,312.777504593134,280.803741753101,96.3120380342007,2180.31817215681,275.725534766912,0,134.051576644182,6566.59488633275,140.702381163836,247.72250688076,73.5534717142582,53.3219688236713,192.874440252781,59.8390586078167,520.107668161392,542.306760638952,195.422418177128,48.0696151256561
2.05665254592896,0,0.878176033496857,0,0,0,1.11910712718964,0,0,0,0,0,0,0,0,0,0,0,1.46736824512482,0,0,0,0,0,0,0,0,0,2.73003333806992,0,0.583428025245667,0,0.888651072978973,1.75785404443741,0,0,32.6601566970348,12.1744315624237,18.9956853985786,5.08880794048309,4.9580289721489,0,0,0,0,0,8.31638976931572,1.22127255797386,0,0,0,0,0,0,0,0,4.23219788074493,0,0,0,0,0,0,0,0,0,0,0,0,0,72.3057695329189,30.3474526703358,32.2517293393612,12.1990941762924,92.9981535077095,45.4590418636799,634.923420518637,141.980718046427,0,0,0,0,0,0,0,0,1.34395837783813,0,0,0,674.174776822329,75.6453048288822,1313.12249800563,93.5739162564278,506.34817045927,55.3343216180801,715.930577993393,27.2879617214203,253.524306476116,47.4999411702156,839.266691565514,23.8304396569729,5785.69335508347,134.051576644182,0,219.758577167988,412.332048207521,60.0234956741333,139.636110454798,85.8647050857544,346.397490769625,95.1789101064205,102.833930432796,65.7323013246059,187.896992772818,118.869941532612
0,6.03801959753036,0,0,0,0,0,0,0,0,0,0.443392276763916,0,0,0,0,0,1.10691154003143,0,0,0,0.777959167957306,0,0,0,0,0,2.30048274993896,1.81607735157013,4.84794837236404,0,0,0,2.75873464345932,0,0,38.7451249361038,53.1990306675434,17.9444217383862,18.906442373991,3.80667221546173,13.9701120257378,0,1.80780696868896,0,0,2.32685846090317,10.1399154067039,0,0,0,0.508305847644806,0,0,0,0.439765751361847,0,3.96096849441528,0,0,0,1.90192270278931,0,0,0,0,0,0,0,0,41.9497545063496,160.058509647846,25.6295230984688,48.0194126963615,81.6730345785618,158.484655529261,192.235676944256,875.673321604729,0,0,0,0,0,0,0,0,0,0,0,0,284.924132227898,561.119711995125,134.204639732838,1625.86310553551,149.893573492765,576.318248808384,208.818228244781,356.75126978755,155.988101929426,240.609548151493,85.6749156415462,262.795615017414,174.521415263414,6566.59488633275,219.758577167988,0,82.7217729687691,355.019240349531,379.854460120201,172.98577490449,481.579084038734,169.45382297039,273.874830931425,217.302611529827,631.832013964653,235.711452156305
3.63537108898163,0,0.601062476634979,0,0,0,0,0,0,0,0,0,0,0,0,0,0,0,0,0,0,0,0,0,0,0,0.494553983211517,0,2.0845360159874,0,0,0,2.09796303510666,0.679982602596283,0,0,45.166456758976,17.6630274653435,23.8081443309784,6.4022421836853,0,2.8346928358078,0,0,0,0,0,0,0,0,0,0,0,0,0,0,2.66548204421997,0,0,0,0,0,0,0,0,0,0,0,0,0,31.5130123496056,10.2902297079563,25.799663156271,5.85123753547668,49.3680474162102,43.4291751980782,92.5419624447823,50.3692017495632,0,0,0.67155522108078,0,0,0,0,0,0,0,0,0,433.433598071337,120.159167647362,319.937919229269,189.606916546822,117.497507214546,26.3415107131004,227.495932579041,19.6191570460796,140.293896377087,32.7357282042503,239.966786563396,31.5094172358513,269.588454425335,140.702381163836,412.332048207521,82.7217729687691,0,53.1598831415176,10.1490170955658,7.55457916855812,80.2312880456448,28.1206664741039,20.7464841604233,8.92435801029205,15.4169784784317,7.86338198184967
0,1.4177680015564,0,0,0,0,0,0,0,0,0,0,0,0,0,0,0,1.66311287879944,0,0,0,0,0,0,0,0,0,2.24124962091446,0,2.10885453224182,0,0,0,8.78595983982086,0,0,38.548047631979,15.4853940606117,20.5748271346092,2.19231104850769,0,0.602886855602264,0,0,0,0,0.525933265686035,1.83217620849609,0,0,0,0,0,0,0,0.692217290401459,3.04587841033936,9.07494902610779,0,0.9984011054039,0,0,0,0,0,0,0,1.07071542739868,0,2.52954292297363,18.4251039624214,32.0555639564991,6.25947043299675,11.1844270825386,36.0397322773933,31.1273964047432,23.8539201617241,123.5880869627,0,0,0,0,0,0,0,0,0,0,0,0.794121742248535,137.28045335412,171.187705546618,74.0061975121498,231.611314564943,19.5616028904915,81.244379401207,72.5547040998936,217.404826879501,71.750916749239,253.178561300039,68.7956949174404,58.0942154824734,74.0031791031361,247.72250688076,60.0234956741333,355.019240349531,53.1598831415176,0,23.3713164925575,11.6463704407215,49.8952040374279,18.4278763532639,23.0019739568233,6.28372263908386,23.1855685114861,14.8349996209145
5.90480601787567,11.1202477216721,16.2770339846611,16.0202149152756,0,0,7.03839427232742,22.4840896129608,0.675667345523834,0,0.981694281101227,5.81675326824188,1.08918178081512,0.923132240772247,0,1.20802366733551,0,0.733219504356384,7.66097432374954,13.0538113117218,0,0,0.596283674240112,5.03402411937714,0,0,0,0,0,0,3.24821293354034,3.82989883422852,1.00137937068939,1.18473517894745,0,0,10.4347286522388,7.11072567105293,1.4993522465229,0.600146293640137,1.86100891232491,2.42475992441177,0,0,0,0,4.22481846809387,5.16698116064072,0,0,0,0,0,0,0,0,0,3.39348357915878,0,0,0,0,0,0.443747907876968,0,0,0,0,0.928490042686462,0,61.0966650545597,124.988355785608,21.511910200119,23.4462307393551,41.9501078426838,45.0942058861256,485.652857154608,515.890706777573,0,0,0,0,0,0,0,1.11467981338501,0,0,0,0,24.0147702991962,57.4314578175545,52.4076947569847,143.839501202106,105.520902872086,72.6055468320847,25.2662209868431,37.0100990235806,5.44147083163261,11.9739972352982,8.80886763334274,3.23369833827019,60.3888409733772,73.5534717142582,139.636110454798,379.854460120201,10.1490170955658,23.3713164925575,0,353.514982044697,273.617814660072,85.3679427206516,166.254807293415,305.627236396074,213.636561453342,275.433100640774
4.89868181943893,17.1240026950836,5.57170850038528,19.0436317920685,0,0,0.837573707103729,13.0826283097267,0,0,1.23905956745148,4.00556039810181,1.20232200622559,2.68757057189941,0.486449778079987,0.638571739196777,0,2.96238034963608,6.48712855577469,24.6775768399239,0,0,0,6.33480834960938,0,0,0,0.757823884487152,2.94555658102036,0.636742949485779,0,3.37711501121521,0,0.753650903701782,0,0,44.4054359197617,42.9852775335312,0,2.28611451387405,0.575092017650604,3.59912109375,0,2.58543795347214,0,1.12890362739563,118.307132601738,154.218549370766,1.34387493133545,0.797084271907806,2.97818464040756,0.701829254627228,0,0,0,2.00895380973816,2.65732979774475,2.08707070350647,1.98175895214081,1.5484778881073,0.587279140949249,0.470393180847168,0,0,0,0,0,3.66297572851181,1.84313493967056,1.62731862068176,15.8887503743172,64.1794527173042,17.2251910567284,16.7382048666477,12.3535712957382,39.5042018294334,700.791063010693,1356.77199470997,0,0,0,2.60447937250137,0,0,2.24349144101143,0,0,0,1.65126252174377,0.709406852722168,35.8100064992905,37.0283519625664,46.025928735733,85.0790264606476,497.733779788017,522.637940317392,196.362224519253,29.419306576252,7.08019664883614,14.1275038421154,7.02893307805061,3.35291990637779,87.3502490222454,53.3219688236713,85.8647050857544,172.98577490449,7.55457916855812,11.6463704407215,353.514982044697,0,657.358683228493,108.437277466059,196.400609284639,288.105754494667,144.359431743622,149.930299252272
0,0,0,0,0,0,0,0,0,0,0,0,0,0,0,0,0,0,0,0,0,0,0,0,0,0,0,0,0,0,0,0,0,0,0,0,15.236763715744,17.024597287178,13.6033222079277,5.66916126012802,0,0.651791632175446,0,0,0,0,0,0,0,0,0,0,0,0,0,0,0,0,0,0,0,0,0,0,0,0,0,0.927210509777069,0,0,7.8478699028492,12.0885279774666,3.09237512946129,7.01620280742645,24.6330020129681,26.1010202169418,58.0929912924767,84.306952059269,0,0,0,0,0,0,0,0,0,0,0,0,186.325132489204,180.837936341763,264.635273337364,312.263773858547,325.031033009291,374.654395908117,618.202596455812,729.632431924343,101.965818852186,225.003178626299,59.0621688365936,24.4161456823349,320.067746371031,192.874440252781,346.397490769625,481.579084038734,80.2312880456448,49.8952040374279,273.617814660072,657.358683228493,0,690.285958975554,830.784234553576,594.583168745041,330.130664020777,209.66360861063
0,0,0,0,0,0,0,0,0,0,0,0,0,0,0,0,0,0,0,0,0,0,0,0,0,0,0,0,0,0,0,0,0,0,0,0,5.32393503189087,10.2414460778236,4.34533494710922,5.21480584144592,0,0,0,0,0,0,0,2.459428191185,0,0,0,0,0,0,0,0,0,0,0,0,0,0,0,0,0,0,0,0,0,0,5.44462978839874,3.44656336307526,2.02828001976013,7.64007264375687,11.2925904393196,14.7062036991119,27.2025261521339,34.094085842371,0,0,0,0,0,0,0,0,0,0,0,0,81.0273416936398,70.2881150245667,80.0474503338337,67.6697082817554,56.0650965571404,58.9782733917236,319.71450355649,275.154090702534,192.46443554759,583.849402397871,7.48005154728889,8.79549884796143,79.2197171449661,59.8390586078167,95.1789101064205,169.45382297039,28.1206664741039,18.4278763532639,85.3679427206516,108.437277466059,690.285958975554,0,392.172589123249,210.491992890835,66.3432506024837,39.3615874648094
0,0,0,0,0,0,0,0,0,0,0,0,0,0,0,0,0,0,0,0,0,0,0,0,0,0,0,0,0,0,0,0,0,0,0,0,11.2072530984879,5.08620005846024,3.66803002357483,2.6172913312912,0,0.760819315910339,0,0,0,0,0.494723081588745,0.727425694465637,0,0,0,0,0,0,0,0,0,0,0,0,0,0,0,0,0,0,0,0,0,0,3.88992619514465,1.84107011556625,3.76832348108292,0.521911382675171,14.5545107126236,9.8620066344738,37.5041467547417,51.2833162844181,0,0,0,0,0,0,0,0,0,0,0,0,129.876773744822,291.012744933367,339.189116179943,435.033357173204,88.9684764742851,41.7737436294556,255.842319875956,180.692609041929,107.48133122921,595.364720970392,34.4315332174301,67.625690639019,212.461646586657,520.107668161392,102.833930432796,273.874830931425,20.7464841604233,23.0019739568233,166.254807293415,196.400609284639,830.784234553576,392.172589123249,0,445.659131556749,95.5547386407852,88.4697289466858
0,0,0,0,0,0,0,0,0,0,0,0,0,0,0,0,0,0,0,0,0,0,0,0,0,0,0,0,0,0,0,0,0,0,0,0,2.45582085847855,0.630958616733551,0.62867671251297,0.483350604772568,0,0,0,0,0,0,3.06900531053543,2.15179687738419,0,0,0,0,0,0,0,0,0,0,0,0,0,0,0,0,0,0,0,0,0,0,3.30592602491379,2.83097276091576,0.489316433668137,0.72554737329483,2.9101933836937,3.52963683009148,47.0088623762131,31.7868951261044,0,0,0,0,0,0,0,0,0,0,0,0,9.26361620426178,7.07838460803032,39.1266498863697,107.035055786371,79.1212720870972,22.0915726721287,67.244980275631,8.56886917352676,11.0010629594326,44.1528496146202,8.46844971179962,7.59290164709091,901.846832334995,542.306760638952,65.7323013246059,217.302611529827,8.92435801029205,6.28372263908386,305.627236396074,288.105754494667,594.583168745041,210.491992890835,445.659131556749,0,570.733086824417,138.431255429983
0,0,0,0,0,0,0,0,0,0,0,0,0,0,0,0,0,0,0,0,0,0,0,0,0,0,0,0,0,0,0,0,0,0,0,0,1.97548139095306,3.79660785198212,2.89482423663139,3.50446754693985,0.513412535190582,0,0,0,0,0,0,0.876875698566437,0,0,0,0,0,0,0,0,0,0,0,0,0,0,0,0,0,0,0,0,0,0,3.42576479911804,8.69306313991547,0.736688911914825,3.48459500074387,9.05697914958,6.27729639410973,39.2244796156883,86.3162215650082,0,0,0,0,0,0,0,0,0,0,0,0,14.5819057524204,75.0276675820351,42.5755893290043,178.372900545597,33.5542577505112,35.5184880197048,32.1418831050396,48.5991108715534,15.8409830033779,18.3926885426044,4.18192905187607,20.2840594351292,303.88320928812,195.422418177128,187.896992772818,631.832013964653,15.4169784784317,23.1855685114861,213.636561453342,144.359431743622,330.130664020777,66.3432506024837,95.5547386407852,570.733086824417,0,86.2854196429253
1.15447020530701,0.680912554264069,1.01893818378448,0,0,0,2.40000295639038,1.08811163902283,0,0,0,0.927002310752869,0,0,0,0,0,0,0.655682146549225,0,0,0,0,0,0,0,0,0,0.804008603096008,0,0,0,0.927100718021393,1.8794059753418,0,0,6.18924641609192,5.90173923969269,2.10593077540398,0.570873975753784,0.652094006538391,1.62310537695885,0,0,0,0,0.897529304027557,1.33415251970291,0,0,0,0,0,0,0,0,1.68675351142883,0,0,0,0,0,0,0,0,0,0,0,0,0,39.974881619215,36.3793120980263,9.0369935631752,7.08597207069397,31.2246280014515,11.0764609873295,205.440674245358,121.70146727562,0,0,0.509218394756317,0,0,0,0,0,0,0,0,0,24.8601586818695,24.9966140389442,47.1756325364113,52.0759283900261,91.1840208470821,26.4290837943554,34.1489461362362,19.8909666836262,5.32857489585876,8.34861335158348,12.0057562589645,1.24547803401947,47.5778942406178,48.0696151256561,118.869941532612,235.711452156305,7.86338198184967,14.8349996209145,275.433100640774,149.930299252272,209.66360861063,39.3615874648094,88.4697289466858,138.431255429983,86.2854196429253,0
