0,246.572516083717,1819.60844627023,148.383453160524,0,0,3655.09191140532,137.636342912912,18.4182015657425,0,5293.10272058845,35.1379261612892,878.591062873602,3.74099814891815,5.86442223191261,0,707.838352322578,3.61327803134918,2162.65124419332,1239.21698984504,0,0,1.35111397504807,1.85746657848358,0,0,1.24151837825775,0,1371.54162713885,1.52592730522156,3.31978067755699,15.5867304801941,10.9819059371948,287.934457778931,1.47988778352737,2.32821047306061,491.095750361681,0,176.40307289362,0,10.9496514201164,0,0,0,0,0,27.1516292393208,0,0,0,109.040609538555,0,20.3341472744942,0,44.0351455211639,0,9539.27524971962,7.01709434390068,318.78334915638,2.22268795967102,1504.42607796192,0,261.743205189705,0,511.436619997025,0,70.3736635446548,5.44743126630783,2826.4988630414,84.038681268692,4383.29069760442,83.5316156446934,2930.6353545785,23.4170697927475,1698.23219466209,7.49977385997772,3665.38200810552,61.4371154308319,9.82634991407394,0,169.344614863396,0,37.787171214819,0,1273.4922387898,0,0,0,286.976162493229,0,0,0,0,0,207.729759901762,3.98443686962128,29.5231068730354,0,0.816453754901886,0,0,0,0,0,7.47395560145378,0.515953540802002,18.963058501482,0,34.8353517651558,18.4803276062012,0.923508644104004,0,0,0.543524920940399,0,2.98735418915749
246.572516083717,0,12.9170327782631,3772.41756862402,0,0,5.13137626647949,7216.14614248276,0,0.677227675914764,11.5421342253685,2279.47884294391,0,484.476566553116,0,13.8272865116596,5.31462687253952,1167.29769149423,175.366203695536,1727.74617767334,0,0,0,18.968334376812,0,0,0,0,0.736340165138245,53.0538595020771,0,6.16931122541428,23.5930184721947,82.5491668879986,0.704643487930298,0,6.98907101154327,101.041161715984,7.0965194106102,50.0620411038399,0,0,0,0,0,0,0,0,0,2.55243366956711,0,39.4000563025475,0,0,0,12.655321419239,51.8593258261681,10209.3155976832,9.20966494083405,504.274546712637,1.72526079416275,1446.82773643732,0.83698582649231,400.824957132339,0,1181.22950521111,31.3296126127243,45.194569170475,335.727420955896,693.322782754898,156.490279644728,2338.991977036,4.96483397483826,1514.45394876599,5.28964698314667,566.028295397758,1539.4079888761,3674.4847690165,2.75484943389893,5.73781526088715,0.69831794500351,40.6113285124302,0,0,0,675.895794659853,0,0,0,139.058047175407,0,0,0,0,4.71308720111847,19.1988109350204,5.17115837335587,0,0,0,0,0,0,0,0,0,0,0.462168097496033,7.09377610683441,15.3348779678345,0,0,0,0,1.05743026733398,0
1819.60844627023,12.9170327782631,0,662.298487752676,483.260148197412,53.6135666370392,8890.79795622826,1064.71806299686,521.545545578003,130.702524185181,1008.5729368329,79.5225303471088,1351.95206344128,185.010198235512,141.424255073071,48.3699827492237,138.401834338903,3.60029774904251,2673.11345553398,703.776387155056,3.87831744551659,2.1398863196373,2151.84851536155,1187.69956487417,47.7121916413307,153.710696548223,14.5555518865585,16.2061191499233,1494.83655083179,10.5103216171265,96.4031932651997,678.633475869894,77.5460264384747,214.917746216059,10.6844988763332,3.42009550333023,83.9009125232697,0,7.07438215613365,0,8.93667894601822,0,2.68620502948761,0,0,0,77.8708235025406,0,0,0,0.395606398582458,0,0,0,0,0,216.935170799494,0,197.197615414858,0,40.9577744603157,0,4.02184754610062,0,18.1976897418499,0,258.864602565765,2.67276620864868,202.609115689993,10.7515259981155,2266.79593867064,554.587223738432,1466.66961991787,146.187559664249,440.116636157036,29.3964827656746,1650.05037879944,104.806819915771,0,0,2.8130764067173,0,46.3604869842529,0,9.83055347204208,0,0,0,1.18660968542099,0,0,0,0,0,73.7694510519505,0.490155756473541,8.95859146118164,0,0,0,0,0,0.980034232139587,0,1.35930582880974,0,0,0,22.8271218836308,7.37647175788879,0,0,0,0,0,3.54964658617973
148.383453160524,3772.41756862402,662.298487752676,0,80.5675829946995,686.033174455166,564.299202084541,9863.09396269917,80.7810876965523,322.780545681715,39.2697234153748,990.18035697937,84.1049608588219,625.369702011347,28.7851353287697,337.030171900988,3.20188492536545,98.8300065398216,409.300714313984,5110.71743893623,0,3.32076799869537,831.474421262741,1761.21958756447,27.649118244648,171.970270067453,10.8740895986557,6.75546309351921,102.028491020203,87.8499153852463,98.7113553285599,291.412173241377,43.1729155480862,134.227387279272,0,4.68244698643684,3.54619157314301,52.7412715852261,1.8256618976593,15.6529627144337,0,0,0,0,0,0,0.986507177352905,0,0,9.65784513950348,0,36.8504313826561,0,0,0,0.454786330461502,18.712674587965,443.561437189579,0,117.06686347723,0,27.4847294092178,0,9.44262957572937,0,162.542683899403,5.50532454252243,49.2326057851315,112.002503961325,187.058448046446,758.975528568029,1159.71484598517,171.065786451101,1184.22284352779,21.0922093391418,300.621324628592,257.864139914513,2154.5504385829,0,1.91250663995743,0,5.37472873926163,0,0,0,37.652246773243,0,0,0,10.6031894981861,0,0,0,0,4.21829891204834,7.93567657470703,0,0,0,0,0,0,0,0,0,0,0,0,10.0467223823071,7.13728874921799,0,0,0,0,0,2.03938910365105
0,0,483.260148197412,80.5675829946995,0,88.8222081363201,640.451732516289,32.0101941823959,1867.11387211084,117.860518217087,8.1261348426342,0,46.4179859757423,1.19207322597504,2283.97477927804,31.7668386697769,0,0,1.48540630936623,1.19813859462738,152.431834459305,51.3009788095951,203.813546061516,310.953095942736,186.187725752592,647.283565729856,834.868754148483,71.0370204150677,1019.35723429918,0.626971423625946,79.9534665942192,215.810780674219,21.8101859092712,4.19422823190689,9.93201971054077,4.41493606567383,11.2247828841209,1.99986857175827,1.87170475721359,0,12.7989864647388,0.798198938369751,6.60001933574677,0,0,0,41.9229745864868,0,0.923015356063843,0,5.64544144272804,0,4.76315236091614,0,5.87169128656387,0,0,0,2.29380875825882,0,2.06597375869751,0,0,0,2.62970873713493,0,2.1453121304512,0,0,0,1137.77991822362,69.689791560173,523.413722068071,20.9188277125359,28.5213763415813,1.92339324951172,124.819634705782,0,0,0,27.3570247888565,0,70.0484374463558,0,19.5214010477066,0,58.9379157423973,0,7.24775731563568,0,0,0,0,0,0,0,0,0,0,0,0,0,0,0,0,0,0,0,0,0,0,0,0,0,0,0
0,0,53.6135666370392,686.033174455166,88.8222081363201,0,17.1843862533569,353.745827674866,66.8810326755047,1621.12549927831,0,0.765361070632935,0,5.36689591407776,37.0229866802692,1406.14230801165,0,0,0.636359393596649,1.84434178471565,2.27184328436852,68.191617757082,114.839782953262,60.7669721245766,70.3568673729897,370.982264906168,39.0065611898899,1069.59379515052,7.75284862518311,81.6874339580536,16.8038914203644,51.1454771161079,0,0.973471820354462,0,0,0,8.15486508607864,0,1.91294461488724,0,61.1652816236019,0,0,0,0,0,0.940000951290131,0,0,0,0,0,0,0,1.6481254696846,0,0,0,0,0,0,0,0,0,0,0,0,0,0,415.476703137159,644.495009601116,20.1000517308712,555.905912354589,1.24153697490692,0,1.29116785526276,3.6542235314846,0,0,0,0,0,4.05107820034027,0,2.23209464550018,0,1.12648490071297,0,0.432965815067291,0,0,0,0,0,0,0,0,0,0,0,0,0,0,0,0,0,0,0,0,0,0,0,0,0,0
3655.09191140532,5.13137626647949,8890.79795622826,564.299202084541,640.451732516289,17.1843862533569,0,1324.47879996896,728.232541769743,70.4015883803368,2629.13665625453,63.5071760714054,4905.94059112668,192.171593099833,24.6870309710503,29.9106771349907,55.0883704423904,0,379.75548902154,477.014058202505,0,0,236.726003110409,872.717583507299,3.23648521304131,44.5467882156372,1.75778365135193,1.37793356180191,723.936606615782,4.47613555192947,24.9397455453873,475.570766657591,19.4814269244671,135.559435397387,2.46768644452095,2.15862512588501,41.1231197714806,0,6.8146561384201,0,3.08097571134567,0,0.366018533706665,0,0,0,52.0298150777817,0,1.30304360389709,0,67.5982995033264,0,1.29081225395203,0,5.39039868116379,0,255.531223118305,0,114.106729567051,0,159.464633822441,0,5.07775104045868,0,233.212747186422,0,85.2071404755116,0,25.4826204627752,2.43576240539551,4690.59132570028,444.404847919941,558.274723380804,127.124142616987,170.843021571636,17.6303305625916,967.085714846849,38.0911141037941,3.00888162851334,0,6.60889285802841,0,12.1710205376148,0,74.7783373594284,0,0,0,5.36088794469833,0,0,0,0,0,23.4837863743305,2.02538394927979,0.49899485707283,0,0,0,0,0,0,0,1.03414869308472,0,1.77995586395264,0,7.14094930887222,2.31585475802422,0,0,0,0,0,1.25777065753937
137.636342912912,7216.14614248276,1064.71806299686,9863.09396269917,32.0101941823959,353.745827674866,1324.47879996896,0,60.1337803602219,1307.19482442737,78.0166673660278,3067.65885490179,271.74626326561,6423.77991500497,19.0200578570366,451.338378369808,2.25501751899719,84.7663237452507,696.92111119628,667.831323355436,0,0,1062.15798184276,593.336705505848,6.99189817905426,55.2337895333767,0,3.9333284497261,170.8584664464,128.543979942799,93.7773250937462,172.298635661602,83.0402239561081,50.1293717324734,1.6305892765522,3.65045976638794,4.0457336306572,16.4022313654423,0,1.42935729026794,0,0,0,0,0,0,0,0.383572548627853,0,13.0606551170349,0,114.48725232482,0,1.97857731580734,0,22.7406136989594,7.11757281422615,702.812117725611,0.465950399637222,152.410231083632,0,160.6038428545,0,24.3883815705776,0,751.02744525671,0.629765450954437,25.288203895092,91.8007426857948,24.1848076283932,1716.88192021847,2752.76451277733,208.145843744278,1141.45787677169,23.2321805357933,261.98410448432,471.547503948212,1564.42691317201,0,5.4869025349617,0,14.8471756875515,0,0,0,430.326407164335,0,0,0,116.872104495764,0,0,0,0,0,4.24579921364784,2.96246337890625,0,0,0,0,0,0,0,0,0,0,0,5.15427875518799,3.57427036762238,0,0,0,0,0,0.522469699382782
18.4182015657425,0,521.545545578003,80.7810876965523,1867.11387211084,66.8810326755047,728.232541769743,60.1337803602219,0,128.139105945826,21.5759000182152,0,602.166931271553,2.80758309364319,2032.6021951437,20.8745658993721,2.22381269931793,0,16.3664270043373,1.34075313806534,18.1538545489311,3.32900941371918,155.420231431723,294.390893697739,25.8482129871845,233.961708813906,19.6955335736275,12.5584425330162,409.094114542007,1.2131689786911,25.7359557449818,112.94458681345,5.34852641820908,7.56403586268425,0.521499633789062,0,5.85307863354683,0,0.841516673564911,0,2.60277760028839,0,0,0,0,0,17.9454498291016,0,0,0,0,0,0.532656252384186,0,0,0,1.12912261486053,0,0,0,1.62857389450073,0,0,0,0,0,0,0,0,0,752.661959469318,49.7064156532288,457.248927652836,5.54179656505585,43.8583636283875,0,259.905282527208,0,0,0,8.74234968423843,0,12.1136972308159,0,0,0,0.726998090744019,0,0.477570712566376,0,0,0,0,0,1.58938574790955,0,0,0,0,0,0,0,0,0,0,0,0,0,1.05952903628349,0,0,0,0,0,0,0
0,0.677227675914764,130.702524185181,322.780545681715,117.860518217087,1621.12549927831,70.4015883803368,1307.19482442737,128.139105945826,0,0,3.49200683832169,9.86424589157104,374.191004991531,38.5614040493965,1805.73849317431,0,0,1.35118156671524,11.0328508913517,0,3.78005036711693,244.299858182669,74.3597914278507,80.4787071943283,140.119944304228,21.0848317146301,128.855927497149,17.1256420016289,120.568335264921,30.2976775765419,100.703160226345,0,2.47492933273315,0,0,0,2.5199539065361,0,0,0,21.2102690041065,0,0.496723085641861,0,0,0,0,0,0,0,0,0,0,0,1.38253033161163,0,0,0,0,0,0,0,0,0,0,0,0,0,0,462.072733461857,1379.36692336202,51.1998201310635,613.382593244314,5.68397063016891,13.173712015152,0.970674514770508,18.0271671414375,0,0,0,0,0,1.05562114715576,0,0.672922074794769,0,0,0,0,0,0,0,0,0,0,0,0,0,0,0,0,0,0,0,0,0,0,0.624983131885529,0,0,0,0,0,0,0
5293.10272058845,11.5421342253685,1008.5729368329,39.2697234153748,8.1261348426342,0,2629.13665625453,78.0166673660278,21.5759000182152,0,0,16.2941426038742,2745.81630930305,20.785296857357,22.9670928418636,0,1255.38765585423,0,599.288659691811,356.957483768463,0,0,22.2718154191971,36.9009401798248,0,0,0,0,1568.42899289727,0,14.6463129520416,124.832341045141,13.2044039666653,73.1747815012932,1.04056206345558,0,24.7915108203888,0,3.19677877426147,0,1.70982015132904,0,0.590430378913879,0,0,0,6.19790768623352,0,0,0,37.091816008091,0,7.25146469473839,0,12.6332531571388,0,297.412503927946,0,67.0830665230751,0,214.091299772263,0,245.114812076092,0,67.6755757331848,0,100.664298862219,0,40.4178098142147,0,1459.69945469499,23.2604445815086,363.908023685217,6.24060654640198,117.005949139595,0,286.205108165741,5.9849681854248,13.8013429045677,0,364.258993148804,0,122.104346394539,0,652.317876815796,0,0,0,138.519165366888,0,0,0,0,0,4.12593242526054,0,2.66180717945099,0,0,0,0,0,1.09636342525482,0,0,0,0,0,2.82197165489197,0,0,0,0,0,0,0
35.1379261612892,2279.47884294391,79.5225303471088,990.18035697937,0,0.765361070632935,63.5071760714054,3067.65885490179,0,3.49200683832169,16.2941426038742,0,13.2341991662979,2946.27000394464,0,73.2572956681252,0,577.039844870567,272.542054742575,1481.30828744173,0,0,26.900250852108,77.4834645986557,0,0,0,0,4.80108726024628,434.293808788061,2.17349326610565,21.8877950906754,5.01264572143555,117.16218739748,0,0,0,12.3624163866043,0,1.22621524333954,0,0,0,0,0,0,0,0,0,0,0,10.8127189278603,0,0,0,6.72549402713776,1.37286674976349,174.862723767757,0,82.370576351881,0,900.878535598516,0,388.376783698797,0,350.755452305079,0,37.3704461157322,15.6595043540001,47.4425713419914,369.931461006403,1137.59838175774,8.1595054268837,1283.03698214889,3.78828930854797,97.2478867173195,302.313502341509,482.012738615274,0,4.21842414140701,0,71.9014114141464,0,0,0,468.681997686625,0,0,0,47.4978576302528,0,0,0,0,0,1.8011901974678,1.11136269569397,0,1.47800934314728,0,0,0,0,0,0,1.08445531129837,1.76090002059937,0,1.8237025141716,0,0,0,0,0,0,1.39481365680695
878.591062873602,0,1351.95206344128,84.1049608588219,46.4179859757423,0,4905.94059112668,271.74626326561,602.166931271553,9.86424589157104,2745.81630930305,13.2341991662979,0,37.0969673097134,2423.46471241117,0.724342465400696,62.7497252523899,0,397.280006855726,159.460638701916,0,0,179.464569509029,158.32975012064,3.77015310525894,7.5422226190567,1.6203601360321,0,5080.62682372332,1.13062298297882,31.9096612334251,199.38475689292,21.2030585706234,65.7209883928299,0.668343007564545,0,37.4544131755829,0,2.95848774909973,0,6.39357396960258,0,2.04996013641357,0,0.399271994829178,0,69.3796479105949,0,0,0,8.99591457843781,0,3.07238900661469,0,2.08830106258392,0,66.1938807368279,0,25.1451414823532,0,41.7884802818298,0,36.2730840444565,0,16.3662556111813,0,53.1767126917839,0,12.7386382222176,0,2599.81620374322,77.1341294646263,1021.86000984907,21.8179445266724,165.326064229012,1.25583815574646,948.214955896139,10.1887866854668,1.80004942417145,0,67.5314268767834,0,18.0135085582733,0,78.1980113983154,0,0,0,7.96070727705956,0,0,0,0,0,24.3319512307644,0,0,0,0,0,0,0,0,0,0,0,0,0,3.16168224811554,1.72159826755524,0,0,0,0,0,0.660907506942749
3.74099814891815,484.476566553116,185.010198235512,625.369702011347,1.19207322597504,5.36689591407776,192.171593099833,6423.77991500497,2.80758309364319,374.191004991531,20.785296857357,2946.27000394464,37.0969673097134,0,0,1314.63192296028,0,98.4709725379944,148.099083542824,674.105481296778,0,0,135.043909668922,243.0959610641,0,6.86826530098915,0,0.560062229633331,19.443108856678,858.451984614134,18.377799987793,57.8554924726486,12.4133812189102,84.0290884375572,0,3.37416273355484,0,0.66438764333725,0,0,0,0,0,0,0,0,0,0,0,0,0,1.73236805200577,0,0,0,0,0,75.038147777319,0,7.05913662910461,0,162.970692336559,0,71.067711353302,0,99.5667741894722,0,10.1687735617161,0,21.2020513415337,508.502434283495,1961.94571217895,32.5513500571251,1461.32176229358,2.62270486354828,127.465349942446,64.6667096614838,551.676770359278,0,1.25301778316498,0,20.7676116526127,0,0,0,95.1697966456413,0,0,0,1.92780023813248,0,0,0,0,1.33779489994049,1.72519513964653,0,0,0,0,0,0,0,0,0,0.442180871963501,0,0,1.67739790678024,0.605688273906708,0,0,0,0,0,0.545227468013763
5.86442223191261,0,141.424255073071,28.7851353287697,2283.97477927804,37.0229866802692,24.6870309710503,19.0200578570366,2032.6021951437,38.5614040493965,22.9670928418636,0,2423.46471241117,0,0,3.91347205638885,1.25719061493874,0,3.18556600809097,0.554448127746582,55.4564608931541,0,113.940253525972,132.405997544527,58.1470069289207,148.510829180479,479.249877899885,5.16616183519363,2581.53719320893,0.749945878982544,45.3840744793415,100.262081801891,7.44718039035797,1.02928876876831,1.28750357031822,0,11.8916282057762,0,2.1515776515007,0,2.9661231637001,0,1.66669684648514,0,0,0,24.5118148326874,0,0.550515055656433,0,1.15289652347565,0,0,0,0,0,0.819824576377869,0,0,0,0,0,0,0,0,0,0,0,0,0,610.629240036011,17.4734569787979,1360.16571050882,3.41633290052414,88.5306515097618,0,448.334358811378,0,0,0,7.57573676109314,0,129.697619497776,0,2.75406301021576,0,7.82814955711365,0,1.93593460321426,0,0,0,0,0,2.30572390556335,0,0,0,0,0,0,0,0,0,0.434816539287567,0,0,0,1.14249497652054,0,0,0,0,0,0,0
0,13.8272865116596,48.3699827492237,337.030171900988,31.7668386697769,1406.14230801165,29.9106771349907,451.338378369808,20.8745658993721,1805.73849317431,0,73.2572956681252,0.724342465400696,1314.63192296028,3.91347205638885,0,0,34.3272309303284,0,35.4292352199554,0,69.3478743433952,97.8874168694019,208.922207653522,34.7396014332771,153.83905684948,16.4070986509323,372.028893768787,9.18739855289459,1585.85697701573,20.1504326462746,84.7099176943302,0,4.78328102827072,0,0,0,18.2836311459541,0,0,0,108.056954920292,0,0,0,0,0,0.819081664085388,0,0.755687654018402,0,0.52213191986084,0,0,0,2.70944041013718,0,8.66649815440178,0,2.08079844713211,0,1.87021279335022,0,9.31913483142853,0,0,0,1.16171789169312,0,0,263.77310064435,2538.65662765503,8.47996252775192,3626.25390598178,1.75623404979706,124.849983662367,5.03522384166718,159.181060940027,0,0,0,0,0,28.5865121483803,0,0,0,0,0,0.528952360153198,0,0,0,0,0.569895923137665,0,0.54449737071991,0,0,0,0,0,0,0,0,0,0,0,1.55902421474457,0.623885095119476,0,0,0,0,0,0
707.838352322578,5.31462687253952,138.401834338903,3.20188492536545,0,0,55.0883704423904,2.25501751899719,2.22381269931793,0,1255.38765585423,0,62.7497252523899,0,1.25719061493874,0,0,2.06970739364624,166.146126002073,45.05393409729,0,0,0,0,0,0,0,0,3590.38197940588,0,0,0,0,17.6000024080276,0.721049845218658,10.6151069402695,43.711543738842,0,8.93226426839828,0,0,0,0,0,0,0,1.31305050849915,1.56934261322021,2.24478203058243,1.05297374725342,27.9501353800297,0.624901354312897,0.494310557842255,0,0,0,2967.57503095269,17.301446467638,88.9715034067631,8.71988898515701,229.482297539711,3.16830295324326,2133.920201689,15.0998248457909,86.290273308754,3.55106592178345,41.356459826231,26.8638919591904,27.6360023617744,5.57027000188828,285.088684350252,4.97676891088486,188.35604852438,1.48437196016312,58.1668848395348,0,181.597187399864,2.54001998901367,884.376696288586,1.91290736198425,3464.01199528575,2.61822521686554,269.507060468197,0,297.135285466909,1.06214225292206,0,0,65.4711045324802,0,0,0,0,0,3.44797974824905,0,1.50536948442459,0,0,0,0,0,0,0,0,0,0,0,0,0,0,0,0,0,0,0
3.61327803134918,1167.29769149423,3.60029774904251,98.8300065398216,0,0,0,84.7663237452507,0,0,0,577.039844870567,0,98.4709725379944,0,34.3272309303284,2.06970739364624,0,25.465301990509,217.870499789715,0,0,1.06398606300354,12.8774347305298,0,0,0,0,0,2866.43353798985,1.20261549949646,8.29149407148361,3.14460545778275,24.9741855859756,0.693435966968536,0.704786479473114,6.68596148490906,5.07179224491119,0,0.647943556308746,0,0,0,1.01763796806335,0,0,0,0.981430888175964,0,2.60117954015732,0,4.71598196029663,0,0,0,0,12.8928875923157,2145.8801766634,17.5351560711861,123.385756969452,15.0271081626415,559.226121634245,2.01084071397781,2633.36557120085,0,56.7788801491261,23.9503167867661,31.283328384161,4.36711657047272,40.2363576591015,28.5130045413971,321.939042061567,0,2408.22338739038,0,62.4939714074135,162.106817901134,201.188783973455,0,576.216203570366,1.09396481513977,952.427357524633,0,0,1.02759039402008,156.48870998621,0,0,0,10.7527296841145,0,0,0,0,0,2.30570030212402,0,0,0,0,0,0,0,0,0,0,0,0.686098217964172,0,2.23936480283737,0,0,0,0,0,0
2162.65124419332,175.366203695536,2673.11345553398,409.300714313984,1.48540630936623,0.636359393596649,379.75548902154,696.92111119628,16.3664270043373,1.35118156671524,599.288659691811,272.542054742575,397.280006855726,148.099083542824,3.18556600809097,0,166.146126002073,25.465301990509,0,5176.71580529213,0,0,1036.92461848259,366.892264455557,1.83796584606171,1.11865508556366,0,0,593.167048066854,19.5129670202732,475.400542110205,1157.18911150098,2117.83239191771,3201.99238485098,46.5017291605473,16.6636300086975,56.8321157991886,0,14.0840165615082,0,8.22986850142479,0,71.351822167635,0,11.8602111339569,0,89.0739510655403,0,0,0,1.10729920864105,0,0,0,0,0,264.219990283251,1.09970474243164,253.505800843239,0.6193927526474,11.7543506920338,0,1.00727331638336,0,3.88548186421394,0,1543.25744438171,14.5941671729088,1894.16479322314,70.2146606445312,1205.68987306952,397.28748768568,876.648927897215,175.009819120169,385.166046351194,29.6731371879578,1608.22456628084,216.231994211674,0,0,2.83181437849998,0,41.1445601582527,0,5.01681378483772,0,0,0,0,0,0,0,0,0,67.1676618456841,0,4.85660564899445,0,0,0,0,0,0,0,3.19192251563072,0.666576385498047,1.08891621232033,0,11.9613910913467,4.46794798970222,0,0,0,0,0,2.32522082328796
1239.21698984504,1727.74617767334,703.776387155056,5110.71743893623,1.19813859462738,1.84434178471565,477.014058202505,667.831323355436,1.34075313806534,11.0328508913517,356.957483768463,1481.30828744173,159.460638701916,674.105481296778,0.554448127746582,35.4292352199554,45.05393409729,217.870499789715,5176.71580529213,0,0,0,131.020663499832,1311.67680710554,0,3.40239250659943,0,0,199.667088329792,79.6322837471962,37.9037443995476,507.796946287155,362.13503319025,7815.22545877099,1.79554191231728,68.6150891780853,8.933100938797,81.9029076695442,2.23161840438843,19.0246978700161,0,1.2775491476059,0,1.04415810108185,0,0,3.18071448802948,11.0885460972786,0,10.6899134516716,0,21.0512802600861,0,0,0,0,214.50295561552,301.333614617586,33.0664770305157,314.720214605331,6.8986456990242,10.6344338655472,0,3.0416048169136,0,48.9403546750546,189.457632422447,430.161222815514,1971.68354344368,3494.51253294945,1062.39843735099,1526.56109365821,195.338632106781,1234.62166929245,53.0511487722397,387.508836388588,1101.66196280718,3954.00966757536,0,1.55921304225922,1.37531626224518,0.470371067523956,20.512585401535,0,0,8.69997262954712,0,0,0,0.809690743684769,0,0,0,0,8.07026278972626,10.3173904418945,9.25097614526749,0,0,0,0,0,0,0,0,0,0,0.74377053976059,11.42109811306,6.10137045383453,0,0,0,0,0,4.5209869146347
0,0,3.87831744551659,0,152.431834459305,2.27184328436852,0,0,18.1538545489311,0,0,0,0,0,55.4564608931541,0,0,0,0,0,0,26.7665927708149,40.1126375198364,10.9502820968628,99.7753015756607,17.4030201435089,460.216427415609,20.8444537520409,23.1120319664478,0,365.536234736443,38.3300896883011,62.931617051363,0,29.6407524347305,0,1.61463165283203,19.4492020010948,3.96051776409149,2.07663488388062,11.3791320919991,8.17043244838715,0,0.721781432628632,0,0,4.73064869642258,0,0,0,0,0,0,0,0,0,0,0,1.23808324337006,0,0,0,0,0,0,0,0.9312983751297,0,0,0,496.625382840633,13.8738061189651,92.6499343514442,4.00452846288681,6.15693873167038,7.62594145536423,18.7759962677956,10.1399794220924,0,0,0,0,4.54561680555344,0,2.18457269668579,0,3.62664002180099,1.06564819812775,0,0,0,0,0,0,0,0,0,0,0,0,0,0,0,0,0,0,0,0,0,0,0,0,0,0,0,0
0,0,2.1398863196373,3.32076799869537,51.3009788095951,68.191617757082,0,0,3.32900941371918,3.78005036711693,0,0,0,0,0,69.3478743433952,0,0,0,0,26.7665927708149,0,24.2839081585407,10.4971033930779,56.7315847873688,313.372043967247,178.034617245197,970.257516205311,0,120.479042470455,96.0173458456993,453.893310248852,47.2803010344505,0,6.37253645062447,0,5.9660587310791,32.6223766207695,12.3529515266418,3.03341442346573,0,295.248553574085,0,1.98316675424576,0,0,0,0.944493293762207,0,0,0,0.579638242721558,0,0,0,0.610176622867584,0,0,0,0.909020006656647,0,0,0,0,0,0.434587836265564,0,0,0,0,359.430161297321,366.147124141455,3.65348261594772,202.05898091197,0,0,0,6.0595475435257,0,0,0,0,0,78.5478773117065,0,0.880929231643677,0,2.09308594465256,0,0,0,0,0,0,0,0,0,0,0,0,0,0,0,0,0,0,0,0,0,0,0,0,0,0,0,0
1.35111397504807,0,2151.84851536155,831.474421262741,203.813546061516,114.839782953262,236.726003110409,1062.15798184276,155.420231431723,244.299858182669,22.2718154191971,26.900250852108,179.464569509029,135.043909668922,113.940253525972,97.8874168694019,0,1.06398606300354,1036.92461848259,131.020663499832,40.1126375198364,24.2839081585407,0,2130.4955753088,536.411593496799,552.34164839983,203.550695627928,43.4894775748253,405.363069295883,4.42138332128525,2085.86125558615,2331.37679487467,881.320369511843,166.986584573984,235.236678734422,1.99223133921623,11.5735599994659,0,1.86120280623436,0,1.51581346988678,0,84.2700508832932,0,4.24021309614182,0,68.5769366621971,0,0,0,0,0,0,0,0,0,1.39033728837967,0,3.02479332685471,0,0,0,0,0,0,0,560.859944880009,0,9.7347597181797,0,1019.00716543198,719.179670006037,384.526606172323,172.905060529709,69.6338328719139,28.3559698462486,367.124174684286,42.1562942862511,0,0,0,0,0,0,0,0,0,0,0,0,0,0,0,0,9.50816133618355,0,0.578570067882538,0,0,0,0,0,0,0,0,0,0,0,1.92406690120697,0.476903885602951,0,0,0,0,0,0
1.85746657848358,18.968334376812,1187.69956487417,1761.21958756447,310.953095942736,60.7669721245766,872.717583507299,593.336705505848,294.390893697739,74.3597914278507,36.9009401798248,77.4834645986557,158.32975012064,243.0959610641,132.405997544527,208.922207653522,0,12.8774347305298,366.892264455557,1311.67680710554,10.9502820968628,10.4971033930779,2130.4955753088,0,231.426415979862,1180.82486316562,62.4412550926208,20.2928968966007,196.706809699535,29.3278096020222,325.396449804306,2552.35838797688,127.476828426123,1712.92385351658,0.989312648773193,74.7120234668255,0,1.8335223197937,0,0,0,0.785756230354309,0,0.913721561431885,0,0,1.7531316280365,8.68024969100952,0,0,0,0.914450526237488,0,0,0,0,0,8.3126480281353,0,3.34600913524628,0,0,0,1.22660183906555,0,3.24907276034355,0.732458651065826,87.0805954039097,0,16.236813724041,1106.1944001615,560.678451091051,329.112444341183,626.509727835655,32.0788013935089,103.14992955327,73.417626708746,368.250345110893,0,0,0,0,0.824663281440735,0,0,0,0,0,0,0,0,0,0,0,0.895025253295898,0.472239434719086,0,0,0,0,0,0,0,0,0,0,0,0,0.539213597774506,1.50438904762268,0,0,0,0,0,0
0,0,47.7121916413307,27.649118244648,186.187725752592,70.3568673729897,3.23648521304131,6.99189817905426,25.8482129871845,80.4787071943283,0,0,3.77015310525894,0,58.1470069289207,34.7396014332771,0,0,1.83796584606171,0,99.7753015756607,56.7315847873688,536.411593496799,231.426415979862,0,675.961316794157,603.264966487885,63.6948490142822,22.2175005972385,1.07071650028229,713.901832342148,440.972531735897,75.561092466116,1.94179248809814,35.1932187974453,0,0,1.17482340335846,0,0,0.340282112360001,0,0,0,0,0,0.393592268228531,0,0,0,0,0,0,0,0,0,0,0,0,0,0,0,0,0,0,0,3.34934633970261,0,0,0,395.859117776155,51.4196963012218,59.9442867636681,6.44384533166885,4.00449523329735,0,8.64656698703766,0,0,0,0,0,0.680540144443512,0,0,0,0,0,0,0,0,0,0,0,0,0,0,0,0,0,0,0,0,0,0,0,0,0,0,0,0,0,0,0,0,0
0,0,153.710696548223,171.970270067453,647.283565729856,370.982264906168,44.5467882156372,55.2337895333767,233.961708813906,140.119944304228,0,0,7.5422226190567,6.86826530098915,148.510829180479,153.83905684948,0,0,1.11865508556366,3.40239250659943,17.4030201435089,313.372043967247,552.34164839983,1180.82486316562,675.961316794157,0,424.253861606121,1244.29347524047,33.1404080986977,6.95861572027206,286.311346650124,659.656737565994,39.7458513379097,15.8195957541466,4.22380766272545,1.94457358121872,0,1.3108617067337,0,0,0,15.6345293521881,0,0.878283679485321,0,0,0,0,0,0,0,0,0,0,0,0.41599828004837,0,0,0,0,0,0,0,0,0,0,0,0,0,0,1669.57723739743,591.454163879156,77.9512232840061,206.195628494024,3.50457620620728,3.61469185352325,8.07946735620499,1.81085568666458,0,0,0,0,0,1.01591962575912,0,0,0,0,0,0,0,0,0,0,0,0,0,0,0,0,0,0,0,0,0,0,0,0,0,0,0,0,0,0,0,0
1.24151837825775,0,14.5555518865585,10.8740895986557,834.868754148483,39.0065611898899,1.75778365135193,0,19.6955335736275,21.0848317146301,0,0,1.6203601360321,0,479.249877899885,16.4070986509323,0,0,0,0,460.216427415609,178.034617245197,203.550695627928,62.4412550926208,603.264966487885,424.253861606121,0,124.304659426212,101.430512040854,2.48200297355652,219.027343004942,325.752018272877,71.5077546536922,4.87506005167961,24.4503264427185,0,22.7689034342766,21.9970943331718,40.0973661541939,3.50682485103607,1.11845564842224,0,0,0,0,0,0,0,0,0,0,0,0,0,0,0,0,0,0,0,0,0,0,0,0,0,1.25078919529915,0,0,0,684.020822227001,23.4968439936638,56.4004200696945,10.9067977070808,13.6728051900864,0,3.58422410488129,3.2187739610672,0,0,1.84886002540588,0,6.72071397304535,0.641561210155487,1.0935400724411,0,4.87900042533875,0,0.608497142791748,0,0,0,0,0,0,0,0,0,0,0,0,0,0,0,0,0,0,0,0,0,0,0,0,0,0,0
0,0,16.2061191499233,6.75546309351921,71.0370204150677,1069.59379515052,1.37793356180191,3.9333284497261,12.5584425330162,128.855927497149,0,0,0,0.560062229633331,5.16616183519363,372.028893768787,0,0,0,0,20.8444537520409,970.257516205311,43.4894775748253,20.2928968966007,63.6948490142822,1244.29347524047,124.304659426212,0,1.30094027519226,53.0796963274479,41.0042037963867,245.204417467117,2.31860637664795,2.41589689254761,0,0,8.77322673797607,95.6234038472176,31.2979093790054,0,0,125.686768710613,0,5.73376476764679,0,0,0,2.4639855325222,0,0.899340808391571,0,0.433670520782471,0,0,0,0.939906269311905,0,0,0,0,0,0.672605574131012,0,0,0,0,0,0,0,0,736.098207086325,426.493653327227,9.78426602482796,348.686841338873,5.28475791215897,0,0,24.4652116298676,0,0,0,0,0,23.7644098699093,0,1.58012101054192,0,0,0,0,0,0,0,0,0,0,0,0,0,0,0,0,0,0,0,0,0,0,0,0,0,0,0,0,0,0
1371.54162713885,0.736340165138245,1494.83655083179,102.028491020203,1019.35723429918,7.75284862518311,723.936606615782,170.8584664464,409.094114542007,17.1256420016289,1568.42899289727,4.80108726024628,5080.62682372332,19.443108856678,2581.53719320893,9.18739855289459,3590.38197940588,0,593.167048066854,199.667088329792,23.1120319664478,0,405.363069295883,196.706809699535,22.2175005972385,33.1404080986977,101.430512040854,1.30094027519226,0,2.34663474559784,73.9736118912697,279.362761855125,37.4447459876537,78.6583924293518,7.21433198451996,52.7266573905945,178.74763917923,12.2791596651077,92.2657054066658,0.821820616722107,356.292652964592,8.10034477710724,121.685612171888,4.66640114784241,23.693504691124,0.66012579202652,347.516004234552,0,89.1329788267612,0,242.652418851852,0,93.5880725681782,0,70.8015162348747,0,2539.58038198948,7.46178930997849,623.111525177956,16.4095991849899,656.84755179286,6.29240387678146,1422.67972269654,5.52787172794342,257.68990907073,3.38315284252167,194.336852729321,68.351525247097,103.520556300879,8.26685133576393,999.140637457371,93.8293043375015,1842.95613110065,19.1584607362747,179.933682531118,10.1970171332359,569.142971515656,7.75387299060822,183.529274821281,0,1143.48071834445,5.97980785369873,970.22268012166,0,541.61255222559,0,403.920634776354,1.65309083461761,130.147633522749,0,2.47942125797272,1.53884208202362,0,0,27.7256957292557,0,6.38414400815964,0,2.14709532260895,0,0.420072674751282,0,0.991059601306915,0,1.30883604288101,0.627204120159149,0.5408656001091,0.475981831550598,1.93831789493561,1.93522441387177,0,0,0,0,0,0
1.52592730522156,53.0538595020771,10.5103216171265,87.8499153852463,0.626971423625946,81.6874339580536,4.47613555192947,128.543979942799,1.2131689786911,120.568335264921,0,434.293808788061,1.13062298297882,858.451984614134,0.749945878982544,1585.85697701573,0,2866.43353798985,19.5129670202732,79.6322837471962,0,120.479042470455,4.42138332128525,29.3278096020222,1.07071650028229,6.95861572027206,2.48200297355652,53.0796963274479,2.34663474559784,0,0,14.5557410120964,0,15.1708155870438,0.38532343506813,1.97270101308823,0.766254425048828,106.597084164619,0,2.17508256435394,0,127.880407810211,3.11204624176025,76.7971108853817,0,99.3433351516724,0,73.2753118872643,0,126.073691546917,0,58.9090742766857,0,14.5322732329369,0,26.4013442695141,1.48233997821808,210.352896034718,0,178.660430669785,1.98147857189178,120.312886655331,1.86798858642578,347.508937805891,0,60.3408026993275,0.664862990379333,43.2045670151711,0,14.2786901295185,30.1143915057182,290.543417006731,0,5968.85794848204,1.87339091300964,42.6581766307354,33.6102195084095,101.518700987101,0,462.158600598574,1.64301466941833,468.271281629801,0,143.945017427206,2.41498428583145,68.2393981516361,0,1.14835524559021,0,16.846902936697,0,1.39406645298004,0,0,0,0,1.81759262084961,0,0,6.03609639406204,0,0,0,2.24169850349426,0,2.63758993148804,0,0,0,3.5027881860733,0,0,0,0,0,0
3.31978067755699,0,96.4031932651997,98.7113553285599,79.9534665942192,16.8038914203644,24.9397455453873,93.7773250937462,25.7359557449818,30.2976775765419,14.6463129520416,2.17349326610565,31.9096612334251,18.377799987793,45.3840744793415,20.1504326462746,0,1.20261549949646,475.400542110205,37.9037443995476,365.536234736443,96.0173458456993,2085.86125558615,325.396449804306,713.901832342148,286.311346650124,219.027343004942,41.0042037963867,73.9736118912697,0,0,805.327574193478,1514.80878058076,99.327526062727,494.464601546526,0.443463236093521,5.06080722808838,0,1.90859347581863,0,1.94506072998047,0,128.149252772331,0,3.64205926656723,0,41.3817545473576,0,0,0,0,0,0,0,0,0,1.01169681549072,0,1.4852043390274,0,0,0,0,0,0,0,633.61588460207,1.34460282325745,13.1840309500694,0,1136.55519196391,88.0564105510712,103.970242530107,30.8583916425705,9.68954312801361,0.902953267097473,115.078916788101,7.81729048490524,0,0,0.655874609947205,0,2.00920623540878,0,0,0,0,0,0,0,0,0,0,0,4.39170914888382,0,0,0,0,0,0,0,0,0,0,0,0,0,0,0,0,0,0,0,0,0.811741232872009
15.5867304801941,6.16931122541428,678.633475869894,291.412173241377,215.810780674219,51.1454771161079,475.570766657591,172.298635661602,112.94458681345,100.703160226345,124.832341045141,21.8877950906754,199.38475689292,57.8554924726486,100.262081801891,84.7099176943302,0,8.29149407148361,1157.18911150098,507.796946287155,38.3300896883011,453.893310248852,2331.37679487467,2552.35838797688,440.972531735897,659.656737565994,325.752018272877,245.204417467117,279.362761855125,14.5557410120964,805.327574193478,0,586.284813195467,3085.10156026483,33.595462679863,217.360841184855,13.2018365263939,2.12287455797195,1.29915082454681,0,1.76006162166595,3.44299679994583,16.4406227469444,1.24985605478287,0.988141596317291,0,40.8943181931973,14.6340080201626,0,0,0,0,0,0,0,0,5.77230149507523,2.25009000301361,6.70812404155731,0,0,0,0,0.61676698923111,0,0,186.590321183205,185.761985659599,20.1644849181175,1.05990505218506,1107.84224933386,313.157226264477,341.08583521843,265.324929714203,71.199286043644,50.5889542102814,456.418979585171,197.990951776505,0,0,0,4.13377994298935,3.36601507663727,0.881958961486816,0,0,0,0,0,0,0,0,0,0,10.7279949188232,0.555669546127319,0,0,0,0,0,0,0,0,0.965554356575012,0,0,0,2.55284088850021,2.1559042930603,0.486962020397186,0,0,0,0.641644299030304,0
10.9819059371948,23.5930184721947,77.5460264384747,43.1729155480862,21.8101859092712,0,19.4814269244671,83.0402239561081,5.34852641820908,0,13.2044039666653,5.01264572143555,21.2030585706234,12.4133812189102,7.44718039035797,0,0,3.14460545778275,2117.83239191771,362.13503319025,62.931617051363,47.2803010344505,881.320369511843,127.476828426123,75.561092466116,39.7458513379097,71.5077546536922,2.31860637664795,37.4447459876537,0,1514.80878058076,586.284813195467,0,1165.71931150556,601.62134590745,126.341273248196,16.6083251237869,4.62104249000549,4.91024541854858,0,3.43850648403168,0,45.8038992285728,0,17.4360567629337,0.601600468158722,27.9326145350933,1.49271035194397,0,6.20475894212723,1.22277766466141,4.82081758975983,0.620229363441467,0,1.00117576122284,0,167.623149216175,51.99698767066,81.8042615354061,59.8186321854591,10.154473811388,8.06539708375931,2.77382636070251,15.9407415986061,0.703741252422333,1.2432769536972,3110.98422157764,244.985886216164,982.003896564245,119.049661934376,432.439229100943,52.8486159741879,53.4609438478947,25.3234999775887,6.71198636293411,7.02790457010269,73.7871824800968,17.7752214074135,0,2.06304901838303,3.13814210891724,12.5890837311745,1.85653507709503,0,3.80695408582687,0,0,0,1.7245842218399,0,0,0,0,0,0.41051122546196,0,0,0,0,0,0,0,0,0,0,0,0,0,0,0,0,0,0,0,0,0
287.934457778931,82.5491668879986,214.917746216059,134.227387279272,4.19422823190689,0.973471820354462,135.559435397387,50.1293717324734,7.56403586268425,2.47492933273315,73.1747815012932,117.16218739748,65.7209883928299,84.0290884375572,1.02928876876831,4.78328102827072,17.6000024080276,24.9741855859756,3201.99238485098,7815.22545877099,0,0,166.986584573984,1712.92385351658,1.94179248809814,15.8195957541466,4.87506005167961,2.41589689254761,78.6583924293518,15.1708155870438,99.327526062727,3085.10156026483,1165.71931150556,0,104.229226917028,1841.00747305155,38.1150735020638,22.6520106196404,11.8810321688652,8.51185393333435,2.58645224571228,0,51.1062676906586,8.16249042749405,6.10581561923027,8.87393045425415,43.4623663425446,149.366455584764,0,24.6466154456139,5.62485420703888,17.5337277054787,0,0.600273072719574,0,3.23814296722412,365.941117942333,128.172000974417,328.556308060884,151.206853896379,94.6538088917732,10.590415596962,28.92761105299,55.3721987009048,9.88057214021683,10.7668799757957,1715.47716212273,4628.91157966852,1813.44974282384,2055.49843385816,398.836975485086,240.025837033987,89.041415989399,176.958830714226,20.9447529315948,42.6163891553879,307.241854757071,415.011576384306,16.6819825768471,5.04315894842148,34.043292760849,50.9813540875912,0.966829180717468,0,12.5289993882179,12.7165915966034,0,0.455513685941696,3.03629565238953,3.53283986449242,0,0,0,0,3.56788969039917,0,1.16752624511719,0,0,0,0,0,0,0,0,2.28854513168335,0,0.390591144561768,0,0,1.23774302005768,0,0,0,0,0
1.47988778352737,0.704643487930298,10.6844988763332,0,9.93201971054077,0,2.46768644452095,1.6305892765522,0.521499633789062,0,1.04056206345558,0,0.668343007564545,0,1.28750357031822,0,0.721049845218658,0.693435966968536,46.5017291605473,1.79554191231728,29.6407524347305,6.37253645062447,235.236678734422,0.989312648773193,35.1932187974453,4.22380766272545,24.4503264427185,0,7.21433198451996,0.38532343506813,494.464601546526,33.595462679863,601.62134590745,104.229226917028,0,382.368217647076,52.4339329302311,48.1118195056915,19.6796835064888,4.87820410728455,0,0,138.83396923542,259.909038543701,133.429639786482,104.830057144165,59.6513188481331,16.9400306940079,93.5273614525795,32.5712696909904,42.9335803985596,2.20949196815491,4.38320219516754,1.17082810401917,3.1860973238945,1.62301248311996,5.74827498197556,18.7599973380566,123.774477809668,65.2738269269466,9.55374598503113,19.3386489152908,1.79469805955887,14.5618878602982,2.94585156440735,12.2821534872055,2324.07193270326,374.200179427862,0.536688625812531,7.15840777754784,188.175333768129,1.04097065329552,12.8284525871277,9.23222374916077,0.418808400630951,1.85670614242554,78.9148101210594,10.4914652407169,3.315474152565,3.04293748736382,6.67784774303436,19.8260634243488,1.16182196140289,0,14.0577259361744,7.86716070771217,1.68335151672363,0,3.18399876356125,3.20274311304092,0,0,0,0,1.19473040103912,1.08513104915619,0.538286983966827,0,0,0,0,0,0,0,0,0,0,0,0,0,0,0,0,0,0,0
2.32821047306061,0,3.42009550333023,4.68244698643684,4.41493606567383,0,2.15862512588501,3.65045976638794,0,0,0,0,0,3.37416273355484,0,0,10.6151069402695,0.704786479473114,16.6636300086975,68.6150891780853,0,0,1.99223133921623,74.7120234668255,0,1.94457358121872,0,0,52.7266573905945,1.97270101308823,0.443463236093521,217.360841184855,126.341273248196,1841.00747305155,382.368217647076,0,102.275368154049,118.310640722513,20.421221613884,30.252161860466,21.6097414493561,1.14633727073669,84.222067296505,290.163034558296,299.159971654415,125.92015349865,44.4711350798607,80.0468352437019,192.637710988522,30.5779374241829,58.7155060172081,5.04502791166306,10.2463400363922,0,11.079646229744,10.453445494175,14.3493623733521,4.2917098402977,526.217179477215,61.8951278924942,53.056115090847,22.7813587784767,5.88216996192932,20.2224485874176,18.2073504328728,5.5493398308754,1800.66139367223,2210.88031363487,5.88964432477951,1.22247898578644,67.9208000600338,13.523832321167,76.6147503852844,21.0036994218826,5.99662637710571,10.2248015999794,171.078100830317,70.8963376879692,10.061355471611,2.49118423461914,78.4950980246067,31.5614655911922,1.81835854053497,0,42.5992624759674,11.7958189547062,0,0.562198102474213,36.2862402796745,5.96659311652184,0,0,0,0,3.45903557538986,1.62462937831879,1.57859992980957,0,0,1.8746885061264,0,0,0,0,0,0,0,0,0,3.19386672973633,0,0,0,0,0,0
491.095750361681,6.98907101154327,83.9009125232697,3.54619157314301,11.2247828841209,0,41.1231197714806,4.0457336306572,5.85307863354683,0,24.7915108203888,0,37.4544131755829,0,11.8916282057762,0,43.711543738842,6.68596148490906,56.8321157991886,8.933100938797,1.61463165283203,5.9660587310791,11.5735599994659,0,0,0,22.7689034342766,8.77322673797607,178.74763917923,0.766254425048828,5.06080722808838,13.2018365263939,16.6083251237869,38.1150735020638,52.4339329302311,102.275368154049,0,91.9545987546444,1235.81815510988,31.6007845699787,282.308754265308,40.7847046256065,234.363996297121,499.843034029007,70.9841779470444,210.006033033133,1180.61578023434,34.504421710968,174.63908430934,38.4313445687294,333.105137348175,6.35812574625015,139.947877466679,0,474.911672234535,4.21498411893845,567.408254921436,33.2267825901508,418.557245016098,60.1823807656765,358.951832860708,26.1876946389675,172.363040059805,21.2971620261669,129.286623924971,2.28319203853607,484.431001096964,349.442066907883,181.504591196775,7.95826134085655,436.956744343042,26.147254794836,1822.75445243716,21.5864649713039,2327.25835230947,71.7246116101742,3508.08161956072,112.320153653622,14.7794145047665,1.02991411089897,234.957123458385,7.64001348614693,137.56464868784,1.35361123085022,324.105269491673,4.86213257908821,980.792842537165,9.10543167591095,1091.2850831151,2.14682903885841,77.1798337996006,249.707568138838,18.7348982989788,34.6880994737148,240.673120722175,54.2518871128559,75.4527055323124,10.0773494541645,55.6148350536823,120.769159257412,29.9371753334999,12.0916465520859,36.4604988098145,51.0350935459137,54.6796417236328,60.3550856113434,35.6344933509827,23.3430840671062,39.1857545673847,26.0892646610737,22.9575193822384,2.93558359146118,4.37293645739555,1.23767077922821,1.96568447351456,10.9481318593025
0,101.041161715984,0,52.7412715852261,1.99986857175827,8.15486508607864,0,16.4022313654423,0,2.5199539065361,0,12.3624163866043,0,0.66438764333725,0,18.2836311459541,0,5.07179224491119,0,81.9029076695442,19.4492020010948,32.6223766207695,0,1.8335223197937,1.17482340335846,1.3108617067337,21.9970943331718,95.6234038472176,12.2791596651077,106.597084164619,0,2.12287455797195,4.62104249000549,22.6520106196404,48.1118195056915,118.310640722513,91.9545987546444,0,41.7672412097454,1957.21150174737,39.5666444897652,1039.33439046144,55.3792472481728,639.651605218649,19.2546164393425,621.016001224518,20.2953675985336,1087.58568871021,19.4275163412094,591.093186765909,38.0607810020447,175.352961778641,1.90576243400574,76.6687687635422,5.26242053508759,1809.86620253325,0,50.5748388767242,201.744799941778,351.958271414042,34.4376834630966,73.5897058546543,0,11.1924205720425,3.3624392747879,147.907582432032,215.934821903706,910.842564761639,0,24.1496206223965,84.1342207789421,228.249710828066,130.248282313347,632.724964648485,68.9711527824402,245.238811612129,224.815825581551,5001.68200850487,1.1321827173233,9.37386947870255,15.417031288147,138.191032260656,3.77143841981888,425.040125906467,81.1997571289539,344.629838734865,20.8969058990479,577.386240154505,35.4165301322937,1591.71175685525,17.3741551041603,36.2770099937916,4.96712082624435,11.0311068892479,18.1121790111065,91.2476619780064,27.23145622015,2.59402766823769,28.0674471259117,63.682135373354,16.8593489527702,8.39710015058517,7.16335055232048,40.7692221999168,7.3193216919899,32.5671757161617,19.7531866431236,10.6761066913605,0,55.2242161631584,15.0967307090759,4.06129693984985,0.709396243095398,0.449305921792984,0.479830771684647,2.43977025151253
176.40307289362,7.0965194106102,7.07438215613365,1.8256618976593,1.87170475721359,0,6.8146561384201,0,0.841516673564911,0,3.19677877426147,0,2.95848774909973,0,2.1515776515007,0,8.93226426839828,0,14.0840165615082,2.23161840438843,3.96051776409149,12.3529515266418,1.86120280623436,0,0,0,40.0973661541939,31.2979093790054,92.2657054066658,0,1.90859347581863,1.29915082454681,4.91024541854858,11.8810321688652,19.6796835064888,20.421221613884,1235.81815510988,41.7672412097454,0,19.8966109156609,536.690725266933,5.37307369709015,426.298561692238,24.2619689702988,246.829215526581,2.74700790643692,1253.61653792858,5.65771132707596,82.6689360141754,2.35118615627289,75.018360465765,0,34.2359534204006,0,1354.41190978885,0,326.417383551598,4.255246758461,214.442544400692,0,90.8465242385864,0,53.4581584334373,0,24.9948182106018,0,520.520594865084,21.580673456192,98.1833420991898,1.68777877092361,67.414310157299,8.4737234711647,364.642548322678,9.50713604688644,296.162197440863,17.397137761116,176.333813637495,63.6491708159447,6.99803924560547,0,24.9095163941383,0,92.7832129299641,0,66.711435765028,0,162.230264395475,0,346.696918964386,0,112.274614036083,719.973448693752,26.3997033536434,98.9666877686977,29.5608310103416,153.653819441795,154.512166172266,31.1838169395924,45.1076917648315,281.430069714785,39.2533899843693,47.5402770340443,38.1306084692478,116.985524296761,13.2387301027775,54.9857043623924,32.636408239603,18.5537162721157,3.24217501282692,2.48399117588997,35.5534585118294,8.49823582172394,7.27226802706718,0,2.73383823037148,4.39817005395889
0,50.0620411038399,0,15.6529627144337,0,1.91294461488724,0,1.42935729026794,0,0,0,1.22621524333954,0,0,0,0,0,0.647943556308746,0,19.0246978700161,2.07663488388062,3.03341442346573,0,0,0,0,3.50682485103607,0,0.821820616722107,2.17508256435394,0,0,0,8.51185393333435,4.87820410728455,30.252161860466,31.6007845699787,1957.21150174737,19.8966109156609,0,4.61791205406189,868.539818227291,16.1769449412823,652.188677161932,6.24736338853836,205.238983720541,9.58400005102158,1132.02490180731,0,112.212517112494,3.33717131614685,64.9227424561977,0,34.8611027300358,0,2322.05547177792,0,46.9823409616947,4.50306224822998,41.2372236847878,0,4.89311772584915,0,3.8442108631134,0,12.5117399096489,19.0821217894554,783.347764462233,0,14.0616435408592,5.24097236990929,33.7312482595444,9.83877056837082,35.0806095898151,15.9472799599171,8.89835745096207,27.4356816112995,245.261914163828,0,0.842845857143402,0,3.24147549271584,0,114.136598616838,0,62.3059284687042,0,228.272181093693,0,239.560673326254,24.23743891716,21.6270205974579,11.3038570582867,5.89994275569916,7.4683758020401,66.5865424871445,22.9236386716366,4.58510053157806,6.27451160550117,30.5386654734612,14.473561167717,0.453424155712128,13.5543116033077,11.4131166338921,7.10726970434189,11.2308683991432,11.32017993927,6.03971475362778,0,0,7.23807513713837,2.75533175468445,3.0771518945694,0,0,0.474148362874985
10.9496514201164,0,8.93667894601822,0,12.7989864647388,0,3.08097571134567,0,2.60277760028839,0,1.70982015132904,0,6.39357396960258,0,2.9661231637001,0,0,0,8.22986850142479,0,11.3791320919991,0,1.51581346988678,0,0.340282112360001,0,1.11845564842224,0,356.292652964592,0,1.94506072998047,1.76006162166595,3.43850648403168,2.58645224571228,0,21.6097414493561,282.308754265308,39.5666444897652,536.690725266933,4.61791205406189,0,88.5069694519043,29.153958261013,0,2.05703663825989,0,119.583392113447,1.59546518325806,15.1821826100349,0,21.155121088028,0,14.4383637011051,0,36.6164181828499,4.16996258497238,2.58279651403427,0,39.6425011456013,0,11.7881807684898,0,2.26649695634842,0,4.41877469420433,0,29.6983055174351,7.67276227474213,3.18936860561371,0,310.2732450068,35.8323653936386,534.397734820843,22.7451695799828,229.026563376188,84.6497302055359,375.096414446831,8.05127015709877,0,0,25.2213689684868,0,331.352350711823,0,54.0452399551868,3.14413332939148,746.562505364418,7.94899493455887,137.659584462643,17.0652433037758,2.93528097867966,0,2.39975106716156,0.391302406787872,18.6084545552731,0.385677605867386,0.752292394638062,0,0.351436734199524,0,2.26970383524895,0,2.10727354884148,1.41153353452682,9.8413337469101,3.50818610191345,3.03604805469513,0.329732894897461,8.33230194449425,0.937458872795105,0.371870845556259,0,0,0.451631247997284,0.441249370574951,3.11592620611191
0,0,0,0,0.798198938369751,61.1652816236019,0,0,0,21.2102690041065,0,0,0,0,0,108.056954920292,0,0,0,1.2775491476059,8.17043244838715,295.248553574085,0,0.785756230354309,0,15.6345293521881,0,125.686768710613,8.10034477710724,127.880407810211,0,3.44299679994583,0,0,0,1.14633727073669,40.7847046256065,1039.33439046144,5.37307369709015,868.539818227291,88.5069694519043,0,16.2474580109119,126.277373790741,2.67834120988846,52.4521868526936,15.9446363449097,262.643226742744,0,67.9201755821705,0,42.3041777312756,0,41.452729165554,2.43059101700783,744.721090048552,0,0.920002639293671,0,3.08378970623016,0,0,0,2.14789074659348,0,4.23544257879257,1.69316673278809,28.0805164277554,0,0,82.691632270813,205.896040678024,203.68660992384,1732.81529179215,75.6612496972084,197.177727758884,23.2923581004143,144.274953663349,0,0,0,9.76534134149551,2.11074459552765,1893.70624563098,25.3934581279755,139.811105906963,48.8857105374336,1048.81707078218,55.7633007764816,561.465261936188,0,1.1184139251709,0,0,0,1.64028739929199,0,0,0,15.1119210124016,0,0,0,0,0,1.82351642847061,0,0,0,1.05147778987885,1.31096887588501,0,0,0,0,0
0,0,2.68620502948761,0,6.60001933574677,0,0.366018533706665,0,0,0,0.590430378913879,0,2.04996013641357,0,1.66669684648514,0,0,0,71.351822167635,0,0,0,84.2700508832932,0,0,0,0,0,121.685612171888,3.11204624176025,128.149252772331,16.4406227469444,45.8038992285728,51.1062676906586,138.83396923542,84.222067296505,234.363996297121,55.3792472481728,426.298561692238,16.1769449412823,29.153958261013,16.2474580109119,0,2101.59293192625,8663.90052112937,1096.57140219212,7276.66119244695,1285.15937337279,4831.25813573599,35.9877377152443,1337.1922943294,0,123.843079209328,6.22568273544312,365.382961004972,33.054551422596,0,1.1248260140419,138.857205122709,18.6013458967209,5.6662575006485,0,0.582059979438782,2.0350741147995,1.58511960506439,5.05530250072479,2626.71722117066,283.483405470848,0,0,8.72354975342751,0,121.959925055504,35.144087344408,2.26161807775497,3.55943620204926,235.495863944292,26.7275285124779,0,0,185.599892646074,10.0756885707378,46.7569754719734,4.22610062360764,168.44760492444,17.091407507658,26.2534365653992,1.28461247682571,203.967359602451,20.6405039429665,96.7228856086731,1.37217289209366,0,0,2.14646762609482,0,1.01293087005615,0,91.9549790024757,69.9737750291824,0,0,0,0,0,0,0,0,0,0,0,0,0,0,0,0
0,0,0,0,0,0,0,0,0,0.496723085641861,0,0,0,0,0,0,0,1.01763796806335,0,1.04415810108185,0.721781432628632,1.98316675424576,0,0.913721561431885,0,0.878283679485321,0,5.73376476764679,4.66640114784241,76.7971108853817,0,1.24985605478287,0,8.16249042749405,259.909038543701,290.163034558296,499.843034029007,639.651605218649,24.2619689702988,652.188677161932,0,126.277373790741,2101.59293192625,0,1198.84538853168,12520.9135303497,173.013713121414,7332.76744711399,735.96366789937,1953.31766828895,289.916193544865,1746.46514135599,35.2311550378799,314.097247600555,28.8662081360817,384.151146143675,0,0,278.781281083822,10.8420196175575,24.8409541547298,0,0,0.780755758285522,1.1078108549118,1.40788221359253,780.336563140154,2037.10719189048,0,0,8.76805865764618,5.12433612346649,8.96330112218857,323.895052134991,0,86.4695037305355,576.745584458113,593.405045777559,1.31661534309387,0,0.640785157680511,134.31714117527,0,73.6854811906815,80.3166942000389,280.732291728258,0,25.9006503522396,3.9756041765213,239.235448122025,0,11.8820603489876,0,0,0,24.905032992363,0.957440376281738,23.9276429414749,0,99.8146091103554,0,0,0,0,0,3.0449640750885,0,0,0,14.3215875029564,1.09096300601959,0,0,0,0,0
0,0,0,0,0,0,0,0,0,0,0,0,0.399271994829178,0,0,0,0,0,11.8602111339569,0,0,0,4.24021309614182,0,0,0,0,0,23.693504691124,0,3.64205926656723,0.988141596317291,17.4360567629337,6.10581561923027,133.429639786482,299.159971654415,70.9841779470444,19.2546164393425,246.829215526581,6.24736338853836,2.05703663825989,2.67834120988846,8663.90052112937,1198.84538853168,0,923.034398436546,1300.02232813835,46.7883706390858,4191.51270911098,45.2024725675583,265.300162374973,0,94.3961317837238,0,166.833170562983,2.38874053955078,1.0990834236145,1.59075909852982,789.439690947533,24.0262882113457,22.4649783372879,1.35412395000458,1.84260666370392,0.582313656806946,11.94411444664,3.67931711673737,2128.41946044564,641.972829699516,0.777512073516846,0,1.01811933517456,0,24.6851308345795,1.58690023422241,0,0,58.2608224153519,4.84789055585861,3.83226466178894,0,72.367241024971,1.83227676153183,5.09525334835052,0,150.842727512121,0,1.31220543384552,0,38.6861274540424,0.730436980724335,0.794857025146484,0,0,0,2.5034207701683,0,0,0,0.742041528224945,0,0,0,0,0,0,0,0,0,0,0,0,0,0,0,0,0
0,0,0,0,0,0,0,0,0,0,0,0,0,0,0,0,0,0,0,0,0,0,0,0,0,0,0,0,0.66012579202652,99.3433351516724,0,0,0.601600468158722,8.87393045425415,104.830057144165,125.92015349865,210.006033033133,621.016001224518,2.74700790643692,205.238983720541,0,52.4521868526936,1096.57140219212,12520.9135303497,923.034398436546,0,42.4792262911797,1562.82956248522,82.5871672034264,4391.4022578299,49.7229952216148,1154.03614214063,4.29990983009338,854.427935302258,4.87417155504227,857.996781527996,0,1.27200829982758,159.675106078386,97.7168414592743,20.4734823703766,2.7999204993248,0,1.66304630041122,6.54595732688904,6.75043442845345,528.194874435663,3165.66213029623,0,0,0,3.85408091545105,1.03931224346161,352.360559523106,0.532327651977539,92.7039818167686,229.539328277111,391.951731622219,0.966158747673035,7.20271295309067,3.73811542987823,263.084640741348,0,27.2365523278713,60.488144338131,238.935929358006,0,5.04960635304451,0,259.342100292444,0,9.43871301412582,0,0,0,13.4740527272224,0,18.5034699440002,0,14.0614882111549,0,0,0,0,0,0,0,0,0,6.25408315658569,0,0,0,0,0,0
27.1516292393208,0,77.8708235025406,0.986507177352905,41.9229745864868,0,52.0298150777817,0,17.9454498291016,0,6.19790768623352,0,69.3796479105949,0,24.5118148326874,0,1.31305050849915,0,89.0739510655403,3.18071448802948,4.73064869642258,0,68.5769366621971,1.7531316280365,0.393592268228531,0,0,0,347.516004234552,0,41.3817545473576,40.8943181931973,27.9326145350933,43.4623663425446,59.6513188481331,44.4711350798607,1180.61578023434,20.2953675985336,1253.61653792858,9.58400005102158,119.583392113447,15.9446363449097,7276.66119244695,173.013713121414,1300.02232813835,42.4792262911797,0,11.2844488620758,1034.82978120446,5.60876482725143,607.698729813099,0,2374.20706948638,0,4400.40537559986,0.493520766496658,16.1542149484158,3.09424418210983,181.782806664705,3.77794748544693,51.1742153763771,0,16.540801435709,0.720713078975677,26.061014354229,0,1305.38916867971,71.4803522825241,7.25460094213486,3.03427249193192,127.934223175049,6.8571959733963,443.852268457413,0,60.3416650295258,21.9000138044357,589.123362362385,15.2838208675385,1.30787634849548,0,440.92080783844,2.74991619586945,163.532397925854,0,591.555942624807,0,184.73120996356,0,861.838030397892,0,524.35558283329,2.44243696331978,1.11380398273468,0,16.5338724851608,0.588400185108185,13.8220641613007,0,126.057700157166,0,0,0.673523366451263,0,0,1.51182940602303,1.35680767893791,0,0.793041944503784,8.30382186174393,9.98517841100693,2.50915515422821,0,1.63048216700554,0.686025559902191,0,0.482783317565918
0,0,0,0,0,0.940000951290131,0,0.383572548627853,0,0,0,0,0,0,0,0.819081664085388,1.56934261322021,0.981430888175964,0,11.0885460972786,0,0.944493293762207,0,8.68024969100952,0,0,0,2.4639855325222,0,73.2753118872643,0,14.6340080201626,1.49271035194397,149.366455584764,16.9400306940079,80.0468352437019,34.504421710968,1087.58568871021,5.65771132707596,1132.02490180731,1.59546518325806,262.643226742744,1285.15937337279,7332.76744711399,46.7883706390858,1562.82956248522,11.2844488620758,0,1.35770082473755,349.595597684383,4.51955711841583,661.120343655348,0,1678.06745505333,0,3339.91511005163,1.40773773193359,1.45514738559723,28.3733487725258,11.7749448418617,2.39342284202576,4.5992693901062,0,3.11423003673553,1.8374559879303,5.9991871714592,62.6800427436829,1784.23535245657,0,0,8.44859147071838,4.19548204541206,3.57216370105743,364.505841523409,0.935127139091492,35.761704236269,56.5671460032463,580.879685074091,0,0.824664711952209,2.14370894432068,80.3030424416065,0,123.651686877012,2.23324358463287,282.095427423716,0,58.5971519351006,0,368.371140360832,0.569084763526917,89.5316491127014,3.8578262925148,0,0,14.9702197611332,1.89348018169403,165.832625031471,3.21578255295753,664.870571017265,3.49372118711472,1.90984305739403,2.22933679819107,2.09856957197189,2.67319923639297,4.07523402571678,1.2379350066185,1.44008341431618,0.552599489688873,9.44617322087288,2.90352666378021,2.63972079753876,0,0,0,0
0,0,0,0,0.923015356063843,0,1.30304360389709,0,0,0,0,0,0,0,0.550515055656433,0,2.24478203058243,0,0,0,0,0,0,0,0,0,0,0,89.1329788267612,0,0,0,0,0,93.5273614525795,192.637710988522,174.63908430934,19.4275163412094,82.6689360141754,0,15.1821826100349,0,4831.25813573599,735.96366789937,4191.51270911098,82.5871672034264,1034.82978120446,1.35770082473755,0,30.242002427578,4965.94732615352,0,1242.55790773034,0,780.464980214834,0,0.791288614273071,0,883.895523250103,4.88284462690353,8.70817703008652,0,3.4404468536377,0,29.8728927969933,1.33087909221649,1488.62297978997,650.249624818563,0,0,7.76652991771698,0,77.0236961245537,0,6.32617625594139,0,167.202941030264,4.19320958852768,9.44142115116119,0,274.751678258181,1.20499551296234,41.9803268909454,0,468.591549098492,0,4.81582987308502,0,199.794152498245,0,18.0040507912636,0,0,0,3.03076332807541,0,1.9416800737381,0,6.32061678171158,0,0,0,0,0,0,0,0,0,0,2.32538175582886,0,0,0,0,0,0
0,2.55243366956711,0,9.65784513950348,0,0,0,13.0606551170349,0,0,0,0,0,0,0,0.755687654018402,1.05297374725342,2.60117954015732,0,10.6899134516716,0,0,0,0,0,0,0,0.899340808391571,0,126.073691546917,0,0,6.20475894212723,24.6466154456139,32.5712696909904,30.5779374241829,38.4313445687294,591.093186765909,2.35118615627289,112.212517112494,0,67.9201755821705,35.9877377152443,1953.31766828895,45.2024725675583,4391.4022578299,5.60876482725143,349.595597684383,30.242002427578,0,43.2463592886925,7333.59798020124,0,1630.90739890933,3.26809978485107,1252.96937051415,3.53058683872223,7.57751628756523,124.794046461582,768.587585002184,21.4610089063644,6.1868622303009,0,20.2556921541691,2.09732574224472,273.523764044046,191.941284716129,1596.9625877738,1.33732271194458,2.99750423431396,3.93167227506638,39.4310887753963,0,415.530364573002,0,125.110082626343,66.4463973343372,597.626011520624,0.744532108306885,7.93057000637054,5.36861565709114,477.438196539879,0,44.3098967969418,50.6605178117752,627.834375411272,0,7.11248621344566,0,648.081344217062,0,12.9708842635155,0,0,0,10.0264867842197,0.550374567508698,0,0,14.0335976481438,0,0,0,0,0,1.34780716896057,0,0,0,11.0951397418976,1.2337681055069,0,0,0,0,0
109.040609538555,0,0.395606398582458,0,5.64544144272804,0,67.5982995033264,0,0,0,37.091816008091,0,8.99591457843781,0,1.15289652347565,0,27.9501353800297,0,1.10729920864105,0,0,0,0,0,0,0,0,0,242.652418851852,0,0,0,1.22277766466141,5.62485420703888,42.9335803985596,58.7155060172081,333.105137348175,38.0607810020447,75.018360465765,3.33717131614685,21.155121088028,0,1337.1922943294,289.916193544865,265.300162374973,49.7229952216148,607.698729813099,4.51955711841583,4965.94732615352,43.2463592886925,0,0.703616976737976,7112.88937172294,0,2126.26440021396,0,22.7455055713654,0,1154.49167436361,25.1336721777916,1075.72267502546,1.5565105676651,11.7317075431347,0.986387073993683,1287.77897208929,3.81736838817596,626.049696952105,448.06725615263,0,0,47.3707674741745,1.39532601833344,252.020592957735,0,32.099898993969,0,315.842423260212,0.947826445102692,49.8440856337547,0,860.398417055607,0,162.410326451063,0,4978.66774401069,0,28.4645550400019,0,804.726678162813,0,10.1916197538376,0,0,0,9.87719878554344,0,1.94639673829079,0,11.9472441673279,0,0,0,0,0,0,0,0,0,0,1.54985797405243,0,0,0,0,0,0
0,39.4000563025475,0,36.8504313826561,0,0,0,114.48725232482,0,0,0,10.8127189278603,0,1.73236805200577,0,0.52213191986084,0.624901354312897,4.71598196029663,0,21.0512802600861,0,0.579638242721558,0,0.914450526237488,0,0,0,0.433670520782471,0,58.9090742766857,0,0,4.82081758975983,17.5337277054787,2.20949196815491,5.04502791166306,6.35812574625015,175.352961778641,0,64.9227424561977,0,42.3041777312756,0,1746.46514135599,0,1154.03614214063,0,661.120343655348,0,7333.59798020124,0.703616976737976,0,0,2713.52652421594,0,943.827934533358,2.22572869062424,27.4791286587715,14.8220710158348,835.676398217678,3.09900856018066,18.7567045688629,0,34.8313626348972,0,1507.05542933941,23.7527809143066,175.036945819855,0,2.93878054618835,9.37692362070084,47.0376951396465,0,266.858138531446,0,72.8642773926258,32.5604428052902,355.357365965843,0,17.5026313364506,1.74449461698532,411.662812203169,0,48.323750436306,5.66388356685638,5539.55641698837,0,20.3169017136097,0,1874.78009146452,0,12.9689499139786,0,0,0.501443922519684,5.29829865694046,0,0,0,6.25948441028595,0,0,0,0,0,0,0,0,0,1.15562862157822,0,0,0,0,0,0.736333191394806
20.3341472744942,0,0,0,4.76315236091614,0,1.29081225395203,0,0.532656252384186,0,7.25146469473839,0,3.07238900661469,0,0,0,0.494310557842255,0,0,0,0,0,0,0,0,0,0,0,93.5880725681782,0,0,0,0.620229363441467,0,4.38320219516754,10.2463400363922,139.947877466679,1.90576243400574,34.2359534204006,0,14.4383637011051,0,123.843079209328,35.2311550378799,94.3961317837238,4.29990983009338,2374.20706948638,0,1242.55790773034,0,7112.88937172294,0,0,0,5037.83473551273,0,2.18971574306488,0,74.452311694622,1.13646638393402,1.15626239776611,0,1.48615431785583,0,37.2160190343857,1.42948853969574,213.829915493727,61.5943041443825,0,0,5.76191779971123,0,103.903617709875,0,5.76810598373413,0,92.7995017170906,0,3.39004176855087,0,200.448199033737,0,54.3749743700027,0,585.005982458591,0,18.7678752839565,0,506.402879476547,0,63.8122483491898,0,0,0,0.915209352970123,0,1.2966206073761,0,18.4540030360222,0,0,0,0,0,0,0,0,0,0,0,0,0,0,0,0,0
0,0,0,0,0,0,0,1.97857731580734,0,0,0,0,0,0,0,0,0,0,0,0,0,0,0,0,0,0,0,0,0,14.5322732329369,0,0,0,0.600273072719574,1.17082810401917,0,0,76.6687687635422,0,34.8611027300358,0,41.452729165554,6.22568273544312,314.097247600555,0,854.427935302258,0,1678.06745505333,0,1630.90739890933,0,2713.52652421594,0,0,0,2756.77526775002,0,0,0,8.1707968711853,0,0,0,0,0,3.54808795452118,0,16.7889621257782,0,0,0,1.38706517219543,0,62.0916926264763,0,8.27189743518829,1.67626443505287,39.8423551023006,0,0,0,26.8012360036373,0,14.6196540296078,0,432.171824276447,0,9.48645403981209,0,1293.19392290711,0,69.3877934813499,0,0,0,1.03741705417633,0,0.60379433631897,0,66.8370735645294,0,0,0,0,0,0,0,0,0,0,0,0,0,0,0,0
44.0351455211639,0,0,0,5.87169128656387,0,5.39039868116379,0,0,0,12.6332531571388,0,2.08830106258392,0,0,0,0,0,0,0,0,0,0,0,0,0,0,0,70.8015162348747,0,0,0,1.00117576122284,0,3.1860973238945,11.079646229744,474.911672234535,5.26242053508759,1354.41190978885,0,36.6164181828499,2.43059101700783,365.382961004972,28.8662081360817,166.833170562983,4.87417155504227,4400.40537559986,0,780.464980214834,3.26809978485107,2126.26440021396,0,5037.83473551273,0,0,0,12.0437094569206,0,106.492533296347,2.48591327667236,8.66365930438042,0,2.74476715922356,0,60.9300251305103,0,135.215899735689,83.5085699558258,0,0,13.01836591959,2.54536950588226,72.1674900352955,0.697996377944946,12.3173447549343,1.40386784076691,68.5561726987362,0,4.00395184755325,0,87.7884139120579,0,64.1069700419903,0,422.452438473701,0,147.438750892878,0,1831.50063544512,0,51.2082098424435,0,0,0,0,0,0.547217488288879,0,57.9969928860664,0,0,0,0,0,0,0,0,0,0,0,0,0,0,0,0,0
0,12.655321419239,0,0.454786330461502,0,1.6481254696846,0,22.7406136989594,0,1.38253033161163,0,6.72549402713776,0,0,0,2.70944041013718,0,0,0,0,0,0.610176622867584,0,0,0,0.41599828004837,0,0.939906269311905,0,26.4013442695141,0,0,0,3.23814296722412,1.62301248311996,10.453445494175,4.21498411893845,1809.86620253325,0,2322.05547177792,4.16996258497238,744.721090048552,33.054551422596,384.151146143675,2.38874053955078,857.996781527996,0.493520766496658,3339.91511005163,0,1252.96937051415,0,943.827934533358,0,2756.77526775002,0,0,0,3.66915321350098,0,21.0953198969364,0,8.34978717565536,0,6.8210406601429,0,29.7099313735962,2.6520302593708,73.1110340952873,0,0,0,17.761229455471,14.7704700231552,185.214682340622,3.01416677236557,35.5995070338249,8.57806622982025,143.400044173002,0,0,0,42.212292522192,0,157.566082417965,0,542.354212462902,0,318.041947543621,0,2938.34475389123,0,109.412806034088,0,0,0,0.846074640750885,0,17.3052423000336,0,384.100519061089,0,0,0,0,0,0.960912823677063,0,0,0,3.01593339443207,1.18815565109253,0,0,0,0,0
9539.27524971962,51.8593258261681,216.935170799494,18.712674587965,0,0,255.531223118305,7.11757281422615,1.12912261486053,0,297.412503927946,1.37286674976349,66.1938807368279,0,0.819824576377869,0,2967.57503095269,12.8928875923157,264.219990283251,214.50295561552,0,0,1.39033728837967,0,0,0,0,0,2539.58038198948,1.48233997821808,1.01169681549072,5.77230149507523,167.623149216175,365.941117942333,5.74827498197556,14.3493623733521,567.408254921436,0,326.417383551598,0,2.58279651403427,0,0,0,1.0990834236145,0,16.1542149484158,1.40773773193359,0.791288614273071,3.53058683872223,22.7455055713654,2.22572869062424,2.18971574306488,0,12.0437094569206,0,0,129.791062116623,1000.76585707068,45.7815503776073,3172.24655273557,7.78925555944443,1095.32400596142,69.9160726070404,138.863838106394,2.46930503845215,457.237617313862,192.891987800598,1550.05786141753,195.681329369545,1698.64197826385,23.3619593977928,2193.27311691642,15.2238181531429,793.41526645422,1.00743699073792,3075.56085205078,14.8427602648735,17.0339485406876,5.68356847763062,193.182412683964,21.7083528637886,8.78912532329559,0,675.11691057682,1.18924856185913,0,0,111.984006613493,0,0,0,0,0,193.062573969364,0,32.6939954161644,0,1.59076619148254,0,0,0,0.492159575223923,0,4.91639739274979,0.469843029975891,10.4412120580673,0,5.8022176027298,25.0404946804047,0,0,0,0,0,1.09862574934959
7.01709434390068,10209.3155976832,0,443.561437189579,0,0,0,702.812117725611,0,0,0,174.862723767757,0,75.038147777319,0,8.66649815440178,17.301446467638,2145.8801766634,1.09970474243164,301.333614617586,0,0,0,8.3126480281353,0,0,0,0,7.46178930997849,210.352896034718,0,2.25009000301361,51.99698767066,128.172000974417,18.7599973380566,4.2917098402977,33.2267825901508,50.5748388767242,4.255246758461,46.9823409616947,0,0.920002639293671,1.1248260140419,0,1.59075909852982,1.27200829982758,3.09424418210983,1.45514738559723,0,7.57751628756523,0,27.4791286587715,0,0,0,3.66915321350098,129.791062116623,0,84.8643832206726,1319.81367275119,70.0767163038254,1521.34743562341,14.1506948471069,2962.96453556418,4.04842883348465,483.318925201893,169.806696474552,117.766091793776,47.3565794229507,1189.97042292356,63.0795212090015,1147.38979867101,12.5488896369934,2336.75251927972,0,573.846606433392,625.936828181148,2603.71780639887,7.39679989218712,54.8382801413536,17.3032560944557,102.683987259865,0,1.05666649341583,1.19109129905701,100.438102215528,0,0,0,37.418455272913,0,0,0,0,4.20147401094437,14.775709271431,4.8986142873764,0,0,0,0,0,0,0,0,2.35018280148506,0,0,2.39661991596222,13.4054680466652,0,0,0,0,0,1.76690256595612
318.78334915638,9.20966494083405,197.197615414858,0,2.29380875825882,0,114.106729567051,0.465950399637222,0,0,67.0830665230751,0,25.1451414823532,0,0,0,88.9715034067631,17.5351560711861,253.505800843239,33.0664770305157,1.23808324337006,0,3.02479332685471,0,0,0,0,0,623.111525177956,0,1.4852043390274,6.70812404155731,81.8042615354061,328.556308060884,123.774477809668,526.217179477215,418.557245016098,201.744799941778,214.442544400692,4.50306224822998,39.6425011456013,0,138.857205122709,278.781281083822,789.439690947533,159.675106078386,181.782806664705,28.3733487725258,883.895523250103,124.794046461582,1154.49167436361,14.8220710158348,74.452311694622,0,106.492533296347,0,1000.76585707068,84.8643832206726,0,273.953577965498,4926.3948033154,85.7599690556526,74.2552002668381,60.2634017467499,1570.05113914609,32.0451022982597,1438.94549492002,2155.18802404404,369.793970435858,52.9702479541302,366.251164138317,39.9257355332375,582.165474176407,13.3176964521408,106.716831475496,1.3444399535656,1020.88568758965,33.3240069448948,103.278627902269,13.742641210556,386.970454722643,37.3314052224159,29.4382375180721,0,399.600464820862,0,5.75808185338974,0,187.244994997978,0,0,0,0,0,36.0979167819023,0,18.9098808467388,0,0,0,0,0,0,0,0,0,1.45744103193283,0,0,5.05451846122742,0,0,0,0,0,0.671190619468689
2.22268795967102,504.274546712637,0,117.06686347723,0,0,0,152.410231083632,0,0,0,82.370576351881,0,7.05913662910461,0,2.08079844713211,8.71988898515701,123.385756969452,0.6193927526474,314.720214605331,0,0.909020006656647,0,3.34600913524628,0,0,0,0,16.4095991849899,178.660430669785,0,0,59.8186321854591,151.206853896379,65.2738269269466,61.8951278924942,60.1823807656765,351.958271414042,0,41.2372236847878,0,3.08378970623016,18.6013458967209,10.8420196175575,24.0262882113457,97.7168414592743,3.77794748544693,11.7749448418617,4.88284462690353,768.587585002184,25.1336721777916,835.676398217678,1.13646638393402,8.1707968711853,2.48591327667236,21.0953198969364,45.7815503776073,1319.81367275119,273.953577965498,0,127.04077911377,1932.86829641461,5.89915645122528,868.11722099781,10.5500164031982,2927.65839776397,392.670496702194,1374.96788880229,22.1458957195282,411.952336668968,40.6771180033684,207.69415473938,13.917293548584,1341.27884033322,2.10946679115295,339.700226664543,198.065021246672,1630.78762501478,10.7747293710709,187.523005545139,37.3161436915398,699.277312874794,0,10.7830449044704,56.7919124364853,199.56130322814,0,2.49622076749802,0,74.464172065258,0,0,0,0,0,17.5011849403381,0.652438044548035,1.2368255853653,0,0,0,0,0,0,0,0,0,0,0,12.0570571422577,0,0,0,0,0,0
1504.42607796192,1.72526079416275,40.9577744603157,0,2.06597375869751,0,159.464633822441,0,1.62857389450073,0,214.091299772263,0,41.7884802818298,0,0,0,229.482297539711,15.0271081626415,11.7543506920338,6.8986456990242,0,0,0,0,0,0,0,0,656.84755179286,1.98147857189178,0,0,10.154473811388,94.6538088917732,9.55374598503113,53.056115090847,358.951832860708,34.4376834630966,90.8465242385864,0,11.7881807684898,0,5.6662575006485,24.8409541547298,22.4649783372879,20.4734823703766,51.1742153763771,2.39342284202576,8.70817703008652,21.4610089063644,1075.72267502546,3.09900856018066,1.15626239776611,0,8.66365930438042,0,3172.24655273557,70.0767163038254,4926.3948033154,127.04077911377,0,53.5531406998634,3637.90532872081,52.0752898454666,5185.94395565987,6.72776585817337,170.90048032999,374.464967519045,21.4547654986382,33.2249990701675,419.106669217348,21.1057278513908,559.928098797798,15.7954779565334,128.045355886221,3.39748823642731,962.141681611538,28.0763778090477,83.2519557476044,4.65960669517517,658.777884244919,34.9483487606049,28.7082794606686,0,1416.09975746274,2.62942481040955,12.4851124286652,0,184.839742928743,0,0,0,0,0,43.0986667573452,0.819372415542603,10.4204485416412,0,0,0,0,0,0,0,0,0,0.996514916419983,0,0,5.17911911010742,0,0,0,0,0,0
0,1446.82773643732,0,27.4847294092178,0,0,0,160.6038428545,0,0,0,900.878535598516,0,162.970692336559,0,1.87021279335022,3.16830295324326,559.226121634245,0,10.6344338655472,0,0,0,0,0,0,0,0.672605574131012,6.29240387678146,120.312886655331,0,0,8.06539708375931,10.590415596962,19.3386489152908,22.7813587784767,26.1876946389675,73.5897058546543,0,4.89311772584915,0,0,0,0,1.35412395000458,2.7999204993248,0,4.5992693901062,0,6.1868622303009,1.5565105676651,18.7567045688629,0,0,0,8.34978717565536,7.78925555944443,1521.34743562341,85.7599690556526,1932.86829641461,53.5531406998634,0,2.90034091472626,2177.30954831839,3.67588669061661,1701.84679287672,87.3287853002548,123.619405597448,0,5.96533393859863,15.4480710625648,72.7791977822781,7.15982604026794,262.81750997901,0,33.2442415952682,128.103804588318,150.800096184015,3.47514641284943,19.9698392152786,19.0163139104843,295.125136733055,0,4.84010535478592,3.20474791526794,758.057043582201,0,1.56807345151901,0,149.440515905619,0,0,0,0,0,1.55646777153015,0,0,0,0,0,0,0,0,0,0,0,0,0,0,0,0,0,0,0,0
261.743205189705,0.83698582649231,4.02184754610062,0,0,0,5.07775104045868,0,0,0,245.114812076092,0,36.2730840444565,0,0,0,2133.920201689,2.01084071397781,1.00727331638336,0,0,0,0,0,0,0,0,0,1422.67972269654,1.86798858642578,0,0,2.77382636070251,28.92761105299,1.79469805955887,5.88216996192932,172.363040059805,0,53.4581584334373,0,2.26649695634842,0,0.582059979438782,0,1.84260666370392,0,16.540801435709,0,3.4404468536377,0,11.7317075431347,0,1.48615431785583,0,2.74476715922356,0,1095.32400596142,14.1506948471069,74.2552002668381,5.89915645122528,3637.90532872081,2.90034091472626,0,6.0539642572403,890.866190463305,0,20.3701025545597,17.2308033704758,5.38019919395447,7.09720712900162,177.140020489693,2.35218042135239,266.741283833981,0.834513187408447,45.9329717755318,0,492.602150470018,0,86.8272269964218,1.37378537654877,3106.89169359207,0,41.4507147967815,0,1758.90452840924,0,2.4643782377243,0,161.751215934753,0,0,0,0,0,26.0413216650486,0,15.9966402947903,0,0,0,0,0,0,0,0,0,0,0,1.20218539237976,4.23019593954086,0,0,0,0,0,0
0,400.824957132339,0,9.44262957572937,0,0,0,24.3883815705776,0,0,0,388.376783698797,0,71.067711353302,0,9.31913483142853,15.0998248457909,2633.36557120085,0,3.0416048169136,0,0,0,1.22660183906555,0,0,0,0,5.52787172794342,347.508937805891,0,0.61676698923111,15.9407415986061,55.3721987009048,14.5618878602982,20.2224485874176,21.2971620261669,11.1924205720425,0,3.8442108631134,0,2.14789074659348,2.0350741147995,0.780755758285522,0.582313656806946,1.66304630041122,0.720713078975677,3.11423003673553,0,20.2556921541691,0.986387073993683,34.8313626348972,0,0,0,6.8210406601429,69.9160726070404,2962.96453556418,60.2634017467499,868.11722099781,52.0752898454666,2177.30954831839,6.0539642572403,0,2.63868999481201,1006.61718383431,88.1271703541279,178.200825959444,1.78956907987595,34.5594214498997,21.6960837244987,276.07530066371,0.998519361019135,717.471350193024,0,29.2499042749405,227.234246522188,118.086698263884,8.99901700019836,151.40867844224,10.737927377224,1856.52861875296,0,5.91122663021088,0.41188707947731,1359.65318828821,0,5.79647469520569,0,203.371489316225,0,0,0,0,0,0,0,0,0,0,0,0,0,0,0,0,0,0,0,0,0,0,0,0,0,0
511.436619997025,0,18.1976897418499,0,2.62970873713493,0,233.212747186422,0,0,0,67.6755757331848,0,16.3662556111813,0,0,0,86.290273308754,0,3.88548186421394,0,0,0,0,0,0,0,0,0,257.68990907073,0,0,0,0.703741252422333,9.88057214021683,2.94585156440735,18.2073504328728,129.286623924971,3.3624392747879,24.9948182106018,0,4.41877469420433,0,1.58511960506439,1.1078108549118,11.94411444664,6.54595732688904,26.061014354229,1.8374559879303,29.8728927969933,2.09732574224472,1287.77897208929,0,37.2160190343857,0,60.9300251305103,0,138.863838106394,4.04842883348465,1570.05113914609,10.5500164031982,5185.94395565987,3.67588669061661,890.866190463305,2.63868999481201,0,0,30.0545523166656,26.4325112700462,1.49987554550171,0,132.790917187929,0.995893001556396,261.664457887411,0,56.4345415532589,0,229.598203271627,2.1074047088623,39.9432325065136,0,777.459660708904,0,29.0332638025284,0,3967.00026199222,0,7.08174121379852,0,264.240975707769,0,0,0,0,0,5.39899533987045,0,0.747710645198822,0,0,0,0,0,0,0,0,0,0,0,0,0.542606353759766,0,0,0,0,0,0
0,1181.22950521111,0,162.542683899403,0,0,0,751.02744525671,0,0,0,350.755452305079,0,99.5667741894722,0,0,3.55106592178345,56.7788801491261,0,48.9403546750546,0,0.434587836265564,0,3.24907276034355,0,0,0,0,3.38315284252167,60.3408026993275,0,0,1.2432769536972,10.7668799757957,12.2821534872055,5.5493398308754,2.28319203853607,147.907582432032,0,12.5117399096489,0,4.23544257879257,5.05530250072479,1.40788221359253,3.67931711673737,6.75043442845345,0,5.9991871714592,1.33087909221649,273.523764044046,3.81736838817596,1507.05542933941,1.42948853969574,3.54808795452118,0,29.7099313735962,2.46930503845215,483.318925201893,32.0451022982597,2927.65839776397,6.72776585817337,1701.84679287672,0,1006.61718383431,0,0,14.5165610313416,203.817482799292,0,8.53045415878296,5.96082991361618,109.877467632294,0,467.238233417273,0,107.584836006165,73.7962839603424,454.866175740957,0,22.6572969555855,2.3170622587204,937.629675835371,0,19.8627277910709,11.6797012090683,3586.20310151577,0,9.12648218870163,0,354.317081779242,0,0,0,0,0,3.8710669875145,0.573809325695038,0,0,0,0,0,0,0,0,0,0,0,0,1.56796395778656,0,0,0,0,0,0
70.3736635446548,31.3296126127243,258.864602565765,5.50532454252243,2.1453121304512,0,85.2071404755116,0.629765450954437,0,0,100.664298862219,0,53.1767126917839,0,0,0,41.356459826231,23.9503167867661,1543.25744438171,189.457632422447,0.9312983751297,0,560.859944880009,0.732458651065826,3.34934633970261,0,1.25078919529915,0,194.336852729321,0.664862990379333,633.61588460207,186.590321183205,3110.98422157764,1715.47716212273,2324.07193270326,1800.66139367223,484.431001096964,215.934821903706,520.520594865084,19.0821217894554,29.6983055174351,1.69316673278809,2626.71722117066,780.336563140154,2128.41946044564,528.194874435663,1305.38916867971,62.6800427436829,1488.62297978997,191.941284716129,626.049696952105,23.7527809143066,213.829915493727,0,135.215899735689,2.6520302593708,457.237617313862,169.806696474552,1438.94549492002,392.670496702194,170.90048032999,87.3287853002548,20.3701025545597,88.1271703541279,30.0545523166656,14.5165610313416,0,2813.40132546425,1029.97425818443,244.106109291315,447.920248031616,59.5298122763634,290.246069699526,30.2798835635185,76.98116132617,3.03659325838089,510.951224058867,85.0985978245735,20.2366136014462,10.795218706131,118.139637053013,49.4837831556797,16.4188205301762,0,117.552756160498,1.28833812475204,13.2581190764904,0,92.2217634320259,1.56508868932724,2.06443119049072,0,0,0,8.61445561051369,0,5.25497019290924,0,1.56525361537933,0,0,0,0,0,0,0,0,0,0,2.17022210359573,2.8370726108551,0,0,0,0,0
5.44743126630783,45.194569170475,2.67276620864868,49.2326057851315,0,0,0,25.288203895092,0,0,0,37.3704461157322,0,10.1687735617161,0,1.16171789169312,26.8638919591904,31.283328384161,14.5941671729088,430.161222815514,0,0,0,87.0805954039097,0,0,0,0,68.351525247097,43.2045670151711,1.34460282325745,185.761985659599,244.985886216164,4628.91157966852,374.200179427862,2210.88031363487,349.442066907883,910.842564761639,21.580673456192,783.347764462233,7.67276227474213,28.0805164277554,283.483405470848,2037.10719189048,641.972829699516,3165.66213029623,71.4803522825241,1784.23535245657,650.249624818563,1596.9625877738,448.06725615263,175.036945819855,61.5943041443825,16.7889621257782,83.5085699558258,73.1110340952873,192.891987800598,117.766091793776,2155.18802404404,1374.96788880229,374.464967519045,123.619405597448,17.2308033704758,178.200825959444,26.4325112700462,203.817482799292,2813.40132546425,0,92.5089470744133,855.753824770451,149.638339132071,158.171883374453,107.292944997549,303.887900650501,7.70662575960159,82.4684083759785,689.655799269676,737.162788331509,46.8806746602058,23.3033131361008,157.261015921831,352.79814016819,0,20.2585479617119,401.934639185667,157.700910121202,0,5.32495719194412,42.6437703967094,84.8630483746529,0,0,0,0,1.27753531932831,8.73609662055969,0.977441370487213,0,0,1.07529366016388,0,0,0,0,0,1.04705846309662,0,0,0,2.92211908102036,0,0,0,0,0,0
2826.4988630414,335.727420955896,202.609115689993,112.002503961325,0,0,25.4826204627752,91.8007426857948,0,0,40.4178098142147,15.6595043540001,12.7386382222176,0,0,0,27.6360023617744,4.36711657047272,1894.16479322314,1971.68354344368,0,0,9.7347597181797,0,0,0,0,0,103.520556300879,0,13.1840309500694,20.1644849181175,982.003896564245,1813.44974282384,0.536688625812531,5.88964432477951,181.504591196775,0,98.1833420991898,0,3.18936860561371,0,0,0,0.777512073516846,0,7.25460094213486,0,0,1.33732271194458,0,0,0,0,0,0,1550.05786141753,47.3565794229507,369.793970435858,22.1458957195282,21.4547654986382,0,5.38019919395447,1.78956907987595,1.49987554550171,0,1029.97425818443,92.5089470744133,0,776.97382363677,1146.45985370874,71.299460709095,460.78001204133,21.3384785056114,360.157554626465,3.28272193670273,1623.86934119463,53.7702565193176,0,1.0128436088562,2.20543664693832,0,2.16292124986649,0,0,0,0,0,0,0,0,0,0,0,82.1580871045589,0,10.4782531857491,0,0,0,0,0,0,0,0,0,0.624061465263367,0,3.9487464427948,8.74727433919907,0,0,0,0,0,0
84.038681268692,693.322782754898,10.7515259981155,187.058448046446,0,0,2.43576240539551,24.1848076283932,0,0,0,47.4425713419914,0,21.2020513415337,0,0,5.57027000188828,40.2363576591015,70.2146606445312,3494.51253294945,0,0,0,16.236813724041,0,0,0,0,8.26685133576393,14.2786901295185,0,1.05990505218506,119.049661934376,2055.49843385816,7.15840777754784,1.22247898578644,7.95826134085655,24.1496206223965,1.68777877092361,14.0616435408592,0,0,0,0,0,0,3.03427249193192,0,0,2.99750423431396,0,2.93878054618835,0,0,0,0,195.681329369545,1189.97042292356,52.9702479541302,411.952336668968,33.2249990701675,5.96533393859863,7.09720712900162,34.5594214498997,0,8.53045415878296,244.106109291315,855.753824770451,776.97382363677,0,90.4583689272404,747.174923688173,7.63072609901428,254.727504611015,3.04459774494171,117.396965414286,597.756486564875,1407.20389688015,5.03825241327286,1.54071950912476,6.94113594293594,9.05425760149956,0,0,0,0.354364395141602,0,0,0,0,0,0,0,0,0,2.29835945367813,0,0.857485771179199,0,1.59111261367798,0,0,0,0,0,0,0,0,1.32354485988617,5.98019564151764,0,0,0,0,0,0
4383.29069760442,156.490279644728,2266.79593867064,758.975528568029,1137.77991822362,415.476703137159,4690.59132570028,1716.88192021847,752.661959469318,462.072733461857,1459.69945469499,369.931461006403,2599.81620374322,508.502434283495,610.629240036011,263.77310064435,285.088684350252,28.5130045413971,1205.68987306952,1062.39843735099,496.625382840633,359.430161297321,1019.00716543198,1106.1944001615,395.859117776155,1669.57723739743,684.020822227001,736.098207086325,999.140637457371,30.1143915057182,1136.55519196391,1107.84224933386,432.439229100943,398.836975485086,188.175333768129,67.9208000600338,436.956744343042,84.1342207789421,67.414310157299,5.24097236990929,310.2732450068,82.691632270813,8.72354975342751,8.76805865764618,1.01811933517456,0,127.934223175049,8.44859147071838,7.76652991771698,3.93167227506638,47.3707674741745,9.37692362070084,5.76191779971123,0,13.01836591959,0,1698.64197826385,63.0795212090015,366.251164138317,40.6771180033684,419.106669217348,15.4480710625648,177.140020489693,21.6960837244987,132.790917187929,5.96082991361618,447.920248031616,149.638339132071,1146.45985370874,90.4583689272404,0,906.108291506767,5517.94179835916,351.928406953812,3324.91793417931,140.237563580275,4740.52911010385,455.911584496498,41.0877313017845,5.32723391056061,131.392672777176,13.2283823788166,52.1401637196541,0.73145991563797,124.616699725389,7.52854806184769,56.1391778588295,6.96597480773926,89.7961848676205,27.3938725590706,7.55272242426872,7.40438756346703,3.97315233945847,1.61089909076691,171.437207430601,7.21454650163651,20.0626848638058,0,2.51910310983658,0,2.30057525634766,0.438628137111664,12.1509561538696,3.07677692174911,21.2715021967888,12.8452737927437,10.848906993866,4.96393895149231,61.8995015323162,15.3112364709377,1.23270452022552,1.04851388931274,0.540979206562042,1.31718248128891,1.46685576438904,14.6998786628246
83.5316156446934,2338.991977036,554.587223738432,1159.71484598517,69.689791560173,644.495009601116,444.404847919941,2752.76451277733,49.7064156532288,1379.36692336202,23.2604445815086,1137.59838175774,77.1341294646263,1961.94571217895,17.4734569787979,2538.65662765503,4.97676891088486,321.939042061567,397.28748768568,1526.56109365821,13.8738061189651,366.147124141455,719.179670006037,560.678451091051,51.4196963012218,591.454163879156,23.4968439936638,426.493653327227,93.8293043375015,290.543417006731,88.0564105510712,313.157226264477,52.8486159741879,240.025837033987,1.04097065329552,13.523832321167,26.147254794836,228.249710828066,8.4737234711647,33.7312482595444,35.8323653936386,205.896040678024,0,5.12433612346649,0,3.85408091545105,6.8571959733963,4.19548204541206,0,39.4310887753963,1.39532601833344,47.0376951396465,0,1.38706517219543,2.54536950588226,17.761229455471,23.3619593977928,1147.38979867101,39.9257355332375,207.69415473938,21.1057278513908,72.7791977822781,2.35218042135239,276.07530066371,0.995893001556396,109.877467632294,59.5298122763634,158.171883374453,71.299460709095,747.174923688173,906.108291506767,0,230.820640176535,3917.33712336421,50.2284064292908,3587.97451093793,307.166575580835,12174.4212828279,1.86427617073059,18.7365781068802,10.9402319192886,52.7031394541264,3.55462503433228,12.9330664277077,8.01982033252716,95.9060094952583,25.2127600908279,24.3793745040894,27.0685088634491,54.4286502301693,5.54350656270981,32.9649040102959,3.30503389239311,5.44016090035439,35.7094923853874,49.0298414826393,33.8781530857086,5.31370922923088,7.52516093850136,23.6631123423576,0.736785233020782,1.35885083675385,1.98157072067261,28.1531678438187,1.235625654459,43.6126299798489,13.8073496818542,13.9260414242744,49.71490457654,40.3319202959538,8.35365012288094,3.90942212939262,8.7160739004612,1.40460249781609,3.79529052972794,10.6977092623711
2930.6353545785,4.96483397483826,1466.66961991787,171.065786451101,523.413722068071,20.1000517308712,558.274723380804,208.145843744278,457.248927652836,51.1998201310635,363.908023685217,8.1595054268837,1021.86000984907,32.5513500571251,1360.16571050882,8.47996252775192,188.35604852438,0,876.648927897215,195.338632106781,92.6499343514442,3.65348261594772,384.526606172323,329.112444341183,59.9442867636681,77.9512232840061,56.4004200696945,9.78426602482796,1842.95613110065,0,103.970242530107,341.08583521843,53.4609438478947,89.041415989399,12.8284525871277,76.6147503852844,1822.75445243716,130.248282313347,364.642548322678,9.83877056837082,534.397734820843,203.68660992384,121.959925055504,8.96330112218857,24.6851308345795,1.03931224346161,443.852268457413,3.57216370105743,77.0236961245537,0,252.020592957735,0,103.903617709875,0,72.1674900352955,14.7704700231552,2193.27311691642,12.5488896369934,582.165474176407,13.917293548584,559.928098797798,7.15982604026794,266.741283833981,0.998519361019135,261.664457887411,0,290.246069699526,107.292944997549,460.78001204133,7.63072609901428,5517.94179835916,230.820640176535,0,106.289233982563,4051.78907075524,220.80627822876,2902.72656622529,47.7436740994453,48.4716610312462,6.76792287826538,400.438306421041,5.38275730609894,126.17713919282,9.40437459945679,270.240662395954,7.04335868358612,102.804738640785,16.3023574948311,125.847538739443,28.1979956626892,36.0212974846363,72.6878635883331,13.5522622466087,2.36941599845886,289.203932195902,34.8495999872684,57.0591522753239,6.33021798729897,22.6927486360073,31.730257332325,4.05075889825821,1.52914696931839,21.5939725041389,27.0683638751507,49.6567124128342,38.41781899333,18.1168932914734,14.9731005132198,58.9901620745659,22.1662158966064,10.0124301612377,5.51042774319649,1.62698167562485,0,2.40625458955765,12.5302256941795
23.4170697927475,1514.45394876599,146.187559664249,1184.22284352779,20.9188277125359,555.905912354589,127.124142616987,1141.45787677169,5.54179656505585,613.382593244314,6.24060654640198,1283.03698214889,21.8179445266724,1461.32176229358,3.41633290052414,3626.25390598178,1.48437196016312,2408.22338739038,175.009819120169,1234.62166929245,4.00452846288681,202.05898091197,172.905060529709,626.509727835655,6.44384533166885,206.195628494024,10.9067977070808,348.686841338873,19.1584607362747,5968.85794848204,30.8583916425705,265.324929714203,25.3234999775887,176.958830714226,9.23222374916077,21.0036994218826,21.5864649713039,632.724964648485,9.50713604688644,35.0806095898151,22.7451695799828,1732.81529179215,35.144087344408,323.895052134991,1.58690023422241,352.360559523106,0,364.505841523409,0,415.530364573002,0,266.858138531446,0,62.0916926264763,0.697996377944946,185.214682340622,15.2238181531429,2336.75251927972,13.3176964521408,1341.27884033322,15.7954779565334,262.81750997901,0.834513187408447,717.471350193024,0,467.238233417273,30.2798835635185,303.887900650501,21.3384785056114,254.727504611015,351.928406953812,3917.33712336421,106.289233982563,0,28.3322775363922,955.011865019798,167.785972982645,650.851640284061,2.13563084602356,401.058066010475,0,945.079535752535,0.738517343997955,539.160988748074,9.70442980527878,549.980369657278,19.2608732581139,16.3949217498302,17.4603826403618,132.618424355984,4.62216448783875,7.28880381584167,0,1.50133419036865,3.34036505222321,11.0812721252441,9.17745995521545,0.558805465698242,1.14755129814148,24.8876319229603,2.18323945999146,2.47532820701599,2.31063657999039,3.90496128797531,1.53753352165222,9.69608217477798,0.364448308944702,0,2.58490610122681,5.11298835277557,1.57475307583809,0,1.11701667308807,0,0,2.88060012459755
1698.23219466209,5.28964698314667,440.116636157036,21.0922093391418,28.5213763415813,1.24153697490692,170.843021571636,23.2321805357933,43.8583636283875,5.68397063016891,117.005949139595,3.78828930854797,165.326064229012,2.62270486354828,88.5306515097618,1.75623404979706,58.1668848395348,0,385.166046351194,53.0511487722397,6.15693873167038,0,69.6338328719139,32.0788013935089,4.00449523329735,3.50457620620728,13.6728051900864,5.28475791215897,179.933682531118,1.87339091300964,9.68954312801361,71.199286043644,6.71198636293411,20.9447529315948,0.418808400630951,5.99662637710571,2327.25835230947,68.9711527824402,296.162197440863,15.9472799599171,229.026563376188,75.6612496972084,2.26161807775497,0,0,0.532327651977539,60.3416650295258,0.935127139091492,6.32617625594139,0,32.099898993969,0,5.76810598373413,0,12.3173447549343,3.01416677236557,793.41526645422,0,106.716831475496,2.10946679115295,128.045355886221,0,45.9329717755318,0,56.4345415532589,0,76.98116132617,7.70662575960159,360.157554626465,3.04459774494171,3324.91793417931,50.2284064292908,4051.78907075524,28.3322775363922,0,99.2573602795601,1586.14226174355,88.5397861897945,4.50339806079865,0,25.0527200698853,0,15.0488654971123,3.07435011863708,53.2844788134098,2.21564149856567,99.0974862873554,14.6197972893715,111.29436725378,17.5636206865311,73.4538865983486,210.892565339804,26.9734055399895,16.7935959100723,568.631303280592,59.6673922240734,147.961816877127,8.25420320034027,54.3468404114246,97.9837664067745,18.5009907186031,6.76078343391418,47.7423717081547,60.7572207152843,98.8657070696354,57.076921582222,62.4400535821915,26.3922464847565,96.1252822875977,26.0946070551872,29.589668482542,8.60122579336166,16.4631390869617,5.94858434796333,4.50937780737877,32.9631070196629
7.49977385997772,566.028295397758,29.3964827656746,300.621324628592,1.92339324951172,0,17.6303305625916,261.98410448432,0,13.173712015152,0,97.2478867173195,1.25583815574646,127.465349942446,0,124.849983662367,0,62.4939714074135,29.6731371879578,387.508836388588,7.62594145536423,0,28.3559698462486,103.14992955327,0,3.61469185352325,0,0,10.1970171332359,42.6581766307354,0.902953267097473,50.5889542102814,7.02790457010269,42.6163891553879,1.85670614242554,10.2248015999794,71.7246116101742,245.238811612129,17.397137761116,8.89835745096207,84.6497302055359,197.177727758884,3.55943620204926,86.4695037305355,0,92.7039818167686,21.9000138044357,35.761704236269,0,125.110082626343,0,72.8642773926258,0,8.27189743518829,1.40386784076691,35.5995070338249,1.00743699073792,573.846606433392,1.3444399535656,339.700226664543,3.39748823642731,33.2442415952682,0,29.2499042749405,0,107.584836006165,3.03659325838089,82.4684083759785,3.28272193670273,117.396965414286,140.237563580275,3587.97451093793,220.80627822876,955.011865019798,99.2573602795601,0,59.5436592698097,940.402623414993,0,9.12422335147858,0,52.3379682302475,9.70843148231506,13.9622042775154,11.8392432928085,78.4582397341728,48.5134980082512,13.6193998456001,58.19313159585,44.573650509119,34.3332757949829,66.1391969621181,8.46893480420113,12.9149224162102,27.3920621275902,57.3076428174973,62.1213708817959,5.67387765645981,21.083255469799,25.908679574728,10.6945103406906,8.17761832475662,21.6708596646786,50.1418032348156,5.19344228506088,53.2768801450729,17.1681918501854,14.6899573504925,27.7473957836628,32.0665799081326,22.2963842749596,3.65954452753067,1.6131563782692,1.85927176475525,4.66971188783646,11.2362621128559
3665.38200810552,1539.4079888761,1650.05037879944,257.864139914513,124.819634705782,1.29116785526276,967.085714846849,471.547503948212,259.905282527208,0.970674514770508,286.205108165741,302.313502341509,948.214955896139,64.6667096614838,448.334358811378,5.03522384166718,181.597187399864,162.106817901134,1608.22456628084,1101.66196280718,18.7759962677956,0,367.124174684286,73.417626708746,8.64656698703766,8.07946735620499,3.58422410488129,0,569.142971515656,33.6102195084095,115.078916788101,456.418979585171,73.7871824800968,307.241854757071,78.9148101210594,171.078100830317,3508.08161956072,224.815825581551,176.333813637495,27.4356816112995,375.096414446831,23.2923581004143,235.495863944292,576.745584458113,58.2608224153519,229.539328277111,589.123362362385,56.5671460032463,167.202941030264,66.4463973343372,315.842423260212,32.5604428052902,92.7995017170906,1.67626443505287,68.5561726987362,8.57806622982025,3075.56085205078,625.936828181148,1020.88568758965,198.065021246672,962.141681611538,128.103804588318,492.602150470018,227.234246522188,229.598203271627,73.7962839603424,510.951224058867,689.655799269676,1623.86934119463,597.756486564875,4740.52911010385,307.166575580835,2902.72656622529,167.785972982645,1586.14226174355,59.5436592698097,0,1087.48031675816,30.5805387496948,17.9172520935535,374.061183929443,107.165998280048,47.8877662420273,1.48260486125946,315.008002728224,52.6819060742855,129.660041898489,0,263.78423383832,21.5685811340809,128.377978771925,52.1561053693295,83.750478848815,11.6596579551697,626.0234092623,25.5619026124477,236.66318193078,6.49001857638359,38.96045383811,20.2472631931305,55.478221476078,4.37065845727921,98.4102716296911,21.5222640037537,256.074883133173,116.123021155596,88.5573359280825,18.1763650476933,267.950132966042,292.65995156765,31.621485799551,9.35985141992569,15.1612156033516,23.4935758411884,12.2494311928749,66.8004978299141
61.4371154308319,3674.4847690165,104.806819915771,2154.5504385829,0,3.6542235314846,38.0911141037941,1564.42691317201,0,18.0271671414375,5.9849681854248,482.012738615274,10.1887866854668,551.676770359278,0,159.181060940027,2.54001998901367,201.188783973455,216.231994211674,3954.00966757536,10.1399794220924,6.0595475435257,42.1562942862511,368.250345110893,0,1.81085568666458,3.2187739610672,24.4652116298676,7.75387299060822,101.518700987101,7.81729048490524,197.990951776505,17.7752214074135,415.011576384306,10.4914652407169,70.8963376879692,112.320153653622,5001.68200850487,63.6491708159447,245.261914163828,8.05127015709877,144.274953663349,26.7275285124779,593.405045777559,4.84789055585861,391.951731622219,15.2838208675385,580.879685074091,4.19320958852768,597.626011520624,0.947826445102692,355.357365965843,0,39.8423551023006,0,143.400044173002,14.8427602648735,2603.71780639887,33.3240069448948,1630.78762501478,28.0763778090477,150.800096184015,0,118.086698263884,2.1074047088623,454.866175740957,85.0985978245735,737.162788331509,53.7702565193176,1407.20389688015,455.911584496498,12174.4212828279,47.7436740994453,650.851640284061,88.5397861897945,940.402623414993,1087.48031675816,0,0,12.6316149234772,2.58558309078217,84.5834792852402,0,51.0755032300949,13.7046021223068,200.749640673399,0.643327414989471,61.5305606722832,0.976260244846344,151.10417547822,134.161562204361,445.351569235325,45.6635603010654,111.657357901335,369.588600039482,489.720935374498,246.442281663418,44.0921960175037,100.292852789164,181.531921625137,57.680528819561,24.8457989096642,104.71213939786,201.190072208643,104.640910118818,493.285183995962,121.847458571196,115.20995849371,635.480629593134,854.917659193277,120.30481415987,28.0321668386459,45.4266803860664,22.938206166029,47.1221444308758,129.671925067902
9.82634991407394,2.75484943389893,0,0,0,0,3.00888162851334,0,0,0,13.8013429045677,0,1.80004942417145,0,0,0,884.376696288586,0,0,0,0,0,0,0,0,0,0,0,183.529274821281,0,0,0,0,16.6819825768471,3.315474152565,10.061355471611,14.7794145047665,1.1321827173233,6.99803924560547,0,0,0,0,1.31661534309387,3.83226466178894,0.966158747673035,1.30787634849548,0,9.44142115116119,0.744532108306885,49.8440856337547,0,3.39004176855087,0,4.00395184755325,0,17.0339485406876,7.39679989218712,103.278627902269,10.7747293710709,83.2519557476044,3.47514641284943,86.8272269964218,8.99901700019836,39.9432325065136,0,20.2366136014462,46.8806746602058,0,5.03825241327286,41.0877313017845,1.86427617073059,48.4716610312462,2.13563084602356,4.50339806079865,0,30.5805387496948,0,0,0,1448.36746436357,13.4447050094604,26.2104761302471,0,68.624383866787,1.09025502204895,0.740073144435883,0,12.0522386431694,0,0,0,0,0,1.37174224853516,0,0,0,0,0,0,0,0,0,0,0,0,0,0,0,0,0,0,0,0,0
0,5.73781526088715,0,1.91250663995743,0,0,0,5.4869025349617,0,0,0,4.21842414140701,0,1.25301778316498,0,0,1.91290736198425,576.216203570366,0,1.55921304225922,0,0,0,0,0,0,0,0,0,462.158600598574,0,0,2.06304901838303,5.04315894842148,3.04293748736382,2.49118423461914,1.02991411089897,9.37386947870255,0,0.842845857143402,0,0,0,0,0,7.20271295309067,0,0.824664711952209,0,7.93057000637054,0,17.5026313364506,0,0,0,0,5.68356847763062,54.8382801413536,13.742641210556,187.523005545139,4.65960669517517,19.9698392152786,1.37378537654877,151.40867844224,0,22.6572969555855,10.795218706131,23.3033131361008,1.0128436088562,1.54071950912476,5.32723391056061,18.7365781068802,6.76792287826538,401.058066010475,0,9.12422335147858,17.9172520935535,12.6316149234772,0,0,0,1035.60059756041,0,4.34576642513275,0,3.62247955799103,0,0,0,6.16733613610268,0,0,0,0,0,0,0,0,0,0,0,0,0,0,0,0,0,0,0,0,0,0,0,0,0,0
169.344614863396,0.69831794500351,2.8130764067173,0,27.3570247888565,0,6.60889285802841,0,8.74234968423843,0,364.258993148804,0,67.5314268767834,0,7.57573676109314,0,3464.01199528575,1.09396481513977,2.83181437849998,1.37531626224518,0,0,0,0,0,0,1.84886002540588,0,1143.48071834445,1.64301466941833,0.655874609947205,0,3.13814210891724,34.043292760849,6.67784774303436,78.4950980246067,234.957123458385,15.417031288147,24.9095163941383,0,25.2213689684868,0,185.599892646074,0.640785157680511,72.367241024971,3.73811542987823,440.92080783844,2.14370894432068,274.751678258181,5.36861565709114,860.398417055607,1.74449461698532,200.448199033737,0,87.7884139120579,0,193.182412683964,17.3032560944557,386.970454722643,37.3161436915398,658.777884244919,19.0163139104843,3106.89169359207,10.737927377224,777.459660708904,2.3170622587204,118.139637053013,157.261015921831,2.20543664693832,6.94113594293594,131.392672777176,10.9402319192886,400.438306421041,0,25.0527200698853,0,374.061183929443,2.58558309078217,1448.36746436357,0,0,6.9932433962822,1395.7077486515,0,5931.95083609223,0,31.8111471831799,0,114.803894102573,0,11.3942078053951,0,0,0,9.62335395812988,0,2.00516247749329,0,1.17424249649048,0,0,0,0,0,0,0,0,0,0,4.21529912948608,0,0,0,0,0,0
0,40.6113285124302,0,5.37472873926163,0,0,0,14.8471756875515,0,0,0,71.9014114141464,0,20.7676116526127,0,0,2.61822521686554,952.427357524633,0,0.470371067523956,0,0,0,0,0,0,0,0,5.97980785369873,468.271281629801,0,4.13377994298935,12.5890837311745,50.9813540875912,19.8260634243488,31.5614655911922,7.64001348614693,138.191032260656,0,3.24147549271584,0,9.76534134149551,10.0756885707378,134.31714117527,1.83227676153183,263.084640741348,2.74991619586945,80.3030424416065,1.20499551296234,477.438196539879,0,411.662812203169,0,26.8012360036373,0,42.212292522192,21.7083528637886,102.683987259865,37.3314052224159,699.277312874794,34.9483487606049,295.125136733055,0,1856.52861875296,0,937.629675835371,49.4837831556797,352.79814016819,0,9.05425760149956,13.2283823788166,52.7031394541264,5.38275730609894,945.079535752535,0,52.3379682302475,107.165998280048,84.5834792852402,13.4447050094604,1035.60059756041,6.9932433962822,0,0,1523.81966093183,3.15857094526291,5491.87162533402,0,54.3787871897221,0,160.182704269886,0,0.605593144893646,0,0,0,2.69637376070023,0,0,0,1.70837676525116,0,0,0,0,0,1.07585978507996,0,0,0,0,0,0,0,0,0,0
37.787171214819,0,46.3604869842529,0,70.0484374463558,0,12.1710205376148,0,12.1136972308159,0,122.104346394539,0,18.0135085582733,0,129.697619497776,0,269.507060468197,0,41.1445601582527,20.512585401535,4.54561680555344,0,0,0.824663281440735,0.680540144443512,0,6.72071397304535,0,970.22268012166,0,2.00920623540878,3.36601507663727,1.85653507709503,0.966829180717468,1.16182196140289,1.81835854053497,137.56464868784,3.77143841981888,92.7832129299641,0,331.352350711823,2.11074459552765,46.7569754719734,0,5.09525334835052,0,163.532397925854,0,41.9803268909454,0,162.410326451063,0,54.3749743700027,0,64.1069700419903,0,8.78912532329559,0,29.4382375180721,0,28.7082794606686,0,41.4507147967815,0,29.0332638025284,0,16.4188205301762,0,2.16292124986649,0,52.1401637196541,3.55462503433228,126.17713919282,0.738517343997955,15.0488654971123,9.70843148231506,47.8877662420273,0,26.2104761302471,0,1395.7077486515,0,0,0,570.898790389299,0,629.829664647579,0,22.4523803889751,0,0,0,0,0,0,0,0,0,0.585356175899506,0,0,0,0,0,0,0,0,0,0,0,0,0,0,0,0,0
0,0,0,0,0,4.05107820034027,0,0,0,1.05562114715576,0,0,0,0,0,28.5865121483803,0,0,0,0,0,78.5478773117065,0,0,0,1.01591962575912,0.641561210155487,23.7644098699093,0,143.945017427206,0,0.881958961486816,0,0,0,0,1.35361123085022,425.040125906467,0,114.136598616838,0,1893.70624563098,4.22610062360764,73.6854811906815,0,27.2365523278713,0,123.651686877012,0,44.3098967969418,0,48.323750436306,0,14.6196540296078,0,157.566082417965,0,1.05666649341583,0,10.7830449044704,0,4.84010535478592,0,5.91122663021088,0,19.8627277910709,0,20.2585479617119,0,0,0.73145991563797,12.9330664277077,9.40437459945679,539.160988748074,3.07435011863708,13.9622042775154,1.48260486125946,51.0755032300949,0,4.34576642513275,0,1523.81966093183,0,0,0,442.719375491142,0,321.978721469641,0,182.430035859346,0,0,0,0,0,1.07461249828339,0,0,0,5.62868225574493,0,0,0,0,0,0,0,0,0,0,0,0,0,0,0,0
1273.4922387898,0,9.83055347204208,0,19.5214010477066,0,74.7783373594284,0,0,0,652.317876815796,0,78.1980113983154,0,2.75406301021576,0,297.135285466909,1.02759039402008,5.01681378483772,0,2.18457269668579,0,0,0,0,0,1.0935400724411,0,541.61255222559,2.41498428583145,0,0,3.80695408582687,12.5289993882179,14.0577259361744,42.5992624759674,324.105269491673,81.1997571289539,66.711435765028,0,54.0452399551868,25.3934581279755,168.44760492444,80.3166942000389,150.842727512121,60.488144338131,591.555942624807,2.23324358463287,468.591549098492,50.6605178117752,4978.66774401069,5.66388356685638,585.005982458591,0,422.452438473701,0,675.11691057682,1.19109129905701,399.600464820862,56.7919124364853,1416.09975746274,3.20474791526794,1758.90452840924,0.41188707947731,3967.00026199222,11.6797012090683,117.552756160498,401.934639185667,0,0,124.616699725389,8.01982033252716,270.240662395954,9.70442980527878,53.2844788134098,11.8392432928085,315.008002728224,13.7046021223068,68.624383866787,0,5931.95083609223,3.15857094526291,570.898790389299,0,0,0,348.351086735725,0,5111.06876966357,0.738093137741089,5.45528909564018,0,0,0,5.80071279406548,0,1.9829443693161,0,2.95720189809799,0,0,0,0.309183180332184,0,0,0,0,0,0,1.69879508018494,0,0,0,0,0,0
0,675.895794659853,0,37.652246773243,0,2.23209464550018,0,430.326407164335,0,0.672922074794769,0,468.681997686625,0,95.1697966456413,0,0,1.06214225292206,156.48870998621,0,8.69997262954712,0,0.880929231643677,0,0,0,0,0,1.58012101054192,0,68.2393981516361,0,0,0,12.7165915966034,7.86716070771217,11.7958189547062,4.86213257908821,344.629838734865,0,62.3059284687042,3.14413332939148,139.811105906963,17.091407507658,280.732291728258,0,238.935929358006,0,282.095427423716,0,627.834375411272,0,5539.55641698837,0,432.171824276447,0,542.354212462902,1.18924856185913,100.438102215528,0,199.56130322814,2.62942481040955,758.057043582201,0,1359.65318828821,0,3586.20310151577,1.28833812475204,157.700910121202,0,0.354364395141602,7.52854806184769,95.9060094952583,7.04335868358612,549.980369657278,2.21564149856567,78.4582397341728,52.6819060742855,200.749640673399,1.09025502204895,3.62247955799103,0,5491.87162533402,0,442.719375491142,0,0,0,667.817894548178,0,7726.30763301253,0,1.87728691101074,0,0,0,3.22121196985245,0,0,0,14.7017207145691,0,0,0,0,0,0,0,0,0,0,0,0,0,0,0,0
0,0,0,0,58.9379157423973,0,0,0,0.726998090744019,0,0,0,0,0,7.82814955711365,0,0,0,0,0,3.62664002180099,0,0,0,0,0,4.87900042533875,0,403.920634776354,0,0,0,0,0,1.68335151672363,0,980.792842537165,20.8969058990479,162.230264395475,0,746.562505364418,48.8857105374336,26.2534365653992,0,1.31220543384552,0,184.73120996356,0,4.81582987308502,0,28.4645550400019,0,18.7678752839565,0,147.438750892878,0,0,0,5.75808185338974,0,12.4851124286652,0,2.4643782377243,0,7.08174121379852,0,13.2581190764904,0,0,0,56.1391778588295,25.2127600908279,102.804738640785,19.2608732581139,99.0974862873554,48.5134980082512,129.660041898489,0.643327414989471,0.740073144435883,0,31.8111471831799,0,629.829664647579,0,348.351086735725,0,0,1.46385324001312,307.870107322931,0,0,0,0,0,2.7874698638916,0,0,0,0,0,0,0,0,0,0,0,0,0,0,0,0,0,0,0,0,0
0,0,0,0,0,1.12648490071297,0,0,0,0,0,0,0,0,0,0,0,0,0,0,1.06564819812775,2.09308594465256,0,0,0,0,0,0,1.65309083461761,1.14835524559021,0,0,0,0.455513685941696,0,0.562198102474213,9.10543167591095,577.386240154505,0,228.272181093693,7.94899493455887,1048.81707078218,1.28461247682571,25.9006503522396,0,5.04960635304451,0,58.5971519351006,0,7.11248621344566,0,20.3169017136097,0,9.48645403981209,0,318.041947543621,0,0,0,2.49622076749802,0,1.56807345151901,0,5.79647469520569,0,9.12648218870163,0,5.32495719194412,0,0,6.96597480773926,24.3793745040894,16.3023574948311,16.3949217498302,14.6197972893715,13.6193998456001,0,61.5305606722832,0,0,0,54.3787871897221,0,321.978721469641,0,667.817894548178,1.46385324001312,0,0,1712.42605876923,0,0,0,0,0,0.555476307868958,0.751185476779938,0,0,0.928501129150391,0,0,0,0,0,0,0,0,0,0,0,0,0,0,0,0
286.976162493229,0,1.18660968542099,0,7.24775731563568,0,5.36088794469833,0,0.477570712566376,0,138.519165366888,0,7.96070727705956,0,1.93593460321426,0,65.4711045324802,0,0,0,0,0,0,0,0,0,0.608497142791748,0,130.147633522749,0,0,0,1.7245842218399,3.03629565238953,3.18399876356125,36.2862402796745,1091.2850831151,35.4165301322937,346.696918964386,0,137.659584462643,55.7633007764816,203.967359602451,3.9756041765213,38.6861274540424,0,861.838030397892,0,199.794152498245,0,804.726678162813,0,506.402879476547,0,1831.50063544512,0,111.984006613493,0,187.244994997978,0,184.839742928743,0,161.751215934753,0,264.240975707769,0,92.2217634320259,42.6437703967094,0,0,89.7961848676205,27.0685088634491,125.847538739443,17.4603826403618,111.29436725378,58.19313159585,263.78423383832,0.976260244846344,12.0522386431694,0,114.803894102573,0,22.4523803889751,0,5111.06876966357,0,307.870107322931,0,0,2.77620840072632,3.23601102828979,0,0,0,0.449672251939774,0,0.58181756734848,0,4.86357682943344,0,0,0,0,0,0,0,0,0,0,0,0,0,0,0,0,0
0,139.058047175407,0,10.6031894981861,0,0.432965815067291,0,116.872104495764,0,0,0,47.4978576302528,0,1.92780023813248,0,0.528952360153198,0,10.7527296841145,0,0.809690743684769,0,0,0,0,0,0,0,0,0,16.846902936697,0,0,0,3.53283986449242,3.20274311304092,5.96659311652184,2.14682903885841,1591.71175685525,0,239.560673326254,17.0652433037758,561.465261936188,20.6405039429665,239.235448122025,0.730436980724335,259.342100292444,0,368.371140360832,0,648.081344217062,0,1874.78009146452,0,1293.19392290711,0,2938.34475389123,0,37.418455272913,0,74.464172065258,0,149.440515905619,0,203.371489316225,0,354.317081779242,1.56508868932724,84.8630483746529,0,0,27.3938725590706,54.4286502301693,28.1979956626892,132.618424355984,17.5636206865311,44.573650509119,21.5685811340809,151.10417547822,0,6.16733613610268,0,160.182704269886,0,182.430035859346,0.738093137741089,7726.30763301253,0,1712.42605876923,2.77620840072632,0,0,2.00289815664291,0,0,0,0.921605616807938,0,0.457592904567719,0,19.8662916719913,0,0,0,0,0,2.01698112487793,0,0,0,0,0,0,0,0,0,0
0,0,0,0,0,0,0,0,0,0,0,0,0,0,0,0,0,0,0,0,0,0,0,0,0,0,0,0,2.47942125797272,0,0,0,0,0,0,0,77.1798337996006,17.3741551041603,112.274614036083,24.23743891716,2.93528097867966,0,96.7228856086731,0,0.794857025146484,0,524.35558283329,0.569084763526917,18.0040507912636,0,10.1916197538376,0,63.8122483491898,0,51.2082098424435,0,0,0,0,0,0,0,0,0,0,0,2.06443119049072,0,0,0,7.55272242426872,5.54350656270981,36.0212974846363,4.62216448783875,73.4538865983486,34.3332757949829,128.377978771925,134.161562204361,0,0,11.3942078053951,0,0,0,5.45528909564018,0,0,0,3.23601102828979,0,0,354.317460119724,1765.10556101799,15.8121172487736,837.1819267869,223.176516324282,2442.79879444838,43.166523963213,4121.42930421233,246.347916215658,799.553825825453,9.68761232495308,538.604627370834,162.072882652283,725.560984730721,211.230372935534,919.313992500305,64.294053375721,63.9162100553513,24.5601125955582,147.880901992321,32.831404209137,41.5745901763439,26.2208169996738,16.1709126234055,19.1526241600513
0,0,0,0,0,0,0,0,0,0,0,0,0,0,0,0,0,0,0,0,0,0,0,0,0,0,0,0,1.53884208202362,1.39406645298004,0,0,0,0,0,0,249.707568138838,36.2770099937916,719.973448693752,21.6270205974579,0,1.1184139251709,1.37217289209366,11.8820603489876,0,9.43871301412582,2.44243696331978,89.5316491127014,0,12.9708842635155,0,12.9689499139786,0,69.3877934813499,0,109.412806034088,0,0,0,0,0,0,0,0,0,0,0,0,0,0,7.40438756346703,32.9649040102959,72.6878635883331,7.28880381584167,210.892565339804,66.1391969621181,52.1561053693295,445.351569235325,0,0,0,0.605593144893646,0,0,0,1.87728691101074,0,0,0,2.00289815664291,354.317460119724,0,41.4240159094334,2457.7503618598,172.050080060959,765.454003691673,995.196390718222,305.776306837797,356.923227727413,1739.18757289648,75.4421223104,320.352146536112,135.219092309475,1424.2849342823,84.5029814243317,1837.24749904871,209.830592304468,239.76906901598,223.335464805365,221.661837726831,473.226963162422,33.228417724371,244.200976997614,27.1124115884304,454.076030433178,390.962794393301
0,0,0,0,0,0,0,0,0,0,0,0,0,0,0,0,0,0,0,0,0,0,0,0,0,0,0,0,0,0,0,0,0,0,0,0,18.7348982989788,4.96712082624435,26.3997033536434,11.3038570582867,2.39975106716156,0,0,0,0,0,1.11380398273468,3.8578262925148,0,0,0,0,0,0,0,0,0,0,0,0,0,0,0,0,0,0,0,0,0,0,3.97315233945847,3.30503389239311,13.5522622466087,0,26.9734055399895,8.46893480420113,83.750478848815,45.6635603010654,0,0,0,0,0,0,0,0,0,0,0,0,1765.10556101799,41.4240159094334,0,2.1850281059742,671.942916870117,81.1801170408726,598.927467375994,15.0260427892208,362.405087262392,23.7642914950848,1091.57207846642,0,1000.63771036267,40.9380850791931,699.054022282362,68.8061528652906,468.079808413982,35.2490033209324,43.4291486442089,25.5665590465069,80.4230777621269,32.8931255936623,57.0443769693375,75.5968447625637,10.5736421644688,8.16455334424973
0,0,0,0,0,0,0,0,0,0,0,0,0,0,0,0,0,0,0,0,0,0,0,0,0,0,0,0,0,0,0,0,0,0,0,0,34.6880994737148,11.0311068892479,98.9666877686977,5.89994275569916,0.391302406787872,0,0,0,0,0,0,0,0,0,0,0,0,0,0,0,0,0,0,0,0,0,0,0,0,0,0,0,0,0,1.61089909076691,5.44016090035439,2.36941599845886,1.50133419036865,16.7935959100723,12.9149224162102,11.6596579551697,111.657357901335,0,0,0,0,0,0,0,0,0,0,0,0,15.8121172487736,2457.7503618598,2.1850281059742,0,38.0056060552597,117.478259652853,135.78412553668,45.6678627729416,41.8472377061844,70.941572368145,4.11082410812378,442.740359246731,24.0554216504097,1008.85871475935,21.2238073647022,806.277925461531,41.6751928329468,70.6252193152905,76.4133707582951,84.2523163557053,259.448300719261,23.7897888123989,131.774509519339,60.2435283660889,181.604066431522,119.718094319105
207.729759901762,4.71308720111847,73.7694510519505,4.21829891204834,0,0,23.4837863743305,0,1.58938574790955,0,4.12593242526054,0,24.3319512307644,1.33779489994049,2.30572390556335,0.569895923137665,3.44797974824905,0,67.1676618456841,8.07026278972626,0,0,9.50816133618355,0.895025253295898,0,0,0,0,27.7256957292557,0,4.39170914888382,10.7279949188232,0.41051122546196,3.56788969039917,1.19473040103912,3.45903557538986,240.673120722175,18.1121790111065,29.5608310103416,7.4683758020401,18.6084545552731,0,2.14646762609482,0,2.5034207701683,0,16.5338724851608,0,3.03076332807541,0,9.87719878554344,0.501443922519684,0.915209352970123,0,0,0,193.062573969364,4.20147401094437,36.0979167819023,0,43.0986667573452,0,26.0413216650486,0,5.39899533987045,0,8.61445561051369,1.27753531932831,82.1580871045589,0,171.437207430601,35.7094923853874,289.203932195902,3.34036505222321,568.631303280592,27.3920621275902,626.0234092623,369.588600039482,1.37174224853516,0,9.62335395812988,0,0,0,5.80071279406548,0,2.7874698638916,0,0.449672251939774,0,837.1819267869,172.050080060959,671.942916870117,38.0056060552597,0,77.2764911055565,1513.98214325309,16.6887668669224,355.837207555771,77.0152133703232,384.869204163551,5.28192648291588,438.589933931828,71.6502944231033,679.415549919009,240.636314183474,301.111749023199,41.9410724639893,552.317514389753,746.277225643396,254.988299906254,50.1038247942924,95.4097140431404,100.40910872817,39.3031173348427,207.839598417282
3.98443686962128,19.1988109350204,0.490155756473541,7.93567657470703,0,0,2.02538394927979,4.24579921364784,0,0,0,1.8011901974678,0,1.72519513964653,0,0,0,2.30570030212402,0,10.3173904418945,0,0,0,0.472239434719086,0,0,0,0,0,0,0,0.555669546127319,0,0,1.08513104915619,1.62462937831879,54.2518871128559,91.2476619780064,153.653819441795,66.5865424871445,0.385677605867386,1.64028739929199,0,24.905032992363,0,13.4740527272224,0.588400185108185,14.9702197611332,0,10.0264867842197,0,5.29829865694046,0,1.03741705417633,0,0.846074640750885,0,14.775709271431,0,17.5011849403381,0.819372415542603,1.55646777153015,0,0,0,3.8710669875145,0,8.73609662055969,0,2.29835945367813,7.21454650163651,49.0298414826393,34.8495999872684,11.0812721252441,59.6673922240734,57.3076428174973,25.5619026124477,489.720935374498,0,0,0,2.69637376070023,0,1.07461249828339,0,3.22121196985245,0,0.555476307868958,0,0.921605616807938,223.176516324282,765.454003691673,81.1801170408726,117.478259652853,77.2764911055565,0,361.348231643438,929.752595603466,138.721200942993,1032.56598037481,107.495821684599,17.3891646564007,138.880645543337,145.080448925495,48.6945974230766,366.707908809185,90.7222258448601,137.708690315485,172.437053948641,1161.06087845564,942.931018978357,50.1229365468025,48.0796653926373,21.1901595890522,27.8817577660084,33.7255706787109
29.5231068730354,5.17115837335587,8.95859146118164,0,0,0,0.49899485707283,2.96246337890625,0,0,2.66180717945099,1.11136269569397,0,0,0,0.54449737071991,1.50536948442459,0,4.85660564899445,9.25097614526749,0,0,0.578570067882538,0,0,0,0,0,6.38414400815964,1.81759262084961,0,0,0,1.16752624511719,0.538286983966827,1.57859992980957,75.4527055323124,27.23145622015,154.512166172266,22.9236386716366,0.752292394638062,0,1.01293087005615,0.957440376281738,0,0,13.8220641613007,1.89348018169403,1.9416800737381,0.550374567508698,1.94639673829079,0,1.2966206073761,0,0.547217488288879,0,32.6939954161644,4.8986142873764,18.9098808467388,0.652438044548035,10.4204485416412,0,15.9966402947903,0,0.747710645198822,0.573809325695038,5.25497019290924,0.977441370487213,10.4782531857491,0,20.0626848638058,33.8781530857086,57.0591522753239,9.17745995521545,147.961816877127,62.1213708817959,236.66318193078,246.442281663418,0,0,2.00516247749329,0,0,0,1.9829443693161,0,0,0.751185476779938,0.58181756734848,0,2442.79879444838,995.196390718222,598.927467375994,135.78412553668,1513.98214325309,361.348231643438,0,67.4916373193264,3082.58296567202,544.187772393227,355.401565670967,60.558634698391,533.193622618914,299.232452869415,542.484630733728,319.570507645607,442.306745409966,90.3009405434132,110.094855070114,501.063607901335,1742.38288468122,311.354621618986,204.419862061739,150.086101174355,60.4345610737801,106.086376368999
0,0,0,0,0,0,0,0,0,0,0,0,0,0,0,0,0,0,0,0,0,0,0,0,0,0,0,0,0,0,0,0,0,0,0,0,10.0773494541645,2.59402766823769,31.1838169395924,4.58510053157806,0,0,0,23.9276429414749,0,18.5034699440002,0,165.832625031471,0,0,0,0,0,0.60379433631897,0,17.3052423000336,0,0,0,1.2368255853653,0,0,0,0,0,0,0,0,0,0.857485771179199,0,5.31370922923088,6.33021798729897,0.558805465698242,8.25420320034027,5.67387765645981,6.49001857638359,44.0921960175037,0,0,0,0,0,0,0,0,0,0,0,0.457592904567719,43.166523963213,305.776306837797,15.0260427892208,45.6678627729416,16.6887668669224,929.752595603466,67.4916373193264,0,48.8966723382473,1848.23368909955,19.5513181090355,8.19937533140182,26.6519076526165,57.015357196331,14.6608564257622,80.8052382171154,21.1974233388901,213.061353296041,5.84379994869232,18.2272309064865,1474.52325057983,212.023404210806,95.3758970499039,6.8551834821701,21.0630846619606,10.9824862778187
0.816453754901886,0,0,0,0,0,0,0,0,0,0,1.47800934314728,0,0,0,0,0,0,0,0,0,0,0,0,0,0,0,0,2.14709532260895,0,0,0,0,0,0,0,55.6148350536823,28.0674471259117,45.1076917648315,6.27451160550117,0.351436734199524,0,91.9549790024757,0,0.742041528224945,0,126.057700157166,3.21578255295753,6.32061678171158,0,11.9472441673279,0,18.4540030360222,0,57.9969928860664,0,1.59076619148254,0,0,0,0,0,0,0,0,0,1.56525361537933,0,0,0,2.51910310983658,7.52516093850136,22.6927486360073,1.14755129814148,54.3468404114246,21.083255469799,38.96045383811,100.292852789164,0,0,1.17424249649048,0,0.585356175899506,0,2.95720189809799,0,0,0,4.86357682943344,0,4121.42930421233,356.923227727413,362.405087262392,41.8472377061844,355.837207555771,138.721200942993,3082.58296567202,48.8966723382473,0,202.599088072777,143.837575733662,27.3742701113224,163.159948855639,188.353652089834,408.92152389884,166.69142600894,440.645310729742,46.0096644461155,27.1125138700008,29.3479363322258,274.342534720898,393.721439570189,155.228741317987,410.84245300293,15.9498220980167,17.3756905198097
0,0,0,0,0,0,0,0,0,0,0,0,0,0,0,0,0,0,0,0,0,0,0,0,0,0,0,0,0,6.03609639406204,0,0,0,0,0,1.8746885061264,120.769159257412,63.682135373354,281.430069714785,30.5386654734612,0,15.1119210124016,69.9737750291824,99.8146091103554,0,14.0614882111549,0,664.870571017265,0,14.0335976481438,0,6.25948441028595,0,66.8370735645294,0,384.100519061089,0,0,0,0,0,0,0,0,0,0,0,1.07529366016388,0,1.59111261367798,0,23.6631123423576,31.730257332325,24.8876319229603,97.9837664067745,25.908679574728,20.2472631931305,181.531921625137,0,0,0,1.70837676525116,0,5.62868225574493,0,14.7017207145691,0,0.928501129150391,0,19.8662916719913,246.347916215658,1739.18757289648,23.7642914950848,70.941572368145,77.0152133703232,1032.56598037481,544.187772393227,1848.23368909955,202.599088072777,0,48.0256044566631,35.3938404619694,65.5743469297886,258.419322431087,34.1590142846107,211.40019479394,107.315873593092,318.354448676109,15.0021021962166,26.6732617020607,528.565155982971,473.768540680408,241.845683246851,1.64059892296791,26.7173555493355,10.2656024098396
0,0,0,0,0,0,0,0,0,0,0,0,0,0,0,0,0,0,0,0,0,0,0,0,0,0,0,0,0.420072674751282,0,0,0,0,0,0,0,29.9371753334999,16.8593489527702,39.2533899843693,14.473561167717,2.26970383524895,0,0,0,0,0,0,3.49372118711472,0,0,0,0,0,0,0,0,0,0,0,0,0,0,0,0,0,0,0,0,0,0,2.30057525634766,0.736785233020782,4.05075889825821,2.18323945999146,18.5009907186031,10.6945103406906,55.478221476078,57.680528819561,0,0,0,0,0,0,0,0,0,0,0,0,799.553825825453,75.4421223104,1091.57207846642,4.11082410812378,384.869204163551,107.495821684599,355.401565670967,19.5513181090355,143.837575733662,48.0256044566631,0,6.51160979270935,2237.0597820282,66.6116558015347,687.944758534431,72.8027908802032,571.969578325748,22.7350811362267,30.7779497206211,15.2421600222588,75.5243844985962,16.1578985452652,38.054006844759,52.1180912852287,12.0179108083248,6.41249445080757
0,0,0,0,0,0,0,0,0,0,0,0,0,0,0,0,0,0,0,0,0,0,0,0,0,0,0,0,0,0,0,0,0,0,0,0,12.0916465520859,8.39710015058517,47.5402770340443,0.453424155712128,0,0,0,0,0,0,0.673523366451263,1.90984305739403,0,0,0,0,0,0,0,0,0,0,0,0,0,0,0,0,0,0,0,0,0,0,0.438628137111664,1.35885083675385,1.52914696931839,2.47532820701599,6.76078343391418,8.17761832475662,4.37065845727921,24.8457989096642,0,0,0,0,0,0,0,0,0,0,0,0,9.68761232495308,320.352146536112,0,442.740359246731,5.28192648291588,17.3891646564007,60.558634698391,8.19937533140182,27.3742701113224,35.3938404619694,6.51160979270935,0,9.86417198181152,1122.46831843257,8.72875186800957,325.229753434658,24.7153964936733,32.8894879519939,17.5786131024361,23.2655526101589,14.3189879655838,0.680280447006226,4.32905843853951,14.9371770322323,28.0342429876328,30.6239015161991
0,0,0.980034232139587,0,0,0,0,0,0,0,1.09636342525482,0,0,0,0,0,0,0,0,0,0,0,0,0,0,0,0,0,0.991059601306915,0,0,0,0,0,0,0,36.4604988098145,7.16335055232048,38.1306084692478,13.5543116033077,2.10727354884148,0,0,0,0,0,0,2.22933679819107,0,0,0,0,0,0,0,0,0.492159575223923,0,0,0,0,0,0,0,0,0,0,0,0,0,12.1509561538696,1.98157072067261,21.5939725041389,2.31063657999039,47.7423717081547,21.6708596646786,98.4102716296911,104.71213939786,0,0,0,0,0,0,0.309183180332184,0,0,0,0,0,538.604627370834,135.219092309475,1000.63771036267,24.0554216504097,438.589933931828,138.880645543337,533.193622618914,26.6519076526165,163.159948855639,65.5743469297886,2237.0597820282,9.86417198181152,0,182.107162207365,5345.8383898735,134.823469221592,1040.76348882914,33.376284122467,52.8067642450333,137.369735985994,408.950500756502,112.353034645319,99.3516742885113,906.25767326355,801.594722151756,21.1921619176865
0,0,0,0,0,0,0,0,0,0,0,0,0,0,0,0,0,0,0,0,0,0,0,0,0,0,0,0,0,2.24169850349426,0,0,0,0,0,0,51.0350935459137,40.7692221999168,116.985524296761,11.4131166338921,1.41153353452682,0,0,0,0,0,0,2.09856957197189,0,0,0,0,0,0,0,0,0,0,0,0,0,0,0,0,0,0,0,0,0,0,3.07677692174911,28.1531678438187,27.0683638751507,3.90496128797531,60.7572207152843,50.1418032348156,21.5222640037537,201.190072208643,0,0,0,0,0,0,0,0,0,0,0,0,162.072882652283,1424.2849342823,40.9380850791931,1008.85871475935,71.6502944231033,145.080448925495,299.232452869415,57.015357196331,188.353652089834,258.419322431087,66.6116558015347,1122.46831843257,182.107162207365,0,119.036772459745,6451.10545825958,155.849271267653,325.405481100082,87.8064175844193,120.190355539322,291.322955846786,25.2136741876602,90.1705403625965,410.241234958172,315.241012692451,129.306045889854
7.47395560145378,0,1.35930582880974,0,0,0,1.03414869308472,0,0,0,0,0,0,0,0.434816539287567,0,0,0,3.19192251563072,0,0,0,0,0,0,0,0,0,1.30883604288101,0,0,0.965554356575012,0,0,0,0,54.6796417236328,7.3193216919899,13.2387301027775,7.10726970434189,9.8413337469101,0,0,0,0,0,1.51182940602303,2.67319923639297,0,0,0,0,0,0,0,0,4.91639739274979,0,0,0,0,0,0,0,0,0,0,0,0,0,21.2715021967888,1.235625654459,49.6567124128342,1.53753352165222,98.8657070696354,5.19344228506088,256.074883133173,104.640910118818,0,0,0,0,0,0,0,0,0,0,0,0,725.560984730721,84.5029814243317,699.054022282362,21.2238073647022,679.415549919009,48.6945974230766,542.484630733728,14.6608564257622,408.92152389884,34.1590142846107,687.944758534431,8.72875186800957,5345.8383898735,119.036772459745,0,1619.54911479354,507.737009823322,17.1438855528831,132.963164359331,87.3665391802788,205.909303128719,37.5504587292671,50.8212777376175,171.822919219732,2014.43671056628,227.147784501314
0.515953540802002,0,0,0,0,0,0,0,0,0,0,1.08445531129837,0,0.442180871963501,0,0,0,0,0.666576385498047,0,0,0,0,0,0,0,0,0,0.627204120159149,2.63758993148804,0,0,0,2.28854513168335,0,0,60.3550856113434,32.5671757161617,54.9857043623924,11.2308683991432,3.50818610191345,1.82351642847061,0,3.0449640750885,0,0,1.35680767893791,4.07523402571678,0,1.34780716896057,0,0,0,0,0,0.960912823677063,0.469843029975891,2.35018280148506,0,0,0,0,0,0,0,0,0,1.04705846309662,0,0,12.8452737927437,43.6126299798489,38.41781899333,9.69608217477798,57.076921582222,53.2768801450729,116.123021155596,493.285183995962,0,0,0,1.07585978507996,0,0,0,0,0,0,0,2.01698112487793,211.230372935534,1837.24749904871,68.8061528652906,806.277925461531,240.636314183474,366.707908809185,319.570507645607,80.8052382171154,166.69142600894,211.40019479394,72.8027908802032,325.229753434658,134.823469221592,6451.10545825958,1619.54911479354,0,122.744612559676,640.908173322678,343.611801505089,217.193760067225,452.192942082882,49.6053069233894,199.366020232439,281.78721165657,1399.78583559394,498.574552536011
18.963058501482,0,0,0,0,0,1.77995586395264,0,0,0,0,1.76090002059937,0,0,0,0,0,0,1.08891621232033,0,0,0,0,0,0,0,0,0,0.5408656001091,0,0,0,0,0,0,0,35.6344933509827,19.7531866431236,32.636408239603,11.32017993927,3.03604805469513,0,0,0,0,0,0,1.2379350066185,0,0,0,0,0,0,0,0,10.4412120580673,0,1.45744103193283,0,0.996514916419983,0,0,0,0,0,0,0,0.624061465263367,0,10.848906993866,13.8073496818542,18.1168932914734,0.364448308944702,62.4400535821915,17.1681918501854,88.5573359280825,121.847458571196,0,0,0,0,0,0,0,0,0,0,0,0,919.313992500305,209.830592304468,468.079808413982,41.6751928329468,301.111749023199,90.7222258448601,442.306745409966,21.1974233388901,440.645310729742,107.315873593092,571.969578325748,24.7153964936733,1040.76348882914,155.849271267653,507.737009823322,122.744612559676,0,37.6811701953411,43.2959676086903,31.740993052721,109.613165259361,19.945856064558,19.5044150352478,27.8991610705853,12.9497355818748,21.0634017288685
0,0.462168097496033,0,0,0,0,0,0,0,0,0,0,0,0,0,0,0,0.686098217964172,0,0.74377053976059,0,0,0,0,0,0,0,0,0.475981831550598,0,0,0,0,0.390591144561768,0,0,23.3430840671062,10.6761066913605,18.5537162721157,6.03971475362778,0.329732894897461,0,0,0,0,0,0.793041944503784,1.44008341431618,0,0,0,0,0,0,0,0,0,0,0,0,0,0,0,0,0,0,0,0,0,0,4.96393895149231,13.9260414242744,14.9731005132198,0,26.3922464847565,14.6899573504925,18.1763650476933,115.20995849371,0,0,0,0,0,0,0,0,0,0,0,0,64.294053375721,239.76906901598,35.2490033209324,70.6252193152905,41.9410724639893,137.708690315485,90.3009405434132,213.061353296041,46.0096644461155,318.354448676109,22.7350811362267,32.8894879519939,33.376284122467,325.405481100082,17.1438855528831,640.908173322678,37.6811701953411,0,31.983139872551,30.5012693703175,57.5230827927589,11.3811075687408,11.2329037487507,6.71353805065155,12.1443130373955,22.7140727937222
34.8353517651558,7.09377610683441,22.8271218836308,10.0467223823071,0,0,7.14094930887222,5.15427875518799,1.05952903628349,0.624983131885529,2.82197165489197,1.8237025141716,3.16168224811554,1.67739790678024,1.14249497652054,1.55902421474457,0,0,11.9613910913467,11.42109811306,0,0,1.92406690120697,0.539213597774506,0,0,0,0,1.93831789493561,0,0,2.55284088850021,0,0,0,0,39.1857545673847,0,3.24217501282692,0,8.33230194449425,0,0,0,0,0,8.30382186174393,0.552599489688873,0,0,0,0,0,0,0,0,5.8022176027298,2.39661991596222,0,0,0,0,1.20218539237976,0,0,0,0,0,3.9487464427948,1.32354485988617,61.8995015323162,49.71490457654,58.9901620745659,2.58490610122681,96.1252822875977,27.7473957836628,267.950132966042,635.480629593134,0,0,0,0,0,0,0,0,0,0,0,0,63.9162100553513,223.335464805365,43.4291486442089,76.4133707582951,552.317514389753,172.437053948641,110.094855070114,5.84379994869232,27.1125138700008,15.0021021962166,30.7779497206211,17.5786131024361,52.8067642450333,87.8064175844193,132.963164359331,343.611801505089,43.2959676086903,31.983139872551,0,378.999740868807,271.735598474741,27.6217301487923,60.2589481472969,150.75696644187,90.3343044519424,396.829809635878
18.4803276062012,15.3348779678345,7.37647175788879,7.13728874921799,0,0,2.31585475802422,3.57427036762238,0,0,0,0,1.72159826755524,0.605688273906708,0,0.623885095119476,0,2.23936480283737,4.46794798970222,6.10137045383453,0,0,0.476903885602951,1.50438904762268,0,0,0,0,1.93522441387177,3.5027881860733,0,2.1559042930603,0,0,0,3.19386672973633,26.0892646610737,55.2242161631584,2.48399117588997,0,0.937458872795105,1.05147778987885,0,14.3215875029564,0,6.25408315658569,9.98517841100693,9.44617322087288,2.32538175582886,11.0951397418976,1.54985797405243,1.15562862157822,0,0,0,3.01593339443207,25.0404946804047,13.4054680466652,5.05451846122742,12.0570571422577,5.17911911010742,0,4.23019593954086,0,0.542606353759766,1.56796395778656,2.17022210359573,2.92211908102036,8.74727433919907,5.98019564151764,15.3112364709377,40.3319202959538,22.1662158966064,5.11298835277557,26.0946070551872,32.0665799081326,292.65995156765,854.917659193277,0,0,4.21529912948608,0,0,0,1.69879508018494,0,0,0,0,0,24.5601125955582,221.661837726831,25.5665590465069,84.2523163557053,746.277225643396,1161.06087845564,501.063607901335,18.2272309064865,29.3479363322258,26.6732617020607,15.2421600222588,23.2655526101589,137.369735985994,120.190355539322,87.3665391802788,217.193760067225,31.740993052721,30.5012693703175,378.999740868807,0,808.136765122414,50.0432778596878,122.779840767384,161.489067524672,129.527018457651,257.706963837147
0.923508644104004,0,0,0,0,0,0,0,0,0,0,0,0,0,0,0,0,0,0,0,0,0,0,0,0,0,0,0,0,0,0,0.486962020397186,0,1.23774302005768,0,0,22.9575193822384,15.0967307090759,35.5534585118294,7.23807513713837,0.371870845556259,1.31096887588501,0,1.09096300601959,0,0,2.50915515422821,2.90352666378021,0,1.2337681055069,0,0,0,0,0,1.18815565109253,0,0,0,0,0,0,0,0,0,0,2.8370726108551,0,0,0,1.23270452022552,8.35365012288094,10.0124301612377,1.57475307583809,29.589668482542,22.2963842749596,31.621485799551,120.30481415987,0,0,0,0,0,0,0,0,0,0,0,0,147.880901992321,473.226963162422,80.4230777621269,259.448300719261,254.988299906254,942.931018978357,1742.38288468122,1474.52325057983,274.342534720898,528.565155982971,75.5243844985962,14.3189879655838,408.950500756502,291.322955846786,205.909303128719,452.192942082882,109.613165259361,57.5230827927589,271.735598474741,808.136765122414,0,603.083718597889,549.25681501627,803.470602929592,461.764488905668,275.467460691929
0,0,0,0,0,0,0,0,0,0,0,0,0,0,0,0,0,0,0,0,0,0,0,0,0,0,0,0,0,0,0,0,0,0,0,0,2.93558359146118,4.06129693984985,8.49823582172394,2.75533175468445,0,0,0,0,0,0,0,2.63972079753876,0,0,0,0,0,0,0,0,0,0,0,0,0,0,0,0,0,0,0,0,0,0,1.04851388931274,3.90942212939262,5.51042774319649,0,8.60122579336166,3.65954452753067,9.35985141992569,28.0321668386459,0,0,0,0,0,0,0,0,0,0,0,0,32.831404209137,33.228417724371,32.8931255936623,23.7897888123989,50.1038247942924,50.1229365468025,311.354621618986,212.023404210806,393.721439570189,473.768540680408,16.1578985452652,0.680280447006226,112.353034645319,25.2136741876602,37.5504587292671,49.6053069233894,19.945856064558,11.3811075687408,27.6217301487923,50.0432778596878,603.083718597889,0,251.393495023251,329.901737332344,54.0622161328793,32.9143701195717
0,0,0,0,0,0,0,0,0,0,0,0,0,0,0,0,0,0,0,0,0,0,0,0,0,0,0,0,0,0,0,0,0,0,0,0,4.37293645739555,0.709396243095398,7.27226802706718,3.0771518945694,0,0,0,0,0,0,1.63048216700554,0,0,0,0,0,0,0,0,0,0,0,0,0,0,0,0,0,0,0,0,0,0,0,0.540979206562042,8.7160739004612,1.62698167562485,1.11701667308807,16.4631390869617,1.6131563782692,15.1612156033516,45.4266803860664,0,0,0,0,0,0,0,0,0,0,0,0,41.5745901763439,244.200976997614,57.0443769693375,131.774509519339,95.4097140431404,48.0796653926373,204.419862061739,95.3758970499039,155.228741317987,241.845683246851,38.054006844759,4.32905843853951,99.3516742885113,90.1705403625965,50.8212777376175,199.366020232439,19.5044150352478,11.2329037487507,60.2589481472969,122.779840767384,549.25681501627,251.393495023251,0,294.55401301384,109.831514686346,76.4702163338661
0.543524920940399,0,0,0,0,0,0,0,0,0,0,0,0,0,0,0,0,0,0,0,0,0,0,0,0,0,0,0,0,0,0,0,0,0,0,0,1.23767077922821,0.449305921792984,0,0,0.451631247997284,0,0,0,0,0,0.686025559902191,0,0,0,0,0,0,0,0,0,0,0,0,0,0,0,0,0,0,0,0,0,0,0,1.31718248128891,1.40460249781609,0,0,5.94858434796333,1.85927176475525,23.4935758411884,22.938206166029,0,0,0,0,0,0,0,0,0,0,0,0,26.2208169996738,27.1124115884304,75.5968447625637,60.2435283660889,100.40910872817,21.1901595890522,150.086101174355,6.8551834821701,410.84245300293,1.64059892296791,52.1180912852287,14.9371770322323,906.25767326355,410.241234958172,171.822919219732,281.78721165657,27.8991610705853,6.71353805065155,150.75696644187,161.489067524672,803.470602929592,329.901737332344,294.55401301384,0,928.672831475735,147.437549799681
0,1.05743026733398,0,0,0,0,0,0,0,0,0,0,0,0,0,0,0,0,0,0,0,0,0,0,0,0,0,0,0,0,0,0.641644299030304,0,0,0,0,1.96568447351456,0.479830771684647,2.73383823037148,0,0.441249370574951,0,0,0,0,0,0,0,0,0,0,0,0,0,0,0,0,0,0,0,0,0,0,0,0,0,0,0,0,0,1.46685576438904,3.79529052972794,2.40625458955765,0,4.50937780737877,4.66971188783646,12.2494311928749,47.1221444308758,0,0,0,0,0,0,0,0,0,0,0,0,16.1709126234055,454.076030433178,10.5736421644688,181.604066431522,39.3031173348427,27.8817577660084,60.4345610737801,21.0630846619606,15.9498220980167,26.7173555493355,12.0179108083248,28.0342429876328,801.594722151756,315.241012692451,2014.43671056628,1399.78583559394,12.9497355818748,12.1443130373955,90.3343044519424,129.527018457651,461.764488905668,54.0622161328793,109.831514686346,928.672831475735,0,641.939423382282
2.98735418915749,0,3.54964658617973,2.03938910365105,0,0,1.25777065753937,0.522469699382782,0,0,0,1.39481365680695,0.660907506942749,0.545227468013763,0,0,0,0,2.32522082328796,4.5209869146347,0,0,0,0,0,0,0,0,0,0,0.811741232872009,0,0,0,0,0,10.9481318593025,2.43977025151253,4.39817005395889,0.474148362874985,3.11592620611191,0,0,0,0,0,0.482783317565918,0,0,0,0,0.736333191394806,0,0,0,0,1.09862574934959,1.76690256595612,0.671190619468689,0,0,0,0,0,0,0,0,0,0,0,14.6998786628246,10.6977092623711,12.5302256941795,2.88060012459755,32.9631070196629,11.2362621128559,66.8004978299141,129.671925067902,0,0,0,0,0,0,0,0,0,0,0,0,19.1526241600513,390.962794393301,8.16455334424973,119.718094319105,207.839598417282,33.7255706787109,106.086376368999,10.9824862778187,17.3756905198097,10.2656024098396,6.41249445080757,30.6239015161991,21.1921619176865,129.306045889854,227.147784501314,498.574552536011,21.0634017288685,22.7140727937222,396.829809635878,257.706963837147,275.467460691929,32.9143701195717,76.4702163338661,147.437549799681,641.939423382282,0
