0,7.99596852064133,2150.17787760496,9.94548845291138,0,0,5138.31057056785,22.664083302021,17.9076031148434,0,3727.12397357821,0.9083012342453,846.73684695363,0,36.8882171809673,0,915.062228769064,0,1319.80310472846,303.198414295912,0,0,11.8421456813812,0,0,0,0,0,852.675191909075,0,2.30087077617645,1.98263883590698,50.3560843169689,62.6616249084473,0,0,331.861062884331,0,27.7389330267906,0,0,0,0,0,0,0,5.10240763425827,0,1.19034242630005,0,264.751392632723,0,28.8387191295624,0,14.4772342443466,0,12426.9750784636,0.629211723804474,457.862296521664,0.733356535434723,659.370013713837,0,105.462614953518,0,448.594423174858,0,277.241087734699,0,1820.70763558149,5.26965653896332,1454.00066184998,13.6226316392422,2035.73004263639,4.17149716615677,805.818700760603,0,3053.16052493453,8.65644949674606,24.4715097248554,0,196.963499844074,0,46.8053263425827,0,1286.18347033858,0,0,0,893.533856034279,0,0,0,0,0,88.4452166855335,1.09861946105957,2.75674897432327,0,0,0,0,0,0,0,0,0,0,0,1.97615259885788,2.53300225734711,0,0,0,0,0,0
7.99596852064133,0,7.10362756252289,5286.84260505438,0,1.17702820897102,0.679084360599518,4389.4888189286,0,22.5058552622795,0,2303.84783884883,0,357.6015227139,0,34.4280627369881,0,1447.88957369328,229.685959070921,1598.13919728994,0,0,0,9.44412833452225,0,0,0,0,7.10288089513779,98.5706525743008,3.58225435018539,3.6426437497139,116.077513277531,47.4553715884686,1.56308960914612,0,1.72837197780609,80.0924857854843,0,30.4743466973305,0,0,0,0,0,0,0,16.2121455073357,0,4.09168779850006,0,172.32193043828,0,0,0,0,2.39576116204262,11943.0822777748,0,656.287247031927,0,283.765401929617,0,121.070165574551,0,811.339061975479,13.9559823870659,95.3900680541992,96.8002407550812,1906.96199727058,40.6033868789673,1853.77486157417,13.3146396875381,2474.75858804584,6.84027659893036,547.729299336672,26.8148161768913,3460.34604427218,0,11.7781472206116,0,38.3072908818722,0,0,0,617.065863013268,0,0,0,154.566389560699,0,0,0,0,0,114.363237798214,0,0,0,0,0,0,0,0,0,0,0,0,0.743885815143585,4.85032314062119,0,0,0,0,0,0
2150.17787760496,7.10362756252289,0,383.399481117725,900.000182449818,104.514846920967,8779.08520165086,400.605903655291,275.592019319534,15.9587786197662,629.626712471247,24.6509814858437,1047.24440175295,52.6916115581989,341.668456584215,6.74430683255196,119.140567630529,0,3005.42870432138,348.958000361919,2.53166455030441,0,3351.61834898591,683.990157812834,394.087452411652,89.7634042799473,24.4885053932667,21.4470787644386,801.509540349245,11.5318119525909,113.531146705151,295.377403408289,91.5215388536453,137.730910986662,4.67722854018211,0,56.0817903876305,0,0,0,6.031285405159,0,0.698721647262573,0,0.746186017990112,0,9.32745987176895,0,0,0,29.1514271497726,0,0,0,1.11441338062286,0,199.904582321644,0.723311543464661,109.560405045748,0,36.2010836005211,0,0,0,28.941357254982,0,200.56976634264,0,372.002204149961,0,1638.65911397338,267.372257322073,1454.19230872393,119.420412093401,393.654904901981,19.4405913949013,1218.16111433506,30.8316650688648,0.834230959415436,0,8.58866900205612,0,78.659041672945,0,40.7836465239525,0,19.8166843652725,0,6.51663643121719,0,0,0,0,0,6.02406942844391,0,0,0,0,0,0,0,0,0,0.552771091461182,0,1.1749871969223,0,0,0,0,0,0,0,0,0
9.94548845291138,5286.84260505438,383.399481117725,0,42.5394682884216,1100.7176297307,273.140598982573,13763.0441970229,15.5863099694252,357.517560482025,7.98137521743774,1125.8907186985,27.5630898475647,1357.8195617795,1.62565076351166,515.727271825075,0,291.627142608166,431.72264406085,2596.67947417498,1.0871125459671,1.44243150949478,592.414390087128,2818.57357996702,11.486474275589,37.4886008799076,2.30750352144241,3.44307661056519,56.5302714109421,184.982678875327,188.55521351099,232.841332674026,89.0816085934639,141.091269612312,0,3.7727187871933,0,46.1763976216316,0,4.19717943668365,0,4.85133504867554,0,0,0,1.53553187847137,0,2.72167831659317,0,2.55850201845169,0,4.95935940742493,0,0,0,0,0.899775207042694,553.273109614849,0,98.1747922301292,0,8.29415929317474,0,18.7609335780144,0,26.4868959784508,0,325.236853599548,16.91762393713,219.995783597231,258.147947221994,1598.26037816703,111.521318495274,1985.05722349882,13.0760787725449,748.960905343294,19.2074345946312,2254.43337695301,0,1.81336551904678,0,2.16301673650742,1.74205088615417,0,0,27.5530750155449,0,0.406779259443283,0,3.40034782886505,0,0,0,0,0,16.0788662731647,0,0,0,0,0,0,0,0,0,0,0,1.62201464176178,6.45983237028122,1.30538558959961,0,0,0,0,0,0
0,0,900.000182449818,42.5394682884216,0,123.259911566973,689.857863754034,19.7330030202866,2390.60902783275,12.0995433330536,4.08483347296715,0,20.5297232568264,0,1517.88841426373,0,0.640087902545929,0,8.46367013454437,0,174.269353836775,25.3981157541275,252.934511721134,207.71347412467,291.625837653875,339.579779654741,620.901152849197,128.620446830988,424.052181750536,0,134.243759125471,128.56267490983,9.59969767928123,5.2140599489212,0.775617718696594,0,67.5187494158745,0,2.43564414978027,0,127.698338925838,2.01321572065353,0,0,1.46698594093323,0,1.26860707998276,0,0,0,5.44471311569214,0,1.50148475170135,0,4.53254860639572,0,0,0,0,0,0,0,0,0,0,0,2.65841335058212,0,0,0,1349.09605488181,86.7259834110737,1463.37778937817,10.244714140892,150.180666446686,0,233.36472505331,0,0,0,8.01360467076302,0,100.330534160137,0,74.0922049880028,0,144.055042475462,0,54.6977756619453,0,0,0,0,0,0,0,0,0,0,0,0,0,0,0,0,0,0,0,0,0,0,0,0,0,0,0
0,1.17702820897102,104.514846920967,1100.7176297307,123.259911566973,0,27.3750465512276,268.670601516962,13.8652244210243,2062.39210957289,0,13.6144303381443,0,18.7498538196087,6.15115761756897,1575.06120073795,0,4.21146142482758,0,14.377543643117,11.1426820755005,234.748661726713,262.792142689228,482.563882142305,124.422043412924,334.124124318361,77.0935682654381,979.118768543005,3.73117923736572,171.338810443878,144.464823782444,82.1175268292427,0,10.1487811505795,0,0,0,60.1021218895912,0,5.72835004329681,0.610485076904297,396.256728947163,0,1.94626119732857,0,0,0,4.89455258846283,0,0,0,0,0,0,0,4.43861725926399,0,0,0,0,0,0,0,0,0,0,0,0.853375792503357,0,0,202.15501049161,1611.84556685388,24.228998541832,1610.19992524385,0,221.393553346395,1.67150491476059,259.648029744625,0,0,0,5.00418218970299,0,357.290669769049,0,71.3524785935879,0,121.914313226938,0,17.6516961455345,0,0,0,0,0,0,0,0,0,0,0,0,0,0,0,0,0,0,0,0,0,0,0,0,0,0
5138.31057056785,0.679084360599518,8779.08520165086,273.140598982573,689.857863754034,27.3750465512276,0,541.31939125061,1092.50659221411,2.36855524778366,1736.70898535848,37.5095281302929,3850.26741039753,56.4633594155312,489.886533796787,2.02898609638214,114.839582502842,0,1325.85868763924,337.502655059099,2.59359967708588,0,330.400427281857,379.56360822916,2.23648029565811,17.7690092921257,0.403970181941986,0,492.786627352238,13.8784203827381,32.1007169485092,113.61144310236,23.654117166996,129.927590072155,0,0,35.1413192749023,0,0.982350170612335,0,4.706638276577,0,0,0,0,0,1.79331094026566,0,0,0,233.56543803215,0,0,0,0,0,209.986849546432,0,259.694197297096,0,167.724289298058,0,3.98271262645721,0,179.243895709515,0,140.102241754532,0,67.4768414795399,0,2317.48800396919,220.245445758104,964.215084969997,111.059561401606,247.430971562862,31.3776910305023,999.032405227423,21.8915702104568,0.958808898925781,0,14.9855845570564,0,82.8786579668522,0,112.376518249512,0,8.69029504060745,0,16.6095732450485,0,0,0,0,0,8.22422164678574,0,0,0,0,0,0,0,0,0,0,0,0,0,1.21263229846954,0,0,0,0,0,0,0
22.664083302021,4389.4888189286,400.605903655291,13763.0441970229,19.7330030202866,268.670601516962,541.31939125061,0,4.26269912719727,687.057352155447,23.9293501973152,3531.6106607914,130.57848790288,5876.5037651062,3.40981018543243,553.917786836624,1.03182101249695,102.530524581671,970.469712555408,1033.94194692373,0,0,696.826496422291,613.609133958817,0,5.19065260887146,0,0.288818329572678,48.0020816028118,130.328147917986,89.1583635509014,142.273369163275,124.879003107548,94.9975258111954,0,2.30946928262711,0,26.6170297563076,0,0,0,0,0,5.51943957805634,0,0,0,0.534860372543335,0,28.3953801691532,0,436.219321876764,0,0,0,0,0,723.527552396059,0,451.382574498653,0,77.6239322423935,0,36.7737294137478,0,850.208072692156,1.66752398014069,97.8264092803001,6.08529955148697,24.0580313801765,407.08835464716,2620.44626587629,170.084777504206,1100.88930715621,27.4420416355133,404.540235579014,17.3447726368904,1538.79503333569,0,0,0,14.8415798246861,0,0,0,593.1545573771,0,0,0,42.8826695084572,0,0,0,0,0,9.14678674936295,0,0,0,0,0,0,0,0,0,0,0,0,5.90692460536957,3.1053706407547,0,0,0,0,0,0
17.9076031148434,0,275.592019319534,15.5863099694252,2390.60902783275,13.8652244210243,1092.50659221411,4.26269912719727,0,1.22565376758575,21.3804189562798,0,421.874344140291,0,3232.59004455805,0,2.64087691903114,0,33.956890463829,0,25.7673099339008,0.740461528301239,99.3835707604885,44.7271882295609,35.2743490636349,31.4687877893448,68.8402961492538,26.2592990994453,376.905212640762,0,20.7402824163437,35.1227461695671,6.56303721666336,2.28228580951691,0,0,28.0835730731487,0,1.50174272060394,0,33.53376942873,0,0,0,0,0,3.52536699175835,0,0,0,0,0,0,0,0.62468284368515,0,0,0,0,0,0,0,0,0,0,0,0,0,0,0,789.692820265889,23.081524014473,1210.36734604836,3.40824729204178,175.568837910891,0,334.732750415802,0,0,0,11.2905605435371,0,69.9313018023968,0,84.1361550986767,0,119.770983487368,0,46.0867401659489,0,0,0,0,0,2.17502552270889,0,0,0,0,0,0,0,0,0,0,0,0,0,0.986608326435089,0.584241211414337,0,0,0,0,0,0
0,22.5058552622795,15.9587786197662,357.517560482025,12.0995433330536,2062.39210957289,2.36855524778366,687.057352155447,1.22565376758575,0,0,32.0226854681969,0,133.860904961824,1.43348050117493,2718.27662587166,0,10.1025526821613,0,54.176904797554,1.18512117862701,20.7423446178436,42.8304930925369,70.8788474500179,11.4655823111534,19.9854197800159,1.39127227663994,90.4453933238983,0,205.498456180096,15.2768012285233,18.7710731625557,0,6.64490187168121,0,0,0,25.7701298594475,0,0.793162524700165,0.854942202568054,175.887692391872,0,0,0,0,0,0,0,0,0,0,0,0,0,3.15101087093353,0,5.42178642749786,0,0,0,0,0,0,0,0,0,0,0,0,32.0611913502216,1185.83604086936,0.95110148191452,1913.81854775548,0.646657347679138,300.313302904367,1.12107050418854,341.01843392849,0,0,0,5.48460432887077,0,45.5389485657215,0,14.8206458389759,0,35.4505708515644,0,10.5742566287518,0,0,0,0,0,0.877888798713684,0,0,0,0,0,0,0,0,0,0,0,0,1.0572555065155,0,0,0,0,0,0,0
3727.12397357821,0,629.626712471247,7.98137521743774,4.08483347296715,0,1736.70898535848,23.9293501973152,21.3804189562798,0,0,1.88953626155853,1792.9290316999,1.33117914199829,114.592776924372,0,558.091220110655,0,874.583728820086,82.4017546772957,0,0,51.8918183147907,7.04078608751297,0,0,0,0,798.697673976421,0,11.0425414144993,21.4656366705894,23.9271245598793,25.9298056960106,0,0,10.9865450263023,0,0,0,0.865461945533752,0,0,0,0,0,0,0,0,0,10.3743227124214,0,4.07602977752686,0,0,0,233.891712576151,0,20.6133382618427,0,187.386861741543,0,113.494978547096,0,38.6854301691055,0,12.4330642223358,0,41.7780464887619,0,351.885486423969,19.6448992490768,165.250857144594,0,26.3831874728203,2.0095272064209,135.998399049044,0,8.44331884384155,0,241.147183477879,0,131.64933860302,0,384.020398706198,0,0,0,73.5903966128826,0,0,0,0,0,1.15806722640991,0,0,0,0,0,0,0,0,0,0,0,0,0,0,0,0,0,0,0,0,0
0.9083012342453,2303.84783884883,24.6509814858437,1125.8907186985,0,13.6144303381443,37.5095281302929,3531.6106607914,0,32.0226854681969,1.88953626155853,0,6.13406801223755,4346.22266632318,0,303.111849218607,0,398.103289484978,76.9449700415134,1156.14047327638,0,0,25.2955715060234,88.8443938195705,0,0.413290113210678,0,0.400403797626495,1.46480762958527,777.406528651714,12.0077008008957,16.0798823833466,25.9426949322224,74.5366277098656,0,0.897815465927124,0,11.7276594638824,0,0,0,0,0,0,0,0,0,0,0,1.37873911857605,0,25.0179561972618,0,1.24542689323425,0,0,0,326.204436540604,0,220.431098788977,0,366.805646419525,0,265.760086834431,0,303.205731123686,0,34.9000140428543,1.12249648571014,10.9640357494354,26.2358033955097,455.130324751139,5.61986380815506,571.549933105707,0,62.2641294598579,3.90387508273125,226.549693584442,0,3.05525726079941,0,72.0857540369034,0,0,0,482.091439515352,0,0,0,34.4678834676743,0,0,0,0,0,1.1580628156662,0,0,0,0,0,0,0,0,0,0,0,0,0,0,0,0,0,0,0,0
846.73684695363,0,1047.24440175295,27.5630898475647,20.5297232568264,0,3850.26741039753,130.57848790288,421.874344140291,0,1792.9290316999,6.13406801223755,0,16.4095150828362,2015.37139806151,0,78.5796090364456,0,912.393033355474,106.793658286333,0,0,365.306452423334,78.2970882058144,0,0,0,0,1650.42194518447,1.8558791577816,42.1682227253914,43.4755353331566,67.8096948266029,68.2592262029648,1.70310080051422,0,7.23992240428925,0,1.11946976184845,0,0,0,0,0,0,0,0,0,0,0,1.51966506242752,0,0,0,0,0,44.874343007803,0,3.62466144561768,0,31.2545995116234,0,23.6462838053703,0,15.4081670641899,0,0,0,17.6695587933064,0,1398.89943367243,41.5886550545692,439.31594440341,24.0452304780483,68.8492602109909,2.03560101985931,340.234658002853,0.558921933174133,4.18865728378296,0,104.749925374985,0,94.1610944271088,0,45.5347552895546,0,5.1002254486084,0,5.30827468633652,0,0,0,0,0,1.71219408512115,0,0,0,0,0,0,0,0,0,0,0,0,0,0,0,0,0,0,0,0,0
0,357.6015227139,52.6916115581989,1357.8195617795,0,18.7498538196087,56.4633594155312,5876.5037651062,0,133.860904961824,1.33117914199829,4346.22266632318,16.4095150828362,0,0,1720.70371481776,0,56.7906461954117,62.4926030933857,935.920823961496,0,0,106.880228638649,359.647018432617,0,0,0,0,0.530118525028229,676.184851139784,26.018215239048,65.4516236782074,13.699034512043,120.47089868784,0,1.25308060646057,0,1.86517575383186,0,0,0,0,0,0,0,0,0,0,0,0,0,3.8676438331604,0,0,0,0,0,50.2446168661118,0,53.1653037071228,0,77.6869836449623,0,66.8910015821457,0,55.9610119462013,0,2.24620229005814,0,5.90455079078674,69.1497519314289,511.10617351532,13.6128676533699,272.397288948298,0,53.0203287005424,0,227.725542873144,0,0,0,10.9602624177933,0,0,0,84.2632430791855,0,0,0,0,0,0,0,0,0,1.97997641563416,0,0,0,0,0,0,0,0,0,0,0,0,0,0,0,0,0,0,0,0
36.8882171809673,0,341.668456584215,1.62565076351166,1517.88841426373,6.15115761756897,489.886533796787,3.40981018543243,3232.59004455805,1.43348050117493,114.592776924372,0,2015.37139806151,0,0,0,39.5079283118248,0,84.3744522333145,0,94.1554342806339,11.0035273134708,189.499535411596,15.6634880006313,70.1556889116764,19.6116372644901,269.624515503645,19.2740094661713,2827.28405293822,0,97.4427224099636,25.8753105401993,12.9778973460197,4.59033310413361,0,0,43.9594897627831,0,2.02345311641693,0,50.1242297887802,1.60967117547989,0,0,0,0,3.67081075906754,0,0,0,1.65284502506256,0,0,0,6.56140947341919,0,13.3680326342583,0,0,0,0,0,0.736640274524689,0,0,0,0.989649593830109,0,0,0,1012.38209223747,17.3425270318985,1521.49121132493,1.93720453977585,175.249898672104,0,395.546954154968,0,0,0,26.8047878742218,0,165.943540602922,1.804861754179,136.274110555649,0,197.319492042065,0.509860575199127,72.2532730102539,0,0,0,0,0,3.35501861572266,0,1.2659786939621,0,0,0,0,0,0,0,0,0,0,0,1.2635440826416,0,0,0,0,0,0,0.752665281295776
0,34.4280627369881,6.74430683255196,515.727271825075,0,1575.06120073795,2.02898609638214,553.917786836624,0,2718.27662587166,0,303.111849218607,0,1720.70371481776,0,0,0,74.1477216482162,0.953281462192535,272.145076811314,1.47869402170181,75.6452943384647,12.7071473002434,235.46472132206,0.634454190731049,38.5676619112492,3.75382786989212,107.183295071125,1.90203142166138,2397.74678090215,20.272639811039,48.2524169683456,1.62789976596832,30.1779027581215,0,0,0,18.7662599682808,0,2.86418300867081,0,139.142736434937,0,3.28952121734619,0,0,0,0.873511075973511,0,0,0,0,0,0,0,8.07607501745224,0,8.8725278377533,0,1.1776967048645,0,4.35182225704193,0,33.6416161060333,0,0.992028892040253,0,1.29312312602997,0,0,22.4486757218838,753.126673623919,0.341903686523438,2470.96641221642,0,153.398922145367,0,246.327001571655,0,2.27266353368759,0,17.2604343295097,0,195.228257596493,0,55.3759671747684,0,55.2056572139263,0,10.1956462264061,0,0,0,0,0,0,0,0,0,0,0,0,0,0,0,0,0,0,1.24426519870758,0,0,0,0,0,0,0
915.062228769064,0,119.140567630529,0,0.640087902545929,0,114.839582502842,1.03182101249695,2.64087691903114,0,558.091220110655,0,78.5796090364456,0,39.5079283118248,0,0,1.4645584821701,237.869604855776,7.54226046800613,0,0,7.00256055593491,1.07892990112305,0,0,0,0,3237.2553076148,0,2.99163568019867,1.27921915054321,6.26993054151535,13.1214562058449,1.4828234910965,0,11.6318036317825,0,0,0,0,0,0,0,1.2568656206131,0,0.556658625602722,0,0.98501181602478,0,19.9066321849823,0,0,0,0,0,2187.40393003821,6.88644862174988,280.791261553764,0,1101.00304687023,0,1018.45222824812,6.21446537971497,37.75162550807,0,131.168969422579,2.63525295257568,130.146420747042,2.65293800830841,108.261733978987,2.55041563510895,232.262671023607,4.21169769763947,22.9959925413132,0,161.521678864956,7.26311326026917,866.347797751427,0,2488.53929191828,1.79879999160767,118.876136600971,0,329.124506384134,0,0,0,82.9054536819458,0,0,0,0,0,3.24461370706558,0,1.67342400550842,0,0,0,0,0,0,0,0,0,0,0,0,0,0,0,0,0,0,0
0,1447.88957369328,0,291.627142608166,0,4.21146142482758,0,102.530524581671,0,10.1025526821613,0,398.103289484978,0,56.7906461954117,0,74.1477216482162,1.4645584821701,0,6.69658005237579,344.945348232985,0,0,0,22.5958480238914,0,0,0,0,0,2292.60538515449,2.19301211833954,2.44822025299072,29.8615787625313,15.8999459147453,0.491048187017441,0,0.747142493724823,13.7047183811665,0,0,0,0,0,0,0,0,0,3.72778287529945,0,1.34170961380005,0,3.34227991104126,0,0,0,0,3.23378378152847,2508.29723787308,0,200.608149707317,4.90564304590225,634.502388775349,0.681367576122284,2381.93382233381,0,92.2293433845043,18.8977241516113,43.214096724987,3.43504154682159,111.75573271513,12.7398258447647,264.31212747097,3.42207282781601,1201.046246171,0,61.6242652535439,23.4543250799179,288.45777285099,0,190.039129704237,1.00298428535461,738.345940977335,0,3.84838283061981,0,143.015816628933,0,0,0,7.88430678844452,0,0,0,0,0,2.04576003551483,0,0,0,0,0,0,0,0,0,0,0,0,1.70087337493896,0,0,0,0,0,0,0
1319.80310472846,229.685959070921,3005.42870432138,431.72264406085,8.46367013454437,0,1325.85868763924,970.469712555408,33.956890463829,0,874.583728820086,76.9449700415134,912.393033355474,62.4926030933857,84.3744522333145,0.953281462192535,237.869604855776,6.69658005237579,0,5512.84066706896,0.912298083305359,0,1953.30828049779,251.655804008245,6.86566182971001,0,0.748522043228149,0,694.510967254639,9.49571257829666,307.808810323477,268.938962548971,2230.14475536346,1031.99228969216,32.9911407828331,2.15154254436493,98.2342508435249,0,4.93079626560211,0,2.26362216472626,0,5.37726157903671,0,1.58834731578827,0,8.8764163851738,0,0,0,0,0,0,0,0,0,133.53102812171,5.36406826972961,147.330292344093,1.33051335811615,1.09611117839813,0,0.632833659648895,0,11.1310645341873,0,1561.03937196732,16.4356682896614,2878.33711737394,119.173241376877,1727.85072365403,346.705580621958,1134.8856818974,248.825863748789,500.831176906824,86.7252061963081,2198.50859996676,204.991579413414,0.73455947637558,0,4.97958552837372,0,121.955256104469,0,4.54787468910217,0,0,0,0,0,0,0,0,0,25.1831956505775,0,0.753036081790924,0,0,0,0,0,0,0,0,0,0,0,1.13485944271088,0,0,0,0,0,0,0
303.198414295912,1598.13919728994,348.958000361919,2596.67947417498,0,14.377543643117,337.502655059099,1033.94194692373,0,54.176904797554,82.4017546772957,1156.14047327638,106.793658286333,935.920823961496,0,272.145076811314,7.54226046800613,344.945348232985,5512.84066706896,0,0.715554058551788,0,218.866106063128,888.576183766127,0,1.28688156604767,0,0,133.200788497925,142.784125983715,151.36737036705,376.481722295284,1647.10440731049,3879.51657402515,18.4740707874298,47.4478043317795,4.20178258419037,56.7996236681938,1.59625256061554,4.21507579088211,0,0,2.76902723312378,8.6267241537571,0,1.8192977309227,1.20197534561157,11.0035516619682,0,0,0,1.93642467260361,0,0,0,1.19598782062531,33.3998253941536,430.463052541018,1.26905393600464,74.8204465806484,0,13.7921496629715,0,27.7222790718079,0,2.11605113744736,206.963996291161,1154.41374224424,1104.45767629147,3283.20250451565,437.792267978191,1473.44406734407,293.241287797689,1451.36925327778,72.3190306127071,662.896071195602,233.951345562935,2986.63957372308,0,1.22741043567657,0,9.82172238826752,7.55947554111481,0,0,20.2185508906841,0,0,0,0,0,0,0,0,0,19.6710247993469,0.922509372234344,0,0,0,0,0,0,0,0,0,0,1.22580718994141,8.78303879499435,2.59428858757019,0,0,0,0,0,0.931338965892792
0,0,2.53166455030441,1.0871125459671,174.269353836775,11.1426820755005,2.59359967708588,0,25.7673099339008,1.18512117862701,0,0,0,0,94.1554342806339,1.47869402170181,0,0,0.912298083305359,0.715554058551788,0,67.0186516344547,32.1310113966465,15.0665607750416,258.255016118288,33.094402462244,832.472853273153,44.5162842571735,141.894568920135,0.462541818618774,696.960309118032,14.9130667746067,40.1925666928291,1.27584907412529,6.04657739400864,0,109.790236890316,23.3000303506851,5.06629198789597,1.17180860042572,305.552480995655,7.81523901224136,1.1679699420929,0,0.558206498622894,0,2.15700775384903,2.23049783706665,1.80064713954926,0,7.16897714138031,0,3.10121440887451,0,2.36122214794159,1.70352762937546,0,0,0.79171097278595,0,0,0,0,0,0,0,0,0.690565466880798,0,0,991.89515799284,78.586515545845,217.818655073643,18.0180540382862,13.5726338028908,11.8415612578392,20.9406189918518,3.42210304737091,0,0,0,0,16.3293362855911,2.31162372231483,6.01051461696625,0.683219850063324,20.9317203164101,2.04336500167847,14.8877550363541,2.47011184692383,0,0,0,0,0.931998610496521,0,0,0,0,0,0,0,0,0,0,0,0,0,0,0,0,0,0,0,0,0
0,0,0,1.44243150949478,25.3981157541275,234.748661726713,0,0,0.740461528301239,20.7423446178436,0,0,0,0,11.0035273134708,75.6452943384647,0,0,0,0,67.0186516344547,0,18.8514823317528,30.7415614724159,78.1887008845806,304.664677619934,244.711465895176,1558.21502625942,2.84211045503616,197.762377798557,108.452354639769,662.449510514736,1.87577420473099,29.8055974245071,0,0.439679533243179,22.4886189103127,55.9762607812881,3.53292751312256,3.95376217365265,2.38248515129089,197.911600649357,0,0,0,0,0,0,0,0,0,0,0,0,0,2.01508331298828,0,0,0,0,0,0,0,0,0,0,0,0,0,0,126.693657457829,392.713261038065,3.41308081150055,131.571129411459,1.1410026550293,8.55301094055176,1.93394929170609,11.1463224291801,0,0,0,0,0,133.506306052208,0,4.17765000462532,2.0923513174057,41.4562589228153,0,0.861872315406799,0,0,0,0,0,0,0,0,0,0,0,0,0,0,0,0,0,0,0,0,0,0,0,0,0,0
11.8421456813812,0,3351.61834898591,592.414390087128,252.934511721134,262.792142689228,330.400427281857,696.826496422291,99.3835707604885,42.8304930925369,51.8918183147907,25.2955715060234,365.306452423334,106.880228638649,189.499535411596,12.7071473002434,7.00256055593491,0,1953.30828049779,218.866106063128,32.1310113966465,18.8514823317528,0,2061.74213957787,1431.16948539019,549.23258844018,345.472119539976,136.558279544115,303.88593301177,29.5002874732018,2828.9553385675,963.734773635864,677.437261044979,308.063593834639,88.1911633312702,0,4.1511447429657,0,0.837916254997253,0,5.79139536619186,1.1735999584198,23.4894672632217,0,1.27117598056793,0,6.81713724136353,0,0,0,0,0,0,0,0,0,0,0,0,0,0,0,0,0,0,0,95.431235909462,0,7.54271328449249,0,1630.40343183279,563.897282749414,846.317264914513,219.51884496212,153.957429558039,52.6191673874855,338.80198058486,35.5547893047333,0,0,1.34072029590607,0,24.3942512869835,0,4.0723911523819,0,5.89596968889236,0,1.56768727302551,0,0,0,0,0,1.54879689216614,0,0,0,0,0,0,0,0,0,0,0,0,0,1.49253165721893,0,0,0,0,0,0,0
0,9.44412833452225,683.990157812834,2818.57357996702,207.71347412467,482.563882142305,379.56360822916,613.609133958817,44.7271882295609,70.8788474500179,7.04078608751297,88.8443938195705,78.2970882058144,359.647018432617,15.6634880006313,235.46472132206,1.07892990112305,22.5958480238914,251.655804008245,888.576183766127,15.0665607750416,30.7415614724159,2061.74213957787,0,342.755829334259,1804.32488203049,112.499077945948,137.976601928473,75.5348734855652,97.318252235651,757.368980318308,3114.06248906255,104.814675152302,1451.67645633221,0,35.096467345953,0,5.20585149526596,0,0,0,5.10121634602547,0,1.51428550481796,0,0,0,0,0,0,0,0,0,0,0,0,0,0,0,1.32191705703735,0,0,0,0,0,0,0,38.6566625833511,0,4.28908133506775,604.92243167758,1124.99244451523,296.369549363852,869.967634350061,17.5711129307747,330.978786677122,24.3894120454788,446.274879664183,0,0,0,0,0,2.12137469649315,0,0,0,0.541469216346741,0,0,0,0,0,0,0,0.443855047225952,0,0,0,0,0,0,0,0,0,0,0,0,0,1.90788650512695,0,0,0,0,0,0
0,0,394.087452411652,11.486474275589,291.625837653875,124.422043412924,2.23648029565811,0,35.2743490636349,11.4655823111534,0,0,0,0,70.1556889116764,0.634454190731049,0,0,6.86566182971001,0,258.255016118288,78.1887008845806,1431.16948539019,342.755829334259,0,792.648995548487,1164.73658770323,308.617634803057,38.2325819134712,0,1025.9211333096,235.256181061268,86.7769975066185,10.7753785848618,12.4067140519619,0,7.24605399370193,0,0,0,7.65998780727386,5.12734061479568,0,0,0,0,0,0,0,0,0,0,0,0,0,0,0,0,0,0,0,0,0,0,0,0,0,0,0,0,612.420192360878,100.029460698366,215.788136810064,11.3694794774055,9.82988059520721,0,22.4342839121819,0,0,0,0,0,4.42807251214981,1.43690836429596,3.13040536642075,0,6.13846445083618,0,2.91804850101471,0,0,0,0,0,0,0,0,0,0,0,0,0,0,0,0,0,0,0,0,0,0,0,0,0,0,0
0,0,89.7634042799473,37.4886008799076,339.579779654741,334.124124318361,17.7690092921257,5.19065260887146,31.4687877893448,19.9854197800159,0,0.413290113210678,0,0,19.6116372644901,38.5676619112492,0,0,0,1.28688156604767,33.094402462244,304.664677619934,549.23258844018,1804.32488203049,792.648995548487,0,488.016748517752,1394.82720896602,2.86143529415131,5.63513591885567,406.667735338211,729.153359949589,2.75668865442276,67.9324569404125,0,5.42609733343124,0,6.30349650979042,0,0,1.74132853746414,45.5843149125576,0,0,0,0,0,0,0,0,0,0,0,0,0,0.424819856882095,0,0,0,0,0,0,0,0,0,0,0,5.33718448877335,0,0,543.824412375689,763.941871643066,31.4786639511585,255.005015403032,0,41.617174834013,0.502362310886383,25.0573630332947,0,0,0,0.99172055721283,0,19.9224161207676,0,2.68123754858971,0,11.6993743479252,0,0,0,0,0,0,0,0,0,0,0,0,0,0,0,0,0,0,0,0,0,0,0,0,0,0,0,0
0,0,24.4885053932667,2.30750352144241,620.901152849197,77.0935682654381,0.403970181941986,0,68.8402961492538,1.39127227663994,0,0,0,0,269.624515503645,3.75382786989212,0,0,0.748522043228149,0,832.472853273153,244.711465895176,345.472119539976,112.499077945948,1164.73658770323,488.016748517752,0,610.259322524071,78.3208016455173,0.954522788524628,483.575294852257,143.806449949741,44.2699865996838,6.51147657632828,2.28846669197083,0,135.259371399879,39.4543913602829,12.1734863519669,0,67.5625410079956,14.329293847084,0.57109797000885,0,0,0,1.45181566476822,1.01852190494537,0,0,0.832925617694855,0,0,0,1.88744324445724,0,0,0,0,0,0,0,0,0,0,0,0,0,0,0,847.396323949099,159.701898276806,263.022419959307,40.2211308479309,15.0274505317211,8.16862720251083,19.4005426466465,3.73523569107056,0,0,1.22594511508942,0,15.540283113718,8.55207335948944,14.9855196774006,0,34.3933207094669,5.15742093324661,21.1375988125801,0,0,0,0,0,0,0,0,0,0,0,0,0,0,0,0,0,0,0,0,0,0,0,0,0,0,0
0,0,21.4470787644386,3.44307661056519,128.620446830988,979.118768543005,0,0.288818329572678,26.2592990994453,90.4453933238983,0,0.400403797626495,0,0,19.2740094661713,107.183295071125,0,0,0,0,44.5162842571735,1558.21502625942,136.558279544115,137.976601928473,308.617634803057,1394.82720896602,610.259322524071,0,2.14142656326294,22.0616496801376,194.153394848108,254.803615123034,2.85793182253838,31.9732479453087,0,1.84779167175293,37.8590684533119,80.8671780824661,3.12885189056396,0.470083177089691,2.25488972663879,252.118108481169,0,0,0,0,0,0,0,0,0,0,0,0,0,4.86295330524445,0,0,0,0,0,0,0,0,0,0,0,0,0,0,422.874577105045,888.793492436409,10.9041758775711,388.259927809238,1.95208019018173,26.7572185993195,3.38995182514191,26.0451592504978,0,0,0,1.81203526258469,0,173.608661085367,0,30.1749194562435,0.651544451713562,74.0942493677139,0.451802104711533,7.18787661194801,0,0,0,0,0,1.01450204849243,0,0,0,0,0,0,0,0,0,0,0,0,0,0,0,0,0,0,0,0
852.675191909075,7.10288089513779,801.509540349245,56.5302714109421,424.052181750536,3.73117923736572,492.786627352238,48.0020816028118,376.905212640762,0,798.697673976421,1.46480762958527,1650.42194518447,0.530118525028229,2827.28405293822,1.90203142166138,3237.2553076148,0,694.510967254639,133.200788497925,141.894568920135,2.84211045503616,303.88593301177,75.5348734855652,38.2325819134712,2.86143529415131,78.3208016455173,2.14142656326294,0,0.938419282436371,90.2259196341038,65.7251715064049,63.1760821342468,35.9006133079529,10.6408542394638,15.3901805281639,201.028862684965,5.09544909000397,19.8353440761566,0,290.23819822073,5.19077205657959,84.392933934927,0,113.410223662853,0,146.899935603142,0,148.596906393766,0,419.524286836386,0,58.7451265156269,0,92.8013814091682,0,1753.01848393679,2.14987874031067,732.806155145168,0,395.628905057907,0,311.728982001543,0.437081754207611,90.3589343726635,0,352.16719776392,8.47767454385757,198.016089439392,5.12897795438766,534.03477025032,45.7936717867851,1708.86182147264,14.7686402797699,59.7896771430969,6.15889406204224,376.813451498747,5.9451259970665,378.439563035965,0.555907011032104,1426.23410218954,0,1858.58756932616,0,598.93794041872,0,522.681476742029,0,278.922412842512,0,17.2313230633736,0,0,0,12.9852539300919,0,0.613409578800201,0,9.54357689619064,0,0,0,1.06318700313568,0,0,0,0,0,0,1.79546177387238,0,0,0,0,0,0
0,98.5706525743008,11.5318119525909,184.982678875327,0,171.338810443878,13.8784203827381,130.328147917986,0,205.498456180096,0,777.406528651714,1.8558791577816,676.184851139784,0,2397.74678090215,0,2292.60538515449,9.49571257829666,142.784125983715,0.462541818618774,197.762377798557,29.5002874732018,97.318252235651,0,5.63513591885567,0.954522788524628,22.0616496801376,0.938419282436371,0,10.4065555930138,13.4892124533653,3.49887329339981,21.6875182688236,8.25506365299225,3.34148770570755,0.508253335952759,31.204345792532,0,3.7422816157341,0,125.659259021282,10.704868376255,32.238311290741,0,72.9574500024319,0,77.284757912159,0,97.8259166777134,0,237.751987218857,0,22.7764062285423,0,16.2286881804466,2.05538749694824,387.386797040701,0,274.242372959852,0,104.548054695129,1.82544124126434,462.782011270523,0,84.8031547963619,7.31468379497528,82.109740883112,3.23695361614227,17.2302761673927,18.4126347303391,114.528147593141,2.22700601816177,3454.29557144642,0,18.9081651568413,7.53753370046616,63.2302663326263,0,409.779875785112,0,797.118744671345,0,713.566681563854,0,345.038813054562,0,51.0586916804314,0,46.0874409079552,0,0,0,0,0,0.852367639541626,0,0,0,0,0,0,0,0,0,0,0,0,0,0,0,0,0,0,0,0
2.30087077617645,3.58225435018539,113.531146705151,188.55521351099,134.243759125471,144.464823782444,32.1007169485092,89.1583635509014,20.7402824163437,15.2768012285233,11.0425414144993,12.0077008008957,42.1682227253914,26.018215239048,97.4427224099636,20.272639811039,2.99163568019867,2.19301211833954,307.808810323477,151.36737036705,696.960309118032,108.452354639769,2828.9553385675,757.368980318308,1025.9211333096,406.667735338211,483.575294852257,194.153394848108,90.2259196341038,10.4065555930138,0,549.24449390173,1404.37231042981,185.603772133589,322.545083761215,5.39272719621658,9.51850697398186,2.77718651294708,1.13834089040756,0,17.6427787542343,7.07693934440613,94.388499468565,0,16.0443602800369,0.554460167884827,43.7394524216652,0,0.3607257604599,0,0,0,0,0,0.733476221561432,0,0.582188427448273,0,0.706135213375092,0,0,0,0,0,0,0,412.631891816854,7.41513746976852,5.22880160808563,0,1047.93676632643,203.201662808657,214.327952444553,78.7766885757446,23.5278895497322,24.9842383861542,71.9148991703987,50.3564546406269,0,0,0,0,4.69110751152039,3.42321193218231,6.34445172548294,0,5.46574532985687,0.924298882484436,4.36993712186813,0,0,0,0,0,0,0,0,0,0,0,0,0,0,0,0,0,0,0,0,0,0,0,0,0,0,0
1.98263883590698,3.6426437497139,295.377403408289,232.841332674026,128.56267490983,82.1175268292427,113.61144310236,142.273369163275,35.1227461695671,18.7710731625557,21.4656366705894,16.0798823833466,43.4755353331566,65.4516236782074,25.8753105401993,48.2524169683456,1.27921915054321,2.44822025299072,268.938962548971,376.481722295284,14.9130667746067,662.449510514736,963.734773635864,3114.06248906255,235.256181061268,729.153359949589,143.806449949741,254.803615123034,65.7251715064049,13.4892124533653,549.24449390173,0,211.788556903601,2162.76829373837,14.3999331593513,168.984126448631,2.05821931362152,2.82328122854233,1.22439730167389,9.01789247989655,1.12365138530731,8.49192309379578,2.76709020137787,10.7081897556782,2.06913977861404,1.83545702695847,0,13.9570179581642,0,0,0,0,0,0,0,0.707008123397827,0,1.51092386245728,0,0,0,0,0,0.935712456703186,0,0,40.8846176862717,275.411872237921,0.860756754875183,6.00374871492386,367.858456045389,453.367956474423,229.029975950718,151.547974973917,36.3180720806122,48.6288227438927,95.6047560572624,157.547845333815,0,0,2.05450201034546,2.11924880743027,0.853832721710205,1.55483710765839,0,0.67775958776474,0,0.597382426261902,0,0,0,0,0,0,0,0.648109316825867,0,0,0,0,0,0,0,0,0,0,0,0,0.55184131860733,1.37996685504913,0,0,0,0,0,0
50.3560843169689,116.077513277531,91.5215388536453,89.0816085934639,9.59969767928123,0,23.654117166996,124.879003107548,6.56303721666336,0,23.9271245598793,25.9426949322224,67.8096948266029,13.699034512043,12.9778973460197,1.62789976596832,6.26993054151535,29.8615787625313,2230.14475536346,1647.10440731049,40.1925666928291,1.87577420473099,677.437261044979,104.814675152302,86.7769975066185,2.75668865442276,44.2699865996838,2.85793182253838,63.1760821342468,3.49887329339981,1404.37231042981,211.788556903601,0,1326.77931752801,712.438387781382,24.913426399231,35.2776022255421,57.7683702707291,28.3565521836281,2.15238374471664,3.68411153554916,0,171.236067682505,1.39799934625626,72.2506815195084,2.42976486682892,55.7875872254372,4.69811075925827,0,0,1.3443990945816,0.597479820251465,0,0,3.45173609256744,4.85802721977234,40.0285483896732,207.37569257617,53.1301910579205,71.4980288743973,19.5201082825661,25.3499341011047,5.24700340628624,31.0370910763741,2.84667700529099,0,3776.28519964218,712.990947574377,680.711815655231,677.45761141181,260.996430516243,105.215922385454,114.415002286434,107.187144815922,32.4062306284904,32.6629888415337,151.222018718719,102.913963139057,0,5.68524748086929,9.82654857635498,22.4754203855991,4.77253288030624,0,12.758710205555,1.41198867559433,0,0,5.29374527931213,1.43680834770203,0,0,0,0,0,0,0,0,0,0,0,0,0,0,0,0,0,0,0,0,0,0,0,0,0,0
62.6616249084473,47.4553715884686,137.730910986662,141.091269612312,5.2140599489212,10.1487811505795,129.927590072155,94.9975258111954,2.28228580951691,6.64490187168121,25.9298056960106,74.5366277098656,68.2592262029648,120.47089868784,4.59033310413361,30.1779027581215,13.1214562058449,15.8999459147453,1031.99228969216,3879.51657402515,1.27584907412529,29.8055974245071,308.063593834639,1451.67645633221,10.7753785848618,67.9324569404125,6.51147657632828,31.9732479453087,35.9006133079529,21.6875182688236,185.603772133589,2162.76829373837,1326.77931752801,0,222.548233360052,854.405941545963,48.3844826817513,57.0788775086403,7.75607174634933,95.8076543211937,0,12.7016916573048,34.0707572102547,64.4693801701069,10.6278336942196,32.7875638902187,13.5690059661865,85.3356049656868,0.618406534194946,2.17138659954071,10.0047894716263,3.68989902734756,0,0,0.888571321964264,10.4311047196388,64.3881986141205,183.87565150857,60.8538679778576,62.0535456836224,33.8258565664291,4.31430631875992,21.2680996060371,15.4902758002281,0.642029941082001,1.04325449466705,1232.26259833574,3752.62104156613,554.475595831871,917.578618109226,192.628164708614,208.5366127491,90.1435729861259,223.606256812811,25.8910623192787,94.4513060748577,123.565472185612,228.681122153997,1.24721312522888,2.14572700858116,14.5095306634903,15.8258356750011,3.697190284729,2.4391331076622,2.50318950414658,5.93793278932571,0,2.35524392127991,0,0.838590681552887,0,0,0,0,0.749341905117035,1.78382450342178,2.37136936187744,0,0,0,0,0,0,0,0,0,0,1.57363760471344,2.81484413146973,0,0,0,0,0,0,0
0,1.56308960914612,4.67722854018211,0,0.775617718696594,0,0,0,0,0,0,0,1.70310080051422,0,0,0,1.4828234910965,0.491048187017441,32.9911407828331,18.4740707874298,6.04657739400864,0,88.1911633312702,0,12.4067140519619,0,2.28846669197083,0,10.6408542394638,8.25506365299225,322.545083761215,14.3999331593513,712.438387781382,222.548233360052,0,164.039997845888,123.970452100039,120.388136714697,55.3253743946552,38.1796908080578,25.6690385341644,20.1288655996323,595.996872842312,368.29764893651,321.630126535892,572.348088353872,296.241791188717,75.3647979199886,223.411281704903,204.026904255152,188.13257458806,39.0210583209991,28.2016711831093,6.26776736974716,71.6501764655113,8.3276891708374,0,13.3340505957603,17.8695826530457,81.6767145693302,5.02962481975555,5.19880521297455,0.824940323829651,10.1074606478214,0,0,1933.5656235218,619.914863914251,0,8.60950100421906,25.0474050343037,4.79122406244278,59.8869342207909,85.3499010801315,5.09600269794464,19.853846013546,81.8384351730347,43.487732231617,0,4.97113716602325,9.26908427476883,33.9586511552334,0.569642901420593,0.660428583621979,29.8242526650429,14.4648875892162,1.0374790430069,0,142.945402652025,34.7459608316422,2.97447276115417,0,0,0,1.13927066326141,1.74568223953247,2.08340489864349,0,1.17231690883636,0,0,0,0,0,0,0,0,0,0,1.57991909980774,0,0,0,0,0,0
0,0,0,3.7727187871933,0,0,0,2.30946928262711,0,0,0,0.897815465927124,0,1.25308060646057,0,0,0,0,2.15154254436493,47.4478043317795,0,0.439679533243179,0,35.096467345953,0,5.42609733343124,0,1.84779167175293,15.3901805281639,3.34148770570755,5.39272719621658,168.984126448631,24.913426399231,854.405941545963,164.039997845888,0,181.495698571205,206.95885142684,37.1045612096786,149.223277926445,7.49927651882172,33.9978811144829,404.022431910038,533.149608552456,351.663279592991,472.96193164587,198.207222521305,306.729617774487,279.349097549915,159.762653976679,246.394838929176,27.7917465567589,39.1893461942673,24.02616751194,54.724833548069,27.5868327617645,0,0.719514012336731,35.5836740136147,49.6752468943596,6.65192914009094,0.486614882946014,1.6172456741333,2.94137918949127,0.730094373226166,0,500.327160745859,1294.41776221991,0,0,1.94290533661842,4.67441853880882,24.8652514815331,62.8133026957512,2.66198635101318,10.7419902682304,57.3465790450573,44.5105797350407,0,0.639044404029846,2.50257897377014,32.2759392857552,0.861574470996857,1.42806223034859,14.8728397488594,23.5225137174129,0,1.03289747238159,96.3250198066235,23.5490263402462,0.542138755321503,0,0,0,2.31231528520584,4.36669743061066,0,0,0.580754697322845,1.44198215007782,0,0,0,0,0,0,0,0,0,0,0,0,0,0,0,0
331.861062884331,1.72837197780609,56.0817903876305,0,67.5187494158745,0,35.1413192749023,0,28.0835730731487,0,10.9865450263023,0,7.23992240428925,0,43.9594897627831,0,11.6318036317825,0.747142493724823,98.2342508435249,4.20178258419037,109.790236890316,22.4886189103127,4.1511447429657,0,7.24605399370193,0,135.259371399879,37.8590684533119,201.028862684965,0.508253335952759,9.51850697398186,2.05821931362152,35.2776022255421,48.3844826817513,123.970452100039,181.495698571205,0,382.311866492033,1371.57494911551,48.5338370501995,525.302183479071,21.1525212526321,364.561087787151,188.125139176846,358.831663876772,258.566694825888,980.567729026079,83.1147255301476,548.294152438641,106.325192838907,736.484030336142,14.7164005339146,164.711339861155,11.6634147465229,1402.92469730973,24.9740626811981,278.690531134605,4.73115134239197,466.159387558699,58.7813782989979,235.715440154076,0.397744327783585,38.1418889760971,4.9260616004467,38.0997380316257,1.94742739200592,845.557813674212,623.005007833242,313.065567493439,2.78448188304901,587.930055081844,57.865975022316,914.964494019747,49.0409719049931,1733.06646883488,80.8810280561447,4838.28229266405,62.9790307581425,3.92899608612061,1.78179240226746,69.9123174846172,10.8271802663803,211.79282104969,0,198.402407169342,1.97679507732391,1101.8124268651,4.94941943883896,1662.92887625098,16.7912849187851,79.3468256592751,58.9482821822166,24.9116363525391,21.3963477015495,245.761754184961,43.6755228638649,119.216639310122,19.7895435094833,55.8260259330273,21.5893985033035,16.1928773224354,18.0099305510521,40.2784935235977,54.878328204155,20.4068102836609,11.5756448507309,50.907000541687,15.373664021492,20.0995504558086,79.7945410013199,3.21949005126953,0,1.34583079814911,0,0.541942179203033,8.44843062758446
0,80.0924857854843,0,46.1763976216316,0,60.1021218895912,0,26.6170297563076,0,25.7701298594475,0,11.7276594638824,0,1.86517575383186,0,18.7662599682808,0,13.7047183811665,0,56.7996236681938,23.3000303506851,55.9762607812881,0,5.20585149526596,0,6.30349650979042,39.4543913602829,80.8671780824661,5.09544909000397,31.204345792532,2.77718651294708,2.82328122854233,57.7683702707291,57.0788775086403,120.388136714697,206.95885142684,382.311866492033,0,48.5883799791336,1118.15763625503,38.6999084353447,478.885021865368,179.319185644388,395.15807428956,9.93592447042465,445.400772720575,69.5256917774677,824.169682323933,6.89518117904663,417.043252110481,13.7938621938229,542.096478581429,2.03081113100052,204.754610091448,15.1762728989124,1823.67136612535,1.72263145446777,62.556259393692,65.1476485729218,475.449492782354,22.3348857760429,201.269658654928,1.69966280460358,64.0714370310307,2.92892062664032,100.74726369977,572.309039950371,1053.95103365183,0,13.57064473629,32.2147703170776,385.753081172705,50.7843760251999,369.201819598675,43.1703851819038,851.571694165468,76.4852848052979,3530.9357701838,0,0.922745764255524,0.774942934513092,85.4316553175449,1.21309220790863,270.650668621063,0,346.914782524109,13.9289618134499,865.275080502033,20.551854133606,1819.78091773391,9.72569841146469,35.6448725163937,1.75011914968491,21.0360008478165,14.7234852910042,140.293226659298,31.2712447047234,22.0990779697895,16.2792322039604,19.3463336825371,3.12826478481293,20.2915170490742,13.2866767048836,56.9830898344517,7.16837120056152,28.7590388357639,14.2173676490784,24.9061254858971,2.82624298334122,16.1931507885456,3.9857531785965,2.54924404621124,2.29789668321609,0,2.2678644657135,2.43199262022972
27.7389330267906,0,0,0,2.43564414978027,0,0.982350170612335,0,1.50174272060394,0,0,0,1.11946976184845,0,2.02345311641693,0,0,0,4.93079626560211,1.59625256061554,5.06629198789597,3.53292751312256,0.837916254997253,0,0,0,12.1734863519669,3.12885189056396,19.8353440761566,0,1.13834089040756,1.22439730167389,28.3565521836281,7.75607174634933,55.3253743946552,37.1045612096786,1371.57494911551,48.5883799791336,0,220.398969829082,387.465968132019,2.91090703010559,450.424568414688,21.9923169016838,177.676458269358,3.53376519680023,818.332515478134,36.8305435180664,109.830787420273,2.59443211555481,53.9729077517986,0,23.7877817749977,0,1915.88534739614,3.7082731127739,83.1166120171547,0,89.05118227005,0,22.9044920504093,0,5.24565953016281,0,4.43648320436478,0,509.721011549234,73.0113073885441,44.2830026745796,0,46.2814920544624,2.90896511077881,113.300058156252,7.92961984872818,131.505815207958,20.4061198830605,238.345303326845,59.4153283834457,0.773413360118866,0,7.59167441725731,0,144.744533121586,0,10.6587994992733,0,210.282718539238,0,190.602603852749,0,132.649031996727,313.022543638945,26.5290187001228,85.8933502137661,122.631289809942,218.385317504406,168.423125565052,79.3187947273254,48.3802052438259,112.26730889082,22.3791528642178,32.509260892868,46.6983068585396,94.9631764292717,24.0779551267624,25.5064015388489,44.0872170031071,28.8125879764557,7.29007071256638,7.62500670552254,13.6673119068146,3.81683337688446,5.21931102871895,0,1.49332767724991,1.81873404979706
0,30.4743466973305,0,4.19717943668365,0,5.72835004329681,0,0,0,0.793162524700165,0,0,0,0,0,2.86418300867081,0,0,0,4.21507579088211,1.17180860042572,3.95376217365265,0,0,0,0,0,0.470083177089691,0,3.7422816157341,0,9.01789247989655,2.15238374471664,95.8076543211937,38.1796908080578,149.223277926445,48.5338370501995,1118.15763625503,220.398969829082,0,1.19115340709686,1127.72249016166,35.4487871825695,694.448775917292,12.618114054203,281.509857386351,32.5524730980396,1312.39856356382,1.61147820949554,79.7363612949848,2.18746703863144,82.4676025807858,0,69.441859036684,7.55057513713837,1406.93620198965,0,56.2751173377037,0,51.6271040141582,0,5.19936743378639,0,10.7992663383484,0,5.64788347482681,39.1036877930164,753.53424718976,0,14.5841768980026,2.08003449440002,41.0456905961037,9.59027409553528,40.3978312015533,24.1855826377869,51.2715077102184,32.0532257556915,186.93839302659,0,0.753702878952026,0,9.14594373106956,0,214.945780456066,0,25.2297851443291,0,477.562701374292,0,84.9702149629593,73.012658059597,99.4350254535675,20.0319344997406,25.3522154688835,37.7451167106628,128.418679714203,117.339465022087,43.6261998713017,38.4593562483788,36.5656940042973,14.8617965579033,20.5508914291859,27.6116071939468,30.873892813921,8.17618811130524,9.02134609222412,27.0405436754227,11.8999773859978,0,1.54395958781242,5.94842195510864,0.708510160446167,1.58865022659302,0.629943072795868,1.04344356060028,2.27834802865982
0,0,6.031285405159,0,127.698338925838,0.610485076904297,4.706638276577,0,33.53376942873,0.854942202568054,0.865461945533752,0,0,0,50.1242297887802,0,0,0,2.26362216472626,0,305.552480995655,2.38248515129089,5.79139536619186,0,7.65998780727386,1.74132853746414,67.5625410079956,2.25488972663879,290.23819822073,0,17.6427787542343,1.12365138530731,3.68411153554916,0,25.6690385341644,7.49927651882172,525.302183479071,38.6999084353447,387.465968132019,1.19115340709686,0,18.2661683559418,43.0044637918472,0,16.8994642496109,0,126.961145818233,0,18.2477526068687,0,86.7708082199097,0,42.6913985908031,0,219.605656862259,5.40490019321442,0,0,17.3172471225262,0,19.545200407505,0,1.04290872812271,0,0,0,55.3898891210556,0,0,0,231.476993829012,32.6693401932716,969.021893769503,34.2744475603104,252.881506979465,49.283639729023,312.925676703453,3.73613420128822,0,0,2.17082113027573,0,716.360844433308,0,37.5310836732388,0,675.746929466724,6.46357935667038,163.150077193975,7.97399181127548,12.7992888689041,0,0,0,2.94903880357742,0,0.727523863315582,0,8.04157757759094,0,0,0,0,0,1.00476631522179,1.37211233377457,0.596659541130066,0,0.575408458709717,0.938192307949066,0,0,0,0.463640838861465,0,0
0,0,0,4.85133504867554,2.01321572065353,396.256728947163,0,0,0,175.887692391872,0,0,0,0,1.60967117547989,139.142736434937,0,0,0,0,7.81523901224136,197.911600649357,1.1735999584198,5.10121634602547,5.12734061479568,45.5843149125576,14.329293847084,252.118108481169,5.19077205657959,125.659259021282,7.07693934440613,8.49192309379578,0,12.7016916573048,20.1288655996323,33.9978811144829,21.1525212526321,478.885021865368,2.91090703010559,1127.72249016166,18.2661683559418,0,31.9283959269524,63.9815822541714,0,34.756033629179,0.874620199203491,284.47788888216,0,56.1963114738464,0,150.945414602757,0,95.8154827356339,2.47233265638351,455.422215789557,0,0,0,53.8797015547752,0,6.71414139866829,0,0.394327223300934,0,9.17689815163612,0,131.066903054714,0,0,40.6420782208443,175.629204928875,19.0789002776146,920.005315840244,40.4151194691658,305.108021527529,5.69807448983192,93.1868874430656,0,0,0,14.5731651186943,0,1324.63591718674,0,141.695431560278,17.2972697615623,1310.85652044415,32.507167994976,284.671286165714,0,6.72316265106201,0,0,0,1.94258254766464,0,0,0,3.87121683359146,0,0,0,0,0,0.61509644985199,0,0,1.41854739189148,0,0,0,0,0,0,0
0,0,0.698721647262573,0,0,0,0,0,0,0,0,0,0,0,0,0,0,0,5.37726157903671,2.76902723312378,1.1679699420929,0,23.4894672632217,0,0,0,0.57109797000885,0,84.392933934927,10.704868376255,94.388499468565,2.76709020137787,171.236067682505,34.0707572102547,595.996872842312,404.022431910038,364.561087787151,179.319185644388,450.424568414688,35.4487871825695,43.0044637918472,31.9283959269524,0,2343.28340995312,10932.9445861578,3071.40186691284,8379.92088675499,1770.83467546105,3000.13003593683,1204.17396533489,2576.59419822693,40.0634879171848,659.036394834518,53.6777123510838,506.693548768759,109.437917470932,0.547563433647156,0.781950414180756,77.0757076442242,55.3995558619499,0.610915422439575,1.32100903987885,0,0,0,7.10098344087601,2938.54651895165,1393.15422165394,0,1.16872668266296,3.26807999610901,0.723289906978607,141.34119194746,67.2523628473282,13.8074378073215,5.61253303289413,258.878084719181,16.6724796891212,0,1.37726640701294,18.7838951945305,6.10293853282928,3.3101527094841,0,73.6076181530952,43.2888026833534,5.57424241304398,0,339.287537366152,68.611006706953,316.471376150846,78.1768933534622,0,0,1.92622017860413,1.93977928161621,2.41911369562149,1.62748867273331,252.011226207018,39.1816543340683,0,0,0,0,0,0,0,0,0,0,0,0,0,0,0,0
0,0,0,0,0,1.94626119732857,0,5.51943957805634,0,0,0,0,0,0,0,3.28952121734619,0,0,0,8.6267241537571,0,0,0,1.51428550481796,0,0,0,0,0,32.238311290741,0,10.7081897556782,1.39799934625626,64.4693801701069,368.29764893651,533.149608552456,188.125139176846,395.15807428956,21.9923169016838,694.448775917292,0,63.9815822541714,2343.28340995312,0,859.860933452845,9136.99801954627,265.16360783577,6867.19297003746,62.6262832283974,1879.37232771516,111.821021258831,1209.3709141016,5.33024120330811,1079.63997378945,18.3629179000854,282.258561015129,0,0,9.90774872899055,50.9952929317951,0.917814195156097,0,0,0.519270598888397,0,0,699.207065552473,1625.65760329366,0,0,0,5.48051255941391,0,195.110487580299,0.480594426393509,23.3553115129471,88.6238458752632,64.3434653580189,0,0,0,49.0610958635807,0,27.4515477120876,3.34657192230225,106.147499203682,0,29.8318798542023,1.40957236289978,210.358690083027,0,16.9750574231148,0,0,0,5.69211727380753,0,31.6644474565983,0,31.9671172499657,0,0,0,0.455934196710587,0,0,0,0,0,0,7.20973384380341,0,0,0,0,0
0,0,0.746186017990112,0,1.46698594093323,0,0,0,0,0,0,0,0,0,0,0,1.2568656206131,0,1.58834731578827,0,0.558206498622894,0,1.27117598056793,0,0,0,0,0,113.410223662853,0,16.0443602800369,2.06913977861404,72.2506815195084,10.6278336942196,321.630126535892,351.663279592991,358.831663876772,9.93592447042465,177.676458269358,12.618114054203,16.8994642496109,0,10932.9445861578,859.860933452845,0,1026.01808077097,1445.60676527023,91.839253783226,3716.56762355566,74.3128961324692,1024.23967766762,4.02796399593353,235.258638799191,0.850455343723297,382.321259051561,2.76053410768509,0,0,90.7428004443645,12.7222539782524,4.05423378944397,0,0,0,0,0,2052.22144421935,576.791872233152,0,0,1.14840245246887,0,260.448067873716,3.90494883060455,34.8669203221798,1.36185628175735,356.924222826958,1.42726373672485,1.75842690467834,0,95.9199801683426,0,3.44700258970261,0,160.428669273853,2.06601190567017,0,0,162.989610284567,0,27.5469144284725,0,0,0,0,0,2.56547063589096,0.91653037071228,17.5225045084953,0,0,0,0,0,0,0,0,0,0,0,0,0.619781970977783,0,0,0,0
0,0,0,1.53553187847137,0,0,0,0,0,0,0,0,0,0,0,0,0,0,0,1.8192977309227,0,0,0,0,0,0,0,0,0,72.9574500024319,0.554460167884827,1.83545702695847,2.42976486682892,32.7875638902187,572.348088353872,472.96193164587,258.566694825888,445.400772720575,3.53376519680023,281.509857386351,0,34.756033629179,3071.40186691284,9136.99801954627,1026.01808077097,0,74.1091462671757,1477.07838198543,27.9173778295517,6164.87430018187,79.1378466486931,949.231802821159,5.9170093536377,336.58699131012,0.456832706928253,251.987557023764,0,0,3.33387994766235,822.297845810652,0,6.19416925311089,0,5.58794865012169,0,8.54209595918655,906.799784988165,2175.69141876698,0,0,1.36867880821228,6.97713428735733,0,468.360613942146,0,55.4523224234581,73.9916540086269,200.191334605217,0,12.2280315160751,0,175.153843432665,0,2.77751475572586,2.48673009872437,105.094708412886,0,0,0,257.004540145397,0,0,0,0,0,3.21940100193024,0,8.99783843755722,0,7.27278792858124,0,0,0,0,0,0,0,0,0,0,2.69925391674042,0,0,0,0,0
5.10240763425827,0,9.32745987176895,0,1.26860707998276,0,1.79331094026566,0,3.52536699175835,0,0,0,0,0,3.67081075906754,0,0.556658625602722,0,8.8764163851738,1.20197534561157,2.15700775384903,0,6.81713724136353,0,0,0,1.45181566476822,0,146.899935603142,0,43.7394524216652,0,55.7875872254372,13.5690059661865,296.241791188717,198.207222521305,980.567729026079,69.5256917774677,818.332515478134,32.5524730980396,126.961145818233,0.874620199203491,8379.92088675499,265.16360783577,1445.60676527023,74.1091462671757,0,518.117448806763,762.371490031481,17.421920478344,1793.0585539341,2.55113291740417,1508.6986373961,0,3722.57008683681,12.5045481026173,1.75268757343292,1.07731413841248,33.4511769413948,1.66541159152985,10.0811391472816,1.18460309505463,0,1.57074844837189,3.40586134791374,0,2343.86278623343,339.895208537579,2.31365486979485,5.97240257263184,31.4700264036655,8.13274359703064,302.975852698088,5.9757404923439,31.196361541748,2.38416397571564,422.815188229084,6.81795257329941,0,0,47.6734781861305,0,14.7518386244774,0,175.681379944086,0.647434294223785,79.5095549225807,0,943.544354110956,3.74098810553551,580.344367235899,0,1.37600535154343,0,17.5173643827438,1.29752826690674,23.913239389658,0,518.928964167833,0,0.820217341184616,0,3.64171868562698,0.33396103978157,3.76340907812119,0.418296337127686,0.427286505699158,0,7.5804298222065,58.9014561772346,1.83291625976562,8.27649986743927,0,0,0,0.921888023614883
0,16.2121455073357,0,2.72167831659317,0,4.89455258846283,0,0.534860372543335,0,0,0,0,0,0,0,0.873511075973511,0,3.72778287529945,0,11.0035516619682,2.23049783706665,0,0,0,0,0,1.01852190494537,0,0,77.284757912159,0,13.9570179581642,4.69811075925827,85.3356049656868,75.3647979199886,306.729617774487,83.1147255301476,824.169682323933,36.8305435180664,1312.39856356382,0,284.47788888216,1770.83467546105,6867.19297003746,91.839253783226,1477.07838198543,518.117448806763,0,2.37880140542984,538.439361333847,5.32841169834137,682.866847902536,0,1674.35027360916,10.3569449782372,2488.351911515,0,14.6425859928131,2.52531814575195,38.6460507512093,0,5.4515073299408,0,4.7567332983017,0,9.22677367925644,198.060549616814,831.146102339029,0,7.07873702049255,1.0577849149704,21.6513216793537,0,306.865799516439,1.10683524608612,46.4595596790314,64.3900138139725,495.585678189993,0,0,0,57.0069940388203,0,53.4522284865379,0,254.431206941605,0,52.7284770607948,3.16476893424988,500.163399636745,2.83886474370956,243.503706663847,0.705161422491074,17.3231068849564,3.07429358363152,141.033920973539,6.46440821886063,86.5907142162323,0,479.305952697992,0,3.41382065415382,0.628072321414948,21.6398630440235,0,19.9194049537182,1.02998366951942,1.43446815013885,12.5393643379211,106.909521251917,17.7527141869068,2.92119291424751,3.04934373497963,1.95477324724197,4.71266260743141,2.02808964252472
1.19034242630005,0,0,0,0,0,0,0,0,0,0,0,0,0,0,0,0.98501181602478,0,0,0,1.80064713954926,0,0,0,0,0,0,0,148.596906393766,0,0.3607257604599,0,0,0.618406534194946,223.411281704903,279.349097549915,548.294152438641,6.89518117904663,109.830787420273,1.61147820949554,18.2477526068687,0,3000.13003593683,62.6262832283974,3716.56762355566,27.9173778295517,762.371490031481,2.37880140542984,0,4.73968815803528,6692.32748606801,2.01611542701721,500.779296875,0,660.408821493387,0,0.577893972396851,0,871.320721656084,1.82751631736755,100.475841522217,0,3.01617324352264,0,1.62154906988144,0,729.123797446489,340.928176105022,0,0,6.88631719350815,0,318.044021517038,0,46.2157633602619,0,496.460127741098,1.68029910326004,1.47673547267914,0,122.886062949896,0,0,0,177.766058087349,0,0,0,310.699438154697,0,52.1536475121975,0,0,0,12.0097088217735,0,6.72140121459961,0,12.9791373610497,0,0,0,0,0,0,0,0,0,0,0,0,0,0,0,0,0
0,4.09168779850006,0,2.55850201845169,0,0,0,28.3953801691532,0,0,0,1.37873911857605,0,0,0,0,0,1.34170961380005,0,0,0,0,0,0,0,0,0,0,0,97.8259166777134,0,0,0,2.17138659954071,204.026904255152,159.762653976679,106.325192838907,417.043252110481,2.59443211555481,79.7363612949848,0,56.1963114738464,1204.17396533489,1879.37232771516,74.3128961324692,6164.87430018187,17.421920478344,538.439361333847,4.73968815803528,0,27.1245917081833,4243.5957801044,0,1084.82642772794,0.639266014099121,437.224780648947,0,2.91607934236526,0,1492.29651716352,0,6.77709302306175,0,19.2447690367699,0,296.998502850533,340.589224994183,477.338802903891,0,0,0,16.5336456894875,0,658.239294439554,0,66.9711462259293,36.8152550160885,228.248614966869,0,21.1589034199715,0,242.638616323471,0,7.08827242255211,0,294.183528125286,0,0,0,370.907649368048,0,0,0,0,0,5.40493446588516,0,0,0,7.77431416511536,0,0,0,0,0,0,0,0,0,0,1.9258074760437,0,0,0,0,0
264.751392632723,0,29.1514271497726,0,5.44471311569214,0,233.56543803215,0,0,0,10.3743227124214,0,1.51966506242752,0,1.65284502506256,0,19.9066321849823,0,0,0,7.16897714138031,0,0,0,0,0,0.832925617694855,0,419.524286836386,0,0,0,1.3443990945816,10.0047894716263,188.13257458806,246.394838929176,736.484030336142,13.7938621938229,53.9729077517986,2.18746703863144,86.7708082199097,0,2576.59419822693,111.821021258831,1024.23967766762,79.1378466486931,1793.0585539341,5.32841169834137,6692.32748606801,27.1245917081833,0,0,3422.2044288218,0,1147.49105659127,2.62371444702148,74.3228640556335,0,1961.87941882014,2.26142191886902,1041.72628587484,0,44.7388338148594,0,1399.87543538213,0,920.801441758871,589.734587699175,1.02121675014496,0,115.46653419733,0,798.127663612366,0.823029279708862,59.0134734809399,0,847.109058052301,4.67741727828979,9.19563114643097,0,618.201277405024,0,50.6066896021366,0,3561.76397502422,0,40.3545333743095,0,2038.50366815925,0,53.0769273638725,0,0,0,42.659362912178,0,12.0492662787437,0,6.24172115325928,0,0,0,0,0,0,0,0,0,0,0,0,0,0,0,0,0
0,172.32193043828,0,4.95935940742493,0,0,0,436.219321876764,0,0,0,25.0179561972618,0,3.8676438331604,0,0,0,3.34227991104126,0,1.93642467260361,0,0,0,0,0,0,0,0,0,237.751987218857,0,0,0.597479820251465,3.68989902734756,39.0210583209991,27.7917465567589,14.7164005339146,542.096478581429,0,82.4676025807858,0,150.945414602757,40.0634879171848,1209.3709141016,4.02796399593353,949.231802821159,2.55113291740417,682.866847902536,2.01611542701721,4243.5957801044,0,0,0,3266.54046419263,0,874.075994879007,0,11.9258251190186,0,1651.26106804609,0,41.8619443178177,0,39.7801182866096,0,708.944394946098,67.1099524199963,342.673412382603,0,0,1.02835977077484,47.8479106128216,0,993.15501832962,0,111.636169999838,13.113670706749,293.268431901932,0,40.3270528018475,0,786.35016721487,0,102.111557900906,0,4004.42888554931,0,5.70936647057533,0,1689.38382846117,0,1.84225785732269,0,0,0,5.61778125166893,0,1.14970600605011,0,2.94995313882828,0,0,0,0,0,0,0,0,0,0,0,0,0,0,0,0
28.8387191295624,0,0,0,1.50148475170135,0,0,0,0,0,4.07602977752686,0,0,0,0,0,0,0,0,0,3.10121440887451,0,0,0,0,0,0,0,58.7451265156269,0,0,0,0,0,28.2016711831093,39.1893461942673,164.711339861155,2.03081113100052,23.7877817749977,0,42.6913985908031,0,659.036394834518,5.33024120330811,235.258638799191,5.9170093536377,1508.6986373961,0,500.779296875,0,3422.2044288218,0,0,0,3216.02797660232,0,32.9260573387146,0,48.1896367073059,0,19.6853434145451,0,1.24586510658264,0,37.7650251686573,0,129.364326268435,24.8993712067604,0,0,9.53414309024811,0,149.203525602818,0,11.4670490026474,0,114.605083137751,0,0,0,20.4350879788399,0,4.4814640879631,0,367.51194268465,0,22.3000575304031,0,1287.08960095048,0,50.1735111773014,0,0,0,2.48516070842743,0,1.14488506317139,0,33.6299603581429,0,0,0,0,0,0,0,0,0,0,0,0,0,0,0,0,0
0,0,0,0,0,0,0,0,0,0,0,1.24542689323425,0,0,0,0,0,0,0,0,0,0,0,0,0,0,0,0,0,22.7764062285423,0,0,0,0,6.26776736974716,24.02616751194,11.6634147465229,204.754610091448,0,69.441859036684,0,95.8154827356339,53.6777123510838,1079.63997378945,0.850455343723297,336.58699131012,0,1674.35027360916,0,1084.82642772794,0,3266.54046419263,0,0,0,2013.25346177816,0,0,0,35.0216330587864,0,1.83260059356689,0,0,0,1.12939417362213,20.6985878944397,49.5997424125671,0,0,0,0.803278028964996,0,111.462378531694,0,17.604735314846,10.6316392719746,32.719025850296,0,0,0,18.6339896023273,0,2.35841184854507,0,280.734597921371,0,4.44887781143188,0,894.237565010786,0,2.28217136859894,0,0,0,0,0,0,0,53.4365418553352,0,0,0,0,0,0,0,0,0,0,0,0,0,0,0,0
14.4772342443466,0,1.11441338062286,0,4.53254860639572,0,0,0,0.62468284368515,0,0,0,0,0,6.56140947341919,0,0,0,0,0,2.36122214794159,0,0,0,0,0,1.88744324445724,0,92.8013814091682,0,0.733476221561432,0,3.45173609256744,0.888571321964264,71.6501764655113,54.724833548069,1402.92469730973,15.1762728989124,1915.88534739614,7.55057513713837,219.605656862259,2.47233265638351,506.693548768759,18.3629179000854,382.321259051561,0.456832706928253,3722.57008683681,10.3569449782372,660.408821493387,0.639266014099121,1147.49105659127,0,3216.02797660232,0,0,0,9.72959750890732,0,51.356485247612,0,8.36284494400024,0,0.808467745780945,0,17.8677472174168,0,382.580000460148,47.7203753888607,0,0,23.7434057891369,8.42435389757156,148.196821123362,1.40072476863861,29.5243650972843,3.26037073135376,222.117821335793,2.23244142532349,0,0,24.2040703296661,0,71.8634026050568,0,154.537394195795,0,677.872008442879,0,3711.50056225061,0,185.235111087561,0,2.83048492670059,0,10.7941540777683,0,6.46433919668198,0,165.499772191048,0,1.74462789297104,0,0.580448687076569,0,1.58349096775055,0,0,0,0,0,0,0,0,0,0,0
0,0,0,0,0,4.43861725926399,0,0,0,3.15101087093353,0,0,0,0,0,8.07607501745224,0,0,0,1.19598782062531,1.70352762937546,2.01508331298828,0,0,0,0.424819856882095,0,4.86295330524445,0,16.2286881804466,0,0.707008123397827,4.85802721977234,10.4311047196388,8.3276891708374,27.5868327617645,24.9740626811981,1823.67136612535,3.7082731127739,1406.93620198965,5.40490019321442,455.422215789557,109.437917470932,282.258561015129,2.76053410768509,251.987557023764,12.5045481026173,2488.351911515,0,437.224780648947,2.62371444702148,874.075994879007,0,2013.25346177816,0,0,0,0,5.75974607467651,60.0408354997635,0,4.84524917602539,0,0,0,5.95397692918777,17.2750506103039,111.031178295612,0,0,7.55249357223511,17.9912744164467,4.61076414585114,79.9509860277176,12.5591286420822,34.4501786530018,1.51478427648544,88.6478603184223,0,0,0,25.8351982235909,0,130.75428006053,0,370.329516083002,0,648.094820201397,0,2486.99234163761,0,21.0994518995285,0,0,0,2.99969118833542,0,44.2767803668976,0,157.296762883663,0,0,0,0,0,0,0,0,0,0,0,0,0,0,0,0
12426.9750784636,2.39576116204262,199.904582321644,0.899775207042694,0,0,209.986849546432,0,0,0,233.891712576151,0,44.874343007803,0,13.3680326342583,0,2187.40393003821,3.23378378152847,133.53102812171,33.3998253941536,0,0,0,0,0,0,0,0,1753.01848393679,2.05538749694824,0.582188427448273,0,40.0285483896732,64.3881986141205,0,0,278.690531134605,1.72263145446777,83.1166120171547,0,0,0,0.547563433647156,0,0,0,1.75268757343292,0,0.577893972396851,0,74.3228640556335,0,32.9260573387146,0,9.72959750890732,0,0,8.14710342884064,1998.6612085104,6.497438788414,4319.14331915975,3.69771921634674,1429.68279927969,2.53888365626335,254.193311572075,0,629.218101143837,27.1004013419151,1632.60710349679,21.1831325292587,760.368763059378,22.0512865781784,2451.72762981057,12.8402374982834,695.422497063875,0,2819.11866301298,15.4159405827522,603.64311927557,1.41471779346466,554.739391386509,5.50710159540176,14.884372740984,0,648.684154450893,0,0,0,555.939408063889,0,0,0,0,0,136.206041395664,0,17.659639775753,0,0,0,0,0,0,0,0,0,0,0,0,4.79571914672852,0,0,0,0,0,0
0.629211723804474,11943.0822777748,0.723311543464661,553.273109614849,0,0,0,723.527552396059,0,5.42178642749786,0,326.204436540604,0,50.2446168661118,0,8.8725278377533,6.88644862174988,2508.29723787308,5.36406826972961,430.463052541018,0,0,0,0,0,0,0,0,2.14987874031067,387.386797040701,0,1.51092386245728,207.37569257617,183.87565150857,13.3340505957603,0.719514012336731,4.73115134239197,62.556259393692,0,56.2751173377037,0,0,0.781950414180756,0,0,0,1.07731413841248,14.6425859928131,0,2.91607934236526,0,11.9258251190186,0,0,0,0,8.14710342884064,0,5.23507785797119,2236.88522437215,7.28748905658722,1038.55970180035,8.40112066268921,2533.0188857913,0,145.154546618462,87.3113783597946,771.294589757919,27.4298952519894,2032.03517693281,79.0641415119171,635.242236316204,9.30185258388519,2723.39984318614,0,307.122368127108,100.813086926937,1583.99188303947,3.21679091453552,80.4313615262508,10.7041861414909,241.395457059145,0,3.3722759783268,0,82.0181139409542,0,0,0,15.9449084699154,0,0,0,0,0,96.3128684163094,0,0,0,0,0,0,0,0,0,1.14696717262268,0,0,1.25724804401398,1.2017594575882,0,0,0,0,0,0
457.862296521664,0,109.560405045748,0,0,0,259.694197297096,0,0,0,20.6133382618427,0,3.62466144561768,0,0,0,280.791261553764,0,147.330292344093,1.26905393600464,0.79171097278595,0,0,0,0,0,0,0,732.806155145168,0,0.706135213375092,0,53.1301910579205,60.8538679778576,17.8695826530457,35.5836740136147,466.159387558699,65.1476485729218,89.05118227005,0,17.3172471225262,0,77.0757076442242,9.90774872899055,90.7428004443645,3.33387994766235,33.4511769413948,2.52531814575195,871.320721656084,0,1961.87941882014,0,48.1896367073059,0,51.356485247612,5.75974607467651,1998.6612085104,5.23507785797119,0,0,4738.58574479818,0,342.121946573257,0,362.940871447325,0,1693.0964114964,167.517538100481,318.41838902235,6.93742704391479,267.266171723604,10.2483986616135,845.382884770632,3.17567956447601,203.421442955732,0,1491.10231646895,17.1941851377487,116.637703716755,0,744.391150087118,1.02949213981628,9.6212010383606,0,243.524999141693,0,0,0,222.542766660452,0,0.469270527362823,0,0,0,98.0458064973354,0,8.48012858629227,0,0,0,0,0,0,0,0,0,0,0,0,3.430972635746,0,0,0,0,0,0
0.733356535434723,656.287247031927,0,98.1747922301292,0,0,0,451.382574498653,0,0,0,220.431098788977,0,53.1653037071228,0,1.1776967048645,0,200.608149707317,1.33051335811615,74.8204465806484,0,0,0,1.32191705703735,0,0,0,0,0,274.242372959852,0,0,71.4980288743973,62.0535456836224,81.6767145693302,49.6752468943596,58.7813782989979,475.449492782354,0,51.6271040141582,0,53.8797015547752,55.3995558619499,50.9952929317951,12.7222539782524,822.297845810652,1.66541159152985,38.6460507512093,1.82751631736755,1492.29651716352,2.26142191886902,1651.26106804609,0,35.0216330587864,0,60.0408354997635,6.497438788414,2236.88522437215,0,0,2.81509399414062,2105.78003948927,2.29260647296906,567.719209372997,0,2116.67905473709,203.353556156158,2065.67408385873,0,40.807951182127,26.8259122371674,156.378891646862,4.14752757549286,1561.6026968658,0,220.33238992095,26.7776010930538,697.672402322292,0,192.299046874046,0,1035.76353913546,0,19.0188648700714,0,226.07543477416,0,0.454322665929794,0,178.738128483295,0,0,0,0,0,32.4065403938293,0,0,0,0,0,0,0,0,0,0,0,0,0,0,0,0,0,0,0,0
659.370013713837,0,36.2010836005211,0,0,0,167.724289298058,0,0,0,187.386861741543,0,31.2545995116234,0,0,0,1101.00304687023,4.90564304590225,1.09611117839813,0,0,0,0,0,0,0,0,0,395.628905057907,0,0,0,19.5201082825661,33.8258565664291,5.02962481975555,6.65192914009094,235.715440154076,22.3348857760429,22.9044920504093,0,19.545200407505,0,0.610915422439575,0.917814195156097,4.05423378944397,0,10.0811391472816,0,100.475841522217,0,1041.72628587484,0,19.6853434145451,0,8.36284494400024,0,4319.14331915975,7.28748905658722,4738.58574479818,2.81509399414062,0,0,2433.48448738456,5.29453903436661,3855.65505591035,0,458.841581344604,34.8363162875175,15.9319053888321,4.69743764400482,195.351107507944,0,368.848849922419,2.72831645607948,49.1935867667198,0,805.706486970186,14.4776741862297,167.66122597456,0,922.442440748215,2.14989960193634,22.9103473722935,0,1478.85131388903,0,0,0,608.279456704855,0,0,0,0,0,49.9457325339317,0,1.16986221075058,0,0,0,0,0,0,0,0,0,0,0,0,0,0,0,0,0,0,0
0,283.765401929617,0,8.29415929317474,0,0,0,77.6239322423935,0,0,0,366.805646419525,0,77.6869836449623,0,4.35182225704193,0,634.502388775349,0,13.7921496629715,0,0,0,0,0,0,0,0,0,104.548054695129,0,0,25.3499341011047,4.31430631875992,5.19880521297455,0.486614882946014,0.397744327783585,201.269658654928,0,5.19936743378639,0,6.71414139866829,1.32100903987885,0,0,6.19416925311089,1.18460309505463,5.4515073299408,0,6.77709302306175,0,41.8619443178177,0,1.83260059356689,0,4.84524917602539,3.69771921634674,1038.55970180035,0,2105.78003948927,0,0,0,1741.48979982734,0,3241.61938410997,22.603765308857,125.083295732737,0,2.48449772596359,23.7706080079079,42.9166248440742,0.657879292964935,337.322251796722,0,61.6179241240025,12.7703851461411,243.611541152,0,37.3055428564548,1.455775141716,423.409378051758,0,4.57841491699219,0,732.35778465867,0,0,0,35.8931589722633,0,0,0,0,0,8.5604727268219,0,0,0,0,0,0,0,0,0,0,0,0,0,0,0,0,0,0,0,0
105.462614953518,0,0,0,0,0,3.98271262645721,0,0,0,113.494978547096,0,23.6462838053703,0,0.736640274524689,0,1018.45222824812,0.681367576122284,0.632833659648895,0,0,0,0,0,0,0,0,0,311.728982001543,1.82544124126434,0,0,5.24700340628624,21.2680996060371,0.824940323829651,1.6172456741333,38.1418889760971,1.69966280460358,5.24565953016281,0,1.04290872812271,0,0,0,0,0,0,0,3.01617324352264,0,44.7388338148594,0,1.24586510658264,0,0.808467745780945,0,1429.68279927969,8.40112066268921,342.121946573257,2.29260647296906,2433.48448738456,0,0,2.05968755483627,262.110811978579,0,278.930594176054,18.0890122652054,26.8722321689129,10.6151075959206,141.645970255136,17.2825228571892,118.817799836397,4.14360785484314,18.4932680726051,1.99010097980499,283.939189255238,15.8632716536522,162.231386572123,1.46103262901306,2105.90246656537,1.64034724235535,19.8946212232113,0,1025.51510670781,0,6.36480379104614,0,112.385426342487,0,0,0,0,0,6.85334545373917,0,1.30383586883545,0,0,0,0,0,0,0,0,0,0,0,0,0,0,0,0,0,0,0
0,121.070165574551,0,18.7609335780144,0,0,0,36.7737294137478,0,0,0,265.760086834431,0,66.8910015821457,0,33.6416161060333,6.21446537971497,2381.93382233381,0,27.7222790718079,0,0,0,0,0,0,0,0,0.437081754207611,462.782011270523,0,0.935712456703186,31.0370910763741,15.4902758002281,10.1074606478214,2.94137918949127,4.9260616004467,64.0714370310307,0,10.7992663383484,0,0.394327223300934,0,0.519270598888397,0,5.58794865012169,1.57074844837189,4.7567332983017,0,19.2447690367699,0,39.7801182866096,0,0,0,0,2.53888365626335,2533.0188857913,0,567.719209372997,5.29453903436661,1741.48979982734,2.05968755483627,0,0,646.080017358065,48.5241664946079,225.647558748722,4.23557031154633,41.2730298340321,33.3540434241295,114.068822622299,3.2943531870842,678.132986009121,0,47.6389823257923,55.538328140974,275.625018894672,0,75.9610922336578,1.15478217601776,2171.5426492393,0,14.8004552721977,0,1405.0773794353,0,6.92579853534698,0,100.457821965218,0,0,0,0,0,9.97326344251633,0,0,0,0,0,0,0,0,0,0,0,0,0,0,0,0,0,0,0,0
448.594423174858,0,28.941357254982,0,0,0,179.243895709515,0,0,0,38.6854301691055,0,15.4081670641899,0,0,0,37.75162550807,0,11.1310645341873,0,0,0,0,0,0,0,0,0,90.3589343726635,0,0,0,2.84667700529099,0.642029941082001,0,0.730094373226166,38.0997380316257,2.92892062664032,4.43648320436478,0,0,0,0,0,0,0,3.40586134791374,0,1.62154906988144,0,1399.87543538213,0,37.7650251686573,0,17.8677472174168,0,254.193311572075,0,362.940871447325,0,3855.65505591035,0,262.110811978579,0,0,0,13.0263652801514,1.98224544525146,0,0,42.4108399450779,0,152.42629557848,2.18542265892029,16.2354105114937,0,80.1233469247818,0,7.33114778995514,0,465.020593523979,3.46219396591187,20.3579499125481,0,3503.32374736667,0,2.90279680490494,0,616.807105064392,0,0,0,0,0,8.57964444160461,0,0,0,0,0,0,0,0,0,0,0,0,0,0,0,0,0,0,0,0,0
0,811.339061975479,0,26.4868959784508,0,0,0,850.208072692156,0,0,0,303.205731123686,0,55.9610119462013,0,0.992028892040253,0,92.2293433845043,0,2.11605113744736,0,0,0,0,0,0,0,0,0,84.8031547963619,0,0,0,1.04325449466705,0,0,1.94742739200592,100.74726369977,0,5.64788347482681,0,9.17689815163612,7.10098344087601,0,0,8.54209595918655,0,9.22677367925644,0,296.998502850533,0,708.944394946098,0,1.12939417362213,0,5.95397692918777,0,145.154546618462,0,2116.67905473709,0,3241.61938410997,0,646.080017358065,0,0,5.20986106991768,56.6092236936092,0,0,0,73.1581843793392,0,473.917405515909,0,59.2420792877674,1.68224453926086,155.04047781229,0,21.5845884680748,0,1285.9901868999,0,19.0562554895878,0,2686.67654299736,0,0.927711546421051,0,299.106184840202,0,0,0,0,0,10.9890143275261,0,0,0,0,0,0,0,0,0,0,0,0,0,0,0,0,0,0,0,0
277.241087734699,13.9559823870659,200.56976634264,0,2.65841335058212,0,140.102241754532,1.66752398014069,0,0,12.4330642223358,0,0,0,0.989649593830109,0,131.168969422579,18.8977241516113,1561.03937196732,206.963996291161,0,0,95.431235909462,0,0,0,0,0,352.16719776392,7.31468379497528,412.631891816854,40.8846176862717,3776.28519964218,1232.26259833574,1933.5656235218,500.327160745859,845.557813674212,572.309039950371,509.721011549234,39.1036877930164,55.3898891210556,0,2938.54651895165,699.207065552473,2052.22144421935,906.799784988165,2343.86278623343,198.060549616814,729.123797446489,340.589224994183,920.801441758871,67.1099524199963,129.364326268435,20.6985878944397,382.580000460148,17.2750506103039,629.218101143837,87.3113783597946,1693.0964114964,203.353556156158,458.841581344604,22.603765308857,278.930594176054,48.5241664946079,13.0263652801514,5.20986106991768,0,2465.68619853258,2375.72093504667,309.143750071526,749.780181825161,144.703820854425,615.60540792346,115.241161853075,157.809967547655,19.5121883153915,2074.68048718572,136.978116214275,38.1906251311302,9.22657203674316,382.24015083909,20.0255347490311,6.04604130983353,0,165.530624806881,0,11.257997751236,0,521.585798084736,5.96580702066422,44.7126448750496,0,0,0,55.5966573953629,0,6.72594222426414,0,19.0908727049828,2.83224105834961,0,0,0,0,0,0,0,0,0,4.38595241308212,0,0,0,0,0,0
0,95.3900680541992,0,325.236853599548,0,0.853375792503357,0,97.8264092803001,0,0,0,34.9000140428543,0,2.24620229005814,0,1.29312312602997,2.63525295257568,43.214096724987,16.4356682896614,1154.41374224424,0.690565466880798,0,0,38.6566625833511,0,5.33718448877335,0,0,8.47767454385757,82.109740883112,7.41513746976852,275.411872237921,712.990947574377,3752.62104156613,619.914863914251,1294.41776221991,623.005007833242,1053.95103365183,73.0113073885441,753.53424718976,0,131.066903054714,1393.15422165394,1625.65760329366,576.791872233152,2175.69141876698,339.895208537579,831.146102339029,340.928176105022,477.338802903891,589.734587699175,342.673412382603,24.8993712067604,49.5997424125671,47.7203753888607,111.031178295612,27.1004013419151,771.294589757919,167.517538100481,2065.67408385873,34.8363162875175,125.083295732737,18.0890122652054,225.647558748722,1.98224544525146,56.6092236936092,2465.68619853258,0,26.097381234169,739.434385865927,192.651404201984,333.637394845486,15.2229332923889,1034.98693290353,2.29501214623451,208.026039302349,164.340781182051,1023.15868985653,3.53593081235886,75.8828627467155,13.6669384241104,563.02722966671,0,12.9577465057373,16.8652144670486,120.322411626577,0,7.88919144868851,21.239883184433,170.678067803383,2.63229185342789,1.24848031997681,0,0,0,43.3310501277447,0,3.4555881023407,2.95603573322296,0,0,0,0,0,0,0,0,0,0,0,0,0,0,0,0,0
1820.70763558149,96.8002407550812,372.002204149961,16.91762393713,0,0,67.4768414795399,6.08529955148697,0,0,41.7780464887619,1.12249648571014,17.6695587933064,0,0,0,130.146420747042,3.43504154682159,2878.33711737394,1104.45767629147,0,0,7.54271328449249,0,0,0,0,0,198.016089439392,3.23695361614227,5.22880160808563,0.860756754875183,680.711815655231,554.475595831871,0,0,313.065567493439,0,44.2830026745796,0,0,0,0,0,0,0,2.31365486979485,0,0,0,1.02121675014496,0,0,0,0,0,1632.60710349679,27.4298952519894,318.41838902235,0,15.9319053888321,0,26.8722321689129,4.23557031154633,0,0,2375.72093504667,26.097381234169,0,380.252400904894,1128.58619040251,62.7908153235912,693.445223122835,22.9344811439514,392.989756584167,2.88637095689774,3050.39813959599,48.8207832872868,23.702721208334,0,17.992375344038,2.60898023843765,6.12703061103821,0,0,0,0,0,0,0,0,0,0,0,95.3355911970139,0,7.51728427410126,0,0,0,0,0,0,0,0,0,0,0,0,9.69777679443359,0,0,0,0,0,0
5.26965653896332,1906.96199727058,0,219.995783597231,0,0,0,24.0580313801765,0,0,0,10.9640357494354,0,5.90455079078674,0,0,2.65293800830841,111.75573271513,119.173241376877,3283.20250451565,0,0,0,4.28908133506775,0,0,0,0,5.12897795438766,17.2302761673927,0,6.00374871492386,677.45761141181,917.578618109226,8.60950100421906,0,2.78448188304901,13.57064473629,0,14.5841768980026,0,0,1.16872668266296,0,0,0,5.97240257263184,7.07873702049255,0,0,0,0,0,0,0,0,21.1831325292587,2032.03517693281,6.93742704391479,40.807951182127,4.69743764400482,2.48449772596359,10.6151075959206,41.2730298340321,0,0,309.143750071526,739.434385865927,380.252400904894,0,44.3160032629967,557.017603069544,9.5713552236557,414.368527531624,1.61178696155548,100.800717294216,115.784080177546,1011.44929823279,0,6.19510763883591,10.8905212879181,21.5756698250771,0,0,0,1.20194581151009,0,0,0,1.95633548498154,0,0,0,0,0,34.6656463742256,0,0,0,0,0,0,0,0,0,0,0,0,0,1.24062514305115,0,0,0,0,0,0
1454.00066184998,40.6033868789673,1638.65911397338,258.147947221994,1349.09605488181,202.15501049161,2317.48800396919,407.08835464716,789.692820265889,32.0611913502216,351.885486423969,26.2358033955097,1398.89943367243,69.1497519314289,1012.38209223747,22.4486757218838,108.261733978987,12.7398258447647,1727.85072365403,437.792267978191,991.89515799284,126.693657457829,1630.40343183279,604.92243167758,612.420192360878,543.824412375689,847.396323949099,422.874577105045,534.03477025032,18.4126347303391,1047.93676632643,367.858456045389,260.996430516243,192.628164708614,25.0474050343037,1.94290533661842,587.930055081844,32.2147703170776,46.2814920544624,2.08003449440002,231.476993829012,40.6420782208443,3.26807999610901,0,1.14840245246887,1.36867880821228,31.4700264036655,1.0577849149704,6.88631719350815,0,115.46653419733,1.02835977077484,9.53414309024811,0,23.7434057891369,7.55249357223511,760.368763059378,79.0641415119171,267.266171723604,26.8259122371674,195.351107507944,23.7706080079079,141.645970255136,33.3540434241295,42.4108399450779,0,749.780181825161,192.651404201984,1128.58619040251,44.3160032629967,0,427.926501631737,5103.2687125206,175.254353731871,3052.77833366394,96.5023116469383,6913.04835273325,158.413335978985,12.8503204882145,2.94269776344299,117.466425895691,35.3605462312698,64.3143766522408,4.86549833416939,131.099070668221,5.5640224814415,40.236456900835,9.48946532607079,131.633752822876,15.4065316915512,0.666529357433319,1.60453414916992,0,0,120.444234073162,6.88653945922852,23.9826664030552,3.2722789645195,4.54413068294525,0,1.67566847801208,0,2.87531173229218,1.10018360614777,18.9870864450932,1.75343310832977,17.6297592520714,2.85827767848969,28.167577534914,16.0832649767399,1.27823138237,0,0.749765932559967,0,1.13055896759033,9.6750839650631
13.6226316392422,1853.77486157417,267.372257322073,1598.26037816703,86.7259834110737,1611.84556685388,220.245445758104,2620.44626587629,23.081524014473,1185.83604086936,19.6448992490768,455.130324751139,41.5886550545692,511.10617351532,17.3425270318985,753.126673623919,2.55041563510895,264.31212747097,346.705580621958,1473.44406734407,78.586515545845,392.713261038065,563.897282749414,1124.99244451523,100.029460698366,763.941871643066,159.701898276806,888.793492436409,45.7936717867851,114.528147593141,203.201662808657,453.367956474423,105.215922385454,208.5366127491,4.79122406244278,4.67441853880882,57.865975022316,385.753081172705,2.90896511077881,41.0456905961037,32.6693401932716,175.629204928875,0.723289906978607,5.48051255941391,0,6.97713428735733,8.13274359703064,21.6513216793537,0,16.5336456894875,0,47.8479106128216,0,0.803278028964996,8.42435389757156,17.9912744164467,22.0512865781784,635.242236316204,10.2483986616135,156.378891646862,0,42.9166248440742,17.2825228571892,114.068822622299,0,73.1581843793392,144.703820854425,333.637394845486,62.7908153235912,557.017603069544,427.926501631737,0,178.749178647995,4375.75380438566,59.6024403572083,4438.30515035987,101.4679210186,9113.73130853474,4.11551308631897,5.91476228833199,3.09608882665634,48.1519877910614,6.1466224193573,24.4528493285179,7.43216383457184,241.176683187485,31.0592935681343,35.9643390476704,57.9405017495155,140.279747754335,0,7.78629344701767,0,2.78647020459175,24.1883071064949,156.520101696253,13.9611630439758,8.33376640081406,2.61260056495667,5.63970702886581,0.93320107460022,1.60906803607941,1.49714547395706,33.4744993746281,9.59315392374992,35.6917489171028,11.6141653060913,20.5878407359123,36.1726657152176,19.0632001459599,6.25450599193573,0.661614000797272,1.75790169835091,3.47591325640678,7.68680787086487,14.2749724388123
2035.73004263639,13.3146396875381,1454.19230872393,111.521318495274,1463.37778937817,24.228998541832,964.215084969997,170.084777504206,1210.36734604836,0.95110148191452,165.250857144594,5.61986380815506,439.31594440341,13.6128676533699,1521.49121132493,0.341903686523438,232.262671023607,3.42207282781601,1134.8856818974,293.241287797689,217.818655073643,3.41308081150055,846.317264914513,296.369549363852,215.788136810064,31.4786639511585,263.022419959307,10.9041758775711,1708.86182147264,2.22700601816177,214.327952444553,229.029975950718,114.415002286434,90.1435729861259,59.8869342207909,24.8652514815331,914.964494019747,50.7843760251999,113.300058156252,9.59027409553528,969.021893769503,19.0789002776146,141.34119194746,0,260.448067873716,0,302.975852698088,0,318.044021517038,0,798.127663612366,0,149.203525602818,0,148.196821123362,4.61076414585114,2451.72762981057,9.30185258388519,845.382884770632,4.14752757549286,368.848849922419,0.657879292964935,118.817799836397,3.2943531870842,152.42629557848,0,615.60540792346,15.2229332923889,693.445223122835,9.5713552236557,5103.2687125206,178.749178647995,0,82.0510934889317,3532.44686740637,54.063759624958,2379.29265818,31.5903551578522,31.8107899725437,0,294.599626332521,3.92977964878082,220.157232582569,0.643097639083862,549.263465553522,0,150.964916050434,11.4379895329475,352.669088691473,7.20286375284195,46.5829353034496,0,1.95929419994354,0,273.813268840313,9.55448800325394,55.4899193048477,7.89699405431747,17.5014530420303,0,0,0,17.1495424509048,0,15.7750196754932,5.25757080316544,22.4244543612003,5.70320773124695,17.6526736021042,19.6001042723656,1.07553291320801,0,0,0,0,2.56615567207336
4.17149716615677,2474.75858804584,119.420412093401,1985.05722349882,10.244714140892,1610.19992524385,111.059561401606,1100.88930715621,3.40824729204178,1913.81854775548,0,571.549933105707,24.0452304780483,272.397288948298,1.93720453977585,2470.96641221642,4.21169769763947,1201.046246171,248.825863748789,1451.36925327778,18.0180540382862,131.571129411459,219.51884496212,869.967634350061,11.3694794774055,255.005015403032,40.2211308479309,388.259927809238,14.7686402797699,3454.29557144642,78.7766885757446,151.547974973917,107.187144815922,223.606256812811,85.3499010801315,62.8133026957512,49.0409719049931,369.201819598675,7.92961984872818,40.3978312015533,34.2744475603104,920.005315840244,67.2523628473282,195.110487580299,3.90494883060455,468.360613942146,5.9757404923439,306.865799516439,0,658.239294439554,0.823029279708862,993.15501832962,0,111.462378531694,1.40072476863861,79.9509860277176,12.8402374982834,2723.39984318614,3.17567956447601,1561.6026968658,2.72831645607948,337.322251796722,4.14360785484314,678.132986009121,2.18542265892029,473.917405515909,115.241161853075,1034.98693290353,22.9344811439514,414.368527531624,175.254353731871,4375.75380438566,82.0510934889317,0,25.9967874884605,2024.30443969369,33.3384072184563,1486.57381698489,0,294.432610720396,4.32380735874176,1038.09112375975,5.4758163690567,779.521263450384,0,1680.41472649574,14.7135127186775,230.359635800123,43.3890463709831,477.14876934886,0.936813712120056,16.8098081350327,0,3.65616157650948,6.88432437181473,77.1394429504871,1.80118811130524,4.37753236293793,2.67366564273834,13.728313267231,0,3.91848373413086,0,17.8005023896694,1.02780723571777,13.8115017414093,4.37506517767906,9.04641008377075,10.1922062635422,5.96050572395325,1.59350514411926,0,0,1.36151188611984,0,1.81570315361023
805.818700760603,6.84027659893036,393.654904901981,13.0760787725449,150.180666446686,0,247.430971562862,27.4420416355133,175.568837910891,0.646657347679138,26.3831874728203,0,68.8492602109909,0,175.249898672104,0,22.9959925413132,0,500.831176906824,72.3190306127071,13.5726338028908,1.1410026550293,153.957429558039,17.5711129307747,9.82988059520721,0,15.0274505317211,1.95208019018173,59.7896771430969,0,23.5278895497322,36.3180720806122,32.4062306284904,25.8910623192787,5.09600269794464,2.66198635101318,1733.06646883488,43.1703851819038,131.505815207958,24.1855826377869,252.881506979465,40.4151194691658,13.8074378073215,0.480594426393509,34.8669203221798,0,31.196361541748,1.10683524608612,46.2157633602619,0,59.0134734809399,0,11.4670490026474,0,29.5243650972843,12.5591286420822,695.422497063875,0,203.421442955732,0,49.1935867667198,0,18.4932680726051,0,16.2354105114937,0,157.809967547655,2.29501214623451,392.989756584167,1.61178696155548,3052.77833366394,59.6024403572083,3532.44686740637,25.9967874884605,0,49.0621399283409,2000.77278634906,46.7406718730927,1.73756974935532,0,9.03375422954559,0,11.7575804591179,0.856758892536163,23.4897077679634,0,69.5840893685818,11.30068141222,178.217688590288,9.01036459207535,28.8707906007767,50.7581136822701,5.30209442973137,2.52660566568375,248.981050342321,43.1848935484886,83.7935709357262,20.94642162323,40.6420665085316,18.5674498081207,16.1789620816708,10.0490689277649,42.8925894200802,24.2860622704029,41.9949165582657,20.7061344385147,49.5995595157146,29.373065829277,43.3244137465954,29.6737408339977,9.08418598771095,0,1.00425311923027,1.97202414274216,2.64072543382645,15.9836100935936
0,547.729299336672,19.4405913949013,748.960905343294,0,221.393553346395,31.3776910305023,404.540235579014,0,300.313302904367,2.0095272064209,62.2641294598579,2.03560101985931,53.0203287005424,0,153.398922145367,0,61.6242652535439,86.7252061963081,662.896071195602,11.8415612578392,8.55301094055176,52.6191673874855,330.978786677122,0,41.617174834013,8.16862720251083,26.7572185993195,6.15889406204224,18.9081651568413,24.9842383861542,48.6288227438927,32.6629888415337,94.4513060748577,19.853846013546,10.7419902682304,80.8810280561447,851.571694165468,20.4061198830605,51.2715077102184,49.283639729023,305.108021527529,5.61253303289413,23.3553115129471,1.36185628175735,55.4523224234581,2.38416397571564,46.4595596790314,0,66.9711462259293,0,111.636169999838,0,17.604735314846,3.26037073135376,34.4501786530018,0,307.122368127108,0,220.33238992095,0,61.6179241240025,1.99010097980499,47.6389823257923,0,59.2420792877674,19.5121883153915,208.026039302349,2.88637095689774,100.800717294216,96.5023116469383,4438.30515035987,54.063759624958,2024.30443969369,49.0621399283409,0,38.9928337037563,1505.97181263566,0,1.00213348865509,0,53.5511699020863,3.63089805841446,12.4758595526218,6.8673905134201,131.859634906054,30.2712893486023,48.6188791394234,74.3693470656872,125.01084458828,13.5880465507507,58.3785554766655,1.12793588638306,16.3747276365757,33.6987159252167,191.063481539488,41.5941278636456,22.9678998291492,9.1282354593277,17.409270465374,1.84787532687187,12.8593466579914,18.1830539405346,77.010334789753,16.7386501133442,62.0180169343948,21.8500671386719,42.3567971885204,47.5535475611687,16.5441054701805,8.98746731877327,1.06495261192322,0,2.63187557458878,5.30271446704865,12.5754401981831
3053.16052493453,26.8148161768913,1218.16111433506,19.2074345946312,233.36472505331,1.67150491476059,999.032405227423,17.3447726368904,334.732750415802,1.12107050418854,135.998399049044,3.90387508273125,340.234658002853,0,395.546954154968,0,161.521678864956,23.4543250799179,2198.50859996676,233.951345562935,20.9406189918518,1.93394929170609,338.80198058486,24.3894120454788,22.4342839121819,0.502362310886383,19.4005426466465,3.38995182514191,376.813451498747,7.53753370046616,71.9148991703987,95.6047560572624,151.222018718719,123.565472185612,81.8384351730347,57.3465790450573,4838.28229266405,76.4852848052979,238.345303326845,32.0532257556915,312.925676703453,5.69807448983192,258.878084719181,88.6238458752632,356.924222826958,73.9916540086269,422.815188229084,64.3900138139725,496.460127741098,36.8152550160885,847.109058052301,13.113670706749,114.605083137751,10.6316392719746,222.117821335793,1.51478427648544,2819.11866301298,100.813086926937,1491.10231646895,26.7776010930538,805.706486970186,12.7703851461411,283.939189255238,55.538328140974,80.1233469247818,1.68224453926086,2074.68048718572,164.340781182051,3050.39813959599,115.784080177546,6913.04835273325,101.4679210186,2379.29265818,33.3384072184563,2000.77278634906,38.9928337037563,0,264.954422205687,18.4037435948849,4.07468998432159,265.479928284883,50.2491003274918,67.0682811141014,0,198.379672974348,13.4317782521248,116.019333451986,0,423.849802792072,8.45954978466034,108.301072210073,21.6380146145821,54.7920074760914,13.2493940889835,683.679941266775,64.6924375593662,286.439974069595,20.3792468309402,60.2857464849949,16.8951327800751,67.9446837306023,12.940898001194,143.901150614023,45.7749795019627,288.918507397175,97.6828660368919,119.295432209969,33.3923667371273,468.856842637062,663.010462373495,17.1264029741287,11.5348851680756,12.3228402733803,15.613728672266,9.50890067219734,101.083987385035
8.65644949674606,3460.34604427218,30.8316650688648,2254.43337695301,0,259.648029744625,21.8915702104568,1538.79503333569,0,341.01843392849,0,226.549693584442,0.558921933174133,227.725542873144,0,246.327001571655,7.26311326026917,288.45777285099,204.991579413414,2986.63957372308,3.42210304737091,11.1463224291801,35.5547893047333,446.274879664183,0,25.0573630332947,3.73523569107056,26.0451592504978,5.9451259970665,63.2302663326263,50.3564546406269,157.547845333815,102.913963139057,228.681122153997,43.487732231617,44.5105797350407,62.9790307581425,3530.9357701838,59.4153283834457,186.93839302659,3.73613420128822,93.1868874430656,16.6724796891212,64.3434653580189,1.42726373672485,200.191334605217,6.81795257329941,495.585678189993,1.68029910326004,228.248614966869,4.67741727828979,293.268431901932,0,32.719025850296,2.23244142532349,88.6478603184223,15.4159405827522,1583.99188303947,17.1941851377487,697.672402322292,14.4776741862297,243.611541152,15.8632716536522,275.625018894672,0,155.04047781229,136.978116214275,1023.15868985653,48.8207832872868,1011.44929823279,158.413335978985,9113.73130853474,31.5903551578522,1486.57381698489,46.7406718730927,1505.97181263566,264.954422205687,0,0,11.0865080356598,10.2932298779488,210.35893663764,0,27.2619054615498,0,235.729167759418,0,92.7639712095261,0,216.515778720379,32.2815295755863,168.209541618824,7.23568758368492,149.847048044205,124.752807885408,714.183327898383,106.020801693201,79.0445990562439,34.2583106160164,47.4004769325256,11.196639508009,103.50741186738,34.8774601817131,365.257019251585,97.6160153150558,327.326563686132,73.2757395803928,123.971511900425,388.085383981466,731.888843610883,77.9227847456932,8.94471237063408,21.4169367849827,44.0068261623383,69.0071623325348,101.213187336922
24.4715097248554,0,0.834230959415436,0,0,0,0.958808898925781,0,0,0,8.44331884384155,0,4.18865728378296,0,0,0,866.347797751427,0,0.73455947637558,0,0,0,0,0,0,0,0,0,378.439563035965,0,0,0,0,1.24721312522888,0,0,3.92899608612061,0,0.773413360118866,0,0,0,0,0,1.75842690467834,0,0,0,1.47673547267914,0,9.19563114643097,0,0,0,0,0,603.64311927557,3.21679091453552,116.637703716755,0,167.66122597456,0,162.231386572123,0,7.33114778995514,0,38.1906251311302,3.53593081235886,23.702721208334,0,12.8503204882145,4.11551308631897,31.8107899725437,0,1.73756974935532,0,18.4037435948849,0,0,0,1185.73667937517,3.36029469966888,13.8958575129509,0,14.7812637686729,0,0,0,7.01874113082886,0,0,0,0,0,1.02959728240967,0,0,0,0,0,0,0,0,0,0,0,0,0,0,0,0,0,0,0,0,0
0,11.7781472206116,0,1.81336551904678,0,0,0,0,0,0,0,3.05525726079941,0,0,0,2.27266353368759,0,190.039129704237,0,1.22741043567657,0,0,0,0,0,0,0,0,0.555907011032104,409.779875785112,0,0,5.68524748086929,2.14572700858116,4.97113716602325,0.639044404029846,1.78179240226746,0.922745764255524,0,0.753702878952026,0,0,1.37726640701294,0,0,12.2280315160751,0,0,0,21.1589034199715,0,40.3270528018475,0,0,0,0,1.41471779346466,80.4313615262508,0,192.299046874046,0,37.3055428564548,1.46103262901306,75.9610922336578,0,21.5845884680748,9.22657203674316,75.8828627467155,0,6.19510763883591,2.94269776344299,5.91476228833199,0,294.432610720396,0,1.00213348865509,4.07468998432159,11.0865080356598,0,0,0,1521.36711716652,0,55.2414426505566,0,13.7026914358139,0,0.839453458786011,0,0.590881824493408,0,0,0,0,0,0,0,0,0,0,0,0,0,0,0,0,0,0,0,0,0,0,0,0,0,0
196.963499844074,0,8.58866900205612,0,8.01360467076302,0,14.9855845570564,0,11.2905605435371,0,241.147183477879,0,104.749925374985,0,26.8047878742218,0,2488.53929191828,1.00298428535461,4.97958552837372,0,0,0,1.34072029590607,0,0,0,1.22594511508942,0,1426.23410218954,0,0,2.05450201034546,9.82654857635498,14.5095306634903,9.26908427476883,2.50257897377014,69.9123174846172,0.774942934513092,7.59167441725731,0,2.17082113027573,0,18.7838951945305,0,95.9199801683426,0,47.6734781861305,0,122.886062949896,0,618.201277405024,0,20.4350879788399,0,24.2040703296661,0,554.739391386509,10.7041861414909,744.391150087118,0,922.442440748215,1.455775141716,2105.90246656537,1.15478217601776,465.020593523979,0,382.24015083909,13.6669384241104,17.992375344038,10.8905212879181,117.466425895691,3.09608882665634,294.599626332521,4.32380735874176,9.03375422954559,0,265.479928284883,10.2932298779488,1185.73667937517,0,0,0,988.662998110056,0,4288.48374837637,0,54.1189115345478,0,173.297281086445,0,0.74870777130127,0,0,0,5.72726964950562,0,2.97494542598724,0,3.19252109527588,0,0,0,0,0,0,0,0,0,0,1.49950766563416,0,0,0,0,0,0
0,38.3072908818722,0,2.16301673650742,0,5.00418218970299,0,14.8415798246861,0,5.48460432887077,0,72.0857540369034,0,10.9602624177933,0,17.2604343295097,1.79879999160767,738.345940977335,0,9.82172238826752,0,0,0,0,0,0.99172055721283,0,1.81203526258469,0,797.118744671345,0,2.11924880743027,22.4754203855991,15.8258356750011,33.9586511552334,32.2759392857552,10.8271802663803,85.4316553175449,0,9.14594373106956,0,14.5731651186943,6.10293853282928,49.0610958635807,0,175.153843432665,0,57.0069940388203,0,242.638616323471,0,786.35016721487,0,18.6339896023273,0,25.8351982235909,5.50710159540176,241.395457059145,1.02949213981628,1035.76353913546,2.14989960193634,423.409378051758,1.64034724235535,2171.5426492393,3.46219396591187,1285.9901868999,20.0255347490311,563.02722966671,2.60898023843765,21.5756698250771,35.3605462312698,48.1519877910614,3.92977964878082,1038.09112375975,0,53.5511699020863,50.2491003274918,210.35893663764,3.36029469966888,1521.36711716652,0,0,0,1630.69018009305,0,5253.84890022874,0,63.3601413667202,0,189.556926131248,0,0,0,0,0,6.09468424320221,0,0,0,0,0,0,0,0,0,0,0,0,0,0,0,0,0,0,0,0
46.8053263425827,0,78.659041672945,1.74205088615417,100.330534160137,0,82.8786579668522,0,69.9313018023968,0,131.64933860302,0,94.1610944271088,0,165.943540602922,0,118.876136600971,0,121.955256104469,7.55947554111481,16.3293362855911,0,24.3942512869835,0,4.42807251214981,0,15.540283113718,0,1858.58756932616,0,4.69110751152039,0.853832721710205,4.77253288030624,3.697190284729,0.569642901420593,0.861574470996857,211.79282104969,1.21309220790863,144.744533121586,0,716.360844433308,0,3.3101527094841,0,3.44700258970261,0,14.7518386244774,0,0,0,50.6066896021366,0,4.4814640879631,0,71.8634026050568,0,14.884372740984,0,9.6212010383606,0,22.9103473722935,0,19.8946212232113,0,20.3579499125481,0,6.04604130983353,0,6.12703061103821,0,64.3143766522408,6.1466224193573,220.157232582569,5.4758163690567,11.7575804591179,3.63089805841446,67.0682811141014,0,13.8958575129509,0,988.662998110056,0,0,0,703.626413673162,0,1118.34653162956,0,108.856556147337,0,0,0,0,0,2.39234501123428,0,1.31862461566925,0,0,0,0,0,0,0,0,0,0,0,0,0,0,0,0,0,0,0
0,0,0,0,0,357.290669769049,0,0,0,45.5389485657215,0,0,0,0,1.804861754179,195.228257596493,0,3.84838283061981,0,0,2.31162372231483,133.506306052208,0,2.12137469649315,1.43690836429596,19.9224161207676,8.55207335948944,173.608661085367,0,713.566681563854,3.42321193218231,1.55483710765839,0,2.4391331076622,0.660428583621979,1.42806223034859,0,270.650668621063,0,214.945780456066,0,1324.63591718674,0,27.4515477120876,0,2.77751475572586,0,53.4522284865379,0,7.08827242255211,0,102.111557900906,0,2.35841184854507,0,130.75428006053,0,3.3722759783268,0,19.0188648700714,0,4.57841491699219,0,14.8004552721977,0,19.0562554895878,0,12.9577465057373,0,0,4.86549833416939,24.4528493285179,0.643097639083862,779.521263450384,0.856758892536163,12.4758595526218,0,27.2619054615498,0,55.2414426505566,0,1630.69018009305,0,0,0,943.144734144211,0,1506.69903755188,0,133.478478938341,0,0,0,0,0,0,0,0,0,1.79757070541382,0,0,0,0,0,0,0,0,0,0,0,0,0,0,0,0
1286.18347033858,0,40.7836465239525,0,74.0922049880028,0,112.376518249512,0,84.1361550986767,0,384.020398706198,0,45.5347552895546,0,136.274110555649,0,329.124506384134,0,4.54787468910217,0,6.01051461696625,0,4.0723911523819,0,3.13040536642075,0,14.9855196774006,0,598.93794041872,0,6.34445172548294,0,12.758710205555,2.50318950414658,29.8242526650429,14.8728397488594,198.402407169342,0,10.6587994992733,0,37.5310836732388,0,73.6076181530952,3.34657192230225,160.428669273853,2.48673009872437,175.681379944086,0,177.766058087349,0,3561.76397502422,0,367.51194268465,0,154.537394195795,0,648.684154450893,0,243.524999141693,0,1478.85131388903,0,1025.51510670781,0,3503.32374736667,0,165.530624806881,16.8652144670486,0,0,131.099070668221,7.43216383457184,549.263465553522,0,23.4897077679634,6.8673905134201,198.379672974348,0,14.7812637686729,0,4288.48374837637,0,703.626413673162,0,0,0,802.501520514488,0,4918.7745783627,0,15.9868947267532,0,0,0,4.33477735519409,0,2.75001221895218,0,4.2140776515007,0,0,0,0,0,0,0,0,0,0,0,0,0,0,0,0,0
0,617.065863013268,0,27.5530750155449,0,71.3524785935879,0,593.1545573771,0,14.8206458389759,0,482.091439515352,0,84.2632430791855,0,55.3759671747684,0,143.015816628933,0,20.2185508906841,0.683219850063324,4.17765000462532,0,0,0,2.68123754858971,0,30.1749194562435,0,345.038813054562,0,0.67775958776474,1.41198867559433,5.93793278932571,14.4648875892162,23.5225137174129,1.97679507732391,346.914782524109,0,25.2297851443291,0,141.695431560278,43.2888026833534,106.147499203682,2.06601190567017,105.094708412886,0.647434294223785,254.431206941605,0,294.183528125286,0,4004.42888554931,0,280.734597921371,0,370.329516083002,0,82.0181139409542,0,226.07543477416,0,732.35778465867,0,1405.0773794353,0,2686.67654299736,0,120.322411626577,0,1.20194581151009,5.5640224814415,241.176683187485,0,1680.41472649574,0,131.859634906054,13.4317782521248,235.729167759418,0,13.7026914358139,0,5253.84890022874,0,943.144734144211,0,0,0,1120.19425502419,0,5536.83843770623,0,2.15017259120941,0,0,0,1.61641192436218,0,0,0,18.3297141194344,0,0,0,0,0,0,0,0,0,0,0,0,0,0,0,0
0,0,19.8166843652725,0,144.055042475462,0,8.69029504060745,0,119.770983487368,0,0,0,5.1002254486084,0,197.319492042065,0,0,0,0,0,20.9317203164101,2.0923513174057,5.89596968889236,0,6.13846445083618,0,34.3933207094669,0.651544451713562,522.681476742029,0,5.46574532985687,0,0,0,1.0374790430069,0,1101.8124268651,13.9289618134499,210.282718539238,0,675.746929466724,17.2972697615623,5.57424241304398,0,0,0,79.5095549225807,0,0,0,40.3545333743095,0,22.3000575304031,0,677.872008442879,0,0,0,0,0,0,0,6.36480379104614,0,2.90279680490494,0,11.257997751236,0,0,0,40.236456900835,31.0592935681343,150.964916050434,14.7135127186775,69.5840893685818,30.2712893486023,116.019333451986,0,0,0,54.1189115345478,0,1118.34653162956,0,802.501520514488,0,0,0,1263.00070980191,0,0,0,0,0,7.05118930339813,0,3.07024419307709,0,0,0,0,0,0,0,0.593457460403442,0,0,0,0,0,0,0,0,0,0,0
0,0,0,0.406779259443283,0,121.914313226938,0,0,0,35.4505708515644,0,0,0,0,0.509860575199127,55.2056572139263,0,0,0,0,2.04336500167847,41.4562589228153,0,0.541469216346741,0,11.6993743479252,5.15742093324661,74.0942493677139,0,51.0586916804314,0.924298882484436,0.597382426261902,0,2.35524392127991,0,1.03289747238159,4.94941943883896,865.275080502033,0,477.562701374292,6.46357935667038,1310.85652044415,0,29.8318798542023,0,0,0,52.7284770607948,0,0,0,5.70936647057533,0,4.44887781143188,0,648.094820201397,0,0,0,0.454322665929794,0,0,0,6.92579853534698,0,0.927711546421051,0,7.88919144868851,0,0,9.48946532607079,35.9643390476704,11.4379895329475,230.359635800123,11.30068141222,48.6188791394234,0,92.7639712095261,0,0.839453458786011,0,63.3601413667202,0,1506.69903755188,0,1120.19425502419,0,0,0,1372.63774177432,0,0,0,0,0,0,0,0.58778989315033,0,0,0,0,0,0,0,0,0,0,0,0,0,0,0,0,0,0
893.533856034279,0,6.51663643121719,0,54.6977756619453,0,16.6095732450485,0,46.0867401659489,0,73.5903966128826,0,5.30827468633652,0,72.2532730102539,0,82.9054536819458,0,0,0,14.8877550363541,0,1.56768727302551,0,2.91804850101471,0,21.1375988125801,0.451802104711533,278.922412842512,0,4.36993712186813,0,5.29374527931213,0,142.945402652025,96.3250198066235,1662.92887625098,20.551854133606,190.602603852749,0,163.150077193975,32.507167994976,339.287537366152,1.40957236289978,162.989610284567,0,943.544354110956,3.16476893424988,310.699438154697,0,2038.50366815925,0,1287.08960095048,0,3711.50056225061,0,555.939408063889,0,222.542766660452,0,608.279456704855,0,112.385426342487,0,616.807105064392,0,521.585798084736,21.239883184433,0,0,131.633752822876,57.9405017495155,352.669088691473,43.3890463709831,178.217688590288,74.3693470656872,423.849802792072,0,7.01874113082886,0,173.297281086445,0,108.856556147337,0,4918.7745783627,0,1263.00070980191,0,0,0,71.9703431725502,0,0,0,12.6663318276405,0,2.37628799676895,0,30.7063410878181,0,0,0,0,0,0,0,1.31030523777008,0,0,1.27444887161255,0,0,0,0,0,0
0,154.566389560699,0,3.40034782886505,0,17.6516961455345,0,42.8826695084572,0,10.5742566287518,0,34.4678834676743,0,0,0,10.1956462264061,0,7.88430678844452,0,0,2.47011184692383,0.861872315406799,0,0,0,0,0,7.18787661194801,0,46.0874409079552,0,0,1.43680834770203,0.838590681552887,34.7459608316422,23.5490263402462,16.7912849187851,1819.78091773391,0,84.9702149629593,7.97399181127548,284.671286165714,68.611006706953,210.358690083027,0,257.004540145397,3.74098810553551,500.163399636745,0,370.907649368048,0,1689.38382846117,0,894.237565010786,0,2486.99234163761,0,15.9449084699154,0,178.738128483295,0,35.8931589722633,0,100.457821965218,0,299.106184840202,5.96580702066422,170.678067803383,0,1.95633548498154,15.4065316915512,140.279747754335,7.20286375284195,477.14876934886,9.01036459207535,125.01084458828,8.45954978466034,216.515778720379,0,0.590881824493408,0,189.556926131248,0,133.478478938341,0,5536.83843770623,0,1372.63774177432,0,0,0,12.6943200826645,0,0,0,2.46227985620499,0,2.95526444911957,0,6.04445651173592,0,0,0,0,0,0,0,0,0,0,0,0,0,0,0,0
0,0,0,0,0,0,0,0,0,0,0,0,0,0,0,0,0,0,0,0,0,0,0,0,0,0,0,0,17.2313230633736,0,0,0,0,0,2.97447276115417,0.542138755321503,79.3468256592751,9.72569841146469,132.649031996727,73.012658059597,12.7992888689041,0,316.471376150846,0,27.5469144284725,0,580.344367235899,2.83886474370956,52.1536475121975,0,53.0769273638725,0,50.1735111773014,0,185.235111087561,0,0,0,0.469270527362823,0,0,0,0,0,0,0,44.7126448750496,2.63229185342789,0,0,0.666529357433319,0,46.5829353034496,0.936813712120056,28.8707906007767,13.5880465507507,108.301072210073,32.2815295755863,0,0,0.74870777130127,0,0,0,15.9868947267532,0,0,0,71.9703431725502,0,0,24.6991326212883,1979.48562562466,0,399.438083678484,167.930380880833,2043.63675512373,94.8880397975445,3199.48710915446,54.1391181945801,614.366678863764,3.20587283372879,519.982007354498,36.796295106411,448.590751349926,35.9109862148762,579.841565072536,78.9898191690445,29.9431143403053,59.0853835940361,114.534849643707,44.3543241620064,75.2854507863522,7.3025518655777,4.19448590278625,16.3293274044991
0,0,0,0,0,0,0,0,0,0,0,0,0,0,0,0,0,0,0,0,0,0,0,0,0,0,0,0,0,0,0,0,0,0,0,0,58.9482821822166,35.6448725163937,313.022543638945,99.4350254535675,0,6.72316265106201,78.1768933534622,16.9750574231148,0,0,0,243.503706663847,0,0,0,1.84225785732269,0,2.28217136859894,0,21.0994518995285,0,0,0,0,0,0,0,0,0,0,0,1.24848031997681,0,0,1.60453414916992,7.78629344701767,0,16.8098081350327,50.7581136822701,58.3785554766655,21.6380146145821,168.209541618824,0,0,0,0,0,0,0,2.15017259120941,0,0,0,12.6943200826645,24.6991326212883,0,0.815114319324493,2894.44505575299,128.827532023191,580.667860597372,410.211936533451,711.586424559355,83.7969753742218,1994.83840796351,7.03796654939651,238.322558373213,39.4417742490768,904.724440217018,20.028012663126,286.507853150368,179.82693952322,384.988889425993,47.5689938664436,44.5436629056931,190.274424791336,72.1749759614468,121.600755691528,2.54511219263077,39.0715249180794,14.5804590284824
0,0,0,0,0,0,0,0,0,0,0,0,0,0,0,0,0,0,0,0,0,0,0,0,0,0,0,0,0,0,0,0,0,0,0,0,24.9116363525391,1.75011914968491,26.5290187001228,20.0319344997406,0,0,0,0,0,0,1.37600535154343,0.705161422491074,0,0,0,0,0,0,2.83048492670059,0,0,0,0,0,0,0,0,0,0,0,0,0,0,0,0,0,1.95929419994354,0,5.30209442973137,1.12793588638306,54.7920074760914,7.23568758368492,0,0,0,0,0,0,0,0,0,0,0,0,1979.48562562466,0.815114319324493,0,1.9616950750351,327.841148287058,21.8643965423107,610.912160903215,14.5902307629585,273.327057927847,5.78978186845779,1868.11479473114,0,939.098573774099,1.88325625658035,495.333185881376,9.50118601322174,193.787854343653,21.1165736019611,27.9498631358147,57.1273265182972,124.629821062088,50.9824344217777,99.2568968236446,14.4106357097626,6.33115136623383,18.8353457450867
0,0,0,0,0,0,0,0,0,0,0,0,0,0,0,0,0,0,0,0,0,0,0,0,0,0,0,0,0,0,0,0,0,0,0,0,21.3963477015495,21.0360008478165,85.8933502137661,25.3522154688835,0,0,0,0,0,0,0,17.3231068849564,0,0,0,0,0,0,0,0,0,0,0,0,0,0,0,0,0,0,0,0,0,0,0,2.78647020459175,0,3.65616157650948,2.52660566568375,16.3747276365757,13.2493940889835,149.847048044205,0,0,0,0,0,0,0,0,0,0,0,0,0,2894.44505575299,1.9616950750351,0,43.2284751832485,250.304508954287,100.78883138299,284.319914519787,17.3315172791481,347.51068931818,0,1520.22079905868,12.4011290073395,1344.10893085599,13.3574530482292,527.717770725489,68.2959086894989,246.723959416151,75.8957093060017,117.059560865164,319.412825345993,90.6064665317535,183.116208434105,23.1625969707966,122.728154271841,28.8439913392067
88.4452166855335,0,6.02406942844391,0,0,0,8.22422164678574,0,2.17502552270889,0,1.15806722640991,0,1.71219408512115,0,3.35501861572266,0,3.24461370706558,0,25.1831956505775,0,0.931998610496521,0,1.54879689216614,0,0,0,0,0,12.9852539300919,0,0,0,0,0.749341905117035,1.13927066326141,2.31231528520584,245.761754184961,14.7234852910042,122.631289809942,37.7451167106628,2.94903880357742,0,1.92622017860413,0,0,0,17.5173643827438,3.07429358363152,12.0097088217735,0,42.659362912178,0,2.48516070842743,0,10.7941540777683,0,136.206041395664,0,98.0458064973354,0,49.9457325339317,0,6.85334545373917,0,8.57964444160461,0,55.5966573953629,0,95.3355911970139,0,120.444234073162,24.1883071064949,273.813268840313,6.88432437181473,248.981050342321,33.6987159252167,683.679941266775,124.752807885408,1.02959728240967,0,5.72726964950562,0,2.39234501123428,0,4.33477735519409,0,7.05118930339813,0,12.6663318276405,0,399.438083678484,128.827532023191,327.841148287058,43.2284751832485,0,110.107928961515,1301.15546764433,48.0176362991333,198.069671243429,46.6223764121532,271.913554817438,24.1143128275871,516.431145399809,82.2091017365456,579.700654566288,82.2430757880211,224.548058331013,24.8549853861332,113.382213503122,380.700410947204,249.878251522779,34.2300794422626,48.1774616837502,53.1339201927185,32.6561039686203,48.1462588608265
1.09861946105957,114.363237798214,0,16.0788662731647,0,0,0,9.14678674936295,0,0.877888798713684,0,1.1580628156662,0,1.97997641563416,0,0,0,2.04576003551483,0,19.6710247993469,0,0,0,0.443855047225952,0,0,0,1.01450204849243,0,0.852367639541626,0,0.648109316825867,0,1.78382450342178,1.74568223953247,4.36669743061066,43.6755228638649,140.293226659298,218.385317504406,128.418679714203,0,1.94258254766464,1.93977928161621,5.69211727380753,0,3.21940100193024,1.29752826690674,141.033920973539,0,5.40493446588516,0,5.61778125166893,0,0,0,2.99969118833542,0,96.3128684163094,0,32.4065403938293,0,8.5604727268219,0,9.97326344251633,0,10.9890143275261,0,43.3310501277447,0,34.6656463742256,6.88653945922852,156.520101696253,9.55448800325394,77.1394429504871,43.1848935484886,191.063481539488,64.6924375593662,714.183327898383,0,0,0,6.09468424320221,0,0,0,1.61641192436218,0,0,0,2.46227985620499,167.930380880833,580.667860597372,21.8643965423107,250.304508954287,110.107928961515,0,262.707906961441,1341.28845885396,102.129718005657,351.978432148695,42.2634402513504,99.3738083541393,82.6819817125797,311.041241049767,48.0816057622433,374.718960374594,58.7015525400639,116.301279872656,90.9943722784519,268.119734555483,282.743245333433,20.9141940176487,16.9495839774609,8.29912331700325,29.9969701468945,18.4047244787216
2.75674897432327,0,0,0,0,0,0,0,0,0,0,0,0,0,1.2659786939621,0,1.67342400550842,0,0.753036081790924,0.922509372234344,0,0,0,0,0,0,0,0,0.613409578800201,0,0,0,0,2.37136936187744,2.08340489864349,0,119.216639310122,31.2712447047234,168.423125565052,117.339465022087,0.727523863315582,0,2.41911369562149,0,2.56547063589096,0,23.913239389658,6.46440821886063,6.72140121459961,0,12.0492662787437,0,1.14488506317139,0,6.46433919668198,0,17.659639775753,0,8.48012858629227,0,1.16986221075058,0,1.30383586883545,0,0,0,6.72594222426414,0,7.51728427410126,0,23.9826664030552,13.9611630439758,55.4899193048477,1.80118811130524,83.7935709357262,41.5941278636456,286.439974069595,106.020801693201,0,0,2.97494542598724,0,1.31862461566925,0,2.75001221895218,0,3.07024419307709,0,2.37628799676895,0,2043.63675512373,410.211936533451,610.912160903215,100.78883138299,1301.15546764433,262.707906961441,0,168.493024617434,2733.45530763268,167.860064834356,439.392388179898,69.0890620648861,654.452282160521,234.507198244333,767.874561518431,70.1757799088955,376.462662696838,66.453605145216,46.4060977995396,271.193631947041,570.056200265884,271.497828423977,108.470588177443,31.5609765052795,18.0980739593506,22.0006179213524
0,0,0,0,0,0,0,0,0,0,0,0,0,0,0,0,0,0,0,0,0,0,0,0,0,0,0,0,0,0,0,0,0,0,0,0,19.7895435094833,22.0990779697895,79.3187947273254,43.6261998713017,0,0,1.62748867273331,31.6644474565983,0.91653037071228,8.99783843755722,0,86.5907142162323,0,0,0,1.14970600605011,0,0,0,44.2767803668976,0,0,0,0,0,0,0,0,0,0,0,3.4555881023407,0,0,3.2722789645195,8.33376640081406,7.89699405431747,4.37753236293793,20.94642162323,22.9678998291492,20.3792468309402,79.0445990562439,0,0,0,0,0,0,0,0,0,0.58778989315033,0,2.95526444911957,94.8880397975445,711.586424559355,14.5902307629585,284.319914519787,48.0176362991333,1341.28845885396,168.493024617434,0,81.2977039813995,2332.07611405849,16.7742230296135,72.6919910907745,57.757028400898,325.745891183615,20.6236566901207,369.448180168867,55.1638213098049,107.042715966702,31.5411164462566,51.0748643279076,749.57920062542,83.4212795197964,43.6676835715771,4.30340957641602,27.2831443548203,10.4021520614624
0,0,0,0,0,0,0,0,0,0,0,0,0,0,0,0,0,0,0,0,0,0,0,0,0,0,0,0,9.54357689619064,0,0,0,0,0,1.17231690883636,0.580754697322845,55.8260259330273,16.2792322039604,48.3802052438259,38.4593562483788,8.04157757759094,0,252.011226207018,0,17.5225045084953,0,518.928964167833,0,12.9791373610497,0,6.24172115325928,0,33.6299603581429,0,165.499772191048,0,0,0,0,0,0,0,0,0,0,0,19.0908727049828,2.95603573322296,0,0,4.54413068294525,2.61260056495667,17.5014530420303,2.67366564273834,40.6420665085316,9.1282354593277,60.2857464849949,34.2583106160164,0,0,3.19252109527588,0,0,0,4.2140776515007,0,0,0,30.7063410878181,0,3199.48710915446,83.7969753742218,273.327057927847,17.3315172791481,198.069671243429,102.129718005657,2733.45530763268,81.2977039813995,0,38.8111907243729,131.260706752539,10.2961854636669,138.773177713156,74.2667920589447,128.807903647423,23.4459602534771,115.117092072964,31.4351663589478,8.02731418609619,8.82728663086891,102.369234472513,130.649909317493,51.3168501853943,2.32464122772217,0.898896515369415,0
0,0,0,0,0,0,0,0,0,0,0,0,0,0,0,0,0,0,0,0,0,0,0,0,0,0,0,0,0,0,0,0,0,0,0,1.44198215007782,21.5893985033035,19.3463336825371,112.26730889082,36.5656940042973,0,3.87121683359146,39.1816543340683,31.9671172499657,0,7.27278792858124,0,479.305952697992,0,7.77431416511536,0,2.94995313882828,0,53.4365418553352,0,157.296762883663,0,0,0,0,0,0,0,0,0,0,2.83224105834961,0,0,0,0,5.63970702886581,0,13.728313267231,18.5674498081207,17.409270465374,16.8951327800751,47.4004769325256,0,0,0,0,0,1.79757070541382,0,18.3297141194344,0,0,0,6.04445651173592,54.1391181945801,1994.83840796351,5.78978186845779,347.51068931818,46.6223764121532,351.978432148695,167.860064834356,2332.07611405849,38.8111907243729,0,8.32863467931747,57.3374824821949,39.0519855618477,243.548973441124,14.0056346952915,99.8758828341961,45.1281042993069,143.875462859869,11.8233399987221,22.0160937011242,216.133640110493,235.904413610697,309.926490068436,13.7303481698036,12.2220222353935,1.39497810602188
0,0,0,0,0,0,0,0,0,0,0,0,0,0,0,0,0,0,0,0,0,0,0,0,0,0,0,0,0,0,0,0,0,0,0,0,16.1928773224354,3.12826478481293,22.3791528642178,14.8617965579033,0,0,0,0,0,0,0.820217341184616,0,0,0,0,0,0,0,1.74462789297104,0,0,0,0,0,0,0,0,0,0,0,0,0,0,0,1.67566847801208,0.93320107460022,0,0,16.1789620816708,1.84787532687187,67.9446837306023,11.196639508009,0,0,0,0,0,0,0,0,0,0,0,0,614.366678863764,7.03796654939651,1868.11479473114,0,271.913554817438,42.2634402513504,439.392388179898,16.7742230296135,131.260706752539,8.32863467931747,0,1.03625380992889,2286.23033714294,10.1915846168995,540.608064591885,9.40950673818588,270.290684014559,28.1934861242771,37.2427440285683,56.9916706681252,87.116651058197,20.0832391381264,20.5940460562706,8.66702020168304,10.5581505298615,16.7489827275276
0,0,0,0,0,0,0,0,0,0,0,0,0,0,0,0,0,0,0,0,0,0,0,0,0,0,0,0,0,0,0,0,0,0,0,0,18.0099305510521,20.2915170490742,32.509260892868,20.5508914291859,0,0,0,0,0,0,0,3.41382065415382,0,0,0,0,0,0,0,0,0,0,0,0,0,0,0,0,0,0,0,0,0,0,0,1.60906803607941,0,3.91848373413086,10.0490689277649,12.8593466579914,12.940898001194,103.50741186738,0,0,0,0,0,0,0,0,0,0,0,0,3.20587283372879,238.322558373213,0,1520.22079905868,24.1143128275871,99.3738083541393,69.0890620648861,72.6919910907745,10.2961854636669,57.3374824821949,1.03625380992889,0,5.05247536301613,1778.61993008852,8.83237752318382,406.738839685917,56.7368020713329,186.870870560408,19.7618771493435,31.3096263408661,40.974253565073,3.46343949437141,11.0161653757095,4.24862170219421,35.6791473031044,7.93676307797432
0,0,0,0,0,0,0,0,0,0,0,0,0,0,0,0,0,0,0,0,0,0,0,0,0,0,0,0,1.06318700313568,0,0,0,0,0,0,0,40.2784935235977,13.2866767048836,46.6983068585396,27.6116071939468,0,0,0,0,0,0,3.64171868562698,0.628072321414948,0,0,0,0,0,0,0.580448687076569,0,0,0,0,0,0,0,0,0,0,0,0,0,0,0,2.87531173229218,1.49714547395706,17.1495424509048,0,42.8925894200802,18.1830539405346,143.901150614023,34.8774601817131,0,0,0,0,0,0,0,0,0,0,0,0,519.982007354498,39.4417742490768,939.098573774099,12.4011290073395,516.431145399809,82.6819817125797,654.452282160521,57.757028400898,138.773177713156,39.0519855618477,2286.23033714294,5.05247536301613,0,83.9602889716625,5827.18581488729,41.4429945349693,684.185694009066,69.8323757946491,111.093778371811,187.22034355998,362.34901162982,89.306255787611,117.40333789587,455.140381783247,286.902171611786,114.33855459094
0,0,0,0,0,0,0,0,0,0,0,0,0,0,0,0,0,0,0,0,0,0,0,0,0,0,0,0,0,0,0,0,0,0,0,0,54.878328204155,56.9830898344517,94.9631764292717,30.873892813921,0,0,0,0.455934196710587,0,0,0.33396103978157,21.6398630440235,0,0,0,0,0,0,0,0,0,0,0,0,0,0,0,0,0,0,0,0,0,0,1.10018360614777,33.4744993746281,0,17.8005023896694,24.2860622704029,77.010334789753,45.7749795019627,365.257019251585,0,0,0,0,0,0,0,0,0,0,0,0,36.796295106411,904.724440217018,1.88325625658035,1344.10893085599,82.2091017365456,311.041241049767,234.507198244333,325.745891183615,74.2667920589447,243.548973441124,10.1915846168995,1778.61993008852,83.9602889716625,0,30.8649337887764,4133.8024649322,147.735411912203,530.68227943778,139.715739160776,219.738244771957,446.154814511538,80.1595138907433,145.042112231255,270.084455728531,358.350877404213,56.3397146463394
0,0,0.552771091461182,0,0,0,0,0,0,0,0,0,0,0,0,0,0,0,0,0,0,0,0,0,0,0,0,0,0,0,0,0,0,0,0,0,20.4068102836609,7.16837120056152,24.0779551267624,8.17618811130524,1.00476631522179,0,0,0,0,0,3.76340907812119,0,0,0,0,0,0,0,1.58349096775055,0,0,0,0,0,0,0,0,0,0,0,0,0,0,0,18.9870864450932,9.59315392374992,15.7750196754932,1.02780723571777,41.9949165582657,16.7386501133442,288.918507397175,97.6160153150558,0,0,0,0,0,0,0,0,0.593457460403442,0,0,0,448.590751349926,20.028012663126,495.333185881376,13.3574530482292,579.700654566288,48.0816057622433,767.874561518431,20.6236566901207,128.807903647423,14.0056346952915,540.608064591885,8.83237752318382,5827.18581488729,30.8649337887764,0,277.214073598385,556.387871742249,27.3937440216541,160.252149045467,162.329307436943,418.376318603754,61.2631163299084,77.5584060549736,48.3166548013687,166.946146994829,278.097615212202
0,0,0,0,0,0,0,0,0,0,0,0,0,0,0,0,0,0,0,0,0,0,0,0,0,0,0,0,0,0,0,0,0,0,0,0,11.5756448507309,28.7590388357639,25.5064015388489,9.02134609222412,1.37211233377457,0.61509644985199,0,0,0,0,0.418296337127686,19.9194049537182,0,0,0,0,0,0,0,0,0,1.14696717262268,0,0,0,0,0,0,0,0,0,0,0,0,1.75343310832977,35.6917489171028,5.25757080316544,13.8115017414093,20.7061344385147,62.0180169343948,97.6828660368919,327.326563686132,0,0,0,0,0,0,0,0,0,0,0,0,35.9109862148762,286.507853150368,9.50118601322174,527.717770725489,82.2430757880211,374.718960374594,70.1757799088955,369.448180168867,23.4459602534771,99.8758828341961,9.40950673818588,406.738839685917,41.4429945349693,4133.8024649322,277.214073598385,0,56.863394767046,392.654597491026,183.345126211643,271.309156835079,680.701496839523,55.0871568918228,79.7620624601841,72.166223347187,471.90997171402,322.844314754009
0,0,1.1749871969223,0,0,0,0,0,0,0,0,0,0,0,0,0,0,0,0,0,0,0,0,0,0,0,0,0,0,0,0,0,0,0,0,0,50.907000541687,14.2173676490784,44.0872170031071,27.0405436754227,0.596659541130066,0,0,0,0,0,0.427286505699158,1.02998366951942,0,0,0,0,0,0,0,0,0,0,0,0,0,0,0,0,0,0,0,0,0,0,17.6297592520714,11.6141653060913,22.4244543612003,4.37506517767906,49.5995595157146,21.8500671386719,119.295432209969,73.2757395803928,0,0,0,0,0,0,0,0,0,0,1.31030523777008,0,579.841565072536,179.82693952322,193.787854343653,68.2959086894989,224.548058331013,58.7015525400639,376.462662696838,55.1638213098049,115.117092072964,45.1281042993069,270.290684014559,56.7368020713329,684.185694009066,147.735411912203,556.387871742249,56.863394767046,0,65.0308975875378,50.2407755553722,46.7505828440189,99.4010118246078,11.6287669241428,12.4808259010315,7.86884281039238,8.26734837889671,54.0574682354927
0,0,0,1.62201464176178,0,0,0,0,0,0,0,0,0,0,0,0,0,0,0,1.22580718994141,0,0,0,0,0,0,0,0,0,0,0,0,0,1.57363760471344,0,0,15.373664021492,24.9061254858971,28.8125879764557,11.8999773859978,0,0,0,0,0,0,0,1.43446815013885,0,0,0,0,0,0,0,0,0,0,0,0,0,0,0,0,0,0,0,0,0,0,2.85827767848969,20.5878407359123,5.70320773124695,9.04641008377075,29.373065829277,42.3567971885204,33.3923667371273,123.971511900425,0,0,0,0,0,0,0,0,0,0,0,0,78.9898191690445,384.988889425993,21.1165736019611,246.723959416151,24.8549853861332,116.301279872656,66.453605145216,107.042715966702,31.4351663589478,143.875462859869,28.1934861242771,186.870870560408,69.8323757946491,530.68227943778,27.3937440216541,392.654597491026,65.0308975875378,0,16.356377363205,42.4032441675663,57.6452204585075,7.1213022172451,5.28866076469421,5.98427087068558,24.8193227052689,27.7215203344822
1.97615259885788,0.743885815143585,0,6.45983237028122,0,0,1.21263229846954,5.90692460536957,0.986608326435089,1.0572555065155,0,0,0,0,1.2635440826416,1.24426519870758,0,1.70087337493896,1.13485944271088,8.78303879499435,0,0,1.49253165721893,0,0,0,0,0,0,0,0,0.55184131860733,0,2.81484413146973,0,0,20.0995504558086,2.82624298334122,7.29007071256638,0,0.575408458709717,1.41854739189148,0,0,0,0,7.5804298222065,12.5393643379211,0,0,0,0,0,0,0,0,0,1.25724804401398,0,0,0,0,0,0,0,0,0,0,0,0,28.167577534914,36.1726657152176,17.6526736021042,10.1922062635422,43.3244137465954,47.5535475611687,468.856842637062,388.085383981466,0,0,0,0,0,0,0,0,0,0,0,0,29.9431143403053,47.5689938664436,27.9498631358147,75.8957093060017,113.382213503122,90.9943722784519,46.4060977995396,31.5411164462566,8.02731418609619,11.8233399987221,37.2427440285683,19.7618771493435,111.093778371811,139.715739160776,160.252149045467,183.345126211643,50.2407755553722,16.356377363205,0,320.315527230501,218.766391813755,42.9474487006664,80.1669277846813,202.989637881517,84.4298488497734,151.804177910089
2.53300225734711,4.85032314062119,0,1.30538558959961,0,0,0,3.1053706407547,0.584241211414337,0,0,0,0,0,0,0,0,0,0,2.59428858757019,0,0,0,1.90788650512695,0,0,0,0,1.79546177387238,0,0,1.37996685504913,0,0,1.57991909980774,0,79.7945410013199,16.1931507885456,7.62500670552254,1.54395958781242,0.938192307949066,0,0,0,0,0,58.9014561772346,106.909521251917,0,0,0,0,0,0,0,0,4.79571914672852,1.2017594575882,3.430972635746,0,0,0,0,0,0,0,4.38595241308212,0,9.69777679443359,1.24062514305115,16.0832649767399,19.0632001459599,19.6001042723656,5.96050572395325,29.6737408339977,16.5441054701805,663.010462373495,731.888843610883,0,0,1.49950766563416,0,0,0,0,0,0,0,1.27444887161255,0,59.0853835940361,44.5436629056931,57.1273265182972,117.059560865164,380.700410947204,268.119734555483,271.193631947041,51.0748643279076,8.82728663086891,22.0160937011242,56.9916706681252,31.3096263408661,187.22034355998,219.738244771957,162.329307436943,271.309156835079,46.7505828440189,42.4032441675663,320.315527230501,0,836.086550027132,69.3793070018291,159.920851796865,401.621687591076,130.484013080597,175.592171251774
0,0,0,0,0,0,0,0,0,0,0,0,0,0,0,0,0,0,0,0,0,0,0,0,0,0,0,0,0,0,0,0,0,0,0,0,3.21949005126953,3.9857531785965,13.6673119068146,5.94842195510864,0,0,0,7.20973384380341,0,2.69925391674042,1.83291625976562,17.7527141869068,0,1.9258074760437,0,0,0,0,0,0,0,0,0,0,0,0,0,0,0,0,0,0,0,0,1.27823138237,6.25450599193573,1.07553291320801,1.59350514411926,9.08418598771095,8.98746731877327,17.1264029741287,77.9227847456932,0,0,0,0,0,0,0,0,0,0,0,0,114.534849643707,190.274424791336,124.629821062088,319.412825345993,249.878251522779,282.743245333433,570.056200265884,749.57920062542,102.369234472513,216.133640110493,87.116651058197,40.974253565073,362.34901162982,446.154814511538,418.376318603754,680.701496839523,99.4010118246078,57.6452204585075,218.766391813755,836.086550027132,0,491.25141826272,348.621369153261,370.525995671749,275.881515473127,201.230232805014
0,0,0,0,0,0,0,0,0,0,0,0,0,0,0,0,0,0,0,0,0,0,0,0,0,0,0,0,0,0,0,0,0,0,0,0,0,2.54924404621124,3.81683337688446,0.708510160446167,0,0,0,0,0.619781970977783,0,8.27649986743927,2.92119291424751,0,0,0,0,0,0,0,0,0,0,0,0,0,0,0,0,0,0,0,0,0,0,0,0.661614000797272,0,0,0,1.06495261192322,11.5348851680756,8.94471237063408,0,0,0,0,0,0,0,0,0,0,0,0,44.3543241620064,72.1749759614468,50.9824344217777,90.6064665317535,34.2300794422626,20.9141940176487,271.497828423977,83.4212795197964,130.649909317493,235.904413610697,20.0832391381264,3.46343949437141,89.306255787611,80.1595138907433,61.2631163299084,55.0871568918228,11.6287669241428,7.1213022172451,42.9474487006664,69.3793070018291,491.25141826272,0,329.520491659641,219.507317066193,74.498548746109,65.1523937284946
0,0,0,0,0,0,0,0,0,0,0,0,0,0,0,0,0,0,0,0,0,0,0,0,0,0,0,0,0,0,0,0,0,0,0,0,1.34583079814911,2.29789668321609,5.21931102871895,1.58865022659302,0,0,0,0,0,0,0,3.04934373497963,0,0,0,0,0,0,0,0,0,0,0,0,0,0,0,0,0,0,0,0,0,0,0.749765932559967,1.75790169835091,0,0,1.00425311923027,0,12.3228402733803,21.4169367849827,0,0,0,0,0,0,0,0,0,0,0,0,75.2854507863522,121.600755691528,99.2568968236446,183.116208434105,48.1774616837502,16.9495839774609,108.470588177443,43.6676835715771,51.3168501853943,309.926490068436,20.5940460562706,11.0161653757095,117.40333789587,145.042112231255,77.5584060549736,79.7620624601841,12.4808259010315,5.28866076469421,80.1669277846813,159.920851796865,348.621369153261,329.520491659641,0,199.676855117083,75.0968863964081,118.697924941778
0,0,0,0,0,0,0,0,0,0,0,0,0,0,0,0,0,0,0,0,0,0,0,0,0,0,0,0,0,0,0,0,0,0,0,0,0,0,0,0.629943072795868,0.463640838861465,0,0,0,0,0,0,1.95477324724197,0,0,0,0,0,0,0,0,0,0,0,0,0,0,0,0,0,0,0,0,0,0,0,3.47591325640678,0,1.36151188611984,1.97202414274216,2.63187557458878,15.613728672266,44.0068261623383,0,0,0,0,0,0,0,0,0,0,0,0,7.3025518655777,2.54511219263077,14.4106357097626,23.1625969707966,53.1339201927185,8.29912331700325,31.5609765052795,4.30340957641602,2.32464122772217,13.7303481698036,8.66702020168304,4.24862170219421,455.140381783247,270.084455728531,48.3166548013687,72.166223347187,7.86884281039238,5.98427087068558,202.989637881517,401.621687591076,370.525995671749,219.507317066193,199.676855117083,0,418.961089760065,304.93203163147
0,0,0,0,0,0,0,0,0,0,0,0,0,0,0,0,0,0,0,0,0,0,0,0,0,0,0,0,0,0,0,0,0,0,0,0,0.541942179203033,2.2678644657135,1.49332767724991,1.04344356060028,0,0,0,0,0,0,0,4.71266260743141,0,0,0,0,0,0,0,0,0,0,0,0,0,0,0,0,0,0,0,0,0,0,1.13055896759033,7.68680787086487,0,0,2.64072543382645,5.30271446704865,9.50890067219734,69.0071623325348,0,0,0,0,0,0,0,0,0,0,0,0,4.19448590278625,39.0715249180794,6.33115136623383,122.728154271841,32.6561039686203,29.9969701468945,18.0980739593506,27.2831443548203,0.898896515369415,12.2220222353935,10.5581505298615,35.6791473031044,286.902171611786,358.350877404213,166.946146994829,471.90997171402,8.26734837889671,24.8193227052689,84.4298488497734,130.484013080597,275.881515473127,74.498548746109,75.0968863964081,418.961089760065,0,140.172230869532
0,0,0,0,0,0,0,0,0,0,0,0,0,0,0.752665281295776,0,0,0,0,0.931338965892792,0,0,0,0,0,0,0,0,0,0,0,0,0,0,0,0,8.44843062758446,2.43199262022972,1.81873404979706,2.27834802865982,0,0,0,0,0,0,0.921888023614883,2.02808964252472,0,0,0,0,0,0,0,0,0,0,0,0,0,0,0,0,0,0,0,0,0,0,9.6750839650631,14.2749724388123,2.56615567207336,1.81570315361023,15.9836100935936,12.5754401981831,101.083987385035,101.213187336922,0,0,0,0,0,0,0,0,0,0,0,0,16.3293274044991,14.5804590284824,18.8353457450867,28.8439913392067,48.1462588608265,18.4047244787216,22.0006179213524,10.4021520614624,0,1.39497810602188,16.7489827275276,7.93676307797432,114.33855459094,56.3397146463394,278.097615212202,322.844314754009,54.0574682354927,27.7215203344822,151.804177910089,175.592171251774,201.230232805014,65.1523937284946,118.697924941778,304.93203163147,140.172230869532,0
