0,331.881324619055,3007.60890713334,294.609315425158,0,0,4583.25408619642,172.523245483637,8.88199454545975,0,1954.25113463402,44.1360445916653,594.595527619123,2.23532152175903,21.6586022973061,0,600.0568395257,25.8199841380119,714.975551724434,1650.30592411757,1.16437315940857,0,3.68792620301247,4.19471848011017,0,0,0,0,777.355115264654,12.4302711486816,5.8526559472084,0,47.4894731938839,434.544685065746,0.732683002948761,2.81683203577995,941.45563274622,0,130.910927206278,0,3.03948795795441,0,2.83304035663605,0.558855593204498,1.72586452960968,0,3.01905226707458,1.99202197790146,14.9788526296616,0,152.558344274759,0,3.88201069831848,0,16.1050952076912,0,13616.0057676435,9.70859414339066,1073.29343217611,0,1316.46988850832,0,172.606028467417,0.666700184345245,564.188988387585,0,584.126406788826,19.3342946171761,2293.49142363667,27.5491271615028,3801.22422513366,236.547802150249,1795.18228617311,86.7478489875793,813.364299237728,19.34245043993,3144.87615099549,246.645774245262,10.5255789160728,0,64.0647778511047,1.14168965816498,21.1872771382332,0,469.944727540016,0,0.654632449150085,0,72.0033407211304,0,0,0,0,0,175.388138741255,3.72581207752228,24.0732700824738,0,1.00714540481567,0,0,0,1.42557525634766,0,6.73867228627205,0,10.7735931873322,0,0,4.69146871566772,0.371850073337555,0,0,0,0,20.7467670440674
331.881324619055,0,121.056219190359,5103.46709120274,0,2.2536706328392,59.1349879205227,7626.56272098422,0,7.09868407249451,4.1868000626564,2851.13249111176,2.2221268415451,1287.07739883661,0,10.4111018776894,2.82970064878464,885.195271164179,516.199197977781,2232.33630210161,0,0,0,17.6426314115524,0,0,0,0,12.4817542135715,155.099733769894,2.63623976707458,2.22596710920334,143.842742115259,127.965161383152,2.13944205641747,0.844850718975067,3.63088017702103,531.151280224323,0,82.3410608172417,0,1.75052809715271,0,0.801316797733307,0,0,0,45.6441453099251,0,41.1730033755302,0,70.0911354422569,0,0,0,2.1913697719574,51.4443483948708,13217.7509457767,0,657.992509633303,0,1262.79050880671,0,149.752129375935,0,1045.4044059217,90.3466569781303,143.472837030888,204.995146930218,882.52051371336,155.326155930758,2632.34238031507,48.8768851459026,2096.76353213191,11.8585622310638,693.358676195145,115.987012863159,4192.08909490705,0,1.75884884595871,1.20058333873749,53.5002435743809,0,0,0,338.200291216373,0,0,0,27.3110571503639,0,0,0,0,4.57602787017822,211.364761263132,3.412073969841,0,0,0,0,0,0,0,0.444140195846558,4.85999023914337,0,6.75995397567749,13.6690929830074,4.55571889877319,1.34230238199234,0,0,0,0,18.9245791435242
3007.60890713334,121.056219190359,0,515.18048915267,696.158892095089,12.2306210398674,10586.7525071204,569.76425498724,375.77007240057,22.7769587039948,550.153442561626,92.7447581589222,694.651200175285,82.4872654080391,207.77242153883,9.45391201972961,231.577569007874,23.0643600225449,1825.70792815089,957.159559428692,1.82780259847641,5.9801207780838,2779.34123522043,1238.2077652812,380.345191985369,63.8259256482124,74.5437481701374,16.4598476886749,1016.9727627933,6.2561377286911,146.767339736223,335.107076913118,145.231587439775,250.765174508095,9.944934040308,3.84389871358871,97.977025270462,0,28.5211839973927,0,0.603189170360565,0,4.3846438229084,0,0,0,1.59315237402916,0,2.4364265203476,0,4.58751118183136,0,0,0,0,0,228.394466459751,0.370374470949173,101.579099714756,0,32.4357579946518,0,21.4907495975494,0,19.1899405121803,0,741.70334148407,6.59536844491959,176.120806932449,0,2318.71032872796,652.651116281748,1525.14840114117,142.626163601875,536.59744182229,37.6110466122627,1638.16869845986,131.169136881828,0,0,35.5476872324944,0,63.7230995297432,0,51.0770058333874,0,29.3199579417706,0,4.69692853093147,0,0,0,0,0,54.9655458033085,1.99585175514221,4.51951172947884,0,0,0,0,0,0,0,0,0,0,0,3.33701550960541,0.923733592033386,0,0,0,0,0,10.9984191656113
294.609315425158,5103.46709120274,515.18048915267,0,91.5129700303078,1280.28273671865,727.715069115162,12619.0363569558,66.1623672246933,541.684144258499,32.4486568272114,998.117814093828,90.6471023857594,569.103435248137,6.92471122741699,207.066241919994,12.9473484158516,419.865478992462,882.339468032122,2714.18581315875,1.77675938606262,1.73594158887863,767.445000946522,3464.35326391459,53.157074868679,260.26376748085,29.2808910608292,23.4838230013847,56.4759711623192,239.323057174683,217.815376520157,61.2913063764572,185.577843695879,106.145125687122,1.57215070724487,1.28738570213318,6.30508208274841,131.475509375334,1.09353041648865,1.76906645298004,0,7.85265037417412,0,0,0,2.25664222240448,0,6.03981319069862,0,6.10310107469559,0,23.5850633978844,0,0,0,1.00095617771149,56.913487046957,514.775884956121,0,93.4527104794979,0,72.3558104038239,0,79.6050699949265,0,78.308002948761,11.0923532247543,273.221986025572,73.8886536955833,135.379383832216,541.81902679801,2428.77013209462,226.355617761612,2565.40856960416,52.1837528944016,764.009071141481,160.637335985899,2949.81377118826,0,1.17879116535187,0,23.8652265667915,0,4.82640671730042,0,17.9850378036499,0,0.66966724395752,0,0,0,0,0,0,3.13448464870453,81.0466137230396,1.12004461884499,0,0,0,0,0,0,0,0,0.542329907417297,0,0,10.8593580126762,5.6499499976635,0,0,0,0,0,17.8500380218029
0,0,696.158892095089,91.5129700303078,0,27.1846091449261,303.673996329308,48.4490412473679,1596.84215170145,30.9644302725792,2.61748933792114,0,19.5964716374874,4.64054238796234,1619.46063968539,9.71822464466095,0,0,7.26798656582832,0,180.612452715635,24.2765435874462,145.193190932274,492.459024488926,169.501921862364,248.360908418894,406.294505953789,110.350375950336,525.785737901926,0,36.661962479353,200.294769704342,7.03165376186371,18.8015785217285,3.27780228853226,0,119.667203485966,1.21744322776794,63.0703565478325,1.42408430576324,265.217631697655,0,1.80691224336624,0.98390805721283,0,0,38.87144780159,0,0,0,0,0,0,0,8.665093511343,0,0,0,0,0,0,0,0,0,0,0,2.31022256612778,0,0,0,1590.10727015138,148.051667332649,1015.04355451465,57.1169224381447,65.7185651957989,7.61831533908844,148.38678202033,1.50353288650513,0,0,5.35349953174591,0,60.1818441450596,0,41.8689605295658,0,154.426320105791,0,46.6047009527683,0,0,0,0,0,0.46366086602211,0,1.20941734313965,0,1.41992545127869,0,0,0,0,0,0,0,0,0,0,0,0,0,0,0,0,0
0,2.2536706328392,12.2306210398674,1280.28273671865,27.1846091449261,0,7.14333468675613,493.387633293867,7.52674973011017,1579.54206570983,0,10.6756299138069,0.559722185134888,15.5471295118332,0,1462.07760041952,0,0.891957342624664,0,2.24357491731644,0,262.824826896191,43.5339550971985,160.247940033674,22.860061943531,155.624566495419,35.5005037784576,441.675541400909,0,152.554951667786,16.6071768403053,9.22226053476334,0.9328653216362,2.11193233728409,0,0,0,73.0438828766346,0,23.4032415151596,0,465.48179680109,0,1.92019462585449,0,0,0,6.19580137729645,0,0,0,0,0,0,0,29.2095263302326,0,0,0,0,0,0,0,0,0,0,0,3.24262297153473,0,0,69.3352464735508,1010.61173301935,3.53743457794189,1275.62297776341,1.60911059379578,83.6432762145996,0,61.0422405004501,0,0,0,8.78366819024086,0,263.215864539146,0,74.3386398851871,0,177.110976159573,0,47.9311342835426,0,0,0,0,0,0,0,0,0,0,0,0,0,0,0,0,0,0,0,0,0,0,0,0,0,0
4583.25408619642,59.1349879205227,10586.7525071204,727.715069115162,303.673996329308,7.14333468675613,0,1051.22827094793,894.396023958921,22.3405757546425,2282.9871224165,164.929110348225,5407.79513418674,203.828161925077,270.523720949888,5.16848540306091,228.752043664455,13.3445484042168,745.986499428749,738.730388194323,0,0,577.635446190834,1467.29267916083,16.9479819536209,18.2567372918129,7.93267846107483,1.04735314846039,978.479731023312,7.0486900806427,71.3060209453106,158.487883925438,40.3309521973133,150.368079602718,6.76507025957108,1.14954483509064,94.8407860398293,0.650416672229767,18.4595256447792,0,5.56123393774033,0,3.33619529008865,0,11.8403986394405,0,2.83780944347382,0,62.6023750305176,0,576.156641662121,0,0,0,5.75910782814026,0,975.531038105488,0,901.048501193523,0,1064.61735457182,0,44.4687058925629,0,1264.99363532662,0,251.870447874069,0,56.2124353051186,0,5419.91357943416,933.71179908514,1434.97899240255,136.511429578066,499.61892619729,26.0524658560753,2153.62113583088,141.660115361214,10.1224544048309,0,89.2654914855957,0,65.4822106957436,0,728.94734236598,0,16.6447184979916,0,35.8254318833351,0,0,0,0,0,48.9347475469112,0,2.99505186080933,0,0,0,0,0,0,0,0.58442896604538,0,0,0.577628552913666,3.14950013160706,4.86221849918365,0,1.44233322143555,0,0,0,19.9458648562431
172.523245483637,7626.56272098422,569.76425498724,12619.0363569558,48.4490412473679,493.387633293867,1051.22827094793,0,49.7852333784103,1097.4911301136,70.9182162284851,1717.47503778338,120.992003142834,4151.97855350375,3.82098835706711,119.939167797565,8.72557747364044,192.286120653152,1116.35961937904,469.19082018733,0,0,672.570686131716,295.890089392662,34.4092992544174,15.909519135952,17.7020793557167,2.12193369865417,83.9258912205696,141.33702647686,145.095302402973,29.7840672135353,153.459892481565,17.6696952581406,1.92359375953674,1.01758086681366,3.87317985296249,75.9188927412033,0,2.02982485294342,0,2.25582802295685,0,0,0,1.90987432003021,0,0.857413053512573,0,110.399718105793,0,221.196488112211,0,0,0,0,22.0675332546234,1367.08988896012,0,468.954185724258,0,355.703273713589,0,131.197975516319,0,1209.59700408578,1.298598498106,39.4463548660278,20.1434528231621,9.00770485401154,544.377121865749,4044.83960720897,189.43952780962,1345.36345025897,57.3996354341507,434.622639447451,165.871596574783,1954.00503504276,0,1.97960710525513,0,83.5265046358109,2.74045360088348,0,0,425.374027609825,0,0,0,11.8610104322433,0,0,0,0,3.17296928167343,35.6351451873779,1.25797462463379,0,0,0,0,0,0,0,0,2.11053133010864,1.8491632938385,0,8.95490634441376,4.17438787221909,0,0,0,0,0,20.0901548564434
8.88199454545975,0,375.77007240057,66.1623672246933,1596.84215170145,7.52674973011017,894.396023958921,49.7852333784103,0,15.5235297083855,36.4979875087738,0,974.381568431854,2.5075957775116,3254.41354811192,2.65748965740204,1.41627615690231,0,21.551756799221,0.980474710464478,23.809816211462,3.71411871910095,56.06501942873,222.165105581284,21.7147291898727,42.7021725177765,77.4755063354969,14.0449311137199,347.964636683464,0,21.8423912525177,40.7629716992378,0.935712993144989,13.2161060273647,0.641241490840912,0,75.2608952820301,0,17.1241229176521,0,100.525478571653,1.2861191034317,0,0,0,0,16.5885121524334,0,0,0,1.25111973285675,0,0,0,4.17600381374359,0,10.8562042713165,0,0,0,0.860258519649506,0,4.15908259153366,0,0.599258899688721,0,0,0,0,0,1501.83047065139,92.7680687308311,1266.21069905162,13.0720950365067,142.422601908445,3.39496076107025,411.39501234889,4.59298324584961,0,0,14.6026908457279,0,46.4120555520058,0,42.1706403493881,0,116.91991648078,0,44.5501954555511,0,0,0,0,0,5.99995186924934,0,1.92265826463699,0,0,0,0,0,0,0,0,0,0,0,1.9313930273056,0,0,0,0,0,0,4.96334913372993
0,7.09868407249451,22.7769587039948,541.684144258499,30.9644302725792,1579.54206570983,22.3405757546425,1097.4911301136,15.5235297083855,0,0,25.2402394413948,0,187.597544074059,0,2574.65026471019,0,3.45634794235229,0,3.97837489843369,1.2028443813324,30.5410863161087,74.8179435133934,123.908168047667,22.1990658044815,94.0267740488052,13.6854599118233,268.856950759888,0,99.0057691335678,15.7677573561668,16.2839539051056,0,0.621138274669647,0,0,0,86.2524362802505,0,13.6532172560692,0,219.991270244122,0,5.2103710770607,0,0,0,11.8879262804985,0,0,0,0,0,0,0,32.6741478443146,0,2.3655172586441,0,0,0,1.88618677854538,0,15.3633781075478,0,1.17472398281097,0,0,0,0,39.3653737306595,1024.05087956786,9.34496420621872,1474.02478453517,0,176.956296920776,0,172.508333593607,0,0,0,21.6739607453346,0,78.0430290102959,0,79.6365661621094,0,67.4688006341457,0,35.4758668243885,0,0,0,0,0,5.44351369142532,0,0,0,0,0,0,0,0,0,0,0,0,0.851861417293549,0,0,0,0,0,0,0.490855425596237
1954.25113463402,4.1868000626564,550.153442561626,32.4486568272114,2.61748933792114,0,2282.9871224165,70.9182162284851,36.4979875087738,0,0,12.0005397796631,2232.33411711454,4.08859187364578,98.818530857563,0,407.76681253314,0,365.200351595879,179.063181459904,0,0,61.9018836319447,57.1792805790901,0,0,0,0,594.448935389519,0.928819537162781,36.2973610162735,8.54002523422241,40.3040437698364,43.5326427817345,3.92034947872162,2.21596479415894,26.7889248728752,0,4.31061327457428,0,0,0,1.47150659561157,0,0,0,0,0,0,0,55.8626517057419,0,0,0,1.78541696071625,0,404.697204232216,0,93.3895768821239,0,853.933133721352,0,259.094128370285,0,395.833904743195,0,37.579471796751,0,10.7235466241837,0,774.862144380808,51.2196045219898,160.944811820984,14.4366439580917,50.150175511837,2.39926981925964,296.973821997643,14.0977852344513,6.25499355792999,0,328.322796225548,0,51.3625456690788,0,929.975683152676,0,0.907333612442017,0,182.929919540882,0,0,0,0,0,4.43994426727295,0,2.58011746406555,1.00104141235352,0,0,0,0,0,0,0.735288619995117,0,0,0,0,0,0.764651358127594,0,0,0,0,0.966730535030365
44.1360445916653,2851.13249111176,92.7447581589222,998.117814093828,0,10.6756299138069,164.929110348225,1717.47503778338,0,25.2402394413948,12.0005397796631,0,13.3946226239204,4443.49188354611,0,248.081653594971,2.12598305940628,917.292467832565,331.179522097111,920.81309017539,0,0,32.651115000248,103.810752362013,0,1.9183434844017,0,0,12.9796625971794,985.149126052856,15.6558309197426,0.552094280719757,38.2106931209564,25.5511835813522,0,0,0,7.84156447649002,0,0,0,0,0,0,0,0,0,0.608259618282318,0,4.55194640159607,0,6.63725298643112,0,0,0,0,4.3785794377327,435.398810952902,0,86.7715005278587,0,1270.78651380539,0,407.293685138226,0,528.333150863647,0,26.4557957947254,1.12853181362152,7.07578611373901,88.0512463748455,1181.53520494699,29.3045814037323,633.301069796085,12.0608416199684,54.1064983010292,24.4574353694916,233.340722799301,0,1.7677686214447,0,94.2017601728439,0,0,0,266.146309018135,0,0.577915966510773,0,3.78727126121521,0,0,0,0,1.16544723510742,1.88967311382294,0,0,0,0.668958187103271,0,0,0,0,0,0,0,2.12469983100891,0,0,0,0,0,0,0,1.84494692087173
594.595527619123,2.2221268415451,694.651200175285,90.6471023857594,19.5964716374874,0.559722185134888,5407.79513418674,120.992003142834,974.381568431854,0,2232.33411711454,13.3946226239204,0,27.4578882455826,2794.54463690519,0,147.783972173929,0,323.55276170373,116.088274717331,0,0,242.920680105686,239.963576763868,4.62365126609802,0,0.723418354988098,0,1433.80658489466,1.19053065776825,30.9378138184547,47.8916857242584,32.1176284849644,36.7207351326942,8.55834609270096,0,34.8353210687637,0,6.62048524618149,0,3.7147125005722,0,0,0,0,0,2.18309724330902,0,2.24080234766006,0,33.5182655751705,0,0,0,0.917887270450592,0,316.84838527441,0,55.6968377232552,0,375.516235888004,0,239.15636152029,0,253.492172300816,0,15.4173566699028,0,12.6921058893204,0,1981.0520490706,136.637117296457,643.443634480238,10.5164703130722,151.519288688898,3.43378329277039,634.184908270836,10.8701535463333,1.02936160564423,0,565.763812363148,0,30.6455443203449,0,724.819790959358,0,30.0271823406219,0,42.6518468856812,0,0,0,0,0,5.82290005683899,0,1.43055963516235,0,0,0,0,0,0,0,0,0,0,0,0,0,0,0,0,0,0,4.04249906539917
2.23532152175903,1287.07739883661,82.4872654080391,569.103435248137,4.64054238796234,15.5471295118332,203.828161925077,4151.97855350375,2.5075957775116,187.597544074059,4.08859187364578,4443.49188354611,27.4578882455826,0,1.54424345493317,2743.09222331643,0,125.397102296352,94.4743622839451,194.770442783833,0,0,132.371260106564,195.566994786263,1.64180880784988,1.89972060918808,2.31435835361481,0,9.8714160323143,1089.87014445662,29.3895651102066,3.28435242176056,20.4106979370117,3.42773866653442,0,0,0,19.2865705192089,0,0,0,2.3852231502533,0,1.06833720207214,0,0,0,0.807320833206177,0,0,0,4.55581653118134,0,0,0,1.1470890045166,0,112.029754012823,0,42.5577300190926,0,845.230003356934,0,422.576126039028,0,490.169158905745,0,4.31189662218094,0,0,92.0606169700623,1484.41635033488,40.7672119140625,943.388886123896,16.8487625718117,194.148292124271,7.55054259300232,503.104350596666,0,0,0,163.171727120876,0,1.58759832382202,0,274.445422172546,0,0,0,0,0,0,0,0,1.12876725196838,7.46605104207993,1.6815425157547,0,0,0,0,0,0,0,0,0,0,0,1.68560522794724,0,0,0,0,0,0,1.68295532464981
21.6586022973061,0,207.77242153883,6.92471122741699,1619.46063968539,0,270.523720949888,3.82098835706711,3254.41354811192,0,98.818530857563,0,2794.54463690519,1.54424345493317,0,0,24.0236554741859,0,37.868604183197,0,85.7245745658875,0.730721533298492,83.536234498024,26.2753529548645,11.4078827500343,4.43656253814697,129.489288926125,0,3023.85221201181,0,16.669630587101,16.8287746906281,6.24909353256226,4.27373874187469,1.47949206829071,0,194.788015127182,0,40.5617883205414,0,141.705652087927,0,1.62588238716125,0,0,0,50.1677144467831,0,1.04316663742065,0,0,0,0,0,17.5475437641144,0,27.9285839796066,0,0,0,0,0,17.2712830901146,0,1.42170381546021,0,3.08362847566605,0,1.21745240688324,0,923.829614281654,31.8639004528522,1799.69910472631,2.0464928150177,168.834293603897,0,489.990804821253,3.74171310663223,1.05158662796021,0,77.3133299946785,0,152.478945732117,0,137.057266652584,0,331.386238545179,0,94.2433184087276,0,0,0,0,0,11.2835312187672,0,0.607724487781525,0,0,0,0,0,0,0,0,0,0,0,0,0.630269706249237,0.502503275871277,0,0,0,0,4.89784646034241
0,10.4111018776894,9.45391201972961,207.066241919994,9.71822464466095,1462.07760041952,5.16848540306091,119.939167797565,2.65748965740204,2574.65026471019,0,248.081653594971,0,2743.09222331643,0,0,0,53.4311231970787,0,17.4361878931522,0,130.154289126396,19.7146838307381,120.725358992815,7.52042496204376,107.951494127512,9.75348675251007,326.264408141375,0,2349.82097586989,9.11071813106537,7.58465081453323,0,0.815261721611023,0,0,0,167.58088696003,0,60.820251762867,0,475.993165969849,0,12.5438017845154,0,0,0,24.9820319414139,0,0,0,0,0,0.523243069648743,0,78.3218286037445,0,9.60176199674606,0,0,0,47.944631755352,0,132.709598273039,0,7.46200311183929,0,19.460834980011,0,0,35.3841701745987,675.707960516214,4.00154411792755,2963.95590662956,0,190.127692699432,0,179.343635886908,0,0.595944821834564,0,71.0016298592091,0,555.133963257074,0,208.544921696186,0,241.915849804878,0,104.990488141775,0,0,0,0,0,2.90985164046288,0,0,0,0,0,0,0,0,0,0,0,0,1.12054240703583,0.696499645709991,0,0,0,0,0,0.438005208969116
600.0568395257,2.82970064878464,231.577569007874,12.9473484158516,0,0,228.752043664455,8.72557747364044,1.41627615690231,0,407.76681253314,2.12598305940628,147.783972173929,0,24.0236554741859,0,0,0,196.235511362553,86.1686103343964,0,0,10.4181368649006,2.20334029197693,0,0,0,0,3147.5998737514,0,9.49267092347145,1.94343769550323,6.54097539186478,13.2689413428307,2.16567271947861,4.06807261705399,22.6336498856544,0,4.5151469707489,0,1.23906433582306,0,0,0,0.649412631988525,0,2.30911827087402,0,0,0,18.1267210841179,0,0,0,0.589297533035278,0,1778.71858412027,6.83980107307434,77.1776162683964,1.92884081602097,770.268256247044,0,1317.6854467988,1.51195788383484,83.3125470876694,0,71.6587632596493,8.12415146827698,17.3938525617123,0,303.72262108326,20.5339530110359,172.748203665018,5.65587484836578,41.536140203476,0,209.81065428257,10.2463507652283,484.269172549248,0,1310.56748238206,0,84.4302993416786,0,217.542064905167,0,0.542483031749725,0,49.2507586479187,0,0,0,0,0,4.41237312555313,0,6.3652161359787,0,1.80508148670197,0,0,0,0,0,0,0,0,0,0,0.949120402336121,0,0,0,0,0,1.44730937480927
25.8199841380119,885.195271164179,23.0643600225449,419.865478992462,0,0.891957342624664,13.3445484042168,192.286120653152,0,3.45634794235229,0,917.292467832565,0,125.397102296352,0,53.4311231970787,0,0,94.6288927793503,389.770152181387,0,0,1.57344555854797,16.5300347208977,0,0.560535669326782,0,0,0,2392.58984357119,3.46108889579773,1.18773007392883,0.812798857688904,4.64524960517883,0,0,0,9.16632115840912,0,1.8502442240715,0,0.524685025215149,0,0.65189003944397,0,0,0,0,0,2.90702259540558,0,0.690237700939178,0,0,0,0,1.4243882894516,2433.00795018673,1.22829246520996,47.1864710152149,0,627.31854352355,0,2230.78457966447,0,54.1604958176613,14.3922338485718,33.9122815430164,0,14.2873392701149,29.1557487249374,295.143220752478,7.69971877336502,926.820728868246,1.69091546535492,17.1469395160675,6.68344894051552,104.163645267487,0,308.633688509464,0,628.469357937574,0,9.76024290919304,0,68.9636481702328,0,0,0,2.79034352302551,0,0,0,0,0,2.88401418924332,1.59248530864716,0,0,0,0,0,0,0,0,1.26229798793793,0,1.08196496963501,0,0,0,0,0,0,0,0
714.975551724434,516.199197977781,1825.70792815089,882.339468032122,7.26798656582832,0,745.986499428749,1116.35961937904,21.551756799221,0,365.200351595879,331.179522097111,323.55276170373,94.4743622839451,37.868604183197,0,196.235511362553,94.6288927793503,0,5744.36680808663,0,0,1342.31324380636,836.502145975828,6.05175992846489,0,3.75641721487045,0.569196879863739,469.832919508219,50.7996276021004,633.977268755436,251.383729428053,3349.20948967338,1811.94190916419,120.725382268429,22.2243016660213,68.6243896484375,11.4566404223442,56.5878504514694,0,4.23788267374039,0,213.837967425585,1.17575979232788,87.9834244847298,0,113.131124079227,5.21962189674377,3.0893377661705,0,0,0,0,0,0,0,149.032420307398,9.41265535354614,67.1322380900383,0,11.7674189805984,0,7.81734776496887,0,7.937480032444,3.37436056137085,2727.77233621478,87.9190059304237,1999.24947756529,52.0246939063072,1236.84723633528,854.9174464643,733.782081931829,388.623485743999,350.8147983253,97.078331977129,1383.91466102004,796.973094552755,1.1734699010849,0,17.7975441217422,0,63.381095468998,0,23.6689770817757,0,1.89841663837433,0,0,0,0,0,0,0,31.6471992135048,0.950475096702576,2.38095331192017,0,0,0,0,0,0,0,0,0,0,0,1.16990804672241,0,0,0,0,0,0,6.75573354959488
1650.30592411757,2232.33630210161,957.159559428692,2714.18581315875,0,2.24357491731644,738.730388194323,469.19082018733,0.980474710464478,3.97837489843369,179.063181459904,920.81309017539,116.088274717331,194.770442783833,0,17.4361878931522,86.1686103343964,389.770152181387,5744.36680808663,0,0,1.94414833188057,324.816089391708,2043.01390770078,0,14.2815555334091,0,2.69804537296295,211.449848920107,158.083973765373,400.292162716389,358.274753183126,1264.62897634506,5363.14007282257,8.50262999534607,38.7867170572281,30.5382443070412,127.77043223381,1.87056046724319,42.384613931179,0,2.75306475162506,3.44580465555191,28.1166493296623,0,4.88905251026154,0,104.220197051764,0,6.43796306848526,0,6.33105224370956,0,0,0,0,203.728189259768,995.727028846741,4.14829695224762,112.398202806711,0,47.1524280905724,1.34509003162384,25.9608287811279,0,13.0659791827202,239.522554129362,2235.88186225295,604.35532733798,2609.67621597648,904.284812599421,1464.29584974051,515.908566206694,1237.62356647849,207.908678144217,444.966312587261,874.699481010437,2823.61509808898,0,0.654887557029724,0.81061714887619,9.48875534534454,17.4546390175819,0,0,0.725980222225189,0,0,0,0,0,0,0,0,3.95535099506378,79.8035574555397,0,0,0,0,0,0,0,0,0,0,0,1.89800894260406,17.5860776901245,1.74473112821579,0,0.860308229923248,0,0,0,13.2708376646042
1.16437315940857,0,1.82780259847641,1.77675938606262,180.612452715635,0,0,0,23.809816211462,1.2028443813324,0,0,0,0,85.7245745658875,0,0,0,0,0,0,33.9729548096657,66.6847738623619,51.7672282755375,114.525939017534,33.963723897934,965.549133777618,16.8717085719109,56.4315249621868,0,739.104293942451,96.6538051366806,58.3835636377335,6.20171838998795,24.7340932488441,1.98604875802994,16.036205470562,3.66750735044479,8.72696390748024,0,179.683153688908,9.76310962438583,5.87044116854668,0,0,0,23.6549287438393,0,1.23409736156464,0,6.09540849924088,0,1.16506111621857,0,6.58143857121468,0,0,0,0,0,0,0,0,0,2.23523133993149,0,5.03743064403534,0,0,0,501.458516895771,49.9943653941154,134.629822820425,4.96229642629623,9.85836285352707,3.00647479295731,21.3582342863083,1.08053660392761,0,0,0,1.79013550281525,7.73952203989029,0,7.35393631458282,1.05886816978455,11.4553277492523,0.781975746154785,12.0465193986893,2.79652655124664,1.11576151847839,0,0,0.330213218927383,0.97903910279274,0,0,0,1.64185345172882,0,0.369236916303635,0,0,0,0.537703573703766,0,0,0,0,0,0,0,0,0,0,1.32101973891258
0,0,5.9801207780838,1.73594158887863,24.2765435874462,262.824826896191,0,0,3.71411871910095,30.5410863161087,0,0,0,0,0.730721533298492,130.154289126396,0,0,0,1.94414833188057,33.9729548096657,0,35.6294828355312,136.443995296955,25.2811083197594,603.229713529348,121.517884403467,1518.26719918847,3.8845277428627,72.1773964166641,96.945077419281,812.605129301548,14.7014200091362,122.995123833418,0.989909589290619,13.1909249126911,2.46468043327332,76.0002848505974,12.1049848794937,34.1204703450203,4.42410498857498,356.414478898048,0,0.500072360038757,0,0,0,3.73460340499878,0,0,0,0,0,0,0,0.833054959774017,0,0,0,0,0,0,0,0,0,0,0,13.1797133684158,0,0,114.107931792736,319.45907536149,7.59844958782196,101.955820381641,0.824889361858368,9.29033157229424,0,14.4144005179405,0,0,0,0,0,112.593904972076,0.881437659263611,0,0,18.1154798269272,1.35906344652176,0,0,0.64295357465744,0,0,0,2.34562003612518,0,0,0,0,0,0,0,0,0,1.39456832408905,0,0,0,0,0,0,0,0,0,0
3.68792620301247,0,2779.34123522043,767.445000946522,145.193190932274,43.5339550971985,577.635446190834,672.570686131716,56.06501942873,74.8179435133934,61.9018836319447,32.651115000248,242.920680105686,132.371260106564,83.536234498024,19.7146838307381,10.4181368649006,1.57344555854797,1342.31324380636,324.816089391708,66.6847738623619,35.6294828355312,0,3554.80461859703,1042.50995343924,147.245387613773,489.580879181623,56.8290135860443,333.770906835794,3.83739936351776,3880.25452926755,1423.48359277844,1571.41650402546,504.989451766014,314.798094063997,0,11.9801314473152,0.9735027551651,3.17047160863876,0,11.5904431939125,0,88.2095286250114,0,25.1721647977829,0,10.2282109856606,0,0,0,0,0,0,0,0,0,0.988014817237854,0,0,0,0.566539645195007,0,0,0,0,0,387.49043366313,1.80185270309448,0.425642490386963,0,1712.18073764443,1018.38605219126,692.08102440834,183.59115511179,185.169214189053,50.1222499012947,487.909034669399,96.1382759809494,0,0,3.29804199934006,0,10.0077964067459,0,7.22692638635635,0,12.4890278577805,0,0,0,0,0,0,0,5.55168223381042,0,2.02540421485901,0,0,0,0,0,0,0,0,0,0,0,1.26256918907166,0,0,0,0,0,0,0.520748972892761
4.19471848011017,17.6426314115524,1238.2077652812,3464.35326391459,492.459024488926,160.247940033674,1467.29267916083,295.890089392662,222.165105581284,123.908168047667,57.1792805790901,103.810752362013,239.963576763868,195.566994786263,26.2753529548645,120.725358992815,2.20334029197693,16.5300347208977,836.502145975828,2043.01390770078,51.7672282755375,136.443995296955,3554.80461859703,0,600.04849460721,1825.16177475452,689.107858508825,253.690625399351,132.316763579845,64.7221850752831,1099.94271716475,1783.01525101066,272.486916720867,885.30250403285,1.55394053459167,33.4399092793465,1.55801153182983,36.0837445259094,0,6.91700947284698,1.66804921627045,13.9616298079491,0,14.4546124339104,0,0,0,32.3172382712364,0,0,0,0,0,0,0,1.01157355308533,0,19.5656737089157,0,0.755185723304749,0,4.57718169689178,0,15.3806524276733,0,5.67044553160667,0.561768233776093,200.025652289391,0,2.67799234390259,1588.54835370183,2446.99084496498,589.47199255228,1519.48614808917,155.820676147938,462.796796947718,187.866417884827,974.904683917761,0,0,0.641547858715057,18.1018510460854,0.740108907222748,6.61948615312576,0,9.04382216930389,0,0,0,0.647909879684448,0,0,0,0,1.19725787639618,9.13528788089752,0,0,0,0,0,0,0,0,0,0,0,0,5.2776061296463,0,0,0,0,0,0,0.618948101997375
0,0,380.345191985369,53.157074868679,169.501921862364,22.860061943531,16.9479819536209,34.4092992544174,21.7147291898727,22.1990658044815,0,0,4.62365126609802,1.64180880784988,11.4078827500343,7.52042496204376,0,0,6.05175992846489,0,114.525939017534,25.2811083197594,1042.50995343924,600.04849460721,0,198.097482979298,861.611239165068,74.4933408796787,12.460977345705,2.21867853403091,491.101827085018,288.458579748869,50.4437720775604,19.3319361209869,7.36641576886177,0,1.51208937168121,0,0,0,5.62358564138412,2.66204345226288,0,0,0,0,0,0,0,0,0,0,0,0,1.0405547618866,0,0,0,0,0,0,0,0,0,0,0,0,0,0,0,361.133032649755,180.345625638962,76.2290191352367,57.5857712030411,10.6696745753288,6.99568492174149,18.4531573057175,2.20853453874588,0,0,0.967080056667328,0,0.807718396186829,0,2.28566670417786,0,1.08005568385124,0,0.62662261724472,0,0,0,0,0,0,0,0,0,0,0,0,0,0,0,0,0,0,0,0,0,0,0,0,0,0,0
0,0,63.8259256482124,260.26376748085,248.360908418894,155.624566495419,18.2567372918129,15.909519135952,42.7021725177765,94.0267740488052,0,1.9183434844017,0,1.89972060918808,4.43656253814697,107.951494127512,0,0.560535669326782,0,14.2815555334091,33.963723897934,603.229713529348,147.245387613773,1825.16177475452,198.097482979298,0,477.583226025105,609.397464782,2.1785244345665,8.53529524803162,208.648880928755,391.438075482845,9.14604926109314,18.2260644435883,0,0,0,9.76324534416199,0,0.593637824058533,10.2300207614899,34.4309751391411,0,0,0,0,0.759426891803741,0,0,0,0,0,0,0,0,2.00892317295074,0,0,0,0,0,0,0,0,0,0,0,0,0,0,375.145521432161,940.961499154568,22.0085329413414,343.498828411102,2.17528903484344,30.2087756991386,0,15.5272668004036,0,0,0,1.06829118728638,0,2.01627099514008,0,3.10586643218994,0.716693699359894,2.10240721702576,0.559799253940582,4.38360261917114,0,0,0,0,0,0,0,0,0,0,0,0,0,0,0,0,0,0,0,0,0,0,0,0,0,0
0,0,74.5437481701374,29.2808910608292,406.294505953789,35.5005037784576,7.93267846107483,17.7020793557167,77.4755063354969,13.6854599118233,0,0,0.723418354988098,2.31435835361481,129.489288926125,9.75348675251007,0,0,3.75641721487045,0,965.549133777618,121.517884403467,489.580879181623,689.107858508825,861.611239165068,477.583226025105,0,347.790075689554,119.66498991847,0,640.655828982592,493.913158327341,44.4151173830032,32.3125020861626,7.25641477108002,0,76.0084402263165,57.94750893116,100.42222365737,2.45632410049438,176.888760656118,1.16592311859131,0,0,0,0,11.6094076037407,2.52730405330658,0,0,0,0,0,0,3.70362973213196,0,0,0,0,0,0,0,0,0,0,0,1.48750388622284,0,0,0,971.331747770309,189.416957497597,273.387801170349,47.626993060112,24.4530751109123,4.99193787574768,25.7031559944153,9.89575439691544,0,0,0,0,28.9029384255409,1.28802096843719,13.6773429811001,0,66.8923213481903,0,24.9240272343159,0,0,0,0,0,0,0,0,0,0,0,0,0,0,0,0,0,0,0,0,0,0,0,1.07388317584991,0,0,0
0,0,16.4598476886749,23.4838230013847,110.350375950336,441.675541400909,1.04735314846039,2.12193369865417,14.0449311137199,268.856950759888,0,0,0,0,0,326.264408141375,0,0,0.569196879863739,2.69804537296295,16.8717085719109,1518.26719918847,56.8290135860443,253.690625399351,74.4933408796787,609.397464782,347.790075689554,0,5.11092931032181,31.105897963047,84.8515478074551,48.1181145906448,2.04883319139481,7.9230409860611,0,0.468310564756393,13.3406797647476,110.295710086823,62.0831379890442,13.9427384138107,12.2314283847809,219.528784126043,0,0.824536442756653,0,0,0,6.02248591184616,0,0,0,0,0,0,0,4.59628689289093,0,0,0,0,0,0,0,0,0,0,0,0,0,0,201.466211438179,1236.38174587488,12.1417071223259,526.900110155344,1.39872717857361,17.4187719225883,2.10762095451355,22.712418615818,0,0,0,5.03362432122231,0,84.2309384346008,0,12.1070544719696,0.523272156715393,55.660923987627,0,9.55052548646927,0,0,0,0,0,0,0,0,0,0,0,0,0,0,0,0,0,0,0,0,0,0,0,0,0,0
777.355115264654,12.4817542135715,1016.9727627933,56.4759711623192,525.785737901926,0,978.479731023312,83.9258912205696,347.964636683464,0,594.448935389519,12.9796625971794,1433.80658489466,9.8714160323143,3023.85221201181,0,3147.5998737514,0,469.832919508219,211.449848920107,56.4315249621868,3.8845277428627,333.770906835794,132.316763579845,12.460977345705,2.1785244345665,119.66498991847,5.11092931032181,0,1.81252729892731,68.7707219719887,38.0876114964485,56.0139979422092,75.9958420991898,23.7118365466595,25.7640511393547,135.81728297472,14.8228105902672,58.5002571046352,0,313.547933936119,0,66.5834496617317,0,54.6224500238895,0,235.585016459227,0,91.0254318714142,0,302.36348181963,0,24.5556809902191,0,88.8746322691441,0,1540.27019047737,9.38182562589645,602.31621658802,1.26880407333374,493.941950023174,0,1086.18434712291,1.67843729257584,179.928165823221,0,334.93769416213,41.4444220662117,109.829516530037,2.82411801815033,832.260143578053,86.4740349650383,908.895154505968,20.013322353363,89.7263465821743,2.31347167491913,420.420808583498,20.9772720932961,380.943948656321,0,2204.03455370665,0,1106.99661257863,0,717.261563718319,0,448.750317901373,0,244.728382200003,0,19.9839434027672,0,0,0,18.483124434948,1.88286456465721,6.7874459028244,0,11.5056200027466,3.04380822181702,0.358294129371643,0,1.26931142807007,0.317302763462067,2.40122929215431,0,1.61806198954582,0,1.48301041126251,1.37888193130493,0.805123209953308,0,0,0,0,1.48028513789177
12.4302711486816,155.099733769894,6.2561377286911,239.323057174683,0,152.554951667786,7.0486900806427,141.33702647686,0,99.0057691335678,0.928819537162781,985.149126052856,1.19053065776825,1089.87014445662,0,2349.82097586989,0,2392.58984357119,50.7996276021004,158.083973765373,0,72.1773964166641,3.83739936351776,64.7221850752831,2.21867853403091,8.53529524803162,0,31.105897963047,1.81252729892731,0,0.908579468727112,0.360681414604187,7.21217632293701,8.10331284999847,2.45368829369545,5.10104674100876,2.03482365608215,69.956910431385,0,67.8153121471405,0,124.067516237497,1.64601519703865,27.8014594316483,0.518064022064209,32.846318423748,2.12984842061996,74.2035900056362,0,41.4212446808815,0,52.5351786315441,0,12.4849696159363,0,17.5241383314133,0.547622442245483,504.81036862731,0,153.797322392464,0,357.979644030333,1.76653468608856,1060.58118671179,0,95.3535650372505,13.7779467105865,74.8349389135838,2.44367986917496,3.72157269716263,18.9170107841492,146.176946640015,6.25670081377029,3001.23496475816,2.3792177438736,21.7472032308578,2.75663328170776,69.2383904159069,0,192.396100103855,2.34973239898682,678.263596087694,0,636.056690454483,0,199.997567087412,0,77.1154696643353,0,35.7079201042652,0,0,0,1.88885521888733,0.487036168575287,1.66283118724823,0,0,0,25.5470942258835,0,0,0,0,0,0,0,1.97171020507812,0,1.96252179145813,0,0,0,0,0,0
5.8526559472084,2.63623976707458,146.767339736223,217.815376520157,36.661962479353,16.6071768403053,71.3060209453106,145.095302402973,21.8423912525177,15.7677573561668,36.2973610162735,15.6558309197426,30.9378138184547,29.3895651102066,16.669630587101,9.11071813106537,9.49267092347145,3.46108889579773,633.977268755436,400.292162716389,739.104293942451,96.945077419281,3880.25452926755,1099.94271716475,491.101827085018,208.648880928755,640.655828982592,84.8515478074551,68.7707219719887,0.908579468727112,0,626.253391593695,1616.40710636973,339.077856659889,381.66292065382,7.58168315887451,4.72206676006317,2.0618577003479,8.17009806632996,2.22081053256989,18.4481536746025,1.37213170528412,159.137053310871,4.27965402603149,72.4499116539955,0,42.4150968790054,1.59499597549438,0,0,0,0,0,0,0,0,0.736316800117493,1.69197976589203,1.96557903289795,0,4.78266441822052,0,0,0,0.860376954078674,0,733.658063590527,30.3499157428741,4.52042216062546,0,1745.59305095673,402.48174521327,162.936120092869,81.5301088690758,38.17005610466,20.4904338121414,191.230403870344,66.5590959787369,0,0,0,0,3.18348050117493,0,4.37098526954651,0,6.44193083047867,0,4.14948225021362,0,0,0,0,0,2.37664633989334,0,0,0,0,0,0,0,0,0,1.35480803251266,0,0,0,0,0,0,0,0,0,0,4.66140443086624
0,2.22596710920334,335.107076913118,61.2913063764572,200.294769704342,9.22226053476334,158.487883925438,29.7840672135353,40.7629716992378,16.2839539051056,8.54002523422241,0.552094280719757,47.8916857242584,3.28435242176056,16.8287746906281,7.58465081453323,1.94343769550323,1.18773007392883,251.383729428053,358.274753183126,96.6538051366806,812.605129301548,1423.48359277844,1783.01525101066,288.458579748869,391.438075482845,493.913158327341,48.1181145906448,38.0876114964485,0.360681414604187,626.253391593695,0,137.018872201443,2011.45396047831,9.36388403177261,126.990391075611,2.26741820573807,8.79947823286057,1.38521194458008,12.9319448769093,12.5778791904449,0,2.59989202022552,43.9697432816029,0,2.78743770718575,0,79.3343803286552,0,0,0,0,0,0,0.811177849769592,0,0,0.671738147735596,0,0,0,0,0,3.29289305210114,0,0,14.8818705379963,865.52091807127,0,1.37170243263245,524.119161933661,265.812900990248,217.009208679199,53.8110693097115,66.7124661803246,14.5089974403381,143.98982334137,19.6606009602547,0,0,0.72125369310379,0,1.82903099060059,0,0,0,1.69154751300812,0,0,0,0,0,0,0,2.74047756195068,0,2.07595074176788,0,0,0,0,0,0,0,0,0,0,0,0,0,0,0,0,0,0,1.17243230342865
47.4894731938839,143.842742115259,145.231587439775,185.577843695879,7.03165376186371,0.9328653216362,40.3309521973133,153.459892481565,0.935712993144989,0,40.3040437698364,38.2106931209564,32.1176284849644,20.4106979370117,6.24909353256226,0,6.54097539186478,0.812798857688904,3349.20948967338,1264.62897634506,58.3835636377335,14.7014200091362,1571.41650402546,272.486916720867,50.4437720775604,9.14604926109314,44.4151173830032,2.04883319139481,56.0139979422092,7.21217632293701,1616.40710636973,137.018872201443,0,909.954352736473,832.679517030716,25.6555380225182,2.42491507530212,13.7737535238266,46.9461750388145,2.62357175350189,3.64591729640961,0,265.903232872486,7.23445814847946,263.964655786753,0,66.0833152532578,10.748783826828,2.67793715000153,0,0,0,0,0,2.91624453663826,0,12.876204252243,103.934330165386,4.20654755830765,18.9231885075569,1.70292192697525,2.96252536773682,2.30194342136383,18.907691180706,0,0,3647.16036182642,336.833152383566,596.851042181253,154.873335897923,386.187737375498,205.375081837177,100.251891642809,72.2356532514095,14.9151375889778,16.9801419377327,113.446572512388,172.725875288248,0,0.995823860168457,1.66673314571381,0.849873900413513,0.844333708286285,0,2.96088171005249,1.75916361808777,0,0,0,0,0,0,0,0,4.35387361049652,0.985529482364655,1.32480537891388,0,0,0,0,0,0,0,1.21093189716339,0,0,0,0,0,0,0,0,0,0,0
434.544685065746,127.965161383152,250.765174508095,106.145125687122,18.8015785217285,2.11193233728409,150.368079602718,17.6696952581406,13.2161060273647,0.621138274669647,43.5326427817345,25.5511835813522,36.7207351326942,3.42773866653442,4.27373874187469,0.815261721611023,13.2689413428307,4.64524960517883,1811.94190916419,5363.14007282257,6.20171838998795,122.995123833418,504.989451766014,885.30250403285,19.3319361209869,18.2260644435883,32.3125020861626,7.9230409860611,75.9958420991898,8.10331284999847,339.077856659889,2011.45396047831,909.954352736473,0,117.315887093544,849.195300400257,22.2457295060158,50.7776692211628,9.83410263061523,111.734957665205,0.644054293632507,0,27.0886750221252,116.455215662718,29.0590846538544,17.9973701238632,13.0200862288475,310.774546027184,0,3.37050211429596,0.819569110870361,2.3712272644043,0,0,1.3884528875351,9.13122066855431,159.963308155537,493.867517322302,60.5979278683662,43.3124635517597,18.267778813839,7.44800901412964,24.4476376771927,34.7726219296455,1.94077181816101,2.10917228460312,1655.64159709215,6277.17733114958,883.874595344067,750.616405069828,352.431952685118,292.643823415041,206.043249070644,100.981859654188,69.187560915947,40.1703483462334,303.372680664062,314.085621058941,1.84181749820709,1.44413444399834,34.6500522494316,17.9432352185249,5.26342010498047,0.705829620361328,3.70918595790863,1.9891602396965,0,0,0,1.90428644418716,0,0,0,0,3.72649389505386,24.598276078701,0,0,0,0.853052079677582,0,0,0,0,0,2.62634083628654,0,0.966496884822845,0,0.803770244121552,0.892154932022095,0,0,0,0,4.47907942533493
0.732683002948761,2.13944205641747,9.944934040308,1.57215070724487,3.27780228853226,0,6.76507025957108,1.92359375953674,0.641241490840912,0,3.92034947872162,0,8.55834609270096,0,1.47949206829071,0,2.16567271947861,0,120.725382268429,8.50262999534607,24.7340932488441,0.989909589290619,314.798094063997,1.55394053459167,7.36641576886177,0,7.25641477108002,0,23.7118365466595,2.45368829369545,381.66292065382,9.36388403177261,832.679517030716,117.315887093544,0,189.594005525112,274.349710822105,78.5536679625511,103.474099576473,29.7532680034637,40.3558883070946,6.43275451660156,522.468658268452,250.754825294018,599.389408409595,198.086862653494,282.419027030468,74.8983418941498,129.189969837666,73.7416045367718,64.5911919772625,12.7452111244202,4.01459741592407,11.3772249817848,14.667654633522,11.2145456075668,0,10.3231016695499,34.8326382637024,91.6350658833981,14.2795736789703,10.4961609840393,7.92001640796661,4.41436672210693,0,6.59067845344543,2346.82238188386,505.586894154549,1.53068614006042,0,170.672019064426,7.99188101291656,83.8003147542477,30.0108308792114,8.30480551719666,4.81076744198799,160.301441907883,39.1786252856255,1.32576596736908,0,33.6550929844379,10.1809436678886,5.71918308734894,0,24.107203245163,2.36143457889557,17.8666416704655,0.524030983448029,45.3987072110176,5.07467132806778,1.58600795269012,0,0,0,2.61454796791077,0,0,0,2.2299085855484,0.713825285434723,0,0,0,0,0,0,0,0,0,0,0,0,0,0,0,0
2.81683203577995,0.844850718975067,3.84389871358871,1.28738570213318,0,0,1.14954483509064,1.01758086681366,0,0,2.21596479415894,0,0,0,0,0,4.06807261705399,0,22.2243016660213,38.7867170572281,1.98604875802994,13.1909249126911,0,33.4399092793465,0,0,0,0.468310564756393,25.7640511393547,5.10104674100876,7.58168315887451,126.990391075611,25.6555380225182,849.195300400257,189.594005525112,0,226.562633007765,200.065022200346,52.8913926482201,124.84514528513,63.433825969696,11.333940923214,233.264064997435,464.473343789577,368.744912952185,293.67052257061,185.89476916194,389.651759803295,179.587012767792,128.786995500326,107.102323174477,18.4954987168312,11.3098707199097,5.58807644248009,8.39736554026604,26.2241737246513,8.80985653400421,5.55554658174515,90.9202140569687,121.662797480822,19.7682920694351,3.37640708684921,4.98529881238937,5.71780037879944,3.31825613975525,8.24733954668045,628.041345626116,2156.98660221696,2.00228929519653,0,25.9659367203712,14.2987564206123,104.786986768246,64.2586532533169,3.19264137744904,8.61188936233521,148.940690487623,147.135350555182,0,0,27.0904610157013,20.8679096996784,9.00111299753189,2.43630075454712,43.808885216713,9.4062602519989,2.11605060100555,0,66.2380205392838,16.0542979240417,0,0,0,0,3.15447181463242,8.05872923135757,1.51235282421112,1.1034642457962,0,3.22962605953217,0,0,0,0,0,0,1.03083550930023,0,0,0.887055814266205,0,0,0,0,0,1.6850837469101
941.45563274622,3.63088017702103,97.977025270462,6.30508208274841,119.667203485966,0,94.8407860398293,3.87317985296249,75.2608952820301,0,26.7889248728752,0,34.8353210687637,0,194.788015127182,0,22.6336498856544,0,68.6243896484375,30.5382443070412,16.036205470562,2.46468043327332,11.9801314473152,1.55801153182983,1.51208937168121,0,76.0084402263165,13.3406797647476,135.81728297472,2.03482365608215,4.72206676006317,2.26741820573807,2.42491507530212,22.2457295060158,274.349710822105,226.562633007765,0,278.072416990995,2322.60997158289,38.6640127599239,462.103421419859,42.9535566568375,355.499399781227,334.925445348024,288.995740622282,156.620436042547,1480.74781164527,47.4663729667664,412.919652432203,63.1432750821114,861.674700587988,9.12544077634811,82.3292758464813,9.6579892039299,1027.44102585316,12.0774811506271,620.11790651083,12.4393292069435,393.708176583052,129.639376074076,312.843240439892,2.96507954597473,104.352679044008,4.04069113731384,192.741009831429,3.25492262840271,624.14054736495,754.001239538193,354.068967014551,0,818.86122956872,37.2566827535629,375.205736160278,32.0117391347885,1079.97233238816,46.7399642765522,3259.41064319015,122.267533242702,6.45626440644264,0,141.274341881275,1.93400454521179,302.436090886593,0,364.647038966417,3.26059520244598,918.339952141047,2.58666390180588,870.795682311058,2.84254837036133,82.6024717390537,88.3773700296879,26.2165161967278,32.2519424855709,162.213953644037,48.6159553229809,121.464225679636,23.6846539378166,49.1077153682709,60.6979967653751,15.6617014706135,16.9865084290504,74.1938534677029,68.6781022548676,41.2665477097034,30.2493595033884,68.5224711298943,13.531385242939,7.91659444570541,7.57188701629639,26.4631007015705,8.22076573967934,3.67950192093849,1.80631190538406,2.55766579508781,45.1505174934864
0,531.151280224323,0,131.475509375334,1.21744322776794,73.0438828766346,0.650416672229767,75.9188927412033,0,86.2524362802505,0,7.84156447649002,0,19.2865705192089,0,167.58088696003,0,9.16632115840912,11.4566404223442,127.77043223381,3.66750735044479,76.0002848505974,0.9735027551651,36.0837445259094,0,9.76324534416199,57.94750893116,110.295710086823,14.8228105902672,69.956910431385,2.0618577003479,8.79947823286057,13.7737535238266,50.7776692211628,78.5536679625511,200.065022200346,278.072416990995,0,99.36173838377,1844.57719483972,53.8505967855453,931.378498405218,112.186554849148,317.059770852327,74.5204111933708,245.142847925425,102.969882905483,989.89885699749,25.4679896831512,209.388420283794,18.3740602731705,262.844697028399,1.30964970588684,98.4513693749905,4.66368782520294,1284.67204836011,22.3552451729774,259.703197747469,127.533996134996,539.997334986925,118.039402544498,225.716641426086,20.239804983139,247.380729436874,7.90127629041672,323.620385676622,622.791903138161,681.818716496229,3.65335792303085,43.35391497612,77.812601685524,340.056603968143,50.6845800280571,572.462572485209,25.7072236537933,537.969382077456,144.634501963854,4365.33620753884,3.56066417694092,4.22042790055275,46.3313989639282,193.368374556303,0,129.633301287889,10.4930419325829,485.986221373081,5.68901723623276,343.479924380779,4.59775125980377,1078.73864853382,21.1862559616566,72.5601304769516,5.91184929013252,26.7480728924274,25.7684922218323,223.066680073738,44.8267270326614,27.0652852058411,29.4444671273232,116.61683177948,7.48629054427147,15.7588810026646,21.9472058713436,93.1818128824234,32.5418767631054,61.9941910207272,27.4270203709602,33.2246867418289,6.70034676790237,6.76321896910667,11.6128559708595,9.21126824617386,2.76172691583633,2.49152874946594,7.24440291523933,19.2250556051731
130.910927206278,0,28.5211839973927,1.09353041648865,63.0703565478325,0,18.4595256447792,0,17.1241229176521,0,4.31061327457428,0,6.62048524618149,0,40.5617883205414,0,4.5151469707489,0,56.5878504514694,1.87056046724319,8.72696390748024,12.1049848794937,3.17047160863876,0,0,0,100.42222365737,62.0831379890442,58.5002571046352,0,8.17009806632996,1.38521194458008,46.9461750388145,9.83410263061523,103.474099576473,52.8913926482201,2322.60997158289,99.36173838377,0,61.3114232718945,666.934255838394,1.12276595830917,380.789149343967,52.9856281280518,413.675702363253,3.85164886713028,911.459268242121,9.00637310743332,182.924943059683,1.92306882143021,200.482056349516,0,20.1302260160446,0,1398.78861221671,1.01137733459473,150.564417481422,5.99147987365723,153.829317241907,11.9875806570053,47.9995181262493,0,14.6071652770042,0,32.4684819877148,2.16586327552795,443.69001069665,137.051786005497,76.7671690583229,0,169.260797560215,10.6372092962265,97.0764323771,11.1002181172371,169.226751208305,28.5707030594349,367.912369549274,56.3262861967087,1.92825257778168,0,47.6677594780922,0,435.958803623915,0,64.8322552442551,0,140.531572729349,0,121.696298360825,0,110.337053388357,154.426397576928,45.9028349220753,51.7503933608532,161.807801008224,179.36507076025,148.253831237555,81.3636651933193,90.6131267845631,154.978828728199,63.3689039945602,17.2172019481659,187.259396463633,98.3910091519356,125.255004584789,42.8569624722004,121.405297040939,25.9035743772984,1.73221933841705,0.624958097934723,17.9387178421021,10.8560638129711,3.54259049892426,5.83959445357323,4.37854790687561,30.6349638998508
0,82.3410608172417,0,1.76906645298004,1.42408430576324,23.4032415151596,0,2.02982485294342,0,13.6532172560692,0,0,0,0,0,60.820251762867,0,1.8502442240715,0,42.384613931179,0,34.1204703450203,0,6.91700947284698,0,0.593637824058533,2.45632410049438,13.9427384138107,0,67.8153121471405,2.22081053256989,12.9319448769093,2.62357175350189,111.734957665205,29.7532680034637,124.84514528513,38.6640127599239,1844.57719483972,61.3114232718945,0,1.92808079719543,1536.97918251157,38.4923733174801,557.021680980921,9.46168592572212,308.177829623222,36.2307319641113,895.891761034727,1.36312425136566,95.6819493472576,2.14405405521393,149.7237380445,0,64.5507094562054,1.24768698215485,2129.54599183798,0,209.802739202976,0.654837548732758,213.44562882185,0,31.1660268902779,0,26.5601735413074,0,82.0130286812782,86.8048475682735,776.938971161842,0,17.6468037366867,17.8391451239586,38.3983651399612,2.79779881238937,100.798834770918,5.10130888223648,44.3683639764786,32.9163835644722,255.130566328764,0,0,0,21.7899189293385,0,176.501387298107,0,161.465501517057,0,313.728481382132,0,287.115973383188,8.42559829354286,59.3676148951054,4.44294953346252,32.6550670266151,23.9741691946983,99.0940997898579,43.261443644762,42.3955334722996,26.507516503334,66.6999370157719,4.16921979188919,17.38620698452,33.1240652501583,77.2946963012218,18.65731087327,27.1804870665073,11.1440567672253,19.1168710887432,0,0.484864979982376,6.23561006784439,2.00439554452896,2.15231010317802,0,3.09748178720474,0
3.03948795795441,0,0.603189170360565,0,265.217631697655,0,5.56123393774033,0,100.525478571653,0,0,0,3.7147125005722,0,141.705652087927,0,1.23906433582306,0,4.23788267374039,0,179.683153688908,4.42410498857498,11.5904431939125,1.66804921627045,5.62358564138412,10.2300207614899,176.888760656118,12.2314283847809,313.547933936119,0,18.4481536746025,12.5778791904449,3.64591729640961,0.644054293632507,40.3558883070946,63.433825969696,462.103421419859,53.8505967855453,666.934255838394,1.92808079719543,0,205.854771733284,64.6767448186874,0,33.4728524982929,0,325.824998736382,1.596644282341,33.9972729384899,0,123.97279548645,0,13.0491328835487,0,126.120548427105,8.69831418991089,2.63985341787338,0,27.1486447751522,0,53.9219815433025,0,11.7386808395386,0,38.1920086443424,0,78.94882568717,4.35527414083481,1.56192070245743,0,562.251744538546,72.1959883570671,295.164895534515,33.7124094367027,291.737081587315,79.3322470784187,313.344700723886,5.98856538534164,0.518981218338013,0,19.35502576828,0,957.055662989616,2.07053393125534,85.3525593280792,2.94205331802368,544.790627807379,8.61242187023163,168.407137691975,26.8346445560455,19.3287450671196,0.86990213394165,0,0,10.0195618867874,0,3.16969609260559,0.678340256214142,13.299443602562,2.22423380613327,0.636929452419281,0,2.86113321781158,0.410817295312881,2.74025458097458,1.9275980591774,1.52035188674927,0,6.38321444392204,0.720273554325104,1.72303941845894,0.756647229194641,0.397043496370316,1.67502585053444,0,7.21940618753433
0,1.75052809715271,0,7.85265037417412,0,465.48179680109,0,2.25582802295685,1.2861191034317,219.991270244122,0,0,0,2.3852231502533,0,475.993165969849,0,0.524685025215149,0,2.75306475162506,9.76310962438583,356.414478898048,0,13.9616298079491,2.66204345226288,34.4309751391411,1.16592311859131,219.528784126043,0,124.067516237497,1.37213170528412,0,0,0,6.43275451660156,11.333940923214,42.9535566568375,931.378498405218,1.12276595830917,1536.97918251157,205.854771733284,0,7.5528028011322,77.3319298624992,0.792365312576294,14.3311027288437,10.8824451565742,260.418944120407,0,21.2141963541508,0,58.314304202795,0,33.0461575388908,5.32812237739563,670.076572149992,0,1.16485172510147,0,44.4479092955589,0,6.79174813628197,0,12.0145806372166,0,50.2894865870476,0,57.3038682639599,0,0,120.626540839672,380.450001835823,81.5925153493881,739.659955143929,34.6121641397476,154.144526004791,9.69607758522034,208.103306174278,0,0,0,44.4088704586029,0.798452854156494,706.80105984211,2.28601092100143,292.126299887896,29.7777164280415,1112.54523405433,17.2379029393196,674.007670491934,0,3.33817377686501,0,4.18899935483932,0,10.7422279119492,0,2.16450917720795,1.41575860977173,25.674218326807,0.513978838920593,0,0,1.28274497389793,1.7173445224762,0.506117761135101,0,0,0.664736747741699,1.11920392513275,0.70891135931015,2.05801057815552,0,0,0.715212285518646,0.594056963920593
2.83304035663605,0,4.3846438229084,0,1.80691224336624,0,3.33619529008865,0,0,0,1.47150659561157,0,0,0,1.62588238716125,0,0,0,213.837967425585,3.44580465555191,5.87044116854668,0,88.2095286250114,0,0,0,0,0,66.5834496617317,1.64601519703865,159.137053310871,2.59989202022552,265.903232872486,27.0886750221252,522.468658268452,233.264064997435,355.499399781227,112.186554849148,380.789149343967,38.4923733174801,64.6767448186874,7.5528028011322,0,3466.51612523198,12813.6791602075,1043.09073138237,9901.15152567625,2172.13277041912,3181.89303287864,418.48267531395,2395.36379599571,45.1945580840111,740.29654404521,14.6013929843903,216.376424223185,33.4047659635544,0,6.40435689687729,152.209765642881,169.141974806786,1.99825239181519,2.06439113616943,0,1.89499735832214,2.34665220975876,9.52356851100922,3537.78568205237,1266.03480398655,0,1.55507683753967,28.0088756680489,2.4178062081337,201.208968251944,61.1589115262032,4.195471316576,2.85722106695175,209.45981413126,51.481254696846,0,0,69.1744148731232,6.32910686731339,10.271465331316,1.40346086025238,95.0795300602913,14.3575025200844,16.8723431229591,1.03079953789711,107.488107413054,14.1522342562675,71.8352639079094,0,0,0,1.98926955461502,0,2.05304408073425,1.34286826848984,223.766755402088,93.5495657920837,0,0,0,0,0,0,0.360226184129715,0,0,0,0,0,0.472977250814438,0,0,0
0.558855593204498,0.801316797733307,0,0,0.98390805721283,1.92019462585449,0,0,0,5.2103710770607,0,0,0,1.06833720207214,0,12.5438017845154,0,0.65189003944397,1.17575979232788,28.1166493296623,0,0.500072360038757,0,14.4546124339104,0,0,0,0.824536442756653,0,27.8014594316483,4.27965402603149,43.9697432816029,7.23445814847946,116.455215662718,250.754825294018,464.473343789577,334.925445348024,317.059770852327,52.9856281280518,557.021680980921,0,77.3319298624992,3466.51612523198,0,1159.80643591285,12141.2441184223,521.158599346876,10386.8255553842,563.054836213589,2761.56121662259,264.240729629993,1415.64944297075,10.3648777604103,586.559134483337,27.2440683841705,317.267552793026,0.819715917110443,0.700509905815125,138.433414906263,241.764207780361,0.5708087682724,0,0,0.459424257278442,1.23624503612518,19.403146982193,1187.90126463771,4311.27943742275,0.725189387798309,0,13.2622841596603,3.48596447706223,20.4440882205963,312.583454251289,2.98682844638824,16.963557600975,198.001016676426,284.964927941561,0,0,6.80959922075272,103.245065748692,0,38.5960264205933,3.72286063432693,182.998624354601,0,20.9093216955662,0,201.937795877457,0,0,0,0,0,7.34750872850418,0,38.2626930475235,2.38315010070801,375.858222484589,0,0,0,0,0,1.43977898359299,0,0,0,0,0,0,0,0,0,0
1.72586452960968,0,0,0,0,0,11.8403986394405,0,0,0,0,0,0,0,0,0,0.649412631988525,0,87.9834244847298,0,0,0,25.1721647977829,0,0,0,0,0,54.6224500238895,0.518064022064209,72.4499116539955,0,263.964655786753,29.0590846538544,599.389408409595,368.744912952185,288.995740622282,74.5204111933708,413.675702363253,9.46168592572212,33.4728524982929,0.792365312576294,12813.6791602075,1159.80643591285,0,999.939981937408,3667.51322647929,122.652592658997,2397.52128508687,48.1636474132538,1301.63755166531,5.17358547449112,66.6176578700542,1.35790395736694,186.10547670722,4.81380668282509,0.905298948287964,4.45011591911316,215.855008602142,47.6589199304581,16.2925252020359,0.88810396194458,4.74693584442139,0,2.25670635700226,3.09459018707275,2325.82324633002,1070.3988622129,0,2.07982885837555,15.5640884637833,3.22779822349548,158.780730217695,3.07736286520958,4.98300415277481,2.10358625650406,253.669566899538,39.2230477929115,0,0,119.501960784197,0.602458834648132,0.589540004730225,0,121.521228224039,1.4215749502182,0.897563517093658,0,44.8289340138435,1.89935863018036,15.7181368470192,0,0,0,6.69545352458954,0,4.39499381184578,0.456929445266724,59.0959659814835,0,0,0,0,0,0,0,0,0,0,0,0,0,0,0,0,0
0,0,0,2.25664222240448,0,0,0,1.90987432003021,0,0,0,0,0,0,0,0,0,0,0,4.88905251026154,0,0,0,0,0,0,0,0,0,32.846318423748,0,2.78743770718575,0,17.9973701238632,198.086862653494,293.67052257061,156.620436042547,245.142847925425,3.85164886713028,308.177829623222,0,14.3311027288437,1043.09073138237,12141.2441184223,999.939981937408,0,69.3506135344505,2816.5219039917,68.1760778427124,3113.20685169101,12.9551711678505,928.251148879528,0,381.984681099653,0,249.726924300194,0,3.75174993276596,5.08621820807457,731.545755892992,3.56772285699844,1.07393217086792,0,3.42637974023819,0,20.5131614804268,828.765995144844,2916.07737776637,0,1.33030307292938,3.50719773769379,1.90946465730667,0,266.091120988131,0,40.9068453609943,115.65058067441,247.222870826721,0,0,0,165.204711943865,0,0.88037109375,2.3717679977417,177.591489493847,0,0,0,84.9976023733616,0,0,0,0,0,11.446307182312,0,37.8896595835686,0,18.4072228074074,0,0,0,0,0,0,0,0,0,0,0,0,0,0,0,0
3.01905226707458,0,1.59315237402916,0,38.87144780159,0,2.83780944347382,0,16.5885121524334,0,0,0,2.18309724330902,0,50.1677144467831,0,2.30911827087402,0,113.131124079227,0,23.6549287438393,0,10.2282109856606,0,0,0.759426891803741,11.6094076037407,0,235.585016459227,2.12984842061996,42.4150968790054,0,66.0833152532578,13.0200862288475,282.419027030468,185.89476916194,1480.74781164527,102.969882905483,911.459268242121,36.2307319641113,325.824998736382,10.8824451565742,9901.15152567625,521.158599346876,3667.51322647929,69.3506135344505,0,275.862068355083,830.577493339777,13.7976697087288,3666.89912351966,0,1958.76001468301,1.12955915927887,3798.92684692144,9.11415672302246,8.87446981668472,4.92866694927216,99.8874721825123,46.5533704161644,25.2711292505264,0,5.91438919305801,0,18.8601918816566,1.83419764041901,1483.1928922832,450.31029599905,2.43306082487106,2.21671152114868,41.48226583004,9.05989950895309,608.736521154642,12.6337666809559,15.933124601841,3.18567660450935,669.341607958078,60.044823884964,2.37409579753876,0,324.156600415707,1.67572176456451,108.16126793623,0.578762769699097,652.010662943125,0,245.952927649021,0,995.873091131449,1.40254077315331,337.838689893484,0,0,0,28.6751281023026,0.466184556484222,22.8133928179741,2.01568448543549,497.048041552305,0.841834664344788,0,0,3.63157659769058,0.891466557979584,1.68395614624023,0,0,0,0,8.07033705711365,3.44503080844879,0,0.571919202804565,1.54577279090881,0,0.364721924066544
1.99202197790146,45.6441453099251,0,6.03981319069862,0,6.19580137729645,0,0.857413053512573,0,11.8879262804985,0,0.608259618282318,0,0.807320833206177,0,24.9820319414139,0,0,5.21962189674377,104.220197051764,0,3.73460340499878,0,32.3172382712364,0,0,2.52730405330658,6.02248591184616,0,74.2035900056362,1.59499597549438,79.3343803286552,10.748783826828,310.774546027184,74.8983418941498,389.651759803295,47.4663729667664,989.89885699749,9.00637310743332,895.891761034727,1.596644282341,260.418944120407,2172.13277041912,10386.8255553842,122.652592658997,2816.5219039917,275.862068355083,0,20.183907866478,739.274855345488,10.8384248018265,1176.7268614471,0,2391.28145572543,0.666192531585693,3584.0781891346,2.24850958585739,47.2019498348236,6.61211305856705,185.652376800776,0,13.5205255150795,0,12.1051369011402,0,42.5295242369175,310.795686751604,1285.99425536394,1.72394716739655,5.51949363946915,2.99303632974625,28.4824568629265,1.22680985927582,831.954299628735,1.70783537626266,60.748174071312,49.7271059155464,623.388215005398,0,0,1.17207431793213,151.516390174627,0,80.0973072946072,0,459.879809916019,0,67.0439765751362,0,595.665983200073,2.27232214808464,14.5945633649826,0,9.9551505446434,3.88362422585487,50.2307986915112,0.662465929985046,114.00994899869,0,887.715002685785,0.503740787506104,1.30528664588928,0.449465155601501,6.79579132795334,0.525154411792755,9.39690324664116,0,2.04342278838158,20.4646903574467,33.4912312030792,4.66089656949043,4.6257181763649,4.99603047966957,2.06564575433731,1.09624090790749,3.19937905669212
14.9788526296616,0,2.4364265203476,0,0,0,62.6023750305176,0,0,0,0,0,2.24080234766006,0,1.04316663742065,0,0,0,3.0893377661705,0,1.23409736156464,0,0,0,0,0,0,0,91.0254318714142,0,0,0,2.67793715000153,0,129.189969837666,179.587012767792,412.919652432203,25.4679896831512,182.924943059683,1.36312425136566,33.9972729384899,0,3181.89303287864,563.054836213589,2397.52128508687,68.1760778427124,830.577493339777,20.183907866478,0,23.8857335448265,4942.75118067861,14.9604099988937,143.640279084444,0,277.826456993818,0,9.10077518224716,0,1038.05981701612,20.8965771198273,122.965370863676,0,15.1570290923119,0,12.3354783654213,0,877.162085562944,693.940556943417,0,1.70904994010925,16.5710319280624,0,207.806891649961,2.88162940740585,12.0150806903839,1.71622186899185,389.093221396208,11.3450766801834,0,0,234.55367153883,1.45955049991608,7.54455584287643,0,246.851517617702,0,5.1758953332901,0,47.2516848742962,0,12.1141716837883,0,0,0,14.3078202009201,0,4.30826050043106,0,12.7183874249458,0,0,0,0,0,0.969091236591339,0,1.01530051231384,0,0,0,0,0,0,0,0,0
0,41.1730033755302,0,6.10310107469559,0,0,0,110.399718105793,0,0,0,4.55194640159607,0,0,0,0,0,2.90702259540558,0,6.43796306848526,0,0,0,0,0,0,0,0,0,41.4212446808815,0,0,0,3.37050211429596,73.7416045367718,128.786995500326,63.1432750821114,209.388420283794,1.92306882143021,95.6819493472576,0,21.2141963541508,418.48267531395,2761.56121662259,48.1636474132538,3113.20685169101,13.7976697087288,739.274855345488,23.8857335448265,0,2.8451554775238,4099.80324476957,0,847.752486735582,0,382.850134313107,0,108.70369809866,2.88104373216629,2081.66493713856,0,7.43780910968781,0,9.87591207027435,0,221.131650984287,314.668338954449,665.564669400454,0,1.9311535358429,0,11.4689399898052,0,249.984382480383,0,43.4946072101593,46.7943003475666,262.161810845137,0,0,0,222.700196772814,0,14.2969774603844,0,424.408796131611,0,0,0,163.729515165091,0,0,0,0,0,24.543919980526,0,6.67770826816559,0,30.4330317974091,0,0,0,0,0,0,0,0,0,0,0,0,0,0,0,0
152.558344274759,0,4.58751118183136,0,0,0,576.156641662121,0,1.25111973285675,0,55.8626517057419,0,33.5182655751705,0,0,0,18.1267210841179,0,0,0,6.09540849924088,0,0,0,0,0,0,0,302.36348181963,0,0,0,0,0.819569110870361,64.5911919772625,107.102323174477,861.674700587988,18.3740602731705,200.482056349516,2.14405405521393,123.97279548645,0,2395.36379599571,264.240729629993,1301.63755166531,12.9551711678505,3666.89912351966,10.8384248018265,4942.75118067861,2.8451554775238,0,0,5225.49885341525,0,3860.82327619195,0.617355585098267,111.546029061079,0.868494153022766,3233.72622486949,11.5865028500557,1328.18319508433,0,53.2103872895241,0,914.090528100729,1.03483736515045,841.346657365561,374.519815534353,2.47738653421402,0,97.7845169603825,0.570738673210144,664.679554581642,1.23727166652679,51.6593558490276,1.04288852214813,822.066921621561,18.8009110689163,24.7720401287079,0,743.360359698534,0,86.3279893398285,0,4256.38992288709,1.76352643966675,40.3209901750088,0,821.929408043623,0,22.3518292307854,0,0,0,31.070042014122,2.07687997817993,15.171797811985,0.628860414028168,2.32562983036041,0,0,0,1.52173292636871,0,2.65239724516869,0,3.23090595006943,0,0,0,0,0,0,0,0,2.35851287841797
0,70.0911354422569,0,23.5850633978844,0,0,0,221.196488112211,0,0,0,6.63725298643112,0,4.55581653118134,0,0,0,0.690237700939178,0,6.33105224370956,0,0,0,0,0,0,0,0,0,52.5351786315441,0,0,0,2.3712272644043,12.7452111244202,18.4954987168312,9.12544077634811,262.844697028399,0,149.7237380445,0,58.314304202795,45.1945580840111,1415.64944297075,5.17358547449112,928.251148879528,0,1176.7268614471,14.9604099988937,4099.80324476957,0,0,0,4162.01213139296,0,1081.16908314824,1.55156660079956,144.062492400408,0.831019699573517,2260.88625001907,0,7.74407398700714,0,16.6086044311523,0,902.913787424564,63.9961788654327,963.035831719637,0,0,0.843736886978149,30.6124190688133,0,407.717111319304,0,48.083613038063,11.9910930395126,325.536749005318,0,1.88388276100159,0,439.232720464468,0,31.044951826334,3.64403820037842,5152.85550013185,0,3.87569624185562,0,1088.62285220623,0,0,0,0,0,19.1082437336445,0,5.78769180178642,0,26.7097437977791,0,0,0,0,0,0,0,0,0,0,0,0,0,0,0,0
3.88201069831848,0,0,0,0,0,0,0,0,0,0,0,0,0,0,0,0,0,0,0,1.16506111621857,0,0,0,0,0,0,0,24.5556809902191,0,0,0,0,0,4.01459741592407,11.3098707199097,82.3292758464813,1.30964970588684,20.1302260160446,0,13.0491328835487,0,740.29654404521,10.3648777604103,66.6176578700542,0,1958.76001468301,0,143.640279084444,0,5225.49885341525,0,0,0,1844.81861048937,0,0,0,13.8484390377998,0,3.10237491130829,0,0.857170224189758,0,21.8062002062798,0,57.3675484061241,13.8259981870651,0,0,1.10769331455231,0,54.9371520876884,0,0,0,48.6001570522785,0,0.986032903194427,0,29.1546646952629,0,5.66916245222092,0,644.713658601046,0,6.87150636315346,0,238.747916430235,0,12.5066713392735,0,0,0,0.526323795318604,0,0,0,3.88446199893951,0,0,0,0,0,0,0,0,0,0,0,0,0,0,0,0,0
0,0,0,0,0,0,0,0,0,0,0,0,0,0,0,0.523243069648743,0,0,0,0,0,0,0,0,0,0,0,0,0,12.4849696159363,0,0,0,0,11.3772249817848,5.58807644248009,9.6579892039299,98.4513693749905,0,64.5507094562054,0,33.0461575388908,14.6013929843903,586.559134483337,1.35790395736694,381.984681099653,1.12955915927887,2391.28145572543,0,847.752486735582,0,4162.01213139296,0,0,0,2270.66350078583,0,0,0,44.345147550106,0,0,0,0,0,23.8215916156769,11.2428768277168,29.8777965009212,0,0,0,0,0,102.595970571041,0,9.65325564146042,4.48815512657166,58.8807328045368,0,0,0,59.4241069853306,0,6.0693618953228,0,1376.03151372075,0,4.67643749713898,0,872.572465389967,0,1.46291482448578,0,0,0,2.50570464134216,0,2.35750308632851,0,98.0106328725815,0,0,0,0,0,0,0,0,0,0,0,0,0,0,0,0
16.1050952076912,0,0,0,8.665093511343,0,5.75910782814026,0,4.17600381374359,0,1.78541696071625,0,0.917887270450592,0,17.5475437641144,0,0.589297533035278,0,0,0,6.58143857121468,0,0,0,1.0405547618866,0,3.70362973213196,0,88.8746322691441,0,0,0.811177849769592,2.91624453663826,1.3884528875351,14.667654633522,8.39736554026604,1027.44102585316,4.66368782520294,1398.78861221671,1.24768698215485,126.120548427105,5.32812237739563,216.376424223185,27.2440683841705,186.10547670722,0,3798.92684692144,0.666192531585693,277.826456993818,0,3860.82327619195,0,1844.81861048937,0,0,0.671971797943115,11.2604033350945,0,55.2100556492805,0,35.1894112825394,0,5.78077837824821,0,180.688033491373,0,86.8590291440487,45.6580166816711,0,0,17.7852640748024,1.31140595674515,135.876620411873,2.0229834318161,9.22822034358978,0.761348783969879,130.384211272001,2.1172679066658,1.81731933355331,0,102.692004293203,0,77.6476414501667,0,1287.87162515521,0,723.012902408838,0,3022.50222307444,0,43.5862637162209,0,0,0,1.08798611164093,0,0.855062782764435,0,20.905872553587,0,0,0,0,0,0,0,0,0,0,0,0,0,0,0,0,0
0,2.1913697719574,0,1.00095617771149,0,29.2095263302326,0,0,0,32.6741478443146,0,0,0,1.1470890045166,0,78.3218286037445,0,0,0,0,0,0.833054959774017,0,1.01157355308533,0,2.00892317295074,0,4.59628689289093,0,17.5241383314133,0,0,0,9.13122066855431,11.2145456075668,26.2241737246513,12.0774811506271,1284.67204836011,1.01137733459473,2129.54599183798,8.69831418991089,670.076572149992,33.4047659635544,317.267552793026,4.81380668282509,249.726924300194,9.11415672302246,3584.0781891346,0,382.850134313107,0.617355585098267,1081.16908314824,0,2270.66350078583,0.671971797943115,0,0,9.14694154262543,1.52499532699585,81.393203496933,0,2.26803511381149,0,2.89849770069122,0,194.128668755293,29.1145970225334,160.463359385729,0,0.635679066181183,10.7325887680054,16.7142998278141,11.1012561321259,256.243329614401,3.69071042537689,6.12269484996796,10.8496999740601,117.510671406984,0,0,0,84.3159730732441,0,55.2143773436546,0,1419.3390866816,0,478.345947146416,0,2780.9207123518,0,1.57829618453979,0,0,0,3.27188807725906,0,19.2266808450222,0,280.532013982534,0,0,0,0.695188462734222,0,1.33403241634369,0,0,0,0,0,0,0,0,0,0
13616.0057676435,51.4443483948708,228.394466459751,56.913487046957,0,0,975.531038105488,22.0675332546234,10.8562042713165,0,404.697204232216,4.3785794377327,316.84838527441,0,27.9285839796066,0,1778.71858412027,1.4243882894516,149.032420307398,203.728189259768,0,0,0.988014817237854,0,0,0,0,0,1540.27019047737,0.547622442245483,0.736316800117493,0,12.876204252243,159.963308155537,0,8.80985653400421,620.11790651083,22.3552451729774,150.564417481422,0,2.63985341787338,0,0,0.819715917110443,0.905298948287964,0,8.87446981668472,2.24850958585739,9.10077518224716,0,111.546029061079,1.55156660079956,0,0,11.2604033350945,0,0,53.5852657556534,2637.1273008585,16.2563314437866,4070.22546049953,3.8892707824707,2244.83802443743,15.6567708849907,324.074407786131,0,1073.56219387054,168.820084780455,1651.73320248723,29.8069381117821,1661.05218482018,101.543457269669,1679.62828046083,25.6080375909805,589.22317942977,3.52186703681946,2543.57194751501,96.1371015608311,144.854677975178,0,352.361523211002,5.11757701635361,26.7632031440735,0,168.110809057951,2.16071152687073,0,0,22.8561851680279,0,0,0,0,0,184.849000573158,1.99345421791077,53.0855405330658,0,1.29574775695801,0,0,0,0,0,17.6040591001511,0,30.1212879419327,0,0,1.24160575866699,0.715791165828705,0.987834751605988,0,0,0.369435548782349,13.2847361862659
9.70859414339066,13217.7509457767,0.370374470949173,514.775884956121,0,0,0,1367.08988896012,0,2.3655172586441,0,435.398810952902,0,112.029754012823,0,9.60176199674606,6.83980107307434,2433.00795018673,9.41265535354614,995.727028846741,0,0,0,19.5656737089157,0,0,0,0,9.38182562589645,504.81036862731,1.69197976589203,0.671738147735596,103.934330165386,493.867517322302,10.3231016695499,5.55554658174515,12.4393292069435,259.703197747469,5.99147987365723,209.802739202976,0,1.16485172510147,6.40435689687729,0.700509905815125,4.45011591911316,3.75174993276596,4.92866694927216,47.2019498348236,0,108.70369809866,0.868494153022766,144.062492400408,0,0,0,9.14694154262543,53.5852657556534,0,18.2422543764114,3310.82683229446,12.0896090269089,2002.46950855851,11.7031028866768,3064.57926127315,0,558.260364353657,311.49569272995,446.953659892082,70.4359712600708,1540.07510614395,108.419587433338,839.810604900122,16.623906314373,2068.56793737411,1.25798952579498,425.325952082872,121.733461886644,2353.71908906102,1.51845872402191,43.9871740043163,18.0618199706078,311.270956993103,0,9.65321856737137,0,90.1035378873348,0,0,0,31.9365296661854,0,0,0,0,0,260.177045285702,1.10489845275879,1.46007525920868,0,0,0,0,0,0,0,4.78613209724426,0,2.0099481344223,8.7170347571373,11.9574684500694,0,0,0.79481840133667,0,0,4.79653799533844
1073.29343217611,0,101.579099714756,0,0,0,901.048501193523,0,0,0,93.3895768821239,0,55.6968377232552,0,0,0,77.1776162683964,1.22829246520996,67.1322380900383,4.14829695224762,0,0,0,0,0,0,0,0,602.31621658802,0,1.96557903289795,0,4.20654755830765,60.5979278683662,34.8326382637024,90.9202140569687,393.708176583052,127.533996134996,153.829317241907,0.654837548732758,27.1486447751522,0,152.209765642881,138.433414906263,215.855008602142,5.08621820807457,99.8874721825123,6.61211305856705,1038.05981701612,2.88104373216629,3233.72622486949,0.831019699573517,13.8484390377998,0,55.2100556492805,1.52499532699585,2637.1273008585,18.2422543764114,0,19.2422959208488,6376.08307299018,3.43576401472092,357.636015802622,3.19270020723343,1151.33204174042,1.72101199626923,1873.12234202027,407.093213260174,52.1042888760567,2.93220508098602,352.361322164536,11.2697088718414,701.95533823967,4.44829231500626,171.36740231514,0,946.182835459709,31.4400379359722,111.575579702854,1.24348974227905,564.383398503065,2.52322781085968,9.9793564081192,0,156.162524849176,2.24712109565735,0,0,43.363533437252,0,0,0,0,0,77.2216238677502,0,22.2718114256859,0,0,0,0,0,0,0,1.02297687530518,0,8.98157697916031,0,0,0.573174953460693,0,0,0,0,0,0
0,657.992509633303,0,93.4527104794979,0,0,0,468.954185724258,0,0,0,86.7715005278587,0,42.5577300190926,0,0,1.92884081602097,47.1864710152149,0,112.398202806711,0,0,0,0.755185723304749,0,0,0,0,1.26880407333374,153.797322392464,0,0,18.9231885075569,43.3124635517597,91.6350658833981,121.662797480822,129.639376074076,539.997334986925,11.9875806570053,213.44562882185,0,44.4479092955589,169.141974806786,241.764207780361,47.6589199304581,731.545755892992,46.5533704161644,185.652376800776,20.8965771198273,2081.66493713856,11.5865028500557,2260.88625001907,0,44.345147550106,0,81.393203496933,16.2563314437866,3310.82683229446,19.2422959208488,0,14.5772435069084,1840.6221421659,4.78874611854553,192.123392939568,5.33440053462982,2443.89934524894,296.263155341148,3723.51615712047,2.8061026930809,86.0959952771664,21.2350732088089,84.9960108101368,3.64319491386414,931.274147957563,0,143.871016174555,51.5923414826393,1023.1436483562,1.44376146793365,33.1808830499649,11.1101905703545,702.997026085854,0,36.6872318387032,1.51540017127991,267.360059261322,0,0,0,109.425921320915,0,0,0,0,1.48973178863525,93.9454336166382,0,0.444577187299728,0,2.26928055286407,0,0,0,0,0,0,0,2.25369191169739,1.2331827878952,0.712648749351501,0,0,0,0,0,0
1316.46988850832,0,32.4357579946518,0,0,0,1064.61735457182,0,0.860258519649506,0,853.933133721352,0,375.516235888004,0,0,0,770.268256247044,0,11.7674189805984,0,0,0,0.566539645195007,0,0,0,0,0,493.941950023174,0,4.78266441822052,0,1.70292192697525,18.267778813839,14.2795736789703,19.7682920694351,312.843240439892,118.039402544498,47.9995181262493,0,53.9219815433025,0,1.99825239181519,0.5708087682724,16.2925252020359,3.56772285699844,25.2711292505264,0,122.965370863676,0,1328.18319508433,0,3.10237491130829,0,35.1894112825394,0,4070.22546049953,12.0896090269089,6376.08307299018,14.5772435069084,0,0,2896.0530166626,1.67737144231796,2889.57198923826,0,368.526570022106,230.930174946785,11.0884465277195,2.35490626096725,352.749363690615,6.19298112392426,361.520580768585,3.20754331350327,72.090891033411,0,783.224078148603,20.9100690484047,35.5224880576134,0,758.577260673046,0,81.2709675133228,0,1115.69113498926,0,0.808313012123108,0,246.586564213037,0,0,0,0,0,31.5693398714066,0,13.8389669656754,0,0,0,0,0,0,0,2.97527569532394,0,4.11673694849014,0,0,0,0.656344830989838,0,0,0,0,0
0,1262.79050880671,0,72.3558104038239,0,0,0,355.703273713589,0,1.88618677854538,0,1270.78651380539,0,845.230003356934,0,47.944631755352,0,627.31854352355,0,47.1524280905724,0,0,0,4.57718169689178,0,0,0,0,0,357.979644030333,0,0,2.96252536773682,7.44800901412964,10.4961609840393,3.37640708684921,2.96507954597473,225.716641426086,0,31.1660268902779,0,6.79174813628197,2.06439113616943,0,0.88810396194458,1.07393217086792,0,13.5205255150795,0,7.43780910968781,0,7.74407398700714,0,0,0,2.26803511381149,3.8892707824707,2002.46950855851,3.43576401472092,1840.6221421659,0,0,1.46761775016785,3364.75947040319,0,1436.06907430291,13.2038000822067,89.502515822649,0,5.98242098093033,13.9101524949074,298.17688241601,2.46217489242554,391.724758446217,0,32.0510940849781,20.6453713178635,311.527089506388,0,5.24949222803116,2.98641800880432,271.699861049652,0,5.44728335738182,0,381.028705269098,0,0,0,57.5951737761497,0,0,0,0,0,20.4260978102684,0,0,0,0,0,0,0,0,0,0,0,0,0,0,0,0,0,0,0,0
172.606028467417,0,21.4907495975494,0,0,0,44.4687058925629,0,4.15908259153366,0,259.094128370285,0,239.15636152029,0,17.2712830901146,0,1317.6854467988,0,7.81734776496887,1.34509003162384,0,0,0,0,0,0,0,0,1086.18434712291,1.76653468608856,0,0,2.30194342136383,24.4476376771927,7.92001640796661,4.98529881238937,104.352679044008,20.239804983139,14.6071652770042,0,11.7386808395386,0,0,0,4.74693584442139,0,5.91438919305801,0,15.1570290923119,0,53.2103872895241,0,0.857170224189758,0,5.78077837824821,0,2244.83802443743,11.7031028866768,357.636015802622,4.78874611854553,2896.0530166626,1.46761775016785,0,3.0299659371376,505.3730905056,0,224.944778352976,85.4110077619553,62.8349053859711,4.68476444482803,382.810334980488,18.3115092515945,190.18907558918,4.33280682563782,42.2430348992348,1.50423645973206,441.535884827375,25.8492195606232,95.6446126103401,0,2915.03183871508,0,62.4071213304996,0,1133.19204685092,0,10.4243694543839,0,256.357788711786,0,0,0,0,0,11.8404161334038,2.12537598609924,3.66381394863129,0,1.00836992263794,0,0,0,0,0,0.834519147872925,0,6.53367039561272,0,0,2.98285609483719,0,0,0,0,0,0
0.666700184345245,149.752129375935,0,79.6050699949265,0,0,0,131.197975516319,0,15.3633781075478,0,407.293685138226,0,422.576126039028,0,132.709598273039,1.51195788383484,2230.78457966447,0,25.9608287811279,0,0,0,15.3806524276733,0,0,0,0,1.67843729257584,1060.58118671179,0,3.29289305210114,18.907691180706,34.7726219296455,4.41436672210693,5.71780037879944,4.04069113731384,247.380729436874,0,26.5601735413074,0,12.0145806372166,1.89499735832214,0.459424257278442,0,3.42637974023819,0,12.1051369011402,0,9.87591207027435,0,16.6086044311523,0,0,0,2.89849770069122,15.6567708849907,3064.57926127315,3.19270020723343,192.123392939568,1.67737144231796,3364.75947040319,3.0299659371376,0,0,704.05810341239,49.7058157920837,289.509155631065,1.08282828330994,21.9327371716499,47.8296609520912,375.925644338131,2.9657484292984,963.027946054935,1.88730448484421,52.1690472066402,31.8165062069893,457.746322870255,0,74.3035217523575,4.92877614498138,2896.19731980562,0,21.585282176733,0,1603.1521281302,0,3.57386055588722,0,172.771534085274,0,0,0,0,0,18.4460933506489,0,0,0,1.28256833553314,0,0,0,0,0,0,0,0,1.29194760322571,0,0,0,0,0,0,0
564.188988387585,0,19.1899405121803,0,0,0,1264.99363532662,0,0.599258899688721,0,395.833904743195,0,253.492172300816,0,1.42170381546021,0,83.3125470876694,0,7.937480032444,0,2.23523133993149,0,0,0,0,0,0,0,179.928165823221,0,0.860376954078674,0,0,1.94077181816101,0,3.31825613975525,192.741009831429,7.90127629041672,32.4684819877148,0,38.1920086443424,0,2.34665220975876,1.23624503612518,2.25670635700226,0,18.8601918816566,0,12.3354783654213,0,914.090528100729,0,21.8062002062798,0,180.688033491373,0,324.074407786131,0,1151.33204174042,5.33440053462982,2889.57198923826,0,505.3730905056,0,0,0,30.3952266275883,15.3424850702286,0,0,129.209962546825,1.57045125961304,224.642397612333,0,47.0690264701843,0,243.519450426102,0,13.3151314258575,0,548.758480936289,0,19.4878579378128,0,5342.96126174927,0,6.00366348028183,0,495.713811010122,0,0,0,0,0,7.68306258320808,0,3.35541301965714,0,0,0,0,0,0,0,0,0,1.97789794206619,0,0,0,0,0,0,0,0,0
0,1045.4044059217,0,78.308002948761,0,0,0,1209.59700408578,0,1.17472398281097,0,528.333150863647,0,490.169158905745,0,7.46200311183929,0,54.1604958176613,3.37436056137085,13.0659791827202,0,0,0,5.67044553160667,0,0,0,0,0,95.3535650372505,0,0,0,2.10917228460312,6.59067845344543,8.24733954668045,3.25492262840271,323.620385676622,2.16586327552795,82.0130286812782,0,50.2894865870476,9.52356851100922,19.403146982193,3.09459018707275,20.5131614804268,1.83419764041901,42.5295242369175,0,221.131650984287,1.03483736515045,902.913787424564,0,23.8215916156769,0,194.128668755293,0,558.260364353657,1.72101199626923,2443.89934524894,0,1436.06907430291,0,704.05810341239,0,0,26.6135958433151,119.641968846321,0,0,5.01550155878067,217.771489113569,0,548.422851651907,0,86.0721262991428,1.16310548782349,357.362070411444,0,13.6713526248932,1.17583584785461,2262.02660056949,0,54.5779199898243,0,4263.00021648407,0,9.67361176013947,0,841.347034811974,0,0,0,0,0,36.1523750722408,0,2.56247961521149,0,0,0,0,0,0,0,0,0,1.12228417396545,0,0,1.01879703998566,0,0,0,1.16373896598816,0
584.126406788826,90.3466569781303,741.70334148407,11.0923532247543,2.31022256612778,0,251.870447874069,1.298598498106,0,0,37.579471796751,0,15.4173566699028,0,3.08362847566605,0,71.6587632596493,14.3922338485718,2727.77233621478,239.522554129362,5.03743064403534,0,387.49043366313,0.561768233776093,0,0,1.48750388622284,0,334.93769416213,13.7779467105865,733.658063590527,14.8818705379963,3647.16036182642,1655.64159709215,2346.82238188386,628.041345626116,624.14054736495,622.791903138161,443.69001069665,86.8048475682735,78.94882568717,0,3537.78568205237,1187.90126463771,2325.82324633002,828.765995144844,1483.1928922832,310.795686751604,877.162085562944,314.668338954449,841.346657365561,63.9961788654327,57.3675484061241,11.2428768277168,86.8590291440487,29.1145970225334,1073.56219387054,311.49569272995,1873.12234202027,296.263155341148,368.526570022106,13.2038000822067,224.944778352976,49.7058157920837,30.3952266275883,26.6135958433151,0,3462.9168112278,2070.94474470615,291.087062060833,815.912917017937,299.052309036255,561.527970910072,106.308801442385,160.062484025955,16.1175263822079,1322.22149860859,378.877135843039,33.9659378528595,4.210728764534,558.385411262512,16.9286006689072,16.7344991266727,0.511161386966705,155.46967536211,4.94357895851135,14.6153528690338,0.610942423343658,79.6939523816109,3.92227935791016,16.2217268943787,0,0,0,62.541624724865,2.50451993942261,20.6620938777924,2.67689514160156,35.5786149203777,2.96376031637192,0,0,0,0,0.652907311916351,0,3.30458214879036,0,0,3.03914231061935,0,0,0,0,0,0
19.3342946171761,143.472837030888,6.59536844491959,273.221986025572,0,3.24262297153473,0,39.4463548660278,0,0,0,26.4557957947254,0,4.31189662218094,0,19.460834980011,8.12415146827698,33.9122815430164,87.9190059304237,2235.88186225295,0,13.1797133684158,1.80185270309448,200.025652289391,0,0,0,0,41.4444220662117,74.8349389135838,30.3499157428741,865.52091807127,336.833152383566,6277.17733114958,505.586894154549,2156.98660221696,754.001239538193,681.818716496229,137.051786005497,776.938971161842,4.35527414083481,57.3038682639599,1266.03480398655,4311.27943742275,1070.3988622129,2916.07737776637,450.31029599905,1285.99425536394,693.940556943417,665.564669400454,374.519815534353,963.035831719637,13.8259981870651,29.8777965009212,45.6580166816711,160.463359385729,168.820084780455,446.953659892082,407.093213260174,3723.51615712047,230.930174946785,89.502515822649,85.4110077619553,289.509155631065,15.3424850702286,119.641968846321,3462.9168112278,0,147.03785726428,348.156567871571,252.112787991762,189.234022468328,105.804253727198,520.394496589899,9.59469306468964,97.2133089005947,490.010781168938,1031.81450238824,10.9372338652611,16.4191311001778,152.168092042208,472.423393279314,0,36.3569735884666,29.0159143805504,171.205067455769,0,14.6506238877773,7.77395850419998,112.75671890378,0,0,0,0,0,79.0757471323013,0.778909146785736,16.7243518233299,0,24.2382708787918,0,0,0,0,0,4.36327442526817,0,0.363858699798584,0.653560817241669,0.736346304416656,1.09824812412262,0,0,0,0,0.517866432666779
2293.49142363667,204.995146930218,176.120806932449,73.8886536955833,0,0,56.2124353051186,20.1434528231621,0,0,10.7235466241837,1.12853181362152,12.6921058893204,0,1.21745240688324,0,17.3938525617123,0,1999.24947756529,604.35532733798,0,0,0.425642490386963,0,0,0,0,0,109.829516530037,2.44367986917496,4.52042216062546,0,596.851042181253,883.874595344067,1.53068614006042,2.00228929519653,354.068967014551,3.65335792303085,76.7671690583229,0,1.56192070245743,0,0,0.725189387798309,0,0,2.43306082487106,1.72394716739655,0,0,2.47738653421402,0,0,0,0,0,1651.73320248723,70.4359712600708,52.1042888760567,2.8061026930809,11.0884465277195,0,62.8349053859711,1.08282828330994,0,0,2070.94474470615,147.03785726428,0,231.077282249928,913.937821447849,236.255191653967,254.8896664083,41.5135236978531,186.074161827564,11.1200720667839,1610.53111165762,202.378835737705,0.59627103805542,0,8.8935467004776,0.942442059516907,0.56134045124054,0,0,0,0,0,0.553704977035522,0,0,0,0,0,90.1820516586304,1.45123660564423,9.55358129739761,0,1.30963373184204,0,0,0,0,0,0.589831471443176,0,0.74473762512207,0,0,2.25640308856964,0,0,0.458138823509216,0,0,2.31650424003601
27.5491271615028,882.52051371336,0,135.379383832216,0,0,0,9.00770485401154,0,0,0,7.07578611373901,0,0,0,0,0,14.2873392701149,52.0246939063072,2609.67621597648,0,0,0,2.67799234390259,0,0,0,0,2.82411801815033,3.72157269716263,0,1.37170243263245,154.873335897923,750.616405069828,0,0,0,43.35391497612,0,17.6468037366867,0,0,1.55507683753967,0,2.07982885837555,1.33030307292938,2.21671152114868,5.51949363946915,1.70904994010925,1.9311535358429,0,0,0,0,0,0.635679066181183,29.8069381117821,1540.07510614395,2.93220508098602,86.0959952771664,2.35490626096725,5.98242098093033,4.68476444482803,21.9327371716499,0,0,291.087062060833,348.156567871571,231.077282249928,0,33.1622967123985,280.473267704248,0,87.5471067130566,2.80813324451447,44.1501200199127,77.8130200505257,608.453322947025,0,0,1.65758323669434,6.9029606282711,0,0,0,1.2576265335083,0,0,0,0.464742988348007,0,0,0,0,0,35.9509068131447,0,0,0,0,0,0,0,0,0,0,0,0,0,1.61576342582703,0,0,0,0,0,0
3801.22422513366,155.326155930758,2318.71032872796,541.81902679801,1590.10727015138,69.3352464735508,5419.91357943416,544.377121865749,1501.83047065139,39.3653737306595,774.862144380808,88.0512463748455,1981.0520490706,92.0606169700623,923.829614281654,35.3841701745987,303.72262108326,29.1557487249374,1236.84723633528,904.284812599421,501.458516895771,114.107931792736,1712.18073764443,1588.54835370183,361.133032649755,375.145521432161,971.331747770309,201.466211438179,832.260143578053,18.9170107841492,1745.59305095673,524.119161933661,386.187737375498,352.431952685118,170.672019064426,25.9659367203712,818.86122956872,77.812601685524,169.260797560215,17.8391451239586,562.251744538546,120.626540839672,28.0088756680489,13.2622841596603,15.5640884637833,3.50719773769379,41.48226583004,2.99303632974625,16.5710319280624,0,97.7845169603825,0.843736886978149,1.10769331455231,0,17.7852640748024,10.7325887680054,1661.05218482018,108.419587433338,352.361322164536,21.2350732088089,352.749363690615,13.9101524949074,382.810334980488,47.8296609520912,129.209962546825,5.01550155878067,815.912917017937,252.112787991762,913.937821447849,33.1622967123985,0,988.3759354949,5370.26949051023,234.883840709925,4120.51251298189,99.6886244118214,6789.35579372942,357.129489451647,21.2526798248291,0.551430225372314,328.735375523567,20.3434466719627,71.8999451994896,0,319.149157196283,20.7124148011208,69.8299260735512,7.63903248310089,81.3778864741325,23.2264357805252,32.0878422856331,11.6257730126381,19.0766129791737,5.80691316723824,303.837472528219,28.7339890897274,69.0298300385475,17.7097365856171,24.9188992381096,17.7361885607243,9.39266115427017,3.38236248493195,47.9348749518394,12.4944959878922,91.4925155341625,18.2146156430244,66.3569791913033,10.8152232468128,22.0558842420578,11.5449416041374,37.5436723232269,12.8349514901638,18.8772743940353,14.8053021132946,0.885648608207703,129.898894131184
236.547802150249,2632.34238031507,652.651116281748,2428.77013209462,148.051667332649,1010.61173301935,933.71179908514,4044.83960720897,92.7680687308311,1024.05087956786,51.2196045219898,1181.53520494699,136.637117296457,1484.41635033488,31.8639004528522,675.707960516214,20.5339530110359,295.143220752478,854.9174464643,1464.29584974051,49.9943653941154,319.45907536149,1018.38605219126,2446.99084496498,180.345625638962,940.961499154568,189.416957497597,1236.38174587488,86.4740349650383,146.176946640015,402.48174521327,265.812900990248,205.375081837177,292.643823415041,7.99188101291656,14.2987564206123,37.2566827535629,340.056603968143,10.6372092962265,38.3983651399612,72.1959883570671,380.450001835823,2.4178062081337,3.48596447706223,3.22779822349548,1.90946465730667,9.05989950895309,28.4824568629265,0,11.4689399898052,0.570738673210144,30.6124190688133,0,0,1.31140595674515,16.7142998278141,101.543457269669,839.810604900122,11.2697088718414,84.9960108101368,6.19298112392426,298.17688241601,18.3115092515945,375.925644338131,1.57045125961304,217.771489113569,299.052309036255,189.234022468328,236.255191653967,280.473267704248,988.3759354949,0,281.879280298948,3257.86078053713,93.6219874620438,4205.92023658752,259.949335426092,8234.47859406471,0,4.99504297971725,8.30925911664963,143.167373210192,4.68305557966232,10.0398714244366,3.60965645313263,353.184817105532,11.5894935727119,24.960758805275,18.8570322394371,152.760249257088,13.9797135591507,92.4460107088089,2.31499400734901,45.065135717392,25.3815947771072,249.131736725569,24.8641465902328,22.5398767590523,10.7524515986443,45.6212432384491,0,11.2310956716537,12.0240629911423,92.9873282015324,11.7822766900063,98.5570913851261,19.9594267308712,48.7890057563782,87.0763541460037,19.9570879340172,50.0428814888,39.251477599144,19.4374189078808,10.1839076578617,15.6109184622765,177.242446511984
1795.18228617311,48.8768851459026,1525.14840114117,226.355617761612,1015.04355451465,3.53743457794189,1434.97899240255,189.43952780962,1266.21069905162,9.34496420621872,160.944811820984,29.3045814037323,643.443634480238,40.7672119140625,1799.69910472631,4.00154411792755,172.748203665018,7.69971877336502,733.782081931829,515.908566206694,134.629822820425,7.59844958782196,692.08102440834,589.47199255228,76.2290191352367,22.0085329413414,273.387801170349,12.1417071223259,908.895154505968,6.25670081377029,162.936120092869,217.009208679199,100.251891642809,206.043249070644,83.8003147542477,104.786986768246,375.205736160278,50.6845800280571,97.0764323771,2.79779881238937,295.164895534515,81.5925153493881,201.208968251944,20.4440882205963,158.780730217695,0,608.736521154642,1.22680985927582,207.806891649961,0,664.679554581642,0,54.9371520876884,0,135.876620411873,11.1012561321259,1679.62828046083,16.623906314373,701.95533823967,3.64319491386414,361.520580768585,2.46217489242554,190.18907558918,2.9657484292984,224.642397612333,0,561.527970910072,105.804253727198,254.8896664083,0,5370.26949051023,281.879280298948,0,75.7354862093925,1658.67976632714,52.6213375329971,1762.31183871627,70.3183998763561,22.5558354258537,0.354417353868484,358.595133751631,0,179.597576737404,1.00101971626282,493.58835631609,1.50481873750687,130.716068983078,7.18367099761963,226.484267383814,17.770114928484,53.2951702773571,3.69626745581627,3.37514966726303,1.80754494667053,113.64838975668,10.267219632864,35.6536619663239,6.15560227632523,31.244762301445,6.12502446770668,8.00325644016266,2.91561722755432,21.9997126162052,10.1865779161453,20.351016908884,5.69816792011261,17.7875181436539,3.71994414925575,10.843154489994,0.997424006462097,14.8516228497028,7.3983353972435,5.55041888356209,4.37694123387337,0,63.4564282894135
86.7478489875793,2096.76353213191,142.626163601875,2565.40856960416,57.1169224381447,1275.62297776341,136.511429578066,1345.36345025897,13.0720950365067,1474.02478453517,14.4366439580917,633.301069796085,10.5164703130722,943.388886123896,2.0464928150177,2963.95590662956,5.65587484836578,926.820728868246,388.623485743999,1237.62356647849,4.96229642629623,101.955820381641,183.59115511179,1519.48614808917,57.5857712030411,343.498828411102,47.626993060112,526.900110155344,20.013322353363,3001.23496475816,81.5301088690758,53.8110693097115,72.2356532514095,100.981859654188,30.0108308792114,64.2586532533169,32.0117391347885,572.462572485209,11.1002181172371,100.798834770918,33.7124094367027,739.659955143929,61.1589115262032,312.583454251289,3.07736286520958,266.091120988131,12.6337666809559,831.954299628735,2.88162940740585,249.984382480383,1.23727166652679,407.717111319304,0,102.595970571041,2.0229834318161,256.243329614401,25.6080375909805,2068.56793737411,4.44829231500626,931.274147957563,3.20754331350327,391.724758446217,4.33280682563782,963.027946054935,0,548.422851651907,106.308801442385,520.394496589899,41.5135236978531,87.5471067130566,234.883840709925,3257.86078053713,75.7354862093925,0,14.381820589304,1353.0909524262,66.6030533015728,1135.46810388565,1.92964684963226,94.8786239922047,3.89198386669159,981.203705281019,0,674.738408148289,2.02479338645935,1087.48892524838,3.16091829538345,212.763121157885,4.26699167490005,336.307929068804,2.11409670114517,21.4360572099686,0,15.4435342550278,6.3391637802124,92.1825329065323,4.96289879083633,3.82002007961273,10.342006623745,147.395651787519,1.87001365423203,2.31543111801147,1.92908096313477,21.0829226672649,0,19.3258624970913,5.898542791605,5.72941729426384,5.71374702453613,0.655017256736755,5.92169004678726,8.47883701324463,1.28763860464096,0.469998389482498,2.35025501251221,13.7234243750572
813.364299237728,11.8585622310638,536.59744182229,52.1837528944016,65.7185651957989,1.60911059379578,499.61892619729,57.3996354341507,142.422601908445,0,50.150175511837,12.0608416199684,151.519288688898,16.8487625718117,168.834293603897,0,41.536140203476,1.69091546535492,350.8147983253,207.908678144217,9.85836285352707,0.824889361858368,185.169214189053,155.820676147938,10.6696745753288,2.17528903484344,24.4530751109123,1.39872717857361,89.7263465821743,2.3792177438736,38.17005610466,66.7124661803246,14.9151375889778,69.187560915947,8.30480551719666,3.19264137744904,1079.97233238816,25.7072236537933,169.226751208305,5.10130888223648,291.737081587315,34.6121641397476,4.195471316576,2.98682844638824,4.98300415277481,0,15.933124601841,1.70783537626266,12.0150806903839,0,51.6593558490276,0,0,0,9.22822034358978,3.69071042537689,589.22317942977,1.25798952579498,171.36740231514,0,72.090891033411,0,42.2430348992348,1.88730448484421,47.0690264701843,0,160.062484025955,9.59469306468964,186.074161827564,2.80813324451447,4120.51251298189,93.6219874620438,1658.67976632714,14.381820589304,0,54.6372564435005,1257.77391919494,48.3059614598751,2.31515181064606,0,43.3357943892479,0,6.91159600019455,0,75.4938073158264,0.633837938308716,14.3021805286407,5.62541770935059,52.3298550546169,9.18706291913986,49.4737149775028,88.4573002457619,21.2836346924305,22.11059486866,279.155365556479,57.1279511749744,103.97895693779,35.0883844792843,48.7037417590618,63.1148701608181,23.4344119131565,12.0147522985935,82.5312884747982,64.2739541828632,68.10858091712,35.1830551624298,57.1529633998871,24.2474908232689,23.2157173454762,9.23145633935928,32.855641067028,28.8604958355427,17.2977718710899,12.1072331368923,6.44287812709808,165.707120358944
19.34245043993,693.358676195145,37.6110466122627,764.009071141481,7.61831533908844,83.6432762145996,26.0524658560753,434.622639447451,3.39496076107025,176.956296920776,2.39926981925964,54.1064983010292,3.43378329277039,194.148292124271,0,190.127692699432,0,17.1469395160675,97.078331977129,444.966312587261,3.00647479295731,9.29033157229424,50.1222499012947,462.796796947718,6.99568492174149,30.2087756991386,4.99193787574768,17.4187719225883,2.31347167491913,21.7472032308578,20.4904338121414,14.5089974403381,16.9801419377327,40.1703483462334,4.81076744198799,8.61188936233521,46.7399642765522,537.969382077456,28.5707030594349,44.3683639764786,79.3322470784187,154.144526004791,2.85722106695175,16.963557600975,2.10358625650406,40.9068453609943,3.18567660450935,60.748174071312,1.71622186899185,43.4946072101593,1.04288852214813,48.083613038063,0,9.65325564146042,0.761348783969879,6.12269484996796,3.52186703681946,425.325952082872,0,143.871016174555,0,32.0510940849781,1.50423645973206,52.1690472066402,0,86.0721262991428,16.1175263822079,97.2133089005947,11.1200720667839,44.1501200199127,99.6886244118214,4205.92023658752,52.6213375329971,1353.0909524262,54.6372564435005,0,27.7439161539078,765.660586684942,0,1.65867891907692,0,40.8429763317108,0.870506405830383,3.17261323332787,0,90.6721352636814,12.5355092287064,3.38689291477203,9.85786306858063,34.8637041449547,31.1189193427563,115.59412497282,5.97494268417358,51.2998797595501,34.4586633741856,214.223296940327,77.97031468153,25.6982108056545,32.8342905044556,67.1554184556007,14.2908573299646,28.2274927794933,44.663800150156,158.442366361618,23.576950520277,79.7549477517605,42.3267430067062,45.13939255476,26.0567801892757,9.2925192117691,20.4664701521397,12.9577625393867,8.83697772026062,4.49900543689728,13.099273532629,67.0669519901276
3144.87615099549,115.987012863159,1638.16869845986,160.637335985899,148.38678202033,0,2153.62113583088,165.871596574783,411.39501234889,0,296.973821997643,24.4574353694916,634.184908270836,7.55054259300232,489.990804821253,0,209.81065428257,6.68344894051552,1383.91466102004,874.699481010437,21.3582342863083,0,487.909034669399,187.866417884827,18.4531573057175,0,25.7031559944153,2.10762095451355,420.420808583498,2.75663328170776,191.230403870344,143.98982334137,113.446572512388,303.372680664062,160.301441907883,148.940690487623,3259.41064319015,144.634501963854,367.912369549274,32.9163835644722,313.344700723886,9.69607758522034,209.45981413126,198.001016676426,253.669566899538,115.65058067441,669.341607958078,49.7271059155464,389.093221396208,46.7943003475666,822.066921621561,11.9910930395126,48.6001570522785,4.48815512657166,130.384211272001,10.8496999740601,2543.57194751501,121.733461886644,946.182835459709,51.5923414826393,783.224078148603,20.6453713178635,441.535884827375,31.8165062069893,243.519450426102,1.16310548782349,1322.22149860859,490.010781168938,1610.53111165762,77.8130200505257,6789.35579372942,259.949335426092,1762.31183871627,66.6030533015728,1257.77391919494,27.7439161539078,0,270.40221503377,18.1724711954594,0,486.142880052328,8.61964002251625,59.4904136359692,0,364.89170601964,8.49308440089226,83.3189621865749,0.699690043926239,217.714519172907,6.95341190695763,160.564142763615,41.7858376204967,101.264622181654,21.6753949224949,838.45851457119,48.7983795106411,344.583985805511,10.5087547898293,63.3113757073879,20.7690702974796,55.1415646970272,4.97998955845833,150.303647369146,50.6965739130974,239.569669246674,25.831567555666,95.0852722227573,13.0658633112907,190.44399356842,280.742023438215,133.315568059683,60.3137998580933,75.515966117382,65.3091141581535,17.3304935693741,528.371484845877
246.645774245262,4192.08909490705,131.169136881828,2949.81377118826,1.50353288650513,61.0422405004501,141.660115361214,1954.00503504276,4.59298324584961,172.508333593607,14.0977852344513,233.340722799301,10.8701535463333,503.104350596666,3.74171310663223,179.343635886908,10.2463507652283,104.163645267487,796.973094552755,2823.61509808898,1.08053660392761,14.4144005179405,96.1382759809494,974.904683917761,2.20853453874588,15.5272668004036,9.89575439691544,22.712418615818,20.9772720932961,69.2383904159069,66.5590959787369,19.6606009602547,172.725875288248,314.085621058941,39.1786252856255,147.135350555182,122.267533242702,4365.33620753884,56.3262861967087,255.130566328764,5.98856538534164,208.103306174278,51.481254696846,284.964927941561,39.2230477929115,247.222870826721,60.044823884964,623.388215005398,11.3450766801834,262.161810845137,18.8009110689163,325.536749005318,0,58.8807328045368,2.1172679066658,117.510671406984,96.1371015608311,2353.71908906102,31.4400379359722,1023.1436483562,20.9100690484047,311.527089506388,25.8492195606232,457.746322870255,0,357.362070411444,378.877135843039,1031.81450238824,202.378835737705,608.453322947025,357.129489451647,8234.47859406471,70.3183998763561,1135.46810388565,48.3059614598751,765.660586684942,270.40221503377,0,3.70423167943954,4.56747254729271,25.2475464344025,221.01322260499,0,28.2992217242718,4.99795687198639,285.980809122324,0,46.6437216997147,0.749261915683746,251.213700860739,43.7978112995625,334.384182035923,29.9461953639984,232.530161172152,169.588161230087,761.422205209732,103.562728464603,47.4484091997147,46.6339951753616,141.897800922394,18.6168866753578,45.015607625246,58.5220964848995,328.951276361942,56.589129537344,254.519231885672,54.5404758602381,104.829824477434,537.05795326829,614.129112094641,243.478334754705,122.048205763102,106.266431748867,72.0404105782509,51.1516653299332,707.198489993811
10.5255789160728,0,0,0,0,0,10.1224544048309,0,0,0,6.25499355792999,0,1.02936160564423,0,1.05158662796021,0,484.269172549248,0,1.1734699010849,0,0,0,0,0,0,0,0,0,380.943948656321,0,0,0,0,1.84181749820709,1.32576596736908,0,6.45626440644264,3.56066417694092,1.92825257778168,0,0.518981218338013,0,0,0,0,0,2.37409579753876,0,0,0,24.7720401287079,0,0.986032903194427,0,1.81731933355331,0,144.854677975178,1.51845872402191,111.575579702854,1.44376146793365,35.5224880576134,0,95.6446126103401,0,13.3151314258575,0,33.9659378528595,10.9372338652611,0.59627103805542,0,21.2526798248291,0,22.5558354258537,1.92964684963226,2.31515181064606,0,18.1724711954594,3.70423167943954,0,0,845.160397171974,0,23.912756472826,0,30.5021248459816,0,0,0,1.40598154067993,0,0,0,0,0,0,0,0,0,0,0,0,0,0,0,0,0,0,0,0,0,0,0,0,0,0,0
0,1.75884884595871,0,1.17879116535187,0,0,0,1.97960710525513,0,0,0,1.7677686214447,0,0,0,0.595944821834564,0,308.633688509464,0,0.654887557029724,0,0,0,0,0,0,0,0,0,192.396100103855,0,0,0.995823860168457,1.44413444399834,0,0,0,4.22042790055275,0,0,0,0,0,0,0,0,0,0,0,0,0,1.88388276100159,0,0,0,0,0,43.9871740043163,1.24348974227905,33.1808830499649,0,5.24949222803116,0,74.3035217523575,0,13.6713526248932,4.210728764534,16.4191311001778,0,0,0.551430225372314,4.99504297971725,0.354417353868484,94.8786239922047,0,1.65867891907692,0,4.56747254729271,0,0,0,1603.49270451069,0,88.5651622414589,0,7.75200015306473,0,0,0,0.521674871444702,0,0,0,0,0,0,0,0,0,0,0,0,0,0,0,0,0,0,0,0,0,0,0,0,0,0
64.0647778511047,1.20058333873749,35.5476872324944,0,5.35349953174591,0,89.2654914855957,0,14.6026908457279,0,328.322796225548,0,565.763812363148,0,77.3133299946785,0,1310.56748238206,0,17.7975441217422,0.81061714887619,0,0,3.29804199934006,0.641547858715057,0.967080056667328,0,0,0,2204.03455370665,2.34973239898682,0,0.72125369310379,1.66673314571381,34.6500522494316,33.6550929844379,27.0904610157013,141.274341881275,46.3313989639282,47.6677594780922,0,19.35502576828,0,69.1744148731232,6.80959922075272,119.501960784197,0,324.156600415707,1.17207431793213,234.55367153883,0,743.360359698534,0,29.1546646952629,0,102.692004293203,0,352.361523211002,18.0618199706078,564.383398503065,11.1101905703545,758.577260673046,2.98641800880432,2915.03183871508,4.92877614498138,548.758480936289,1.17583584785461,558.385411262512,152.168092042208,8.8935467004776,1.65758323669434,328.735375523567,8.30925911664963,358.595133751631,3.89198386669159,43.3357943892479,0,486.142880052328,25.2475464344025,845.160397171974,0,0,0.975496828556061,1357.49945837259,0,6626.43444374204,0,109.000949651003,0,266.479688256979,0,12.960016220808,0,0,0,4.61439496278763,0,7.36385053396225,0,14.9329135417938,0,0,0,0.711730182170868,0,4.10669791698456,0,8.49181008338928,0,0,2.06400036811829,0,0,0,0,0,0.588880777359009
1.14168965816498,53.5002435743809,0,23.8652265667915,0,8.78366819024086,0,83.5265046358109,0,21.6739607453346,0,94.2017601728439,0,163.171727120876,0,71.0016298592091,0,628.469357937574,0,9.48875534534454,1.79013550281525,0,0,18.1018510460854,0,1.06829118728638,0,5.03362432122231,0,678.263596087694,0,0,0.849873900413513,17.9432352185249,10.1809436678886,20.8679096996784,1.93400454521179,193.368374556303,0,21.7899189293385,0,44.4088704586029,6.32910686731339,103.245065748692,0.602458834648132,165.204711943865,1.67572176456451,151.516390174627,1.45955049991608,222.700196772814,0,439.232720464468,0,59.4241069853306,0,84.3159730732441,5.11757701635361,311.270956993103,2.52322781085968,702.997026085854,0,271.699861049652,0,2896.19731980562,0,2262.02660056949,16.9286006689072,472.423393279314,0.942442059516907,6.9029606282711,20.3434466719627,143.167373210192,0,981.203705281019,0,40.8429763317108,8.61964002251625,221.01322260499,0,1603.49270451069,0.975496828556061,0,0,2148.36317539215,0,6659.12397801876,0,155.091402024031,0,405.752602666616,0,0.914812445640564,0,0,0,10.905634611845,0,0,0,43.1656816601753,0,0,0,0,0,1.18140459060669,0,0,0,0,0,0,0,0,0,0
21.1872771382332,0,63.7230995297432,0,60.1818441450596,0,65.4822106957436,2.74045360088348,46.4120555520058,0,51.3625456690788,0,30.6455443203449,0,152.478945732117,0,84.4302993416786,0,63.381095468998,17.4546390175819,7.73952203989029,0,10.0077964067459,0.740108907222748,0.807718396186829,0,28.9029384255409,0,1106.99661257863,0,3.18348050117493,1.82903099060059,0.844333708286285,5.26342010498047,5.71918308734894,9.00111299753189,302.436090886593,0,435.958803623915,0,957.055662989616,0.798452854156494,10.271465331316,0,0.589540004730225,0,108.16126793623,0,7.54455584287643,0,86.3279893398285,0,5.66916245222092,0,77.6476414501667,0,26.7632031440735,0,9.9793564081192,0,81.2709675133228,0,62.4071213304996,0,19.4878579378128,0,16.7344991266727,0,0.56134045124054,0,71.8999451994896,4.68305557966232,179.597576737404,0,6.91159600019455,0.870506405830383,59.4904136359692,0,23.912756472826,0,1357.49945837259,0,0,0,701.782515794039,0,386.713431805372,0,31.229322552681,0,2.60907423496246,0,0,0,1.1869353055954,0,0,0,8.69792118668556,0,0,0,0,0,0,0,0,0,0,0,0,0,0,0,0,0
0,0,0,4.82640671730042,0,263.215864539146,0,0,0,78.0430290102959,0,0,0,1.58759832382202,0,555.133963257074,0,9.76024290919304,0,0,0,112.593904972076,0,6.61948615312576,0,2.01627099514008,1.28802096843719,84.2309384346008,0,636.056690454483,0,0,0,0.705829620361328,0,2.43630075454712,0,129.633301287889,0,176.501387298107,2.07053393125534,706.80105984211,1.40346086025238,38.5960264205933,0,0.88037109375,0.578762769699097,80.0973072946072,0,14.2969774603844,0,31.044951826334,0,6.0693618953228,0,55.2143773436546,0,9.65321856737137,0,36.6872318387032,0,5.44728335738182,0,21.585282176733,0,54.5779199898243,0.511161386966705,36.3569735884666,0,0,0,10.0398714244366,1.00101971626282,674.738408148289,0,3.17261323332787,0,28.2992217242718,0,88.5651622414589,0,2148.36317539215,0,0,0,656.132534593344,0,378.787382513285,0,107.127635359764,0,0,0,0,0,0,0,0,0,1.21343433856964,0,0,0,0,0,0,0,0,0,0,0,0,0,0,0,0
469.944727540016,0,51.0770058333874,0,41.8689605295658,0,728.94734236598,0,42.1706403493881,0,929.975683152676,0,724.819790959358,0,137.057266652584,0,217.542064905167,0,23.6689770817757,0,7.35393631458282,0.881437659263611,7.22692638635635,0,2.28566670417786,0,13.6773429811001,0,717.261563718319,0,4.37098526954651,0,2.96088171005249,3.70918595790863,24.107203245163,43.808885216713,364.647038966417,10.4930419325829,64.8322552442551,0,85.3525593280792,2.28601092100143,95.0795300602913,3.72286063432693,121.521228224039,2.3717679977417,652.010662943125,0,246.851517617702,0,4256.38992288709,3.64403820037842,644.713658601046,0,1287.87162515521,0,168.110809057951,0,156.162524849176,1.51540017127991,1115.69113498926,0,1133.19204685092,0,5342.96126174927,0,155.46967536211,29.0159143805504,0,0,319.149157196283,3.60965645313263,493.58835631609,2.02479338645935,75.4938073158264,0,364.89170601964,4.99795687198639,30.5021248459816,0,6626.43444374204,0,701.782515794039,0,0,0,701.57411044836,0,5068.41559109092,0,37.6871774494648,0,0,0,9.58831459283829,0,5.05734372138977,0,27.8581037521362,1.64425480365753,0,0,0,0,0.65804660320282,0,0.609267175197601,0,0,0,0,0,0,0,0,0
0,338.200291216373,0,17.9850378036499,0,74.3386398851871,0,425.374027609825,0,79.6365661621094,0,266.146309018135,0,274.445422172546,0,208.544921696186,0,68.9636481702328,0,0.725980222225189,1.05886816978455,0,0,9.04382216930389,0,3.10586643218994,0,12.1070544719696,0,199.997567087412,0,0,1.75916361808777,1.9891602396965,2.36143457889557,9.4062602519989,3.26059520244598,485.986221373081,0,161.465501517057,2.94205331802368,292.126299887896,14.3575025200844,182.998624354601,1.4215749502182,177.591489493847,0,459.879809916019,0,424.408796131611,1.76352643966675,5152.85550013185,0,1376.03151372075,0,1419.3390866816,2.16071152687073,90.1035378873348,2.24712109565735,267.360059261322,0,381.028705269098,0,1603.1521281302,0,4263.00021648407,4.94357895851135,171.205067455769,0,1.2576265335083,20.7124148011208,353.184817105532,1.50481873750687,1087.48892524838,0.633837938308716,90.6721352636814,8.49308440089226,285.980809122324,0,7.75200015306473,0,6659.12397801876,0,656.132534593344,0,0,0,821.759446531534,0,8695.87054479122,0,2.00426945090294,0,0,0,8.22700920701027,0,4.9905446767807,0,74.0022930800915,0,0,0,0,0,0,0,0,0,0,0,0,0,0,0,0
0.654632449150085,0,29.3199579417706,0,154.426320105791,0,16.6447184979916,0,116.91991648078,0,0.907333612442017,0,30.0271823406219,0,331.386238545179,0,0.542483031749725,0,1.89841663837433,0,11.4553277492523,0,12.4890278577805,0,1.08005568385124,0.716693699359894,66.8923213481903,0.523272156715393,448.750317901373,0,6.44193083047867,1.69154751300812,0,0,17.8666416704655,2.11605060100555,918.339952141047,5.68901723623276,140.531572729349,0,544.790627807379,29.7777164280415,16.8723431229591,0,0.897563517093658,0,245.952927649021,0,5.1758953332901,0,40.3209901750088,0,6.87150636315346,0,723.012902408838,0,0,0,0,0,0.808313012123108,0,10.4243694543839,0,6.00366348028183,0,14.6153528690338,0,0,0,69.8299260735512,11.5894935727119,130.716068983078,3.16091829538345,14.3021805286407,12.5355092287064,83.3189621865749,0,0,0,109.000949651003,0,386.713431805372,0,701.57411044836,0,0,0,928.742772221565,1.22878420352936,1.7789922952652,0,0,0,0,0,1.25796723365784,0,8.33611667156219,0,0,0,0,0,0,0,0,0,0,0,0,0,0,0,0,0
0,0,0,0.66966724395752,0,177.110976159573,0,0,0,67.4688006341457,0,0.577915966510773,0,0,0,241.915849804878,0,0,0,0,0.781975746154785,18.1154798269272,0,0,0,2.10240721702576,0,55.660923987627,0,77.1154696643353,0,0,0,0,0.524030983448029,0,2.58666390180588,343.479924380779,0,313.728481382132,8.61242187023163,1112.54523405433,1.03079953789711,20.9093216955662,0,0,0,67.0439765751362,0,0,0,3.87569624185562,0,4.67643749713898,0,478.345947146416,0,0,0,0,0,0,0,3.57386055588722,0,9.67361176013947,0.610942423343658,14.6506238877773,0,0,7.63903248310089,24.960758805275,7.18367099761963,212.763121157885,5.62541770935059,3.38689291477203,0.699690043926239,46.6437216997147,0,0,0,155.091402024031,0,378.787382513285,0,821.759446531534,0,0,0,1229.15726840496,0,0,0,0,0,1.75206583738327,0,0.676315903663635,0,0.485942214727402,0,0,0,0,0,0,0,0,0,0,0,0,0,0,0,0
72.0033407211304,0,4.69692853093147,0,46.6047009527683,0,35.8254318833351,0,44.5501954555511,0,182.929919540882,0,42.6518468856812,0,94.2433184087276,0,49.2507586479187,0,0,0,12.0465193986893,1.35906344652176,0,0,0.62662261724472,0.559799253940582,24.9240272343159,0,244.728382200003,0,4.14948225021362,0,0,0,45.3987072110176,66.2380205392838,870.795682311058,4.59775125980377,121.696298360825,0,168.407137691975,17.2379029393196,107.488107413054,0,44.8289340138435,0,995.873091131449,0,47.2516848742962,0,821.929408043623,0,238.747916430235,0,3022.50222307444,0,22.8561851680279,0,43.363533437252,0,246.586564213037,0,256.357788711786,0,495.713811010122,0,79.6939523816109,7.77395850419998,0.553704977035522,0,81.3778864741325,18.8570322394371,226.484267383814,4.26699167490005,52.3298550546169,9.85786306858063,217.714519172907,0.749261915683746,1.40598154067993,0,266.479688256979,0,31.229322552681,0,5068.41559109092,0,928.742772221565,0,0,0,32.788213044405,0,0,0,2.59671807289124,0,3.13402283191681,0,29.222972124815,0,0,0,0,0,0,0,1.47161567211151,0,0,0,1.22668564319611,0,0,0,0,0
0,27.3110571503639,0,0,0,47.9311342835426,0,11.8610104322433,0,35.4758668243885,0,3.78727126121521,0,0,0,104.990488141775,0,2.79034352302551,0,0,2.79652655124664,0,0,0.647909879684448,0,4.38360261917114,0,9.55052548646927,0,35.7079201042652,0,0,0,1.90428644418716,5.07467132806778,16.0542979240417,2.84254837036133,1078.73864853382,0,287.115973383188,26.8346445560455,674.007670491934,14.1522342562675,201.937795877457,1.89935863018036,84.9976023733616,1.40254077315331,595.665983200073,0,163.729515165091,0,1088.62285220623,0,872.572465389967,0,2780.9207123518,0,31.9365296661854,0,109.425921320915,0,57.5951737761497,0,172.771534085274,0,841.347034811974,3.92227935791016,112.75671890378,0,0.464742988348007,23.2264357805252,152.760249257088,17.770114928484,336.307929068804,9.18706291913986,34.8637041449547,6.95341190695763,251.213700860739,0,0.521674871444702,0,405.752602666616,0,107.127635359764,0,8695.87054479122,1.22878420352936,1229.15726840496,0,0,0,0,0,0,0,4.67363891005516,0,0.940714925527573,0,64.5286094248295,0,0,0,0,0,0.790257155895233,0,0.455528289079666,0,0,0,1.00528126955032,0,0,0,0
0,0,0,0,0,0,0,0,0,0,0,0,0,0,0,0,0,0,0,0,1.11576151847839,0,0,0,0,0,0,0,19.9839434027672,0,0,0,0,0,1.58600795269012,0,82.6024717390537,21.1862559616566,110.337053388357,8.42559829354286,19.3287450671196,0,71.8352639079094,0,15.7181368470192,0,337.838689893484,2.27232214808464,12.1141716837883,0,22.3518292307854,0,12.5066713392735,0,43.5862637162209,0,0,0,0,0,0,0,0,0,0,0,16.2217268943787,0,0,0,32.0878422856331,13.9797135591507,53.2951702773571,2.11409670114517,49.4737149775028,31.1189193427563,160.564142763615,43.7978112995625,0,0,12.960016220808,0,2.60907423496246,0,37.6871774494648,0,1.7789922952652,0,32.788213044405,0,0,87.1711574494839,938.840682327747,23.2398853302002,553.472621679306,110.627624869347,2468.33733567595,48.9158720076084,2430.5040371418,124.275355815887,426.61202314496,17.0286052823067,670.828367203474,77.2136197686195,712.100743353367,51.4245548546314,411.674175083637,27.9493898749352,10.9156328737736,29.6300996243954,97.3362234830856,72.8572178184986,40.3501779139042,14.5624163448811,17.2112873494625,76.8269318938255
0,0,0,0,0,0,0,0,0,0,0,0,0,0,0,0,0,0,0,0,0,0.64295357465744,0,0,0,0,0,0,0,0,0,0,0,0,0,0,88.3773700296879,72.5601304769516,154.426397576928,59.3676148951054,0.86990213394165,3.33817377686501,0,0,0,0,0,14.5945633649826,0,0,0,0,0,1.46291482448578,0,1.57829618453979,0,0,0,0,0,0,0,0,0,0,0,0,0,0,11.6257730126381,92.4460107088089,3.69626745581627,21.4360572099686,88.4573002457619,115.59412497282,41.7858376204967,334.384182035923,0,0,0,0.914812445640564,0,0,0,2.00426945090294,0,0,0,0,87.1711574494839,0,9.09219586849213,1252.96281298995,174.253162920475,963.463069707155,502.437093153596,613.351395845413,283.349354863167,2053.33335384727,39.496042817831,191.814469069242,117.1153190732,602.873862117529,85.1855654120445,953.834874033928,155.144217133522,709.942435264587,14.4779802858829,37.9600517451763,153.464013636112,69.7572593688965,113.502344667912,24.618145018816,105.579480916262,95.2622332572937
0,0,0,0,0,0,0,0,0,0,0,0,0,0,0,0,0,0,0,0,0,0,0,0,0,0,0,0,0,0,0,0,0,0,0,0,26.2165161967278,5.91184929013252,45.9028349220753,4.44294953346252,0,0,0,0,0,0,0,0,0,0,0,0,0,0,0,0,0,0,0,0,0,0,0,0,0,0,0,0,0,0,19.0766129791737,2.31499400734901,3.37514966726303,0,21.2836346924305,5.97494268417358,101.264622181654,29.9461953639984,0,0,0,0,0,0,0,0,0,0,0,0,938.840682327747,9.09219586849213,0,8.26851162314415,336.279119133949,52.2821128666401,660.982683867216,15.4175123274326,213.242329567671,37.0236070156097,895.547974675894,5.76591566205025,805.359653294086,24.6036785840988,610.201117604971,29.8195789754391,223.856943160295,6.0654713511467,15.6881932914257,33.9616315364838,53.7784436941147,40.2009402811527,35.0091754794121,41.599581360817,47.1223544478416,74.559803545475
0,0,0,0,0,0,0,0,0,0,0,0,0,0,0,0,0,0,0,0,0.330213218927383,0,0,0,0,0,0,0,0,1.88885521888733,0,0,0,0,0,0,32.2519424855709,26.7480728924274,51.7503933608532,32.6550670266151,0,4.18899935483932,0,0,0,0,0,9.9551505446434,0,0,0,0,0,0,0,0,0,0,0,0,0,0,0,0,0,0,0,0,0,0,5.80691316723824,45.065135717392,1.80754494667053,15.4435342550278,22.11059486866,51.2998797595501,21.6753949224949,232.530161172152,0,0,0,0,0,0,0,0,0,0,0,0,23.2398853302002,1252.96281298995,8.26851162314415,0,77.1170853376389,421.434733077884,192.464709192514,171.859452456236,86.4199095368385,229.588850587606,10.701263666153,453.177628606558,43.8293488621712,721.929863363504,41.2075761854649,633.726273536682,83.4476442635059,294.252635836601,33.522401869297,57.2326566576958,120.5683337152,37.4269573390484,27.7227910459042,31.5911859273911,178.519258350134,99.7642093002796
175.388138741255,4.57602787017822,54.9655458033085,3.13448464870453,0.46366086602211,0,48.9347475469112,3.17296928167343,5.99995186924934,0,4.43994426727295,1.16544723510742,5.82290005683899,1.12876725196838,11.2835312187672,0,4.41237312555313,0,31.6471992135048,3.95535099506378,0.97903910279274,0,5.55168223381042,1.19725787639618,0,0,0,0,18.483124434948,0.487036168575287,2.37664633989334,2.74047756195068,4.35387361049652,3.72649389505386,2.61454796791077,3.15447181463242,162.213953644037,25.7684922218323,161.807801008224,23.9741691946983,10.0195618867874,0,1.98926955461502,0,6.69545352458954,0,28.6751281023026,3.88362422585487,14.3078202009201,0,31.070042014122,0,0.526323795318604,0,1.08798611164093,0,184.849000573158,0,77.2216238677502,1.48973178863525,31.5693398714066,0,11.8404161334038,0,7.68306258320808,0,62.541624724865,0,90.1820516586304,0,303.837472528219,25.3815947771072,113.64838975668,6.3391637802124,279.155365556479,34.4586633741856,838.45851457119,169.588161230087,0,0,4.61439496278763,0,1.1869353055954,0,9.58831459283829,0,0,0,2.59671807289124,0,553.472621679306,174.253162920475,336.279119133949,77.1170853376389,0,174.860133141279,1483.71050101519,72.277048677206,373.041199117899,138.7265855968,210.604616165161,36.0742086172104,364.310222119093,154.932152196765,344.218379557133,68.0493484437466,319.070793628693,22.1977119445801,137.812761366367,448.707732349634,310.809306636453,166.132665902376,67.46618065238,60.9338730573654,19.609553873539,150.969801813364
3.72581207752228,211.364761263132,1.99585175514221,81.0466137230396,0,0,0,35.6351451873779,0,5.44351369142532,0,1.88967311382294,0,7.46605104207993,0,2.90985164046288,0,2.88401418924332,0.950475096702576,79.8035574555397,0,2.34562003612518,0,9.13528788089752,0,0,0,0,1.88286456465721,1.66283118724823,0,0,0.985529482364655,24.598276078701,0,8.05872923135757,48.6159553229809,223.066680073738,179.36507076025,99.0940997898579,0,10.7422279119492,0,7.34750872850418,0,11.446307182312,0.466184556484222,50.2307986915112,0,24.543919980526,2.07687997817993,19.1082437336445,0,2.50570464134216,0,3.27188807725906,1.99345421791077,260.177045285702,0,93.9454336166382,0,20.4260978102684,2.12537598609924,18.4460933506489,0,36.1523750722408,2.50451993942261,79.0757471323013,1.45123660564423,35.9509068131447,28.7339890897274,249.131736725569,10.267219632864,92.1825329065323,57.1279511749744,214.223296940327,48.7983795106411,761.422205209732,0,0,0,10.905634611845,0,0,0,8.22700920701027,0,1.75206583738327,0,4.67363891005516,110.627624869347,963.463069707155,52.2821128666401,421.434733077884,174.860133141279,0,270.710562795401,1442.69872203469,145.525685340166,1019.13030660152,54.0200488865376,89.5019556283951,139.323015511036,372.041380316019,77.929551422596,387.368546128273,95.3595980107784,145.774445563555,20.4021547138691,430.257519721985,771.035525232553,149.44783732295,117.317943632603,35.9334470629692,85.4849497973919,57.6566703021526
24.0732700824738,3.412073969841,4.51951172947884,1.12004461884499,1.20941734313965,0,2.99505186080933,1.25797462463379,1.92265826463699,0,2.58011746406555,0,1.43055963516235,1.6815425157547,0.607724487781525,0,6.3652161359787,1.59248530864716,2.38095331192017,0,0,0,2.02540421485901,0,0,0,0,0,6.7874459028244,0,0,2.07595074176788,1.32480537891388,0,0,1.51235282421112,121.464225679636,44.8267270326614,148.253831237555,43.261443644762,3.16969609260559,0,2.05304408073425,0,4.39499381184578,0,22.8133928179741,0.662465929985046,4.30826050043106,0,15.171797811985,0,0,0,0.855062782764435,0,53.0855405330658,1.10489845275879,22.2718114256859,0,13.8389669656754,0,3.66381394863129,0,3.35541301965714,0,20.6620938777924,0.778909146785736,9.55358129739761,0,69.0298300385475,24.8641465902328,35.6536619663239,4.96289879083633,103.97895693779,77.97031468153,344.583985805511,103.562728464603,0,0,7.36385053396225,0,0,0,5.05734372138977,0,1.25796723365784,0,3.13402283191681,0,2468.33733567595,502.437093153596,660.982683867216,192.464709192514,1483.71050101519,270.710562795401,0,267.480963557959,2764.22398000956,504.586311757565,462.396047532558,88.3687642514706,748.994461208582,315.494023174047,455.783503204584,189.455473333597,499.002164512873,71.732687741518,64.0058263242245,135.138545513153,598.223159253597,236.219368159771,123.902616560459,33.8233722448349,29.461457669735,50.1243340075016
0,0,0,0,0,0,0,0,0,0,1.00104141235352,0,0,0,0,0,0,0,0,0,0,0,0,0,0,0,0,0,0,0,0,0,0,0,0,1.1034642457962,23.6846539378166,27.0652852058411,81.3636651933193,42.3955334722996,0.678340256214142,2.16450917720795,1.34286826848984,38.2626930475235,0.456929445266724,37.8896595835686,2.01568448543549,114.00994899869,0,6.67770826816559,0.628860414028168,5.78769180178642,0,2.35750308632851,0,19.2266808450222,0,1.46007525920868,0,0.444577187299728,0,0,0,0,0,2.56247961521149,2.67689514160156,16.7243518233299,0,0,17.7097365856171,22.5398767590523,6.15560227632523,3.82002007961273,35.0883844792843,25.6982108056545,10.5087547898293,47.4484091997147,0,0,0,0,0,0,0,4.9905446767807,0,0.676315903663635,0,0.940714925527573,48.9158720076084,613.351395845413,15.4175123274326,171.859452456236,72.277048677206,1442.69872203469,267.480963557959,0,118.45166772604,1614.49151796103,37.2659049630165,19.8034911155701,79.7500674724579,118.98120829463,44.4363121390343,124.507740944624,67.8689379990101,245.897495806217,6.45461651682854,34.7027168869972,277.143008470535,178.580889880657,102.182021707296,20.7839892804623,24.9869196414948,15.4147725105286
1.00714540481567,0,0,0,1.41992545127869,0,0,0,0,0,0,0,0,0,0,0,1.80508148670197,0,0,0,1.64185345172882,0,0,0,0,0,0,0,11.5056200027466,0,0,0,0,0,2.2299085855484,0,49.1077153682709,29.4444671273232,90.6131267845631,26.507516503334,13.299443602562,1.41575860977173,223.766755402088,2.38315010070801,59.0959659814835,0,497.048041552305,0,12.7183874249458,0,2.32562983036041,0,3.88446199893951,0,20.905872553587,0,1.29574775695801,0,0,0,0,0,1.00836992263794,0,0,0,35.5786149203777,0,1.30963373184204,0,24.9188992381096,10.7524515986443,31.244762301445,10.342006623745,48.7037417590618,32.8342905044556,63.3113757073879,46.6339951753616,0,0,14.9329135417938,0,8.69792118668556,0,27.8581037521362,0,8.33611667156219,0,29.222972124815,0,2430.5040371418,283.349354863167,213.242329567671,86.4199095368385,373.041199117899,145.525685340166,2764.22398000956,118.45166772604,0,230.698743700981,157.431901782751,45.7239357233047,163.390672028065,170.887215942144,149.941330701113,93.2424552440643,309.784675717354,47.3911781609058,1.24991244077682,4.9065483212471,91.6220511496067,85.3514039516449,30.2063403427601,3.66292941570282,13.8812372386456,17.1147797107697
0,0,0,0,0,0,0,0,0,0,0,0.668958187103271,0,0,0,0,0,0,0,0,0,0,0,0,0,0,0,0,3.04380822181702,25.5470942258835,0,0,0,0.853052079677582,0.713825285434723,3.22962605953217,60.6979967653751,116.61683177948,154.978828728199,66.6999370157719,2.22423380613327,25.674218326807,93.5495657920837,375.858222484589,0,18.4072228074074,0.841834664344788,887.715002685785,0,30.4330317974091,0,26.7097437977791,0,98.0106328725815,0,280.532013982534,0,0,0,2.26928055286407,0,0,0,1.28256833553314,0,0,2.96376031637192,24.2382708787918,0,0,17.7361885607243,45.6212432384491,6.12502446770668,147.395651787519,63.1148701608181,67.1554184556007,20.7690702974796,141.897800922394,0,0,0,43.1656816601753,0,1.21343433856964,1.64425480365753,74.0022930800915,0,0.485942214727402,0,64.5286094248295,124.275355815887,2053.33335384727,37.0236070156097,229.588850587606,138.7265855968,1019.13030660152,504.586311757565,1614.49151796103,230.698743700981,0,60.3477568030357,42.4854820668697,175.869483232498,250.173256725073,74.7822068035603,300.661136955023,134.313274562359,754.76888641715,5.66475242376328,13.1489862501621,223.974602848291,144.379719257355,123.360147446394,9.99539104104042,35.6464878022671,25.4863679409027
0,0,0,0,0,0,0,0,0,0,0,0,0,0,0,0,0,0,0,0,0.369236916303635,0,0,0,0,0,0,0,0.358294129371643,0,0,0,0,0,0,0,15.6617014706135,7.48629054427147,63.3689039945602,4.16921979188919,0.636929452419281,0.513978838920593,0,0,0,0,0,0.503740787506104,0,0,0,0,0,0,0,0,0,0,0,0,0,0,0,0,0,0,0,0,0,0,9.39266115427017,0,8.00325644016266,1.87001365423203,23.4344119131565,14.2908573299646,55.1415646970272,18.6168866753578,0,0,0,0,0,0,0,0,0,0,0,0,426.61202314496,39.496042817831,895.547974675894,10.701263666153,210.604616165161,54.0200488865376,462.396047532558,37.2659049630165,157.431901782751,60.3477568030357,0,9.74730786681175,1441.54311177135,45.8490295410156,585.506858199835,41.6064265072346,350.248257160187,17.6879246234894,12.0180060863495,15.4184521734715,20.3121927082539,11.7871437072754,13.0543495118618,33.8452225625515,17.3575832545757,34.6656166315079
0,0,0,0,0,0,0,0,0,0,0,0,0,0,0,0,0,0,0,0,0,0,0,0,0,0,0,0,0,0,0,0,0,0,0,0,16.9865084290504,15.7588810026646,17.2172019481659,17.38620698452,0,0,0,0,0,0,0,1.30528664588928,0,0,0,0,0,0,0,0,0,0,0,0,0,0,0,0,0,0,0,0,0,0,3.38236248493195,11.2310956716537,2.91561722755432,2.31543111801147,12.0147522985935,28.2274927794933,4.97998955845833,45.015607625246,0,0,0,0,0,0,0,0,0,0,0,0,17.0286052823067,191.814469069242,5.76591566205025,453.177628606558,36.0742086172104,89.5019556283951,88.3687642514706,19.8034911155701,45.7239357233047,42.4854820668697,9.74730786681175,0,31.9345842599869,365.3894123137,23.0876023471355,272.464847207069,30.7878747284412,185.476938724518,3.21317812800407,8.09249138832092,16.3739244043827,2.42039459943771,0.946735501289368,8.07522016763687,21.5191121995449,12.806505382061
1.42557525634766,0,0,0,0,0,0,0,0,0,0,0,0,0,0,0,0,0,0,0,0,0,0,0,0,0,0,0,1.26931142807007,0,0,0,0,0,0,0,74.1938534677029,21.9472058713436,187.259396463633,33.1240652501583,2.86113321781158,0,0,0,0,0,3.63157659769058,0.449465155601501,0,0,1.52173292636871,0,0,0,0,0,0,0,0,0,0,0,0,0,0,0,0,0,0,0,47.9348749518394,12.0240629911423,21.9997126162052,1.92908096313477,82.5312884747982,44.663800150156,150.303647369146,58.5220964848995,0,0,0.711730182170868,0,0,0,0,0,0,0,0,0,670.828367203474,117.1153190732,805.359653294086,43.8293488621712,364.310222119093,139.323015511036,748.994461208582,79.7500674724579,163.390672028065,175.869483232498,1441.54311177135,31.9345842599869,0,222.035668283701,6042.00515499711,130.858966112137,903.809333473444,48.8351463675499,57.191701233387,78.0556294620037,102.065315902233,41.2407110333443,46.4976169466972,721.146060079336,434.929577142,199.359273344278
0,0,0,0,0,0,0,0,0,0,0,0,0,0,0,0,0,0,0,0,0,0,0,0,0,0,0,0,0.317302763462067,0,0,0,0,0,0,0,68.6781022548676,93.1818128824234,98.3910091519356,77.2946963012218,0.410817295312881,1.28274497389793,0,0,0,0,0.891466557979584,6.79579132795334,0,0,0,0,0,0,0,0.695188462734222,0,0,0,0,0,0,0,0,0,0,0,0,0,0,12.4944959878922,92.9873282015324,10.1865779161453,21.0829226672649,64.2739541828632,158.442366361618,50.6965739130974,328.951276361942,0,0,0,0,0,0,0,0,0,0,0,0,77.2136197686195,602.873862117529,24.6036785840988,721.929863363504,154.932152196765,372.041380316019,315.494023174047,118.98120829463,170.887215942144,250.173256725073,45.8490295410156,365.3894123137,222.035668283701,0,230.296195417643,5757.27608555555,149.836065381765,862.324242591858,52.2772474884987,52.9408319890499,106.11794179678,34.323551595211,31.886077105999,156.034731417894,371.693297505379,116.287055850029
6.73867228627205,0.444140195846558,0,0,0,0,0.58442896604538,0,0,0,0.735288619995117,0,0,0,0,0,0,0,0,0,0.537703573703766,0,0,0,0,0,0,0,2.40122929215431,0,1.35480803251266,0,1.21093189716339,0,0,0,41.2665477097034,32.5418767631054,125.255004584789,18.65731087327,2.74025458097458,1.7173445224762,0,0,0,0,1.68395614624023,0.525154411792755,0.969091236591339,0,2.65239724516869,0,0,0,0,0,17.6040591001511,0,1.02297687530518,0,2.97527569532394,0,0.834519147872925,0,0,0,0.652907311916351,0,0.589831471443176,0,91.4925155341625,11.7822766900063,20.351016908884,0,68.10858091712,23.576950520277,239.569669246674,56.589129537344,0,0,4.10669791698456,0,0,0,0.65804660320282,0,0,0,0,0,712.100743353367,85.1855654120445,610.201117604971,41.2075761854649,344.218379557133,77.929551422596,455.783503204584,44.4363121390343,149.941330701113,74.7822068035603,585.506858199835,23.0876023471355,6042.00515499711,230.296195417643,0,3700.96911647916,932.500825852156,32.8644013106823,36.5831702053547,75.0223981738091,125.222139507532,66.9218671023846,60.2663948237896,172.064090877771,1565.43783760071,404.493900239468
0,4.85999023914337,0,0.542329907417297,0,0,0,2.11053133010864,0,0,0,0,0,0,0,0,0,1.26229798793793,0,0,0,1.39456832408905,0,0,0,0,0,0,0,0,0,0,0,2.62634083628654,0,0,30.2493595033884,61.9941910207272,42.8569624722004,27.1804870665073,1.9275980591774,0.506117761135101,0,1.43977898359299,0,0,0,9.39690324664116,0,0,0,0,0,0,0,1.33403241634369,0,4.78613209724426,0,0,0,0,0,0,0,0,0,4.36327442526817,0,0,18.2146156430244,98.5570913851261,5.69816792011261,19.3258624970913,35.1830551624298,79.7549477517605,25.831567555666,254.519231885672,0,0,0,1.18140459060669,0,0,0,0,0,0,0,0.790257155895233,51.4245548546314,953.834874033928,29.8195789754391,633.726273536682,68.0493484437466,387.368546128273,189.455473333597,124.507740944624,93.2424552440643,300.661136955023,41.6064265072346,272.464847207069,130.858966112137,5757.27608555555,3700.96911647916,0,51.1537547111511,487.72878485918,29.4733021855354,43.8523862957954,148.637325018644,80.3309624791145,60.6559918522835,126.259360939264,1844.16527450085,541.191938847303
10.7735931873322,0,0,0,0,0,0,1.8491632938385,0,0,0,0,0,0,0,0,0,0,0,0,0,0,0,0,0,0,0,0,1.61806198954582,0,0,0,0,0,0,1.03083550930023,68.5224711298943,27.4270203709602,121.405297040939,11.1440567672253,1.52035188674927,0,0.360226184129715,0,0,0,0,0,1.01530051231384,0,3.23090595006943,0,0,0,0,0,30.1212879419327,0,8.98157697916031,0,4.11673694849014,0,6.53367039561272,0,1.97789794206619,0,3.30458214879036,0,0.74473762512207,0,66.3569791913033,19.9594267308712,17.7875181436539,5.898542791605,57.1529633998871,42.3267430067062,95.0852722227573,54.5404758602381,0,0,8.49181008338928,0,0,0,0.609267175197601,0,0,0,1.47161567211151,0,411.674175083637,155.144217133522,223.856943160295,83.4476442635059,319.070793628693,95.3595980107784,499.002164512873,67.8689379990101,309.784675717354,134.313274562359,350.248257160187,30.7878747284412,903.809333473444,149.836065381765,932.500825852156,51.1537547111511,0,32.941617667675,2.40233835577965,6.95284035801888,75.4285433888435,32.1675198674202,17.0630589425564,11.1902050077915,9.67090916633606,28.9283936321735
0,6.75995397567749,0,0,0,0,0.577628552913666,0,0,0,0,2.12469983100891,0,0,0,0,0,1.08196496963501,0,1.89800894260406,0,0,0,0,0,0,0,0,0,1.97171020507812,0,0,0,0.966496884822845,0,0,13.531385242939,33.2246867418289,25.9035743772984,19.1168710887432,0,0,0,0,0,0,0,2.04342278838158,0,0,0,0,0,0,0,0,0,2.0099481344223,0,2.25369191169739,0,0,0,0,0,1.12228417396545,0,0.363858699798584,0,0,10.8152232468128,48.7890057563782,3.71994414925575,5.72941729426384,24.2474908232689,45.13939255476,13.0658633112907,104.829824477434,0,0,0,0,0,0,0,0,0,0,0,0.455528289079666,27.9493898749352,709.942435264587,6.0654713511467,294.252635836601,22.1977119445801,145.774445563555,71.732687741518,245.897495806217,47.3911781609058,754.76888641715,17.6879246234894,185.476938724518,48.8351463675499,862.324242591858,32.8644013106823,487.72878485918,32.941617667675,0,3.57127487659454,4.10759171843529,35.2655945122242,12.0053491294384,8.02251842617989,6.68095731735229,19.8467466831207,6.999881118536
0,13.6690929830074,3.33701550960541,10.8593580126762,0,0,3.14950013160706,8.95490634441376,1.9313930273056,0.851861417293549,0,0,0,1.68560522794724,0,1.12054240703583,0,0,1.16990804672241,17.5860776901245,0,0,1.26256918907166,5.2776061296463,0,0,0,0,1.48301041126251,0,0,0,0,0,0,0,7.91659444570541,6.70034676790237,1.73221933841705,0,6.38321444392204,0.664736747741699,0,0,0,0,0,20.4646903574467,0,0,0,0,0,0,0,0,0,8.7170347571373,0,1.2331827878952,0,0,0,1.29194760322571,0,0,0,0.653560817241669,0,0,22.0558842420578,87.0763541460037,10.843154489994,5.71374702453613,23.2157173454762,26.0567801892757,190.44399356842,537.05795326829,0,0,0,0,0,0,0,0,0,0,0,0,10.9156328737736,14.4779802858829,15.6881932914257,33.522401869297,137.812761366367,20.4021547138691,64.0058263242245,6.45461651682854,1.24991244077682,5.66475242376328,12.0180060863495,3.21317812800407,57.191701233387,52.2772474884987,36.5831702053547,29.4733021855354,2.40233835577965,3.57127487659454,0,242.5283613801,166.302037507296,81.4092316031456,124.078312844038,301.394962102175,24.9053755402565,159.435587257147
4.69146871566772,4.55571889877319,0.923733592033386,5.6499499976635,0,0,4.86221849918365,4.17438787221909,0,0,0,0,0,0,0.630269706249237,0.696499645709991,0.949120402336121,0,0,1.74473112821579,0,0,0,0,0,0,0,0,1.37888193130493,1.96252179145813,0,0,0,0.803770244121552,0,0.887055814266205,7.57188701629639,6.76321896910667,0.624958097934723,0.484864979982376,0.720273554325104,1.11920392513275,0,0,0,0,8.07033705711365,33.4912312030792,0,0,0,0,0,0,0,0,1.24160575866699,11.9574684500694,0.573174953460693,0.712648749351501,0,0,2.98285609483719,0,0,0,3.03914231061935,0.736346304416656,2.25640308856964,1.61576342582703,11.5449416041374,19.9570879340172,0.997424006462097,0.655017256736755,9.23145633935928,9.2925192117691,280.742023438215,614.129112094641,0,0,2.06400036811829,0,0,0,0,0,0,0,0,0,29.6300996243954,37.9600517451763,33.9616315364838,57.2326566576958,448.707732349634,430.257519721985,135.138545513153,34.7027168869972,4.9065483212471,13.1489862501621,15.4184521734715,8.09249138832092,78.0556294620037,52.9408319890499,75.0223981738091,43.8523862957954,6.95284035801888,4.10759171843529,242.5283613801,0,619.625990271568,162.981637328863,138.96144258976,244.092498719692,45.0874260962009,155.111575305462
0.371850073337555,1.34230238199234,0,0,0,0,0,0,0,0,0.764651358127594,0,0,0,0.502503275871277,0,0,0,0,0,0,0,0,0,0,0,0,0,0.805123209953308,0,0,0,0,0.892154932022095,0,0,26.4631007015705,11.6128559708595,17.9387178421021,6.23561006784439,1.72303941845894,0.70891135931015,0,0,0,0,3.44503080844879,4.66089656949043,0,0,0,0,0,0,0,0,0.715791165828705,0,0,0,0.656344830989838,0,0,0,0,1.01879703998566,0,1.09824812412262,0,0,37.5436723232269,50.0428814888,14.8516228497028,5.92169004678726,32.855641067028,20.4664701521397,133.315568059683,243.478334754705,0,0,0,0,0,0,0,0,0,0,1.22668564319611,0,97.3362234830856,153.464013636112,53.7784436941147,120.5683337152,310.809306636453,771.035525232553,598.223159253597,277.143008470535,91.6220511496067,223.974602848291,20.3121927082539,16.3739244043827,102.065315902233,106.11794179678,125.222139507532,148.637325018644,75.4285433888435,35.2655945122242,166.302037507296,619.625990271568,0,405.405961602926,257.383306950331,264.785296201706,94.786759018898,259.544057935476
0,0,0,0,0,0,1.44233322143555,0,0,0,0,0,0,0,0,0,0,0,0,0.860308229923248,0,0,0,0,0,0,0,0,0,0,0,0,0,0,0,0,8.22076573967934,9.21126824617386,10.8560638129711,2.00439554452896,0.756647229194641,2.05801057815552,0,0,0,0,0,4.6257181763649,0,0,0,0,0,0,0,0,0.987834751605988,0,0,0,0,0,0,0,0,0,0,0,0,0,12.8349514901638,39.251477599144,7.3983353972435,8.47883701324463,28.8604958355427,12.9577625393867,60.3137998580933,122.048205763102,0,0,0,0,0,0,0,0,0,0,0,1.00528126955032,72.8572178184986,69.7572593688965,40.2009402811527,37.4269573390484,166.132665902376,149.44783732295,236.219368159771,178.580889880657,85.3514039516449,144.379719257355,11.7871437072754,2.42039459943771,41.2407110333443,34.323551595211,66.9218671023846,80.3309624791145,32.1675198674202,12.0053491294384,81.4092316031456,162.981637328863,405.405961602926,0,120.816664397717,71.2115886807442,53.3539857268333,110.725573569536
0,0,0,0,0,0,0,0,0,0,0,0,0,0,0,0,0,0,0,0,0,0,0,0,0,0,1.07388317584991,0,0,0,0,0,0,0,0,0,3.67950192093849,2.76172691583633,3.54259049892426,2.15231010317802,0.397043496370316,0,0.472977250814438,0,0,0,0.571919202804565,4.99603047966957,0,0,0,0,0,0,0,0,0,0.79481840133667,0,0,0,0,0,0,0,0,0,0,0.458138823509216,0,18.8772743940353,19.4374189078808,5.55041888356209,1.28763860464096,17.2977718710899,8.83697772026062,75.515966117382,106.266431748867,0,0,0,0,0,0,0,0,0,0,0,0,40.3501779139042,113.502344667912,35.0091754794121,27.7227910459042,67.46618065238,117.317943632603,123.902616560459,102.182021707296,30.2063403427601,123.360147446394,13.0543495118618,0.946735501289368,46.4976169466972,31.886077105999,60.2663948237896,60.6559918522835,17.0630589425564,8.02251842617989,124.078312844038,138.96144258976,257.383306950331,120.816664397717,0,229.027302920818,94.9061680734158,147.62887981534
0,0,0,0,0,0,0,0,0,0,0,0,0,0,0,0,0,0,0,0,0,0,0,0,0,0,0,0,0,0,0,0,0,0,0,0,1.80631190538406,2.49152874946594,5.83959445357323,0,1.67502585053444,0,0,0,0,0,1.54577279090881,2.06564575433731,0,0,0,0,0,0,0,0,0,0,0,0,0,0,0,0,0,0,0,0,0,0,14.8053021132946,10.1839076578617,4.37694123387337,0.469998389482498,12.1072331368923,4.49900543689728,65.3091141581535,72.0404105782509,0,0,0,0,0,0,0,0,0,0,0,0,14.5624163448811,24.618145018816,41.599581360817,31.5911859273911,60.9338730573654,35.9334470629692,33.8233722448349,20.7839892804623,3.66292941570282,9.99539104104042,33.8452225625515,8.07522016763687,721.146060079336,156.034731417894,172.064090877771,126.259360939264,11.1902050077915,6.68095731735229,301.394962102175,244.092498719692,264.785296201706,71.2115886807442,229.027302920818,0,937.24366363883,471.077451527119
0,0,0,0,0,0,0,0,0,0,0,0,0,0,0,0,0,0,0,0,0,0,0,0,0,0,0,0,0,0,0,0,0,0,0,0,2.55766579508781,7.24440291523933,4.37854790687561,3.09748178720474,0,0.715212285518646,0,0,0,0,0,1.09624090790749,0,0,0,0,0,0,0,0,0.369435548782349,0,0,0,0,0,0,0,0,1.16373896598816,0,0,0,0,0.885648608207703,15.6109184622765,0,2.35025501251221,6.44287812709808,13.099273532629,17.3304935693741,51.1516653299332,0,0,0,0,0,0,0,0,0,0,0,0,17.2112873494625,105.579480916262,47.1223544478416,178.519258350134,19.609553873539,85.4849497973919,29.461457669735,24.9869196414948,13.8812372386456,35.6464878022671,17.3575832545757,21.5191121995449,434.929577142,371.693297505379,1565.43783760071,1844.16527450085,9.67090916633606,19.8467466831207,24.9053755402565,45.0874260962009,94.786759018898,53.3539857268333,94.9061680734158,937.24366363883,0,275.080721765757
20.7467670440674,18.9245791435242,10.9984191656113,17.8500380218029,0,0,19.9458648562431,20.0901548564434,4.96334913372993,0.490855425596237,0.966730535030365,1.84494692087173,4.04249906539917,1.68295532464981,4.89784646034241,0.438005208969116,1.44730937480927,0,6.75573354959488,13.2708376646042,1.32101973891258,0,0.520748972892761,0.618948101997375,0,0,0,0,1.48028513789177,0,4.66140443086624,1.17243230342865,0,4.47907942533493,0,1.6850837469101,45.1505174934864,19.2250556051731,30.6349638998508,0,7.21940618753433,0.594056963920593,0,0,0,0,0.364721924066544,3.19937905669212,0,0,2.35851287841797,0,0,0,0,0,13.2847361862659,4.79653799533844,0,0,0,0,0,0,0,0,0,0.517866432666779,2.31650424003601,0,129.898894131184,177.242446511984,63.4564282894135,13.7234243750572,165.707120358944,67.0669519901276,528.371484845877,707.198489993811,0,0,0.588880777359009,0,0,0,0,0,0,0,0,0,76.8269318938255,95.2622332572937,74.559803545475,99.7642093002796,150.969801813364,57.6566703021526,50.1243340075016,15.4147725105286,17.1147797107697,25.4863679409027,34.6656166315079,12.806505382061,199.359273344278,116.287055850029,404.493900239468,541.191938847303,28.9283936321735,6.999881118536,159.435587257147,155.111575305462,259.544057935476,110.725573569536,147.62887981534,471.077451527119,275.080721765757,0
