0,262.409591048956,2283.64148065448,227.753134548664,1.00192028284073,0,4644.19656178355,87.1918481588364,16.472154468298,0,3149.77248492837,0,2264.15255644917,0,80.5539948642254,0,1065.3038406074,3.60107731819153,1282.67029193044,1048.41616147757,0,0,14.1882766485214,2.73793017864227,0,0,0,0,1147.42180457711,4.2294380068779,14.1216566562653,12.2562170028687,75.6805513799191,239.224687278271,1.35291612148285,7.31268846988678,96.090912103653,0,48.1379722356796,0,3.80749309062958,0,0.963565826416016,0,1.30773973464966,0,4.13169759511948,0.906114399433136,3.27693486213684,0,113.634216487408,0,5.21734583377838,0,8.20431184768677,0,10719.8660485446,8.43291872739792,709.237016290426,0,1140.05310681462,0,295.778615832329,0,244.23826867342,0,622.843257188797,15.6794763505459,1386.55173757672,56.3164907097816,2380.81731045246,81.5319873094559,2092.31898447871,39.8054528832436,558.135550111532,4.45025050640106,3746.02915015817,309.542995214462,5.71034073829651,0,151.540449559689,0,1.59964889287949,0,465.679309427738,0,0,0,351.290608048439,0,0,0,0,0,88.1127649843693,3.78743147850037,26.8840638399124,0,0,0,1.43403387069702,0,0,0,13.7285408973694,0.82860916852951,10.1510342359543,0,17.4458414018154,7.89739394187927,0,0,0,0,0,1.58229684829712
262.409591048956,0,58.5169568657875,3086.90427356958,0,3.81684255599976,21.8234920501709,7070.35357728601,0,7.96719747781754,4.20293796062469,2415.79653778672,0,1062.7942777276,0,27.0389081537724,2.55781406164169,1710.06581628323,573.057999461889,1533.6346822381,0,0,0.637016475200653,34.671098023653,0,0,0,0,21.1807681918144,351.194037079811,8.64284384250641,5.79640164971352,252.118271172047,95.4965855181217,2.07263219356537,1.07559061050415,1.61751747131348,215.298195421696,9.49864673614502,152.399287045002,0,1.56726765632629,0.743567705154419,0,1.01624000072479,6.26240336894989,0,9.67099803686142,0,27.3554220199585,0,167.276251018047,0,0,0,1.828533411026,97.0135546922684,12593.4770293832,5.08654737472534,161.348300427198,5.84549105167389,675.408340841532,0,297.353157520294,0,575.940419077873,43.4803290367126,317.300039201975,348.406861722469,944.197139561176,150.02397274971,3008.59013557434,68.6281549334526,3393.85866805911,24.1327302455902,566.654765844345,422.423606663942,6052.12867045403,0,13.7463262081146,0.840316593647003,78.4146382808685,0,0,0,167.492411911488,0,0,0,76.1288323700428,0,0,0,0,5.53415584564209,118.025837957859,0,1.35860633850098,0,0,0,0,0,0,0,1.50620293617249,0,1.32930314540863,24.9367673397064,8.34104722738266,0,0,0,0,0,6.3212508559227
2283.64148065448,58.5169568657875,0,722.343269914389,837.36428257823,52.2986913025379,13430.0289689004,517.829598367214,272.995460927486,53.6684430837631,721.619249761105,40.4276667833328,1533.325401932,116.73827752471,552.184751272202,6.22592264413834,326.940752625465,4.10363042354584,1913.0024600625,654.304901897907,1.00521415472031,5.61218458414078,3408.73556309938,1463.05978140235,177.040503561497,60.7363669872284,45.3553284406662,36.6833879351616,1548.86556527019,9.05993437767029,203.795935839415,556.835325777531,52.8636384606361,369.411450266838,10.441709369421,0,33.5212668180466,0,5.16307646036148,0,6.06580984592438,0,2.72121405601501,0,0,0,5.86972659826279,0,1.38152277469635,0,16.1894344687462,0,0,0,0,0,199.746612668037,1.98686146736145,63.1060140132904,0,57.0101008415222,0,25.6605579555035,0,8.02967089414597,0,191.043597131968,5.30173194408417,65.2062759399414,2.45627880096436,2850.42702043056,559.911749303341,2131.15084335208,196.502926498652,345.194857925177,15.5976386070251,2202.59163236618,140.788038551807,0,0,22.2720165848732,0,0.768239974975586,0,19.1424522995949,0,0,0,4.30879354476929,0,0,0,0,0,36.4923306107521,0,2.79173308610916,0,0,0,0,0,0,0,2.53693443536758,0,0,0,21.0017359554768,8.12927055358887,0,0,0,0,0,1.78361415863037
227.753134548664,3086.90427356958,722.343269914389,0,101.884135305882,1668.95129445195,609.116214394569,14384.0811041892,52.0246263742447,637.913367807865,37.8626754879951,1380.14904457331,93.8045565187931,1105.916708529,38.0726118981838,228.929169774055,12.1078988909721,479.673235863447,1089.40512794256,2960.765778929,0.837815761566162,3.63930797576904,853.120235651731,4510.00351238251,57.4297052025795,120.479723215103,7.51242637634277,41.4309011697769,117.642661035061,285.000845611095,323.760148793459,172.545634150505,193.821018129587,138.110766470432,0.689104616641998,2.22396689653397,0,45.8946585953236,0,22.2193285822868,0,0.653342843055725,0,2.08658507466316,0,2.52249050140381,0,3.60785621404648,0,10.5397583842278,0,37.8537480831146,0,0,0,0.662764310836792,43.2331337332726,219.456118196249,0,16.6063558757305,0,37.3960970044136,0,48.6259697377682,0,67.6446567177773,1.68917798995972,179.384407430887,74.4210460782051,60.0283681154251,620.636467337608,2692.32468670607,202.847899317741,2732.57866311073,20.7267429232597,397.444508194923,279.964352071285,3139.49428206682,0,2.13915324211121,0,31.1536471247673,0,0,0,19.6331582069397,0,0,0,1.06593286991119,0,0,0,0,1.83384680747986,39.1524670422077,0,0,0,0,0,0,0,0,0,0,0,0,25.7344596683979,9.48430407047272,0,0,0,0,0,3.02696877717972
1.00192028284073,0,837.36428257823,101.884135305882,0,122.460169017315,132.432082086802,17.2599722445011,2051.15477478504,48.3453009724617,0,0,9.28807726502419,2.72047629952431,2804.65105205774,20.7063733935356,0,0,1.95888936519623,0,160.931173682213,96.1026523411274,353.004335045815,422.967283010483,504.784574866295,297.495463401079,1019.98149085045,260.918710261583,597.348383754492,3.86346536874771,196.992048233747,310.926041871309,9.44330939650536,13.4903036952019,0,0,10.0266284346581,0,2.82597923278809,0,85.8514076173306,0,3.98605442047119,0,0,0,7.85939407348633,0,0,0,0,0,0,0,1.89529156684875,0,0,0,0,0,0,0,0,0,0,0,4.26075005531311,0,0,0,1227.51546086371,249.325138986111,801.314000070095,31.745897769928,29.2529205083847,0.694192230701447,61.9287334084511,0.927517294883728,0,0,0.605407297611237,0,11.0093013644218,0,1.16640245914459,0,12.2067489027977,0,5.75108969211578,0,0,0,0,0,0.446158915758133,0,0,0,0.869368433952332,0,0,0,0,0,0,0,0,0,0,0,0,0,0,0,0,0
0,3.81684255599976,52.2986913025379,1668.95129445195,122.460169017315,0,24.2857896089554,1226.03943628073,54.414583325386,2206.75608462095,0,7.86299252510071,3.12392312288284,55.8578119575977,17.2881827056408,1461.59623891115,0,0,0,3.12822473049164,12.0768277049065,220.536766290665,152.607601344585,306.427900820971,128.494731992483,406.713087171316,47.7584240436554,1702.50442060828,4.29520639777184,605.063378244638,76.4197161793709,70.240465849638,0,2.31502801179886,0,0,0,6.17245763540268,0,0,0,23.0027505159378,0,0,0,0,0,0.945009887218475,0,0,0,0,0,0,0,1.42185080051422,0,0,0,0,0,0,0,0,0,0,0,0,0,0,129.8626755476,1151.90140482783,2.86794340610504,1148.53674691916,0,31.965769380331,0,128.158315002918,0,0.882857978343964,0,0,0,5.00437641143799,0,0,0,0.76822429895401,0,0,0,0,0,0,0,1.05268931388855,0,0,0,0,0,0,0,0,0,0,0,0,1.50725823640823,0,0,0,0,0,0,0
4644.19656178355,21.8234920501709,13430.0289689004,609.116214394569,132.432082086802,24.2857896089554,0,575.90838176012,531.271495133638,22.4266146421432,1694.00672385097,56.1031185090542,4925.74414360523,82.8342961072922,761.770033061504,1.11018526554108,256.535461515188,7.77880215644836,755.792247593403,489.864840686321,1.12134861946106,0,512.584175527096,1035.46746733785,7.27707278728485,20.1631011366844,2.25843095779419,7.08841535449028,1169.41247731447,10.1154530644417,131.706892192364,311.11518856883,33.6654460430145,286.211410403252,1.19649511575699,2.2215781211853,40.6817612051964,0,1.27889609336853,0,1.12818229198456,0,0,0,1.08666825294495,0,4.09328657388687,0,2.31369912624359,0,156.847545385361,0,0,0,3.06911253929138,0,455.003490865231,0,123.128812789917,0,522.073962897062,0,52.147781342268,0,284.720672994852,0,20.3509692549706,2.11035358905792,4.7995148897171,1.1491334438324,4460.14892807603,468.969540804625,1220.09368830919,149.667632430792,228.100542336702,17.8473797440529,1607.36388525367,114.988619536161,4.96574461460114,0,43.5890790224075,0,1.86473697423935,0,187.149213910103,0,0,0,64.1902984380722,0,0,0,0,0,28.0407451093197,3.31202268600464,0,0,0,0,0,0,0,0,2.65848869085312,0,0,0,12.7882862091064,6.87397629022598,0,0,0,0,0,0.833852112293243
87.1918481588364,7070.35357728601,517.829598367214,14384.0811041892,17.2599722445011,1226.03943628073,575.90838176012,0,24.2662375867367,2081.11463984847,32.1281535625458,4783.85310187936,136.403610706329,5455.3472160399,13.9500861763954,401.346484720707,8.059630215168,369.357856184244,554.952219516039,378.036847859621,0,2.31145638227463,615.607630997896,701.190453201532,11.2554888725281,13.8626762628555,0,8.01145327091217,111.69377169013,308.099575340748,197.99993121624,91.8400170207024,85.8901120424271,39.2804521918297,4.63197588920593,0,1.54120802879333,28.0672462880611,0,9.27127319574356,0,1.31009870767593,0,1.31522309780121,0,2.17367964982986,0,2.24524790048599,0,17.9255799651146,0,248.178280323744,0,0,0,5.18600881099701,24.9685645699501,668.474096864462,0,36.3934814929962,0,581.578522711992,0,195.026181697845,0,789.53663662076,1.39107894897461,21.4683797955513,11.6495781540871,9.51571267843246,576.286660373211,4383.99536496401,131.287652909756,2423.31653648615,14.5050512552261,419.666499644518,148.943567574024,2570.9281116426,0,2.70461452007294,0,88.0891463160515,0,0,0,720.128251552582,0,0,0,303.889858961105,0,0,0,0,6.48742878437042,41.1739401817322,1.2309889793396,0,0,0,0,0,0,0,0.892624080181122,0,0,0,13.0342909097672,3.46285462379456,0,0,0,0,0,1.1249772310257
16.472154468298,0,272.995460927486,52.0246263742447,2051.15477478504,54.414583325386,531.271495133638,24.2662375867367,0,20.6438615918159,11.2526953518391,0,286.958136081696,4.35847163200378,3344.86080232263,6.90515941381454,2.01968777179718,0,5.3332761824131,0,42.8077230751514,26.0090104341507,77.9874377548695,244.424219995737,56.8285177648067,104.015973508358,170.315455913544,94.8017246127129,431.224064350128,1.2130560874939,39.2592518627644,124.114195436239,5.4655596613884,5.30136293172836,0.602011382579803,0,3.3344914317131,0,0.654727876186371,0,58.6089985370636,0,0,0,0,0,0.41550612449646,0,0,0,0,0,0,0,0,0,2.80048048496246,0,0,0,0,0,0,0,0,0,0,0,0,0,1364.14511451125,119.420619368553,1132.10664725304,16.2190068364143,64.684985101223,1.05527377128601,147.522619098425,0,0,0,3.0148292183876,0,1.85327184200287,0,0,0,1.59999805688858,0,6.59943974018097,0,0,0,0,0,3.05364093184471,0.503279566764832,0,0,0,0,0,0,0,0,0,0,0,0,1.80885708332062,1.40570425987244,0,0,0,0,0,0
0,7.96719747781754,53.6684430837631,637.913367807865,48.3453009724617,2206.75608462095,22.4266146421432,2081.11463984847,20.6438615918159,0,0,21.2808354496956,0,526.414100319147,7.2464747428894,3075.52595615387,0,4.49971175193787,0,4.48266997933388,0.673711836338043,49.4490455389023,75.1415395736694,136.496688961983,40.6314803361893,108.385356843472,16.9954024553299,377.107541650534,0,400.737603962421,32.5647420883179,22.4444571733475,0,1.41969609260559,0,0,0,6.21913048624992,0,0,0,10.2319690585136,0,0.774474203586578,0,0,0,0,0,0,0,0,0,0,0,0,0,2.4723487496376,0,0,0,1.08232057094574,0,3.7555787563324,0,0,0,0,0,0,71.7636469602585,1058.02778796852,2.81893485784531,1372.02649456263,0,46.8583679497242,0,248.048189342022,0,0,0,1.64119678735733,0,2.86452090740204,0,0,0,0,0,0.932152450084686,0,0,0,0,0.571500241756439,1.57998532056808,0,0,0,0,0,0,0,0,0,0,0,0,0.547353565692902,0,0,0,0,0,0,0
3149.77248492837,4.20293796062469,721.619249761105,37.8626754879951,0,0,1694.00672385097,32.1281535625458,11.2526953518391,0,0,4.41384029388428,3180.05799743533,2.52229428291321,94.5303644239902,0,613.71270853281,0,571.756543546915,137.306481450796,0,0,113.21098318696,40.3553875088692,0,0,0,0,870.938574820757,0,30.5906631946564,46.1194655895233,23.9556356966496,80.3014537990093,0.7381471991539,2.47055947780609,9.68541222810745,0,0,0,0,0,0.454453885555267,0,0,0,0,0,0,0,7.30742710828781,0,0,0,0.844236254692078,0,506.834633499384,0,39.7582207322121,0,243.736651986837,0,386.22750723362,0,31.1853553652763,0,37.410378664732,0,37.806075066328,0,486.019670933485,32.8458726108074,203.344840884209,12.2068142294884,54.5054534077644,0,234.166003763676,3.72928529977798,17.5805008411407,0,386.978268116713,0,0,0,287.452173471451,0,0,0,146.257510960102,0,0,0,0,0,0,1.16653478145599,0,0,0,0,0,0,0,0,1.91113209724426,0,0,0,0.807729482650757,1.13792455196381,0,0,0,0,0,0
0,2415.79653778672,40.4276667833328,1380.14904457331,0,7.86299252510071,56.1031185090542,4783.85310187936,0,21.2808354496956,4.41384029388428,0,5.71792879700661,3935.25374993682,0.6756751537323,49.0747548937798,0,639.031158536673,94.6299075186253,586.269282281399,0,0,81.5122126042843,354.124514877796,0,2.07892835140228,0,1.53357303142548,13.9065263271332,814.958691418171,38.502092063427,25.5663619041443,18.2833663225174,33.7781246304512,0,0,0,15.0740287303925,0,2.25106644630432,0,0.569195210933685,0,0,0,0,0,0.614750146865845,0,0.795238673686981,0,19.3861315846443,0,0,0,1.66920977830887,0,254.228386282921,0,23.0216810405254,0,374.900172591209,0,396.465856671333,0,214.728393614292,0,32.0304673016071,0,8.53474718332291,61.218391597271,914.13180398941,14.3006312847137,591.8114323318,2.72562658786774,55.6606674790382,14.9925670027733,310.318407088518,0,10.79364579916,0,235.347465693951,0,1.05450034141541,0,256.461415797472,0,0,0,55.1645474433899,0,0,0,0,0.848771274089813,4.23520267009735,0,0,0,0,0,0,0,0,2.06577295064926,0,0,0,2.44321048259735,0,0,0,0,0,1.63033819198608,0
2264.15255644917,0,1533.325401932,93.8045565187931,9.28807726502419,3.12392312288284,4925.74414360523,136.403610706329,286.958136081696,0,3180.05799743533,5.71792879700661,0,23.1159431934357,2989.06174814701,1.58140367269516,112.526169031858,0,541.862092405558,85.8173612654209,0.844546437263489,0,433.813489437103,268.186659157276,0,0,0,1.58341038227081,1387.0943864584,2.30255967378616,74.6300023198128,91.1849980950356,21.1656035780907,99.0966891050339,4.9982525408268,0,8.6552737057209,0,3.02433300018311,0,0,0,0,0,0,0,0,0,0,0,0,0,2.22810292243958,0,0,0,292.223571151495,0,16.2123073935509,0,202.263100713491,0,162.966747552156,0,15.4522315859795,0,5.15329083800316,0,12.8271511793137,0,1446.29731425643,116.186059981585,496.609127640724,28.2383412718773,57.1231020092964,5.09323883056641,338.479545354843,10.5649458169937,19.401867210865,0,345.617053955793,0,0,0,178.309459507465,0,0,0,71.512015581131,0,0,0,0,0,5.02040410041809,0,0,0,0,0,0,0,0,0,0,0,0,0,0.814393699169159,0,0,0,0,0,0,0
0,1062.7942777276,116.73827752471,1105.916708529,2.72047629952431,55.8578119575977,82.8342961072922,5455.3472160399,4.35847163200378,526.414100319147,2.52229428291321,3935.25374993682,23.1159431934357,0,6.61034333705902,1964.34881523252,0,265.155987650156,19.4171203970909,186.994800388813,0,0.529911518096924,138.758799284697,472.52379399538,1.24435722827911,8.33554270863533,0,7.12955689430237,16.9246069788933,1328.02725255489,43.5124272704124,41.893391340971,11.4555055499077,17.1708586513996,0,0,0,5.64855921268463,0,0,0,0,0,0,0,0,0,0,0,0,0,5.98586690425873,0,0,0,0,0,131.447932422161,0,6.55161714553833,0,212.970270752907,0,306.07086378336,0,103.138584434986,0,5.08806145191193,0,0.727264046669006,131.203111976385,1495.00704577565,18.4428650140762,1778.12877967954,5.71574449539185,107.704816401005,1.4285968542099,472.407886922359,0,14.3697933554649,0,163.720589071512,0,1.45647978782654,0,56.1697957515717,0,0,0,4.17441344261169,0,0,0,0,0,1.04815512895584,0,0,0,0,0,0,0,0,0,0,0,0,0,1.910424888134,0,0,0,0,0,0
80.5539948642254,0,552.184751272202,38.0726118981838,2804.65105205774,17.2881827056408,761.770033061504,13.9500861763954,3344.86080232263,7.2464747428894,94.5303644239902,0.6756751537323,2989.06174814701,6.61034333705902,0,1.42181372642517,16.9194729030132,0,53.9971153736115,1.07700216770172,95.0677703619003,64.3372763097286,190.072788000107,99.0624622702599,278.680046081543,59.5864776074886,774.161591112614,86.9518085420132,2764.72577294707,1.230144739151,223.192496418953,79.1226711273193,4.7051032781601,8.30154022574425,0,0,19.3035050928593,0,0.690454959869385,0,30.709817647934,0,0,0,0,0,3.30235382914543,0,0,0,0,0,0,0,0,0,13.5446420311928,0,0,0,0,0,7.03061318397522,0,0,0,0,0,0,0,1633.39186957479,96.7565908432007,1911.10633435845,12.5661851763725,165.290711820126,2.23429864645004,509.398824095726,0,0,0,2.90982443094254,0,0,0,3.69142580032349,0,0,0,0,0,0,0,0,0,4.95602959394455,0,0,0,0,0,0,0,0,0,1.2653501033783,0,0,0,1.23613768815994,3.28456747531891,0,0,0,0,0,0.486945122480392
0,27.0389081537724,6.22592264413834,228.929169774055,20.7063733935356,1461.59623891115,1.11018526554108,401.346484720707,6.90515941381454,3075.52595615387,0,49.0747548937798,1.58140367269516,1964.34881523252,1.42181372642517,0,0,18.596272289753,0,8.39777606725693,2.63287597894669,72.2546751797199,17.3642894923687,111.880726486444,16.3812853097916,131.935262858868,9.58883529901505,392.516532301903,0,1729.47168827057,14.31235653162,32.1972883939743,0,1.55596685409546,0,0,0,4.89508664608002,0,0,0,11.1345201730728,0,0,0,0,0,0,0,0,0,0,0,0,0,0,0,2.73572015762329,0,0,0,2.21702873706818,0,16.8410937190056,0,0,0,0,0,0,28.1398476660252,563.301322102547,0,1950.6383048892,0,69.4554042220116,0,199.770071387291,0,2.81178015470505,0,12.3515086174011,0,2.82892125844955,0,1.27607071399689,0,2.50369071960449,0,2.13916015625,0,0,0,0,0,2.662702023983,0,0,0,0,0,0,0,0,0,0,0,0,0,0,0,0,0,0,0,0
1065.3038406074,2.55781406164169,326.940752625465,12.1078988909721,0,0,256.535461515188,8.059630215168,2.01968777179718,0,613.71270853281,0,112.526169031858,0,16.9194729030132,0,0,0,232.348260402679,40.4466032981873,0,0,1.50588423013687,1.41148608922958,0,0,0,0,3619.4238294363,0,7.54031443595886,9.1440361738205,9.21128362417221,24.2090033888817,0,0,19.1643859744072,0,9.34698367118835,0,0,0,0,0,0.574453234672546,0,0,0,3.47670406103134,0,8.41526558995247,0,0.859635949134827,0,0,0,3110.27745145559,1.29846334457397,71.9675335288048,0,210.613676607609,0,2004.45982894301,0,15.5851359367371,0,58.6462842524052,0.818327903747559,101.585588306189,0.842830121517181,162.924641102552,6.16886484622955,381.984691351652,0,57.879626750946,0,275.021676063538,9.74383592605591,311.562455683947,0,1324.64668223262,0,21.9550586938858,0,192.375163286924,0,2.35618579387665,0,68.962272465229,0,0,0,0,0,3.7222381234169,0,0,0,0,0,1.34424316883087,0,0,0,0,0,1.54636013507843,0,0.62785017490387,0,0,0,0,0,0,0
3.60107731819153,1710.06581628323,4.10363042354584,479.673235863447,0,0,7.77880215644836,369.357856184244,0,4.49971175193787,0,639.031158536673,0,265.155987650156,0,18.596272289753,0,0,42.614587366581,321.529063493013,0,0,0,15.048352599144,0,0,0,0,2.17415308952332,2798.37354707718,5.31745839118958,6.25822997093201,9.88492929935455,21.63101541996,2.14586937427521,1.61098694801331,0,21.07132178545,0,4.52268385887146,0,0,0,0,0,1.46747386455536,0,2.9749881029129,0,3.88482314348221,0,11.705901324749,0,0,0,0,0,3303.69658139348,0,40.8180237710476,0,324.864625930786,0,2545.80140185356,0,40.227605253458,0,67.0038648247719,0,22.1783307492733,12.3966672420502,156.472823470831,1.765600502491,933.080418974161,0,34.6134074926376,6.04521310329437,237.323398381472,0,464.145647764206,0,1568.21021312475,0,23.2954825460911,0,156.580353707075,0,1.02562284469604,0,26.2165698707104,0,0,0,0,0,5.25476026535034,0,0,0,0,0,0,0,0,0,0,0,0,1.38836777210236,0,0,0,0,0,0,1.07601499557495
1282.67029193044,573.057999461889,1913.0024600625,1089.40512794256,1.95888936519623,0,755.792247593403,554.952219516039,5.3332761824131,0,571.756543546915,94.6299075186253,541.862092405558,19.4171203970909,53.9971153736115,0,232.348260402679,42.614587366581,0,4790.25167146325,0,0,1215.0084875524,406.673045009375,0,0,1.77333438396454,0,725.009609013796,30.1791390776634,631.050698667765,486.131071597338,3819.13664704561,2286.34441885352,118.470240592957,10.7787215709686,27.282514154911,1.46754479408264,10.4525018930435,0,2.85283541679382,0,30.7402802109718,0,16.8366390168667,0,29.2837418317795,1.09405219554901,2.09607750177383,0,5.91059172153473,0,0,0,0,0,307.877948611975,28.1254503726959,88.1076708734035,0,40.8459421396255,0,14.0560286045074,0,4.72291839122772,0,1380.42645078897,90.045190423727,1156.91815900803,177.384289264679,1863.08945262432,399.693540304899,1045.17976599932,330.569447696209,235.900646567345,34.1004710197449,2136.1120967865,571.019282639027,1.1964293718338,0,6.9551255106926,0,1.52443289756775,0,8.47307282686234,0,0,0,1.11458802223206,0,0,0,0,0,37.7009284496307,5.55522954463959,5.17451465129852,0,0,0,0,0,0,0,0,0,0,0,21.6884859502316,4.88263416290283,0,0,0,0,0,0.650190114974976
1048.41616147757,1533.6346822381,654.304901897907,2960.765778929,0,3.12822473049164,489.864840686321,378.036847859621,0,4.48266997933388,137.306481450796,586.269282281399,85.8173612654209,186.994800388813,1.07700216770172,8.39777606725693,40.4466032981873,321.529063493013,4790.25167146325,0,0,0.575333774089813,338.199245870113,1211.3212518394,0.754160642623901,1.00463795661926,0,0.623563706874847,241.887551963329,113.4408031106,352.737705200911,369.378149122,1280.90955892205,3598.91070711613,8.54085221886635,5.48991677165031,5.5968599319458,39.9029495716095,0,19.9500729739666,0,0,0.520815670490265,6.51098677515984,0,7.67244589328766,0,23.371699154377,0,9.10471272468567,0,6.17406004667282,0,0,0,0,261.861427009106,349.397885143757,3.86995905637741,31.0016471743584,2.336878657341,28.0004163384438,0.896598160266876,25.9883561730385,0,17.5230674743652,119.824423491955,854.730285912752,720.764112353325,2365.04983085394,797.570092201233,1194.55058380961,468.964418649673,1202.18847566843,103.689829528332,212.543546766043,1128.86918064952,2569.09605559707,0,1.5136661529541,0,14.8167961239815,0,0,0,8.49626082181931,0,0,0,0,0,0,0,0,1.72176545858383,28.901942461729,0,0,0,0,0,0,0,0,0,1.46466839313507,0,0,20.6616984009743,2.54020404815674,0,0,0,0,0,0.93119353055954
0,0,1.00521415472031,0.837815761566162,160.931173682213,12.0768277049065,1.12134861946106,0,42.8077230751514,0.673711836338043,0,0,0.844546437263489,0,95.0677703619003,2.63287597894669,0,0,0,0,0,80.0105707645416,43.3804258406162,7.59607541561127,174.49541887641,29.1649103462696,1020.12635582685,74.2945015728474,69.2857626676559,0,619.864353269339,74.0589369535446,13.7698302865028,1.43694126605988,3.6394739151001,0.84416139125824,13.0680893063545,22.1428485512733,1.96735572814941,0,78.1886914372444,18.7529963254929,1.43111145496368,0,0,0,4.34480792284012,2.24833542108536,1.27066218852997,0,0,0,0,0,5.07906472682953,3.04153096675873,0,0,0,0,0,0,0,0,0,0,0,0,0,0,573.612147063017,67.1829625368118,413.971384078264,14.1238397359848,11.1881576180458,44.8082505464554,48.1524530053139,15.3116354942322,0,0,0,0,0,1.16810929775238,0.890441238880157,0,9.64362329244614,5.3788355588913,6.01346927881241,4.31996387243271,0,0,0,0,0,0,0,0,0,0,0,0,0,0,0,0,0,0,0,0,0,0,0,0,0,0
0,0,5.61218458414078,3.63930797576904,96.1026523411274,220.536766290665,0,2.31145638227463,26.0090104341507,49.4490455389023,0,0,0,0.529911518096924,64.3372763097286,72.2546751797199,0,0,0,0.575333774089813,80.0105707645416,0,29.810468018055,50.8038334846497,87.5283180773258,302.996004164219,177.205410510302,1329.77642565966,1.61781841516495,54.0301742255688,140.975758880377,887.52527230978,3.07905656099319,19.8277117908001,0,1.88935834169388,0,7.94699394702911,0,0,0,56.1361780166626,0,0.575917422771454,0,0,0,0,0,0,0,0,0,0,0,1.48067140579224,0,0,0,0,0,0,0,0,0,0,0,6.84569868445396,0,0,198.195003241301,346.245705157518,12.1842857003212,191.633700340986,1.29861354827881,2.68156158924103,0,2.53558826446533,0,0,0,0,0,4.59716123342514,0,0,0,0,0,1.21322619915009,0,0,0,0,0,0,0,0,0,0,0,0,0,0,0,0,0,0,0,0,0,0,0,0,0,0
14.1882766485214,0.637016475200653,3408.73556309938,853.120235651731,353.004335045815,152.607601344585,512.584175527096,615.607630997896,77.9874377548695,75.1415395736694,113.21098318696,81.5122126042843,433.813489437103,138.758799284697,190.072788000107,17.3642894923687,1.50588423013687,0,1215.0084875524,338.199245870113,43.3804258406162,29.810468018055,0,3029.78029820323,1064.36043533683,318.375114887953,250.878633350134,151.278988391161,377.441949307919,15.2290713191032,4012.03479602933,1465.49588763714,1027.3174957037,438.934038996696,260.190964400768,5.41785895824432,10.4098656177521,0,1.26527953147888,0,2.14686316251755,0,44.6120844781399,0,14.8656226396561,0,29.3344153761864,0,0,0,0,0,0,0,0,0,1.87063604593277,0,0,0,0,0,1.41926157474518,0,0,0,240.592507362366,0.73502391576767,4.1269628405571,0.718550503253937,2053.9919269383,842.775459527969,661.258776903152,315.14936158061,102.952745258808,25.8091548681259,456.748815953732,131.587806552649,0,0,0.70559561252594,0,0,0,0,0,0,0,0,0,0,0,0,0,6.70718854665756,0,0,0,0,0,0,0,0,0,0,0,0,0,0,0,0,0,0,0,0,0
2.73793017864227,34.671098023653,1463.05978140235,4510.00351238251,422.967283010483,306.427900820971,1035.46746733785,701.190453201532,244.424219995737,136.496688961983,40.3553875088692,354.124514877796,268.186659157276,472.52379399538,99.0624622702599,111.880726486444,1.41148608922958,15.048352599144,406.673045009375,1211.3212518394,7.59607541561127,50.8038334846497,3029.78029820323,0,480.259638845921,1446.90191081166,89.8095056414604,554.315976083279,227.831647396088,70.3450463712215,1350.62524297833,2809.01329696178,151.757699400187,1327.12912887335,2.26398682594299,31.4745507538319,1.27323400974274,6.74785214662552,2.08958911895752,3.13583588600159,0,2.44204491376877,0,11.9204243421555,0,0.582676649093628,0,44.0208879411221,0,0,0,0,0,0,0,0,0,3.95398032665253,0,0,0,0,0,2.62402033805847,0,0,0,179.882295191288,0,20.4024688899517,1204.65121281147,2418.65716174245,318.351473003626,1235.27922612429,36.3418565392494,218.859663009644,152.361525952816,1056.7089702785,0,0,0,0,0,0,0,0,0,0,0,0,0,0,0,0,0,6.81721875071526,0,0,0,0,0,0,0,0,0,0,0,0,6.33801472187042,2.00087487697601,0,0,0,0,0,0
0,0,177.040503561497,57.4297052025795,504.784574866295,128.494731992483,7.27707278728485,11.2554888725281,56.8285177648067,40.6314803361893,0,0,0,1.24435722827911,278.680046081543,16.3812853097916,0,0,0,0.754160642623901,174.49541887641,87.5283180773258,1064.36043533683,480.259638845921,0,454.76724922657,1850.60524830222,365.149840831757,30.472530990839,2.64957904815674,963.389162302017,475.517652332783,36.2851189374924,12.9568213522434,5.30105882883072,0,0,0,0,0,5.99547046422958,0,0,0,0,0,0,0,0,0,0,0,0,0,0,0,0,0,0,0,0,0,0,0,0,0,0.721479296684265,0,0,0,448.142227232456,202.089847683907,140.221618294716,38.2427154779434,1.74073320627213,1.6833860874176,4.01115211844444,0,0,0,0,0,0,0,0,0,2.07466268539429,0,0,0,0,0,0,0,0,0,0,0,0,0,0,0,0,0,0,0,0,0,0,0,0,0,0,0,0,0
0,0,60.7363669872284,120.479723215103,297.495463401079,406.713087171316,20.1631011366844,13.8626762628555,104.015973508358,108.385356843472,0,2.07892835140228,0,8.33554270863533,59.5864776074886,131.935262858868,0,0,0,1.00463795661926,29.1649103462696,302.996004164219,318.375114887953,1446.90191081166,454.76724922657,0,152.440270751715,1799.20515322685,5.47258275747299,53.8612551093102,315.222914457321,654.407730787992,2.29006791114807,4.73946624994278,0,0,0,0.687643647193909,1.11337602138519,0,0,4.84985896945,0,0,0,0,0,0,0,0,0,0,0,0,0,0,0,0,0,0,0,0,0,0,0,0,0,0.444157749414444,0,0,163.374329388142,594.218337327242,11.7902090847492,269.885092765093,0,7.12041479349136,0,18.1845344305038,0,0,0,0,0,0,0,0,0,0,0,0,0,0,0,0,0,0,0,0,0,0,0,0,0,0,0,0,0,0,0.701026022434235,0,0,0,0,0,0,0
0,0,45.3553284406662,7.51242637634277,1019.98149085045,47.7584240436554,2.25843095779419,0,170.315455913544,16.9954024553299,0,0,0,0,774.161591112614,9.58883529901505,0,0,1.77333438396454,0,1020.12635582685,177.205410510302,250.878633350134,89.8095056414604,1850.60524830222,152.440270751715,0,305.325522214174,39.48865878582,1.12058854103088,709.08815202117,184.434531569481,13.5806720852852,7.81907930970192,2.54441076517105,0,1.17010200023651,0,2.55552291870117,0,12.3773847222328,0,0,0,0,0,0,0,0,0,0,0,0,0,0,0,0,0,0,0,0,0,0,0,0,0,0,0,0,0,557.750386655331,166.077062427998,189.362255364656,15.2581548690796,4.10488617420197,0,1.28299260139465,0,0,0,0,0,0,0,0,0,0,0,0.743906795978546,0,0,0,0,0,0,0,0,0,0,0,0,0,0,0,0,0,0,0,0,0,0,0,0,0,0,0
0,0,36.6833879351616,41.4309011697769,260.918710261583,1702.50442060828,7.08841535449028,8.01145327091217,94.8017246127129,377.107541650534,0,1.53357303142548,1.58341038227081,7.12955689430237,86.9518085420132,392.516532301903,0,0,0,0.623563706874847,74.2945015728474,1329.77642565966,151.278988391161,554.315976083279,365.149840831757,1799.20515322685,305.325522214174,0,3.9615650177002,117.08576887846,291.671084463596,645.873342037201,5.33396530151367,24.8091090321541,0,0.643989086151123,0,1.59477210044861,0,0,3.384801030159,7.03556877374649,0,0,0,0,0,0,0,0,0,0,0,0,0,0,0,0,0,0,0,0,0,0,0,0,0,0,0,0,216.761469691992,785.664148241282,17.7732156515121,399.522165000439,0,8.02234563231468,0,12.6033494770527,0,0,0,0,0,1.54584556818008,0,0.992792129516602,0,0,0,0,0,0,0,0,0,0,0,0,0,0,0,0,0,0,0,0,0,0,0,0,0,0,0,0,0,0
1147.42180457711,21.1807681918144,1548.86556527019,117.642661035061,597.348383754492,4.29520639777184,1169.41247731447,111.69377169013,431.224064350128,0,870.938574820757,13.9065263271332,1387.0943864584,16.9246069788933,2764.72577294707,0,3619.4238294363,2.17415308952332,725.009609013796,241.887551963329,69.2857626676559,1.61781841516495,377.441949307919,227.831647396088,30.472530990839,5.47258275747299,39.48865878582,3.9615650177002,0,6.64733612537384,93.4463182687759,102.171357572079,53.1172471046448,147.037966609001,31.9024502336979,22.4863259196281,267.10503911972,7.41114568710327,39.9902873039246,0,242.751162678003,0,281.926062524319,0.569339513778687,133.72453263402,0,341.597157210112,0,162.43352407217,0,266.502581298351,0,31.7315849065781,0,78.5666441619396,0,1674.78191119432,7.67412769794464,452.456983655691,1.56340968608856,276.803877711296,0,936.362376302481,0,92.1620384454727,0,471.080339670181,70.0713394880295,353.677707016468,12.7615965008736,1100.71984660625,98.6087298691273,2303.22565981746,37.1765765249729,196.413155734539,6.0064212679863,935.807156503201,58.43830960989,479.796404510736,0,1583.96568003297,0,447.750496089458,0,544.420546740294,0,319.605196774006,0,474.986688792706,0,9.30035817623138,0,2.24280047416687,0,27.3592836558819,1.25128781795502,1.04069852828979,0,10.3324009776115,0,1.79422843456268,0,6.3985623717308,0,12.4712755680084,1.09757196903229,0,0,10.9050878584385,3.54151356220245,0,0,0,0,0,1.56752854585648
4.2294380068779,351.194037079811,9.05993437767029,285.000845611095,3.86346536874771,605.063378244638,10.1154530644417,308.099575340748,1.2130560874939,400.737603962421,0,814.958691418171,2.30255967378616,1328.02725255489,1.230144739151,1729.47168827057,0,2798.37354707718,30.1791390776634,113.4408031106,0,54.0301742255688,15.2290713191032,70.3450463712215,2.64957904815674,53.8612551093102,1.12058854103088,117.08576887846,6.64733612537384,0,7.83352339267731,8.28634548187256,3.7781765460968,8.22510534524918,0,5.15658587217331,0,130.297372639179,0,14.7150647640228,0,531.892940402031,4.52738869190216,36.8006235659122,0,29.5655627846718,0,99.4679955244064,0,52.6157224178314,0,105.816764265299,0,24.4770455658436,0,41.3513451814651,0,914.484165012836,0,94.696921557188,0,109.923362106085,0,648.997118890285,0,43.4472117125988,4.66160368919373,137.185704499483,1.26245975494385,18.9709105193615,15.8050574064255,224.142716944218,2.74886620044708,4374.51467323303,0,34.98100066185,8.11524927616119,149.50421667099,1.53903317451477,565.644961088896,0,1013.77488172054,0,658.570670723915,0,218.098612368107,0,29.8376643061638,0,95.0464172363281,0,4.39926648139954,0,0,0,6.96243196725845,0,0,0,13.4961915314198,0,0,0,0,0.741907894611359,0,0,3.66357469558716,0,0,0,0,0,0,0,0
14.1216566562653,8.64284384250641,203.795935839415,323.760148793459,196.992048233747,76.4197161793709,131.706892192364,197.99993121624,39.2592518627644,32.5647420883179,30.5906631946564,38.502092063427,74.6300023198128,43.5124272704124,223.192496418953,14.31235653162,7.54031443595886,5.31745839118958,631.050698667765,352.737705200911,619.864353269339,140.975758880377,4012.03479602933,1350.62524297833,963.389162302017,315.222914457321,709.08815202117,291.671084463596,93.4463182687759,7.83352339267731,0,1138.98504799604,1665.93256244063,468.453621387482,426.885104268789,27.4495368599892,3.60220658779144,1.33521258831024,15.9609164595604,0,6.11829715967178,0,91.5236167311668,0.48445862531662,83.5319368839264,0,58.9280026555061,4.1578665971756,0,0,0,0,0,0,0,0,0.767003566026688,3.84442406892776,0.757091879844666,0,0.717285811901093,1.43507742881775,0,1.12853586673737,0,1.89042717218399,651.902977377176,34.0508985519409,6.19250082969666,4.15744632482529,1037.57694035769,436.366239517927,148.991254866123,169.344584405422,24.7315346300602,12.9780257940292,136.99234110117,135.450267374516,0,0,1.44416707754135,0,0,0,1.30333852767944,1.23528921604156,0,0,7.03238320350647,0,0,0,0,0,6.1005907356739,2.08046579360962,0,0,0,0,0,0,0,0,1.43488818407059,0.823952376842499,0,1.05048608779907,2.23772263526917,1.26524877548218,0,0,0,0,0,0
12.2562170028687,5.79640164971352,556.835325777531,172.545634150505,310.926041871309,70.240465849638,311.11518856883,91.8400170207024,124.114195436239,22.4444571733475,46.1194655895233,25.5663619041443,91.1849980950356,41.893391340971,79.1226711273193,32.1972883939743,9.1440361738205,6.25822997093201,486.131071597338,369.378149122,74.0589369535446,887.52527230978,1465.49588763714,2809.01329696178,475.517652332783,654.407730787992,184.434531569481,645.873342037201,102.171357572079,8.28634548187256,1138.98504799604,0,114.042925268412,2331.67276507616,6.4615840613842,120.070706784725,2.96099627017975,4.43680942058563,0,21.0859166383743,0,0,1.62523955106735,52.567450761795,0,7.27803713083267,0.730300188064575,212.741362303495,0,0,0,0,0,0,0,0,1.51946675777435,0.553297281265259,0,0.505887031555176,0,0,0,2.92249310016632,1.09672355651855,0.828110873699188,13.2382214069366,818.841620385647,3.60517859458923,23.4521712064743,545.194199860096,493.205542087555,178.40105715394,162.429591625929,31.5904120206833,32.0577264428139,198.618379533291,111.006056696177,0,0,0,1.85398435592651,0,0,0,1.71713209152222,0,0,0,0,0,0,0,0,0,1.84130567312241,0,0,0,0,0,0,0,0,0,0,0,0,1.999263048172,1.19935977458954,0,0,0,0,0,1.67404747009277
75.6805513799191,252.118271172047,52.8636384606361,193.821018129587,9.44330939650536,0,33.6654460430145,85.8901120424271,5.4655596613884,0,23.9556356966496,18.2833663225174,21.1656035780907,11.4555055499077,4.7051032781601,0,9.21128362417221,9.88492929935455,3819.13664704561,1280.90955892205,13.7698302865028,3.07905656099319,1027.3174957037,151.757699400187,36.2851189374924,2.29006791114807,13.5806720852852,5.33396530151367,53.1172471046448,3.7781765460968,1665.93256244063,114.042925268412,0,1186.49339771271,1539.32931929827,165.359419345856,15.8072704076767,7.8259619474411,48.5277826786041,4.6787565946579,0,0,177.44751727581,2.8310250043869,382.05465066433,14.487031519413,100.941664099693,8.95830577611923,6.24012321233749,8.11975383758545,2.89410805702209,0.943441092967987,0,0,3.19936949014664,0,111.581701099873,258.162105739117,69.268955886364,35.4006097018719,5.268987596035,24.3921363353729,6.53812465071678,11.8574644327164,0,2.40581703186035,4007.00071060658,833.903087556362,792.519144237041,339.870366483927,364.3137396276,125.117475956678,80.5906694531441,61.720237493515,15.255565404892,16.8506544232368,159.504141181707,148.081458866596,0.476724177598953,0,5.59402245283127,7.84045922756195,0,0,0.839002847671509,0,0.545812487602234,0,1.71422475576401,0,0,0,0,0,3.11040234565735,3.41015475988388,0,0,0,0,0,0,0,0,0,1.18941402435303,0,0,0,0,0,0,0,0,0,0
239.224687278271,95.4965855181217,369.411450266838,138.110766470432,13.4903036952019,2.31502801179886,286.211410403252,39.2804521918297,5.30136293172836,1.41969609260559,80.3014537990093,33.7781246304512,99.0966891050339,17.1708586513996,8.30154022574425,1.55596685409546,24.2090033888817,21.63101541996,2286.34441885352,3598.91070711613,1.43694126605988,19.8277117908001,438.934038996696,1327.12912887335,12.9568213522434,4.73946624994278,7.81907930970192,24.8091090321541,147.037966609001,8.22510534524918,468.453621387482,2331.67276507616,1186.49339771271,0,36.8281948566437,797.890361517668,35.7218893766403,12.0675559341908,4.38514018058777,114.073358684778,2.4742648601532,0,13.5918247699738,147.278871804476,15.7453616261482,46.0333544909954,5.66601824760437,351.467696070671,7.13155919313431,6.2708939909935,6.92798912525177,0.851335823535919,0,0,0,3.20409008860588,203.008828878403,76.3087417781353,84.7919101715088,6.70263755321503,39.6220312714577,5.04950046539307,24.5375517010689,8.59278294444084,0,3.27873635292053,726.244595497847,4129.43202269077,800.183106422424,571.793187648058,428.093090087175,288.711973309517,229.543439537287,116.605029910803,76.3476005792618,27.237128674984,590.747272014618,250.33887770772,0,0.764848172664642,6.85707706212997,5.13362175226212,0,0,7.20507454872131,2.22008603811264,0,0,1.94464898109436,1.97973710298538,0,1.6946280002594,0,0,3.89887911081314,8.72260403633118,0,0,0,0,0,0,0,0,0.758054733276367,3.22061908245087,0,0,1.30654728412628,0,0,0,0,0,0,1.33699810504913
1.35291612148285,2.07263219356537,10.441709369421,0.689104616641998,0,0,1.19649511575699,4.63197588920593,0.602011382579803,0,0.7381471991539,0,4.9982525408268,0,0,0,0,2.14586937427521,118.470240592957,8.54085221886635,3.6394739151001,0,260.190964400768,2.26398682594299,5.30105882883072,0,2.54441076517105,0,31.9024502336979,0,426.885104268789,6.4615840613842,1539.32931929827,36.8281948566437,0,283.691222369671,189.693864256144,111.006000816822,68.1960863471031,32.0033869147301,9.9267452955246,11.2410046458244,291.790330529213,194.948596805334,544.654032826424,391.588913559914,233.219660699368,142.253234744072,194.5979398489,230.509015500546,59.2258102297783,97.4909068346024,17.2357734441757,29.6292889118195,48.8104988336563,39.4829875230789,2.73105454444885,18.3701862096786,25.6169941425323,103.784729450941,17.3722231984138,10.5338056087494,7.85332745313644,20.3578336834908,2.73982274532318,19.8265862464905,2376.93985247612,509.924022614956,1.36498713493347,1.56083750724792,55.2299795746803,6.11231574416161,41.0452786684036,20.0406680703163,4.65742194652557,4.90299397706985,137.504958063364,85.8148254752159,2.18750381469727,1.72394967079163,12.2075909972191,9.77493208646774,0.774952173233032,3.15146672725677,10.8151472806931,11.5891910195351,1.63437032699585,0,33.6323157548904,18.6411748528481,0,0.842458069324493,0,0,0,5.34178459644318,5.68034374713898,1.97174876928329,0,1.5861599445343,0,0,0,0,1.07507860660553,0,0,0,0,0,0,0,0,0,0,0
7.31268846988678,1.07559061050415,0,2.22396689653397,0,0,2.2215781211853,0,0,0,2.47055947780609,0,0,0,0,0,0,1.61098694801331,10.7787215709686,5.48991677165031,0.84416139125824,1.88935834169388,5.41785895824432,31.4745507538319,0,0,0,0.643989086151123,22.4863259196281,5.15658587217331,27.4495368599892,120.070706784725,165.359419345856,797.890361517668,283.691222369671,0,92.405381321907,179.570270031691,27.5619135499001,103.53966909647,6.08100447058678,14.7242416143417,118.800882816315,215.539177834988,335.280167639256,376.44696316123,124.87533017993,208.025618463755,189.382435590029,217.304510116577,65.0531534552574,90.2721403241158,17.9274413585663,34.2249737679958,51.0513979792595,48.6822911500931,18.7814934253693,5.49363738298416,56.9553217291832,52.6398367285728,63.1315410137177,7.56886470317841,23.3382561206818,3.60912066698074,3.77724421024323,7.52382004261017,686.660929560661,1892.58199042082,9.4426543712616,0,19.5523059368134,10.014724612236,26.3511644005775,45.5810867547989,10.3515886664391,11.9069167375565,141.421512305737,162.759524852037,1.34703755378723,2.30214393138885,40.049075782299,26.1889767944813,0.977811753749847,4.63479435443878,31.550245821476,17.408257484436,2.05508452653885,2.61076778173447,20.4301651120186,25.838554084301,0,0,0,0,2.45890641212463,5.87707251310349,3.22481834888458,7.03053212165833,0,1.53969639539719,0,0,0,0,0,0,0,0,1.93077516555786,0,0,0,0,0,0,0
96.090912103653,1.61751747131348,33.5212668180466,0,10.0266284346581,0,40.6817612051964,1.54120802879333,3.3344914317131,0,9.68541222810745,0,8.6552737057209,0,19.3035050928593,0,19.1643859744072,0,27.282514154911,5.5968599319458,13.0680893063545,0,10.4098656177521,1.27323400974274,0,0,1.17010200023651,0,267.10503911972,0,3.60220658779144,2.96099627017975,15.8072704076767,35.7218893766403,189.693864256144,92.405381321907,0,168.697666853666,1700.62271341681,26.8741341233253,570.051098287106,4.94716763496399,392.83058911562,50.7453344762325,453.818597495556,57.5192514061928,987.308235615492,54.351541519165,500.58554983139,38.1306605041027,510.623525947332,17.43376994133,64.1339021623135,3.8463322520256,1144.79901450872,17.0264341235161,193.643870681524,45.936068713665,375.161955475807,155.384227484465,232.897813916206,64.9045511484146,108.142411798239,23.6027706861496,66.7493520081043,9.23421943187714,936.139666765928,626.879611045122,105.153356432915,1.92892754077911,344.555822879076,33.0695408582687,392.298929005861,35.0358300805092,717.784053504467,59.8387678861618,3752.97040703893,123.787513911724,3.12164896726608,0,99.269748032093,2.49617218971252,265.93502664566,0,187.662683576345,0.589138746261597,735.794505894184,0,1086.10635700822,1.58313375711441,94.9646344780922,86.114619076252,69.0958752930164,35.0558443069458,143.191076397896,43.3414025008678,75.164126098156,22.3281294107437,37.2233945131302,18.6251365542412,26.1744976341724,29.8804004192352,53.0945043563843,83.034842133522,53.9878479838371,41.0601435303688,21.8688726425171,17.8528466820717,9.66267937421799,10.1957762241364,10.770561337471,0.62892735004425,2.22243177890778,1.35554349422455,1.18127071857452,15.4793021380901
0,215.298195421696,0,45.8946585953236,0,6.17245763540268,0,28.0672462880611,0,6.21913048624992,0,15.0740287303925,0,5.64855921268463,0,4.89508664608002,0,21.07132178545,1.46754479408264,39.9029495716095,22.1428485512733,7.94699394702911,0,6.74785214662552,0,0.687643647193909,0,1.59477210044861,7.41114568710327,130.297372639179,1.33521258831024,4.43680942058563,7.8259619474411,12.0675559341908,111.006000816822,179.570270031691,168.697666853666,0,43.7433607578278,1977.88563990593,3.57850122451782,486.134258568287,101.184340029955,384.086275070906,124.931063830853,322.331637144089,94.0893485248089,962.083096116781,77.5004239678383,375.198162585497,32.5308765769005,461.190507233143,1.62326467037201,171.955673635006,13.1243179738522,1907.37567818165,5.99149030447006,223.070755422115,84.5567148327827,308.451075822115,25.5089462399483,247.369311243296,0.554604291915894,111.223603397608,3.38049685955048,119.65950807929,623.569837659597,827.467848539352,0,27.505729675293,18.5333524942398,185.880429267883,26.5976594686508,428.442482292652,9.01363092660904,455.497907161713,142.412072300911,3610.73551675677,0,2.40441936254501,7.39377647638321,153.97942429781,0,374.849370747805,4.0163739323616,383.800762355328,0,984.985080242157,5.13229334354401,1150.9297760129,30.4987421035767,39.5221505463123,15.5499038994312,25.7086049318314,8.21963536739349,109.256223231554,15.9320402741432,24.5739690065384,12.4387581944466,85.2963171601295,7.89078921079636,30.9392627477646,16.4865103960037,58.4108810722828,10.1717317402363,32.9495811760426,2.79273974895477,20.7872720956802,5.99240019917488,1.12436878681183,13.4592295885086,1.67315638065338,0,3.64797449111938,4.66276031732559,3.03316694498062
48.1379722356796,9.49864673614502,5.16307646036148,0,2.82597923278809,0,1.27889609336853,0,0.654727876186371,0,0,0,3.02433300018311,0,0.690454959869385,0,9.34698367118835,0,10.4525018930435,0,1.96735572814941,0,1.26527953147888,2.08958911895752,0,1.11337602138519,2.55552291870117,0,39.9902873039246,0,15.9609164595604,0,48.5277826786041,4.38514018058777,68.1960863471031,27.5619135499001,1700.62271341681,43.7433607578278,0,79.8720247745514,921.497197657824,2.65807318687439,386.825767666101,13.7193239927292,472.754244565964,4.99998301267624,1298.74417695403,10.2289562821388,255.751749843359,2.97108936309814,137.894619882107,3.69060826301575,41.7951126098633,0,1894.438973248,1.39084541797638,61.9654370546341,2.33710122108459,163.765508711338,5.83813333511353,54.9405084848404,3.75578987598419,45.1796500682831,2.15450835227966,15.7040041089058,0,644.084118723869,52.0794739723206,53.7007332444191,2.38359951972961,46.2901666164398,8.75961226224899,92.2769700288773,7.13901841640472,99.209530621767,23.0960441827774,261.505317240953,43.9962424039841,0,0,28.7804137766361,0,68.8858853578568,0,25.8799942731857,0,33.7165239155293,0,326.079317837954,0,147.628666400909,181.868796765804,100.237449139357,99.0631485581398,71.9364039301872,118.927663505077,74.2116544544697,15.529236972332,46.48960095644,44.1048645079136,64.3210778832436,45.4184414148331,160.140032529831,88.360066652298,49.8574848175049,31.8865433633327,38.5306568145752,25.5590167045593,5.80197733640671,2.24519342184067,7.97250801324844,2.29920369386673,1.80338650941849,3.41484487056732,3.46780797839165,2.34989237785339
0,152.399287045002,0,22.2193285822868,0,0,0,9.27127319574356,0,0,0,2.25106644630432,0,0,0,0,0,4.52268385887146,0,19.9500729739666,0,0,0,3.13583588600159,0,0,0,0,0,14.7150647640228,0,21.0859166383743,4.6787565946579,114.073358684778,32.0033869147301,103.53966909647,26.8741341233253,1977.88563990593,79.8720247745514,0,0,1201.19921472669,16.9743947982788,394.855560749769,20.2257637381554,478.571334183216,24.7592534422874,796.65128543973,7.29122692346573,194.736417353153,1.6006520986557,99.5351194441319,2.06990653276443,79.4019838273525,6.5284868478775,1667.07801899314,0,184.651262879372,0,101.517252594233,0,20.8205449581146,0,53.231131196022,0,10.6909014582634,63.4945384263992,852.760521411896,0,27.132876932621,5.0409294962883,36.450622677803,1.94788110256195,87.4444143772125,7.6934609413147,64.5261561274529,6.7130423784256,270.264132350683,0,0,0,19.2486256361008,0,171.445473611355,0,89.3214754164219,0,143.128993362188,0.782133758068085,162.353632032871,88.9860945045948,81.7380926609039,47.4730725586414,68.8867201507092,15.2961120605469,81.0238945484161,35.7111059427261,61.1657851338387,24.6297681927681,64.986574858427,21.1257750988007,38.6578374505043,32.8629701435566,102.520597189665,11.7468353509903,58.4856026470661,7.90816470980644,29.0747953653336,5.17062652111053,0.512083947658539,8.38020929694176,0.922674000263214,3.39605748653412,0,4.81703355908394,3.79979181289673
3.80749309062958,0,6.06580984592438,0,85.8514076173306,0,1.12818229198456,0,58.6089985370636,0,0,0,0,0,30.709817647934,0,0,0,2.85283541679382,0,78.1886914372444,0,2.14686316251755,0,5.99547046422958,0,12.3773847222328,3.384801030159,242.751162678003,0,6.11829715967178,0,0,2.4742648601532,9.9267452955246,6.08100447058678,570.051098287106,3.57850122451782,921.497197657824,0,0,12.3429591655731,82.5955301821232,0,26.2837369143963,0,143.605999529362,1.20589900016785,43.9139623641968,0,53.4377308189869,0,4.35067513585091,0,158.900327682495,2.19420701265335,0.926838219165802,0,15.8900420665741,0,1.24872851371765,0,5.51019990444183,0,8.45736792683601,0,44.8162649273872,4.7418338060379,0,0,211.383098363876,30.206151008606,1335.79173630476,9.05819761753082,183.448117733002,60.9765149950981,290.209121227264,1.96986812353134,0,0,9.26708191633224,0,784.721691787243,0,43.2127195596695,0,1095.48004999757,3.21479278802872,200.772236675024,1.00906920433044,2.3957325220108,0,3.25921848416328,0,11.2652098536491,0,2.63913327455521,0,0.863441407680511,1.74248051643372,3.19351971149445,0,0.610388398170471,0,9.05606770515442,0,2.1962583065033,0,2.00635057687759,0.601431310176849,0,0.884835064411163,0,0,0,0
0,1.56726765632629,0,0.653342843055725,0,23.0027505159378,0,1.31009870767593,0,10.2319690585136,0,0.569195210933685,0,0,0,11.1345201730728,0,0,0,0,18.7529963254929,56.1361780166626,0,2.44204491376877,0,4.84985896945,0,7.03556877374649,0,531.892940402031,0,0,0,0,11.2410046458244,14.7242416143417,4.94716763496399,486.134258568287,2.65807318687439,1201.19921472669,12.3429591655731,0,16.619852989912,134.127027392387,0,48.8661822676659,2.77120625972748,358.090474456549,0,60.8758785426617,0,103.825392514467,0,84.4938923716545,2.139324426651,301.408811479807,0,5.12247657775879,0,13.5174557566643,0,6.08428138494492,0,6.9693803191185,0,20.9411103129387,13.6886649131775,66.9404263198376,0,0,20.4957215189934,149.796467959881,15.8002825975418,3162.73130172491,4.06780338287354,344.530025362968,0,222.533474653959,0,0,0,79.368613421917,0.897395193576813,1331.11714142561,1.29895496368408,176.950368851423,1.36634409427643,1860.44300416112,3.43545544147491,330.465169012547,0,4.526251912117,0,5.54693937301636,0.783988654613495,20.9125019311905,0,2.47137898206711,0,33.8500220179558,1.66718184947968,1.75350779294968,0,2.34917742013931,0,5.35236871242523,0,0,0,0,0,1.39252257347107,0,0,0,0
0.963565826416016,0.743567705154419,2.72121405601501,0,3.98605442047119,0,0,0,0,0,0.454453885555267,0,0,0,0,0,0,0,30.7402802109718,0.520815670490265,1.43111145496368,0,44.6120844781399,0,0,0,0,0,281.926062524319,4.52738869190216,91.5236167311668,1.62523955106735,177.44751727581,13.5918247699738,291.790330529213,118.800882816315,392.83058911562,101.184340029955,386.825767666101,16.9743947982788,82.5955301821232,16.619852989912,0,1066.23684543371,13891.7007139027,1155.50310322642,8022.53910197318,674.724240899086,2342.8397578299,264.851401329041,1236.81852784753,61.5285600423813,393.831014275551,9.41966325044632,574.107064455748,45.6988758444786,0,0.614481031894684,45.2439237833023,66.5140618681908,4.95651471614838,2.72127056121826,1.02842199802399,0,1.98490107059479,9.93491220474243,1724.26271298528,626.020190268755,1.17330074310303,0,8.78615334630013,2.23801237344742,315.3630849123,50.8289373219013,28.2058494389057,3.4609363079071,295.850157916546,76.5746310949326,0.566262722015381,0,100.676774799824,3.75387090444565,61.6882204711437,0,195.114947527647,15.1500175893307,22.4029503166676,0.481953501701355,512.118150532246,11.6834225058556,26.5385622382164,0,0,0,7.23758959770203,0.901881217956543,16.3678633570671,1.25980710983276,113.067406952381,36.9408881664276,0,0,0,0,0,0,0,0,0,0,0,0,0,0,0,0
0,0,0,2.08658507466316,0,0,0,1.31522309780121,0,0.774474203586578,0,0,0,0,0,0,0,0,0,6.51098677515984,0,0.575917422771454,0,11.9204243421555,0,0,0,0,0.569339513778687,36.8006235659122,0.48445862531662,52.567450761795,2.8310250043869,147.278871804476,194.948596805334,215.539177834988,50.7453344762325,384.086275070906,13.7193239927292,394.855560749769,0,134.127027392387,1066.23684543371,0,1481.97541207075,12712.465136975,175.435014009476,8340.35909235477,366.722356617451,2163.09062579274,66.7366709709167,1202.33293300867,6.62599927186966,1043.88540455699,50.2900362014771,601.579587757587,1.38035577535629,0,20.919225871563,15.3434273898602,0,4.33585858345032,0,1.88266867399216,0,2.69308584928513,285.506774902344,2046.46591734886,1.14039069414139,0,1.06688034534454,4.20496767759323,4.08535939455032,337.425812810659,0,35.631148993969,30.574084341526,290.343974262476,0,0.564280390739441,1.28584861755371,106.813717633486,0,34.0695571005344,0,111.372577279806,0,20.7386581599712,5.68661177158356,176.328109622002,0,15.1096858382225,0,0,0,12.8364429473877,0,39.4022483229637,0,149.909923255444,0,0,0,1.43089842796326,0,0,1.39981198310852,0,0,0,0,0,0,0,0,0
1.30773973464966,1.01624000072479,0,0,0,0,1.08666825294495,0,0,0,0,0,0,0,0,0,0.574453234672546,0,16.8366390168667,0,0,0,14.8656226396561,0,0,0,0,0,133.72453263402,0,83.5319368839264,0,382.05465066433,15.7453616261482,544.654032826424,335.280167639256,453.818597495556,124.931063830853,472.754244565964,20.2257637381554,26.2837369143963,0,13891.7007139027,1481.97541207075,0,1027.79481941462,1575.77023851871,102.293554186821,4423.00160807371,400.667512595654,1024.00620865822,30.5030526518822,143.867630958557,2.88449773192406,331.158250838518,32.3774326443672,1.51536947488785,2.68348550796509,481.410695403814,39.5096704363823,32.074064552784,6.78939175605774,1.14456358551979,1.22677910327911,8.17891907691956,12.652781188488,3032.83967199922,1221.30956608057,1.4003301858902,1.03191447257996,11.6949952840805,0,343.824879646301,11.8750059008598,47.9632708728313,0,555.21865773201,47.7741104364395,2.24699407815933,0,182.700120508671,0,14.0376408100128,0,207.898037850857,5.93995666503906,2.05114245414734,0,229.63938459754,3.29761284589767,6.55965787172318,0,0,0,31.4573342502117,0,10.9947518110275,2.1595064997673,2.66583561897278,2.77227056026459,0,0,0,0,0,0,0,0,0,0,0,0,0,0,0,0
0,6.26240336894989,0,2.52249050140381,0,0,0,2.17367964982986,0,0,0,0,0,0,0,0,0,1.46747386455536,0,7.67244589328766,0,0,0,0.582676649093628,0,0,0,0,0,29.5655627846718,0,7.27803713083267,14.487031519413,46.0333544909954,391.588913559914,376.44696316123,57.5192514061928,322.331637144089,4.99998301267624,478.571334183216,0,48.8661822676659,1155.50310322642,12712.465136975,1027.79481941462,0,83.5732105374336,1257.57086414099,311.095656365156,3395.81413075328,26.8443303108215,1544.31615108252,0,477.389586657286,14.3832710981369,396.645191222429,0,9.49913877248764,18.8175313472748,247.109719604254,0,7.55245912075043,0,2.98685532808304,0,32.1518329977989,626.919471740723,3210.68632122874,0,1.66026669740677,1.56691420078278,3.87799978256226,1.60178184509277,336.881716281176,0,63.3137775659561,24.8616749644279,394.000076830387,0,2.32180190086365,0,220.176430374384,0,10.612723171711,0,378.706353008747,0,2.09153372049332,0,232.438006281853,0,1.35573035478592,0,0,0,33.4115881323814,1.49788343906403,11.626857727766,0,26.6349849104881,0,0,0,0,0,0,0,0,0,0,0,0,0,0,0,0
4.13169759511948,0,5.86972659826279,0,7.85939407348633,0,4.09328657388687,0,0.41550612449646,0,0,0,0,0,3.30235382914543,0,0,0,29.2837418317795,0,4.34480792284012,0,29.3344153761864,0,0,0,0,0,341.597157210112,0,58.9280026555061,0.730300188064575,100.941664099693,5.66601824760437,233.219660699368,124.87533017993,987.308235615492,94.0893485248089,1298.74417695403,24.7592534422874,143.605999529362,2.77120625972748,8022.53910197318,175.435014009476,1575.77023851871,83.5732105374336,0,74.8685069680214,1209.86374202371,66.3005000948906,1696.26283036172,13.7170190811157,1326.27953591943,4.17849886417389,4274.82022511959,9.04232424497604,1.72601389884949,0,32.5580349862576,51.3727715015411,11.1880265474319,2.29172086715698,9.46922636032104,0,9.44092011451721,3.31381583213806,1516.36232790351,424.31673169136,2.61586666107178,2.0861953496933,37.4867252707481,0.566024780273438,267.223072826862,3.38992643356323,23.5467510223389,2.35443127155304,694.808542370796,44.8979020118713,0,0,77.1049899756908,3.11666285991669,87.7007909715176,0,204.474525630474,0,133.166222691536,0,1112.1338455379,1.27061474323273,171.191261857748,0,1.03011167049408,0,52.9795489907265,1.25218296051025,202.876586794853,6.03867393732071,242.737500727177,0.71641081571579,0,0,0,0,0.828568637371063,0,0,0,0,32.6746106743813,0,0,0,0,0,0
0.906114399433136,9.67099803686142,0,3.60785621404648,0,0.945009887218475,0,2.24524790048599,0,0,0,0.614750146865845,0,0,0,0,0,2.9749881029129,1.09405219554901,23.371699154377,2.24833542108536,0,0,44.0208879411221,0,0,0,0,0,99.4679955244064,4.1578665971756,212.741362303495,8.95830577611923,351.467696070671,142.253234744072,208.025618463755,54.351541519165,962.083096116781,10.2289562821388,796.65128543973,1.20589900016785,358.090474456549,674.724240899086,8340.35909235477,102.293554186821,1257.57086414099,74.8685069680214,0,76.6588738560677,682.802884310484,8.64131683111191,1268.91972982883,0,2103.66027000546,9.79511159658432,3307.30713865161,1.87468445301056,24.5089353919029,3.63478249311447,49.5979599952698,0,5.9538326561451,0,0.770414650440216,0,5.72764250636101,160.661652088165,1703.19263753295,1.72507429122925,2.31990611553192,3.53719866275787,30.4434430301189,1.71146512031555,622.868868261576,0,79.9318904578686,16.113912820816,1018.6619142592,0,0.616592764854431,0,141.067804902792,0,104.916081398726,0,263.215837717056,0,134.527536004782,0.692819237709045,492.557886123657,0,80.7751289010048,0,4.60903492569923,5.76052266359329,105.218109369278,1.98225146532059,138.246952712536,0,1045.63183474541,0,0.640883445739746,0,1.95680630207062,2.82163232564926,7.97963857650757,0,0,3.93246072530746,140.526750326157,0,0,0,0,1.46753597259521,1.76768171787262
3.27693486213684,0,1.38152277469635,0,0,0,2.31369912624359,0,0,0,0,0,0,0,0,0,3.47670406103134,0,2.09607750177383,0,1.27066218852997,0,0,0,0,0,0,0,162.43352407217,0,0,0,6.24012321233749,7.13155919313431,194.5979398489,189.382435590029,500.58554983139,77.5004239678383,255.751749843359,7.29122692346573,43.9139623641968,0,2342.8397578299,366.722356617451,4423.00160807371,311.095656365156,1209.86374202371,76.6588738560677,0,180.99733966589,8657.11217680573,26.7756832838058,729.066324144602,0,965.071833133698,10.7337324619293,0.74590140581131,0.658623218536377,1059.48462110758,8.59761476516724,91.7063090205193,0,2.36088359355927,0,10.3519587516785,6.82635951042175,996.672685295343,784.044093310833,0.624532997608185,0,9.36384409666061,0,402.16074565053,6.33502751588821,44.8277408182621,0,628.056485921144,29.3548897504807,0,0,228.153332203627,0,42.5177467763424,0,371.574465483427,0,8.90266171097755,0,389.752489417791,0,16.6247998476028,0,0,0,24.3514406085014,0,12.07082259655,0,3.45805716514587,0,0,0,0,0,0,0,0,0,0,0,0,0,0,0,0,0
0,27.3554220199585,0,10.5397583842278,0,0,0,17.9255799651146,0,0,0,0.795238673686981,0,0,0,0,0,3.88482314348221,0,9.10471272468567,0,0,0,0,0,0,0,0,0,52.6157224178314,0,0,8.11975383758545,6.2708939909935,230.509015500546,217.304510116577,38.1306605041027,375.198162585497,2.97108936309814,194.736417353153,0,60.8758785426617,264.851401329041,2163.09062579274,400.667512595654,3395.81413075328,66.3005000948906,682.802884310484,180.99733966589,0,29.4934101104736,6425.4040337801,0,1018.98670420051,3.12410515546799,464.089940488338,1.94319987297058,34.6879979968071,17.5458641648293,832.094628155231,0,75.3688785433769,0,5.06495344638824,0,513.179228514433,383.464525580406,859.216616868973,0,2.10903996229172,0,19.167927891016,0,384.478611797094,0,79.8201805353165,20.0213875174522,431.241413086653,0,8.59982427954674,0,353.218930393457,0,30.6572750210762,0,567.102608114481,0,2.85108506679535,0,357.13466668129,0,4.08903402090073,0,0,0,45.2804377675056,0,5.67983627319336,0,26.0140280425549,0,0,0,0,0,0,0,0,0,0.602643668651581,0,0,0,0,0,0
113.634216487408,0,16.1894344687462,0,0,0,156.847545385361,0,0,0,7.30742710828781,0,0,0,0,0,8.41526558995247,0,5.91059172153473,0,0,0,0,0,0,0,0,0,266.502581298351,0,0,0,2.89410805702209,6.92798912525177,59.2258102297783,65.0531534552574,510.623525947332,32.5308765769005,137.894619882107,1.6006520986557,53.4377308189869,0,1236.81852784753,66.7366709709167,1024.00620865822,26.8443303108215,1696.26283036172,8.64131683111191,8657.11217680573,29.4934101104736,0,6.78782081604004,2964.45456829667,0,1986.40719512105,10.5445431470871,43.5973720252514,0,2189.27604782581,10.8910721540451,842.188824057579,1.56353807449341,18.4551758468151,0,874.433834314346,1.48380517959595,534.13676443696,266.455835878849,6.35278648138046,0,85.86348092556,0,536.788202255964,3.34589576721191,59.6625850498676,1.2307323217392,620.035476386547,16.8067398965359,7.28743255138397,0,391.08556035161,0,106.770329415798,0,4318.2898952961,3.17317926883698,44.2941119670868,0,1544.20329371095,0,36.1230760216713,0,0,0,34.6767166256905,1.79493248462677,11.2711886167526,0,1.4464892745018,0,0,0,0,0,1.43439829349518,0,0,0,0,0,0,0,0,0,0,0
0,167.276251018047,0,37.8537480831146,0,0,0,248.178280323744,0,0,0,19.3861315846443,0,5.98586690425873,0,0,0,11.705901324749,0,6.17406004667282,0,0,0,0,0,0,0,0,0,105.816764265299,0,0,0.943441092967987,0.851335823535919,97.4909068346024,90.2721403241158,17.43376994133,461.190507233143,3.69060826301575,99.5351194441319,0,103.825392514467,61.5285600423813,1202.33293300867,30.5030526518822,1544.31615108252,13.7170190811157,1268.91972982883,26.7756832838058,6425.4040337801,6.78782081604004,0,0,6453.14082983136,0,855.466937839985,0,240.230952769518,2.82623779773712,326.780447423458,0,103.064019918442,0,9.42751488089561,0,882.990186929703,110.812276244164,278.336304455996,1.5560450553894,2.88959968090057,0,95.7501027286053,0,738.037915796041,0,82.2263060212135,15.5633019804955,490.598395764828,0,14.5781923532486,0,623.290735840797,0,96.4371054768562,0,4493.85140612721,0,26.3328401744366,0,1646.20791363716,0,15.9970164895058,0,0,0,44.0568242669106,0,3.8478601872921,0,86.2687464356422,0,0,0,0,0,1.17598187923431,0,0,0,0,0,0,0,0,0,0
5.21734583377838,0,0,0,0,0,0,0,0,0,0,0,2.22810292243958,0,0,0,0.859635949134827,0,0,0,0,0,0,0,0,0,0,0,31.7315849065781,0,0,0,0,0,17.2357734441757,17.9274413585663,64.1339021623135,1.62326467037201,41.7951126098633,2.06990653276443,4.35067513585091,0,393.831014275551,6.62599927186966,143.867630958557,0,1326.27953591943,0,729.066324144602,0,2964.45456829667,0,0,0,2564.16214093566,0,2.17669486999512,0,4.51064544916153,0,13.2230890989304,0,3.7288279235363,0,28.7480680346489,0,35.4466757178307,45.4471936225891,0,0,2.01353913545609,0,26.6390437483788,0,5.79370656609535,0,36.5782964229584,1.28353625535965,0,0,11.3985938429832,0,4.48449966311455,0,373.998843193054,0,5.57503822445869,0,361.800740987062,0,56.9092034101486,0,0,0,3.51089513301849,0,0,0,8.82263141870499,0,0,0,0,0,0,0,0,0,0,0,0,0,0,0,0,0
0,0,0,0,0,0,0,0,0,0,0,0,0,0,0,0,0,0,0,0,0,0,0,0,0,0,0,0,0,24.4770455658436,0,0,0,0,29.6292889118195,34.2249737679958,3.8463322520256,171.955673635006,0,79.4019838273525,0,84.4938923716545,9.41966325044632,1043.88540455699,2.88449773192406,477.389586657286,4.17849886417389,2103.66027000546,0,1018.98670420051,0,6453.14082983136,0,0,0,2195.50458222628,0,0,0,1.01857995986938,0,0,0,0,0,1.8125855922699,43.3026933372021,62.1222931146622,0,0,0,0,0,174.811735242605,0,25.4307300448418,3.79598385095596,105.983013689518,0,0,0,56.1012634038925,0,20.9714031517506,0,682.675424456596,0,16.6109123826027,0,939.669089376926,0,29.0421520471573,0,0,0,6.24812215566635,0.850039720535278,4.64553654193878,0,136.726373374462,0,0,0,0,0,0,0,0,0,0,0,0,0,0,0,0
8.20431184768677,0,0,0,1.89529156684875,0,3.06911253929138,0,0,0,0.844236254692078,0,0,0,0,0,0,0,0,0,5.07906472682953,0,0,0,0,0,0,0,78.5666441619396,0,0,0,3.19936949014664,0,48.8104988336563,51.0513979792595,1144.79901450872,13.1243179738522,1894.438973248,6.5284868478775,158.900327682495,2.139324426651,574.107064455748,50.2900362014771,331.158250838518,14.3832710981369,4274.82022511959,9.79511159658432,965.071833133698,3.12410515546799,1986.40719512105,0,2564.16214093566,0,0,2.67675685882568,4.15246415138245,0,22.270057529211,0,25.1246709525585,0,18.0164405703545,0,87.7586300075054,0,163.93368178606,121.803534805775,0,0,20.0572069883347,1.78438121080399,106.049269527197,0.701274394989014,22.8078281283379,5.65366008877754,226.476076990366,11.0318878889084,0,0,39.83167552948,0,60.4979049861431,0,430.110643684864,0,391.420467764139,0,3186.46058836579,0,102.690324246883,0,0,0,8.54834631085396,0,22.4997726976871,1.23481893539429,32.6783766448498,0,0,0,1.13510370254517,0,0,0,0,0,0,0,0,0,0,0,0,0
0,1.828533411026,0,0.662764310836792,0,1.42185080051422,0,5.18600881099701,0,0,0,1.66920977830887,0,0,0,0,0,0,0,0,3.04153096675873,1.48067140579224,0,0,0,0,0,0,0,41.3513451814651,0,0,0,3.20409008860588,39.4829875230789,48.6822911500931,17.0264341235161,1907.37567818165,1.39084541797638,1667.07801899314,2.19420701265335,301.408811479807,45.6988758444786,601.579587757587,32.3774326443672,396.645191222429,9.04232424497604,3307.30713865161,10.7337324619293,464.089940488338,10.5445431470871,855.466937839985,0,2195.50458222628,2.67675685882568,0,0,3.09995150566101,0,17.0763828456402,0,6.489373087883,0,11.9773846268654,0,23.9322583377361,45.6969926953316,276.64844122529,0,0,2.12731271982193,14.0161825418472,5.9610635638237,169.297852367163,1.25760525465012,50.4425148367882,6.36903062462807,243.446212738752,0,0.866273641586304,0,62.8733842968941,0,55.3635487556458,0,920.623875588179,0,334.709914118052,0,3404.87890991569,0,47.4267315864563,0,0,0,3.76812905073166,0,53.2728969156742,0,331.613830178976,0,0,0,0,0,0,0,2.83706593513489,0,0,0,0,0,0,0,0
10719.8660485446,97.0135546922684,199.746612668037,43.2331337332726,0,0,455.003490865231,24.9685645699501,2.80048048496246,0,506.834633499384,0,292.223571151495,0,13.5446420311928,0,3110.27745145559,0,307.877948611975,261.861427009106,0,0,1.87063604593277,0,0,0,0,0,1674.78191119432,0,0.767003566026688,1.51946675777435,111.581701099873,203.008828878403,2.73105454444885,18.7814934253693,193.643870681524,5.99149030447006,61.9654370546341,0,0.926838219165802,0,0,1.38035577535629,1.51536947488785,0,1.72601389884949,1.87468445301056,0.74590140581131,1.94319987297058,43.5973720252514,0,2.17669486999512,0,4.15246415138245,0,0,186.721330463886,2305.77646014094,12.775106549263,4039.83734408021,8.20993661880493,2859.20134231448,18.3369369506836,121.854716002941,0,881.184863805771,291.26765409112,1671.44131922722,123.509582936764,1149.41863763332,23.7861092090607,1591.10504549742,10.2657542228699,436.342629551888,4.83859288692474,2423.51039996743,160.54911261797,60.4673811197281,0,249.862301319838,0,4.21478337049484,0,168.860905349255,0,0,0,134.873936206102,0,0,0,0,0,51.6926278471947,0,18.2441442012787,0,3.56169617176056,0,0,0,0,0,2.3246061205864,0,1.33291161060333,0,2.55067455768585,2.45003038644791,0,0,0,0,0,0
8.43291872739792,12593.4770293832,1.98686146736145,219.456118196249,0,0,0,668.474096864462,0,2.4723487496376,0,254.228386282921,0,131.447932422161,0,2.73572015762329,1.29846334457397,3303.69658139348,28.1254503726959,349.397885143757,0,0,0,3.95398032665253,0,0,0,0,7.67412769794464,914.484165012836,3.84442406892776,0.553297281265259,258.162105739117,76.3087417781353,18.3701862096786,5.49363738298416,45.936068713665,223.070755422115,2.33710122108459,184.651262879372,0,5.12247657775879,0.614481031894684,0,2.68348550796509,9.49913877248764,0,24.5089353919029,0.658623218536377,34.6879979968071,0,240.230952769518,0,0,0,3.09995150566101,186.721330463886,0,112.644069194794,1524.75112035871,68.6644548177719,2327.78498288989,39.4551482796669,3308.61315175891,1.29466938972473,713.520354121923,431.340892851353,867.472067862749,112.835129022598,2273.22706538439,68.163134932518,658.925367236137,30.0209639668465,2595.44659259915,2.58689653873444,345.76334553957,300.758046239614,2549.8865891099,6.32333958148956,119.894097447395,1.97630751132965,429.315961033106,0,7.08934152126312,0,137.044135898352,0,0,0,66.7058674097061,0,0,0,0,0,139.635880231857,0,0,0,0,0,0,0,0,2.07329678535461,2.52253198623657,0,7.94779968261719,3.66692113876343,1.34057593345642,0,0,0,0,0,1.14442336559296
709.237016290426,5.08654737472534,63.1060140132904,0,0,0,123.128812789917,0,0,0,39.7582207322121,0,16.2123073935509,0,0,0,71.9675335288048,0,88.1076708734035,3.86995905637741,0,0,0,0,0,0,0,0,452.456983655691,0,0.757091879844666,0,69.268955886364,84.7919101715088,25.6169941425323,56.9553217291832,375.161955475807,84.5567148327827,163.765508711338,0,15.8900420665741,0,45.2439237833023,20.919225871563,481.410695403814,18.8175313472748,32.5580349862576,3.63478249311447,1059.48462110758,17.5458641648293,2189.27604782581,2.82623779773712,4.51064544916153,0,22.270057529211,0,2305.77646014094,112.644069194794,0,42.288932710886,6296.9658087194,17.8650645017624,278.564311474562,22.7042289972305,530.177102148533,4.17219460010529,2514.57312205434,444.252123355865,315.215700149536,20.820075750351,133.84592422843,11.5915662050247,651.563880771399,5.52714955806732,143.951116919518,2.50623065233231,969.949560523033,85.5715503096581,33.5414307713509,1.17882812023163,396.092015355825,4.20294046401978,10.6781173348427,0,199.817574501038,0,2.10578882694244,0,134.233038008213,0,0,0,0,0,23.4389247298241,0,10.4291926622391,0,0,0,0,0,0,0,0,0,4.28469681739807,0,0,0,0,0,0,0,0,0
0,161.348300427198,0,16.6063558757305,0,0,0,36.3934814929962,0,0,0,23.0216810405254,0,6.55161714553833,0,0,0,40.8180237710476,0,31.0016471743584,0,0,0,0,0,0,0,0,1.56340968608856,94.696921557188,0,0.505887031555176,35.4006097018719,6.70263755321503,103.784729450941,52.6398367285728,155.384227484465,308.451075822115,5.83813333511353,101.517252594233,0,13.5174557566643,66.5140618681908,15.3434273898602,39.5096704363823,247.109719604254,51.3727715015411,49.5979599952698,8.59761476516724,832.094628155231,10.8910721540451,326.780447423458,0,1.01857995986938,0,17.0763828456402,12.775106549263,1524.75112035871,42.288932710886,0,19.2559850811958,1702.21992182732,8.2619953751564,419.231809616089,0,1131.84593322873,468.757025122643,1268.94906362891,2.19937694072723,28.5119376480579,2.36977052688599,20.900349676609,7.61830484867096,475.322805434465,1.33269500732422,105.169574052095,93.6878153383732,599.469168871641,0,47.688704252243,3.72811639308929,430.599220633507,0,12.6082738935947,0,54.4265845417976,0,1.71746516227722,0,48.5905061364174,0,0,0,0,0,71.5805923938751,0,0,0,0.543851017951965,0,0,0,0,0,0,0,1.36646997928619,0,2.47297072410583,0,0,0,0,0,0
1140.05310681462,5.84549105167389,57.0101008415222,0,0,0,522.073962897062,0,0,0,243.736651986837,0,202.263100713491,0,0,0,210.613676607609,0,40.8459421396255,2.336878657341,0,0,0,0,0,0,0,0,276.803877711296,0,0.717285811901093,0,5.268987596035,39.6220312714577,17.3722231984138,63.1315410137177,232.897813916206,25.5089462399483,54.9405084848404,0,1.24872851371765,0,4.95651471614838,0,32.074064552784,0,11.1880265474319,0,91.7063090205193,0,842.188824057579,0,13.2230890989304,0,25.1246709525585,0,4039.83734408021,68.6644548177719,6296.9658087194,19.2559850811958,0,3.20166563987732,2600.30965748429,15.141615152359,2616.51576262712,0.711941182613373,644.061423540115,235.672333836555,34.4442064464092,21.1812538802624,307.8296405375,1.67211776971817,359.255929648876,0.776731908321381,74.004896402359,0,706.468936145306,64.6917542815208,16.0777425765991,0,388.64417219162,0,20.7639003992081,0,1516.20457017422,0,12.7790050506592,0,948.889438718557,0,0,0,0,0,13.1178479790688,0,9.69781935214996,0,0,0,0,0,0,0,1.03766691684723,0,0,0,0,0,0,0,0,0,0,0
0,675.408340841532,0,37.3960970044136,0,0,0,581.578522711992,0,1.08232057094574,0,374.900172591209,0,212.970270752907,0,2.21702873706818,0,324.864625930786,0,28.0004163384438,0,0,0,0,0,0,0,0,0,109.923362106085,1.43507742881775,0,24.3921363353729,5.04950046539307,10.5338056087494,7.56886470317841,64.9045511484146,247.369311243296,3.75578987598419,20.8205449581146,0,6.08428138494492,2.72127056121826,4.33585858345032,6.78939175605774,7.55245912075043,2.29172086715698,5.9538326561451,0,75.3688785433769,1.56353807449341,103.064019918442,0,0,0,6.489373087883,8.20993661880493,2327.78498288989,17.8650645017624,1702.21992182732,3.20166563987732,0,5.56706243753433,4764.84160539508,0,3388.62102234364,158.3245677948,207.106613487005,0,5.54353374242783,2.76957726478577,103.577178478241,1.77870774269104,222.007071822882,0,38.4121586084366,63.1809494495392,568.572476416826,0,13.6510713398457,0,268.716080188751,0,3.13722518086433,0,441.688353985548,0,2.06367582082748,0,206.772733569145,0,0,0,0,0,20.0354713201523,0,0,0,0,0,0,0,0,0,0.856135249137878,0,0,0,0,0,0,0,0,0,0
295.778615832329,0,25.6605579555035,0,0,0,52.147781342268,0,0,0,386.22750723362,0,162.966747552156,0,7.03061318397522,0,2004.45982894301,0,14.0560286045074,0.896598160266876,0,0,1.41926157474518,0,0,0,0,0,936.362376302481,0,0,0,6.53812465071678,24.5375517010689,7.85332745313644,23.3382561206818,108.142411798239,0.554604291915894,45.1796500682831,0,5.51019990444183,0,1.02842199802399,0,1.14456358551979,0,9.46922636032104,0,2.36088359355927,0,18.4551758468151,0,3.7288279235363,0,18.0164405703545,0,2859.20134231448,39.4551482796669,278.564311474562,8.2619953751564,2600.30965748429,5.56706243753433,0,2.83787882328033,334.925943464041,1.56289911270142,241.957716554403,109.819791376591,49.9208630025387,21.7033377885818,80.7663839459419,1.44685065746307,376.145779103041,0,79.6431959867477,2.20296549797058,510.776594936848,25.9361436367035,107.224574446678,0,2770.26524323225,0,25.5117645561695,0,1793.59965923429,0,16.0727717876434,0,607.350196808577,0,0,0,0,0,8.08507227897644,0,6.18021976947784,0,1.58846712112427,0,0,0,0,0,1.92481088638306,0,1.3712991476059,0,0,0,0,0,0,0,0,0
0,297.353157520294,0,48.6259697377682,0,0,0,195.026181697845,0,3.7555787563324,0,396.465856671333,0,306.07086378336,0,16.8410937190056,0,2545.80140185356,0,25.9883561730385,0,0,0,2.62402033805847,0,0,0,0,0,648.997118890285,1.12853586673737,2.92249310016632,11.8574644327164,8.59278294444084,20.3578336834908,3.60912066698074,23.6027706861496,111.223603397608,2.15450835227966,53.231131196022,0,6.9693803191185,0,1.88266867399216,1.22677910327911,2.98685532808304,0,0.770414650440216,0,5.06495344638824,0,9.42751488089561,0,0,0,11.9773846268654,18.3369369506836,3308.61315175891,22.7042289972305,419.231809616089,15.141615152359,4764.84160539508,2.83787882328033,0,0,822.36528095603,172.935746252537,281.847417354584,0,16.2390455007553,3.85295641422272,81.5326515436172,2.89691972732544,661.53237849474,0,66.4565023183823,67.0976478457451,658.28874668479,0,166.530259311199,0.828421115875244,2848.46622416377,0,20.8166591227055,0,866.289858788252,0,10.269238114357,0,455.887383371592,0,0,0,0,0,27.5857446193695,0,0,0,0,0,0,0,0,0,1.74372792243958,0,0,0,0,0,0,0,0,0,0
244.23826867342,0,8.02967089414597,0,0,0,284.720672994852,0,0,0,31.1853553652763,0,15.4522315859795,0,0,0,15.5851359367371,0,4.72291839122772,0,0,0,0,0,0,0,0,0,92.1620384454727,0,0,1.09672355651855,0,0,2.73982274532318,3.77724421024323,66.7493520081043,3.38049685955048,15.7040041089058,0,8.45736792683601,0,1.98490107059479,0,8.17891907691956,0,9.44092011451721,0,10.3519587516785,0,874.433834314346,0,28.7480680346489,0,87.7586300075054,0,121.854716002941,1.29466938972473,530.177102148533,0,2616.51576262712,0,334.925943464041,0,0,0,76.3596687912941,8.07499480247498,1.25691187381744,0,137.89914432168,0,119.774143695831,0,18.2175684571266,0,143.902375280857,3.20799154043198,2.14432603120804,0,205.942687809467,0,21.9045858979225,0,5567.98023155332,0,13.3154266178608,0,1548.42371457815,0,0,0,0,0,1.06036710739136,0,0,0,0,0,0,0,0,0,0,0,0,0,0,0,0,0,0,0,0,0
0,575.940419077873,0,67.6446567177773,0,0,0,789.53663662076,0,0,0,214.728393614292,0,103.138584434986,0,0,0,40.227605253458,0,17.5230674743652,0,0,0,0,0,0,0,0,0,43.4472117125988,1.89042717218399,0.828110873699188,2.40581703186035,3.27873635292053,19.8265862464905,7.52382004261017,9.23421943187714,119.65950807929,0,10.6909014582634,0,20.9411103129387,9.93491220474243,2.69308584928513,12.652781188488,32.1518329977989,3.31381583213806,5.72764250636101,6.82635951042175,513.179228514433,1.48380517959595,882.990186929703,0,1.8125855922699,0,23.9322583377361,0,713.520354121923,4.17219460010529,1131.84593322873,0.711941182613373,3388.62102234364,1.56289911270142,822.36528095603,0,0,45.420034468174,155.29646974802,0,1.90650826692581,1.09146881103516,160.65383630991,0,290.72785359621,0,41.7538938522339,16.5264175534248,220.111385583878,0,6.08730101585388,0,1659.11019146442,0,21.0524291992188,0,2397.03186279535,0,5.80639535188675,0,661.997313916683,0,0,0,0,0,13.4440191984177,0,0,0,0,0,0,0,0,0,0,0,0,0,0,0,0,0,0,0,0
622.843257188797,43.4803290367126,191.043597131968,1.68917798995972,4.26075005531311,0,20.3509692549706,1.39107894897461,0,0,37.410378664732,0,5.15329083800316,0,0,0,58.6462842524052,0,1380.42645078897,119.824423491955,0,0,240.592507362366,0,0.721479296684265,0,0,0,471.080339670181,4.66160368919373,651.902977377176,13.2382214069366,4007.00071060658,726.244595497847,2376.93985247612,686.660929560661,936.139666765928,623.569837659597,644.084118723869,63.4945384263992,44.8162649273872,13.6886649131775,1724.26271298528,285.506774902344,3032.83967199922,626.919471740723,1516.36232790351,160.661652088165,996.672685295343,383.464525580406,534.13676443696,110.812276244164,35.4466757178307,43.3026933372021,163.93368178606,45.6969926953316,881.184863805771,431.340892851353,2514.57312205434,468.757025122643,644.061423540115,158.3245677948,241.957716554403,172.935746252537,76.3596687912941,45.420034468174,0,3827.80582568049,2151.97378534079,136.970425903797,302.832242101431,37.2083451747894,831.767202883959,111.048112034798,199.793531477451,11.8686805963516,1522.79287824035,531.530248522758,58.7097650170326,11.865932226181,555.513537675142,14.4474447071552,19.7981633841991,0,247.107071727514,10.6501639485359,10.7464503645897,0,214.609507024288,12.9017582535744,0,0,0,0,68.9235805273056,0,49.0718179941177,2.55922567844391,1.68624520301819,2.87576961517334,0,0,0,0,0.632226228713989,0,1.29841578006744,0,1.07466733455658,3.2636901140213,0,0,0,0,0,0
15.6794763505459,317.300039201975,5.30173194408417,179.384407430887,0,0,2.11035358905792,21.4683797955513,0,0,0,32.0304673016071,0,5.08806145191193,0,0,0.818327903747559,67.0038648247719,90.045190423727,854.730285912752,0,6.84569868445396,0.73502391576767,179.882295191288,0,0.444157749414444,0,0,70.0713394880295,137.185704499483,34.0508985519409,818.841620385647,833.903087556362,4129.43202269077,509.924022614956,1892.58199042082,626.879611045122,827.467848539352,52.0794739723206,852.760521411896,4.7418338060379,66.9404263198376,626.020190268755,2046.46591734886,1221.30956608057,3210.68632122874,424.31673169136,1703.19263753295,784.044093310833,859.216616868973,266.455835878849,278.336304455996,45.4471936225891,62.1222931146622,121.803534805775,276.64844122529,291.26765409112,867.472067862749,444.252123355865,1268.94906362891,235.672333836555,207.106613487005,109.819791376591,281.847417354584,8.07499480247498,155.29646974802,3827.80582568049,0,288.942933917046,640.177537292242,91.4923112690449,196.063547283411,128.69528645277,642.651660174131,29.0794367194176,149.749184846878,861.872558116913,1367.80738818645,6.49981343746185,52.0041972398758,31.1928820014,493.821034580469,0,28.0667109787464,5.95490372180939,125.780871838331,0,20.7209323644638,35.8838160634041,135.584919661283,6.57068717479706,1.13629579544067,0,0,0.742960631847382,101.649778932333,2.05540144443512,86.9187896251678,1.54180026054382,6.80306541919708,0,0,0,0,0,0.620407700538635,0,0,0.661741495132446,0.817615687847137,0,0,0,0,0,0
1386.55173757672,348.406861722469,65.2062759399414,74.4210460782051,0,0,4.7995148897171,11.6495781540871,0,0,37.806075066328,0,12.8271511793137,0,0,0,101.585588306189,0,1156.91815900803,720.764112353325,0,0,4.1269628405571,0,0,0,0,0,353.677707016468,1.26245975494385,6.19250082969666,3.60517859458923,792.519144237041,800.183106422424,1.36498713493347,9.4426543712616,105.153356432915,0,53.7007332444191,0,0,0,1.17330074310303,1.14039069414139,1.4003301858902,0,2.61586666107178,1.72507429122925,0.624532997608185,0,6.35278648138046,1.5560450553894,0,0,0,0,1671.44131922722,112.835129022598,315.215700149536,2.19937694072723,34.4442064464092,0,49.9208630025387,0,1.25691187381744,0,2151.97378534079,288.942933917046,0,580.151556313038,775.370356827974,66.6456314623356,773.091936051846,14.9903962612152,338.666819274426,4.08435106277466,2128.7326990366,202.283118128777,4.72175735235214,0,10.9679924845695,0,0,0,1.73486065864563,0,0,0,0.55394721031189,0,0,0,0,0,45.0725648403168,0,9.90141808986664,0,0,0,0,0,0,0,0.704886794090271,0,0,0,3.00880318880081,2.41684794425964,0,0,0,0,0,0
56.3164907097816,944.197139561176,2.45627880096436,60.0283681154251,0,0,1.1491334438324,9.51571267843246,0,0,0,8.53474718332291,0,0.727264046669006,0,0,0.842830121517181,22.1783307492733,177.384289264679,2365.04983085394,0,0,0.718550503253937,20.4024688899517,0,0,0,0,12.7615965008736,18.9709105193615,4.15744632482529,23.4521712064743,339.870366483927,571.793187648058,1.56083750724792,0,1.92892754077911,27.505729675293,2.38359951972961,27.132876932621,0,0,0,0,1.03191447257996,1.66026669740677,2.0861953496933,2.31990611553192,0,2.10903996229172,0,2.88959968090057,0,0,0,0,123.509582936764,2273.22706538439,20.820075750351,28.5119376480579,21.1812538802624,5.54353374242783,21.7033377885818,16.2390455007553,0,1.90650826692581,136.970425903797,640.177537292242,580.151556313038,0,89.5509816110134,259.649710893631,41.9595968723297,205.658733189106,12.6450560688972,37.8003036975861,237.462270259857,715.876726835966,0,0,3.77771067619324,4.28390920162201,0,0,0,0.798290908336639,0,0,0,0,0,0,0,0,0,21.4988405108452,0,0,0,0,0,0,0,0,0,0,0,1.24110066890717,2.28821992874146,0,0,0,0,0,0,0
2380.81731045246,150.02397274971,2850.42702043056,620.636467337608,1227.51546086371,129.8626755476,4460.14892807603,576.286660373211,1364.14511451125,71.7636469602585,486.019670933485,61.218391597271,1446.29731425643,131.203111976385,1633.39186957479,28.1398476660252,162.924641102552,12.3966672420502,1863.08945262432,797.570092201233,573.612147063017,198.195003241301,2053.9919269383,1204.65121281147,448.142227232456,163.374329388142,557.750386655331,216.761469691992,1100.71984660625,15.8050574064255,1037.57694035769,545.194199860096,364.3137396276,428.093090087175,55.2299795746803,19.5523059368134,344.555822879076,18.5333524942398,46.2901666164398,5.0409294962883,211.383098363876,20.4957215189934,8.78615334630013,1.06688034534454,11.6949952840805,1.56691420078278,37.4867252707481,3.53719866275787,9.36384409666061,0,85.86348092556,0,2.01353913545609,0,20.0572069883347,2.12731271982193,1149.41863763332,68.163134932518,133.84592422843,2.36977052688599,307.8296405375,2.76957726478577,80.7663839459419,3.85295641422272,137.89914432168,1.09146881103516,302.832242101431,91.4923112690449,775.370356827974,89.5509816110134,0,721.842509150505,5820.09715783596,236.515792667866,2092.90548411012,83.2739053070545,6954.32469955087,376.243974387646,2.15460938215256,0,29.1355243325233,2.18936324119568,4.5351836681366,0,165.121356546879,0,17.9951648712158,9.28203803300858,225.403882205486,2.72285211086273,65.5365558564663,18.874748468399,14.4353506565094,2.50082159042358,167.66505408287,17.3973681330681,32.2549867630005,4.43231219053268,21.4795225858688,5.68413734436035,13.4810917973518,3.92578494548798,15.575227200985,28.3561015725136,89.2541371285915,22.9863936901093,13.6005708575249,8.91021549701691,68.8375504612923,14.2607355713844,2.87416887283325,0,0,1.77909117937088,1.54132276773453,17.3130129575729
81.5319873094559,3008.59013557434,559.911749303341,2692.32468670607,249.325138986111,1151.90140482783,468.969540804625,4383.99536496401,119.420619368553,1058.02778796852,32.8458726108074,914.13180398941,116.186059981585,1495.00704577565,96.7565908432007,563.301322102547,6.16886484622955,156.472823470831,399.693540304899,1194.55058380961,67.1829625368118,346.245705157518,842.775459527969,2418.65716174245,202.089847683907,594.218337327242,166.077062427998,785.664148241282,98.6087298691273,224.142716944218,436.366239517927,493.205542087555,125.117475956678,288.711973309517,6.11231574416161,10.014724612236,33.0695408582687,185.880429267883,8.75961226224899,36.450622677803,30.206151008606,149.796467959881,2.23801237344742,4.20496767759323,0,3.87799978256226,0.566024780273438,30.4434430301189,0,19.167927891016,0,95.7501027286053,0,0,1.78438121080399,14.0161825418472,23.7861092090607,658.925367236137,11.5915662050247,20.900349676609,1.67211776971817,103.577178478241,1.44685065746307,81.5326515436172,0,160.65383630991,37.2083451747894,196.063547283411,66.6456314623356,259.649710893631,721.842509150505,0,170.91550335288,5251.13303077221,25.9104048609734,2925.21970123053,319.8668435812,7158.47205084562,0,1.44268369674683,1.31885981559753,48.3301081955433,2.27281951904297,3.25351047515869,2.50040328502655,212.783376693726,7.07976573705673,19.8158634901047,8.91565471887589,148.979937285185,18.3094621896744,12.0581931471825,2.36484897136688,17.0424651503563,24.5929349958897,107.562293022871,7.35506436228752,4.48060178756714,1.4982305765152,14.3464241027832,11.7654591202736,14.227065205574,7.62841880321503,31.3048743903637,27.6076667904854,60.7383275330067,11.4049352407455,10.7360835671425,56.6242514848709,20.7969422638416,1.33989989757538,2.49746692180634,3.53342258930206,0,7.17999449372292,10.1224595308304
2092.31898447871,68.6281549334526,2131.15084335208,202.847899317741,801.314000070095,2.86794340610504,1220.09368830919,131.287652909756,1132.10664725304,2.81893485784531,203.344840884209,14.3006312847137,496.609127640724,18.4428650140762,1911.10633435845,0,381.984691351652,1.765600502491,1045.17976599932,468.964418649673,413.971384078264,12.1842857003212,661.258776903152,318.351473003626,140.221618294716,11.7902090847492,189.362255364656,17.7732156515121,2303.22565981746,2.74886620044708,148.991254866123,178.40105715394,80.5906694531441,229.543439537287,41.0452786684036,26.3511644005775,392.298929005861,26.5976594686508,92.2769700288773,1.94788110256195,1335.79173630476,15.8002825975418,315.3630849123,4.08535939455032,343.824879646301,1.60178184509277,267.223072826862,1.71146512031555,402.16074565053,0,536.788202255964,0,26.6390437483788,0,106.049269527197,5.9610635638237,1591.10504549742,30.0209639668465,651.563880771399,7.61830484867096,359.255929648876,1.77870774269104,376.145779103041,2.89691972732544,119.774143695831,0,831.767202883959,128.69528645277,773.091936051846,41.9595968723297,5820.09715783596,170.91550335288,0,68.4342665970325,2296.71251446009,66.0746695995331,3314.79201117158,108.653023064137,48.5890779793262,0,363.778764635324,0,114.684046059847,0,213.3206602633,0,96.4660419523716,1.13776874542236,269.181677162647,2.41153174638748,36.2143383920193,15.0709392428398,23.84832072258,3.3993935585022,120.708299577236,19.3583522737026,32.2510115504265,5.45591390132904,15.1161751151085,10.4991308450699,8.32283711433411,5.79601615667343,19.5425100624561,36.844105899334,67.8386770784855,27.9791938364506,18.3303455710411,4.83479899168015,53.6137717366219,11.4164490103722,3.07469862699509,1.59164655208588,2.11241483688354,0.514204204082489,0,12.8455175161362
39.8054528832436,3393.85866805911,196.502926498652,2732.57866311073,31.745897769928,1148.53674691916,149.667632430792,2423.31653648615,16.2190068364143,1372.02649456263,12.2068142294884,591.8114323318,28.2383412718773,1778.12877967954,12.5661851763725,1950.6383048892,0,933.080418974161,330.569447696209,1202.18847566843,14.1238397359848,191.633700340986,315.14936158061,1235.27922612429,38.2427154779434,269.885092765093,15.2581548690796,399.522165000439,37.1765765249729,4374.51467323303,169.344584405422,162.429591625929,61.720237493515,116.605029910803,20.0406680703163,45.5810867547989,35.0358300805092,428.442482292652,7.13901841640472,87.4444143772125,9.05819761753082,3162.73130172491,50.8289373219013,337.425812810659,11.8750059008598,336.881716281176,3.38992643356323,622.868868261576,6.33502751588821,384.478611797094,3.34589576721191,738.037915796041,0,174.811735242605,0.701274394989014,169.297852367163,10.2657542228699,2595.44659259915,5.52714955806732,475.322805434465,0.776731908321381,222.007071822882,0,661.53237849474,0,290.72785359621,111.048112034798,642.651660174131,14.9903962612152,205.658733189106,236.515792667866,5251.13303077221,68.4342665970325,0,16.4393131136894,1549.73180314898,88.707939684391,2742.75395849347,0,207.772835314274,0,1188.82052791119,0,392.016988933086,0,821.578162401915,1.86799377202988,85.6742063164711,0.959347248077393,544.760156095028,6.92156910896301,19.1583130061626,4.16258072853088,7.49446356296539,7.53455796837807,125.746929705143,4.28063797950745,9.80129283666611,6.19988226890564,67.8153571486473,3.79226905107498,15.575795173645,5.74545335769653,38.9239744544029,10.9498437643051,41.3409672677517,3.67069357633591,14.0737610459328,42.2454217374325,9.24456793069839,4.31938600540161,0,1.66760504245758,0,1.83376079797745,11.4001340568066
558.135550111532,24.1327302455902,345.194857925177,20.7267429232597,29.2529205083847,0,228.100542336702,14.5050512552261,64.684985101223,0,54.5054534077644,2.72562658786774,57.1231020092964,5.71574449539185,165.290711820126,0,57.879626750946,0,235.900646567345,103.689829528332,11.1881576180458,1.29861354827881,102.952745258808,36.3418565392494,1.74073320627213,0,4.10488617420197,0,196.413155734539,0,24.7315346300602,31.5904120206833,15.255565404892,76.3476005792618,4.65742194652557,10.3515886664391,717.784053504467,9.01363092660904,99.209530621767,7.6934609413147,183.448117733002,4.06780338287354,28.2058494389057,0,47.9632708728313,0,23.5467510223389,0,44.8277408182621,0,59.6625850498676,0,5.79370656609535,0,22.8078281283379,1.25760525465012,436.342629551888,2.58689653873444,143.951116919518,1.33269500732422,74.004896402359,0,79.6431959867477,0,18.2175684571266,0,199.793531477451,29.0794367194176,338.666819274426,12.6450560688972,2092.90548411012,25.9104048609734,2296.71251446009,16.4393131136894,0,44.7494636774063,1709.7510368526,55.0214050412178,1.91933172941208,0,30.2078775167465,0,10.6084024310112,0,21.4662354588509,1.25027716159821,20.0431203246117,1.11290049552917,54.0609175860882,1.96999943256378,57.1852767467499,128.230368822813,48.5882351100445,41.7391127347946,202.239550888538,47.4200671613216,51.7920024394989,16.4245171546936,25.9546312391758,30.7078173160553,24.2714776098728,74.4914672374725,64.6387523114681,148.583468943834,128.32761874795,62.9722009301186,31.3019323348999,14.893136382103,88.9481863677502,35.7450594902039,9.44552910327911,3.58549350500107,9.56665402650833,3.77555131912231,3.26768785715103,19.9257794320583
4.45025050640106,566.654765844345,15.5976386070251,397.444508194923,0.694192230701447,31.965769380331,17.8473797440529,419.666499644518,1.05527377128601,46.8583679497242,0,55.6606674790382,5.09323883056641,107.704816401005,2.23429864645004,69.4554042220116,0,34.6134074926376,34.1004710197449,212.543546766043,44.8082505464554,2.68156158924103,25.8091548681259,218.859663009644,1.6833860874176,7.12041479349136,0,8.02234563231468,6.0064212679863,34.98100066185,12.9780257940292,32.0577264428139,16.8506544232368,27.237128674984,4.90299397706985,11.9069167375565,59.8387678861618,455.497907161713,23.0960441827774,64.5261561274529,60.9765149950981,344.530025362968,3.4609363079071,35.631148993969,0,63.3137775659561,2.35443127155304,79.9318904578686,0,79.8201805353165,1.2307323217392,82.2263060212135,0,25.4307300448418,5.65366008877754,50.4425148367882,4.83859288692474,345.76334553957,2.50623065233231,105.169574052095,0,38.4121586084366,2.20296549797058,66.4565023183823,0,41.7538938522339,11.8686805963516,149.749184846878,4.08435106277466,37.8003036975861,83.2739053070545,2925.21970123053,66.0746695995331,1549.73180314898,44.7494636774063,0,35.9256879687309,945.786479383707,0,0,1.11639130115509,40.7182515561581,0.830458402633667,11.0714378356934,1.84379547834396,61.760716676712,5.10309690237045,54.2796316742897,13.8848775625229,96.5477067828178,71.192411005497,51.6807488799095,40.5115436911583,43.8536303639412,31.3737714290619,174.556270480156,32.1892358660698,16.3326829075813,19.6198848485947,30.5122002661228,33.7243102192879,36.0298642516136,62.6284781694412,67.2358646392822,38.2055906653404,100.233539223671,27.5098084807396,6.73031902313232,40.3585840761662,15.0647827684879,7.73059809207916,2.02736866474152,1.20165348052979,1.49989491701126,7.83995443582535,21.3957546055317
3746.02915015817,422.423606663942,2202.59163236618,279.964352071285,61.9287334084511,0,1607.36388525367,148.943567574024,147.522619098425,0,234.166003763676,14.9925670027733,338.479545354843,1.4285968542099,509.398824095726,0,275.021676063538,6.04521310329437,2136.1120967865,1128.86918064952,48.1524530053139,0,456.748815953732,152.361525952816,4.01115211844444,0,1.28299260139465,0,935.807156503201,8.11524927616119,136.99234110117,198.618379533291,159.504141181707,590.747272014618,137.504958063364,141.421512305737,3752.97040703893,142.412072300911,261.505317240953,6.7130423784256,290.209121227264,0,295.850157916546,30.574084341526,555.21865773201,24.8616749644279,694.808542370796,16.113912820816,628.056485921144,20.0213875174522,620.035476386547,15.5633019804955,36.5782964229584,3.79598385095596,226.476076990366,6.36903062462807,2423.51039996743,300.758046239614,969.949560523033,93.6878153383732,706.468936145306,63.1809494495392,510.776594936848,67.0976478457451,143.902375280857,16.5264175534248,1522.79287824035,861.872558116913,2128.7326990366,237.462270259857,6954.32469955087,319.8668435812,3314.79201117158,88.707939684391,1709.7510368526,35.9256879687309,0,563.330880045891,2.76394963264465,1.16096580028534,162.118935763836,20.0957278013229,82.1161286532879,0,212.824653148651,3.04079157114029,137.829723864794,0,418.625469982624,5.22164511680603,200.151797831059,114.260637700558,202.275952905416,87.7410832941532,1305.03265121579,115.359597444534,575.179981470108,21.0680908560753,44.6351698637009,25.9477983415127,64.1347098052502,61.3692954182625,151.340239077806,94.7937185168266,790.201579600573,193.835315912962,78.7530517280102,32.3029956817627,740.866920918226,622.830425202847,16.1890472173691,2.77945590019226,20.0446011424065,26.0979802012444,33.4145703315735,161.753896415234
309.542995214462,6052.12867045403,140.788038551807,3139.49428206682,0.927517294883728,128.158315002918,114.988619536161,2570.9281116426,0,248.048189342022,3.72928529977798,310.318407088518,10.5649458169937,472.407886922359,0,199.770071387291,9.74383592605591,237.323398381472,571.019282639027,2569.09605559707,15.3116354942322,2.53558826446533,131.587806552649,1056.7089702785,0,18.1845344305038,0,12.6033494770527,58.43830960989,149.50421667099,135.450267374516,111.006056696177,148.081458866596,250.33887770772,85.8148254752159,162.759524852037,123.787513911724,3610.73551675677,43.9962424039841,270.264132350683,1.96986812353134,222.533474653959,76.5746310949326,290.343974262476,47.7741104364395,394.000076830387,44.8979020118713,1018.6619142592,29.3548897504807,431.241413086653,16.8067398965359,490.598395764828,1.28353625535965,105.983013689518,11.0318878889084,243.446212738752,160.54911261797,2549.8865891099,85.5715503096581,599.469168871641,64.6917542815208,568.572476416826,25.9361436367035,658.28874668479,3.20799154043198,220.111385583878,531.530248522758,1367.80738818645,202.283118128777,715.876726835966,376.243974387646,7158.47205084562,108.653023064137,2742.75395849347,55.0214050412178,945.786479383707,563.330880045891,0,1.64777314662933,4.0596461892128,7.1860631108284,143.048592597246,0,49.8588863313198,7.26139736175537,268.766126126051,0,118.945805549622,1.49329304695129,298.082809090614,64.4836800992489,162.74677491188,71.7328055202961,370.02874147892,188.843970716,1057.31734290719,57.9396331906319,69.0767052769661,31.736769258976,84.0936047136784,41.3442668020725,104.21550321579,67.501255095005,218.706843167543,266.823667615652,645.081665068865,26.5107475221157,85.824254989624,987.157882302999,1296.56544744968,39.702196508646,15.8230493068695,16.5201162695885,34.5601868629456,71.2437450289726,206.012567937374
5.71034073829651,0,0,0,0,0,4.96574461460114,0,0,0,17.5805008411407,0,19.401867210865,0,0,0,311.562455683947,0,1.1964293718338,0,0,0,0,0,0,0,0,0,479.796404510736,1.53903317451477,0,0,0.476724177598953,0,2.18750381469727,1.34703755378723,3.12164896726608,0,0,0,0,0,0.566262722015381,0,2.24699407815933,0,0,0,0,0,7.28743255138397,0,0,0,0,0,60.4673811197281,6.32333958148956,33.5414307713509,0,16.0777425765991,0,107.224574446678,0,2.14432603120804,0,58.7097650170326,6.49981343746185,4.72175735235214,0,2.15460938215256,0,48.5890779793262,0,1.91933172941208,0,2.76394963264465,1.64777314662933,0,0,1435.69607281685,0,17.8598961234093,0,49.928724616766,0,1.82470643520355,0,4.03007400035858,0,0,0,0,0,0,0,0,0,0,0,0,0,0,0,0,0,0,0,0,0,0,0,0,0,0,0
0,13.7463262081146,0,2.13915324211121,0,0.882857978343964,0,2.70461452007294,0,0,0,10.79364579916,0,14.3697933554649,0,2.81178015470505,0,464.145647764206,0,1.5136661529541,0,0,0,0,0,0,0,0,0,565.644961088896,0,0,0,0.764848172664642,1.72394967079163,2.30214393138885,0,2.40441936254501,0,0,0,0,0,0.564280390739441,0,2.32180190086365,0,0.616592764854431,0,8.59982427954674,0,14.5781923532486,0,0,0,0.866273641586304,0,119.894097447395,1.17882812023163,47.688704252243,0,13.6510713398457,0,166.530259311199,0,6.08730101585388,11.865932226181,52.0041972398758,0,0,0,1.44268369674683,0,207.772835314274,0,0,1.16096580028534,4.0596461892128,0,0,0,1896.79498881102,0,72.0579535961151,0,23.7231619358063,0,1.66710340976715,0,4.6343160867691,0,0,0,0,0,0,0,0,0,0,0,0,0,0,0,0,0,0,0,0,0,0,0,0,0,0
151.540449559689,0.840316593647003,22.2720165848732,0,0.605407297611237,0,43.5890790224075,0,3.0148292183876,0,386.978268116713,0,345.617053955793,0,2.90982443094254,0,1324.64668223262,0,6.9551255106926,0,0,0,0.70559561252594,0,0,0,0,0,1583.96568003297,0,1.44416707754135,0,5.59402245283127,6.85707706212997,12.2075909972191,40.049075782299,99.269748032093,7.39377647638321,28.7804137766361,0,9.26708191633224,0,100.676774799824,1.28584861755371,182.700120508671,0,77.1049899756908,0,228.153332203627,0,391.08556035161,0,11.3985938429832,0,39.83167552948,0,249.862301319838,1.97630751132965,396.092015355825,3.72811639308929,388.64417219162,0,2770.26524323225,0.828421115875244,205.942687809467,0,555.513537675142,31.1928820014,10.9679924845695,3.77771067619324,29.1355243325233,1.31885981559753,363.778764635324,0,30.2078775167465,1.11639130115509,162.118935763836,7.1860631108284,1435.69607281685,0,0,0,1203.48060825467,0,5442.16067451239,0,122.302060216665,0,438.911653161049,0,1.03836786746979,0,0,0,1.00797235965729,0,2.16055607795715,0,1.30678856372833,0,0,0,0.908753573894501,0,0,0,0,0,0,0,0,0,0,0,0,0
0,78.4146382808685,0,31.1536471247673,0,0,0,88.0891463160515,0,1.64119678735733,0,235.347465693951,0,163.720589071512,0,12.3515086174011,0,1568.21021312475,0,14.8167961239815,0,0,0,0,0,0,0,0,0,1013.77488172054,0,1.85398435592651,7.84045922756195,5.13362175226212,9.77493208646774,26.1889767944813,2.49617218971252,153.97942429781,0,19.2486256361008,0,79.368613421917,3.75387090444565,106.813717633486,0,220.176430374384,3.11666285991669,141.067804902792,0,353.218930393457,0,623.290735840797,0,56.1012634038925,0,62.8733842968941,0,429.315961033106,4.20294046401978,430.599220633507,0,268.716080188751,0,2848.46622416377,0,1659.11019146442,14.4474447071552,493.821034580469,0,4.28390920162201,2.18936324119568,48.3301081955433,0,1188.82052791119,0,40.7182515561581,20.0957278013229,143.048592597246,0,1896.79498881102,0,0,0,2504.26810345054,0,7131.58840194345,0,296.381881415844,0,706.738896220922,0,0,0,0,0,7.87243854999542,0,0,0,16.5473148822784,0,1.81166422367096,0,0,0,0,0,1.88419568538666,0,1.87925469875336,0,0,0,0,0,1.59987246990204
1.59964889287949,0,0.768239974975586,0,11.0093013644218,0,1.86473697423935,0,1.85327184200287,0,0,0,0,0,0,0,21.9550586938858,0,1.52443289756775,0,0,0,0,0,0,0,0,0,447.750496089458,0,0,0,0,0,0.774952173233032,0.977811753749847,265.93502664566,0,68.8858853578568,0,784.721691787243,0.897395193576813,61.6882204711437,0,14.0376408100128,0,87.7007909715176,0,42.5177467763424,0,106.770329415798,0,4.48449966311455,0,60.4979049861431,0,4.21478337049484,0,10.6781173348427,0,20.7639003992081,0,25.5117645561695,0,21.9045858979225,0,19.7981633841991,0,0,0,4.5351836681366,2.27281951904297,114.684046059847,0,10.6084024310112,0.830458402633667,82.1161286532879,0,17.8598961234093,0,1203.48060825467,0,0,0,647.41104477644,0,997.268695145845,0,248.470564812422,0,0.73799854516983,0,0,0,6.62225031852722,0,0.827188909053802,0,1.20593875646591,0,0,0,1.43712723255157,0,0.747867286205292,0,0,0,0,0,0,0,0,0,0,0
0,0,0,0,0,5.00437641143799,0,0,0,2.86452090740204,0,1.05450034141541,0,1.45647978782654,0,2.82892125844955,0,23.2954825460911,0,0,1.16810929775238,4.59716123342514,0,0,0,0,0,1.54584556818008,0,658.570670723915,0,0,0,0,3.15146672725677,4.63479435443878,0,374.849370747805,0,171.445473611355,0,1331.11714142561,0,34.0695571005344,0,10.612723171711,0,104.916081398726,0,30.6572750210762,0,96.4371054768562,0,20.9714031517506,0,55.3635487556458,0,7.08934152126312,0,12.6082738935947,0,3.13722518086433,0,20.8166591227055,0,21.0524291992188,0,28.0667109787464,0,0,0,3.25351047515869,0,392.016988933086,0,11.0714378356934,0,49.8588863313198,0,72.0579535961151,0,2504.26810345054,0,0,0,651.445214480162,0,1039.62119415402,0,97.2006883323193,0,1.3363431096077,0,0,0,4.52956986427307,0,0,0,8.20603147149086,0,0,0,0,0,0,0,0,0,0,0,0,0,0,0,0
465.679309427738,0,19.1424522995949,0,1.16640245914459,0,187.149213910103,0,0,0,287.452173471451,0,178.309459507465,0,3.69142580032349,0,192.375163286924,0,8.47307282686234,0,0.890441238880157,0,0,0,0,0,0,0,544.420546740294,0,1.30333852767944,0,0.839002847671509,7.20507454872131,10.8151472806931,31.550245821476,187.662683576345,4.0163739323616,25.8799942731857,0,43.2127195596695,1.29895496368408,195.114947527647,0,207.898037850857,0,204.474525630474,0,371.574465483427,0,4318.2898952961,0,373.998843193054,0,430.110643684864,0,168.860905349255,0,199.817574501038,0,1516.20457017422,0,1793.59965923429,0,5567.98023155332,0,247.107071727514,5.95490372180939,1.73486065864563,0,165.121356546879,2.50040328502655,213.3206602633,0,21.4662354588509,1.84379547834396,212.824653148651,7.26139736175537,49.928724616766,0,5442.16067451239,0,647.41104477644,0,0,0,668.933428585529,0,7391.71838831902,0,4.07440575957298,0,0,0,4.11177396774292,0,0.959625720977783,0,7.42508736252785,0,0,0,0,0,0,0,0,0,0,0,0,0,0,0,0,0
0,167.492411911488,0,19.6331582069397,0,0,0,720.128251552582,0,0,0,256.461415797472,0,56.1697957515717,0,1.27607071399689,0,156.580353707075,0,8.49626082181931,0,0,0,0,0,0,0,0.992792129516602,0,218.098612368107,1.23528921604156,1.71713209152222,0,2.22008603811264,11.5891910195351,17.408257484436,0.589138746261597,383.800762355328,0,89.3214754164219,0,176.950368851423,15.1500175893307,111.372577279806,5.93995666503906,378.706353008747,0,263.215837717056,0,567.102608114481,3.17317926883698,4493.85140612721,0,682.675424456596,0,920.623875588179,0,137.044135898352,0,54.4265845417976,0,441.688353985548,0,866.289858788252,0,2397.03186279535,10.6501639485359,125.780871838331,0,0.798290908336639,0,212.783376693726,0,821.578162401915,1.25027716159821,61.760716676712,3.04079157114029,268.766126126051,0,23.7231619358063,0,7131.58840194345,0,651.445214480162,0,0,0,1403.45373910666,0,7945.94148761034,0,1.80514770746231,0,0,0,18.2116431593895,0,2.90719693899155,0,29.5698108971119,0,0,0,0,0,0,0,0,0,0,0,0,0,0,0,0
0,0,0,0,12.2067489027977,0,0,0,1.59999805688858,0,0,0,0,0,0,0,2.35618579387665,0,0,0,9.64362329244614,0,0,0,2.07466268539429,0,0,0,319.605196774006,0,0,0,0.545812487602234,0,1.63437032699585,2.05508452653885,735.794505894184,0,33.7165239155293,0,1095.48004999757,1.36634409427643,22.4029503166676,0,2.05114245414734,0,133.166222691536,0,8.90266171097755,0,44.2941119670868,0,5.57503822445869,0,391.420467764139,0,0,0,2.10578882694244,0,12.7790050506592,0,16.0727717876434,0,13.3154266178608,0,10.7464503645897,0,0,0,17.9951648712158,7.07976573705673,96.4660419523716,1.86799377202988,20.0431203246117,5.10309690237045,137.829723864794,0,1.82470643520355,0,122.302060216665,0,997.268695145845,0,668.933428585529,0,0,0,1128.71924543381,1.22376322746277,1.05633974075317,0,0,0,5.70673894882202,0,1.72117295861244,0,1.44042247533798,0,0,0,1.43223011493683,0,0,0,0,0,0,0,0,0,0,0,0,0
0,0,0,0,0,0.76822429895401,0,0,0,0,0,0,0,0,0,2.50369071960449,0,1.02562284469604,0,0,5.3788355588913,0,0,0,0,0,0,0,0,29.8376643061638,0,0,0,0,0,2.61076778173447,0,984.985080242157,0,143.128993362188,3.21479278802872,1860.44300416112,0.481953501701355,20.7386581599712,0,2.09153372049332,0,134.527536004782,0,2.85108506679535,0,26.3328401744366,0,16.6109123826027,0,334.709914118052,0,0,0,1.71746516227722,0,2.06367582082748,0,10.269238114357,0,5.80639535188675,0,20.7209323644638,0,0,9.28203803300858,19.8158634901047,1.13776874542236,85.6742063164711,1.11290049552917,54.2796316742897,0,118.945805549622,0,1.66710340976715,0,296.381881415844,0,1039.62119415402,0,1403.45373910666,0,0,0,1244.7646843195,0,0,0,0,0,8.80448734760284,0,1.64047169685364,0,3.99075436592102,0,0,0,2.27171337604523,0,0.806585431098938,0,0,0,0,0,0,0,0,0,0
351.290608048439,0,4.30879354476929,0,5.75108969211578,0,64.1902984380722,0,6.59943974018097,0,146.257510960102,0,71.512015581131,0,0,0,68.962272465229,0,1.11458802223206,0,6.01346927881241,0,0,0,0,0,0.743906795978546,0,474.986688792706,0,7.03238320350647,0,1.71422475576401,1.94464898109436,33.6323157548904,20.4301651120186,1086.10635700822,5.13229334354401,326.079317837954,0.782133758068085,200.772236675024,3.43545544147491,512.118150532246,5.68661177158356,229.63938459754,0,1112.1338455379,0.692819237709045,389.752489417791,0,1544.20329371095,0,361.800740987062,0,3186.46058836579,0,134.873936206102,0,134.233038008213,0,948.889438718557,0,607.350196808577,0,1548.42371457815,0,214.609507024288,35.8838160634041,0.55394721031189,0,225.403882205486,8.91565471887589,269.181677162647,0.959347248077393,54.0609175860882,13.8848775625229,418.625469982624,1.49329304695129,4.03007400035858,0,438.911653161049,0,248.470564812422,0,7391.71838831902,0,1128.71924543381,0,0,0,3.27868962287903,0,0,0,8.45598423480988,0,3.76065874099731,0,23.1139697730541,0,0,0,0,0,2.87828803062439,0,1.09562456607819,0.773546278476715,0,0,0,0,0,0,0,0
0,76.1288323700428,0,1.06593286991119,0,0,0,303.889858961105,0,0.932152450084686,0,55.1645474433899,0,4.17441344261169,0,2.13916015625,0,26.2165698707104,0,0,4.31996387243271,1.21322619915009,0,0,0,0,0,0,0,95.0464172363281,0,0,0,1.97973710298538,18.6411748528481,25.838554084301,1.58313375711441,1150.9297760129,0,162.353632032871,1.00906920433044,330.465169012547,11.6834225058556,176.328109622002,3.29761284589767,232.438006281853,1.27061474323273,492.557886123657,0,357.13466668129,0,1646.20791363716,0,939.669089376926,0,3404.87890991569,0,66.7058674097061,0,48.5905061364174,0,206.772733569145,0,455.887383371592,0,661.997313916683,12.9017582535744,135.584919661283,0,0,2.72285211086273,148.979937285185,2.41153174638748,544.760156095028,1.96999943256378,96.5477067828178,5.22164511680603,298.082809090614,0,4.6343160867691,0,706.738896220922,0,97.2006883323193,0,7945.94148761034,1.22376322746277,1244.7646843195,0,0,0,3.59010118246078,0,0,0,16.9619525671005,0,5.42109879851341,0,53.6270894706249,0,0,0,1.61138308048248,0,0.710938692092896,0,0,0,0,0,0,0,0,0,0
0,0,0,0,0,0,0,0,0,0,0,0,0,0,0,0,0,0,0,0,0,0,0,0,0,0,0,0,9.30035817623138,0,0,0,0,0,0,0,94.9646344780922,30.4987421035767,147.628666400909,88.9860945045948,2.3957325220108,0,26.5385622382164,0,6.55965787172318,0,171.191261857748,0,16.6247998476028,0,36.1230760216713,0,56.9092034101486,0,102.690324246883,0,0,0,0,0,0,0,0,0,0,0,0,6.57068717479706,0,0,65.5365558564663,18.3094621896744,36.2143383920193,6.92156910896301,57.1852767467499,71.192411005497,200.151797831059,64.4836800992489,0,0,1.03836786746979,0,0.73799854516983,0,4.07440575957298,0,1.05633974075317,0,3.27868962287903,0,0,230.739263296127,1827.68533480167,51.0529203116894,417.509039223194,312.651016145945,1947.34900975227,87.2463863492012,2633.25642004609,102.787437289953,409.072576761246,124.649321615696,357.489320993423,406.42874288559,866.221786618233,167.21800801158,392.791680783033,63.6981456577778,19.340386390686,6.85921528935432,57.2556607425213,20.6928858458996,34.8287929296494,17.74870043993,7.3914116024971,16.0066238939762
0,0,0,0,0,0,0,0,0,0,0,0,0,0,0,0,0,0,0,0,0,0,0,0,0,0,0,0,0,4.39926648139954,0,0,0,1.6946280002594,0.842458069324493,0,86.114619076252,39.5221505463123,181.868796765804,81.7380926609039,0,4.526251912117,0,15.1096858382225,0,1.35573035478592,0,80.7751289010048,0,4.08903402090073,0,15.9970164895058,0,29.0421520471573,0,47.4267315864563,0,0,0,0,0,0,0,0,0,0,0,1.13629579544067,0,0,18.874748468399,12.0581931471825,15.0709392428398,19.1583130061626,128.230368822813,51.6807488799095,114.260637700558,162.74677491188,0,0,0,0,0,1.3363431096077,0,1.80514770746231,0,0,0,3.59010118246078,230.739263296127,0,72.55138027668,1802.33694171906,79.9434438049793,729.148338735104,251.361697256565,560.665957778692,111.224067837,2474.42445117235,141.968556553125,146.49003881216,332.553792893887,446.36685448885,120.672369837761,634.400198668242,109.442597150803,408.260585963726,51.5362822711468,12.373191267252,147.505481153727,26.8889166712761,79.0058318972588,8.22255223989487,29.8451371788979,22.7162707746029
0,0,0,0,0,0,0,0,0,0,0,0,0,0,0,0,0,0,0,0,0,0,0,0,0,0,0,0,2.24280047416687,0,0,0,0,0,0,0,69.0958752930164,15.5499038994312,100.237449139357,47.4730725586414,3.25921848416328,0,0,0,0,0,1.03011167049408,0,0,0,0,0,0,0,0,0,0,0,0,0,0,0,0,0,0,0,0,0,0,0,14.4353506565094,2.36484897136688,23.84832072258,4.16258072853088,48.5882351100445,40.5115436911583,202.275952905416,71.7328055202961,0,0,0,0,0,0,0,0,0,0,0,0,1827.68533480167,72.55138027668,0,18.9464260935783,470.56212875247,173.876181721687,824.021883964539,55.2683537900448,169.525711536407,59.4530308842659,2395.44951066375,78.1588842868805,2175.14013147354,218.083103209734,1010.0103687346,132.139757156372,293.972676128149,70.5975306630135,59.5709420442581,21.8568472862244,135.541877627373,38.8319335579872,68.4753951728344,40.3642418980598,10.8524468541145,46.6613982617855
0,0,0,0,0,0,0,0,0,0,0,0,0,0,0,0,0,0,0,0,0,0,0,0,0,0,0,0,0,0,0,0,0,0,0,0,35.0558443069458,25.7086049318314,99.0631485581398,68.8867201507092,0,5.54693937301636,0,0,0,0,0,4.60903492569923,0,0,0,0,0,0,0,0,0,0,0,0,0,0,0,0,0,0,0,0,0,0,2.50082159042358,17.0424651503563,3.3993935585022,7.49446356296539,41.7391127347946,43.8536303639412,87.7410832941532,370.02874147892,0,0,0,0,0,0,0,0,0,0,0,0,51.0529203116894,1802.33694171906,18.9464260935783,0,88.1427357494831,538.762631863356,134.634587585926,367.691065400839,62.9953309297562,444.745613604784,35.9294421076775,1019.72309201956,140.627375155687,1145.10935327411,91.4016474187374,1171.2759693265,60.4169848263264,224.707094401121,222.605045616627,59.9080457985401,354.432202190161,50.1727838218212,112.747322440147,45.4931663870811,76.1750931441784,64.4271895885468
88.1127649843693,5.53415584564209,36.4923306107521,1.83384680747986,0.446158915758133,0,28.0407451093197,6.48742878437042,3.05364093184471,0.571500241756439,0,0.848771274089813,5.02040410041809,0,4.95602959394455,0,3.7222381234169,0,37.7009284496307,1.72176545858383,0,0,6.70718854665756,0,0,0,0,0,27.3592836558819,0,6.1005907356739,0,3.11040234565735,3.89887911081314,0,2.45890641212463,143.191076397896,8.21963536739349,71.9364039301872,15.2961120605469,11.2652098536491,0.783988654613495,7.23758959770203,0,31.4573342502117,0,52.9795489907265,5.76052266359329,24.3514406085014,0,34.6767166256905,0,3.51089513301849,0,8.54834631085396,0,51.6926278471947,0,23.4389247298241,0,13.1178479790688,0,8.08507227897644,0,1.06036710739136,0,68.9235805273056,0.742960631847382,45.0725648403168,0,167.66505408287,24.5929349958897,120.708299577236,7.53455796837807,202.239550888538,31.3737714290619,1305.03265121579,188.843970716,0,0,1.00797235965729,0,6.62225031852722,0,4.11177396774292,0,5.70673894882202,0,8.45598423480988,0,417.509039223194,79.9434438049793,470.56212875247,88.1427357494831,0,129.860877126455,739.371252328157,18.1881984472275,129.096574395895,18.3630474507809,118.609002619982,44.5276427865028,343.486744701862,109.363830596209,914.503470927477,178.138013392687,147.077283382416,20.4746127128601,209.08459430933,264.318390905857,134.41434237361,7.4102937579155,56.5915085375309,70.0342101454735,38.6230701208115,141.39126688242
3.78743147850037,118.025837957859,0,39.1524670422077,0,1.05268931388855,3.31202268600464,41.1739401817322,0.503279566764832,1.57998532056808,1.16653478145599,4.23520267009735,0,1.04815512895584,0,2.662702023983,0,5.25476026535034,5.55522954463959,28.901942461729,0,0,0,6.81721875071526,0,0,0,0,1.25128781795502,6.96243196725845,2.08046579360962,1.84130567312241,3.41015475988388,8.72260403633118,5.34178459644318,5.87707251310349,43.3414025008678,109.256223231554,118.927663505077,81.0238945484161,0,20.9125019311905,0.901881217956543,12.8364429473877,0,33.4115881323814,1.25218296051025,105.218109369278,0,45.2804377675056,1.79493248462677,44.0568242669106,0,6.24812215566635,0,3.76812905073166,0,139.635880231857,0,71.5805923938751,0,20.0354713201523,0,27.5857446193695,0,13.4440191984177,0,101.649778932333,0,21.4988405108452,17.3973681330681,107.562293022871,19.3583522737026,125.746929705143,47.4200671613216,174.556270480156,115.359597444534,1057.31734290719,0,0,0,7.87243854999542,0,4.52956986427307,0,18.2116431593895,0,8.80448734760284,0,16.9619525671005,312.651016145945,729.148338735104,173.876181721687,538.762631863356,129.860877126455,0,160.11537861824,840.36248037219,68.3620626032352,318.110578745604,81.5315123796463,191.02119988203,141.876961141825,339.493919312954,118.608956843615,511.90724876523,52.913813829422,136.154366403818,83.5394077897072,307.02595615387,110.908648788929,17.5544375777245,37.3376257121563,23.3638568520546,54.0345506668091,43.8048933148384
26.8840638399124,0,2.79173308610916,0,0,0,0,1.2309889793396,0,0,0,0,0,0,0,0,0,0,5.17451465129852,0,0,0,0,0,0,0,0,0,1.04069852828979,0,0,0,0,0,5.68034374713898,3.22481834888458,75.164126098156,15.9320402741432,74.2116544544697,35.7111059427261,2.63913327455521,0,16.3678633570671,0,10.9947518110275,1.49788343906403,202.876586794853,1.98225146532059,12.07082259655,0,11.2711886167526,0,0,0.850039720535278,22.4997726976871,0,18.2441442012787,0,10.4291926622391,0,9.69781935214996,0,6.18021976947784,0,0,0,49.0718179941177,2.05540144443512,9.90141808986664,0,32.2549867630005,7.35506436228752,32.2510115504265,4.28063797950745,51.7920024394989,32.1892358660698,575.179981470108,57.9396331906319,0,0,2.16055607795715,0,0.827188909053802,0,0.959625720977783,0,1.72117295861244,0,3.76065874099731,0,1947.34900975227,251.361697256565,824.021883964539,134.634587585926,739.371252328157,160.11537861824,0,74.79927906394,2705.3248770535,98.4529019892216,242.044116348028,122.892868131399,394.455549269915,337.594846725464,583.541687995195,158.061944544315,254.312707096338,34.6209984123707,35.0191792547703,106.286776065826,277.926886737347,99.815038383007,258.89979916811,66.0733947753906,14.0583754479885,88.8751567900181
0,1.35860633850098,0,0,0,0,0,0,0,0,0,0,0,0,0,0,0,0,0,0,0,0,0,0,0,0,0,0,0,0,0,0,0,0,1.97174876928329,7.03053212165833,22.3281294107437,24.5739690065384,15.529236972332,61.1657851338387,0,2.47137898206711,1.25980710983276,39.4022483229637,2.1595064997673,11.626857727766,6.03867393732071,138.246952712536,0,5.67983627319336,0,3.8478601872921,0,4.64553654193878,1.23481893539429,53.2728969156742,0,0,0,0,0,0,0,0,0,0,2.55922567844391,86.9187896251678,0,0,4.43231219053268,4.48060178756714,5.45591390132904,9.80129283666611,16.4245171546936,16.3326829075813,21.0680908560753,69.0767052769661,0,0,0,0,0,0,0,2.90719693899155,0,1.64047169685364,0,5.42109879851341,87.2463863492012,560.665957778692,55.2683537900448,367.691065400839,18.1881984472275,840.36248037219,74.79927906394,0,49.437103420496,1392.76102265716,29.9170177578926,68.2259477078915,89.0052783787251,150.688126891851,20.7621512115002,196.770678550005,26.4841360449791,190.673107206821,26.5828077495098,12.3959119915962,225.453343153,117.992547214031,97.4353808164597,6.11702275276184,26.8650892078876,18.3336859941483
0,0,0,0,0.869368433952332,0,0,0,0,0,0,0,0,0,0,0,0,0,0,0,0,0,0,0,0,0,0,0,10.3324009776115,0,0,0,0,0,0,0,37.2233945131302,12.4387581944466,46.48960095644,24.6297681927681,0.863441407680511,0,113.067406952381,0,2.66583561897278,0,242.737500727177,0,3.45805716514587,0,1.4464892745018,0,8.82263141870499,0,32.6783766448498,0,3.56169617176056,0,0,0,0,0,1.58846712112427,0,0,0,1.68624520301819,1.54180026054382,0,0,21.4795225858688,1.4982305765152,15.1161751151085,6.19988226890564,25.9546312391758,19.6198848485947,44.6351698637009,31.736769258976,0,0,1.30678856372833,0,1.20593875646591,0,7.42508736252785,0,1.44042247533798,0,23.1139697730541,0,2633.25642004609,111.224067837,169.525711536407,62.9953309297562,129.096574395895,68.3620626032352,2705.3248770535,49.437103420496,0,73.2288866341114,60.7051326334476,70.5726957023144,46.0039803385735,253.905577421188,172.686954706907,101.601708859205,154.65490937233,38.7758289277554,5.76966241002083,0.782853126525879,77.840733975172,62.677818775177,31.5935563743114,26.3140082359314,5.93194311857224,5.60543847084045
0,0,0,0,0,0,0,0,0,0,0,0,0,0,0,0,0,0,0,0,0,0,0,0,0,0,0,0,0,13.4961915314198,0,0,0,0,1.5861599445343,1.53969639539719,18.6251365542412,85.2963171601295,44.1048645079136,64.986574858427,1.74248051643372,33.8500220179558,36.9408881664276,149.909923255444,2.77227056026459,26.6349849104881,0.71641081571579,1045.63183474541,0,26.0140280425549,0,86.2687464356422,0,136.726373374462,0,331.613830178976,0,0,0,0.543851017951965,0,0,0,0,0,0,2.87576961517334,6.80306541919708,0,0,5.68413734436035,14.3464241027832,10.4991308450699,67.8153571486473,30.7078173160553,30.5122002661228,25.9477983415127,84.0936047136784,0,0,0,16.5473148822784,0,8.20603147149086,0,29.5698108971119,0,3.99075436592102,0,53.6270894706249,102.787437289953,2474.42445117235,59.4530308842659,444.745613604784,18.3630474507809,318.110578745604,98.4529019892216,1392.76102265716,73.2288866341114,0,52.2772235870361,49.4559351205826,123.408954441547,176.57789593935,29.1730967462063,188.470849394798,64.3267569541931,328.529668211937,9.01677814126015,6.83423334360123,106.528206855059,108.082666128874,209.465133190155,11.7050614356995,8.63285207748413,4.00352174043655
1.43403387069702,0,0,0,0,0,0,0,0,0,0,0,0,0,0,0,1.34424316883087,0,0,0,0,0,0,0,0,0,0,0,1.79422843456268,0,0,0,0,0,0,0,26.1744976341724,7.89078921079636,64.3210778832436,21.1257750988007,3.19351971149445,1.66718184947968,0,0,0,0,0,0,0,0,0,0,0,0,0,0,0,0,0,0,0,0,0,0,0,0,0,0,0,0,13.4810917973518,11.7654591202736,8.32283711433411,3.79226905107498,24.2714776098728,33.7243102192879,64.1347098052502,41.3442668020725,0,0,0,0,0,0,0,0,0,0,0,0,409.072576761246,141.968556553125,2395.44951066375,35.9294421076775,118.609002619982,81.5315123796463,242.044116348028,29.9170177578926,60.7051326334476,52.2772235870361,0,76.0880101323128,2796.64870199561,224.118452608585,373.996485263109,91.6401029527187,225.685931622982,61.8625100553036,10.9507838487625,6.61552250385284,15.3541609048843,8.30220791697502,9.43642282485962,14.4045979082584,6.46800634264946,14.7677963078022
0,0,0,0,0,0,0,0,0,0,0,0,0,0,0,0,0,0,0,0,0,0,0,0,0,0,0,0,0,0,0,0,0,0,0,0,29.8804004192352,30.9392627477646,45.4184414148331,38.6578374505043,0,1.75350779294968,0,0,0,0,0,0.640883445739746,0,0,0,0,0,0,0,0,0,0,0,0,0,0,0,0,0,0,0,0,0,0,3.92578494548798,14.227065205574,5.79601615667343,15.575795173645,74.4914672374725,36.0298642516136,61.3692954182625,104.21550321579,0,0,0,1.81166422367096,0,0,0,0,0,0,0,0,124.649321615696,146.49003881216,78.1588842868805,1019.72309201956,44.5276427865028,191.02119988203,122.892868131399,68.2259477078915,70.5726957023144,49.4559351205826,76.0880101323128,0,248.987973451614,2571.31918156147,64.1862179338932,573.636137008667,46.1214848458767,136.89882260561,49.8347369432449,15.8438753783703,78.4431021809578,9.35857230424881,11.6685061752796,13.5784733891487,28.7437078356743,24.66347900033
0,0,0,0,0,0,0,0,0,0,0,0,0,0,0,0,0,0,0,0,0,0,0,0,0,0,0,0,6.3985623717308,0,0,0,0,0,0,0,53.0945043563843,16.4865103960037,160.140032529831,32.8629701435566,0.610388398170471,0,0,0,0,0,0,0,0,0,0,0,0,0,1.13510370254517,0,0,0,0,0,0,0,0,0,0,0,0,0,0,0,15.575227200985,7.62841880321503,19.5425100624561,5.74545335769653,64.6387523114681,62.6284781694412,151.340239077806,67.501255095005,0,0,0.908753573894501,0,1.43712723255157,0,0,0,1.43223011493683,0,0,0,357.489320993423,332.553792893887,2175.14013147354,140.627375155687,343.486744701862,141.876961141825,394.455549269915,89.0052783787251,46.0039803385735,123.408954441547,2796.64870199561,248.987973451614,0,652.097847551107,3879.11946690083,236.779440045357,492.133481264114,114.81719186902,82.9729917943478,54.7191282808781,257.754170447588,27.195533901453,45.9231997430325,401.480620115995,138.045004546642,104.600296258926
0,0,0,0,0,0,0,0,0,0,0,0,0,0,0,0,0,0,0,0,0,0,0,0,0,0,0,0,0,0,0,0,0,0,0,0,83.034842133522,58.4108810722828,88.360066652298,102.520597189665,0,2.34917742013931,0,1.43089842796326,0,0,0,1.95680630207062,0,0,0,0,0,0,0,0,0,0,0,0,0,0,0,0,0,0,0,0,0,0,28.3561015725136,31.3048743903637,36.844105899334,38.9239744544029,148.583468943834,67.2358646392822,94.7937185168266,218.706843167543,0,0,0,0,0,0,0,0,0,2.27171337604523,0,1.61138308048248,406.42874288559,446.36685448885,218.083103209734,1145.10935327411,109.363830596209,339.493919312954,337.594846725464,150.688126891851,253.905577421188,176.57789593935,224.118452608585,2571.31918156147,652.097847551107,0,169.619193971157,5495.83075970411,104.262778818607,383.225416272879,114.155113995075,33.4739202260971,247.236624896526,32.9752532839775,67.5859822928905,210.07513704896,114.347076773643,58.9477546811104
13.7285408973694,0,2.53693443536758,0,0,0,2.65848869085312,0.892624080181122,0,0,1.91113209724426,2.06577295064926,0,0,1.2653501033783,0,0,0,0,0,0,0,0,0,0,0,0,0,12.4712755680084,0.741907894611359,1.43488818407059,0,0,0.758054733276367,1.07507860660553,0,53.9878479838371,10.1717317402363,49.8574848175049,11.7468353509903,9.05606770515442,0,0,0,0,0,0.828568637371063,2.82163232564926,0,0,1.43439829349518,0,0,0,0,0,2.3246061205864,2.07329678535461,0,0,1.03766691684723,0,1.92481088638306,0,0,0,0.632226228713989,0,0.704886794090271,0,89.2541371285915,27.6076667904854,67.8386770784855,10.9498437643051,128.32761874795,38.2055906653404,790.201579600573,266.823667615652,0,0,0,0,0.747867286205292,0,0,0,0,0,2.87828803062439,0,866.221786618233,120.672369837761,1010.0103687346,91.4016474187374,914.503470927477,118.608956843615,583.541687995195,20.7621512115002,172.686954706907,29.1730967462063,373.996485263109,64.1862179338932,3879.11946690083,169.619193971157,0,341.207664310932,303.105269104242,51.1223117411137,379.950887858868,87.9347625374794,140.368243128061,13.0921220779419,56.0494568049908,50.4946912527084,237.464213430882,312.090400218964
0.82860916852951,1.50620293617249,0,0,0,0,0,0,0,0,0,0,0,0,0,0,0,0,0,1.46466839313507,0,0,0,0,0,0,0,0,1.09757196903229,0,0.823952376842499,0,1.18941402435303,3.22061908245087,0,0,41.0601435303688,32.9495811760426,31.8865433633327,58.4856026470661,0,5.35236871242523,0,0,0,0,0,7.97963857650757,0,0,0,1.17598187923431,0,0,0,0,0,2.52253198623657,0,0,0,0.856135249137878,0,1.74372792243958,0,0,0,0.620407700538635,0,0,22.9863936901093,60.7383275330067,27.9791938364506,41.3409672677517,62.9722009301186,100.233539223671,193.835315912962,645.081665068865,0,0,0,0,0,0,0,0,0,0.806585431098938,0,0.710938692092896,167.21800801158,634.400198668242,132.139757156372,1171.2759693265,178.138013392687,511.90724876523,158.061944544315,196.770678550005,101.601708859205,188.470849394798,91.6401029527187,573.636137008667,236.779440045357,5495.83075970411,341.207664310932,0,85.3003372251987,416.589727848768,390.741541206837,67.0627350509167,330.027671635151,68.1463847160339,102.623603612185,114.35551443696,667.850880861282,262.186347216368
10.1510342359543,0,0,0,0,0,0,0,0,0,0,0,0,0,0,0,1.54636013507843,0,0,0,0,0,0,0,0,0,0,0,0,0,0,0,0,0,0,0,21.8688726425171,2.79273974895477,38.5306568145752,7.90816470980644,2.1962583065033,0,0,1.39981198310852,0,0,0,0,0,0,0,0,0,0,0,0,1.33291161060333,0,4.28469681739807,0,0,0,1.3712991476059,0,0,0,1.29841578006744,0,0,0,13.6005708575249,11.4049352407455,18.3303455710411,3.67069357633591,31.3019323348999,27.5098084807396,78.7530517280102,26.5107475221157,0,0,0,0,0,0,0,0,0,0,1.09562456607819,0,392.791680783033,109.442597150803,293.972676128149,60.4169848263264,147.077283382416,52.913813829422,254.312707096338,26.4841360449791,154.65490937233,64.3267569541931,225.685931622982,46.1214848458767,492.133481264114,104.262778818607,303.105269104242,85.3003372251987,0,50.4460282921791,16.5120362341404,7.52886599302292,50.1804546415806,10.4738156199455,21.7425029277802,11.3011709749699,6.44710069894791,17.7072664499283
0,1.32930314540863,0,0,0,0,0,0,0,0,0,0,0,0,0,0,0,0,0,0,0,0,0,0,0,0,0,0,0,3.66357469558716,1.05048608779907,0,0,0,0,0,17.8528466820717,20.7872720956802,25.5590167045593,29.0747953653336,0,0,0,0,0,0,0,0,0,0,0,0,0,0,0,2.83706593513489,0,7.94779968261719,0,1.36646997928619,0,0,0,0,0,0,0,0,0,1.24110066890717,8.91021549701691,10.7360835671425,4.83479899168015,14.0737610459328,14.893136382103,6.73031902313232,32.3029956817627,85.824254989624,0,0,0,1.88419568538666,0,0,0,0,0,0,0.773546278476715,0,63.6981456577778,408.260585963726,70.5975306630135,224.707094401121,20.4746127128601,136.154366403818,34.6209984123707,190.673107206821,38.7758289277554,328.529668211937,61.8625100553036,136.89882260561,114.81719186902,383.225416272879,51.1223117411137,416.589727848768,50.4460282921791,0,22.5925500094891,6.86948579549789,52.5423430502415,12.0058208107948,16.7589559853077,10.1552003920078,33.9352598488331,12.8626285791397
17.4458414018154,24.9367673397064,21.0017359554768,25.7344596683979,0,1.50725823640823,12.7882862091064,13.0342909097672,1.80885708332062,0.547353565692902,0.807729482650757,2.44321048259735,0.814393699169159,0,1.23613768815994,0,0.62785017490387,1.38836777210236,21.6884859502316,20.6616984009743,0,0,0,6.33801472187042,0,0.701026022434235,0,0,10.9050878584385,0,2.23772263526917,1.999263048172,0,1.30654728412628,0,1.93077516555786,9.66267937421799,5.99240019917488,5.80197733640671,5.17062652111053,2.00635057687759,0,0,0,0,0,0,3.93246072530746,0,0,0,0,0,0,0,0,2.55067455768585,3.66692113876343,0,0,0,0,0,0,0,0,1.07466733455658,0.661741495132446,3.00880318880081,2.28821992874146,68.8375504612923,56.6242514848709,53.6137717366219,42.2454217374325,88.9481863677502,40.3585840761662,740.866920918226,987.157882302999,0,0,0,0,0,0,0,0,0,0,0,0,19.340386390686,51.5362822711468,59.5709420442581,222.605045616627,209.08459430933,83.5394077897072,35.0191792547703,26.5828077495098,5.76966241002083,9.01677814126015,10.9507838487625,49.8347369432449,82.9729917943478,114.155113995075,379.950887858868,390.741541206837,16.5120362341404,22.5925500094891,0,309.698617905378,93.8236476182938,19.4479573369026,58.0872420668602,236.301886320114,125.758904278278,291.915427386761
7.89739394187927,8.34104722738266,8.12927055358887,9.48430407047272,0,0,6.87397629022598,3.46285462379456,1.40570425987244,0,1.13792455196381,0,0,1.910424888134,3.28456747531891,0,0,0,4.88263416290283,2.54020404815674,0,0,0,2.00087487697601,0,0,0,0,3.54151356220245,0,1.26524877548218,1.19935977458954,0,0,0,0,10.1957762241364,1.12436878681183,2.24519342184067,0.512083947658539,0.601431310176849,0,0,0,0,0,32.6746106743813,140.526750326157,0,0.602643668651581,0,0,0,0,0,0,2.45003038644791,1.34057593345642,0,2.47297072410583,0,0,0,0,0,0,3.2636901140213,0.817615687847137,2.41684794425964,0,14.2607355713844,20.7969422638416,11.4164490103722,9.24456793069839,35.7450594902039,15.0647827684879,622.830425202847,1296.56544744968,0,0,0,1.87925469875336,0,0,0,0,0,0,0,0,6.85921528935432,12.373191267252,21.8568472862244,59.9080457985401,264.318390905857,307.02595615387,106.286776065826,12.3959119915962,0.782853126525879,6.83423334360123,6.61552250385284,15.8438753783703,54.7191282808781,33.4739202260971,87.9347625374794,67.0627350509167,7.52886599302292,6.86948579549789,309.698617905378,0,193.524239718914,14.3868649601936,54.5548178553581,185.96757376194,40.7176640629768,215.013279080391
0,0,0,0,0,0,0,0,0,0,0,0,0,0,0,0,0,0,0,0,0,0,0,0,0,0,0,0,0,0,0,0,0,0,0,0,10.770561337471,13.4592295885086,7.97250801324844,8.38020929694176,0,0,0,0,0,0,0,0,0,0,0,0,0,0,0,0,0,0,0,0,0,0,0,0,0,0,0,0,0,0,2.87416887283325,1.33989989757538,3.07469862699509,4.31938600540161,9.44552910327911,7.73059809207916,16.1890472173691,39.702196508646,0,0,0,0,0,0,0,0,0,0,0,0,57.2556607425213,147.505481153727,135.541877627373,354.432202190161,134.41434237361,110.908648788929,277.926886737347,225.453343153,77.840733975172,106.528206855059,15.3541609048843,78.4431021809578,257.754170447588,247.236624896526,140.368243128061,330.027671635151,50.1804546415806,52.5423430502415,93.8236476182938,193.524239718914,0,301.959285825491,548.509401649237,611.538753867149,104.521422415972,221.380340635777
0,0,0,0,0,0,0,0,0,0,0,0,0,0,0,0,0,0,0,0,0,0,0,0,0,0,0,0,0,0,0,0,0,0,0,0,0.62892735004425,1.67315638065338,2.29920369386673,0.922674000263214,0.884835064411163,1.39252257347107,0,0,0,0,0,0,0,0,0,0,0,0,0,0,0,0,0,0,0,0,0,0,0,0,0,0,0,0,0,2.49746692180634,1.59164655208588,0,3.58549350500107,2.02736866474152,2.77945590019226,15.8230493068695,0,0,0,0,0,0,0,0,0,0,0,0,20.6928858458996,26.8889166712761,38.8319335579872,50.1727838218212,7.4102937579155,17.5544375777245,99.815038383007,117.992547214031,62.677818775177,108.082666128874,8.30220791697502,9.35857230424881,27.195533901453,32.9752532839775,13.0921220779419,68.1463847160339,10.4738156199455,12.0058208107948,19.4479573369026,14.3868649601936,301.959285825491,0,195.506381869316,101.160532355309,10.8927496671677,6.33454620838165
0,0,0,0,0,0,0,0,0,0,0,0,0,0,0,0,0,0,0,0,0,0,0,0,0,0,0,0,0,0,0,0,0,0,0,0,2.22243177890778,0,1.80338650941849,3.39605748653412,0,0,0,0,0,0,0,0,0,0,0,0,0,0,0,0,0,0,0,0,0,0,0,0,0,0,0,0,0,0,0,3.53342258930206,2.11241483688354,1.66760504245758,9.56665402650833,1.20165348052979,20.0446011424065,16.5201162695885,0,0,0,0,0,0,0,0,0,0,0,0,34.8287929296494,79.0058318972588,68.4753951728344,112.747322440147,56.5915085375309,37.3376257121563,258.89979916811,97.4353808164597,31.5935563743114,209.465133190155,9.43642282485962,11.6685061752796,45.9231997430325,67.5859822928905,56.0494568049908,102.623603612185,21.7425029277802,16.7589559853077,58.0872420668602,54.5548178553581,548.509401649237,195.506381869316,0,386.163264274597,12.919006228447,92.0552573800087
0,0,0,0,0,0,0,0,0,0,0,0,0,0,0,0,0,0,0,0,0,0,0,0,0,0,0,0,0,0,0,0,0,0,0,0,1.35554349422455,3.64797449111938,3.41484487056732,0,0,0,0,0,0,0,0,0,0,0,0,0,0,0,0,0,0,0,0,0,0,0,0,0,0,0,0,0,0,0,1.77909117937088,0,0.514204204082489,0,3.77555131912231,1.49989491701126,26.0979802012444,34.5601868629456,0,0,0,0,0,0,0,0,0,0,0,0,17.74870043993,8.22255223989487,40.3642418980598,45.4931663870811,70.0342101454735,23.3638568520546,66.0733947753906,6.11702275276184,26.3140082359314,11.7050614356995,14.4045979082584,13.5784733891487,401.480620115995,210.07513704896,50.4946912527084,114.35551443696,11.3011709749699,10.1552003920078,236.301886320114,185.96757376194,611.538753867149,101.160532355309,386.163264274597,0,181.162965744734,434.074435919523
0,0,0,0,0,0,0,0,0,0,0,1.63033819198608,0,0,0,0,0,0,0,0,0,0,0,0,0,0,0,0,0,0,0,0,0,0,0,0,1.18127071857452,4.66276031732559,3.46780797839165,4.81703355908394,0,0,0,0,0,0,0,1.46753597259521,0,0,0,0,0,0,0,0,0,0,0,0,0,0,0,0,0,0,0,0,0,0,1.54132276773453,7.17999449372292,0,1.83376079797745,3.26768785715103,7.83995443582535,33.4145703315735,71.2437450289726,0,0,0,0,0,0,0,0,0,0,0,0,7.3914116024971,29.8451371788979,10.8524468541145,76.1750931441784,38.6230701208115,54.0345506668091,14.0583754479885,26.8650892078876,5.93194311857224,8.63285207748413,6.46800634264946,28.7437078356743,138.045004546642,114.347076773643,237.464213430882,667.850880861282,6.44710069894791,33.9352598488331,125.758904278278,40.7176640629768,104.521422415972,10.8927496671677,12.919006228447,181.162965744734,0,208.648233056068
1.58229684829712,6.3212508559227,1.78361415863037,3.02696877717972,0,0,0.833852112293243,1.1249772310257,0,0,0,0,0,0,0.486945122480392,0,0,1.07601499557495,0.650190114974976,0.93119353055954,0,0,0,0,0,0,0,0,1.56752854585648,0,0,1.67404747009277,0,1.33699810504913,0,0,15.4793021380901,3.03316694498062,2.34989237785339,3.79979181289673,0,0,0,0,0,0,0,1.76768171787262,0,0,0,0,0,0,0,0,0,1.14442336559296,0,0,0,0,0,0,0,0,0,0,0,0,17.3130129575729,10.1224595308304,12.8455175161362,11.4001340568066,19.9257794320583,21.3957546055317,161.753896415234,206.012567937374,0,0,0,1.59987246990204,0,0,0,0,0,0,0,0,16.0066238939762,22.7162707746029,46.6613982617855,64.4271895885468,141.39126688242,43.8048933148384,88.8751567900181,18.3336859941483,5.60543847084045,4.00352174043655,14.7677963078022,24.66347900033,104.600296258926,58.9477546811104,312.090400218964,262.186347216368,17.7072664499283,12.8626285791397,291.915427386761,215.013279080391,221.380340635777,6.33454620838165,92.0552573800087,434.074435919523,208.648233056068,0
