0,245.13124486804,1950.18453347683,88.2608233094215,0.502358496189117,0,3994.94779795408,75.1541631519794,9.83473971486092,0,2503.27441510558,3.63643944263458,1372.31608057022,0,13.3946083784103,0,489.047430187464,1.57918262481689,2973.42823678255,989.699409544468,0,0,28.0861724019051,8.95660531520844,0,0,0,0,1571.78738841414,1.90236592292786,138.196011215448,49.4105960428715,37.9372275471687,142.618151605129,4.54826501011848,0,141.858659386635,2.66146850585938,36.2069557309151,1.85804414749146,2.76127588748932,0,2.60620099306107,0,5.0419864654541,0,0,0,16.2580559253693,0,103.221062898636,0,1.41809350252151,0,1.52192091941833,0,11548.6215211749,12.1981580257416,551.96174004674,0,2183.3652459383,0,320.270465373993,0.461642801761627,627.716496229172,0,161.073948025703,2.81582885980606,2042.74993294477,23.7758612334728,304.484943270683,409.825168162584,2236.91286876798,63.2389272153378,822.835385262966,39.7011802196503,2613.38561069965,290.205102920532,25.6895715594292,0,144.792018145323,0.968761265277863,2.80688631534576,0,1440.23706153035,0,0,0,371.992655783892,0,0,0,0,0,69.353222489357,2.59834921360016,7.86952835321426,0,0,0,0,0,0,0,10.6475405693054,2.80733168125153,6.22573417425156,0,26.7824030518532,13.0885429382324,0,0,0,0,0,8.16844600439072
245.13124486804,0,11.015408217907,2763.73287126422,0,1.18144255876541,21.7051617205143,5415.23687449098,0,7.12778362631798,11.4954957962036,3016.86517941952,1.65312695503235,601.891814976931,0,14.7181670963764,1.21570733189583,1229.73928558826,398.665437072515,1391.25339019299,0,0.610115230083466,0.879870235919952,115.416699826717,0,0,0,0,51.2512767314911,244.670259982347,32.6620856523514,38.796801507473,48.4270888864994,127.830899804831,4.83855664730072,1.27738010883331,5.77757519483566,298.308905541897,1.41708886623383,111.803639948368,0,1.79816836118698,0,0.609385669231415,0,15.2210264205933,0,34.3295526504517,0,77.207219183445,0,105.387468099594,0,1.41025084257126,0,6.8939420580864,64.6974908411503,11579.6154235899,0.724149733781815,713.88285690546,3.26910573244095,1018.85622903705,1.12415170669556,594.754260748625,0,539.785215735435,6.72598817944527,43.0149283707142,98.8872824311256,385.9984138906,435.087861508131,1010.05795842409,148.792295187712,2785.42148774862,35.8397276997566,1278.5826228261,345.416885882616,4277.40580052137,0,8.9664118885994,0,80.1299904286861,0,0,0,473.145190238953,0,0,0,296.971357584,0,0,0,0,2.60491061210632,80.5440116524696,0.710430502891541,0,0,0,0,0,0,1.60086250305176,0,9.56291890144348,0,4.07543784379959,63.1400890350342,24.1661224365234,0,0,0,1.61329352855682,1.16705846786499,1.95458459854126
1950.18453347683,11.015408217907,0,149.619448691607,1144.0083001554,15.1405122876167,12253.7714026272,115.382570922375,334.757212728262,8.00767755508423,685.849916398525,11.4142128825188,1419.55698490143,3.37802624702454,433.322964429855,1.44921278953552,128.129116415977,0.806115567684174,2203.52212041616,100.706506729126,0,0,3345.35865801573,418.710979789495,190.623923927546,41.2180592417717,5.41359370946884,4.27292239665985,1190.76333466172,1.58439540863037,273.209762245417,118.017233371735,77.8704677224159,37.8533604741096,4.89417719841003,0,17.7259187102318,0,0,0,1.61511164903641,0,0,0,1.70147824287415,0,0.659631907939911,0,8.64480292797089,0,40.0524177253246,0,0,0,0,0,150.621568292379,0,105.27302980423,0,115.377169907093,0,28.1971675753593,0,43.6912639141083,0,91.6807684898376,0,85.331786185503,0,547.696783781052,244.015296936035,1710.57312434912,56.8345944881439,307.305765092373,19.967056363821,1046.08716666698,51.1833736896515,1.22823667526245,0,32.7029361724854,0,4.14154261350632,0,44.8730928897858,0,0.99884420633316,0,1.47769641876221,0,0,0,0,0,19.3805849850178,1.7370810508728,0.7584068775177,0,0,0,0,0,0,0,1.66759181022644,0,0,0,17.411100268364,2.86555135250092,0,0,0,0,0,0
88.2608233094215,2763.73287126422,149.619448691607,0,54.1727153658867,1498.13181576133,157.670733720064,13268.8930621743,42.1159116625786,303.840504765511,17.7521584630013,1625.31902593374,65.49305164814,1206.36837017536,32.3467954993248,379.762092202902,2.64804869890213,252.962843626738,172.605869799852,1837.21581789851,5.17762207984924,0.99799382686615,330.810171663761,3727.86971026659,106.732311725616,161.722315192223,7.51587182283401,14.4087033867836,84.4821827709675,309.674320876598,243.144199579954,383.292613685131,47.7849548757076,196.866425663233,0,8.67586201429367,1.48582553863525,84.5656186342239,1.94807064533234,29.6552577018738,0,5.57205772399902,0,0.811895310878754,0,18.1698494851589,0,14.3044938445091,0,81.928774535656,0,154.875154435635,0,0.707010209560394,0,0,15.1941122710705,324.459455311298,0,176.549402356148,0,63.34345510602,0,116.697534382343,0,161.965661525726,0,67.6134371459484,11.0161206126213,55.7342918217182,576.135478168726,1124.80159282684,290.704852432013,3107.25815916061,51.5691135823727,1018.95112743974,143.278466105461,2790.11860913038,0,10.927965939045,0,33.2180368304253,0,0.473212569952011,0,90.5251958072186,0,0,0,19.5085527896881,0,0,0,0,0,44.7035552859306,0,1.28258776664734,0,0,0,0,0,0,0,1.61980295181274,0,0,39.1197075545788,9.82086324691772,0,0,0,0,0,2.08859467506409
0.502358496189117,0,1144.0083001554,54.1727153658867,0,40.4863596558571,179.091463148594,8.88572537899017,861.888271033764,4.09779977798462,0.688129127025604,0,23.0496144890785,1.20705235004425,2017.17530584335,0.690420627593994,0,0,4.86163714528084,0,85.6955275833607,11.9400273561478,252.594250917435,289.433420926332,430.304164260626,231.214437454939,747.071708351374,69.6827677190304,920.18496003747,0,128.03679266572,74.0321767926216,6.93515801429749,2.94961071014404,0,0,11.0947676301003,0,1.74274796247482,0,48.163153886795,0,0,0,0,0,0.762350916862488,0,0,0,0,0,0,0,1.55174922943115,0,0,0,0,0,0,0,0,0,0,0,0,0,0,0,411.492490679026,94.6915352642536,1339.50355887413,8.99489974975586,59.7130892276764,4.3272647857666,82.4255637824535,1.78280913829803,0,0,4.59564828872681,0,5.29173272848129,0,1.97294199466705,0,8.01210725307465,0,4.73771035671234,0,0,0,0,0,0,0,0,0,0,0,0,0,0,0,0,0,0,0,0.631739139556885,0,0,0,0,0,0,0
0,1.18144255876541,15.1405122876167,1498.13181576133,40.4863596558571,0,0.762646973133087,617.361709356308,12.0579190850258,1266.13898664713,0,1.26132899522781,0,22.3258153796196,5.21319407224655,2322.90744227171,0,0.4255151450634,0,0,8.68996173143387,390.125427931547,61.7838447093964,135.103411525488,83.4251313507557,308.424879968166,43.2101568281651,1155.99879723787,0.683590888977051,290.426242053509,39.9656409621239,20.500311434269,0,2.67772504687309,0,0,6.74651271104813,35.5159492492676,1.59575080871582,1.92832243442535,0,236.342527121305,0,0.915867030620575,0,0,0,1.08938264846802,0,0,0,0,0,0,0,2.07043081521988,0,0,0,0,0,0,0,0,0,0,0,0,0,0,55.7314364612103,468.562677204609,7.80219608545303,1701.41594749689,0,94.1571058034897,0,131.388521671295,0,0,0,2.94949173927307,0,77.5167230069637,0,7.14569103717804,0,19.6793584227562,0,4.48111701011658,0,0,0,0,0,0,0,0,0,0,0,0,0,0,0,0,0,0,2.64581716060638,1.19021439552307,0,0,0,0,0,0
3994.94779795408,21.7051617205143,12253.7714026272,157.670733720064,179.091463148594,0.762646973133087,0,306.992178916931,446.495422244072,0,1239.99736878276,97.39540797472,6804.53710114956,26.4955307841301,400.67519068718,2.01997804641724,66.7487009763718,1.51971113681793,1441.186001122,377.927193254232,0,0,995.542890101671,327.563062608242,9.55353850126266,0.91774183511734,0,0,506.951603680849,8.15101873874664,229.16729426384,136.189876168966,89.4637766778469,96.0967500507832,10.9395910799503,0,2.83168172836304,1.47607254981995,0,0,0,0,2.26250493526459,0,6.32429939508438,0,0,0,22.5573301017284,0,92.5019797384739,0,0,0,0,0,377.894394278526,1.66644287109375,196.129507809877,0,689.269869863987,0,80.6824527978897,0,401.806708693504,0,54.5429258644581,0,28.8278623223305,0,282.698006123304,713.182106763124,549.244529604912,188.166800737381,96.4858538508415,77.2838723659515,425.179977923632,216.919195592403,4.20025360584259,0,79.1257818937302,0,0,0,544.884510964155,0,0,0,58.3706824183464,0,0,0,0,0,10.051978468895,0,0,0,0,0,0,0,0,0,3.09326231479645,0,0,0,1.05244466662407,2.77385282516479,0,0,0,0,0,1.48124098777771
75.1541631519794,5415.23687449098,115.382570922375,13268.8930621743,8.88572537899017,617.361709356308,306.992178916931,0,11.9633787870407,985.597981721163,44.7546544671059,2795.26081046462,153.044501692057,5175.64462724328,16.6804870963097,678.978216141462,2.69339847564697,224.62692373991,282.120046526194,490.746664494276,0,0,228.846778154373,1057.47208890319,13.2254912555218,8.30893352627754,0,2.17573046684265,158.076784789562,172.059012949467,270.144183754921,202.857554376125,47.3475146591663,196.248818457127,0,5.20468521118164,0,29.3327892422676,0,2.89104056358337,0,0,0,0,0,6.54420810937881,0,8.63356631994247,0,26.5891093313694,0,37.6447412669659,0,0.728011250495911,0,1.20386755466461,9.85439994931221,513.545201331377,0,263.641407579184,0,530.20811444521,0,365.34231069684,0,354.904223620892,0,9.16595974564552,9.36798730492592,3.92637348175049,953.092918276787,1281.51423093677,464.735818773508,1791.38248187304,123.478017926216,450.772122889757,242.394807338715,1819.7302543819,0,1.07993626594543,0,57.5216383337975,0,0,0,376.128330528736,0,0,0,122.115771412849,0,0,0,0,2.43664044141769,21.1911075413227,0,0,0,0,0,0,0,0,0,3.1460953950882,0,2.21765184402466,20.5729670524597,6.18928581476212,0,0,0,0,0,2.23886543512344
9.83473971486092,0,334.757212728262,42.1159116625786,861.888271033764,12.0579190850258,446.495422244072,11.9633787870407,0,2.68517208099365,9.82939058542252,0,492.47740906477,0,3589.12369042635,0,2.12166690826416,0,32.3957164883614,0,2.99733304977417,0,175.512871861458,127.745460093021,55.189035743475,26.3725835084915,29.5968416333199,3.28104484081268,500.279927670956,0,55.5677589774132,28.4815825819969,12.1726444363594,4.84449845552444,0,0,2.7871880531311,0,0.910426437854767,0,19.4491373300552,0,0,0,0,0,0,0,0,0,0,0,0,0,0,0,0,0,0,0,0,0,0,0,0,0,0,0,0,0,209.976461112499,90.9001834988594,1177.12745124102,20.964472591877,75.4254338145256,4.01859664916992,147.082887649536,4.51999962329865,0,0,1.13677310943604,0,3.13967597484589,0,0,0,3.82936400175095,0,0.719009578227997,0,0,0,0,0,1.86059999465942,0,0,0,0,0,0,0,0,0,0,0,0,0,3.64998370409012,0,0,0,0,0,0,0
0,7.12778362631798,8.00767755508423,303.840504765511,4.09779977798462,1266.13898664713,0,985.597981721163,2.68517208099365,0,0,26.3513330221176,1.80827713012695,411.069747507572,1.47546207904816,3238.86104547977,0,4.50795882940292,0.801206707954407,4.37780499458313,0,4.43699049949646,17.1681877374649,60.3303841650486,7.07369273900986,26.9086107909679,0.56858104467392,83.8498153090477,0,132.173523575068,2.58347421884537,10.5212145447731,0.919846653938293,6.22889909148216,0,0,0,4.7119607925415,0,0,0,42.8286017179489,0,0,0,0,0,0,0,0,0,0,0,0,0,0.620671272277832,0,1.92946112155914,0,0,0,0,0,1.30756551027298,0,0,0,0.89550507068634,0,0,24.8901326656342,163.654642850161,5.94146090745926,1129.10287380219,0,83.9528419673443,0,139.630488961935,0,0.575300574302673,0,0,0,8.22873410582542,0,0,0,2.85815405845642,0,1.20251750946045,0,0,0,0,0,1.65186333656311,0,0,0,0,0,0,0,0,0,0,0,0,1.0316253900528,0,0,0,0,0,0,0
2503.27441510558,11.4954957962036,685.849916398525,17.7521584630013,0.688129127025604,0,1239.99736878276,44.7546544671059,9.82939058542252,0,0,15.1186549067497,2613.17089504004,4.86424136161804,31.4447030127048,0,667.77241820097,0,1261.94971486926,127.648147583008,0,0,121.926567256451,32.4864778518677,0,0,0,0,933.954726189375,1.34103190898895,81.6949527263641,31.0542083978653,52.1918539404869,28.1522180438042,7.26138526201248,0,5.52379179000854,0,0.813269257545471,0,0,0,0,0,0,0,0,0,1.05960929393768,0,1.55238449573517,0,0,0,0,0,305.627077043056,0,86.4824583530426,0,643.264327406883,0,501.049633055925,0,40.3206952214241,0,44.8743561804295,0,84.1948529481888,0,40.9831209778786,98.6964989304543,214.995263159275,29.7115416526794,27.8255474567413,5.32100182771683,70.9712418913841,25.9221131205559,24.7217825055122,0,630.335238099098,0,1.0653840303421,0,666.071104824543,0,0,0,135.236617565155,0,0,0,0,0,4.48850321769714,0,0,0,0,0,0,0,0,0,1.56309103965759,0,0,0,1.33548760414124,0,0,0,0,0,0,0
3.63643944263458,3016.86517941952,11.4142128825188,1625.31902593374,0,1.26132899522781,97.39540797472,2795.26081046462,0,26.3513330221176,15.1186549067497,0,33.1323657631874,3484.34984877706,0,151.584886819124,0,1124.57122680545,109.997376531363,856.109591722488,0,0,21.043251991272,789.111043959856,0,0,0,0,27.2401379346848,698.645503997803,63.7487673163414,95.5507653951645,18.6946330070496,98.3280915021896,3.32479339838028,3.71266031265259,0,3.24027442932129,0,1.69302010536194,0,0,0,0.602959096431732,0,0,0,0,0,2.86107683181763,0,3.37514913082123,0,0,0,0,0,442.434866011143,0,99.9038090109825,0,717.526408225298,0,1024.43741092086,0,133.171695977449,0,8.21964728832245,0,7.65190753340721,173.506933838129,163.986751168966,83.5123336911201,737.640999048948,14.6697803139687,43.017393887043,25.1692169904709,148.761724174023,0,7.38030713796616,0,219.055253744125,0,0,0,426.908591508865,0,0,0,76.0279511809349,0,0,0,0,0,0,0,0,0,0,0,0,0,0,0,0,0,0,0,0,0,0,0,0,0,0
1372.31608057022,1.65312695503235,1419.55698490143,65.49305164814,23.0496144890785,0,6804.53710114956,153.044501692057,492.47740906477,1.80827713012695,2613.17089504004,33.1323657631874,0,30.2855045795441,2726.54992327094,1.66944539546967,160.245430409908,0,1343.70391529799,85.459279447794,0,0,1036.23702806234,208.986714303493,6.25542801618576,0,0,0,1356.90413454175,5.75970357656479,209.464891046286,81.1306203007698,96.6190338134766,78.6372376680374,4.6257791519165,0,6.09042429924011,0,0,0,0,0,0,0,0,0,0,0,0,0,0,0,0,0,0,0,111.014442354441,0,12.5693277716637,0,240.788292586803,0,179.903116345406,0,38.0429494976997,0,9.67171263694763,0,33.8651063144207,0,115.731007158756,325.63199236989,412.436364620924,97.2823142409325,49.0752405524254,24.6090841293335,87.6713795661926,35.9585215449333,13.8991004228592,0,331.013782471418,0,0,0,293.760800719261,0,0,0,34.1735193133354,0,0,0,0,0,1.07261526584625,0,0,0,0,0,0,0,0,0,0,0,0,0,0.857438206672668,0,0,0,0,0,0,0
0,601.891814976931,3.37802624702454,1206.36837017536,1.20705235004425,22.3258153796196,26.4955307841301,5175.64462724328,0,411.069747507572,4.86424136161804,3484.34984877706,30.2855045795441,0,3.77916753292084,2491.9264472723,0,172.227511644363,29.9380865097046,268.906505227089,0,0,23.4847136735916,785.347830563784,1.06191301345825,2.54166179895401,0,0,22.8459102511406,548.590041667223,50.0332572460175,88.292777121067,16.2402145862579,58.4372153282166,0,3.22782507538795,0,5.21166408061981,0,0,0,0,0,0.78406685590744,0,0.699410080909729,0,0,0,0,0,1.20415055751801,0,0,0,0,0,110.761189728975,0,28.3053798079491,0,258.621895551682,0,486.468277812004,0,40.0840581655502,0,0,0,0.559863090515137,99.4729069471359,150.905550271273,61.1036421060562,909.240297883749,10.5032182335854,75.1071309447289,5.76612704992294,128.411083221436,0,1.52633810043335,0,110.881410181522,0,0,0,114.954673051834,0,0,0,15.4108774065971,0,0,0,0,0,2.4700448513031,0,0,0,0,0,0,0,0,0,0,0,0,0.904740691184998,0,0,0,0,0,0,2.56300210952759
13.3946083784103,0,433.322964429855,32.3467954993248,2017.17530584335,5.21319407224655,400.67519068718,16.6804870963097,3589.12369042635,1.47546207904816,31.4447030127048,0,2726.54992327094,3.77916753292084,0,0,13.6288284659386,0,73.8860843777657,1.70551991462708,27.5373937785625,8.05705374479294,386.939854115248,86.2564505040646,325.2037294209,28.3598142266273,454.672507554293,14.0284881591797,2245.92441627383,0,116.889975577593,35.1165546178818,12.5162780880928,12.4149031639099,0,0,6.50597393512726,0,1.08812439441681,0,25.8760765790939,0,0,0,0,0,2.37274497747421,0,0,0,0,0,0,0,0,0,0.833185136318207,0,0,0,1.04607713222504,0,0,0,0,0,0,0,0,0,269.419762551785,102.148823916912,1017.31096938252,9.35095047950745,88.2640330195427,0.839891016483307,190.39397329092,0,0.519708216190338,0,2.74022328853607,0,9.52600014209747,0,1.27777791023254,0,6.98263227939606,0,1.41307014226913,0,0,0,0,0,1.99768680334091,0,1.6858184337616,0,0,0,0,0,0,0,0,0,0,0,2.5272724032402,0,0,0,0,0,0,0
0,14.7181670963764,1.44921278953552,379.762092202902,0.690420627593994,2322.90744227171,2.01997804641724,678.978216141462,0,3238.86104547977,0,151.584886819124,1.66944539546967,2491.9264472723,0,0,0,36.4895091056824,0,34.1179357171059,2.89724606275558,84.0306955575943,6.73884558677673,219.467084914446,5.3907105922699,171.924055457115,4.77481079101562,406.198874384165,1.26127886772156,1045.97929608822,14.6588661372662,22.341518163681,2.92884063720703,9.1306546330452,0,0,0.800514876842499,21.4675244092941,0,0,0,103.894820809364,0,0,0,0,0,0,0,0,0,0,0,0,0,2.06594812870026,0,6.87815254926682,0,0,0,0,0,18.6691175103188,0,0,0,1.64415240287781,0,0,17.0533219575882,189.663914829493,0,2748.62485080957,0,95.5005260705948,0,122.092645704746,0,1.47220969200134,0,8.63211956620216,0,32.6622045636177,0,3.69531220197678,0,11.0571951270103,0,2.12602818012238,0,0,0,0,0,2.81040889024734,0,0,0,0,0,0,0,0,0,0,0,0,1.31540417671204,0,0,0,0,0,0,0
489.047430187464,1.21570733189583,128.129116415977,2.64804869890213,0,0,66.7487009763718,2.69339847564697,2.12166690826416,0,667.77241820097,0,160.245430409908,0,13.6288284659386,0,0,0,396.519166231155,48.3612182736397,0,0,20.0958639383316,0.601659774780273,0,0,0,0,3579.35421916842,0.931797742843628,20.9971415400505,3.23952561616898,3.90076100826263,18.9903440475464,9.9114742577076,5.39307516813278,15.375748872757,4.34542566537857,1.80365002155304,0,0,0,1.64800745248795,0.723950743675232,13.5907438099384,0,3.86431422829628,0,6.46287006139755,0,8.90939351916313,0,0,0,0,0,1430.48998832703,6.06692487001419,104.926799952984,3.81262320280075,471.934716582298,0,1655.48604020476,0.989473462104797,22.209576189518,0,55.8888310194016,14.7221546471119,51.0979599058628,0.512663900852203,11.1175576448441,31.1173043847084,362.185339093208,6.96036106348038,28.6674751639366,2.60837399959564,79.8714005947113,7.57110321521759,938.975129157305,1.84908258914948,1951.93304523826,0.886862218379974,21.8768490552902,0,214.111285090446,1.14739668369293,3.78834593296051,0,75.1994036138058,0,0,0,0,0,2.03963828086853,0,0.559366166591644,0,0,0,0,0,0,0,0,0,3.87992167472839,0,0,1.48703455924988,0,0,0,0,0,0
1.57918262481689,1229.73928558826,0.806115567684174,252.962843626738,0,0.4255151450634,1.51971113681793,224.62692373991,0,4.50795882940292,0,1124.57122680545,0,172.227511644363,0,36.4895091056824,0,0,15.9110429286957,265.209690660238,0,0,0,80.530009418726,0,0,0,0,3.70828682184219,2592.04766476154,2.11732369661331,9.41094082593918,1.90564024448395,17.6117860674858,0,2.13098603487015,1.98529815673828,10.30407756567,0,5.71808910369873,0,0,0,0.980447798967361,0,10.232905626297,0,2.35980314016342,0,7.20295009016991,0,4.21980595588684,0,0,0,0.863823592662811,1.12661349773407,2585.8143850863,0,97.3457850217819,0,363.776477456093,0,2377.89647069573,0,37.7673176229,3.57880789041519,23.3744754493237,1.70180854201317,26.0345634818077,34.0579314231873,28.0517649948597,8.93369317054749,1222.07112503052,0,56.018748998642,8.03413254022598,134.618776738644,0,383.979792773724,1.44685196876526,1208.24189150333,0,8.56848001480103,0,127.353131502867,0,0.452677756547928,0,34.876629203558,0,0,0,0,0,2.57323122024536,0,0,0,0,0,0,0,1.04638874530792,0,0,0,0,1.07265961170197,0,0,0,0,0,0,0
2973.42823678255,398.665437072515,2203.52212041616,172.605869799852,4.86163714528084,0,1441.186001122,282.120046526194,32.3957164883614,0.801206707954407,1261.94971486926,109.997376531363,1343.70391529799,29.9380865097046,73.8860843777657,0,396.519166231155,15.9110429286957,0,1705.75113630295,0.943310976028442,0,1365.79118642211,193.624656498432,4.94365954399109,1.11780714988708,0,0,1493.25810354948,14.6931944489479,839.297694712877,209.389903634787,2330.31336039305,417.101783275604,108.031245619059,1.47939568758011,103.176464855671,18.9918887913227,14.8393268585205,1.96040940284729,2.30324953794479,0,49.3663533329964,0,44.3996565043926,0,31.2323906421661,0.70518171787262,17.9351824223995,0,50.8263929486275,0,0,0,0,0,485.670543521643,38.6485126316547,298.831405043602,0,89.1022717952728,0,42.0567138195038,1.80016762018204,30.3833239972591,0,2895.93991813064,45.4374221265316,2104.97187075019,103.796852827072,1281.44203150272,609.332885205746,2970.37647682428,231.805217981339,1093.6676556468,122.120939642191,5618.36969250441,611.35442763567,7.48536849021912,0,28.4676107168198,0,2.34790796041489,0,13.1603938639164,0,0,0,0.585014164447784,0,0,0,0,0,117.360494494438,2.14104479551315,5.83688223361969,0,0,0,0,0,0,0,8.89833265542984,0,0,0,47.3471410572529,27.6074848771095,0,0,0,0,0,9.74084693193436
989.699409544468,1391.25339019299,100.706506729126,1837.21581789851,0,0,377.927193254232,490.746664494276,0,4.37780499458313,127.648147583008,856.109591722488,85.459279447794,268.906505227089,1.70551991462708,34.1179357171059,48.3612182736397,265.209690660238,1705.75113630295,0,0,1.34475076198578,44.4570407867432,902.540170401335,0,2.31348472833633,0,0.926774382591248,242.631426632404,164.885136753321,343.143250823021,627.30307585001,317.823692053556,3778.13279610872,6.83085036277771,52.2981206178665,23.9263865947723,205.935541987419,1.00430369377136,68.5824682712555,0,0.510422050952911,0,12.1139171719551,0,12.956925034523,0,45.6141187250614,0,51.991426050663,0,81.2990230619907,0,0,0,0,192.637471109629,954.493215292692,1.03646659851074,157.032321244478,1.52362006902695,37.4817007184029,0.489631474018097,85.0461628735065,0,55.2900649309158,38.6257950663567,1085.78425243497,293.353324949741,3072.3361312151,1367.42933994532,1387.90695628524,779.701289713383,1702.62855041027,257.953303694725,912.867292225361,1782.88942667842,5306.26612097025,0,15.960217833519,0,23.2392073869705,0,0,0,29.0990614891052,0,0,0,5.17182371020317,0,0,0,0,3.52007097005844,78.992702960968,0,0,0,0,0,0,0,0,0,3.48144692182541,0,0,46.4610077440739,16.3218832612038,0,0,0,0,0,2.9627228975296
0,0,0,5.17762207984924,85.6955275833607,8.68996173143387,0,0,2.99733304977417,0,0,0,0,0,27.5373937785625,2.89724606275558,0,0,0.943310976028442,0,0,67.175832092762,34.9469154179096,26.9089315533638,187.774348944426,65.0004099905491,799.577697366476,44.4242134094238,7.81727170944214,0,740.365386843681,39.9063705801964,25.0813584327698,3.70167475938797,2.03680527210236,1.52763587236404,5.99455296993256,0.753086447715759,1.4685697555542,0,23.1309300661087,10.5289018154144,0,0,0,0,0,0,0,0,0,0,0,0,0,0,0,0,0,0,0,0,0,0,0,0,1.76918983459473,0,0,0,830.565669625998,41.4497435688972,29.0742360651493,3.09942823648453,12.7772409319878,25.420968234539,3.58902513980865,2.61639267206192,0,0,0,0,1.69541966915131,0,0,0,0,0,0,0,0,0,0,0,0,0,0,0,0,0,0,0,0,0,0,0,0,0,0,0,0,0,0,0,0,0
0,0.610115230083466,0,0.99799382686615,11.9400273561478,390.125427931547,0,0,0,4.43699049949646,0,0,0,0,8.05705374479294,84.0306955575943,0,0,0,1.34475076198578,67.175832092762,0,8.40454804897308,38.2055495679379,40.1261529922485,441.825533330441,69.8279574215412,1060.98086673021,4.04716801643372,64.1699117422104,105.837513208389,1050.0827370584,1.81627470254898,27.3207508921623,0,3.34115433692932,2.59640216827393,24.6954674124718,0,0,1.44206285476685,154.11253374815,0,0,0,0,0,1.25914740562439,0,0,0,0,0,0,0,0.996955752372742,0,1.32195198535919,0,0,0,0,0,0,0,0,0,0,0,0,228.848958849907,350.316927731037,2.46734762191772,116.463463902473,0.543483436107635,3.50022250413895,0,6.68716883659363,0,0,0,0,0,47.6721696853638,0,0,0,3.32493412494659,0,1.13974809646606,0,0,0,0,0,0,0,0,0,0,0,0,0,0,0,0,0,0,0,0,0,0,0,0,0,0
28.0861724019051,0.879870235919952,3345.35865801573,330.810171663761,252.594250917435,61.7838447093964,995.542890101671,228.846778154373,175.512871861458,17.1681877374649,121.926567256451,21.043251991272,1036.23702806234,23.4847136735916,386.939854115248,6.73884558677673,20.0958639383316,0,1365.79118642211,44.4570407867432,34.9469154179096,8.40454804897308,0,1397.99023771286,567.053401440382,332.943384200335,125.139202177525,77.0940557420254,913.758266746998,10.2791123390198,4029.75094029307,372.030510902405,340.881013810635,90.7007894814014,47.4240576326847,0,6.01093322038651,0,0,0,5.63751417398453,1.69807946681976,0,0,0,0,0,0,0,0,0,0,0,0,0,0,6.26757717132568,0,0,0,0,0,0,0,0,0,15.9668887853622,0,4.31253498792648,0,1212.76611834764,581.366512089968,1720.38015905023,112.651134669781,303.507097929716,55.5570605397224,923.938668131828,66.8372622728348,0,0,2.17016553878784,0,0,0,1.70881283283234,0,0,0,0,0,0,0,0,0,6.96897274255753,0,0.599461674690247,0,0,0,0,0,0,0,0,0,0,0,5.32768452167511,1.09657037258148,0,0,0,0,0,0
8.95660531520844,115.416699826717,418.710979789495,3727.86971026659,289.433420926332,135.103411525488,327.563062608242,1057.47208890319,127.745460093021,60.3303841650486,32.4864778518677,789.111043959856,208.986714303493,785.347830563784,86.2564505040646,219.467084914446,0.601659774780273,80.530009418726,193.624656498432,902.540170401335,26.9089315533638,38.2055495679379,1397.99023771286,0,677.828992813826,1109.41336643696,101.260906219482,84.9803725779057,177.344936311245,140.051214337349,1028.62985798717,3523.12477764487,90.3690774440765,1493.06344488263,0.678944885730743,75.405105561018,0,17.6993077397346,0,1.8120539188385,0,4.34417736530304,0,8.7435699403286,0,1.12909579277039,0,13.7729459404945,0,0,0,0,0,0,0,0,0,33.8606226742268,0,1.04362201690674,0,0,0,21.7409630715847,0,0.617273449897766,0,135.371596366167,0,13.4801019430161,1396.10105288029,1681.3461060226,588.105405509472,2067.00422236323,117.371161818504,800.696962684393,121.518693685532,1944.93063306808,0,4.42991751432419,0,14.3085403442383,0,1.87339842319489,0,1.90188479423523,0,0,0,0,0,0,0,0,0,13.6709683835506,0,0,0,0,0,0,0,0,0,0,0,0,18.9794358611107,5.08131349086761,0,0,0,0,0,1.85111939907074
0,0,190.623923927546,106.732311725616,430.304164260626,83.4251313507557,9.55353850126266,13.2254912555218,55.189035743475,7.07369273900986,0,0,6.25542801618576,1.06191301345825,325.2037294209,5.3907105922699,0,0,4.94365954399109,0,187.774348944426,40.1261529922485,567.053401440382,677.828992813826,0,774.034203201532,966.746096551418,189.234691917896,143.727661699057,1.09429466724396,526.463145017624,290.414159446955,18.7783438563347,14.5805430710316,4.18512547016144,0,1.59962075948715,0,0,0,8.15609353780746,1.58313620090485,0,0,0,0,0,0,0,0,0,0,0,0,0,0,0,0,0,0,0,0,0,0,0,0,0,0,0,0,467.117022037506,196.997639119625,532.947754621506,21.0080686807632,44.9849193394184,0.62278014421463,46.4046477675438,0,0,0,1.15955579280853,0,0.80930632352829,0,1.22010099887848,0,2.32632604241371,0,0.579983115196228,0,0,0,0,0,0,0,0,0,0,0,0,0,0,0,0,0,0,0,0.482228070497513,0,0,0,0,0,0,0
0,0,41.2180592417717,161.722315192223,231.214437454939,308.424879968166,0.91774183511734,8.30893352627754,26.3725835084915,26.9086107909679,0,0,0,2.54166179895401,28.3598142266273,171.924055457115,0,0,1.11780714988708,2.31348472833633,65.0004099905491,441.825533330441,332.943384200335,1109.41336643696,774.034203201532,0,352.153345704079,1400.5442327559,12.5089603066444,35.5625644624233,534.295778542757,1355.87787565589,5.03840100765228,73.0025891661644,0.36172142624855,1.2228390276432,0,1.46738594770432,0,0,0,23.7973358333111,0,0,0,0,0,0,0,0,0,0,0,0,0,0,0,0,0,0,0,0,0,0,0,0,0,2.85731244087219,0,0,343.664080411196,813.720554679632,50.1193578243256,563.052142232656,3.03464633226395,57.9336324334145,0,73.3379674553871,0,0,0,0,0,6.7288281917572,0,0,0,1.48411676287651,0,0,0,0,0,0,0,0,0,0,0,0,0,0,0,0,0,0,0,0,1.41433745622635,0,0,0,0,0,0,0
0,0,5.41359370946884,7.51587182283401,747.071708351374,43.2101568281651,0,0,29.5968416333199,0.56858104467392,0,0,0,0,454.672507554293,4.77481079101562,0,0,0,0,799.577697366476,69.8279574215412,125.139202177525,101.260906219482,966.746096551418,352.153345704079,0,539.118119716644,246.267156481743,1.20433044433594,283.195794910192,158.537946164608,11.578505396843,12.7245916128159,0,0,148.81363171339,172.737694561481,43.2946677207947,3.05462557077408,13.8293834924698,2.12379693984985,0,0.752080738544464,0,0,0,2.7482705116272,0,0,0,0,0,0,0,0.649503409862518,0,0,0,0,0,0,0,0,0,0,0,0,0,0,489.373572528362,62.076774597168,286.686108589172,6.36355817317963,21.0927675962448,0,11.0196272730827,12.4874929189682,0,0,0,0,0.993598133325577,0,0,0,1.20089101791382,0,0.790006637573242,0,0,1.04574143886566,0,0,0,2.18740862607956,0,0,0.610263884067535,0,0,0,0,0.767031610012054,1.0625342130661,0,0,0,0,0.855564117431641,0,0,0,0,0,0
0,0,4.27292239665985,14.4087033867836,69.6827677190304,1155.99879723787,0,2.17573046684265,3.28104484081268,83.8498153090477,0,0,0,0,14.0284881591797,406.198874384165,0,0,0,0.926774382591248,44.4242134094238,1060.98086673021,77.0940557420254,84.9803725779057,189.234691917896,1400.5442327559,539.118119716644,0,8.01688325405121,72.3216722607613,157.958956390619,327.047934442759,1.20690047740936,13.4220503568649,0,0,142.140638649464,156.845197170973,35.1409478187561,1.77664321660995,2.59439730644226,87.285406678915,0,0,0,0,0.932435095310211,3.42984926700592,0,0,0,0,0,0,0,1.14335143566132,0,0,0,0.648710608482361,0,0,0,0,0,0,0,0,0,0,170.311703026295,721.911463111639,10.5619128346443,638.179149657488,9.69416999816895,29.30866548419,5.84678781032562,52.0444288849831,0,0,0,0,0,17.8168665766716,0,2.15132319927216,0,3.65112206339836,0,0.492296904325485,0,0.978830635547638,0,0,0,0,1.14461922645569,0,0,0,0,0,0,0,0,0,0,3.14601516723633,0,0,0,0,0,0,0,0
1571.78738841414,51.2512767314911,1190.76333466172,84.4821827709675,920.18496003747,0.683590888977051,506.951603680849,158.076784789562,500.279927670956,0,933.954726189375,27.2401379346848,1356.90413454175,22.8459102511406,2245.92441627383,1.26127886772156,3579.35421916842,3.70828682184219,1493.25810354948,242.631426632404,7.81727170944214,4.04716801643372,913.758266746998,177.344936311245,143.727661699057,12.5089603066444,246.267156481743,8.01688325405121,0,3.77435916662216,242.738995343447,78.7624092102051,77.2504087388515,93.2237340807915,241.756859719753,42.7668001651764,213.072533905506,24.6975926756859,58.9126452505589,0,159.101722836494,0,298.620960623026,20.3698198795319,107.711948603392,0,515.014840126038,0,177.875064045191,0,247.667062133551,0,82.1781347095966,0,148.464319735765,0,1570.13395026326,17.4916169047356,539.560614138842,4.29290479421616,259.380907952785,0,353.582526266575,1.44238388538361,81.3133725523949,0,271.545845657587,73.2987774908543,257.599611580372,9.86949801445007,184.851557612419,248.158666312695,2057.57338440418,79.0447245836258,107.375627070665,40.1431459188461,378.719412207603,109.220828592777,479.983672767878,0.882131099700928,1276.88531979918,0,455.691307961941,0,270.21529841423,0,413.316026747227,0,236.922411382198,0,33.2659819424152,0,2.11261057853699,0,11.3085526227951,1.95264828205109,9.91219139099121,0,44.5978185236454,0,0,0,3.69088166952133,1.1609560251236,0.743933439254761,0,2.7265105843544,1.62713193893433,1.49075329303741,1.73408854007721,0,0,0,0,0,0
1.90236592292786,244.670259982347,1.58439540863037,309.674320876598,0,290.426242053509,8.15101873874664,172.059012949467,0,132.173523575068,1.34103190898895,698.645503997803,5.75970357656479,548.590041667223,0,1045.97929608822,0.931797742843628,2592.04766476154,14.6931944489479,164.885136753321,0,64.1699117422104,10.2791123390198,140.051214337349,1.09429466724396,35.5625644624233,1.20433044433594,72.3216722607613,3.77435916662216,0,12.7135547995567,15.3975853919983,4.31309378147125,24.4694694280624,8.51380276679993,14.8499454557896,2.25257515907288,104.897521883249,0,7.77450227737427,0,324.51112216711,12.0183184146881,34.4115003049374,1.7563853263855,52.6941324174404,2.19107913970947,95.6443473398685,0,37.7948366999626,0,59.0601792931557,0,49.0223712921143,0,38.7632019519806,4.97040987014771,582.831491291523,0,114.747411578894,0.814271748065948,58.2674661874771,0,404.962359786034,0,19.8534600138664,10.1256332993507,48.8186503946781,2.8906381726265,23.3462524712086,36.574841439724,33.778336584568,20.2662898898125,3436.00614222884,0.872891366481781,44.5284693837166,16.4490925073624,81.8388401269913,0,568.395827233791,0,759.863021284342,0,455.350606113672,0,155.248570770025,0,59.0765960812569,0,52.0854031145573,0,7.04121249914169,0,0,0,6.67991232872009,0,0,0,6.25446999073029,0,1.21815884113312,0,3.08146727085114,1.24274802207947,2.16674345731735,0,0,1.45241361856461,1.81524837017059,2.03788924217224,0,0,0,0,0
138.196011215448,32.6620856523514,273.209762245417,243.144199579954,128.03679266572,39.9656409621239,229.16729426384,270.144183754921,55.5677589774132,2.58347421884537,81.6949527263641,63.7487673163414,209.464891046286,50.0332572460175,116.889975577593,14.6588661372662,20.9971415400505,2.11732369661331,839.297694712877,343.143250823021,740.365386843681,105.837513208389,4029.75094029307,1028.62985798717,526.463145017624,534.295778542757,283.195794910192,157.958956390619,242.738995343447,12.7135547995567,0,633.27687561512,1932.35530102253,229.91943448782,710.600824803114,11.0918611884117,5.63288342952728,4.53322517871857,3.93143808841705,0,0.828565120697021,0,188.459613472223,0,103.058208554983,0,92.5828767418861,1.26189696788788,1.88502836227417,0,4.45074588060379,0.647118389606476,0,0,0,0,34.3658549487591,4.31186705827713,9.90205749869347,0.609373986721039,12.0789188146591,3.56351494789124,1.79664105176926,0,3.41721126437187,4.85607481002808,1555.88747912645,14.9709963202477,12.2563746869564,1.43625557422638,1966.06855121255,538.695800483227,722.73049145937,252.001848518848,160.358243763447,102.144665181637,668.775792986155,320.171598404646,0.544247925281525,0,0.998428612947464,0,0.865773916244507,0,4.59515172243118,1.91482359170914,0,0,0,0,0,0,0,0,16.0479224324226,8.80127930641174,5.45951402187347,0,0,0,0,0,0,0,1.64875513315201,0.946120738983154,0,0,4.69484311342239,3.11798238754272,0,0,0,0,0,1.81519544124603
49.4105960428715,38.796801507473,118.017233371735,383.292613685131,74.0321767926216,20.500311434269,136.189876168966,202.857554376125,28.4815825819969,10.5212145447731,31.0542083978653,95.5507653951645,81.1306203007698,88.292777121067,35.1165546178818,22.341518163681,3.23952561616898,9.41094082593918,209.389903634787,627.30307585001,39.9063705801964,1050.0827370584,372.030510902405,3523.12477764487,290.414159446955,1355.87787565589,158.537946164608,327.047934442759,78.7624092102051,15.3975853919983,633.27687561512,0,90.3982709646225,2061.84916338325,4.15057390928268,144.54858571291,0.741986811161041,2.4864154458046,0,1.38980907201767,0,2.17583483457565,0,34.682557374239,0,4.90340614318848,0,50.8120517134666,0,0,1.82901620864868,0,0,0,0,0,5.62269192934036,7.13733476400375,0,0.830937266349792,2.920450091362,0.873938918113708,1.87126892805099,8.77068424224854,1.16196346282959,1.75261116027832,9.32454299926758,586.455861270428,2.42450660467148,22.7404688298702,408.336450338364,976.08611536026,270.168204724789,379.385347545147,61.7731427550316,153.78855907917,228.438418507576,512.098052084446,0,0.816468417644501,1.31758034229279,6.31139725446701,0,0.835278153419495,0.643060743808746,2.90511429309845,0,0,0,0,0,0,0,0,4.35999661684036,5.90630114078522,0,0,0,0,0,0,0,0,1.78800356388092,0.656137049198151,0,0,4.94830805063248,3.88776820898056,0,0,0,0,0,0.714968144893646
37.9372275471687,48.4270888864994,77.8704677224159,47.7849548757076,6.93515801429749,0,89.4637766778469,47.3475146591663,12.1726444363594,0.919846653938293,52.1918539404869,18.6946330070496,96.6190338134766,16.2402145862579,12.5162780880928,2.92884063720703,3.90076100826263,1.90564024448395,2330.31336039305,317.823692053556,25.0813584327698,1.81627470254898,340.881013810635,90.3690774440765,18.7783438563347,5.03840100765228,11.578505396843,1.20690047740936,77.2504087388515,4.31309378147125,1932.35530102253,90.3982709646225,0,163.979418039322,661.216165482998,15.9910133481026,13.3982567191124,3.59893029928207,9.03925275802612,0,0,0,93.7087814807892,7.33050721883774,280.641930282116,0,71.4774476289749,0,16.5670663118362,1.93160760402679,5.21361434459686,0,0,0,1.38513779640198,0,55.1177515387535,14.4330267310143,40.7806657552719,0.553272008895874,8.46654498577118,0,0.761680424213409,0.935948014259338,1.54641032218933,0,4796.09501728415,23.8888544738293,403.755918443203,18.2225736379623,253.493432343006,143.152138292789,190.162320464849,59.0474413633347,50.1848683357239,26.1045625805855,287.482999384403,142.917745172977,0,0,5.03473842144012,0,0,0,4.10259753465652,0,0,0,4.99552410840988,0,0,0,0,0,1.05039846897125,0,6.99703180789948,0,0,0,0,0,0,0,0.68663227558136,0,0,0,2.7178663611412,1.31402432918549,0,0,0,0,0,0
142.618151605129,127.830899804831,37.8533604741096,196.866425663233,2.94961071014404,2.67772504687309,96.0967500507832,196.248818457127,4.84449845552444,6.22889909148216,28.1522180438042,98.3280915021896,78.6372376680374,58.4372153282166,12.4149031639099,9.1306546330452,18.9903440475464,17.6117860674858,417.101783275604,3778.13279610872,3.70167475938797,27.3207508921623,90.7007894814014,1493.06344488263,14.5805430710316,73.0025891661644,12.7245916128159,13.4220503568649,93.2237340807915,24.4694694280624,229.91943448782,2061.84916338325,163.979418039322,0,167.911488771439,946.247548997402,37.4533224105835,35.1907641589642,13.4636066555977,28.5116141438484,0,0,31.0964185893536,214.736578941345,40.0860307812691,44.294877320528,23.2567262649536,284.394881635904,10.7405111789703,8.65552747249603,0.988216638565063,9.72337502241135,0,0,0,0,100.708146780729,158.809408485889,21.0651337504387,46.4527532458305,10.1241197884083,11.7058026790619,13.1140556335449,32.3418090641499,1.27894806861877,4.44747680425644,436.672695070505,6545.37168449163,118.59732785821,605.776160657406,467.609900057316,587.812977612019,288.967146873474,274.737253934145,68.3026964068413,148.745551526546,703.74413689971,667.187945097685,2.11357498168945,9.79786801338196,23.8559741675854,39.1623690724373,0,1.97984594106674,17.8534342348576,27.9961521029472,0,0,6.46249163150787,23.2301294803619,0,0,0,0,7.38536906242371,10.0060651302338,1.58446967601776,0.776504337787628,0,0,0,0,0,1.32957994937897,0,3.63928079605103,0,0,5.17803603410721,2.7091600894928,0,0,0,0,0,0.992596626281738
4.54826501011848,4.83855664730072,4.89417719841003,0,0,0,10.9395910799503,0,0,0,7.26138526201248,3.32479339838028,4.6257791519165,0,0,0,9.9114742577076,0,108.031245619059,6.83085036277771,2.03680527210236,0,47.4240576326847,0.678944885730743,4.18512547016144,0.36172142624855,0,0,241.756859719753,8.51380276679993,710.600824803114,4.15057390928268,661.216165482998,167.911488771439,0,181.76677107811,781.694079399109,163.199365735054,140.75675880909,43.1908102035522,77.5847507715225,18.8673794865608,356.976018875837,451.877416849136,436.752742260695,287.465574651957,374.964714080095,131.940957516432,107.009562432766,74.5955909490585,43.5414524674416,41.6663066744804,17.1925044059753,26.5769228637218,76.882732629776,61.3498065173626,4.2225221991539,2.4032596051693,47.8911945223808,46.4691859185696,20.3126636147499,0,26.9732113778591,8.82958397269249,37.994065374136,1.99762445688248,2676.32799327374,407.056309640408,2.55883809924126,6.42037260532379,61.205220669508,1.54034197330475,417.140939712524,140.972323417664,30.6550415754318,25.0365972816944,848.829368531704,188.074277997017,15.2555206418037,2.26436746120453,198.745511651039,38.5967491865158,35.6180446445942,4.86782622337341,310.925576895475,58.7183054983616,3.66078236699104,3.58723437786102,504.701593101025,55.2318214774132,3.77112758159637,0,0,0,26.7024208009243,10.3941451311111,24.8817566931248,4.95836019515991,0,0,0,0,0,0,0.94476318359375,0,0.929515480995178,0,1.16203212738037,6.71204030513763,0,0,0,0,0,0
0,1.27738010883331,0,8.67586201429367,0,0,0,5.20468521118164,0,0,0,3.71266031265259,0,3.22782507538795,0,0,5.39307516813278,2.13098603487015,1.47939568758011,52.2981206178665,1.52763587236404,3.34115433692932,0,75.405105561018,0,1.2228390276432,0,0,42.7668001651764,14.8499454557896,11.0918611884117,144.54858571291,15.9910133481026,946.247548997402,181.76677107811,0,126.940632373095,211.365457504988,28.9231622219086,179.510171294212,6.13837081193924,7.82589024305344,234.637511223555,411.160862863064,213.767040193081,292.727819442749,106.184601664543,276.817294538021,106.119965523481,104.184565901756,44.1756541728973,47.9967177510262,20.7334976196289,17.0902816057205,47.4733010828495,117.225916743279,3.79656171798706,9.7104275226593,19.2006872296333,56.2235802710056,3.27293798327446,2.74738907814026,2.70980274677277,24.8842402100563,3.44344002008438,20.2019637227058,201.948889911175,1939.3802408278,0,2.36958909034729,13.4887378811836,27.8183335363865,75.1403377056122,144.755085587502,7.45785856246948,33.3690550029278,271.05466234684,196.888966113329,2.32908254861832,2.66238749027252,38.8842446804047,72.6624909341335,2.29914975166321,6.44505271315575,54.0581039190292,89.9728968143463,0.546641170978546,9.29005140066147,122.80025061965,153.66503995657,0,0,0,0,5.99039351940155,5.05853080749512,1.17558825016022,2.01166796684265,0,1.56291782855988,0,0,0,0,0,0,0,0,0,3.60995733737946,0,0,0,0,0,0
141.858659386635,5.77757519483566,17.7259187102318,1.48582553863525,11.0947676301003,6.74651271104813,2.83168172836304,0,2.7871880531311,0,5.52379179000854,0,6.09042429924011,0,6.50597393512726,0.800514876842499,15.375748872757,1.98529815673828,103.176464855671,23.9263865947723,5.99455296993256,2.59640216827393,6.01093322038651,0,1.59962075948715,0,148.81363171339,142.140638649464,213.072533905506,2.25257515907288,5.63288342952728,0.741986811161041,13.3982567191124,37.4533224105835,781.694079399109,126.940632373095,0,632.369425028563,1410.63595980406,14.8316974639893,570.308844745159,3.92118048667908,752.336415201426,108.966397225857,241.031249165535,8.28044390678406,1385.40753665566,29.5111356973648,424.867171466351,1.83701741695404,343.380707025528,3.30337035655975,172.651163846254,0.571833968162537,1135.14721149206,51.1772109866142,306.169966638088,44.7281198203564,184.700140744448,77.5856471657753,34.3764474987984,0,19.7698320150375,3.8553039431572,27.995092779398,0,369.191946446896,570.520135939121,194.029692411423,6.82166415452957,179.436773896217,56.9849248826504,249.535122096539,41.9056239128113,892.20605930686,31.4914119243622,3903.83036777377,302.769830226898,8.34022700786591,1.63182497024536,88.3583174347878,14.327495932579,234.905119031668,0,108.175698846579,1.0611857175827,1348.06513497233,1.32964861392975,1972.99203509092,0.859402060508728,351.983731418848,162.285041153431,130.11562821269,111.029478907585,142.60934266448,74.3572707772255,121.663291871548,31.5619936287403,109.295798659325,77.4959651231766,103.10311549902,33.9819792509079,101.481948763132,101.407254219055,111.921833217144,74.7591807544231,48.1012917160988,16.3288818597794,15.676052570343,77.3017692565918,18.1469611525536,4.73511016368866,3.88620921969414,0,2.37473830580711,17.5149302482605
2.66146850585938,298.308905541897,0,84.5656186342239,0,35.5159492492676,1.47607254981995,29.3327892422676,0,4.7119607925415,0,3.24027442932129,0,5.21166408061981,0,21.4675244092941,4.34542566537857,10.30407756567,18.9918887913227,205.935541987419,0.753086447715759,24.6954674124718,0,17.6993077397346,0,1.46738594770432,172.737694561481,156.845197170973,24.6975926756859,104.897521883249,4.53322517871857,2.4864154458046,3.59893029928207,35.1907641589642,163.199365735054,211.365457504988,632.369425028563,0,122.618715912104,1845.66570881009,0,687.237764567137,99.243893891573,304.777974933386,28.6371698379517,349.545483410358,87.540280520916,792.095292627811,4.38649129867554,317.206854879856,2.02902841567993,344.753866165876,0,325.320183247328,2.71553599834442,1601.58614945412,13.7668802142143,280.550955295563,27.0438394546509,178.493205606937,3.63962423801422,8.57830888032913,7.92665380239487,21.2383024692535,18.4077154695988,40.0118012726307,301.723630189896,361.722377538681,2.24682539701462,59.8693409264088,62.2825321555138,164.367018759251,67.0247691273689,490.105831563473,35.1160894632339,579.395393043756,513.694190710783,4026.29341739416,2.70904874801636,4.41074794530869,21.9391628503799,93.6516695618629,0,460.059836834669,2.62093067169189,285.212227165699,2.5542973279953,1212.94757080078,2.66390371322632,1412.8647479713,78.5156430006027,91.5054717957973,25.8534226119518,54.2180981934071,25.7362273335457,140.542060822248,42.6485080718994,22.9308507144451,29.8616076111794,62.8073282837868,20.9346017241478,32.5560939311981,35.0832065045834,89.6999060809612,42.4151450693607,51.7504760921001,19.9488889276981,19.1235871911049,13.9194588363171,39.794153213501,9.71764349937439,1.42087650299072,1.16322723031044,0,1.58031189441681,2.55278933048248
36.2069557309151,1.41708886623383,0,1.94807064533234,1.74274796247482,1.59575080871582,0,0,0.910426437854767,0,0.813269257545471,0,0,0,1.08812439441681,0,1.80365002155304,0,14.8393268585205,1.00430369377136,1.4685697555542,0,0,0,0,0,43.2946677207947,35.1409478187561,58.9126452505589,0,3.93143808841705,0,9.03925275802612,13.4636066555977,140.75675880909,28.9231622219086,1410.63595980406,122.618715912104,0,12.5451749563217,907.579169601202,0,304.526483088732,24.5560917854309,156.967360556126,5.11035311222076,1050.50990074873,19.8111082911491,80.7733283638954,1.72653579711914,28.0354970991611,0,19.4380688071251,0,1742.41157612205,31.5363790392876,106.480026841164,1.07448446750641,61.3652673065662,7.78994083404541,10.0514180660248,0,1.89502263069153,0,3.85050308704376,0,392.204996526241,115.953321516514,66.3890233039856,0,30.6762763857841,8.99037683010101,49.1510287225246,8.30581867694855,39.2133729755878,28.8034609556198,189.271175503731,60.2305030524731,4.11299419403076,0,13.3313093185425,1.43595743179321,150.882323116064,0,16.1437910795212,0,422.430005609989,0,463.137204617262,0,328.419616311789,386.801005095243,127.01227748394,120.097069084644,55.9711441993713,162.329694390297,103.498788326979,51.7008835673332,70.9298444390297,129.70101672411,103.765804827213,25.3366558551788,106.888990610838,69.1145252287388,108.8065546453,55.4640578627586,50.0078507065773,15.034256875515,3.9179992377758,3.73956888914108,19.0861385166645,1.58173280954361,5.63416707515717,0,1.85873484611511,5.97314855456352
1.85804414749146,111.803639948368,0,29.6552577018738,0,1.92832243442535,0,2.89104056358337,0,0,0,1.69302010536194,0,0,0,0,0,5.71808910369873,1.96040940284729,68.5824682712555,0,0,0,1.8120539188385,0,0,3.05462557077408,1.77664321660995,0,7.77450227737427,0,1.38980907201767,0,28.5116141438484,43.1908102035522,179.510171294212,14.8316974639893,1845.66570881009,12.5451749563217,0,0,1281.97136360407,29.3809838593006,492.178578257561,6.33311513066292,170.176553070545,31.0864026546478,867.078052401543,1.84297215938568,45.2062827050686,1.53822934627533,62.0080327093601,0,92.418065726757,3.00209367275238,1760.57474556565,0,167.957830250263,0,37.6263686418533,0,4.26776868104935,0,12.6302235722542,0,2.08662128448486,54.2565896809101,616.905906707048,0.908739149570465,51.3445393443108,5.48940312862396,32.2057483196259,0,84.0734157264233,4.72495687007904,63.9153869748116,13.0646996498108,178.49154856801,0,1.62562537193298,0,17.8837112486362,0,46.1766086220741,0,72.0575365126133,0,248.441587656736,0,219.665683478117,17.1814519762993,19.6781150102615,10.0166095495224,22.4394218921661,9.8818953037262,22.9965633153915,13.0554212629795,39.1067124009132,7.91603738069534,13.3863062560558,6.41634595394135,11.691288292408,4.26748621463776,21.274476647377,2.70154267549515,10.4354913234711,2.97991049289703,5.1703115105629,0,0.775465488433838,3.24094134569168,0,0,0,0.493232548236847,2.34156769514084
2.76127588748932,0,1.61511164903641,0,48.163153886795,0,0,0,19.4491373300552,0,0,0,0,0,25.8760765790939,0,0,0,2.30324953794479,0,23.1309300661087,1.44206285476685,5.63751417398453,0,8.15609353780746,0,13.8293834924698,2.59439730644226,159.101722836494,0,0.828565120697021,0,0,0,77.5847507715225,6.13837081193924,570.308844745159,0,907.579169601202,0,0,15.3305416703224,95.1265560388565,0,7.13275748491287,0,204.829905897379,0,12.7995201051235,0,59.2832587659359,0,19.2528831958771,0,217.22188475728,0,0,0,1.83738407492638,0,2.7165761590004,0,0,0,3.15506702661514,0,16.0834369063377,5.22411751747131,0,0,228.130524814129,42.6291874051094,528.096534967422,1.03172731399536,473.477303028107,36.9673326015472,265.759477972984,2.05751085281372,0,0,18.2216147780418,0,303.114594995975,0,27.5814073681831,0,2205.57404351234,0,259.697313964367,0,12.9399823248386,0.978370517492294,2.19843870401382,0.550546288490295,3.88047814369202,0.594600200653076,3.14818131923676,0,8.66908165812492,0,0,0,0.436258256435394,0,0.60448145866394,1.72656777501106,0,0,2.59827327728271,0,0.489075660705566,0,0,0,0,0.616157233715057
0,1.79816836118698,0,5.57205772399902,0,236.342527121305,0,0,0,42.8286017179489,0,0,0,0,0,103.894820809364,0,0,0,0.510422050952911,10.5289018154144,154.11253374815,1.69807946681976,4.34417736530304,1.58313620090485,23.7973358333111,2.12379693984985,87.285406678915,0,324.51112216711,0,2.17583483457565,0,0,18.8673794865608,7.82589024305344,3.92118048667908,687.237764567137,0,1281.97136360407,15.3305416703224,0,15.4666298627853,45.5088638365269,0,26.7739848196507,0,210.450735479593,0,41.9369823038578,0,102.795809805393,0,79.5597761869431,0,532.404931247234,0,2.19042360782623,0,20.3284249901772,0,4.41564202308655,0,4.99339574575424,0,10.4265839755535,5.97779619693756,34.8647439777851,0,0,26.9743228554726,208.583974480629,3.56327331066132,1311.81490918994,7.27775239944458,337.781756639481,0.825564742088318,153.141374379396,0,0,0,34.618271112442,0,2197.4490211606,0,154.407371580601,0.960070013999939,2035.67325508595,0.861945569515228,465.705619633198,0,7.96526002883911,0,0,0,2.52658748626709,0.879124104976654,0.93422132730484,0,7.43486788868904,0,1.05236995220184,0.574920356273651,1.16220557689667,0,0.673230946063995,0,0,0.741020858287811,0,0,0,0,0,0,0
2.60620099306107,0,0,0,0,0,2.26250493526459,0,0,0,0,0,0,0,0,0,1.64800745248795,0,49.3663533329964,0,0,0,0,0,0,0,0,0,298.620960623026,12.0183184146881,188.459613472223,0,93.7087814807892,31.0964185893536,356.976018875837,234.637511223555,752.336415201426,99.243893891573,304.526483088732,29.3809838593006,95.1265560388565,15.4666298627853,0,3502.68778911233,8524.15344181657,1659.22320619226,7535.40810289979,1922.91781699657,2540.87345775962,503.388576954603,2833.82663396001,84.0822265148163,648.995727747679,38.6343905925751,277.721980512142,189.20891520381,0,0,56.5307957231998,26.8909001946449,2.79933112859726,0,2.77060765028,1.19721662998199,0.750392973423004,0,2568.34107980132,949.391398131847,0,0,7.80250051617622,0,457.593696981668,128.329628437757,21.1138996779919,17.6047085523605,741.438611984253,105.944942772388,8.61447846889496,0,229.634031355381,31.51609775424,58.4225596487522,4.74814414978027,362.172965735197,51.2927405834198,14.9561676979065,0,366.465584695339,43.3497602641582,234.655574917793,19.5905891954899,0,0,26.3873762786388,0,20.7258247733116,9.0367745757103,321.948148548603,129.707130283117,0,0,0,0,0,0,0,0,0,2.69291013479233,0,0,0,0,0,0
0,0.609385669231415,0,0.811895310878754,0,0.915867030620575,0,0,0,0,0,0.602959096431732,0,0.78406685590744,0,0,0.723950743675232,0.980447798967361,0,12.1139171719551,0,0,0,8.7435699403286,0,0,0.752080738544464,0,20.3698198795319,34.4115003049374,0,34.682557374239,7.33050721883774,214.736578941345,451.877416849136,411.160862863064,108.966397225857,304.777974933386,24.5560917854309,492.178578257561,0,45.5088638365269,3502.68778911233,0,2034.14016851783,8299.6153292954,201.55889248848,4829.74365341663,838.885702550411,1878.7987613976,240.727385103703,948.867008417845,59.6791066527367,1196.57887682319,73.1596933603287,307.636385142803,0,1.97743678092957,125.900862544775,62.4409031271935,0,1.92098420858383,0,6.47465232014656,1.79127579927444,5.35010832548141,1077.39514285326,3303.15595644712,0,3.7722789645195,2.66472780704498,6.46062642335892,56.4214542508125,308.197573661804,2.19757521152496,61.6048403382301,135.340922385454,345.553251981735,3.71088314056396,3.757941365242,9.87609261274338,141.189325600863,0,19.6383673250675,53.3282720446587,194.671439439058,0,10.8811537027359,111.816993117332,100.701649278402,0,23.279402256012,0,0,0,14.102352231741,0,136.73471096158,0,50.6358038783073,0,0,0,0,0,0,0,0,0,3.58525890111923,0,0,0,0,0,0
5.0419864654541,0,1.70147824287415,0,0,0,6.32429939508438,0,0,0,0,0,0,0,0,0,13.5907438099384,0,44.3996565043926,0,0,0,0,0,0,0,0,0,107.711948603392,1.7563853263855,103.058208554983,0,280.641930282116,40.0860307812691,436.752742260695,213.767040193081,241.031249165535,28.6371698379517,156.967360556126,6.33311513066292,7.13275748491287,0,8524.15344181657,2034.14016851783,0,1560.89761549234,979.367661178112,75.1299815773964,2850.00592401624,160.297697424889,314.790044635534,19.8944018483162,72.6600166261196,10.1696722507477,117.813029050827,10.0572369098663,2.75768777728081,0.767453849315643,161.569843202829,27.3960927724838,7.02399238944054,0,2.72778412699699,0,17.6688441932201,0,2564.04909071326,640.599882811308,1.22334480285645,3.40406858921051,4.69775152206421,1.33221447467804,176.900019794703,11.0984816551208,24.8970284759998,2.01723432540894,466.86622017622,26.568034440279,20.7799020409584,0.774449586868286,226.302311182022,7.22884845733643,11.3899654746056,0,175.323763310909,5.98839008808136,0,0,89.0409653484821,4.51548552513123,5.21911805868149,0.817507266998291,0,0,26.9935188889503,0,29.7557778358459,1.17049950361252,2.59064924716949,0,0,0,0,0,0,0,0,0,0,5.80914747714996,0,0,0,0,0,0
0,15.2210264205933,0,18.1698494851589,0,0,0,6.54420810937881,0,0,0,0,0,0.699410080909729,0,0,0,10.232905626297,0,12.956925034523,0,0,0,1.12909579277039,0,0,0,0,0,52.6941324174404,0,4.90340614318848,0,44.294877320528,287.465574651957,292.727819442749,8.28044390678406,349.545483410358,5.11035311222076,170.176553070545,0,26.7739848196507,1659.22320619226,8299.6153292954,1560.89761549234,0,22.2360817193985,1341.36171427369,288.83260640502,4395.21720087528,32.4582144618034,1485.79717203975,0,259.986257106066,0,304.689199477434,1.26046466827393,18.1641561686993,34.1033331751823,214.052487522364,0,7.34179908037186,0,31.8731765449047,0,21.5930364131927,494.509593367577,1918.16779068112,1.12497806549072,2.64038819074631,0,6.04291114211082,1.70394551753998,430.002586394548,0,142.458250433207,17.1041293144226,684.82069209218,0,29.4773790836334,0,555.858338028193,0,22.4255993664265,1.94869565963745,449.479448527098,0,0.760662436485291,0,258.687620699406,0,1.09181833267212,0,0,0,27.9561876952648,0,60.9247705638409,0,0,0,0,0,0,0,0,0,0,2.51821649074554,13.1715926527977,0,0,0,0,0,0
0,0,0.659631907939911,0,0.762350916862488,0,0,0,0,0,0,0,0,0,2.37274497747421,0,3.86431422829628,0,31.2323906421661,0,0,0,0,0,0,0,0,0.932435095310211,515.014840126038,2.19107913970947,92.5828767418861,0,71.4774476289749,23.2567262649536,374.964714080095,106.184601664543,1385.40753665566,87.540280520916,1050.50990074873,31.0864026546478,204.829905897379,0,7535.40810289979,201.55889248848,979.367661178112,22.2360817193985,0,44.4606106281281,537.558893918991,7.33214497566223,1506.62783583999,3.28811407089233,1888.50371778011,1.18293702602386,3473.20037376881,57.3939365148544,0.789663136005402,8.09939301013947,27.7214598953724,20.7188147306442,1.06443065404892,0,0.761563539505005,2.66253924369812,2.2436558008194,0,1259.64212375879,376.252079457045,1.41164445877075,0,8.47535705566406,0,528.106235206127,3.66667395830154,25.702215641737,0,741.70421937108,40.017725110054,4.73468333482742,0,234.939838260412,3.08577418327332,156.496193915606,0,488.462550252676,3.41261839866638,163.064312011003,0,1238.81415709853,2.28981900215149,746.25177192688,0,0.780042588710785,0,17.0481532812119,3.271788418293,20.1308456361294,1.62703478336334,836.052435040474,0,0,0,0,0.525445163249969,0.999308109283447,0.574995160102844,0,0,0,52.7278749644756,0,0,0,1.09007668495178,0,0
0,34.3295526504517,0,14.3044938445091,0,1.08938264846802,0,8.63356631994247,0,0,0,0,0,0,0,0,0,2.35980314016342,0.70518171787262,45.6141187250614,0,1.25914740562439,0,13.7729459404945,0,0,2.7482705116272,3.42984926700592,0,95.6443473398685,1.26189696788788,50.8120517134666,0,284.394881635904,131.940957516432,276.817294538021,29.5111356973648,792.095292627811,19.8111082911491,867.078052401543,0,210.450735479593,1922.91781699657,4829.74365341663,75.1299815773964,1341.36171427369,44.4606106281281,0,26.0270973443985,219.456402987242,0,195.142432689667,0,2568.35012835264,0.699384391307831,4192.04302048683,0,47.4931718707085,3.04516106843948,48.8642471730709,0,3.26132780313492,0,11.3322286307812,0,5.51344573497772,209.814294278622,1457.42577397823,0,13.8271310031414,4.22777390480042,16.2099381685257,1.19325506687164,815.744942158461,0.63543438911438,117.704632937908,22.5501020550728,794.691813886166,0,4.63057971000671,3.41442632675171,176.797397255898,0,87.0750187039375,2.76207947731018,600.934969514608,0,95.2650971114635,2.56806206703186,398.940576225519,1.000901222229,519.86670923233,0.519785225391388,2.36657559871674,2.64827305078506,65.4094225466251,0,485.303640693426,0,858.864362418652,0.445700824260712,1.21167725324631,0,1.53178226947784,2.78288626670837,6.1633528470993,0,3.60561645030975,3.41388744115829,48.246384292841,0.695929527282715,1.14480686187744,0,0,0.655188381671906,0.411688178777695
16.2580559253693,0,8.64480292797089,0,0,0,22.5573301017284,0,0,0,1.05960929393768,0,0,0,0,0,6.46287006139755,0,17.9351824223995,0,0,0,0,0,0,0,0,0,177.875064045191,0,1.88502836227417,0,16.5670663118362,10.7405111789703,107.009562432766,106.119965523481,424.867171466351,4.38649129867554,80.7733283638954,1.84297215938568,12.7995201051235,0,2540.87345775962,838.885702550411,2850.00592401624,288.83260640502,537.558893918991,26.0270973443985,0,57.2934766411781,6304.93165022135,2.95404571294785,568.477307736874,0,518.165131896734,0,8.49469900131226,0,1079.83418390155,6.60743308067322,122.216084212065,0,5.35181111097336,0.474382072687149,41.0181747674942,1.19435477256775,815.059344291687,358.648105233908,3.43909496068954,0,4.95877486467361,0,277.969315797091,0,36.9351179897785,0,638.131598889828,2.75767582654953,18.2929159104824,0,390.555231034756,0,34.8231506943703,0,501.974048882723,1.3163093328476,0.397024035453796,0,305.537353932858,0,45.6352061331272,0,0,0,28.0149817466736,0,19.0790068507195,0,3.62265193462372,0,0,0,0,0,0,0,0,0,0,6.54831671714783,0,0,0,0,0,0
0,77.207219183445,0,81.928774535656,0,0,0,26.5891093313694,0,0,0,2.86107683181763,0,0,0,0,0,7.20295009016991,0,51.991426050663,0,0,0,0,0,0,0,0,0,37.7948366999626,0,0,1.93160760402679,8.65552747249603,74.5955909490585,104.184565901756,1.83701741695404,317.206854879856,1.72653579711914,45.2062827050686,0,41.9369823038578,503.388576954603,1878.7987613976,160.297697424889,4395.21720087528,7.33214497566223,219.456402987242,57.2934766411781,0,7.59886711835861,5930.46620503068,0,628.907995253801,0,490.447294473648,0,130.245446145535,9.46140760183334,1896.88476085663,0,15.2668269574642,0,52.9959608912468,0,376.282778382301,157.544240325689,829.929742276669,0,15.0943645238876,0.640088498592377,4.91803258657455,0,457.317661434412,0,114.101442605257,5.73017299175262,521.294363230467,0,21.9588465690613,0,515.186285674572,0,25.7530582845211,16.2106812000275,708.477170974016,0,0,2.72656750679016,489.127273052931,0,0,0,0,0,21.8654611706734,0,2.41522681713104,0,2.62383979558945,0,0,0,0,0,0.722575306892395,0,0,0.69413560628891,8.21882954239845,0,0,0,0,0,0
103.221062898636,0,40.0524177253246,0,0,0,92.5019797384739,0,0,0,1.55238449573517,0,0,0,0,0,8.90939351916313,0,50.8263929486275,0,0,0,0,0,0,0,0,0,247.667062133551,0,4.45074588060379,1.82901620864868,5.21361434459686,0.988216638565063,43.5414524674416,44.1756541728973,343.380707025528,2.02902841567993,28.0354970991611,1.53822934627533,59.2832587659359,0,2833.82663396001,240.727385103703,314.790044635534,32.4582144618034,1506.62783583999,0,6304.93165022135,7.59886711835861,0,3.41281628608704,4543.60353955626,0,1252.69986182451,0,82.3016746640205,0,2464.74569097161,1.38306450843811,753.037377327681,0,13.4506774842739,0,511.455643683672,0,653.757910013199,179.668431818485,42.5294586122036,0,11.3489999771118,1.36491990089417,293.743326306343,0,22.3198039233685,0,463.250367373228,4.59065371751785,17.9475848078728,0,253.420067638159,1.67307889461517,77.523702442646,0,4076.28675362468,0,41.9280366897583,0,1651.63369110227,2.88117098808289,129.350221037865,0,0,0,19.2830762863159,0,8.13869762420654,0,8.84705048799515,0,0,0,0,0,0,0,0,0,0,0,0,0,0,0,0,0
0,105.387468099594,0,154.875154435635,0,0,0,37.6447412669659,0,0,0,3.37514913082123,0,1.20415055751801,0,0,0,4.21980595588684,0,81.2990230619907,0,0,0,0,0,0,0,0,0,59.0601792931557,0.647118389606476,0,0,9.72337502241135,41.6663066744804,47.9967177510262,3.30337035655975,344.753866165876,0,62.0080327093601,0,102.795809805393,84.0822265148163,948.867008417845,19.8944018483162,1485.79717203975,3.28811407089233,195.142432689667,2.95404571294785,5930.46620503068,3.41281628608704,0,0,2365.76362374425,0,1192.17223492265,0,214.518174111843,0,1920.18388140202,0,21.6591591536999,0,39.6706103384495,0,903.476707339287,36.3333430290222,597.962296009064,0,25.1653833985329,0,12.1688885390759,0,414.692092746496,0,62.8617413043976,0,365.901468366385,2.28158330917358,16.2488695383072,0,471.376593619585,0,79.5421120226383,3.49404335021973,5181.75667136908,0,29.5592958927155,0,1860.07734706998,0,0,0,0,0,21.2154528200626,0,3.69435238838196,0,1.83710104227066,0,0,0,0,0,0,0,0,0,3.45571202039719,0,0,0,0,0,0
1.41809350252151,0,0,0,0,0,0,0,0,0,0,0,0,0,0,0,0,0,0,0,0,0,0,0,0,0,0,0,82.1781347095966,0,0,0,0,0,17.1925044059753,20.7334976196289,172.651163846254,0,19.4380688071251,0,19.2528831958771,0,648.995727747679,59.6791066527367,72.6600166261196,0,1888.50371778011,0,568.477307736874,0,4543.60353955626,0,0,0,2162.25760519505,0,11.6167174577713,0,33.8699736595154,0,2.12711524963379,0,0.564686954021454,0,14.9897801280022,0,44.7935241758823,61.446876347065,0,0,1.60000109672546,0,88.8832421302795,0,6.94017073512077,0,134.782911360264,0,3.40883576869965,0,52.9272822439671,0,17.7031103074551,0,449.109838455915,0,21.6191113591194,0,693.487387984991,0,96.3861506283283,0,0,0,1.10884654521942,0,0.714142560958862,0,21.6343245506287,0,0,0,0,0,0,0,0,0,0,0,0,0,0,0,0,0
0,1.41025084257126,0,0.707010209560394,0,0,0,0.728011250495911,0,0,0,0,0,0,0,0,0,0,0,0,0,0,0,0,0,0,0,0,0,49.0223712921143,0,0,0,0,26.5769228637218,17.0902816057205,0.571833968162537,325.320183247328,0,92.418065726757,0,79.5597761869431,38.6343905925751,1196.57887682319,10.1696722507477,259.986257106066,1.18293702602386,2568.35012835264,0,628.907995253801,0,2365.76362374425,0,0,0,3914.14874300361,0,4.77485924959183,0,12.8616454303265,0,1.33512645959854,0,3.09216982126236,0,7.83014732599258,30.5021024644375,75.8413963615894,0,0,0,0.684573113918304,0,351.929788976908,0,42.6439968943596,0,182.114768981934,0,0,0,132.483347952366,0,31.2578393518925,0,769.69456872344,0,36.3535479307175,0,2166.55391150713,0,59.508637368679,0,0,0,4.29850053787231,0,2.93700662255287,0,131.844503283501,0,0,0,0,0,0,0,0,0,3.53041791915894,0,0,0,0,0,0
1.52192091941833,0,0,0,1.55174922943115,0,0,0,0,0,0,0,0,0,0,0,0,0,0,0,0,0,0,0,0,0,0,0,148.464319735765,0,0,0,1.38513779640198,0,76.882732629776,47.4733010828495,1135.14721149206,2.71553599834442,1742.41157612205,3.00209367275238,217.22188475728,0,277.721980512142,73.1596933603287,117.813029050827,0,3473.20037376881,0.699384391307831,518.165131896734,0,1252.69986182451,0,2162.25760519505,0,0,1.43805146217346,3.80189245939255,0,51.5674764215946,0,4.80181583762169,0,0.889836311340332,0,27.5413915216923,0,146.410891860723,92.4231432676315,0,0,0,0,115.398120820522,0,16.2159738242626,0,185.910079419613,0.966709911823273,0.379616618156433,0,58.8700376749039,0,63.8801339566708,0,336.553109705448,0,392.207098573446,0,2999.30410924554,0,217.126037985086,0,0,0,5.51069319248199,0,0.872624516487122,0,135.145765841007,0,0,0,0,0,0,0,0,0,0,3.56074839830399,0,0,0,0,0,0
0,6.8939420580864,0,0,0,2.07043081521988,0,1.20386755466461,0,0.620671272277832,0,0,0,0,0,2.06594812870026,0,0.863823592662811,0,0,0,0.996955752372742,0,0,0,0,0.649503409862518,1.14335143566132,0,38.7632019519806,0,0,0,0,61.3498065173626,117.225916743279,51.1772109866142,1601.58614945412,31.5363790392876,1760.57474556565,0,532.404931247234,189.20891520381,307.636385142803,10.0572369098663,304.689199477434,57.3939365148544,4192.04302048683,0,490.447294473648,0,1192.17223492265,0,3914.14874300361,1.43805146217346,0,0.47651544213295,10.2110511660576,0,43.1435852646828,0,1.57046380639076,0,4.54261004924774,0,35.2626281678677,87.8975932002068,227.997493743896,0,5.06529083848,4.5084171295166,10.0113795399666,9.4803284406662,311.59281334281,0,27.498773932457,31.4087035059929,228.747309356928,0,3.0063169002533,1.67028605937958,45.6559604406357,0,120.04559341073,0,528.213205248117,0,642.845023274422,0,2958.0096693486,0,141.787813872099,0,0,0,5.32639595866203,0,80.4016368985176,0,575.717263877392,0,0,0,0,0,0,0,0.698605537414551,1.84729892015457,4.31154036521912,0,0,0,0,0,0
11548.6215211749,64.6974908411503,150.621568292379,15.1941122710705,0,0,377.894394278526,9.85439994931221,0,0,305.627077043056,0,111.014442354441,0,0.833185136318207,0,1430.48998832703,1.12661349773407,485.670543521643,192.637471109629,0,0,6.26757717132568,0,0,0,0,0,1570.13395026326,4.97040987014771,34.3658549487591,5.62269192934036,55.1177515387535,100.708146780729,4.2225221991539,3.79656171798706,306.169966638088,13.7668802142143,106.480026841164,0,0,0,0,0,2.75768777728081,1.26046466827393,0.789663136005402,0,8.49469900131226,0,82.3016746640205,0,11.6167174577713,0,3.80189245939255,0.47651544213295,0,120.634219765663,1901.03369683027,14.8090856671333,5122.49590665102,0,2094.70065632463,5.75220769643784,383.73618593812,0.659024477005005,484.499203801155,126.572482049465,1369.82625237107,88.3121278882027,101.410411596298,159.860472381115,1547.70203909278,21.6536464095116,565.397603869438,11.9528514444828,2577.23590457439,240.976433962584,350.078885138035,10.3790627121925,230.993871897459,4.89617043733597,0,0,617.688474774361,0,0,0,211.500149548054,0,0,0,0,0,69.3012397587299,2.21695727109909,9.62641531229019,0,0,0,0,0,0,0,7.83845800161362,0,8.34107947349548,0,5.27220666408539,14.314638197422,0.887867331504822,0,0,0,0,1.49661493301392
12.1981580257416,11579.6154235899,0,324.459455311298,0,0,1.66644287109375,513.545201331377,0,1.92946112155914,0,442.434866011143,0,110.761189728975,0,6.87815254926682,6.06692487001419,2585.8143850863,38.6485126316547,954.493215292692,0,1.32195198535919,0,33.8606226742268,0,0,0,0,17.4916169047356,582.831491291523,4.31186705827713,7.13733476400375,14.4330267310143,158.809408485889,2.4032596051693,9.7104275226593,44.7281198203564,280.550955295563,1.07448446750641,167.957830250263,0,2.19042360782623,0,1.97743678092957,0.767453849315643,18.1641561686993,8.09939301013947,47.4931718707085,0,130.245446145535,0,214.518174111843,0,4.77485924959183,0,10.2110511660576,120.634219765663,0,34.3194226026535,3650.39944979548,22.2514551281929,1937.84924846888,13.9501649737358,3484.81440973282,1.54204058647156,499.232397288084,130.664515286684,438.214713692665,90.5300545990467,2763.31030678749,331.889134734869,346.276132166386,31.2910726666451,2130.77687010169,2.52178174257278,774.356276631355,481.92393514514,3200.03507977724,4.80341750383377,104.705031245947,11.905611038208,460.134876251221,0,2.31739145517349,0,321.412435293198,0,0,0,230.112242609262,0,0,0,0,4.10821509361267,112.901185870171,1.65257108211517,2.21611380577087,0,1.34236407279968,0,0,0,0,0,6.99968975782394,0,3.06936895847321,9.74744987487793,12.7616871595383,0,0,0,0,1.13350045681,1.57850605249405
551.96174004674,0.724149733781815,105.27302980423,0,0,0,196.129507809877,0,0,0,86.4824583530426,0,12.5693277716637,0,0,0,104.926799952984,0,298.831405043602,1.03646659851074,0,0,0,0,0,0,0,0,539.560614138842,0,9.90205749869347,0,40.7806657552719,21.0651337504387,47.8911945223808,19.2006872296333,184.700140744448,27.0438394546509,61.3652673065662,0,1.83738407492638,0,56.5307957231998,125.900862544775,161.569843202829,34.1033331751823,27.7214598953724,3.04516106843948,1079.83418390155,9.46140760183334,2464.74569097161,0,33.8699736595154,0,51.5674764215946,0,1901.03369683027,34.3194226026535,0,11.2159291505814,5209.1093185544,0.997849106788635,203.088024020195,3.68765980005264,1056.78114023805,0,2401.74500146508,132.592395246029,292.162676125765,14.9189689159393,55.9901210069656,18.0507743358612,534.477871656418,6.57198518514633,153.705786079168,2.91839426755905,1137.82096475363,46.8647893071175,89.1694136857986,0.863251328468323,481.915396779776,6.9141309261322,7.13709646463394,0,634.712425738573,3.01671433448792,0,0,319.479522079229,0,1.30895245075226,0,0,0,58.5866754055023,0,14.9507687687874,0,0,0,0,0,0,0,1.27146124839783,0,4.74328708648682,0,0.924934923648834,4.00580072402954,0,0,0,0,0,0
0,713.88285690546,0,176.549402356148,0,0,0,263.641407579184,0,0,0,99.9038090109825,0,28.3053798079491,0,0,3.81262320280075,97.3457850217819,0,157.032321244478,0,0,0,1.04362201690674,0,0,0,0.648710608482361,4.29290479421616,114.747411578894,0.609373986721039,0.830937266349792,0.553272008895874,46.4527532458305,46.4691859185696,56.2235802710056,77.5856471657753,178.493205606937,7.78994083404541,37.6263686418533,0,20.3284249901772,26.8909001946449,62.4409031271935,27.3960927724838,214.052487522364,20.7188147306442,48.8642471730709,6.60743308067322,1896.88476085663,1.38306450843811,1920.18388140202,0,12.8616454303265,0,43.1435852646828,14.8090856671333,3650.39944979548,11.2159291505814,0,2.27622666954994,2050.23015585542,4.1328721344471,860.452597409487,2.64252582192421,2599.35777005553,124.001141488552,3183.37545835972,3.06795275211334,134.002238631248,27.1894050240517,50.0386794805527,10.721711575985,545.451887667179,1.07014131546021,170.58539262414,95.9129377007484,718.788876563311,0.655000984668732,118.874135941267,2.78175893425941,556.287398636341,0,11.8687211275101,8.44807350635529,631.445884674788,0,1.03105986118317,2.91598773002625,462.20100069046,0,0,0,0,0,41.0133256316185,0,0.800122320652008,0,0,0,0,0,0,0,0,0,0,1.22706043720245,8.1255247592926,0,0,0,0,0,0
2183.3652459383,3.26910573244095,115.377169907093,0,0,0,689.269869863987,0,0,0,643.264327406883,0,240.788292586803,0,1.04607713222504,0,471.934716582298,0,89.1022717952728,1.52362006902695,0,0,0,0,0,0,0,0,259.380907952785,0.814271748065948,12.0789188146591,2.920450091362,8.46654498577118,10.1241197884083,20.3126636147499,3.27293798327446,34.3764474987984,3.63962423801422,10.0514180660248,0,2.7165761590004,0,2.79933112859726,0,7.02399238944054,0,1.06443065404892,0,122.216084212065,0,753.037377327681,0,2.12711524963379,0,4.80181583762169,0,5122.49590665102,22.2514551281929,5209.1093185544,2.27622666954994,0,0,1530.95299351215,0.657251715660095,3624.94842529297,0,195.711003392935,27.3215880990028,58.1686394810677,6.47330048680305,17.0328969359398,28.5910370349884,232.203829646111,7.24024766683578,63.1252869665623,1.48181962966919,181.30793607235,16.7269894778728,48.2042853236198,0,292.919634759426,0.519946277141571,10.9220146536827,0,1857.02320352197,0,7.95006027817726,0,642.903161019087,0,0,0,0,0,4.97601097822189,0,0,0,0,0,0,0,0,0,0.613030672073364,0,0,0,0,0,0,0,0,0,0,0
0,1018.85622903705,0,63.34345510602,0,0,0,530.20811444521,0,0,0,717.526408225298,0,258.621895551682,0,0,0,363.776477456093,0,37.4817007184029,0,0,0,0,0,0,0,0,0,58.2674661874771,3.56351494789124,0.873938918113708,0,11.7058026790619,0,2.74738907814026,0,8.57830888032913,0,4.26776868104935,0,4.41564202308655,0,1.92098420858383,0,7.34179908037186,0,3.26132780313492,0,15.2668269574642,0,21.6591591536999,0,1.33512645959854,0,1.57046380639076,0,1937.84924846888,0.997849106788635,2050.23015585542,0,0,0,4393.97588229179,0,2261.07844489813,3.72382706403732,26.5068363249302,0,8.14177739620209,6.86049556732178,11.2144463956356,0,136.705360651016,0,19.3055378198624,0,42.2849087119102,0,2.90300130844116,0,147.119646787643,0,1.68644738197327,0,876.481808722019,0,0,0,304.374456107616,0,0,0,0,0,0,0,0,0,0,0,0,0,0,0,0,0,0,0,0,0,0,0,0,0,0
320.270465373993,1.12415170669556,28.1971675753593,0,0,0,80.6824527978897,0,0,0,501.049633055925,0,179.903116345406,0,0,0,1655.48604020476,0,42.0567138195038,0.489631474018097,0,0,0,0,0,0,0,0,353.582526266575,0,1.79664105176926,1.87126892805099,0.761680424213409,13.1140556335449,26.9732113778591,2.70980274677277,19.7698320150375,7.92665380239487,1.89502263069153,0,0,0,2.77060765028,0,2.72778412699699,0,0.761563539505005,0,5.35181111097336,0,13.4506774842739,0,0.564686954021454,0,0.889836311340332,0,2094.70065632463,13.9501649737358,203.088024020195,4.1328721344471,1530.95299351215,0,0,5.32084131240845,324.313765406609,0,71.2903801202774,38.5865904390812,42.0654738545418,7.09100332856178,2.43824243545532,5.64092969894409,101.859667927027,1.68308711051941,19.9581138491631,0,44.9204598665237,24.1530101895332,196.40669849515,0,2504.96723741293,0,26.3722481131554,0,1301.32748067379,0,9.32913339138031,0,404.613921105862,0,0,0,0,0,3.93623805046082,0,3.04094180464745,0,0,0,0,0,0,0,0.960697650909424,0,0,0,0,0,0,0,0,0,0,0
0.461642801761627,594.754260748625,0,116.697534382343,0,0,0,365.34231069684,0,1.30756551027298,0,1024.43741092086,0,486.468277812004,0,18.6691175103188,0.989473462104797,2377.89647069573,1.80016762018204,85.0461628735065,0,0,0,21.7409630715847,0,0,0,0,1.44238388538361,404.962359786034,0,8.77068424224854,0.935948014259338,32.3418090641499,8.82958397269249,24.8842402100563,3.8553039431572,21.2383024692535,0,12.6302235722542,0,4.99339574575424,1.19721662998199,6.47465232014656,0,31.8731765449047,2.66253924369812,11.3322286307812,0.474382072687149,52.9959608912468,0,39.6706103384495,0,3.09216982126236,0,4.54261004924774,5.75220769643784,3484.81440973282,3.68765980005264,860.452597409487,0.657251715660095,4393.97588229179,5.32084131240845,0,0,959.73022210598,18.0567461848259,135.579524517059,7.25903341174126,52.7201347649097,32.0549845099449,23.4193533658981,0,549.343958288431,0,65.7323018908501,45.1851994395256,239.988646358252,2.05139648914337,68.4707156419754,1.49355870485306,3739.58247458935,0,12.1014032363892,0,2192.01938217878,0,11.885404586792,0,325.632683306932,0,0,0,0,0,12.467892408371,0,0.77433842420578,0,0,0,0,0,0,0,0,0,0,0.82517409324646,2.19313192367554,0,0,0,0,0,0
627.716496229172,0,43.6912639141083,0,0,0,401.806708693504,0,0,0,40.3206952214241,0,38.0429494976997,0,0,0,22.209576189518,0,30.3833239972591,0,0,0,0,0,0,0,0,0,81.3133725523949,0,3.41721126437187,1.16196346282959,1.54641032218933,1.27894806861877,37.994065374136,3.44344002008438,27.995092779398,18.4077154695988,3.85050308704376,0,3.15506702661514,0,0.750392973423004,1.79127579927444,17.6688441932201,0,2.2436558008194,0,41.0181747674942,0,511.455643683672,0,14.9897801280022,0,27.5413915216923,0,383.73618593812,1.54204058647156,1056.78114023805,2.64252582192421,3624.94842529297,0,324.313765406609,0,0,0,109.439773291349,19.978985786438,5.81626933813095,0.879231572151184,9.22833341360092,4.24288094043732,117.032903820276,0,33.2302858829498,0,71.6690460443497,6.99818444252014,4.82025545835495,0,254.430431753397,0,24.7613945007324,0,5623.76369327307,0,10.1422237455845,0,761.546873897314,0,0,0,0,0,8.77841359376907,0,0,0,0,0,0,0,0,0,0.509195446968079,0,0,0,1.25390684604645,1.15153563022614,0,0,0,0,0,0
0,539.785215735435,0,161.965661525726,0,0,0,354.904223620892,0,0,0,133.171695977449,0,40.0840581655502,0,0,0,37.7673176229,0,55.2900649309158,0,0,0,0.617273449897766,0,0,0,0,0,19.8534600138664,4.85607481002808,1.75261116027832,0,4.44747680425644,1.99762445688248,20.2019637227058,0,40.0118012726307,0,2.08662128448486,0,10.4265839755535,0,5.35010832548141,0,21.5930364131927,0,5.51344573497772,1.19435477256775,376.282778382301,0,903.476707339287,0,7.83014732599258,0,35.2626281678677,0.659024477005005,499.232397288084,0,2599.35777005553,0,2261.07844489813,0,959.73022210598,0,0,4.60009288787842,89.8868798911572,0,6.78345012664795,6.35904011130333,21.6073545217514,0,145.355557471514,0,35.8754121363163,0,84.7505715489388,0,4.83910953998566,0,1166.57127508521,0,11.7953654527664,0,5008.18767473102,0,4.49466869235039,0,1120.54142919183,0,0,0,0,0,8.13035315275192,0,0,0,0,0,0,0,0,0,0,0,0,0,0.901229977607727,0,0,0,0,0,0
161.073948025703,6.72598817944527,91.6807684898376,0,0,0,54.5429258644581,0,0,0,44.8743561804295,0,9.67171263694763,0,0,0,55.8888310194016,3.57880789041519,2895.93991813064,38.6257950663567,1.76918983459473,0,15.9668887853622,0,0,0,0,0,271.545845657587,10.1256332993507,1555.88747912645,9.32454299926758,4796.09501728415,436.672695070505,2676.32799327374,201.948889911175,369.191946446896,301.723630189896,392.204996526241,54.2565896809101,16.0834369063377,5.97779619693756,2568.34107980132,1077.39514285326,2564.04909071326,494.509593367577,1259.64212375879,209.814294278622,815.059344291687,157.544240325689,653.757910013199,36.3333430290222,44.7935241758823,30.5021024644375,146.410891860723,87.8975932002068,484.499203801155,130.664515286684,2401.74500146508,124.001141488552,195.711003392935,3.72382706403732,71.2903801202774,18.0567461848259,109.439773291349,4.60009288787842,0,1393.22441345453,2737.14130052924,56.7034379541874,108.987604528666,66.2519281208515,413.791395962238,169.098964601755,106.944331228733,17.9118246436119,1463.20929637551,397.482957422733,73.1305530667305,6.54247945547104,449.127428740263,22.3378246426582,15.5077709257603,0,361.538980484009,23.9982462525368,4.3279490172863,0.883711874485016,318.700394451618,30.5503657460213,8.66942799091339,0,0,0,69.3262284696102,0,30.8705283403397,5.27541518211365,11.222826063633,0,0,0,0,0,0,0,0,0,5.46252274513245,10.7290179729462,0,0,0,0,0,0
2.81582885980606,43.0149283707142,0,67.6134371459484,0,0,0,9.16595974564552,0,0.89550507068634,0,8.21964728832245,0,0,0,1.64415240287781,14.7221546471119,23.3744754493237,45.4374221265316,1085.78425243497,0,0,0,135.371596366167,0,2.85731244087219,0,0,73.2987774908543,48.8186503946781,14.9709963202477,586.455861270428,23.8888544738293,6545.37168449163,407.056309640408,1939.3802408278,570.520135939121,361.722377538681,115.953321516514,616.905906707048,5.22411751747131,34.8647439777851,949.391398131847,3303.15595644712,640.599882811308,1918.16779068112,376.252079457045,1457.42577397823,358.648105233908,829.929742276669,179.668431818485,597.962296009064,61.446876347065,75.8413963615894,92.4231432676315,227.997493743896,126.572482049465,438.214713692665,132.592395246029,3183.37545835972,27.3215880990028,26.5068363249302,38.5865904390812,135.579524517059,19.978985786438,89.8868798911572,1393.22441345453,0,76.9135466814041,1084.06933638453,225.084448188543,99.6630081236362,180.941017866135,332.18451371789,14.7731582522392,84.2425090074539,1303.95822182298,725.951407730579,24.9080237746239,45.1691384911537,114.095459192991,320.975155353546,0,16.9015992879868,62.4892857074738,206.205189943314,0,12.2373909652233,82.7846291661263,278.265958398581,6.70052510499954,1.97551810741425,0,0,1.69554018974304,24.0813381373882,1.96721506118774,35.8027629554272,0,4.43378376960754,0,0,0,0,0,0,0,0,1.12429809570312,3.55228137969971,0,0,0,0,0,0
2042.74993294477,98.8872824311256,85.331786185503,11.0161206126213,0,0,28.8278623223305,9.36798730492592,0,0,84.1948529481888,0,33.8651063144207,0,0,0,51.0979599058628,1.70180854201317,2104.97187075019,293.353324949741,0,0,4.31253498792648,0,0,0,0,0,257.599611580372,2.8906381726265,12.2563746869564,2.42450660467148,403.755918443203,118.59732785821,2.55883809924126,0,194.029692411423,2.24682539701462,66.3890233039856,0.908739149570465,0,0,0,0,1.22334480285645,1.12497806549072,1.41164445877075,0,3.43909496068954,0,42.5294586122036,0,0,0,0,0,1369.82625237107,90.5300545990467,292.162676125765,3.06795275211334,58.1686394810677,0,42.0654738545418,7.25903341174126,5.81626933813095,0,2737.14130052924,76.9135466814041,0,114.280254900455,381.372958093882,157.5126927495,708.205923259258,12.125656247139,422.814464777708,10.5832433104515,3733.81762936711,170.807722449303,8.33196610212326,1.18697500228882,26.8509784638882,3.37173789739609,0,0,6.10424065589905,0,0,0,5.22729355096817,0,0,0,0,0,86.8550583124161,0,5.38106483221054,0,0,0,0,0,0,0,2.1455545425415,0,3.24592506885529,0,21.0161951184273,9.71235698461533,0,0,0,0,0,4.00005561113358
23.7758612334728,385.9984138906,0,55.7342918217182,0,0,0,3.92637348175049,0,0,0,7.65190753340721,0,0.559863090515137,0,0,0.512663900852203,26.0345634818077,103.796852827072,3072.3361312151,0,0,0,13.4801019430161,0,0,0,0,9.86949801445007,23.3462524712086,1.43625557422638,22.7404688298702,18.2225736379623,605.776160657406,6.42037260532379,2.36958909034729,6.82166415452957,59.8693409264088,0,51.3445393443108,0,0,0,3.7722789645195,3.40406858921051,2.64038819074631,0,13.8271310031414,0,15.0943645238876,0,25.1653833985329,0,0,0,5.06529083848,88.3121278882027,2763.31030678749,14.9189689159393,134.002238631248,6.47330048680305,8.14177739620209,7.09100332856178,52.7201347649097,0.879231572151184,6.78345012664795,56.7034379541874,1084.06933638453,114.280254900455,0,247.657359331846,227.377496510744,27.3541453480721,153.141007512808,6.30727881193161,116.478671550751,333.123241573572,1161.9324580133,0,9.02833378314972,7.60399746894836,31.5939678549767,0,0,0,11.9316262900829,0,0,0,7.14170581102371,0,0,0,0,0,16.8241819143295,0,0,0,0,0,0,0,0,0,0,0,0,3.76665067672729,3.46316397190094,0,0,0,0,0,1.37930488586426
304.484943270683,435.087861508131,547.696783781052,576.135478168726,411.492490679026,55.7314364612103,282.698006123304,953.092918276787,209.976461112499,24.8901326656342,40.9831209778786,173.506933838129,115.731007158756,99.4729069471359,269.419762551785,17.0533219575882,11.1175576448441,34.0579314231873,1281.44203150272,1367.42933994532,830.565669625998,228.848958849907,1212.76611834764,1396.10105288029,467.117022037506,343.664080411196,489.373572528362,170.311703026295,184.851557612419,36.574841439724,1966.06855121255,408.336450338364,253.493432343006,467.609900057316,61.205220669508,13.4887378811836,179.436773896217,62.2825321555138,30.6762763857841,5.48940312862396,228.130524814129,26.9743228554726,7.80250051617622,2.66472780704498,4.69775152206421,0,8.47535705566406,4.22777390480042,4.95877486467361,0.640088498592377,11.3489999771118,0,1.60000109672546,0,0,4.5084171295166,101.410411596298,331.889134734869,55.9901210069656,27.1894050240517,17.0328969359398,6.86049556732178,2.43824243545532,32.0549845099449,9.22833341360092,6.35904011130333,108.987604528666,225.084448188543,381.372958093882,247.657359331846,0,2038.98488265276,1946.99680256844,499.093706011772,2379.44626903534,299.56496822834,8247.26439851522,1329.4714949131,1.98972249031067,4.99769306182861,2.43620035052299,30.6563720107079,1.30253350734711,0,2.70755219459534,3.20281600952148,4.1628999710083,2.37910133600235,7.8194352388382,2.88205754756927,31.8904960751534,10.8659513890743,19.37490645051,4.90012556314468,78.9063229560852,15.306144297123,8.27100163698196,5.99773013591766,8.88695228099823,11.2900422811508,19.4402177631855,0,20.0064315795898,6.96997678279877,71.4743684530258,36.0858817398548,21.1481531858444,5.50529754161835,54.0818403065205,13.7564800977707,3.73105961084366,0,1.26773655414581,1.77124893665314,3.36855736374855,23.7173998355865
409.825168162584,1010.05795842409,244.015296936035,1124.80159282684,94.6915352642536,468.562677204609,713.182106763124,1281.51423093677,90.9001834988594,163.654642850161,98.6964989304543,163.986751168966,325.63199236989,150.905550271273,102.148823916912,189.663914829493,31.1173043847084,28.0517649948597,609.332885205746,1387.90695628524,41.4497435688972,350.316927731037,581.366512089968,1681.3461060226,196.997639119625,813.720554679632,62.076774597168,721.911463111639,248.158666312695,33.778336584568,538.695800483227,976.08611536026,143.152138292789,587.812977612019,1.54034197330475,27.8183335363865,56.9849248826504,164.367018759251,8.99037683010101,32.2057483196259,42.6291874051094,208.583974480629,0,6.46062642335892,1.33221447467804,6.04291114211082,0,16.2099381685257,0,4.91803258657455,1.36491990089417,12.1688885390759,0,0.684573113918304,0,10.0113795399666,159.860472381115,346.276132166386,18.0507743358612,50.0386794805527,28.5910370349884,11.2144463956356,5.64092969894409,23.4193533658981,4.24288094043732,21.6073545217514,66.2519281208515,99.6630081236362,157.5126927495,227.377496510744,2038.98488265276,0,784.427905321121,1752.37726396322,306.560609638691,3621.20886081457,1692.20999035239,10723.4557509422,0,0,10.0285125374794,6.7461256980896,0,2.4023956656456,2.22214284539223,30.2601964771748,0.992503106594086,5.15960425138474,0.806654453277588,20.642935782671,6.52731055021286,24.9555539488792,1.72882354259491,17.3106726408005,24.4284027218819,89.1761247217655,15.3051579594612,10.5685710906982,13.0590872764587,7.41573166847229,5.08018696308136,10.1728802919388,3.13959789276123,32.9587081670761,32.2399700284004,58.4910343587399,12.2476609349251,6.91128149628639,86.5002329349518,23.2275473475456,2.02939170598984,1.12987017631531,2.25701630115509,1.11479985713959,0.990775644779205,18.639052271843
2236.91286876798,148.792295187712,1710.57312434912,290.704852432013,1339.50355887413,7.80219608545303,549.244529604912,464.735818773508,1177.12745124102,5.94146090745926,214.995263159275,83.5123336911201,412.436364620924,61.1036421060562,1017.31096938252,0,362.185339093208,8.93369317054749,2970.37647682428,779.701289713383,29.0742360651493,2.46734762191772,1720.38015905023,588.105405509472,532.947754621506,50.1193578243256,286.686108589172,10.5619128346443,2057.57338440418,20.2662898898125,722.73049145937,270.168204724789,190.162320464849,288.967146873474,417.140939712524,75.1403377056122,249.535122096539,67.0247691273689,49.1510287225246,0,528.096534967422,3.56327331066132,457.593696981668,56.4214542508125,176.900019794703,1.70394551753998,528.106235206127,1.19325506687164,277.969315797091,0,293.743326306343,0,88.8832421302795,0,115.398120820522,9.4803284406662,1547.70203909278,31.2910726666451,534.477871656418,10.721711575985,232.203829646111,0,101.859667927027,0,117.032903820276,0,413.791395962238,180.941017866135,708.205923259258,27.3541453480721,1946.99680256844,784.427905321121,0,270.129247993231,2775.43062719703,152.504217207432,1925.86234086752,448.356069087982,100.597559869289,0,314.825211435556,2.23218297958374,138.865966558456,0,192.899033218622,0,74.8260062932968,0,152.471921563148,0,59.6260031163692,22.5215716958046,9.49954754114151,5.49972638487816,52.4743026793003,16.9919889569283,15.0596860647202,10.2551579475403,47.9689130187035,8.27237665653229,17.111648529768,2.61116522550583,16.403645336628,5.4537228345871,55.2558042407036,29.5447707176208,18.2462843060493,1.16020667552948,21.4604384899139,8.56006360054016,4.73524117469788,0,0.677668988704681,1.83659648895264,0,18.5224070847034
63.2389272153378,2785.42148774862,56.8345944881439,3107.25815916061,8.99489974975586,1701.41594749689,188.166800737381,1791.38248187304,20.964472591877,1129.10287380219,29.7115416526794,737.640999048948,97.2823142409325,909.240297883749,9.35095047950745,2748.62485080957,6.96036106348038,1222.07112503052,231.805217981339,1702.62855041027,3.09942823648453,116.463463902473,112.651134669781,2067.00422236323,21.0080686807632,563.052142232656,6.36355817317963,638.179149657488,79.0447245836258,3436.00614222884,252.001848518848,379.385347545147,59.0474413633347,274.737253934145,140.972323417664,144.755085587502,41.9056239128113,490.105831563473,8.30581867694855,84.0734157264233,1.03172731399536,1311.81490918994,128.329628437757,308.197573661804,11.0984816551208,430.002586394548,3.66667395830154,815.744942158461,0,457.317661434412,0,414.692092746496,0,351.929788976908,0,311.59281334281,21.6536464095116,2130.77687010169,6.57198518514633,545.451887667179,7.24024766683578,136.705360651016,1.68308711051941,549.343958288431,0,145.355557471514,169.098964601755,332.18451371789,12.125656247139,153.141007512808,499.093706011772,1752.37726396322,270.129247993231,0,66.2082594633102,1589.44104555249,271.298819363117,1057.98087131977,1.75046241283417,340.228214144707,0.762436270713806,917.490945875645,0,451.493729114532,0.770256519317627,554.991480350494,0,192.932511717081,0,327.598354786634,9.06194961071014,33.6350236237049,3.25043082237244,15.9600468277931,4.32111066579819,51.2164837121964,8.8932158946991,13.5291547179222,6.34176999330521,42.1924982666969,2.44966733455658,9.44999444484711,5.27665346860886,31.9142872095108,9.53469085693359,26.3332453072071,5.1047368645668,1.3174130320549,30.8408726155758,10.4411202669144,2.52789840102196,0,0,0,2.55680310726166,1.27630251646042
822.835385262966,35.8397276997566,307.305765092373,51.5691135823727,59.7130892276764,0,96.4858538508415,123.478017926216,75.4254338145256,0,27.8255474567413,14.6697803139687,49.0752405524254,10.5032182335854,88.2640330195427,0,28.6674751639366,0,1093.6676556468,257.953303694725,12.7772409319878,0.543483436107635,303.507097929716,117.371161818504,44.9849193394184,3.03464633226395,21.0927675962448,9.69416999816895,107.375627070665,0.872891366481781,160.358243763447,61.7731427550316,50.1848683357239,68.3026964068413,30.6550415754318,7.45785856246948,892.20605930686,35.1160894632339,39.2133729755878,4.72495687007904,473.477303028107,7.27775239944458,21.1138996779919,2.19757521152496,24.8970284759998,0,25.702215641737,0.63543438911438,36.9351179897785,0,22.3198039233685,0,6.94017073512077,0,16.2159738242626,0,565.397603869438,2.52178174257278,153.705786079168,1.07014131546021,63.1252869665623,0,19.9581138491631,0,33.2302858829498,0,106.944331228733,14.7731582522392,422.814464777708,6.30727881193161,2379.44626903534,306.560609638691,2775.43062719703,66.2082594633102,0,119.674700558186,1581.72462275624,122.669722616673,12.4976584911346,0,23.9849864840508,0,0,0,27.0645354390144,2.13825511932373,4.26184910535812,0,17.5107963085175,0,240.005992352962,222.647436916828,154.814454853535,116.245693415403,221.812374144793,109.338043630123,88.9780330955982,52.0873955786228,74.8019759058952,113.635397493839,125.049966037273,39.9519441723824,159.563330590725,142.536174684763,291.045167326927,147.361587554216,63.697364538908,20.790469378233,126.397751003504,53.8352773487568,42.4511417150497,6.83699136972427,16.0708046555519,10.4494345188141,4.27468267083168,82.0664548277855
39.7011802196503,1278.5826228261,19.967056363821,1018.95112743974,4.3272647857666,94.1571058034897,77.2838723659515,450.772122889757,4.01859664916992,83.9528419673443,5.32100182771683,43.017393887043,24.6090841293335,75.1071309447289,0.839891016483307,95.5005260705948,2.60837399959564,56.018748998642,122.120939642191,912.867292225361,25.420968234539,3.50022250413895,55.5570605397224,800.696962684393,0.62278014421463,57.9336324334145,0,29.30866548419,40.1431459188461,44.5284693837166,102.144665181637,153.78855907917,26.1045625805855,148.745551526546,25.0365972816944,33.3690550029278,31.4914119243622,579.395393043756,28.8034609556198,63.9153869748116,36.9673326015472,337.781756639481,17.6047085523605,61.6048403382301,2.01723432540894,142.458250433207,0,117.704632937908,0,114.101442605257,0,62.8617413043976,0,42.6439968943596,0,27.498773932457,11.9528514444828,774.356276631355,2.91839426755905,170.58539262414,1.48181962966919,19.3055378198624,0,65.7323018908501,0,35.8754121363163,17.9118246436119,84.2425090074539,10.5832433104515,116.478671550751,299.56496822834,3621.20886081457,152.504217207432,1589.44104555249,119.674700558186,0,93.3920689821243,1386.3899577558,0,16.8691254854202,0,89.6371496319771,0,5.1839391887188,0,74.507053643465,0.938444077968597,19.3043368458748,1.12231826782227,43.9030688405037,163.924657613039,171.25626039505,54.8844968080521,132.791713237762,44.6986628174782,250.086352914572,114.920960992575,22.1446761190891,65.8750332593918,74.1157802939415,52.2893503606319,48.3535810410976,81.8927792310715,173.039038032293,116.625008374453,187.239034771919,49.8510962128639,32.3095298409462,119.02750107646,29.2490407526493,31.4641550183296,2.32214850187302,16.3222880363464,5.33400610089302,8.51147705316544,45.1077054738998
2613.38561069965,345.416885882616,1046.08716666698,143.278466105461,82.4255637824535,0,425.179977923632,242.394807338715,147.082887649536,0,70.9712418913841,25.1692169904709,87.6713795661926,5.76612704992294,190.39397329092,0,79.8714005947113,8.03413254022598,5618.36969250441,1782.88942667842,3.58902513980865,0,923.938668131828,121.518693685532,46.4046477675438,0,11.0196272730827,5.84678781032562,378.719412207603,16.4490925073624,668.775792986155,228.438418507576,287.482999384403,703.74413689971,848.829368531704,271.05466234684,3903.83036777377,513.694190710783,189.271175503731,13.0646996498108,265.759477972984,0.825564742088318,741.438611984253,135.340922385454,466.86622017622,17.1041293144226,741.70421937108,22.5501020550728,638.131598889828,5.73017299175262,463.250367373228,0,134.782911360264,0,185.910079419613,31.4087035059929,2577.23590457439,481.92393514514,1137.82096475363,95.9129377007484,181.30793607235,0,44.9204598665237,45.1851994395256,71.6690460443497,0,1463.20929637551,1303.95822182298,3733.81762936711,333.123241573572,8247.26439851522,1692.20999035239,1925.86234086752,271.298819363117,1581.72462275624,93.3920689821243,0,1471.15048229694,13.1341188549995,15.4048607349396,129.675796508789,22.9939551949501,41.0425246357918,0,113.136922240257,0.655051410198212,108.5702906847,0,293.02542835474,2.43264338374138,287.793445408344,166.724277466536,347.235913723707,102.576340436935,828.845075517893,171.047384560108,303.574284344912,27.7257953286171,74.4327871203423,67.471462726593,256.37334638834,18.8399177193642,225.56727913022,97.8972170054913,821.82467097044,317.313195496798,139.342156350613,40.4713002741337,583.589337527752,1051.81520590186,75.8827370405197,15.1439545750618,33.4108604192734,37.1878628730774,20.4921168088913,226.409712314606
290.205102920532,4277.40580052137,51.1833736896515,2790.11860913038,1.78280913829803,131.388521671295,216.919195592403,1819.7302543819,4.51999962329865,139.630488961935,25.9221131205559,148.761724174023,35.9585215449333,128.411083221436,0,122.092645704746,7.57110321521759,134.618776738644,611.35442763567,5306.26612097025,2.61639267206192,6.68716883659363,66.8372622728348,1944.93063306808,0,73.3379674553871,12.4874929189682,52.0444288849831,109.220828592777,81.8388401269913,320.171598404646,512.098052084446,142.917745172977,667.187945097685,188.074277997017,196.888966113329,302.769830226898,4026.29341739416,60.2305030524731,178.49154856801,2.05751085281372,153.141374379396,105.944942772388,345.553251981735,26.568034440279,684.82069209218,40.017725110054,794.691813886166,2.75767582654953,521.294363230467,4.59065371751785,365.901468366385,0,182.114768981934,0.966709911823273,228.747309356928,240.976433962584,3200.03507977724,46.8647893071175,718.788876563311,16.7269894778728,42.2849087119102,24.1530101895332,239.988646358252,6.99818444252014,84.7505715489388,397.482957422733,725.951407730579,170.807722449303,1161.9324580133,1329.4714949131,10723.4557509422,448.356069087982,1057.98087131977,122.669722616673,1386.3899577558,1471.15048229694,0,8.56072247028351,29.4036766290665,41.9002674818039,317.32005417347,0,40.0184504985809,3.54865992069244,175.354717642069,0,156.144064515829,0.998217165470123,265.845785558224,107.296095639467,279.864591002464,64.9957295060158,435.407974123955,157.328204154968,789.104738235474,55.1015373468399,27.8074507415295,23.0427275300026,65.9514144957066,60.2079684734344,49.5638738572598,73.4538198113441,255.218211829662,257.878189623356,620.451282799244,49.7863694131374,56.6129075586796,785.072027117014,985.822201758623,56.2250859439373,10.3689250648022,42.0295006334782,26.5746892988682,65.9568394720554,204.567937463522
25.6895715594292,0,1.22823667526245,0,0,0,4.20025360584259,0,0,0,24.7217825055122,0,13.8991004228592,0,0.519708216190338,0,938.975129157305,0,7.48536849021912,0,0,0,0,0,0,0,0,0,479.983672767878,0,0.544247925281525,0,0,2.11357498168945,15.2555206418037,2.32908254861832,8.34022700786591,2.70904874801636,4.11299419403076,0,0,0,8.61447846889496,3.71088314056396,20.7799020409584,0,4.73468333482742,0,18.2929159104824,0,17.9475848078728,2.28158330917358,3.40883576869965,0,0.379616618156433,0,350.078885138035,4.80341750383377,89.1694136857986,0.655000984668732,48.2042853236198,0,196.40669849515,2.05139648914337,4.82025545835495,0,73.1305530667305,24.9080237746239,8.33196610212326,0,1.98972249031067,0,100.597559869289,1.75046241283417,12.4976584911346,0,13.1341188549995,8.56072247028351,0,0,1467.3030359447,0,16.6608151197433,0,40.340892136097,0,2.99078798294067,0,8.72363662719727,0,0,0,0,0,0,0,0,0,0,0,0,0,0,0,0,0,0,0,1.99826872348785,0,0,0,0,0,0,0
0,8.9664118885994,0,10.927965939045,0,0,0,1.07993626594543,0,0.575300574302673,0,7.38030713796616,0,1.52633810043335,0,1.47220969200134,1.84908258914948,383.979792773724,0,15.960217833519,0,0,0,4.42991751432419,0,0,0,0,0.882131099700928,568.395827233791,0,0.816468417644501,0,9.79786801338196,2.26436746120453,2.66238749027252,1.63182497024536,4.41074794530869,0,1.62562537193298,0,0,0,3.757941365242,0.774449586868286,29.4773790836334,0,4.63057971000671,0,21.9588465690613,0,16.2488695383072,0,0,0,3.0063169002533,10.3790627121925,104.705031245947,0.863251328468323,118.874135941267,0,2.90300130844116,0,68.4707156419754,0,4.83910953998566,6.54247945547104,45.1691384911537,1.18697500228882,9.02833378314972,4.99769306182861,0,0,340.228214144707,0,16.8691254854202,15.4048607349396,29.4036766290665,0,0,0,1287.29893738031,0,17.5842222571373,0,26.6731521785259,0,2.68975707888603,0,4.91491687297821,0,0,0,0,0,0,0,0,0,0,0,0,0,0,0,1.04117047786713,0,0,0,0,0,0,0,0,0,0
144.792018145323,0,32.7029361724854,0,4.59564828872681,0,79.1257818937302,0,1.13677310943604,0,630.335238099098,0,331.013782471418,0,2.74022328853607,0,1951.93304523826,1.44685196876526,28.4676107168198,0,0,0,2.17016553878784,0,1.15955579280853,0,0,0,1276.88531979918,0,0.998428612947464,1.31758034229279,5.03473842144012,23.8559741675854,198.745511651039,38.8842446804047,88.3583174347878,21.9391628503799,13.3313093185425,0,18.2216147780418,0,229.634031355381,9.87609261274338,226.302311182022,0,234.939838260412,3.41442632675171,390.555231034756,0,253.420067638159,0,52.9272822439671,0,58.8700376749039,1.67028605937958,230.993871897459,11.905611038208,481.915396779776,2.78175893425941,292.919634759426,0,2504.96723741293,1.49355870485306,254.430431753397,0,449.127428740263,114.095459192991,26.8509784638882,7.60399746894836,2.43620035052299,10.0285125374794,314.825211435556,0.762436270713806,23.9849864840508,0,129.675796508789,41.9002674818039,1467.3030359447,0,0,3.55019080638885,1822.55655279756,0,5651.95827424526,0,100.030507057905,0,353.169636398554,0,29.4853827357292,0,0,0,2.53007900714874,0,1.09427401423454,0,17.1866409778595,0,0,0,0,0,1.77347242832184,0,0,0,0,1.38611900806427,0,0,0,0,0,0
0.968761265277863,80.1299904286861,0,33.2180368304253,0,2.94949173927307,0,57.5216383337975,0,0,0,219.055253744125,0,110.881410181522,0,8.63211956620216,0.886862218379974,1208.24189150333,0,23.2392073869705,0,0,0,14.3085403442383,0,0,0,0,0,759.863021284342,0,6.31139725446701,0,39.1623690724373,38.5967491865158,72.6624909341335,14.327495932579,93.6516695618629,1.43595743179321,17.8837112486362,0,34.618271112442,31.51609775424,141.189325600863,7.22884845733643,555.858338028193,3.08577418327332,176.797397255898,0,515.186285674572,1.67307889461517,471.376593619585,0,132.483347952366,0,45.6559604406357,4.89617043733597,460.134876251221,6.9141309261322,556.287398636341,0.519946277141571,147.119646787643,0,3739.58247458935,0,1166.57127508521,22.3378246426582,320.975155353546,3.37173789739609,31.5939678549767,30.6563720107079,6.7461256980896,2.23218297958374,917.490945875645,0,89.6371496319771,22.9939551949501,317.32005417347,0,1287.29893738031,3.55019080638885,0,0,2261.09174188972,0,4104.50745758414,0,127.921881020069,0,214.08619004488,0,6.13437616825104,0,0.982150435447693,0,14.8864652514458,0,0,0,4.31643462181091,0,0,0,0,0,0,0,0,0,0,0,0,0,0,0,0
2.80688631534576,0,4.14154261350632,0,5.29173272848129,0,0,0,3.13967597484589,0,1.0653840303421,0,0,0,9.52600014209747,0,21.8768490552902,0,2.34790796041489,0,1.69541966915131,0,0,0,0.80930632352829,0,0.993598133325577,0,455.691307961941,0,0.865773916244507,0,0,0,35.6180446445942,2.29914975166321,234.905119031668,0,150.882323116064,0,303.114594995975,0,58.4225596487522,0,11.3899654746056,0,156.496193915606,0,34.8231506943703,0,77.523702442646,0,17.7031103074551,0,63.8801339566708,0,0,0,7.13709646463394,0,10.9220146536827,0,26.3722481131554,0,24.7613945007324,0,15.5077709257603,0,0,0,1.30253350734711,0,138.865966558456,0,0,0,41.0425246357918,0,16.6608151197433,0,1822.55655279756,0,0,0,784.813818156719,0,1084.00201240182,0,94.1462327241898,0,3.58630189299583,0,0,0,2.52401334047318,0,2.44319558143616,0,10.6752615869045,0,0,0,0,0,0,0,0,0,0,0,0.832233786582947,0,0,0,0,0
0,0,0,0.473212569952011,0,77.5167230069637,0,0,0,8.22873410582542,0,0,0,0,0,32.6622045636177,0,8.56848001480103,0,0,0,47.6721696853638,0,1.87339842319489,0,6.7288281917572,0,17.8168665766716,0,455.350606113672,0,0.835278153419495,0,1.97984594106674,4.86782622337341,6.44505271315575,0,460.059836834669,0,46.1766086220741,0,2197.4490211606,4.74814414978027,19.6383673250675,0,22.4255993664265,0,87.0750187039375,0,25.7530582845211,0,79.5421120226383,0,31.2578393518925,0,120.04559341073,0,2.31739145517349,0,11.8687211275101,0,1.68644738197327,0,12.1014032363892,0,11.7953654527664,0,16.9015992879868,0,0,0,2.4023956656456,0,451.493729114532,0,5.1839391887188,0,40.0184504985809,0,17.5842222571373,0,2261.09174188972,0,0,0,580.615382552147,0,833.493964612484,0,86.7503648996353,0,1.95103186368942,0,0,0,1.88451480865479,0,0.665357232093811,0,3.06639331579208,0,0,0,0,0,0,0,0,0.524411976337433,0,0,0,0,0,0,0
1440.23706153035,0,44.8730928897858,0,1.97294199466705,0,544.884510964155,0,0,0,666.071104824543,0,293.760800719261,0,1.27777791023254,0,214.111285090446,0,13.1603938639164,0,0,0,1.70881283283234,0,1.22010099887848,0,0,0,270.21529841423,0,4.59515172243118,0.643060743808746,4.10259753465652,17.8534342348576,310.925576895475,54.0581039190292,108.175698846579,2.62093067169189,16.1437910795212,0,27.5814073681831,0,362.172965735197,53.3282720446587,175.323763310909,1.94869565963745,488.462550252676,2.76207947731018,501.974048882723,16.2106812000275,4076.28675362468,3.49404335021973,449.109838455915,0,336.553109705448,0,617.688474774361,0,634.712425738573,8.44807350635529,1857.02320352197,0,1301.32748067379,0,5623.76369327307,0,361.538980484009,62.4892857074738,6.10424065589905,0,2.70755219459534,2.22214284539223,192.899033218622,0.770256519317627,27.0645354390144,0,113.136922240257,3.54865992069244,40.340892136097,0,5651.95827424526,0,784.813818156719,0,0,0,866.939885318279,0,6969.80051034689,0,47.8655889332294,0,0,0,4.68471801280975,0,0.617711246013641,0,31.5959116816521,0,0,0,0,0,0,0,1.29997849464417,0,0,0,0,0,0,0,0,0
0,473.145190238953,0,90.5251958072186,0,7.14569103717804,0,376.128330528736,0,0,0,426.908591508865,0,114.954673051834,0,3.69531220197678,1.14739668369293,127.353131502867,0,29.0990614891052,0,0,0,1.90188479423523,0,0,0,2.15132319927216,0,155.248570770025,1.91482359170914,2.90511429309845,0,27.9961521029472,58.7183054983616,89.9728968143463,1.0611857175827,285.212227165699,0,72.0575365126133,0,154.407371580601,51.2927405834198,194.671439439058,5.98839008808136,449.479448527098,3.41261839866638,600.934969514608,1.3163093328476,708.477170974016,0,5181.75667136908,0,769.69456872344,0,528.213205248117,0,321.412435293198,3.01671433448792,631.445884674788,0,876.481808722019,0,2192.01938217878,0,5008.18767473102,23.9982462525368,206.205189943314,0,11.9316262900829,3.20281600952148,30.2601964771748,0,554.991480350494,2.13825511932373,74.507053643465,0.655051410198212,175.354717642069,0,26.6731521785259,0,4104.50745758414,0,580.615382552147,0,0,0,999.49956792593,0,5974.58687594533,0,10.2454559206963,0,0,0,3.89240103960037,0,1.73839542269707,0,34.897275775671,0,0,0,0,0,0,0,0,0,0,0,0,0,0,0,0
0,0,0.99884420633316,0,8.01210725307465,0,0,0,3.82936400175095,0,0,0,0,0,6.98263227939606,0,3.78834593296051,0,0,0,0,0,0,0,2.32632604241371,0,1.20089101791382,0,413.316026747227,0,0,0,0,0,3.66078236699104,0.546641170978546,1348.06513497233,2.5542973279953,422.430005609989,0,2205.57404351234,0.960070013999939,14.9561676979065,0,0,0,163.064312011003,0,0.397024035453796,0,41.9280366897583,0,21.6191113591194,0,392.207098573446,0,0,0,0,0,7.95006027817726,0,9.32913339138031,0,10.1422237455845,0,4.3279490172863,0,0,0,4.1628999710083,0.992503106594086,74.8260062932968,0,4.26184910535812,0.938444077968597,108.5702906847,0,2.99078798294067,0,100.030507057905,0,1084.00201240182,0,866.939885318279,0,0,0,1729.20842659473,0,1.09171608090401,0,0,0,6.84591040015221,0,1.04564666748047,0,3.29413816332817,0,0,0,0,0,0.52527642250061,0,0.752958238124847,0,0,5.43987607955933,0,0,0,0,0,0
0,0,0,0,0,19.6793584227562,0,0,0,2.85815405845642,0,0,0,0,0,11.0571951270103,0,0.452677756547928,0,0,0,3.32493412494659,0,0,0,1.48411676287651,0,3.65112206339836,0,59.0765960812569,0,0,0,0,3.58723437786102,9.29005140066147,1.32964861392975,1212.94757080078,0,248.441587656736,0,2035.67325508595,0,10.8811537027359,0,0.760662436485291,0,95.2650971114635,0,0,0,29.5592958927155,0,36.3535479307175,0,642.845023274422,0,0,0,1.03105986118317,0,0,0,11.885404586792,0,4.49466869235039,0.883711874485016,12.2373909652233,0,0,2.37910133600235,5.15960425138474,0,192.932511717081,0,19.3043368458748,0,156.144064515829,0,2.68975707888603,0,127.921881020069,0,833.493964612484,0,999.49956792593,0,0,0,1792.98673510551,0,0,0,0,0,3.27162963151932,0,2.51971572637558,0,0,0,0,0,0,0.808942675590515,0,0,0,0,1.89004999399185,0,0,0,0,0,0
371.992655783892,0,1.47769641876221,0,4.73771035671234,0,58.3706824183464,0,0.719009578227997,0,135.236617565155,0,34.1735193133354,0,1.41307014226913,0,75.1994036138058,0,0.585014164447784,0,0,0,0,0,0.579983115196228,0,0.790006637573242,0,236.922411382198,0,0,0,4.99552410840988,6.46249163150787,504.701593101025,122.80025061965,1972.99203509092,2.66390371322632,463.137204617262,0,259.697313964367,0.861945569515228,366.465584695339,111.816993117332,89.0409653484821,0,1238.81415709853,2.56806206703186,305.537353932858,2.72656750679016,1651.63369110227,0,693.487387984991,0,2999.30410924554,0,211.500149548054,0,319.479522079229,2.91598773002625,642.903161019087,0,404.613921105862,0,761.546873897314,0,318.700394451618,82.7846291661263,5.22729355096817,0,7.8194352388382,0.806654453277588,152.471921563148,0,17.5107963085175,1.12231826782227,293.02542835474,0.998217165470123,8.72363662719727,0,353.169636398554,0,94.1462327241898,0,6969.80051034689,0,1729.20842659473,0,0,0,77.6810545325279,0,0,0,12.8003417253494,0,11.702447116375,0,64.6195666491985,0,0,0,0,0,2.91059565544128,0,1.18640828132629,0,0,2.97077763080597,0,0,0,0.905769884586334,0,0
0,296.971357584,0,19.5085527896881,0,4.48111701011658,0,122.115771412849,0,1.20251750946045,0,76.0279511809349,0,15.4108774065971,0,2.12602818012238,0,34.876629203558,0,5.17182371020317,0,1.13974809646606,0,0,0,0,0,0.492296904325485,0,52.0854031145573,0,0,0,23.2301294803619,55.2318214774132,153.66503995657,0.859402060508728,1412.8647479713,0,219.665683478117,0,465.705619633198,43.3497602641582,100.701649278402,4.51548552513123,258.687620699406,2.28981900215149,398.940576225519,0,489.127273052931,2.88117098808289,1860.07734706998,0,2166.55391150713,0,2958.0096693486,0,230.112242609262,0,462.20100069046,0,304.374456107616,0,325.632683306932,0,1120.54142919183,30.5503657460213,278.265958398581,0,7.14170581102371,2.88205754756927,20.642935782671,0,327.598354786634,0,43.9030688405037,2.43264338374138,265.845785558224,0,4.91491687297821,0,214.08619004488,0,86.7503648996353,0,5974.58687594533,0,1792.98673510551,0,0,0,3.05200546979904,0,0,0,7.73587834835052,0,5.86527913808823,0,12.003771841526,0,0,0,0,0,0,0,0,0,2.57451182603836,0,0,0,0,0,0
0,0,0,0,0,0,0,0,0,0,0,0,0,0,0,0,0,0,0,0,0,0,0,0,0,0,0,0,33.2659819424152,0,0,0,0,0,3.77112758159637,0,351.983731418848,78.5156430006027,328.419616311789,17.1814519762993,12.9399823248386,0,234.655574917793,0,5.21911805868149,0,746.25177192688,1.000901222229,45.6352061331272,0,129.350221037865,0,96.3861506283283,0,217.126037985086,0,0,0,1.30895245075226,0,0,0,0,0,0,0,8.66942799091339,6.70052510499954,0,0,31.8904960751534,6.52731055021286,59.6260031163692,9.06194961071014,240.005992352962,163.924657613039,287.793445408344,107.296095639467,0,0,29.4853827357292,0,3.58630189299583,0,47.8655889332294,0,1.09171608090401,0,77.6810545325279,0,0,201.625925898552,1784.95580244064,53.1830341517925,219.645968139172,283.473994135857,1949.53739255667,141.796567559242,2524.22474455833,162.068818867207,408.35417047143,77.0557782053947,339.456648856401,225.862971991301,688.549130797386,151.588355153799,290.973315745592,79.4376105368137,43.4987032115459,25.912194609642,151.778732061386,44.7979841828346,34.9841470718384,6.89812624454498,3.55786794424057,28.5480177402496
0,0,0,0,0,0,0,0,0,0,0,0,0,0,0,0,0,0,0,0,0,0,0,0,0,0,1.04574143886566,0.978830635547638,0,7.04121249914169,0,0,0,0,0,0,162.285041153431,91.5054717957973,386.801005095243,19.6781150102615,0.978370517492294,7.96526002883911,19.5905891954899,23.279402256012,0.817507266998291,1.09181833267212,0,519.86670923233,0,0,0,0,0,59.508637368679,0,141.787813872099,0,0,0,0,0,0,0,0,0,0,0,1.97551810741425,0,0,10.8659513890743,24.9555539488792,22.5215716958046,33.6350236237049,222.647436916828,171.25626039505,166.724277466536,279.864591002464,0,0,0,6.13437616825104,0,1.95103186368942,0,10.2454559206963,0,0,0,3.05200546979904,201.625925898552,0,37.7067458927631,1830.15420630574,171.204994231462,756.9525578022,550.225655913353,841.548940032721,179.765768200159,1871.94113567472,95.9671030938625,208.22284540534,155.821603059769,581.90731331706,246.076253712177,1081.72817474604,177.472321510315,449.164117276669,132.930160045624,20.5536647439003,154.321267008781,26.1983180046082,117.708961367607,12.5319779217243,58.3531874716282,65.2138424813747
0,0,0,0,0,0,0,0,0,0,0,0,0,0,0,0,0,0,0,0,0,0,0,0,0,0,0,0,2.11261057853699,0,0,0,0,0,0,0,130.11562821269,25.8534226119518,127.01227748394,10.0166095495224,2.19843870401382,0,0,0,0,0,0.780042588710785,0.519785225391388,0,0,0,0,0,0,0,0,0,0,0,0,0,0,0,0,0,0,0,0,0,0,19.37490645051,1.72882354259491,9.49954754114151,3.25043082237244,154.814454853535,54.8844968080521,347.235913723707,64.9957295060158,0,0,0,0,0,0,0,0,0,0,0,0,1784.95580244064,37.7067458927631,0,11.3846367001534,454.232612371445,112.527468383312,683.729627728462,30.0179347395897,232.773366689682,47.9509056210518,1745.64109146595,11.5538122653961,1221.48940479755,64.5641183555126,1551.96285524964,83.1583237946033,246.024974167347,44.1801972389221,72.413592427969,90.751934081316,187.497889846563,37.6679584681988,93.052563637495,24.9968875646591,13.9393416047096,50.9669018983841
0,0,0,0,0,0,0,0,0,0,0,0,0,0,0,0,0,0,0,0,0,0,0,0,0,0,0,0,0,0,0,0,0,0,0,0,111.029478907585,54.2180981934071,120.097069084644,22.4394218921661,0.550546288490295,0,0,0,0,0,0,2.36657559871674,0,0,0,0,0,0,0,0,0,0,0,0,0,0,0,0,0,0,0,0,0,0,4.90012556314468,17.3106726408005,5.49972638487816,15.9600468277931,116.245693415403,132.791713237762,102.576340436935,435.407974123955,0,0,0,0.982150435447693,0,0,0,0,0,0,0,0,53.1830341517925,1830.15420630574,11.3846367001534,0,102.395493835211,507.416878253222,233.927660405636,267.52441996336,84.482912927866,223.664443612099,32.7166815400124,964.379569262266,98.9301539361477,1843.23013439775,179.402287244797,1876.62929055095,136.139231711626,374.675573647022,318.013528823853,82.4527209103107,252.422513127327,34.2083025276661,144.629478424788,68.1813473403454,190.926701486111,193.506216287613
69.353222489357,2.60491061210632,19.3805849850178,0,0,0,10.051978468895,2.43664044141769,1.86059999465942,0,4.48850321769714,0,1.07261526584625,0,1.99768680334091,0,2.03963828086853,0,117.360494494438,3.52007097005844,0,0,6.96897274255753,0,0,0,0,0,11.3085526227951,0,16.0479224324226,4.35999661684036,1.05039846897125,7.38536906242371,26.7024208009243,5.99039351940155,142.60934266448,25.7362273335457,55.9711441993713,9.8818953037262,3.88047814369202,0,26.3873762786388,0,26.9935188889503,0,17.0481532812119,2.64827305078506,28.0149817466736,0,19.2830762863159,0,1.10884654521942,0,5.51069319248199,0,69.3012397587299,4.10821509361267,58.5866754055023,0,4.97601097822189,0,3.93623805046082,0,8.77841359376907,0,69.3262284696102,1.69554018974304,86.8550583124161,0,78.9063229560852,24.4284027218819,52.4743026793003,4.32111066579819,221.812374144793,44.6986628174782,828.845075517893,157.328204154968,0,0,2.53007900714874,0,2.52401334047318,0,4.68471801280975,0,6.84591040015221,0,12.8003417253494,0,219.645968139172,171.204994231462,454.232612371445,102.395493835211,0,170.208482593298,1307.53095987439,34.5802047252655,96.1726726293564,68.2176965773106,262.49776160717,29.1314771175385,266.909068703651,80.5973533987999,841.481695860624,168.281352519989,142.993737667799,17.4568395018578,123.511707872152,886.158763736486,337.544909596443,41.0045834481716,75.4152157306671,85.8262433409691,21.0004085302353,154.075446009636
2.59834921360016,80.5440116524696,1.7370810508728,44.7035552859306,0,0,0,21.1911075413227,0,1.65186333656311,0,0,0,2.4700448513031,0,2.81040889024734,0,2.57323122024536,2.14104479551315,78.992702960968,0,0,0,13.6709683835506,0,0,2.18740862607956,0,1.95264828205109,6.67991232872009,8.80127930641174,5.90630114078522,0,10.0060651302338,10.3941451311111,5.05853080749512,74.3572707772255,140.542060822248,162.329694390297,22.9965633153915,0.594600200653076,2.52658748626709,0,14.102352231741,0,27.9561876952648,3.271788418293,65.4094225466251,0,21.8654611706734,0,21.2154528200626,0,4.29850053787231,0,5.32639595866203,2.21695727109909,112.901185870171,0,41.0133256316185,0,0,0,12.467892408371,0,8.13035315275192,0,24.0813381373882,0,16.8241819143295,15.306144297123,89.1761247217655,16.9919889569283,51.2164837121964,109.338043630123,250.086352914572,171.047384560108,789.104738235474,0,0,0,14.8864652514458,0,1.88451480865479,0,3.89240103960037,0,3.27162963151932,0,7.73587834835052,283.473994135857,756.9525578022,112.527468383312,507.416878253222,170.208482593298,0,297.807192981243,1184.5404804945,133.001092284918,385.45488256216,88.5524450540543,66.0414490997791,131.634985953569,232.586174070835,237.956334978342,587.712595373392,63.2970439195633,142.245873510838,85.8194600343704,636.635524004698,351.627110749483,45.8227772414684,70.941985219717,48.5246442258358,45.4615281224251,64.6868056058884
7.86952835321426,0.710430502891541,0.7584068775177,0,0,0,0,0,0,0,0,0,0,0,1.6858184337616,0,0.559366166591644,0,5.83688223361969,0,0,0,0.599461674690247,0,0,0,0,1.14461922645569,9.91219139099121,0,5.45951402187347,0,6.99703180789948,1.58446967601776,24.8817566931248,1.17558825016022,121.663291871548,42.6485080718994,103.498788326979,13.0554212629795,3.14818131923676,0.879124104976654,20.7258247733116,0,29.7557778358459,0,20.1308456361294,0,19.0790068507195,0,8.13869762420654,0,0.714142560958862,0,0.872624516487122,0,9.62641531229019,1.65257108211517,14.9507687687874,0,0,0,3.04094180464745,0,0,0,30.8705283403397,1.96721506118774,5.38106483221054,0,8.27100163698196,15.3051579594612,15.0596860647202,8.8932158946991,88.9780330955982,114.920960992575,303.574284344912,55.1015373468399,0,0,1.09427401423454,0,2.44319558143616,0,0.617711246013641,0,1.04564666748047,0,11.702447116375,0,1949.53739255667,550.225655913353,683.729627728462,233.927660405636,1307.53095987439,297.807192981243,0,149.673030227423,3097.91407597065,270.566305577755,446.417532384396,86.7304353713989,310.167616933584,272.435036599636,684.318015813828,151.484271943569,210.856860667467,41.2667462825775,31.4343648850918,242.24122428894,883.018870085478,63.212518632412,118.410456091166,34.5987629890442,16.9521557986736,63.4321935772896
0,0,0,1.28258776664734,0,0,0,0,0,0,0,0,0,0,0,0,0,0,0,0,0,0,0,0,0,0,0,0,0,0,0,0,0,0.776504337787628,4.95836019515991,2.01166796684265,31.5619936287403,22.9308507144451,51.7008835673332,39.1067124009132,0,0.93422132730484,9.0367745757103,136.73471096158,1.17049950361252,60.9247705638409,1.62703478336334,485.303640693426,0,2.41522681713104,0,3.69435238838196,0,2.93700662255287,0,80.4016368985176,0,2.21611380577087,0,0.800122320652008,0,0,0,0.77433842420578,0,0,5.27541518211365,35.8027629554272,0,0,5.99773013591766,10.5685710906982,10.2551579475403,13.5291547179222,52.0873955786228,22.1446761190891,27.7257953286171,27.8074507415295,0,0,0,0,0,0.665357232093811,0,1.73839542269707,0,2.51971572637558,0,5.86527913808823,141.796567559242,841.548940032721,30.0179347395897,267.52441996336,34.5802047252655,1184.5404804945,149.673030227423,0,63.0156428813934,2730.35189092159,44.3417055010796,15.7779279947281,53.2788413465023,53.0678967833519,60.7272942960262,124.231040149927,30.0574276745319,207.758306384087,5.74679192900658,44.3502376675606,592.341880112886,208.689499169588,185.694433748722,51.2780320048332,10.0061881542206,12.3138825297356
0,0,0,0,0,0,0,0,0,0,0,0,0,0,0,0,0,0,0,0,0,0,0,0,0,0,0.610263884067535,0,44.5978185236454,0,0,0,0,0,0,0,109.295798659325,29.8616076111794,70.9298444390297,7.91603738069534,8.66908165812492,0,321.948148548603,0,2.59064924716949,0,836.052435040474,0,3.62265193462372,0,8.84705048799515,0,21.6343245506287,0,135.145765841007,0,0,0,0,0,0,0,0,0,0,0,11.222826063633,0,0,0,8.88695228099823,13.0590872764587,47.9689130187035,6.34176999330521,74.8019759058952,65.8750332593918,74.4327871203423,23.0427275300026,0,0,17.1866409778595,0,10.6752615869045,0,31.5959116816521,0,3.29413816332817,0,64.6195666491985,0,2524.22474455833,179.765768200159,232.773366689682,84.482912927866,96.1726726293564,133.001092284918,3097.91407597065,63.0156428813934,0,122.701705008745,102.597692757845,58.2001067101955,74.6231795251369,159.47285759449,140.570849627256,71.8409348726273,88.1886015534401,35.809909850359,4.92701780796051,8.4713329076767,144.225758492947,49.9021900296211,24.9077740311623,5.35893821716309,3.69026136398315,4.38377898931503
0,0,0,0,0,0,0,0,0,0,0,0,0,0,0,0,0,0,0,0,0,0,0,0,0,0,0,0,0,6.25446999073029,0,0,0,0,0,1.56291782855988,77.4959651231766,62.8073282837868,129.70101672411,13.3863062560558,0,7.43486788868904,129.707130283117,50.6358038783073,0,0,0,858.864362418652,0,2.62383979558945,0,1.83710104227066,0,131.844503283501,0,575.717263877392,0,1.34236407279968,0,0,0,0,0,0,0,0,0,4.43378376960754,0,0,11.2900422811508,7.41573166847229,8.27237665653229,42.1924982666969,113.635397493839,74.1157802939415,67.471462726593,65.9514144957066,0,0,0,4.31643462181091,0,3.06639331579208,0,34.897275775671,0,0,0,12.003771841526,162.068818867207,1871.94113567472,47.9509056210518,223.664443612099,68.2176965773106,385.45488256216,270.566305577755,2730.35189092159,122.701705008745,0,67.4146586060524,18.2321598827839,87.1991916894913,137.251054435968,119.779518991709,169.406958401203,80.1428937315941,450.232911199331,9.97967058420181,9.08485090732574,226.989362210035,259.308827221394,260.613275140524,4.18468999862671,11.0948169529438,6.47001484036446
0,0,0,0,0,0,0,0,0,0,0,0,0,0,0,0,0,0,0,0,0,0,0,0,0,0,0,0,0,0,0,0,0,0,0,0,103.10311549902,20.9346017241478,103.765804827213,6.41634595394135,0,0,0,0,0,0,0,0.445700824260712,0,0,0,0,0,0,0,0,0,0,0,0,0,0,0,0,0,0,0,0,0,0,19.4402177631855,5.08018696308136,17.111648529768,2.44966733455658,125.049966037273,52.2893503606319,256.37334638834,60.2079684734344,0,0,0,0,0,0,0,0,0,0,0,0,408.35417047143,95.9671030938625,1745.64109146595,32.7166815400124,262.49776160717,88.5524450540543,446.417532384396,44.3417055010796,102.597692757845,67.4146586060524,0,27.4543249607086,2311.28083956242,106.072440654039,1240.1935595572,76.6057852804661,426.063646823168,36.5410760641098,47.5132541060448,40.3932255804539,97.8318507373333,20.3543088436127,54.6081904470921,10.2165703773499,11.260831028223,29.2205287218094
0,0,0,0,0,0,0,0,0,0,0,0,0,0,0,0,0,0,0,0,0,0,0,0,0,0,0,0,0,1.21815884113312,0,0,0,0,0,0,33.9819792509079,32.5560939311981,25.3366558551788,11.691288292408,0,1.05236995220184,0,0,0,0,0,1.21167725324631,0,0,0,0,0,0,0,0,0,0,0,0,0,0,0,0,0,0,0,0,0,0,0,10.1728802919388,2.61116522550583,9.44999444484711,39.9519441723824,48.3535810410976,18.8399177193642,49.5638738572598,0,0,0,0,0,0,0,0,0,0,0,0,77.0557782053947,208.22284540534,11.5538122653961,964.379569262266,29.1314771175385,66.0414490997791,86.7304353713989,15.7779279947281,58.2001067101955,18.2321598827839,27.4543249607086,0,66.1258111596107,1158.62468805909,56.6744156181812,414.369794607162,54.1189187169075,206.084838330746,9.79504957795143,3.44766527414322,16.1727730929852,1.53820404410362,4.60946470499039,10.7672286629677,18.2980347275734,5.17823204398155
0,0,0,0,0,0,0,0,0,0,0,0,0,0,0,0,0,0,0,0,0,0,0,0,0,0,0,0,3.69088166952133,0,0,0,0,0,0,0,101.481948763132,35.0832065045834,106.888990610838,4.26748621463776,0.436258256435394,0.574920356273651,0,0,0,0,0,0,0,0,0,0,0,0,0,0,0,0,0,0,0,0,0,0,0,0,0,0,0,0,20.0064315795898,3.13959789276123,16.403645336628,5.27665346860886,159.563330590725,81.8927792310715,225.56727913022,73.4538198113441,0,0,0,0,0,0,0,0,0,0,0,0,339.456648856401,155.821603059769,1221.48940479755,98.9301539361477,266.909068703651,131.634985953569,310.167616933584,53.2788413465023,74.6231795251369,87.1991916894913,2311.28083956242,66.1258111596107,0,311.684535712004,6448.98226571083,127.555068224669,507.625884711742,35.3420540690422,109.29590550065,166.298749089241,307.088200122118,84.2941615581512,157.619044601917,502.204058408737,610.491555690765,193.946051567793
0,1.60086250305176,0,0,0,0,0,0,0,0,0,0,0,0,0,0,0,1.04638874530792,0,0,0,0,0,0,0,0,0.767031610012054,0,1.1609560251236,3.08146727085114,0,0,0,1.32957994937897,0,0,101.407254219055,89.6999060809612,69.1145252287388,21.274476647377,0,1.16220557689667,0,0,0,0,0.525445163249969,1.53178226947784,0,0,0,0,0,0,0,0,0,0,0,0,0,0,0,0,0,0,0,0,0,0,6.96997678279877,32.9587081670761,5.4537228345871,31.9142872095108,142.536174684763,173.039038032293,97.8972170054913,255.218211829662,0,0,0,0,0,0,0,0,0,0,0,0,225.862971991301,581.90731331706,64.5641183555126,1843.23013439775,80.5973533987999,232.586174070835,272.435036599636,53.0678967833519,159.47285759449,137.251054435968,106.072440654039,1158.62468805909,311.684535712004,0,190.985504895449,6660.42147910595,135.561853349209,542.207891404629,133.195555478334,51.3929859995842,187.399499446154,31.6479695141315,155.214228510857,336.375337123871,258.888152629137,108.092463999987
10.6475405693054,0,1.66759181022644,0,0,0,3.09326231479645,0,0,0,1.56309103965759,0,0,0,0,0,0,0,8.89833265542984,0,0,0,0,0,0,0,1.0625342130661,0,0.743933439254761,1.24274802207947,1.64875513315201,1.78800356388092,0.68663227558136,0,0.94476318359375,0,111.921833217144,42.4151450693607,108.8065546453,2.70154267549515,0.60448145866394,0,0,0,0,0,0.999308109283447,2.78288626670837,0,0,0,0,0,0,0,0,7.83845800161362,0,1.27146124839783,0,0.613030672073364,0,0.960697650909424,0,0.509195446968079,0,0,0,2.1455545425415,0,71.4743684530258,32.2399700284004,55.2558042407036,9.53469085693359,291.045167326927,116.625008374453,821.82467097044,257.878189623356,0,0,1.77347242832184,0,0,0,0,0,0.52527642250061,0.808942675590515,2.91059565544128,0,688.549130797386,246.076253712177,1551.96285524964,179.402287244797,841.481695860624,237.956334978342,684.318015813828,60.7272942960262,140.570849627256,119.779518991709,1240.1935595572,56.6744156181812,6448.98226571083,190.985504895449,0,840.149691164494,678.278088331223,40.7514243721962,233.782423347235,164.716036826372,552.887311577797,46.8062283396721,105.187534034252,94.1667540371418,255.274055033922,260.36157682538
2.80733168125153,9.56291890144348,0,1.61980295181274,0,0,0,3.1460953950882,0,0,0,0,0,0,0,0,0,0,0,3.48144692182541,0,0,0,0,0,0,0,0,0,2.16674345731735,0.946120738983154,0.656137049198151,0,3.63928079605103,0,0,74.7591807544231,51.7504760921001,55.4640578627586,10.4354913234711,1.72656777501106,0.673230946063995,0,0,0,0,0.574995160102844,6.1633528470993,0,0.722575306892395,0,0,0,0,0,0,0,6.99968975782394,0,0,0,0,0,0,0,0,0,0,0,0,36.0858817398548,58.4910343587399,29.5447707176208,26.3332453072071,147.361587554216,187.239034771919,317.313195496798,620.451282799244,0,1.04117047786713,0,0,0,0,0,0,0,0,0,0,151.588355153799,1081.72817474604,83.1583237946033,1876.62929055095,168.281352519989,587.712595373392,151.484271943569,124.231040149927,71.8409348726273,169.406958401203,76.6057852804661,414.369794607162,127.555068224669,6660.42147910595,840.149691164494,0,95.2511034607887,563.210942715406,370.651775836945,105.635516792536,409.894323766232,92.565206438303,160.807150572538,134.468082368374,539.263878464699,374.882431656122
6.22573417425156,0,0,0,0,0,0,0,0,0,0,0,0,0,0,0,3.87992167472839,0,0,0,0,0,0,0,0,0,0,0,2.7265105843544,0,0,0,0,0,0.929515480995178,0,48.1012917160988,19.9488889276981,50.0078507065773,2.97991049289703,0,0,0,0,0,0,0,0,0,0,0,0,0,0,0,0,8.34107947349548,0,4.74328708648682,0,0,0,0,0,0,0,0,0,3.24592506885529,0,21.1481531858444,12.2476609349251,18.2462843060493,5.1047368645668,63.697364538908,49.8510962128639,139.342156350613,49.7863694131374,0,0,0,0,0,0,1.29997849464417,0,0.752958238124847,0,1.18640828132629,0,290.973315745592,177.472321510315,246.024974167347,136.139231711626,142.993737667799,63.2970439195633,210.856860667467,30.0574276745319,88.1886015534401,80.1428937315941,426.063646823168,54.1189187169075,507.625884711742,135.561853349209,678.278088331223,95.2511034607887,0,48.7801136374474,38.4742413163185,20.5222957134247,66.1435128450394,13.525417983532,5.63452106714249,6.27654722332954,10.1019995808601,55.9083535969257
0,4.07543784379959,0,0,0,0,0,2.21765184402466,0,0,0,0,0,0,0,0,0,0,0,0,0,0,0,0,0,0,0,3.14601516723633,1.62713193893433,0,0,0,0,0,0,0,16.3288818597794,19.1235871911049,15.034256875515,5.1703115105629,0,0,0,0,0,0,0,3.60561645030975,0,0,0,0,0,0,0,0.698605537414551,0,3.06936895847321,0,0,0,0,0,0,0,0,0,0,0,0,5.50529754161835,6.91128149628639,1.16020667552948,1.3174130320549,20.790469378233,32.3095298409462,40.4713002741337,56.6129075586796,0,0,0,0,0,0,0,0,0,0,0,0,79.4376105368137,449.164117276669,44.1801972389221,374.675573647022,17.4568395018578,142.245873510838,41.2667462825775,207.758306384087,35.809909850359,450.232911199331,36.5410760641098,206.084838330746,35.3420540690422,542.207891404629,40.7514243721962,563.210942715406,48.7801136374474,0,19.1064949929714,10.8131588101387,39.1431270539761,9.07766568660736,13.1546514034271,5.1751916706562,13.1135860085487,24.9416402578354
26.7824030518532,63.1400890350342,17.411100268364,39.1197075545788,0.631739139556885,2.64581716060638,1.05244466662407,20.5729670524597,3.64998370409012,1.0316253900528,1.33548760414124,0,0.857438206672668,0.904740691184998,2.5272724032402,1.31540417671204,0,1.07265961170197,47.3471410572529,46.4610077440739,0,0,5.32768452167511,18.9794358611107,0.482228070497513,1.41433745622635,0,0,1.49075329303741,1.45241361856461,4.69484311342239,4.94830805063248,2.7178663611412,5.17803603410721,1.16203212738037,0,15.676052570343,13.9194588363171,3.9179992377758,0,2.59827327728271,0.741020858287811,0,0,0,2.51821649074554,0,3.41388744115829,0,0.69413560628891,0,0,0,0,0,1.84729892015457,5.27220666408539,9.74744987487793,0.924934923648834,1.22706043720245,0,0,0,0.82517409324646,1.25390684604645,0,5.46252274513245,1.12429809570312,21.0161951184273,3.76665067672729,54.0818403065205,86.5002329349518,21.4604384899139,30.8408726155758,126.397751003504,119.02750107646,583.589337527752,785.072027117014,1.99826872348785,0,0,0,0,0.524411976337433,0,0,0,0,0,0,43.4987032115459,132.930160045624,72.413592427969,318.013528823853,123.511707872152,85.8194600343704,31.4343648850918,5.74679192900658,4.92701780796051,9.97967058420181,47.5132541060448,9.79504957795143,109.29590550065,133.195555478334,233.782423347235,370.651775836945,38.4742413163185,19.1064949929714,0,158.069936811924,206.477616578341,54.3838359117508,156.894312649965,357.612372845411,91.0967144668102,446.454787790775
13.0885429382324,24.1661224365234,2.86555135250092,9.82086324691772,0,1.19021439552307,2.77385282516479,6.18928581476212,0,0,0,0,0,0,0,0,1.48703455924988,0,27.6074848771095,16.3218832612038,0,0,1.09657037258148,5.08131349086761,0,0,0.855564117431641,0,1.73408854007721,1.81524837017059,3.11798238754272,3.88776820898056,1.31402432918549,2.7091600894928,6.71204030513763,3.60995733737946,77.3017692565918,39.794153213501,3.73956888914108,0.775465488433838,0,0,2.69291013479233,3.58525890111923,5.80914747714996,13.1715926527977,52.7278749644756,48.246384292841,6.54831671714783,8.21882954239845,0,3.45571202039719,0,3.53041791915894,3.56074839830399,4.31154036521912,14.314638197422,12.7616871595383,4.00580072402954,8.1255247592926,0,0,0,2.19313192367554,1.15153563022614,0.901229977607727,10.7290179729462,3.55228137969971,9.71235698461533,3.46316397190094,13.7564800977707,23.2275473475456,8.56006360054016,10.4411202669144,53.8352773487568,29.2490407526493,1051.81520590186,985.822201758623,0,0,1.38611900806427,0,0,0,0,0,5.43987607955933,1.89004999399185,2.97077763080597,2.57451182603836,25.912194609642,20.5536647439003,90.751934081316,82.4527209103107,886.158763736486,636.635524004698,242.24122428894,44.3502376675606,8.4713329076767,9.08485090732574,40.3932255804539,3.44766527414322,166.298749089241,51.3929859995842,164.716036826372,105.635516792536,20.5222957134247,10.8131588101387,158.069936811924,0,783.450428366661,58.8897998929024,121.60180580616,263.291166484356,42.7420973181725,202.49603754282
0,0,0,0,0,0,0,0,0,0,0,0,0,0,0,0,0,0,0,0,0,0,0,0,0,0,0,0,0,2.03788924217224,0,0,0,0,0,0,18.1469611525536,9.71764349937439,19.0861385166645,3.24094134569168,0.489075660705566,0,0,0,0,0,0,0.695929527282715,0,0,0,0,0,0,0,0,0.887867331504822,0,0,0,0,0,0,0,0,0,0,0,0,0,3.73105961084366,2.02939170598984,4.73524117469788,2.52789840102196,42.4511417150497,31.4641550183296,75.8827370405197,56.2250859439373,0,0,0,0,0.832233786582947,0,0,0,0,0,0,0,151.778732061386,154.321267008781,187.497889846563,252.422513127327,337.544909596443,351.627110749483,883.018870085478,592.341880112886,144.225758492947,226.989362210035,97.8318507373333,16.1727730929852,307.088200122118,187.399499446154,552.887311577797,409.894323766232,66.1435128450394,39.1431270539761,206.477616578341,783.450428366661,0,369.583082973957,576.318478107452,542.371202111244,99.9499799609184,472.529352575541
0,0,0,0,0,0,0,0,0,0,0,0,0,0,0,0,0,0,0,0,0,0,0,0,0,0,0,0,0,0,0,0,0,0,0,0,4.73511016368866,1.42087650299072,1.58173280954361,0,0,0,0,0,0,0,0,1.14480686187744,0,0,0,0,0,0,0,0,0,0,0,0,0,0,0,0,0,0,0,0,0,0,0,1.12987017631531,0,0,6.83699136972427,2.32214850187302,15.1439545750618,10.3689250648022,0,0,0,0,0,0,0,0,0,0,0,0,44.7979841828346,26.1983180046082,37.6679584681988,34.2083025276661,41.0045834481716,45.8227772414684,63.212518632412,208.689499169588,49.9021900296211,259.308827221394,20.3543088436127,1.53820404410362,84.2941615581512,31.6479695141315,46.8062283396721,92.565206438303,13.525417983532,9.07766568660736,54.3838359117508,58.8897998929024,369.583082973957,0,210.672129690647,202.302676916122,35.2045944333076,74.0260500907898
0,0,0,0,0,0,0,0,0,0,0,0,0,0,0,0,0,0,0,0,0,0,0,0,0,0,0,0,0,0,0,0,0,0,0,0,3.88620921969414,1.16322723031044,5.63416707515717,0,0,0,0,0,0,0,0,0,0,0,0,0,0,0,0,0,0,0,0,0,0,0,0,0,0,0,0,0,0,0,1.26773655414581,2.25701630115509,0.677668988704681,0,16.0708046555519,16.3222880363464,33.4108604192734,42.0295006334782,0,0,0,0,0,0,0,0,0,0,0,0,34.9841470718384,117.708961367607,93.052563637495,144.629478424788,75.4152157306671,70.941985219717,118.410456091166,185.694433748722,24.9077740311623,260.613275140524,54.6081904470921,4.60946470499039,157.619044601917,155.214228510857,105.187534034252,160.807150572538,5.63452106714249,13.1546514034271,156.894312649965,121.60180580616,576.318478107452,210.672129690647,0,310.585613459349,120.825965106487,201.665416359901
0,1.61329352855682,0,0,0,0,0,0,0,0,0,0,0,0,0,0,0,0,0,0,0,0,0,0,0,0,0,0,0,0,0,0,0,0,0,0,0,0,0,0,0,0,0,0,0,0,1.09007668495178,0,0,0,0,0,0,0,0,0,0,0,0,0,0,0,0,0,0,0,0,0,0,0,1.77124893665314,1.11479985713959,1.83659648895264,0,10.4494345188141,5.33400610089302,37.1878628730774,26.5746892988682,0,0,0,0,0,0,0,0,0,0,0.905769884586334,0,6.89812624454498,12.5319779217243,24.9968875646591,68.1813473403454,85.8262433409691,48.5246442258358,34.5987629890442,51.2780320048332,5.35893821716309,4.18468999862671,10.2165703773499,10.7672286629677,502.204058408737,336.375337123871,94.1667540371418,134.468082368374,6.27654722332954,5.1751916706562,357.612372845411,263.291166484356,542.371202111244,202.302676916122,310.585613459349,0,515.669815927744,544.559505462646
0,1.16705846786499,0,0,0,0,0,0,0,0,0,0,0,0,0,0,0,0,0,0,0,0,0,0,0,0,0,0,0,0,0,0,0,0,0,0,2.37473830580711,1.58031189441681,1.85873484611511,0.493232548236847,0,0,0,0,0,0,0,0.655188381671906,0,0,0,0,0,0,0,0,0,1.13350045681,0,0,0,0,0,0,0,0,0,0,0,0,3.36855736374855,0.990775644779205,0,2.55680310726166,4.27468267083168,8.51147705316544,20.4921168088913,65.9568394720554,0,0,0,0,0,0,0,0,0,0,0,0,3.55786794424057,58.3531874716282,13.9393416047096,190.926701486111,21.0004085302353,45.4615281224251,16.9521557986736,10.0061881542206,3.69026136398315,11.0948169529438,11.260831028223,18.2980347275734,610.491555690765,258.888152629137,255.274055033922,539.263878464699,10.1019995808601,13.1135860085487,91.0967144668102,42.7420973181725,99.9499799609184,35.2045944333076,120.825965106487,515.669815927744,0,110.994282007217
8.16844600439072,1.95458459854126,0,2.08859467506409,0,0,1.48124098777771,2.23886543512344,0,0,0,0,0,2.56300210952759,0,0,0,0,9.74084693193436,2.9627228975296,0,0,0,1.85111939907074,0,0,0,0,0,0,1.81519544124603,0.714968144893646,0,0.992596626281738,0,0,17.5149302482605,2.55278933048248,5.97314855456352,2.34156769514084,0.616157233715057,0,0,0,0,0,0,0.411688178777695,0,0,0,0,0,0,0,0,1.49661493301392,1.57850605249405,0,0,0,0,0,0,0,0,0,0,4.00005561113358,1.37930488586426,23.7173998355865,18.639052271843,18.5224070847034,1.27630251646042,82.0664548277855,45.1077054738998,226.409712314606,204.567937463522,0,0,0,0,0,0,0,0,0,0,0,0,28.5480177402496,65.2138424813747,50.9669018983841,193.506216287613,154.075446009636,64.6868056058884,63.4321935772896,12.3138825297356,4.38377898931503,6.47001484036446,29.2205287218094,5.17823204398155,193.946051567793,108.092463999987,260.36157682538,374.882431656122,55.9083535969257,24.9416402578354,446.454787790775,202.49603754282,472.529352575541,74.0260500907898,201.665416359901,544.559505462646,110.994282007217,0
