0,471.638241827488,3472.69445624948,432.328781872988,0.493415772914886,0,5689.5464823246,243.706423580647,7.41318744421005,0,1542.71866199374,26.6912668049335,812.484536230564,4.18201160430908,11.3202370107174,0,304.490015268326,11.8479524850845,1224.72120586038,869.852786362171,0.788817822933197,0,32.6283286213875,9.5062307715416,0,0,0.843722939491272,0.651006519794464,627.07951721549,3.31226181983948,39.8211740255356,22.6888917088509,60.4642342329025,237.650247424841,2.66504257917404,0.646692216396332,440.824287563562,0,43.570228099823,0,0.816301107406616,0,0.900461852550507,0,0,0,7.30724799633026,0,0,0,21.2636643350124,0,20.8889162540436,0,3.64690482616425,0,10196.5992093086,24.9331336915493,655.094846516848,0.655753672122955,860.183702230453,0,373.363987445831,5.72563278675079,59.3836178183556,0,127.280408620834,6.54577875137329,932.237867534161,90.2843722701073,1099.34307163954,124.914781570435,1585.62980028987,83.1127207279205,905.938265562057,32.7790660858154,3018.13882219791,226.667100310326,4.7293626666069,0,270.045262783766,0,18.6335727870464,0,917.054386585951,0,0,0,212.824900895357,0,0,0,0,0,90.9633926153183,5.30502301454544,13.4439346194267,0,5.36751294136047,0,0,0,0,0,14.6822507679462,0,42.3450709581375,5.7352340221405,8.68325600028038,14.146795630455,1.26197063922882,0,0,0,0,7.150883436203
471.638241827488,0,214.066454946995,3290.25770899653,0,1.88988956809044,88.1259231567383,4764.4670009613,0,10.2508764266968,20.7859111428261,2062.83941721916,4.59822982549667,755.565458446741,0,21.9292431473732,5.46279463171959,1232.48022437096,710.471107453108,845.444674223661,0,1.54748332500458,2.86939626932144,45.4393455982208,0,0,0,1.21367681026459,32.9087210595608,114.901973336935,24.4858776330948,22.1897012591362,274.925791472197,234.876456081867,0.630207657814026,0.897363901138306,7.01212999224663,208.97500321269,17.9962939023972,16.4228436350822,0,0,0,0.568710327148438,0,0.586573779582977,0.995378136634827,5.67238438129425,0,1.76354587078094,0,50.7486006617546,0,0,0,0,84.6492756903172,11965.9987883568,3.09733909368515,443.530971437693,0,786.607464939356,0,674.95027577877,0,590.732733815908,82.6294042468071,120.109437704086,674.841283619404,734.413611441851,122.254307121038,1582.08436760306,131.96204417944,2947.39948892593,32.8802527487278,1451.63894361258,414.367336839437,5141.6212349534,1.6346549987793,3.97317844629288,0,27.6893754303455,0.536267220973969,0,0,196.256701618433,0,0,0,184.066431641579,0,0,0,0,5.81584870815277,110.569496631622,18.2172207832336,7.86337924003601,0,2.21436190605164,0,0,0,0,0,14.6341224312782,2.99167454242706,4.15469288825989,31.3660986423492,22.455450296402,0,0,0,0,0.974762141704559,7.03619855642319
3472.69445624948,214.066454946995,0,958.322808891535,959.834815174341,222.347838491201,11678.2530842721,855.947994083166,731.34256246686,139.212552547455,997.19729167223,78.9259725213051,833.16501352191,83.4739291369915,525.643917143345,42.6776208281517,128.914422959089,9.65569403767586,2312.4161875546,661.090712249279,3.50671979784966,6.71218526363373,4905.10489153862,1499.415430516,24.2180548906326,184.318465471268,0,23.6683090925217,1026.74215734005,24.5455399155617,482.026257932186,778.822657972574,220.470979720354,260.568536311388,26.283299446106,0,120.454910337925,0.875167071819305,10.2287358045578,0,2.7253161072731,0,3.85709863901138,0,1.2332738339901,0,18.1352112293243,0,0,0,0.528575778007507,0,0,0,0,0,269.517943531275,4.90348455309868,91.4044004976749,1.42387783527374,19.7205313146114,0,4.98842066526413,0.88531368970871,1.61770907044411,0,291.752727866173,2.39633619785309,211.735005915165,22.0569856762886,1834.89289835095,446.416617244482,1741.5287026763,396.339957982302,471.40291851759,77.5143401324749,1963.40250736475,226.398604243994,1.73033344745636,0,18.3697273135185,0,40.8193673491478,0,11.5873761177063,0,7.4992082118988,0,1.20089799165726,0,0,0,0,0,45.5145092010498,0,3.56062483787537,0,0,0,0,0,0,0,5.19883924722672,0,0,0,11.2245492935181,14.8661895692348,0,0,0,0,0,0
432.328781872988,3290.25770899653,958.322808891535,0,43.3383546471596,698.150747656822,933.818361997604,12596.1743221879,190.318484157324,539.021697998047,106.90595304966,533.076796352863,85.613288462162,482.515672951937,60.6913185119629,367.420098602772,11.4725514948368,198.908266752958,845.390936255455,2165.77472639084,3.88379418849945,7.33728381991386,983.640742868185,3592.68363675475,15.7928149104118,61.1242946386337,2.52251330018044,7.07763367891312,176.149054020643,194.800449222326,244.304021060467,616.859748601913,297.251532763243,563.986264437437,0.632594227790833,20.4089341759682,5.93842786550522,55.9269414544106,0,2.17194527387619,0,10.2710912227631,0,2.50989270210266,0,0,0.906456410884857,6.81557768583298,0,0,0,3.07930409908295,0,0,0,0.566020786762238,64.4707164168358,251.331261247396,0.585696637630463,32.6337527036667,0,21.6879212856293,0,56.6190030574799,0,26.1908857524395,28.3924027681351,150.241869479418,245.690517663956,126.216098099947,496.095276206732,1576.63533851504,435.804001361132,2175.88086995482,69.7409553825855,753.706080019474,393.188013792038,2465.51940700412,0,2.13109463453293,0,11.7994136810303,3.6796849668026,2.52544170618057,0,12.8987589776516,0,0.648817956447601,0,0,0,0,0,0,3.10454478859901,40.5449728369713,4.3359797000885,0,0,0,0,0,0,0,0,3.26936540007591,0,1.2907407283783,13.5352655053139,19.8351101875305,0,0,0,0,0,0
0.493415772914886,0,959.834815174341,43.3383546471596,0,95.3800438046455,192.453178882599,4.34364354610443,1705.04957252741,28.9054807722569,0,0,3.04872691631317,0,3010.78009322286,18.1878101229668,0,0,0,0,288.095462918282,38.9689203500748,180.458303630352,155.390529930592,349.90809160471,188.45631313324,759.258762001991,88.1365038454533,394.275906085968,0.717445611953735,63.8986355066299,98.65878495574,5.59502187371254,2.17063176631927,0.559259414672852,0,40.4531528353691,4.12961596250534,4.47263258695602,0,43.7527649104595,0,1.50506740808487,0,0,0,7.91340702772141,0,0,0,0.598477065563202,0,1.06440281867981,0,0.873839437961578,0,0,0,0,0,0,0,0,0,0,0,0,0,0,0,690.930956542492,73.6493585705757,875.061229556799,10.9451396465302,16.418671131134,2.63167828321457,16.7417438030243,1.88681560754776,0,0,0,0,18.7389309704304,0,11.6304796934128,0,46.8807760775089,0,25.35355296731,0,0,0,0,1.64901876449585,0,1.82265484333038,0,0,0,0,0,0,0,0,0,0,0,0,0,0.749920308589935,0,0,0,0,0,0
0,1.88988956809044,222.347838491201,698.150747656822,95.3800438046455,0,50.8804875016212,270.653699576855,179.011980712414,2123.06242671609,0,9.64787295460701,0,10.5382397174835,56.8180460333824,1413.49768060446,0,1.60321259498596,0.553154468536377,1.22546362876892,10.535111695528,506.269363105297,242.680255115032,205.569500267506,121.881985455751,568.883949309587,42.6515663862228,1676.57603228092,9.59021091461182,104.842632770538,97.2261564135551,109.320443212986,2.24772167205811,1.99857559800148,0,0,0,13.9738551974297,0,0,0,65.4134054780006,0,0,0,0,0,0.736633241176605,0,0,0,0,0,0,0,1.58435571193695,0,0,0,0,0,0,0,0,0,0,0,0,0,0,340.950819700956,1008.42767807841,52.5888319611549,1048.677562356,0,34.1556818187237,0,46.4962160885334,0,0,0,1.37320280075073,0,25.5818614065647,0,5.49236780405045,0,16.6680213809013,0,2.46525752544403,0,0,0,0,0,0.468187987804413,1.79130178689957,0,0,0,0,0,0,0,0,0,0,0,0,0.496153861284256,0,0,0,0,0,0
5689.5464823246,88.1259231567383,11678.2530842721,933.818361997604,192.453178882599,50.8804875016212,0,1303.90232723951,661.543151855469,45.9474004507065,1417.17273178697,130.631980836391,4473.17483431101,161.994745224714,202.007420092821,7.79121786355972,64.3015538156033,4.34470251202583,611.065447241068,679.912545144558,0,1.32412910461426,877.07925850153,1035.88077631593,2.17724311351776,13.4305258393288,0,0,555.17678925395,31.9678794741631,271.405486822128,530.591518074274,33.0718449354172,192.393748581409,5.04558125138283,0,31.0674132108688,3.84092104434967,1.88227599859238,0,1.29729187488556,0,0,0,0,0,12.1099163889885,0,0,0,29.0046790540218,0,8.54841136932373,0,0,0,787.702753394842,0.596658825874329,275.641385018826,0,734.301559865475,0,115.400435090065,0,111.0961548388,0,54.0762020647526,0.913463950157166,23.3897194564342,0,3307.26467230916,455.314566046,985.721251755953,348.829707384109,208.005609184504,87.4106885194778,1024.14342352748,208.595653563738,1.86247462034225,0,98.9873515367508,0,11.4430982470512,0,532.558467566967,0,2.76428282260895,0,60.1712846755981,0,0,0,0,0,14.2174810767174,2.03674006462097,0.466252744197845,0,0,0,0,0,0,0,1.08956122398376,0,1.56640607118607,0,1.60053050518036,4.39614051580429,0,0,0,0,0,0
243.706423580647,4764.4670009613,855.947994083166,12596.1743221879,4.34364354610443,270.653699576855,1303.90232723951,0,46.1881209611893,784.266664743423,129.813929498196,3547.37953361869,165.841671526432,6066.02375376225,18.1523623466492,379.066754966974,19.7073366641998,245.792287886143,728.668201386929,734.419938027859,1.69665575027466,0,899.876014351845,725.683328956366,2.64714258909225,7.65657368302345,0,0,194.154334753752,278.435022473335,208.106140851974,253.883961468935,104.222116649151,89.226746737957,0,5.6104151904583,14.5093561410904,26.2020438909531,1.8436586856842,4.09885501861572,0,1.29454910755157,0,0,0,0.387931138277054,0,4.45320156216621,0,0.511243402957916,0,93.1098853051662,0,0,0,0.76077938079834,25.699652582407,466.174512445927,0.673403561115265,217.416032284498,0,320.90378215909,0,261.72190028429,0,586.550472766161,0,31.3754775822163,8.52261963486671,0.726787805557251,486.749180942774,2725.87653619051,389.207127302885,1796.64734211564,66.0101096630096,588.22443780303,277.434776961803,2199.25190925598,0,0,0,32.6735215187073,6.21967774629593,0.573694109916687,0,82.7263445854187,0,0,0,22.9750564098358,0,0,0,0,4.2678918838501,23.2204625606537,9.38350689411163,0,0,0,0,0,0,0,0,3.22593861818314,0,0,10.2630763053894,11.4004556536674,0,0,0,0,0,2.75603342056274
7.41318744421005,0,731.34256246686,190.318484157324,1705.04957252741,179.011980712414,661.543151855469,46.1881209611893,0,70.921006321907,14.1485931277275,0,576.676443219185,2.06375175714493,2347.59304642677,21.2079432606697,0.29317644238472,0,1.02741584181786,0,19.361002355814,3.30014234781265,278.520791500807,392.152622461319,95.6667705774307,122.505407840014,54.3551581203938,32.0053596794605,270.856380134821,3.53804290294647,91.3650714159012,176.698656320572,4.41071072220802,12.2883937358856,1.00429105758667,0,16.0607393682003,0,2.8608101606369,0,16.7240572571754,0,0,0,0,0,7.9074239730835,0,0,0,0,0,0,0,0,0,1.79897594451904,0,0,0,0,0,0,0,0,0,0,0,0,0,1154.64267894626,67.7398929595947,1006.38153597713,60.7192231118679,68.4768541753292,0.984216690063477,183.704631865025,0,0,0,6.37989240884781,0,16.8031923770905,0,5.63113468885422,0,27.4655420482159,0,6.87505286931992,0,0,0,0,0,4.08834528923035,0,0.591716885566711,0,0,0,0,0,0,0,0,0,0,0,0.708239614963531,1.04850769042969,0,0,0,0,0,0
0,10.2508764266968,139.212552547455,539.021697998047,28.9054807722569,2123.06242671609,45.9474004507065,784.266664743423,70.921006321907,0,0,28.3440117835999,0,288.150274664164,27.545005261898,2997.57323989272,0,12.8098727464676,0,4.48962646722794,6.09116840362549,53.2708687186241,129.23410987854,197.601500421762,29.4541786909103,303.528384774923,5.14694598317146,468.417569875717,8.27785634994507,165.311625301838,42.5020038485527,71.6296184957027,0,6.46240013837814,0,0,0,28.1807331442833,0,4.79937601089478,0,113.451355993748,0,0,0,0,0,3.67611306905746,0,0,0,0,0,0,0,18.6545203030109,0,1.23037028312683,0,0,0,0,0,5.11411023139954,0,0,0,0,0,0,166.453896045685,1607.85922190547,32.7679282426834,1837.80309578776,0,146.927413612604,0,209.192815572023,0,0,0,0.616940975189209,0,42.6590668559074,0,18.2421532273293,0,23.0932246148586,0,10.4283718466759,0,0,0,0,0,5.70764896273613,0,0,0,0,0,0,0,0,0,0,0,0,1.82096940279007,0.55460387468338,0,0,0,0,0,0
1542.71866199374,20.7859111428261,997.19729167223,106.90595304966,0,0,1417.17273178697,129.813929498196,14.1485931277275,0,0,10.3009839653969,2346.41767248511,6.62388265132904,44.5611700415611,0,740.124520301819,0.984402894973755,636.32769203186,276.659640669823,0,0,140.772199362516,28.5505241155624,0,0,0,0,1031.54776525497,3.88666808605194,83.1682799458504,67.2089421749115,25.6218201518059,78.8996360898018,9.37955459952354,0,29.2284290194511,0,1.57854986190796,0,0,0,1.46605014801025,0,0,0,3.82326972484589,0,0,0,1.08403491973877,0,6.3902200460434,0,0,0,439.92355260253,0,47.5831779837608,0,209.492522835732,0,271.655006468296,0,13.2075815200806,0,34.630239367485,0,16.4916741847992,0,565.795256882906,45.9697757363319,359.61930000782,40.8970385193825,64.4384026527405,8.7622122168541,391.258727699518,28.3815842270851,22.9041939377785,0,597.73565274477,0,92.8811020851135,0,541.728919506073,0,0.694559335708618,0,50.9625519514084,0,0,0,0,0,2.83030211925507,0,0,0,0,0,0,0,0,0,0,0,0.887727975845337,0,0.95566600561142,0,0,0,0,0,0,0
26.6912668049335,2062.83941721916,78.9259725213051,533.076796352863,0,9.64787295460701,130.631980836391,3547.37953361869,0,28.3440117835999,10.3009839653969,0,15.7830547988415,4151.14122524858,0,181.589934647083,1.62924420833588,1246.12194651365,127.684096008539,424.3647159338,0,0,80.3660240769386,156.318382382393,0,0,0,0,18.8038358092308,834.297388404608,36.8205186128616,71.1355310678482,12.0937902927399,50.8000073432922,0,2.93974155187607,0,5.7696515917778,1.47220718860626,0,0,0,0,0,0,0,0,1.79236054420471,0,0.602849900722504,0,18.7915454506874,0,0,0,0,1.54318845272064,366.874632745981,0,26.6979612112045,0,265.518876671791,0,1066.71568676829,0,177.257366806269,0,3.35208660364151,0,7.30419272184372,44.7295275330544,520.761556118727,31.7348074316978,1067.68351957202,8.47689652442932,140.572750478983,20.7588236629963,383.063389152288,0,4.88514959812164,0,154.991518676281,0,0,0,233.454800486565,0,0,0,83.5120211839676,0,0,0,0,0,8.51302522420883,2.11099433898926,0,0,0,0,0,0,0,0,0,0,0,0,2.6611647605896,0,0,0,0,0,0
812.484536230564,4.59822982549667,833.16501352191,85.613288462162,3.04872691631317,0,4473.17483431101,165.841671526432,576.676443219185,0,2346.41767248511,15.7830547988415,0,17.4799392819405,2477.02756235003,3.28046894073486,220.05244192481,0.64959329366684,363.304647475481,118.404982715845,0,0,324.762677162886,108.022934436798,0.66849410533905,1.32063066959381,0,0,2441.58250761032,1.63652610778809,70.1222747266293,77.7190660834312,18.3706195652485,39.491626739502,3.5153896510601,0,18.4007713198662,0,2.21759140491486,0,1.5990983247757,0,0,0,0,0,7.44092577695847,0,0,0,4.18126803636551,0,2.52990055084229,0,0,0,279.94396610558,0,24.9131285846233,0,100.032730311155,0,77.0417318046093,0,5.29038035869598,0,12.6248102784157,0,16.5741299986839,0,1389.35842634737,63.1702471375465,1092.65001830459,25.6671456694603,150.181087583303,5.52445256710052,618.104785174131,7.72018653154373,10.9704814553261,0,189.701686888933,0,22.1771974563599,0,137.589191496372,0,5.11789560317993,0,17.6995495557785,0,0,0,0,0,10.5444900393486,1.63766872882843,0,0,0,0,0,0,0,0,0,0,0.894434690475464,0,0,4.15814799070358,0,0,0,0,0,1.61071646213531
4.18201160430908,755.565458446741,83.4739291369915,482.515672951937,0,10.5382397174835,161.994745224714,6066.02375376225,2.06375175714493,288.150274664164,6.62388265132904,4151.14122524858,17.4799392819405,0,1.44313395023346,1773.26547601819,1.04768967628479,283.35729560256,69.6493964195251,208.914059996605,0,0,126.275862276554,233.497244298458,0,0,0,0,14.3119652867317,1050.88795918226,25.0769076347351,85.0849781036377,7.87057024240494,32.6822196245193,0,0.944367468357086,0,6.77711373567581,0,2.9482234120369,0,0,0,0,0,0,0,0,0,0,0,1.29648101329803,0,0,0,0,0,78.6359906196594,0,8.31019502878189,0,89.0961548388004,0,358.190529704094,0,66.6714741587639,0,1.6420718729496,0,0,58.1970789134502,974.419375091791,33.0272462964058,835.093154072762,3.78083953261375,118.801248252392,6.73204010725021,349.690693736076,0,3.35897535085678,0,60.6865962743759,0,0,0,91.3824523687363,0,0,0,18.573979139328,0,0,0,0,0,2.46528971195221,0,0,0,0,0,0,0,0,0,2.59444499015808,0,0,2.69502305984497,0,0,0,0,0,0,0
11.3202370107174,0,525.643917143345,60.6913185119629,3010.78009322286,56.8180460333824,202.007420092821,18.1523623466492,2347.59304642677,27.545005261898,44.5611700415611,0,2477.02756235003,1.44313395023346,0,7.55140697956085,4.48818475008011,0,8.38397890329361,0,155.445846021175,13.4529175162315,468.03271484375,154.057176351547,370.706429898739,64.29935374856,741.250929892063,33.7713807225227,2784.01399174333,0,146.44061422348,107.436289429665,10.8032575547695,2.0732786655426,2.45642593502998,0,41.2434161007404,0,7.57620716094971,0,49.926694393158,0,0,0,0,0,31.2251510024071,0,0,0,1.88079005479813,0,0,0,6.7600160241127,0,6.58548191189766,0,0,0,0,0,0,0,0,0,0.996963322162628,0,0,0,1648.42709383368,49.3783079981804,2574.68574824929,25.0860285162926,191.973568111658,0.762790262699127,445.281805336475,0,0,0,9.02058297395706,0,67.953603386879,0,13.7944230437279,0,108.711399555206,0,26.2451496124268,0,0,0,0,0,8.53845745325089,0,0,0,0,0,0,0,0,0,2.08275544643402,0,0,0,2.11060357093811,6.33976477384567,0,0,0,0,0,0
0,21.9292431473732,42.6776208281517,367.420098602772,18.1878101229668,1413.49768060446,7.79121786355972,379.066754966974,21.2079432606697,2997.57323989272,0,181.589934647083,3.28046894073486,1773.26547601819,7.55140697956085,0,0,109.608011603355,0,28.3014122843742,3.85388249158859,263.424699962139,54.5950701236725,259.907759428024,28.4515358805656,355.11580657959,14.9236015975475,535.529163867235,2.78203785419464,2743.00979682803,16.4245398044586,80.306329369545,0,8.84388497471809,0,0,0,72.5617509186268,0,14.3681889176369,0,463.993206679821,0,1.23869627714157,0,0,0,22.3074039816856,0,0,0,0,0,0.478205978870392,0,53.4955292344093,0,21.0627632141113,0,0,0,0.890346825122833,0,27.7895901501179,0,1.09778523445129,0,8.09544199705124,0,0,72.3916637301445,928.63086861372,12.2729301452637,3504.25856882334,0,200.604809969664,0.950795650482178,329.100603312254,0,0.881210148334503,0,11.9368943572044,0,294.7334613204,0,135.362165302038,0,64.7733109295368,0,46.7014918327332,0,0,0,0,0,4.60927319526672,0,0,0,0,0,0,0,0,0,0,0,0,0,3.27967655658722,0,0,0,0,0,0
304.490015268326,5.46279463171959,128.914422959089,11.4725514948368,0,0,64.3015538156033,19.7073366641998,0.29317644238472,0,740.124520301819,1.62924420833588,220.05244192481,1.04768967628479,4.48818475008011,0,0,0,107.417789936066,65.2912518978119,0,0,17.3188368082047,1.07220113277435,0,0,0,0,3262.12693786621,0,17.5124427080154,13.2694611549377,2.49117863178253,13.9968949258327,2.60898667573929,0,18.0527690052986,2.31374502182007,0,0,0,0,0,0,3.27504622936249,0,1.73770403862,0,5.29028081893921,0,18.5438214242458,0,4.925237596035,0,0,0,2422.36846113205,2.32419121265411,82.2975968122482,1.07771813869476,145.595297127962,0,1202.51009848714,0,11.4077879786491,0,56.9982150793076,4.40728497505188,18.2497079372406,0,93.3744803667068,8.97709250450134,356.767210155725,3.94766753911972,66.9584231078625,1.59531807899475,179.227178961039,13.8352500200272,356.302224397659,0,2178.15291076899,0,112.309313774109,0,357.100049644709,0,4.69326949119568,0,43.0895057320595,0,0,0,0,0,10.5345079898834,0,0,0,0,0,0,0,0,0,2.4551465511322,0,1.81726717948914,0,2.07736372947693,2.27560824155807,0,0,0,0,0,0
11.8479524850845,1232.48022437096,9.65569403767586,198.908266752958,0,1.60321259498596,4.34470251202583,245.792287886143,0,12.8098727464676,0.984402894973755,1246.12194651365,0.64959329366684,283.35729560256,0,109.608011603355,0,0,43.4050408005714,157.479848980904,0,0,0.688321888446808,64.8873220086098,0,0,0,0,0.637594044208527,2768.23181772232,3.33047163486481,22.476275742054,5.41951775550842,27.9007390141487,1.70248353481293,0,0,6.11368882656097,0,3.12869274616241,0,0,0,0.784813404083252,0,0.997336328029633,0,0,0,2.19777756929398,0,3.9291256070137,0,0,0,0,2.63801500201225,2554.34933540225,0,48.7840313911438,0,175.718941301107,0,2380.03147628903,0,58.598806142807,6.48529940843582,9.99131232500076,7.59941381216049,14.3171351850033,5.38168025016785,192.741030097008,6.693383872509,1810.33047315478,1.46414220333099,152.979999482632,12.3488764762878,252.669318705797,0,188.168289065361,0,634.943373829126,0,3.93463045358658,0,51.7710907459259,0,1.79255014657974,0,24.9510364532471,0,0,0,0,0,5.82771921157837,0,0,0,0,0,0,0,0,0,1.53385400772095,0,0,1.15935802459717,3.77223086357117,0,0,0,0,0,2.20561039447784
1224.72120586038,710.471107453108,2312.4161875546,845.390936255455,0,0.553154468536377,611.065447241068,728.668201386929,1.02741584181786,0,636.32769203186,127.684096008539,363.304647475481,69.6493964195251,8.38397890329361,0,107.417789936066,43.4050408005714,0,2153.26734349132,0.767549991607666,0,1172.79693841934,221.697763204575,0,0,1.28866493701935,0,480.64549896121,12.4728821516037,373.688398092985,301.019247829914,2620.48597615957,656.178296267986,98.7608237266541,0.346417337656021,120.952277004719,9.04068887233734,17.6965489387512,0,0,0,48.7209615409374,0,18.7383813560009,0,33.8503746390343,0,0,0,0,0,0,0,0,0,240.853712469339,17.4591052532196,60.8639655411243,0,5.73940679430962,0.689427196979523,1.45072770118713,1.52922654151917,0,0.514455497264862,1288.09086355567,15.492312669754,1526.12084892392,102.914141476154,593.803615510464,295.580734044313,887.30100184679,257.024290084839,355.532389998436,105.966552138329,1931.78134611249,562.719570666552,0,0,8.75826707482338,0,27.9110543429852,0,0,0,0,0,0,0,0,0,0,0,50.9665294587612,0.934168040752411,0,0,0,0,0,0,0,0,0.572762727737427,0,9.52056360244751,0,13.1918792128563,9.4382957816124,0,0,0,0,0,0
869.852786362171,845.444674223661,661.090712249279,2165.77472639084,0,1.22546362876892,679.912545144558,734.419938027859,0,4.48962646722794,276.659640669823,424.3647159338,118.404982715845,208.914059996605,0,28.3014122843742,65.2912518978119,157.479848980904,2153.26734349132,0,0,0,166.595982372761,1024.3880674839,0,0,0,0,232.453976362944,49.1857825815678,188.907419592142,310.920877248049,771.075832992792,6177.99280542135,2.01114583015442,31.5559936463833,31.3368511497974,73.8588208854198,3.86108660697937,4.60816812515259,0,2.24699950218201,0,0.92057004570961,0,3.60016080737114,1.72974056005478,17.2095759510994,0,0,0,3.95670545101166,0,0,0,0,146.282295107841,507.468787193298,4.49464938044548,60.8544582426548,0.411572873592377,24.0667091310024,0,65.440078318119,0,23.1949149370193,108.499296247959,1002.54353705049,748.410684227943,1825.38345655799,323.895828455687,503.290801584721,434.321203619242,864.248672813177,138.745327323675,417.758044332266,982.306750565767,2157.78320914507,0,0,0,7.00050497055054,17.836082726717,0,0,9.39650040864944,0,0,0,4.02137792110443,0,0,0,0,10.3696228265762,34.9539920091629,3.87127768993378,0,0,0,0,0,0,0,0,5.32233744859695,0,0,15.1617567837238,11.9630336761475,0,0,0,0,0,1.34481573104858
0.788817822933197,0,3.50671979784966,3.88379418849945,288.095462918282,10.535111695528,0,1.69665575027466,19.361002355814,6.09116840362549,0,0,0,0,155.445846021175,3.85388249158859,0,0,0.767549991607666,0,0,50.9913011193275,95.2507238984108,29.5687417387962,409.987131267786,58.4406531751156,998.537863075733,49.8573231995106,42.7012113630772,0,388.153304338455,63.6397598385811,15.0151140987873,4.53357592225075,5.13471537828445,0.921603918075562,87.5157574415207,15.7451841831207,8.70636880397797,1.67154788970947,12.3690183758736,2.92617440223694,3.18743443489075,0,0,0,7.91704666614532,0,0,0,1.2391939163208,0,0,0,1.19259977340698,0,0,1.49632322788239,0,0,0,0,0,0,0,0,1.33289539813995,0,0,0,530.435929447412,51.9724715352058,81.1005638241768,14.1483321785927,8.50088763237,5.56952434778214,35.3273785114288,19.3484364748001,0,0,0,0,1.60623419284821,0,1.2458324432373,0,9.15289026498795,0,4.57759916782379,1.18095636367798,0,0,0,0,0.877650558948517,0,0.809171617031097,0,0,0,0,0,0,0,0,0,0,0,0,0,0,0,0,0,0,0
0,1.54748332500458,6.71218526363373,7.33728381991386,38.9689203500748,506.269363105297,1.32412910461426,0,3.30014234781265,53.2708687186241,0,0,0,0,13.4529175162315,263.424699962139,0,0,0,0,50.9913011193275,0,43.3696275949478,43.7214487791061,110.924795657396,787.230041056871,129.391364455223,1105.60374441743,0.825964748859406,220.980850577354,96.7723217606544,618.143543511629,0.888500213623047,9.72138831019402,0.429225981235504,1.98383828997612,30.2997334599495,83.3772592544556,1.02970540523529,2.85156410932541,1.32299602031708,134.582870185375,0,0,0,0,0,0,0,1.93307054042816,0,1.64731353521347,0,0,0,0,0,0,0,0,0,0,0,0,0,0.60011875629425,0,0.897417902946472,0,0,144.931220203638,471.259873002768,7.05062258243561,261.01345422864,1.86497443914413,8.57033777236938,1.12463772296906,19.497732937336,0,0,0,0,0,62.514606654644,0,2.62890666723251,0,4.67792803049088,0,2.12308293581009,0,0,0,0,1.43148577213287,1.57663238048553,0,0,0,0,0,0,0,0,0,0,0,0,0,2.532102227211,0,0,0,0,0,0
32.6283286213875,2.86939626932144,4905.10489153862,983.640742868185,180.458303630352,242.680255115032,877.07925850153,899.876014351845,278.520791500807,129.23410987854,140.772199362516,80.3660240769386,324.762677162886,126.275862276554,468.03271484375,54.5950701236725,17.3188368082047,0.688321888446808,1172.79693841934,166.595982372761,95.2507238984108,43.3696275949478,0,2403.22453278303,229.220706254244,585.100086420774,44.394761711359,111.741411238909,672.611733287573,20.2816752195358,4046.34886613488,1588.3686709702,1191.65919786692,349.836105763912,237.665486067533,0.659490764141083,21.4727093577385,0.867309391498566,1.67185217142105,0,3.76480159163475,0,40.7822386622429,0,15.0642835199833,0,14.4703333675861,0,0,0,0,0,0,0,0,0,16.8120666444302,0,0,0,0,0,0,0,0,0,312.141517966986,0,10.9290586411953,0,1595.75154426694,541.088262736797,1027.3972992003,498.774834245443,199.20616966486,84.3749096691608,543.84166303277,107.624316871166,0,0,3.18414407968521,0,9.24364084005356,0,1.56034648418427,0,11.4109642803669,0,0.725917041301727,0,0,0,0,0,2.50850367546082,0,0,0,0,0,0,0,0,0,0,0,0,0,3.0739414691925,5.21023440361023,0,0,0,0,0,0
9.5062307715416,45.4393455982208,1499.415430516,3592.68363675475,155.390529930592,205.569500267506,1035.88077631593,725.683328956366,392.152622461319,197.601500421762,28.5505241155624,156.318382382393,108.022934436798,233.497244298458,154.057176351547,259.907759428024,1.07220113277435,64.8873220086098,221.697763204575,1024.3880674839,29.5687417387962,43.7214487791061,2403.22453278303,0,194.672259300947,1032.67630696297,26.6787865161896,83.469694018364,209.689152926207,111.333319187164,678.194070786238,4194.53651201725,90.0770191550255,2210.25382912159,0.56359201669693,74.679300814867,1.29041123390198,13.0149762034416,2.12397813796997,0,0,6.37746304273605,0,4.60802859067917,0,0.421761214733124,0,16.1548725068569,0,0,0,0,0,0,0,0,0,20.0580291450024,0,0.587723314762115,0,0,0,9.49388089776039,0,0,0,186.858562558889,0,8.61272540688515,857.304563164711,1278.10567972064,543.944656431675,1094.01106363535,45.5059798955917,280.909530222416,84.1380976438522,588.998864203691,0,0,0,4.32492005825043,0,4.4240557551384,0,0,0,1.52628457546234,0,0,0,0,0,0,0,7.00561130046844,0,0,0,0,0,0,0,0,0,0.929690539836884,0,0,1.86106508970261,0.455513447523117,0,0,0,0,0,0
0,0,24.2180548906326,15.7928149104118,349.90809160471,121.881985455751,2.17724311351776,2.64714258909225,95.6667705774307,29.4541786909103,0,0,0.66849410533905,0,370.706429898739,28.4515358805656,0,0,0,0,409.987131267786,110.924795657396,229.220706254244,194.672259300947,0,514.236522674561,660.228065669537,200.599266469479,59.4691649675369,1.79319435358047,553.980522096157,217.140202701092,21.3303341567516,6.46672627329826,3.34520980715752,0,4.06271010637283,0.809656500816345,1.43731781840324,0,10.3117193877697,2.53321748971939,0,0,0,0,0,0,0,0,0,0,0,0,0,0,0,0,0,0,0,0,0,0,0,0,0,0,0,0,573.154710054398,70.6946606636047,275.463048666716,17.3169157505035,3.71283909678459,0,3.77240055799484,0,0,0,0.55519837141037,0,4.13113313913345,0,0.678031206130981,0,11.66919952631,0,4.10338786244392,0,0,0,0,0,0,0,0,0,0,0,0,0,0,0,0,0,0,0,0,0,0,0,0,0,0,0
0,0,184.318465471268,61.1242946386337,188.45631313324,568.883949309587,13.4305258393288,7.65657368302345,122.505407840014,303.528384774923,0,0,1.32063066959381,0,64.29935374856,355.11580657959,0,0,0,0,58.4406531751156,787.230041056871,585.100086420774,1032.67630696297,514.236522674561,0,122.739223599434,1147.28336757421,7.98293435573578,27.5108267068863,312.041169792414,965.082821369171,6.32727366685867,7.62397956848145,0,0,0,3.68036389350891,0,0,0,15.3513098955154,0,0,0,0,0,0,0,0,0,0,0,0,0,0,0,0,0,0,0,0,0,0,0,0,0,1.77723598480225,0,0,493.265651136637,603.141230344772,42.920075237751,274.501961022615,0,3.55466663837433,0,2.86726713180542,0,0,0,0,0,6.33254653215408,0,0.687164902687073,0,1.66946148872375,0,1.32194483280182,0,0,0,0,0,0,0,0,0,0,0,0,0,0,0,0,0,0,0,0,0,0,0,0,0,0
0.843722939491272,0,0,2.52251330018044,759.258762001991,42.6515663862228,0,0,54.3551581203938,5.14694598317146,0,0,0,0,741.250929892063,14.9236015975475,0,0,1.28866493701935,0,998.537863075733,129.391364455223,44.394761711359,26.6787865161896,660.228065669537,122.739223599434,0,190.202313929796,63.8986656665802,0,154.596247553825,52.2155591845512,6.97262778878212,2.40636694431305,2.79581475257874,0,155.623153746128,32.9763160347939,18.7734920978546,0,24.4966779053211,0,0,0,0,0,4.26928132772446,2.46982741355896,0.748967528343201,0,0,0,0,0,0,0,1.09112167358398,0.618966281414032,0,0,0,0,0,0,0,0,2.48913311958313,0,0,0,519.275437951088,63.4971881508827,122.4628290236,16.4116822183132,14.8988074064255,4.70360136032104,13.3282447457314,7.95399695634842,0,0,0,0,2.57037681341171,0,0,1.49960279464722,5.31593528389931,0,3.43689554929733,0,0,0,0,0,0.746809005737305,1.95135915279388,2.35943180322647,0,0,1.58484959602356,0,0,0,0,0,0,0,0,0,0,0,0,0,0,0,0
0.651006519794464,1.21367681026459,23.6683090925217,7.07763367891312,88.1365038454533,1676.57603228092,0,0,32.0053596794605,468.417569875717,0,0,0,0,33.7713807225227,535.529163867235,0,0,0,0,49.8573231995106,1105.60374441743,111.741411238909,83.469694018364,200.599266469479,1147.28336757421,190.202313929796,0,5.80745488405228,43.2147295176983,88.6785290241241,91.7464891374111,0.790369749069214,0.674909293651581,0,1.20066094398499,40.2393929362297,98.049633204937,9.66123700141907,1.6547058224678,0.972190320491791,23.8952790796757,0,0,0,0,0,6.11862534284592,0,0,0,0,0,0,0,0,0,0,0,0,0,0,0,0.465567022562027,0,0,0,0,0,0,396.417047947645,447.703924059868,10.1207918822765,361.759570151567,3.75943028926849,13.8402045369148,9.82711583375931,11.4698746502399,0,0,0,0,0,8.38140833377838,0,1.3460755944252,0,3.29630035161972,0,0.369663208723068,0,0,0,0,0,4.31621992588043,0,0,0,0,0,0,0,0,0,0.98361074924469,0,0,0,3.5449321269989,0,0,0,0,0,0
627.07951721549,32.9087210595608,1026.74215734005,176.149054020643,394.275906085968,9.59021091461182,555.17678925395,194.154334753752,270.856380134821,8.27785634994507,1031.54776525497,18.8038358092308,2441.58250761032,14.3119652867317,2784.01399174333,2.78203785419464,3262.12693786621,0.637594044208527,480.64549896121,232.453976362944,42.7012113630772,0.825964748859406,672.611733287573,209.689152926207,59.4691649675369,7.98293435573578,63.8986656665802,5.80745488405228,0,1.96129083633423,144.699365347624,163.46182012558,60.2431316673756,81.2670661211014,37.1339854598045,22.9490653276443,128.054889112711,11.7787384986877,43.7027847766876,0,105.668691933155,0,79.9451755285263,0.981801748275757,86.9072344601154,2.51337069272995,303.560979425907,1.77728474140167,143.347475677729,0,258.917748719454,0,61.6045484244823,0,68.3777038455009,0,1941.03879979253,2.75838422775269,963.571865946054,2.6264625787735,251.552680492401,0,571.306198954582,0,75.3879967331886,0,423.292331576347,21.4649612307549,141.380354523659,1.40724456310272,740.561682283878,77.8660089671612,2397.59411603212,69.0809414684772,138.325019448996,16.5464199185371,548.051602393389,49.6559207737446,347.999593704939,0,1465.71492505074,0,1213.99547022581,0,540.221829295158,0,633.684677273035,0,316.704902231693,0,9.85418295860291,0,0,0,11.0626053214073,2.16273593902588,0,0,17.8167171478271,0,0,0,0,0,1.5841828584671,0,0.506794810295105,2.19973278045654,2.51888120174408,0.654519617557526,0,0,0,0,0,0
3.31226181983948,114.901973336935,24.5455399155617,194.800449222326,0.717445611953735,104.842632770538,31.9678794741631,278.435022473335,3.53804290294647,165.311625301838,3.88666808605194,834.297388404608,1.63652610778809,1050.88795918226,0,2743.00979682803,0,2768.23181772232,12.4728821516037,49.1857825815678,0,220.980850577354,20.2816752195358,111.333319187164,1.79319435358047,27.5108267068863,0,43.2147295176983,1.96129083633423,0,10.8973922729492,49.2805668711662,1.7212330698967,15.874910235405,25.9087314605713,19.4495698809624,3.5706878900528,46.3081752359867,0,9.3692187666893,0,332.00211340189,14.7474536299706,44.2149408459663,0,68.4903333485126,3.30230593681335,207.47275686264,0,99.6241977214813,0,192.736679285765,0,15.5204524099827,0,34.6941984295845,1.40905869007111,504.359708219767,4.46068096160889,214.063902080059,0,49.4486536085606,0,620.545034557581,0,107.07913506031,12.4588273763657,59.806764125824,4.51035165786743,9.94279730319977,12.0335421860218,161.90513125062,8.99204915761948,3374.41373312473,0,29.8714730143547,7.50261771678925,78.1178905665874,0,345.40330055356,0,824.799253493547,0,1071.02377536893,0,343.297753214836,0,74.3222812116146,0,84.4285889565945,0,1.49081814289093,0,0,0,0,0,0,0,3.51274240016937,0,0,0,0,0,0,0,0,0,3.09704685211182,0,0,0,0,0,0
39.8211740255356,24.4858776330948,482.026257932186,244.304021060467,63.8986355066299,97.2261564135551,271.405486822128,208.106140851974,91.3650714159012,42.5020038485527,83.1682799458504,36.8205186128616,70.1222747266293,25.0769076347351,146.44061422348,16.4245398044586,17.5124427080154,3.33047163486481,373.688398092985,188.907419592142,388.153304338455,96.7723217606544,4046.34886613488,678.194070786238,553.980522096157,312.041169792414,154.596247553825,88.6785290241241,144.699365347624,10.8973922729492,0,787.53635597229,1244.12771144509,208.432216405869,500.914676755667,2.61122101545334,13.9410708844662,0.853660762310028,3.15181809663773,0,2.88863158226013,2.13374662399292,72.6653257012367,0,54.7024779617786,0,30.5051494836807,0,0.564123392105103,0,0,0,0,0,0,0,3.34232327342033,0,1.55665844678879,0,0,1.89452767372131,1.49337315559387,1.11641108989716,0.579670548439026,5.12794262170792,726.329809784889,6.4557156264782,7.02947142720222,1.80990320444107,981.82845929265,192.909071743488,298.007065266371,148.109719961882,73.2366429567337,42.8558374643326,289.713992834091,146.042956292629,0,0,0.909987807273865,0,4.76502895355225,0,0,3.08168309926987,1.44864583015442,0,1.67883396148682,0,0,0,0,0,1.89263343811035,0,0,0,0,0,0,0,0,0,3.71220028400421,0,1.40775883197784,0,0,1.8138906955719,0,0,0,0,0,0.766238927841187
22.6888917088509,22.1897012591362,778.822657972574,616.859748601913,98.65878495574,109.320443212986,530.591518074274,253.883961468935,176.698656320572,71.6296184957027,67.2089421749115,71.1355310678482,77.7190660834312,85.0849781036377,107.436289429665,80.306329369545,13.2694611549377,22.476275742054,301.019247829914,310.920877248049,63.6397598385811,618.143543511629,1588.3686709702,4194.53651201725,217.140202701092,965.082821369171,52.2155591845512,91.7464891374111,163.46182012558,49.2805668711662,787.53635597229,0,117.97449439764,2702.35090324283,8.69249677658081,153.395565330982,7.05296242237091,10.4551701545715,0,0.845103859901428,0,3.45380014181137,1.57592153549194,17.6301888823509,0,5.50293788313866,2.33817148208618,18.0848476588726,0,0,0,0.697274327278137,0,0,0,0.567604422569275,4.03319370746613,12.6854139566422,0,0.664800405502319,0,1.61494606733322,0,7.21181064844131,0,1.35016059875488,16.4043744504452,584.641380518675,1.07951319217682,2.40192320942879,631.010402232409,602.135877430439,337.857164651155,393.491209983826,60.3961136937141,98.3045231997967,283.84378939867,290.780280888081,0,0,0.868510186672211,3.5402238368988,2.92352592945099,0,0.507749259471893,1.35340189933777,0,0,0.739178717136383,0,0,0,0,0,2.49259078502655,6.88206052780151,0,0,0,0,0,0,0,0,0,0.515296041965485,0,0,2.54432880878448,2.13110661506653,0,0,0,0,0,0
60.4642342329025,274.925791472197,220.470979720354,297.251532763243,5.59502187371254,2.24772167205811,33.0718449354172,104.222116649151,4.41071072220802,0,25.6218201518059,12.0937902927399,18.3706195652485,7.87057024240494,10.8032575547695,0,2.49117863178253,5.41951775550842,2620.48597615957,771.075832992792,15.0151140987873,0.888500213623047,1191.65919786692,90.0770191550255,21.3303341567516,6.32727366685867,6.97262778878212,0.790369749069214,60.2431316673756,1.7212330698967,1244.12771144509,117.97449439764,0,603.002383261919,1373.64139306545,4.43208760023117,17.0856053233147,4.43438756465912,25.7150651216507,1.65937840938568,0,0,94.9487108290195,0.527300179004669,159.404826968908,0,29.7392139434814,0,2.0492707490921,0,0.709235608577728,1.23179244995117,0,0,2.27258396148682,0,54.5197508335114,92.8856135308743,22.6080428957939,15.374566257,0.625569462776184,0,0,19.3662765026093,0,3.68380570411682,4814.72711148858,99.8330210447311,1285.48771983385,230.018855929375,123.83597445488,105.555863916874,113.29176518321,61.272881090641,33.2418796420097,27.624440819025,204.113319545984,197.844820469618,0,1.61541211605072,1.26639068126678,7.47942000627518,2.14887714385986,0,2.64201155304909,4.51890432834625,0,0,0,0,0,0,0,0,2.03998774290085,0,1.88219285011292,0,0,0,0,0,0,0,1.10091388225555,1.70135176181793,0,0,0,1.19069480895996,0,0,0,0,0,0
237.650247424841,234.876456081867,260.568536311388,563.986264437437,2.17063176631927,1.99857559800148,192.393748581409,89.226746737957,12.2883937358856,6.46240013837814,78.8996360898018,50.8000073432922,39.491626739502,32.6822196245193,2.0732786655426,8.84388497471809,13.9968949258327,27.9007390141487,656.178296267986,6177.99280542135,4.53357592225075,9.72138831019402,349.836105763912,2210.25382912159,6.46672627329826,7.62397956848145,2.40636694431305,0.674909293651581,81.2670661211014,15.874910235405,208.432216405869,2702.35090324283,603.002383261919,0,26.4594321250916,1143.33383959532,40.1297662556171,14.6668741703033,8.26963192224503,23.0757068395615,0,0.616812944412231,25.2064038515091,60.9343626499176,3.35749036073685,29.2622055709362,6.23615080118179,112.417385756969,4.6668267250061,3.6033222079277,0,8.74839895963669,0,0,0,1.78071677684784,88.0749166309834,321.050658434629,45.1797661781311,69.7765498459339,2.8028256893158,13.1932616233826,4.8282265663147,39.5286929607391,0,7.33956062793732,630.687162280083,6598.30550971627,688.31393891573,1802.42133027315,173.112964868546,215.704592585564,205.036233156919,279.941320449114,51.7354084253311,106.796566337347,447.382683902979,514.813349187374,0,8.12256872653961,12.5021290779114,45.314473092556,3.12039905786514,2.07563641667366,3.892125248909,22.071471452713,0,2.48672473430634,0,10.8719409108162,0,0,0,0,9.39129817485809,9.87986755371094,1.75838506221771,0,0,0,0,0,0,0,2.36445498466492,1.26894652843475,0,0,0,3.27422082424164,0,0,0,0,0,0.742340266704559
2.66504257917404,0.630207657814026,26.283299446106,0.632594227790833,0.559259414672852,0,5.04558125138283,0,1.00429105758667,0,9.37955459952354,0,3.5153896510601,0,2.45642593502998,0,2.60898667573929,1.70248353481293,98.7608237266541,2.01114583015442,5.13471537828445,0.429225981235504,237.665486067533,0.56359201669693,3.34520980715752,0,2.79581475257874,0,37.1339854598045,25.9087314605713,500.914676755667,8.69249677658081,1373.64139306545,26.4594321250916,0,392.057209730148,237.49164518714,277.010134398937,72.1936602890491,28.9619681239128,25.2822200655937,23.7360034584999,716.087074071169,502.595248043537,814.537605255842,625.584762334824,228.449419379234,229.317146778107,420.594606757164,265.762968122959,85.3705416917801,92.9780355989933,37.1332862973213,46.967533916235,14.7823825478554,36.2416053116322,1.26787388324738,13.8488472998142,97.7909202873707,115.732785195112,9.87729185819626,14.68900847435,0.951584279537201,12.7304342389107,3.21162360906601,116.115978598595,2059.97065800428,543.553907841444,0.929700911045074,4.11244738101959,43.1524567604065,2.70313543081284,153.799073308706,135.042865216732,14.8231393694878,45.4397047758102,342.133257329464,223.497173249722,4.75675252079964,5.17840027809143,49.3541647791862,69.2239185273647,10.3211223185062,0,45.639405220747,32.8115972280502,6.83962768316269,0,66.0561443269253,43.4585030674934,2.26569354534149,0.80437445640564,0,0,1.73079764842987,3.76815462112427,2.02546381950378,0,2.01472806930542,3.16306161880493,0,0,0,0,0,0,0,0,0,9.48583167791367,0,0,0,0,0,0
0.646692216396332,0.897363901138306,0,20.4089341759682,0,0,0,5.6104151904583,0,0,0,2.93974155187607,0,0.944367468357086,0,0,0,0,0.346417337656021,31.5559936463833,0.921603918075562,1.98383828997612,0.659490764141083,74.679300814867,0,0,0,1.20066094398499,22.9490653276443,19.4495698809624,2.61122101545334,153.395565330982,4.43208760023117,1143.33383959532,392.057209730148,0,228.17280626297,222.644854724407,14.6927777528763,68.261808693409,19.585867524147,14.7072914838791,361.962536811829,598.924839437008,426.690740168095,601.571835637093,127.615296512842,325.139917552471,306.601539194584,249.191121727228,84.5518969893456,87.449638068676,20.2912823557854,33.7657461464405,10.9741451740265,26.6876536905766,0.721160113811493,8.97120290994644,75.2019969522953,87.6904525160789,7.12173771858215,8.33844363689423,1.06710910797119,16.8311418294907,3.1141631603241,45.3818134069443,510.497303426266,2199.98821181059,5.47070145606995,0,7.05144596099854,18.9062950313091,148.036299884319,112.611121356487,10.2694815993309,32.4822570681572,240.34426560998,270.282151758671,5.25910639762878,10.9592451155186,28.5646822452545,153.660701870918,9.68276208639145,11.0740184783936,30.2083305716515,55.4358975887299,3.53911155462265,4.14871770143509,45.3781955242157,49.294776558876,1.75169450044632,1.76964688301086,0,0,1.31857061386108,10.9239571094513,1.93394839763641,0,0,0,0,0,0,0,0,0,0,1.64386975765228,0,1.99638986587524,0.6654052734375,0,0,0,0,0
440.824287563562,7.01212999224663,120.454910337925,5.93842786550522,40.4531528353691,0,31.0674132108688,14.5093561410904,16.0607393682003,0,29.2284290194511,0,18.4007713198662,0,41.2434161007404,0,18.0527690052986,0,120.952277004719,31.3368511497974,87.5157574415207,30.2997334599495,21.4727093577385,1.29041123390198,4.06271010637283,0,155.623153746128,40.2393929362297,128.054889112711,3.5706878900528,13.9410708844662,7.05296242237091,17.0856053233147,40.1297662556171,237.49164518714,228.17280626297,0,729.492943763733,1599.42407336831,20.8156018853188,684.700508445501,34.3089334070683,304.01529571414,149.180965334177,515.110053479671,183.207052588463,1188.20171442628,85.3317137956619,743.205638021231,102.358591377735,475.947818309069,67.3467272818089,86.4018167555332,12.2223629057407,885.955408900976,34.7556940317154,553.595790028572,46.1873800754547,578.636921644211,259.355674505234,190.33950817585,17.0937874317169,71.0537321865559,12.5544844865799,93.8679638504982,140.727806568146,1019.29302147031,797.17144420743,275.552023649216,9.67170172929764,402.89452624321,62.8718425035477,606.868182957172,170.496994435787,1010.18522369862,156.902112901211,4398.98828139901,450.008848637342,5.5069323182106,4.82781404256821,90.3689277470112,24.9299437999725,136.167394131422,2.53808605670929,171.614548772573,12.4967723488808,1053.62161952257,13.4286175370216,945.627488523722,14.5730109214783,85.0290687978268,106.202537477016,31.3805428147316,44.2731687426567,115.763813227415,67.4329233467579,77.3727812170982,26.9940256476402,45.6214001178741,51.579332947731,25.542152762413,19.2443107962608,43.2752448916435,99.8419261276722,64.5268415212631,24.6506678164005,49.0956055223942,29.7847638130188,18.1289330422878,130.064996004105,32.7111074328423,5.02992802858353,0,2.05005830526352,5.49608135223389,6.03639253973961
0,208.97500321269,0.875167071819305,55.9269414544106,4.12961596250534,13.9738551974297,3.84092104434967,26.2020438909531,0,28.1807331442833,0,5.7696515917778,0,6.77711373567581,0,72.5617509186268,2.31374502182007,6.11368882656097,9.04068887233734,73.8588208854198,15.7451841831207,83.3772592544556,0.867309391498566,13.0149762034416,0.809656500816345,3.68036389350891,32.9763160347939,98.049633204937,11.7787384986877,46.3081752359867,0.853660762310028,10.4551701545715,4.43438756465912,14.6668741703033,277.010134398937,222.644854724407,729.492943763733,0,48.1844485998154,1795.64469787478,38.1312939524651,534.927466928959,122.954075008631,247.981077611446,42.1912709474564,479.322439491749,164.009288847446,1071.1963391006,32.9124593734741,410.06363555789,10.357830286026,430.40484008193,2.51049029827118,68.5593954026699,9.63929295539856,853.231079787016,5.94840258359909,232.977599471807,158.221639096737,148.288217246532,9.13293021917343,57.4035937488079,9.36233681440353,96.7217507958412,2.21269226074219,278.455054610968,955.538276255131,422.558749854565,1.34991240501404,39.2995539307594,41.7420449256897,218.967485338449,121.060942590237,352.016553908587,89.4082567095757,591.12660908699,301.499288588762,3712.26267910004,0,2.57933619618416,3.22866380214691,76.3827030956745,1.78900289535522,203.223411858082,6.84407216310501,344.904754161835,15.3481283187866,818.03207463026,27.7484293580055,1191.54578596354,53.5755916237831,51.0977220833302,17.7399044036865,25.6705390810966,30.9720512330532,75.5929827094078,53.7167270183563,8.39865267276764,30.0701199769974,28.7444915473461,12.374256670475,3.97291725873947,14.6868207156658,52.9007502198219,16.3486649096012,39.0981259346008,16.861644089222,14.9903597831726,11.667826294899,100.820638149977,11.9152543842793,2.93410748243332,1.02969408035278,2.31455516815186,3.84901368618011,5.07695522904396
43.570228099823,17.9962939023972,10.2287358045578,0,4.47263258695602,0,1.88227599859238,1.8436586856842,2.8608101606369,0,1.57854986190796,1.47220718860626,2.21759140491486,0,7.57620716094971,0,0,0,17.6965489387512,3.86108660697937,8.70636880397797,1.02970540523529,1.67185217142105,2.12397813796997,1.43731781840324,0,18.7734920978546,9.66123700141907,43.7027847766876,0,3.15181809663773,0,25.7150651216507,8.26963192224503,72.1936602890491,14.6927777528763,1599.42407336831,48.1844485998154,0,26.7338271141052,670.004153698683,4.63142663240433,699.133637428284,26.3893966078758,530.301490306854,2.17762064933777,1389.16901165247,9.24375748634338,187.998460292816,6.54584777355194,89.7504865527153,2.85533380508423,33.1123938858509,0,1231.46269524097,1.13292825222015,65.1026507616043,12.9182665348053,124.242195904255,3.35655510425568,20.8608675003052,0,16.335476577282,0,11.1761444211006,0,684.011741638184,41.7126281261444,21.6051588058472,0,36.5944111645222,11.6373084783554,120.266336679459,20.3145744800568,90.9087778627872,44.7951702773571,279.840288847685,43.9006806612015,1.84048581123352,0,20.3941230773926,0,119.947837978601,0,40.1720373034477,0,399.446181416512,0,388.308308571577,0,132.481249213219,334.759543716908,55.8696959912777,95.8383140563965,24.3261087536812,259.662576705217,60.9327985048294,126.244547188282,58.5569407045841,214.618549734354,28.4396362006664,17.1931869983673,35.7165035605431,61.0241428613663,23.5920524597168,12.6549974679947,25.5631850361824,8.08218765258789,2.10044580698013,4.96887418627739,39.1527718305588,7.48987686634064,11.5267727971077,2.51814621686935,5.04306903481483,1.35310614109039
0,16.4228436350822,0,2.17194527387619,0,0,0,4.09885501861572,0,4.79937601089478,0,0,0,2.9482234120369,0,14.3681889176369,0,3.12869274616241,0,4.60816812515259,1.67154788970947,2.85156410932541,0,0,0,0,0,1.6547058224678,0,9.3692187666893,0,0.845103859901428,1.65937840938568,23.0757068395615,28.9619681239128,68.261808693409,20.8156018853188,1795.64469787478,26.7338271141052,0,10.540506362915,949.790798932314,16.5460361540318,613.487575769424,9.41440212726593,262.680387973785,5.92024224996567,1020.57896217704,0.801972091197968,119.425124108791,0,63.461467474699,0,30.2405027449131,1.61743724346161,1402.36708006263,0,40.3242167234421,0,25.8558214306831,0,6.3727765083313,0,22.8956587314606,0,30.9390774965286,11.398026406765,810.074739217758,2.0649402141571,12.6155680418015,1.68666064739227,16.9368314146996,9.44562870264053,62.8532021343708,25.334195882082,46.9093245863914,13.4975137114525,122.316651374102,0,5.43264484405518,0,25.649986743927,0,148.797065317631,0,64.9795412123203,0,609.608916550875,0,325.416001617908,23.017569065094,31.3092770278454,17.3355250656605,8.03437751531601,12.5131589770317,21.1967010200024,30.031604975462,5.57747566699982,9.09575581550598,11.7066943049431,8.80964919924736,7.01876950263977,10.0493342280388,20.4407105743885,2.52990660071373,7.92996031045914,8.77757114171982,14.7821381688118,1.14828824996948,1.65800988674164,11.0790596008301,1.08145296573639,2.04079085588455,0.427136391401291,3.53538900613785,1.16583836078644
0.816301107406616,0,2.7253161072731,0,43.7527649104595,0,1.29729187488556,0,16.7240572571754,0,0,0,1.5990983247757,0,49.926694393158,0,0,0,0,0,12.3690183758736,1.32299602031708,3.76480159163475,0,10.3117193877697,0,24.4966779053211,0.972190320491791,105.668691933155,0,2.88863158226013,0,0,0,25.2822200655937,19.585867524147,684.700508445501,38.1312939524651,670.004153698683,10.540506362915,0,39.7020847797394,47.1507255733013,0,19.5169043838978,0,236.15052819252,5.6559431552887,55.6654924750328,0,54.4526259601116,0,28.3211614191532,0,249.27761888504,3.10120075941086,0.893626391887665,0,16.0204712152481,0,5.40020483732224,0,5.75417453050613,0,6.96411871910095,0,55.3780627250671,1.33733686804771,0,0,91.3630313277245,27.5669488310814,470.410281360149,35.8519792556763,454.181385189295,63.3564616441727,209.969910383224,3.6662620306015,0,0,11.9960659742355,0,533.814088046551,9.31803214550018,25.7067889273167,5.03518885374069,1587.65102949739,13.4855138659477,288.03069755435,17.3115398287773,4.18733006715775,0,1.17094475030899,0,1.76109975576401,0,0,0,9.73279681801796,0,0,0,1.03760880231857,0,2.60509842634201,3.15153366327286,0,0,0.518962442874908,1.7006708085537,0,0,0,0,0.817184448242188,1.92486107349396
0,0,0,10.2710912227631,0,65.4134054780006,0,1.29454910755157,0,113.451355993748,0,0,0,0,0,463.993206679821,0,0,0,2.24699950218201,2.92617440223694,134.582870185375,0,6.37746304273605,2.53321748971939,15.3513098955154,0,23.8952790796757,0,332.00211340189,2.13374662399292,3.45380014181137,0,0.616812944412231,23.7360034584999,14.7072914838791,34.3089334070683,534.927466928959,4.63142663240433,949.790798932314,39.7020847797394,0,40.8139436542988,43.8042075634003,0,42.1803669035435,3.5710746049881,439.745750725269,0,63.5750024616718,0,108.369446575642,0,40.6756058037281,7.64070063829422,300.886257320642,0,0.47133994102478,0,4.03833147883415,0,1.50271195173264,0,9.66494435071945,0,27.6822642087936,1.00518310070038,20.9147445559502,0,0,8.71054425835609,187.636342257261,47.2525786161423,811.865185618401,48.5749686956406,420.853630781174,12.7883763313293,191.270068764687,0,0,1.37473547458649,16.882599234581,0.804743528366089,2380.25087219477,2.08881270885468,247.839066833258,20.1284465789795,1978.72263270617,44.0454531908035,568.219655305147,0,3.69168910384178,0.604342639446259,1.37175005674362,0,1.76273262500763,2.0169734954834,0,0,6.8313957452774,0,0,0,0,0.76828145980835,1.62623628973961,0,0,2.09418988227844,2.92198646068573,0,0,0,0,0,0
0.900461852550507,0,3.85709863901138,0,1.50506740808487,0,0,0,0,0,1.46605014801025,0,0,0,0,0,0,0,48.7209615409374,0,3.18743443489075,0,40.7822386622429,0,0,0,0,0,79.9451755285263,14.7474536299706,72.6653257012367,1.57592153549194,94.9487108290195,25.2064038515091,716.087074071169,361.962536811829,304.01529571414,122.954075008631,699.133637428284,16.5460361540318,47.1507255733013,40.8139436542988,0,3036.98863515258,13075.2100826204,2290.61232855916,7999.64734187722,1698.51432642341,2376.38921099901,431.354131221771,861.586835831404,84.0603412985802,292.518569409847,4.4191669523716,189.577109485865,78.3421266973019,0,11.9836356639862,127.531275868416,114.452555119991,1.48544025421143,0,0,2.17133224010468,0,53.2555470466614,2644.14626821876,916.10073980689,0,4.30704486370087,11.8851841986179,1.66257584095001,279.40680128336,100.47389999032,16.5793838500977,4.67353045940399,331.819179177284,95.5597901940346,5.94413018226624,5.50304841995239,122.391267776489,11.7595215439796,49.3464227616787,6.1600536108017,210.870199084282,31.1400505304337,21.3193222880363,1.59890300035477,353.090501993895,33.1678180098534,342.268863081932,5.42171096801758,0,0,1.15587881207466,0,0,0.661824107170105,231.774993658066,127.281110525131,0,0,0,0,0,0,1.42537689208984,0,0,1.09167441725731,7.62340486049652,12.5466101765633,0,0,0,0
0,0.568710327148438,0,2.50989270210266,0,0,0,0,0,0,0,0,0,0,0,1.23869627714157,0,0.784813404083252,0,0.92057004570961,0,0,0,4.60802859067917,0,0,0,0,0.981801748275757,44.2149408459663,0,17.6301888823509,0.527300179004669,60.9343626499176,502.595248043537,598.924839437008,149.180965334177,247.981077611446,26.3893966078758,613.487575769424,0,43.8042075634003,3036.98863515258,0,1491.72099599242,12385.4441446066,150.025718450546,7933.50209781528,234.723469734192,1621.22376507521,56.3472373485565,650.500331938267,19.7664946317673,710.918995440006,8.31254380941391,192.542582988739,0,0,43.6900788545609,8.37469655275345,0,0.52987939119339,1.41845750808716,2.0429984331131,0,3.03578120470047,849.87319535017,1828.32435443997,0,0,0,0.972397178411484,2.58098787069321,209.045609772205,0,39.3494417369366,135.404376834631,197.022729754448,0,4.83684867620468,0,69.0142225325108,0,31.5828886032104,0.697135031223297,134.294858425856,0,15.1144370138645,7.91032558679581,76.0620155632496,0,16.7627873718739,0,0,0,3.26161134243011,2.28837609291077,2.31423938274384,0,29.8910683393478,0,0,0,0,0,0,0,0,0,1.98923271894455,0,0,0,0,0,0
0,0,1.2332738339901,0,0,0,0,0,0,0,0,0,0,0,0,0,3.27504622936249,0,18.7383813560009,0,0,0,15.0642835199833,0,0,0,0,0,86.9072344601154,0,54.7024779617786,0,159.404826968908,3.35749036073685,814.537605255842,426.690740168095,515.110053479671,42.1912709474564,530.301490306854,9.41440212726593,19.5169043838978,0,13075.2100826204,1491.72099599242,0,1199.03583431244,3468.30075964332,167.733287185431,5997.10942062736,154.368429034948,1247.22629889846,34.6483840942383,294.100132584572,0,452.775147527456,16.1314337849617,0,0,231.638569295406,52.403881162405,0.5587557554245,0,3.66690328717232,0,4.2194806933403,53.3971692919731,3144.50340786576,582.170068979263,0,0.498799026012421,8.50314837694168,0,256.276142299175,27.9322621822357,32.1067025065422,3.89116686582565,563.44574958086,55.0848169922829,21.1184974908829,0,206.773306667805,4.29618406295776,18.0492295622826,0,212.332392096519,6.77627617120743,1.93476530909538,0,137.697944194078,4.27367621660233,23.7586216926575,0,0,0,2.781005859375,0,2.75426697731018,0,34.9325369000435,0,0,0,0,0,0,0,0,0,0,0.890270411968231,4.69256544113159,5.40757495164871,0,0,0,0
0,0.586573779582977,0,0,0,0,0,0.387931138277054,0,0,0,0,0,0,0,0,0,0.997336328029633,0,3.60016080737114,0,0,0,0.421761214733124,0,0,0,0,2.51337069272995,68.4903333485126,0,5.50293788313866,0,29.2622055709362,625.584762334824,601.571835637093,183.207052588463,479.322439491749,2.17762064933777,262.680387973785,0,42.1803669035435,2290.61232855916,12385.4441446066,1199.03583431244,0,42.1382257342339,2558.13254341483,81.2501729726791,5777.65137457848,29.8207890987396,1914.897662431,21.428249001503,281.001114815474,0,347.351447403431,0,0.606712937355042,74.9578647017479,164.664818018675,1.37380218505859,0,0,2.2793305516243,0,11.5510039329529,989.532995641232,2950.51571035385,0.701251864433289,0,0,3.70359909534454,2.41736263036728,461.800049483776,0,154.702643543482,142.953876137733,487.728922694921,0,3.83378338813782,0,288.359319716692,0,18.7853361964226,2.25644183158875,382.250967234373,0,0.629281759262085,1.99629890918732,192.685905575752,0,24.3062333464622,0,0,0,31.1880729198456,0,0,0,8.7034926712513,0,0,0,0,0,0,0,0,0,16.4965500831604,0,0,0,0,0,0
7.30724799633026,0.995378136634827,18.1352112293243,0.906456410884857,7.91340702772141,0,12.1099163889885,0,7.9074239730835,0,3.82326972484589,0,7.44092577695847,0,31.2251510024071,0,1.73770403862,0,33.8503746390343,1.72974056005478,7.91704666614532,0,14.4703333675861,0,0,0,4.26928132772446,0,303.560979425907,3.30230593681335,30.5051494836807,2.33817148208618,29.7392139434814,6.23615080118179,228.449419379234,127.615296512842,1188.20171442628,164.009288847446,1389.16901165247,5.92024224996567,236.15052819252,3.5710746049881,7999.64734187722,150.025718450546,3468.30075964332,42.1382257342339,0,44.6539106369019,1580.30345532298,15.778488099575,2018.19257390499,19.925724029541,1541.08245885372,0,5242.85636153817,6.40806412696838,2.19042938947678,6.96930086612701,88.066608518362,118.438340544701,14.5865503251553,8.46834588050842,8.64554649591446,3.51283276081085,7.39014264941216,53.2984569072723,1194.16522321105,446.815553754568,0.638444602489471,4.59968626499176,82.7147187590599,14.5421293377876,815.872120469809,37.1793909668922,80.2160937488079,17.979428589344,614.200777232647,165.067265659571,0.514766931533813,0.858819782733917,188.9223485291,8.18465459346771,196.250313997269,0,508.107121288776,0,208.668770432472,0,1107.90572679043,1.24255359172821,377.86309492588,0,0.397084504365921,0,8.93091267347336,8.28418380022049,27.8273314833641,0,760.464732080698,0,0.62956565618515,0.593335151672363,0,1.07629856467247,1.10075336694717,3.36114794015884,0,0,0.999804675579071,94.9401867389679,22.9102335572243,22.2268830537796,0.590623378753662,0,0.47596463561058,2.13043695688248
0,5.67238438129425,0,6.81557768583298,0,0.736633241176605,0,4.45320156216621,0,3.67611306905746,0,1.79236054420471,0,0,0,22.3074039816856,0,0,0,17.2095759510994,0,0,0,16.1548725068569,0,0,2.46982741355896,6.11862534284592,1.77728474140167,207.47275686264,0,18.0848476588726,0,112.417385756969,229.317146778107,325.139917552471,85.3317137956619,1071.1963391006,9.24375748634338,1020.57896217704,5.6559431552887,439.745750725269,1698.51432642341,7933.50209781528,167.733287185431,2558.13254341483,44.6539106369019,0,9.78628313541412,1335.51269763708,1.17194521427155,1725.29973250628,1.39093393087387,2506.96326234937,0,4233.85637140274,5.8324658870697,2.8077877163887,5.20516857504845,24.0087032616138,0,3.3979015648365,1.43174755573273,9.60505890846252,0,18.7404682636261,250.475883483887,1335.68067207932,4.58544027805328,1.5610716342926,5.56054145097733,45.9685499370098,3.23601746559143,1172.3032399714,7.55346524715424,103.012527644634,100.575545758009,653.769878149033,0,3.48962932825089,0,130.702512145042,0,180.449592769146,0,291.642538785934,0,126.991541653872,0,393.11726295948,2.38289380073547,380.829704076052,0,1.14696311950684,5.37122821807861,10.2710162401199,1.08201479911804,5.27057600021362,0,450.671040892601,0,0,0,0,0.902297675609589,2.01920852065086,0,0,0.573043704032898,39.6025255322456,0,0,0,0,0,0
0,0,0,0,0,0,0,0,0,0,0,0,0,0,0,0,5.29028081893921,0,0,0,0,0,0,0,0,0,0.748967528343201,0,143.347475677729,0,0.564123392105103,0,2.0492707490921,4.6668267250061,420.594606757164,306.601539194584,743.205638021231,32.9124593734741,187.998460292816,0.801972091197968,55.6654924750328,0,2376.38921099901,234.723469734192,5997.10942062736,81.2501729726791,1580.30345532298,9.78628313541412,0,69.3417002558708,7315.29085332155,8.68392896652222,1015.66510033607,0,942.724977254868,11.5045506954193,0,0,1183.55284252763,2.81985473632812,19.7334930896759,2.38226985931396,3.85209083557129,0,11.6184243261814,6.64459109306335,1008.47970926762,532.590116709471,0,0,3.2226659655571,1.13268101215363,509.000170141459,0,55.6488436162472,0,898.226237952709,14.5193678736687,38.1180620491505,0,377.492191910744,0,87.8148548305035,0,530.546870261431,0,6.25437435507774,0,435.279271751642,0,30.9110310077667,0,0,0,16.4213809370995,0,8.18321645259857,0,21.1188431978226,0,0,0,0,0,0,0,0,0,0,10.9799062609673,0.747259438037872,0,0,0,0,0
0,1.76354587078094,0,0,0,0,0,0.511243402957916,0,0,0,0.602849900722504,0,0,0,0,0,2.19777756929398,0,0,0,1.93307054042816,0,0,0,0,0,0,0,99.6241977214813,0,0,0,3.6033222079277,265.762968122959,249.191121727228,102.358591377735,410.06363555789,6.54584777355194,119.425124108791,0,63.5750024616718,431.354131221771,1621.22376507521,154.368429034948,5777.65137457848,15.778488099575,1335.51269763708,69.3417002558708,0,14.8052508831024,8886.31913590431,6.1510124206543,2219.84068328142,0,996.472554206848,0,12.5510457754135,36.6477667987347,1205.14965730906,2.97185349464417,33.458284676075,0,2.45378878712654,0,613.354924678802,528.281727522612,880.604197025299,0,0,0.799704194068909,2.87434783577919,1.82705688476562,534.295679092407,0,122.271860957146,74.8187005221844,418.032546043396,0,5.24482476711273,0,199.818536609411,0,31.3051135838032,0,681.072709053755,0,3.53197413682938,0,330.769673407078,0,91.7583271861076,0,0,0,8.15082532167435,0,0,0,34.5795175135136,0,0,0,0,0,0,0,0,0,13.1406579017639,0,0,0,0,0,0
21.2636643350124,0,0.528575778007507,0,0.598477065563202,0,29.0046790540218,0,0,0,1.08403491973877,0,4.18126803636551,0,1.88079005479813,0,18.5438214242458,0,0,0,1.2391939163208,0,0,0,0,0,0,0,258.917748719454,0,0,0,0.709235608577728,0,85.3705416917801,84.5518969893456,475.947818309069,10.357830286026,89.7504865527153,0,54.4526259601116,0,861.586835831404,56.3472373485565,1247.22629889846,29.8207890987396,2018.19257390499,1.17194521427155,7315.29085332155,14.8052508831024,0,0,4641.91735067964,0,1263.83763116598,0,14.2443943917751,0,1634.64005464315,0,622.672526627779,0,19.5966355502605,0,710.406523108482,5.21871900558472,340.032002776861,165.479236125946,0,0,6.99191841483116,0.647919952869415,530.818594276905,0,71.5665368139744,0,660.396303772926,2.58586841821671,48.64296194911,0,639.829353868961,0,203.837749749422,0,3418.32316535711,0,57.8162033557892,0,858.531490206718,0,16.0698125362396,0,0,0,11.0559643507004,0,10.2715454697609,0,28.5172258019447,0,0,0,0,0,0,0,1.79052019119263,0,0,12.5176582932472,0,0,0,0,0,0
0,50.7486006617546,0,3.07930409908295,0,0,0,93.1098853051662,0,0,0,18.7915454506874,0,1.29648101329803,0,0,0,3.9291256070137,0,3.95670545101166,0,1.64731353521347,0,0,0,0,0,0,0,192.736679285765,0,0.697274327278137,1.23179244995117,8.74839895963669,92.9780355989933,87.449638068676,67.3467272818089,430.40484008193,2.85533380508423,63.461467474699,0,108.369446575642,84.0603412985802,650.500331938267,34.6483840942383,1914.897662431,19.925724029541,1725.29973250628,8.68392896652222,8886.31913590431,0,0,0,4104.5692242384,0,1048.96605142951,0,54.0588057637215,15.8473311662674,1645.39381918311,2.27017211914062,41.0601513981819,0,17.3491904437542,0,1507.28419801593,194.42941057682,722.968642503023,0,1.10466587543488,0,38.4601681232452,0.80951726436615,797.472423523664,0,182.427498668432,20.6849880218506,637.714510709047,0,22.6085550785065,0,519.977236896753,0,162.232927262783,4.36441993713379,5462.20338222384,0,48.9987843930721,0,1493.78476059437,0,166.13205948472,0,0,0,39.8396364450455,0,0,0,36.2236279845238,0,0,0,0,0,0,0,0,0,15.1600969135761,0,0,0,0,0,0
20.8889162540436,0,0,0,1.06440281867981,0,8.54841136932373,0,0,0,6.3902200460434,0,2.52990055084229,0,0,0,4.925237596035,0,0,0,0,0,0,0,0,0,0,0,61.6045484244823,0,0,0,0,0,37.1332862973213,20.2912823557854,86.4018167555332,2.51049029827118,33.1123938858509,0,28.3211614191532,0,292.518569409847,19.7664946317673,294.100132584572,21.428249001503,1541.08245885372,1.39093393087387,1015.66510033607,6.1510124206543,4641.91735067964,0,0,0,2663.68861183524,0,11.6120163798332,0,87.8864403367043,0,21.6108484566212,0,10.9718779027462,0,43.8842355906963,0,56.0112482607365,67.9490851759911,0,0,1.1191782951355,1.49885722994804,137.29230478406,0,8.86065140366554,0,103.070999205112,0,2.64623165130615,0,67.9070289731026,0,26.0213964283466,0,621.298009485006,0,31.7796031832695,0,1099.24342888594,0,15.8800236582756,0,0,0,1.33906754851341,0,0,0,48.087163746357,0,0,0,0,0,0,0,0,0,0,0.646340668201447,0,0,0,0,0,0
0,0,0,0,0,0,0,0,0,0,0,0,0,0,0,0.478205978870392,0,0,0,0,0,0,0,0,0,0,0,0,0,15.5204524099827,0,0,0,0,46.967533916235,33.7657461464405,12.2223629057407,68.5593954026699,0,30.2405027449131,0,40.6756058037281,4.4191669523716,710.918995440006,0,281.001114815474,0,2506.96326234937,0,2219.84068328142,0,4104.5692242384,0,0,0,2923.7736825943,0,0,0,0,0,0,0,0,0,0,40.2842050492764,27.4318042993546,0,0,0,1.10115528106689,0,108.237607568502,0,19.9065701067448,15.4445358514786,36.5062330067158,0,0,0,13.7521679401398,0,12.5217053890228,0,629.58572819829,0,15.9462186396122,0,1083.06611225009,0,168.945925027132,0,0,0,0,0,0,0,31.5652255415916,0,0,0,0,0,0,0,0,0,0.677367866039276,0,0,0,0,0,0
3.64690482616425,0,0,0,0.873839437961578,0,0,0,0,0,0,0,0,0,6.7600160241127,0,0,0,0,0,1.19259977340698,0,0,0,0,0,0,0,68.3777038455009,0,0,0,2.27258396148682,0,14.7823825478554,10.9741451740265,885.955408900976,9.63929295539856,1231.46269524097,1.61743724346161,249.27761888504,7.64070063829422,189.577109485865,8.31254380941391,452.775147527456,0,5242.85636153817,0,942.724977254868,0,1263.83763116598,0,2663.68861183524,0,0,0,1.83374238014221,0,35.6879912912846,0,3.8697783946991,0,1.81884476542473,0,11.5928657948971,0,104.674319148064,10.7415798306465,0,0,9.03160929679871,9.33162701129913,137.02537971735,6.28655099868774,53.9043101668358,20.4243748784065,92.3464081585407,1.32861495018005,1.99545693397522,0,23.7988612651825,0,54.4396692216396,0,217.227814137936,0,352.62507379055,0,3179.68974921107,0,29.1724832057953,0,0,0,0,0,0,0,121.135768085718,0,0,0,0,0,0,0,0,0,0,2.39099550247192,0.790009379386902,1.96115672588348,0,0,0,0
0,0,0,0.566020786762238,0,1.58435571193695,0,0.76077938079834,0,18.6545203030109,0,0,0,0,0,53.4955292344093,0,0,0,0,0,0,0,0,0,0,0,0,0,34.6941984295845,0,0.567604422569275,0,1.78071677684784,36.2416053116322,26.6876536905766,34.7556940317154,853.231079787016,1.13292825222015,1402.36708006263,3.10120075941086,300.886257320642,78.3421266973019,192.542582988739,16.1314337849617,347.351447403431,6.40806412696838,4233.85637140274,11.5045506954193,996.472554206848,0,1048.96605142951,0,2923.7736825943,0,0,0,1.4392024576664,9.49355006217957,4.04930606484413,3.65155529975891,0.491766542196274,0,5.54018342494965,0,23.1626414656639,69.922062844038,108.760619431734,0,0,4.65708360075951,14.3873746991158,7.39901477098465,196.879423052073,6.81792575120926,42.5472728013992,13.810590326786,107.257490515709,0,0,0,11.4897008240223,0,118.854603469372,0,774.602990925312,0,565.999267935753,0,3963.83233439922,0,47.3948374688625,0,0,0,0.89098060131073,0,0,0,75.3365240395069,0,0,0,0,0,0,0,0,1.18029367923737,0,0,0,0,0,0,0
10196.5992093086,84.6492756903172,269.517943531275,64.4707164168358,0,0,787.702753394842,25.699652582407,1.79897594451904,0,439.92355260253,1.54318845272064,279.94396610558,0,6.58548191189766,0,2422.36846113205,2.63801500201225,240.853712469339,146.282295107841,0,0,16.8120666444302,0,0,0,1.09112167358398,0,1941.03879979253,1.40905869007111,3.34232327342033,4.03319370746613,54.5197508335114,88.0749166309834,1.26787388324738,0.721160113811493,553.595790028572,5.94840258359909,65.1026507616043,0,0.893626391887665,0,0,0,0,0,2.19042938947678,5.8324658870697,0,0,14.2443943917751,0,11.6120163798332,0,1.83374238014221,0,0,82.5103109776974,3038.46753406525,15.3438801467419,4739.53037813306,0,3481.77068394423,6.1184618473053,49.3525868654251,0.737361013889313,280.290508776903,86.3324140906334,877.803393214941,60.5853510499001,649.557596623898,69.7272459864616,1901.74402800202,23.3244584202766,885.620417207479,4.06494787335396,2672.68617939949,112.370666891336,34.8168776035309,1.0759779214859,681.182010143995,1.8172236084938,27.8014925122261,0,574.737770527601,0,0,0,123.323144137859,0,0,0,0,0,51.4503602981567,2.07124042510986,11.0127265751362,0,2.39727377891541,0,0,0,1.44561064243317,0,5.7738108932972,0,23.2058767080307,0,7.62556910514832,5.88678652048111,1.51389634609222,0,0,0,0,0
24.9331336915493,11965.9987883568,4.90348455309868,251.331261247396,0,0,0.596658825874329,466.174512445927,0,1.23037028312683,0,366.874632745981,0,78.6359906196594,0,21.0627632141113,2.32419121265411,2554.34933540225,17.4591052532196,507.468787193298,1.49632322788239,0,0,20.0580291450024,0,0,0.618966281414032,0,2.75838422775269,504.359708219767,0,12.6854139566422,92.8856135308743,321.050658434629,13.8488472998142,8.97120290994644,46.1873800754547,232.977599471807,12.9182665348053,40.3242167234421,0,0.47133994102478,11.9836356639862,0,0,0.606712937355042,6.96930086612701,2.8077877163887,0,12.5510457754135,0,54.0588057637215,0,0,0,1.4392024576664,82.5103109776974,0,87.8226109743118,2883.42757228017,5.77227604389191,3132.18248558044,16.4741473793983,3792.61446905136,0,562.859988421202,508.279211401939,667.464305698872,275.568562060595,1934.2739572823,54.0016049146652,455.450171381235,12.9728129506111,3088.30226829648,8.66081702709198,783.54329097271,249.389095276594,2250.78681093454,4.11229979991913,53.7916122674942,4.66560935974121,192.833179593086,0,1.02713984251022,0,88.6250147819519,0,0,0,83.0805008709431,0,0,0,0,4.06412875652313,84.237069606781,0,0,0,1.74105358123779,0,0,0,0,0,5.29314190149307,0,5.11136972904205,7.82155549526215,8.65909820795059,0,0,0,0,0,1.15554213523865
655.094846516848,3.09733909368515,91.4044004976749,0.585696637630463,0,0,275.641385018826,0.673403561115265,0,0,47.5831779837608,0,24.9131285846233,0,0,0,82.2975968122482,0,60.8639655411243,4.49464938044548,0,0,0,0,0,0,0,0,963.571865946054,4.46068096160889,1.55665844678879,0,22.6080428957939,45.1797661781311,97.7909202873707,75.2019969522953,578.636921644211,158.221639096737,124.242195904255,0,16.0204712152481,0,127.531275868416,43.6900788545609,231.638569295406,74.9578647017479,88.066608518362,5.20516857504845,1183.55284252763,36.6477667987347,1634.64005464315,15.8473311662674,87.8864403367043,0,35.6879912912846,9.49355006217957,3038.46753406525,87.8226109743118,0,63.4350123405457,5694.64271557331,10.2415505051613,547.938952684402,4.90836775302887,659.470796555281,31.1095788478851,2576.23534664512,509.328272640705,156.000829845667,29.3230543136597,139.440289378166,24.8984593451023,1047.45249548554,22.7780461907387,257.994371056557,5.74571022391319,1579.14985945821,204.938292503357,120.469227880239,6.42021834850311,494.143090695143,11.5676379799843,15.5488229095936,0,249.726290643215,0.884479284286499,1.62341624498367,0,64.76509937644,0,0,0,0,0,40.2314405739307,1.48688840866089,6.09641179442406,0,0,0,0,0,0.978561699390411,0,1.55051729083061,0,3.43382829427719,0,0.789023637771606,8.14083915948868,0,0,0,0,0,0
0.655753672122955,443.530971437693,1.42387783527374,32.6337527036667,0,0,0,217.416032284498,0,0,0,26.6979612112045,0,8.31019502878189,0,0,1.07771813869476,48.7840313911438,0,60.8544582426548,0,0,0,0.587723314762115,0,0,0,0,2.6264625787735,214.063902080059,0,0.664800405502319,15.374566257,69.7765498459339,115.732785195112,87.6904525160789,259.355674505234,148.288217246532,3.35655510425568,25.8558214306831,0,4.03833147883415,114.452555119991,8.37469655275345,52.403881162405,164.664818018675,118.438340544701,24.0087032616138,2.81985473632812,1205.14965730906,0,1645.39381918311,0,0,0,4.04930606484413,15.3438801467419,2883.42757228017,63.4350123405457,0,1.23818254470825,1913.35194426775,8.32499641180038,420.457405090332,0,2615.72166070342,666.468920886517,1427.21843475103,12.8472239971161,100.977980315685,14.621307849884,63.5492183566093,10.1663625240326,650.311825573444,0,165.418792039156,141.334459215403,661.805901795626,3.31268072128296,132.533846795559,5.98515582084656,514.25894254446,0,10.2602218389511,0,85.0584249794483,0,0.784498691558838,0,50.8653950095177,0,0,0,0,0,29.6884322166443,0,0,0,0,0,0,0,0,0,0,0,0,0.791036307811737,14.1826645731926,0,0,0,0,0,0
860.183702230453,0,19.7205313146114,0,0,0,734.301559865475,0,0,0,209.492522835732,0,100.032730311155,0,0,0,145.595297127962,0,5.73940679430962,0.411572873592377,0,0,0,0,0,0,0,0,251.552680492401,0,0,0,0.625569462776184,2.8028256893158,9.87729185819626,7.12173771858215,190.33950817585,9.13293021917343,20.8608675003052,0,5.40020483732224,0,1.48544025421143,0,0.5587557554245,1.37380218505859,14.5865503251553,0,19.7334930896759,2.97185349464417,622.672526627779,2.27017211914062,21.6108484566212,0,3.8697783946991,3.65155529975891,4739.53037813306,5.77227604389191,5694.64271557331,1.23818254470825,0,0,4690.69915241003,0,1882.09472566843,0,293.139008045197,21.3057135343552,2.68065083026886,0.580179154872894,49.9865508973598,0.950183242559433,334.067209839821,1.839430809021,104.79874753952,0,586.21776047349,12.0658233165741,49.1020682752132,0,921.538371920586,0,23.9562557637691,0,1197.26932784915,0,6.87040188908577,0,179.693424016237,0,0,0,0,0,12.7728163599968,0,1.43690097332001,0,0,0,0,0,0,0,0,0,3.00950509309769,0,0,1.42657732963562,0,0,0,0,0,0
0,786.607464939356,0,21.6879212856293,0,0,0,320.90378215909,0,0,0,265.518876671791,0,89.0961548388004,0,0.890346825122833,0,175.718941301107,0.689427196979523,24.0667091310024,0,0,0,0,0,0,0,0,0,49.4486536085606,1.89452767372131,1.61494606733322,0,13.1932616233826,14.68900847435,8.33844363689423,17.0937874317169,57.4035937488079,0,6.3727765083313,0,1.50271195173264,0,0.52987939119339,0,0,8.46834588050842,3.3979015648365,2.38226985931396,33.458284676075,0,41.0601513981819,0,0,0,0.491766542196274,0,3132.18248558044,10.2415505051613,1913.35194426775,0,0,0,3720.0574927628,1.75236916542053,3388.11148190498,43.4678560495377,27.9506539702415,0,0,2.25071209669113,53.2424810230732,0,214.877222388983,0,50.3133546411991,13.1934352517128,254.128493964672,0,13.6191786527634,0,83.2952196896076,0,0.423192262649536,0,264.627912074327,0,0.87759655714035,0,99.4645502269268,0,0,0,0,0,4.06307792663574,0,0,0,0.902239620685577,0,0,0,0,0,0,0,0,0.698609173297882,0,0,0,0,0,0,0
373.363987445831,0,4.98842066526413,0,0,0,115.400435090065,0,0,0,271.655006468296,0,77.0417318046093,0,0,0,1202.51009848714,0,1.45072770118713,0,0,0,0,0,0,0,0,0,571.306198954582,0,1.49337315559387,0,0,4.8282265663147,0.951584279537201,1.06710910797119,71.0537321865559,9.36233681440353,16.335476577282,0,5.75417453050613,0,0,1.41845750808716,3.66690328717232,0,8.64554649591446,1.43174755573273,3.85209083557129,0,19.5966355502605,0,10.9718779027462,0,1.81884476542473,0,3481.77068394423,16.4741473793983,547.938952684402,8.32499641180038,4690.69915241003,0,0,0,542.323387026787,0,68.0186361074448,30.8215921223164,5.84613513946533,0.937913775444031,56.1005116403103,0,271.974197268486,4.883485019207,72.4080024659634,1.0879237651825,447.423683196306,41.9658797383308,43.7562754154205,0,3812.84533911943,0,29.0823289453983,0,1726.60211011767,0,9.16037872433662,0,243.439377486706,0,0,0,0,0,4.07453739643097,0,2.05557060241699,0,1.21896803379059,0,0,0,0,0,1.92937749624252,0.63021332025528,2.11924809217453,0,0,1.10668456554413,0,0,0,0.984022259712219,0,0
5.72563278675079,674.95027577877,0.88531368970871,56.6190030574799,0,0,0,261.72190028429,0,5.11411023139954,0,1066.71568676829,0,358.190529704094,0,27.7895901501179,0,2380.03147628903,1.52922654151917,65.440078318119,0,0,0,9.49388089776039,0,0,0,0.465567022562027,0,620.545034557581,1.11641108989716,7.21181064844131,19.3662765026093,39.5286929607391,12.7304342389107,16.8311418294907,12.5544844865799,96.7217507958412,0,22.8956587314606,0,9.66494435071945,2.17133224010468,2.0429984331131,0,2.2793305516243,3.51283276081085,9.60505890846252,0,2.45378878712654,0,17.3491904437542,0,0,0,5.54018342494965,6.1184618473053,3792.61446905136,4.90836775302887,420.457405090332,0,3720.0574927628,0,0,0,1175.35962739587,69.6743857860565,63.5504263937473,37.1395177841187,31.3195054829121,11.3762934207916,230.788718432188,0,1053.55631455779,0,156.562504708767,38.6789160370827,614.962661504745,0,68.8757719099522,0,2197.03170323372,0,20.9720314443111,0,1206.41644072533,0,11.8093633651733,0,444.678760707378,0,0,0,0,0,20.1733585298061,3.13463234901428,0,0,0,0,0,0,0,0,0,0,0.598599195480347,0,1.58836954832077,0,0,0,0,0,0
59.3836178183556,0,1.61770907044411,0,0,0,111.0961548388,0,0,0,13.2075815200806,0,5.29038035869598,0,0,0,11.4077879786491,0,0,0,0,0,0,0,0,0,0,0,75.3879967331886,0,0.579670548439026,0,0,0,3.21162360906601,3.1141631603241,93.8679638504982,2.21269226074219,11.1761444211006,0,6.96411871910095,0,0,0,4.2194806933403,0,7.39014264941216,0,11.6184243261814,0,710.406523108482,0,43.8842355906963,0,11.5928657948971,0,49.3525868654251,0,659.470796555281,0,1882.09472566843,1.75236916542053,542.323387026787,0,0,0,56.5117096602917,3.57377940416336,0,0,6.57330876588821,0,118.782929211855,0,20.1322894990444,0,181.204994440079,1.55577635765076,24.7495174705982,0,224.875075995922,0,13.3347744047642,0,2213.2458756268,0,6.39441609382629,0,179.43292683363,0,0,0,0,0,7.39858424663544,0,0.738964974880219,0,2.0890851020813,0,0,0,0,0,0,0,0,0,0,0,0,0,0,0,0,0
0,590.732733815908,0,26.1908857524395,0,0,0,586.550472766161,0,0,0,177.257366806269,0,66.6714741587639,0,1.09778523445129,0,58.598806142807,0.514455497264862,23.1949149370193,0,0.60011875629425,0,0,0,0,0,0,0,107.07913506031,5.12794262170792,1.35016059875488,3.68380570411682,7.33956062793732,116.115978598595,45.3818134069443,140.727806568146,278.455054610968,0,30.9390774965286,0,27.6822642087936,53.2555470466614,3.03578120470047,53.3971692919731,11.5510039329529,53.2984569072723,18.7404682636261,6.64459109306335,613.354924678802,5.21871900558472,1507.28419801593,0,0,0,23.1626414656639,0.737361013889313,562.859988421202,31.1095788478851,2615.72166070342,0,3388.11148190498,0,1175.35962739587,0,0,302.573507994413,196.24392747879,0,1.80936259031296,2.63743507862091,114.114583492279,4.36601173877716,542.48768556118,0,173.296771377325,45.5230170786381,740.016576617956,0,37.4289442896843,0,597.505205780268,0,33.1575234830379,0,3882.92759308219,0,13.3623898327351,0,894.362948298454,0,0,0,0,0,19.0421361029148,0,0,0,0,0,0,0,0,0,2.27166843414307,0,0,0,5.4384703040123,0,0,0,0,0,0
127.280408620834,82.6294042468071,291.752727866173,28.3924027681351,0,0,54.0762020647526,0,0,0,34.630239367485,0,12.6248102784157,0,0.996963322162628,0,56.9982150793076,6.48529940843582,1288.09086355567,108.499296247959,1.33289539813995,0,312.141517966986,0,0,0,2.48913311958313,0,423.292331576347,12.4588273763657,726.329809784889,16.4043744504452,4814.72711148858,630.687162280083,2059.97065800428,510.497303426266,1019.29302147031,955.538276255131,684.011741638184,11.398026406765,55.3780627250671,1.00518310070038,2644.14626821876,849.87319535017,3144.50340786576,989.532995641232,1194.16522321105,250.475883483887,1008.47970926762,528.281727522612,340.032002776861,194.42941057682,56.0112482607365,40.2842050492764,104.674319148064,69.922062844038,280.290508776903,508.279211401939,2576.23534664512,666.468920886517,293.139008045197,43.4678560495377,68.0186361074448,69.6743857860565,56.5117096602917,302.573507994413,0,3383.0690177381,2137.0850687921,311.797926843166,341.243948787451,190.137044459581,786.408089607954,188.387527763844,196.070659518242,27.3275780677795,2192.67441171408,978.097740590572,82.6581914424896,11.2187827527523,467.620214402676,43.2988165318966,29.2415950894356,0,273.471747308969,35.5169939398766,12.0503813922405,0,126.910360664129,23.6229802370071,5.77673983573914,0.617295801639557,0,0,34.6797236204147,0,3.66557717323303,0,3.64242118597031,1.80852150917053,0,0,0,0,2.15049189329147,0,1.83336496353149,0,2.07606333494186,9.03687930107117,1.1590291261673,0,0,0,0,0
6.54577875137329,120.109437704086,2.39633619785309,150.241869479418,0,0,0.913463950157166,31.3754775822163,0,0,0,3.35208660364151,0,1.6420718729496,0,8.09544199705124,4.40728497505188,9.99131232500076,15.492312669754,1002.54353705049,0,0.897417902946472,0,186.858562558889,0,1.77723598480225,0,0,21.4649612307549,59.806764125824,6.4557156264782,584.641380518675,99.8330210447311,6598.30550971627,543.553907841444,2199.98821181059,797.17144420743,422.558749854565,41.7126281261444,810.074739217758,1.33733686804771,20.9147445559502,916.10073980689,1828.32435443997,582.170068979263,2950.51571035385,446.815553754568,1335.68067207932,532.590116709471,880.604197025299,165.479236125946,722.968642503023,67.9490851759911,27.4318042993546,10.7415798306465,108.760619431734,86.3324140906334,667.464305698872,509.328272640705,1427.21843475103,21.3057135343552,27.9506539702415,30.8215921223164,63.5504263937473,3.57377940416336,196.24392747879,3383.0690177381,0,151.882510095835,1001.59884053469,39.4617528915405,94.1285365223885,72.86521884799,341.627838850021,7.18707251548767,112.549189805984,600.976991683245,677.19451507926,17.3027653098106,48.2220382094383,21.361142039299,359.832557678223,0,26.1570694744587,24.8363193273544,99.7632412612438,0,18.0051828920841,47.8108744621277,95.2989138066769,0,0.876992166042328,0,0,0,23.8074280023575,0,0,0.822436392307281,2.22356182336807,0,0,0,0,0,0,0,0,0.87174665927887,5.4512967467308,0,0,0,0,0,0
932.237867534161,674.841283619404,211.735005915165,245.690517663956,0,0,23.3897194564342,8.52261963486671,0,0,16.4916741847992,0,16.5741299986839,0,0,0,18.2497079372406,7.59941381216049,1526.12084892392,748.410684227943,0,0,10.9290586411953,0,0,0,0,0,141.380354523659,4.51035165786743,7.02947142720222,1.07951319217682,1285.48771983385,688.31393891573,0.929700911045074,5.47070145606995,275.552023649216,1.34991240501404,21.6051588058472,2.0649402141571,0,0,0,0,0,0.701251864433289,0.638444602489471,4.58544027805328,0,0,0,0,0,0,0,0,877.803393214941,275.568562060595,156.000829845667,12.8472239971161,2.68065083026886,0,5.84613513946533,37.1395177841187,0,0,2137.0850687921,151.882510095835,0,917.07762748003,857.15413865447,260.705464094877,430.259314507246,38.8176563382149,394.179385244846,11.650439709425,2161.83543020487,243.210718810558,0.718867182731628,0.928489089012146,10.4207682311535,1.70761930942535,0.437324672937393,0,6.76373341679573,0,0,0,0,0,0,0,0,0,38.2309653759003,0,1.22641324996948,0,0,0,0,0,0,0,2.28218197822571,0,9.72883772850037,0,6.38213491439819,6.01718211174011,0,0,0,0,0,0
90.2843722701073,734.413611441851,22.0569856762886,126.216098099947,0,0,0,0.726787805557251,0,0,0,7.30419272184372,0,0,0,0,0,14.3171351850033,102.914141476154,1825.38345655799,0,0,0,8.61272540688515,0,0,0,0,1.40724456310272,9.94279730319977,1.80990320444107,2.40192320942879,230.018855929375,1802.42133027315,4.11244738101959,0,9.67170172929764,39.2995539307594,0,12.6155680418015,0,0,4.30704486370087,0,0.498799026012421,0,4.59968626499176,1.5610716342926,0,0,0,1.10466587543488,0,0,0,0,60.5853510499001,1934.2739572823,29.3230543136597,100.977980315685,0.580179154872894,0,0.937913775444031,31.3195054829121,0,1.80936259031296,311.797926843166,1001.59884053469,917.07762748003,0,90.2255547940731,198.234927713871,17.6068255603313,216.842453539371,8.80538707971573,118.78109484911,206.951865762472,801.533410489559,1.84696447849274,0.643485426902771,3.02608090639114,10.6542187333107,0,0,0,1.77264660596848,0,0,0,2.10082340240479,0,0,0,0,0,8.6087674498558,0,0,0,0,0,0,0,0,0,0,0,0,0,1.92990380525589,0,0,0,0,0,0
1099.34307163954,122.254307121038,1834.89289835095,496.095276206732,690.930956542492,340.950819700956,3307.26467230916,486.749180942774,1154.64267894626,166.453896045685,565.795256882906,44.7295275330544,1389.35842634737,58.1970789134502,1648.42709383368,72.3916637301445,93.3744803667068,5.38168025016785,593.803615510464,323.895828455687,530.435929447412,144.931220203638,1595.75154426694,857.304563164711,573.154710054398,493.265651136637,519.275437951088,396.417047947645,740.561682283878,12.0335421860218,981.82845929265,631.010402232409,123.83597445488,173.112964868546,43.1524567604065,7.05144596099854,402.89452624321,41.7420449256897,36.5944111645222,1.68666064739227,91.3630313277245,8.71054425835609,11.8851841986179,0,8.50314837694168,0,82.7147187590599,5.56054145097733,3.2226659655571,0.799704194068909,6.99191841483116,0,1.1191782951355,0,9.03160929679871,4.65708360075951,649.557596623898,54.0016049146652,139.440289378166,14.621307849884,49.9865508973598,2.25071209669113,56.1005116403103,11.3762934207916,6.57330876588821,2.63743507862091,341.243948787451,39.4617528915405,857.15413865447,90.2255547940731,0,451.092332869768,5226.08106425405,242.819971501827,2754.51675930619,99.5037534832954,6571.54499650002,169.662349224091,1.66208404302597,1.00226986408234,32.186742156744,2.22365564107895,44.629528850317,7.69906497001648,55.2448685765266,0.839848279953003,31.986869931221,10.7137758135796,54.172605574131,4.39245498180389,17.9617971777916,14.3331335783005,10.6816783547401,7.03967225551605,137.488855600357,11.7797337174416,33.154924094677,9.05061346292496,15.9565446972847,5.11102914810181,10.7662628293037,9.68898522853851,21.3788241744041,23.9612572789192,74.7664093375206,20.463870704174,34.8416938185692,3.74475198984146,29.4771394431591,19.6403238773346,3.38038861751556,1.87108564376831,1.42781102657318,5.52045065164566,1.28170931339264,10.3023718595505
124.914781570435,1582.08436760306,446.416617244482,1576.63533851504,73.6493585705757,1008.42767807841,455.314566046,2725.87653619051,67.7398929595947,1607.85922190547,45.9697757363319,520.761556118727,63.1702471375465,974.419375091791,49.3783079981804,928.63086861372,8.97709250450134,192.741030097008,295.580734044313,503.290801584721,51.9724715352058,471.259873002768,541.088262736797,1278.10567972064,70.6946606636047,603.141230344772,63.4971881508827,447.703924059868,77.8660089671612,161.90513125062,192.909071743488,602.135877430439,105.555863916874,215.704592585564,2.70313543081284,18.9062950313091,62.8718425035477,218.967485338449,11.6373084783554,16.9368314146996,27.5669488310814,187.636342257261,1.66257584095001,0.972397178411484,0,3.70359909534454,14.5421293377876,45.9685499370098,1.13268101215363,2.87434783577919,0.647919952869415,38.4601681232452,1.49885722994804,1.10115528106689,9.33162701129913,14.3873746991158,69.7272459864616,455.450171381235,24.8984593451023,63.5492183566093,0.950183242559433,53.2424810230732,0,230.788718432188,0,114.114583492279,190.137044459581,94.1285365223885,260.705464094877,198.234927713871,451.092332869768,0,238.929555058479,3361.66536083817,77.1498442292213,4608.57680019736,247.027649521828,9391.61833226681,0,2.73420214653015,3.92017829418182,68.5306863486767,4.26707053184509,10.0485504865646,1.0369747877121,91.8643723428249,20.0625405311584,18.7217280268669,35.9826888442039,112.975190937519,11.2911444306374,37.572599709034,3.99614769220352,14.0048556625843,33.9526330828667,76.6463567018509,32.210522711277,12.9409960508347,9.13565707206726,11.1938393115997,3.75186550617218,2.05588692426682,6.26914709806442,28.2279253304005,18.6860578656197,72.9381070137024,17.2398612499237,15.4819649159908,53.9150333106518,54.8309811353683,7.26375764608383,0,1.61073780059814,4.73776784539223,6.88013607263565,21.4082310795784
1585.62980028987,131.96204417944,1741.5287026763,435.804001361132,875.061229556799,52.5888319611549,985.721251755953,389.207127302885,1006.38153597713,32.7679282426834,359.61930000782,31.7348074316978,1092.65001830459,33.0272462964058,2574.68574824929,12.2729301452637,356.767210155725,6.693383872509,887.30100184679,434.321203619242,81.1005638241768,7.05062258243561,1027.3972992003,543.944656431675,275.463048666716,42.920075237751,122.4628290236,10.1207918822765,2397.59411603212,8.99204915761948,298.007065266371,337.857164651155,113.29176518321,205.036233156919,153.799073308706,148.036299884319,606.868182957172,121.060942590237,120.266336679459,9.44562870264053,470.410281360149,47.2525786161423,279.40680128336,2.58098787069321,256.276142299175,2.41736263036728,815.872120469809,3.23601746559143,509.000170141459,1.82705688476562,530.818594276905,0.80951726436615,137.29230478406,0,137.02537971735,7.39901477098465,1901.74402800202,12.9728129506111,1047.45249548554,10.1663625240326,334.067209839821,0,271.974197268486,0,118.782929211855,4.36601173877716,786.408089607954,72.86521884799,430.259314507246,17.6068255603313,5226.08106425405,238.929555058479,0,218.588135093451,4021.49158412218,147.496849805117,2843.70277491212,143.359917461872,45.6859470009804,0,544.976939827204,0,353.575500905514,4.67157429456711,521.664251506329,1.13557752966881,303.799502521753,19.488532602787,375.105858147144,27.9416264891624,33.1987741291523,23.4314972758293,8.98085001111031,7.78503119945526,99.0427469313145,19.4835643768311,20.9400582611561,3.71895164251328,69.1432921290398,5.70977020263672,9.04129993915558,2.16672950983047,15.0772281587124,32.7396405935287,57.9480860233307,21.7682124376297,33.604431271553,18.7760143280029,16.1740167737007,27.9991174936295,5.28427010774612,0,1.38291704654694,3.881531894207,0.677867412567139,9.79502010345459
83.1127207279205,2947.39948892593,396.339957982302,2175.88086995482,10.9451396465302,1048.677562356,348.829707384109,1796.64734211564,60.7192231118679,1837.80309578776,40.8970385193825,1067.68351957202,25.6671456694603,835.093154072762,25.0860285162926,3504.25856882334,3.94766753911972,1810.33047315478,257.024290084839,864.248672813177,14.1483321785927,261.01345422864,498.774834245443,1094.01106363535,17.3169157505035,274.501961022615,16.4116822183132,361.759570151567,69.0809414684772,3374.41373312473,148.109719961882,393.491209983826,61.272881090641,279.941320449114,135.042865216732,112.611121356487,170.496994435787,352.016553908587,20.3145744800568,62.8532021343708,35.8519792556763,811.865185618401,100.47389999032,209.045609772205,27.9322621822357,461.800049483776,37.1793909668922,1172.3032399714,0,534.295679092407,0,797.472423523664,0,108.237607568502,6.28655099868774,196.879423052073,23.3244584202766,3088.30226829648,22.7780461907387,650.311825573444,1.839430809021,214.877222388983,4.883485019207,1053.55631455779,0,542.48768556118,188.387527763844,341.627838850021,38.8176563382149,216.842453539371,242.819971501827,3361.66536083817,218.588135093451,0,61.9597146511078,1968.03184381127,158.112283706665,1046.36593312025,0,243.919999837875,3.58874076604843,1196.83234107494,7.10796368122101,484.279948234558,2.91277837753296,975.083400189877,23.638029396534,186.296145349741,43.3351089954376,529.767403095961,0.604533553123474,14.0833277404308,5.79535967111588,5.56379759311676,11.1312327384949,29.5688188076019,17.070105612278,3.61207544803619,3.62487065792084,33.7990629076958,0,1.28914076089859,5.40769612789154,7.29393631219864,5.70100781321526,18.5104807317257,9.35856795310974,6.18993753194809,15.2333631515503,16.5270235538483,1.73378419876099,0,3.52420824766159,0,0.556711137294769,2.76420032978058
905.938265562057,32.8802527487278,471.40291851759,69.7409553825855,16.418671131134,0,208.005609184504,66.0101096630096,68.4768541753292,0,64.4384026527405,8.47689652442932,150.181087583303,3.78083953261375,191.973568111658,0,66.9584231078625,1.46414220333099,355.532389998436,138.745327323675,8.50088763237,1.86497443914413,199.20616966486,45.5059798955917,3.71283909678459,0,14.8988074064255,3.75943028926849,138.325019448996,0,73.2366429567337,60.3961136937141,33.2418796420097,51.7354084253311,14.8231393694878,10.2694815993309,1010.18522369862,89.4082567095757,90.9087778627872,25.334195882082,454.181385189295,48.5749686956406,16.5793838500977,0,32.1067025065422,0,80.2160937488079,7.55346524715424,55.6488436162472,0,71.5665368139744,0,8.86065140366554,0,53.9043101668358,6.81792575120926,885.620417207479,8.66081702709198,257.994371056557,0,104.79874753952,0,72.4080024659634,0,20.1322894990444,0,196.070659518242,7.18707251548767,394.179385244846,8.80538707971573,2754.51675930619,77.1498442292213,4021.49158412218,61.9597146511078,0,157.330636441708,1666.13050559163,74.6866273880005,4.68748790025711,0,54.738733112812,0,17.6135368943214,14.6703059673309,125.582045346498,0.946485757827759,119.948272168636,24.1780552566051,243.289024293423,33.2376267313957,104.662933319807,148.144877552986,66.6894603669643,99.1891992986202,257.691229581833,76.034563690424,95.885359287262,43.7018463611603,76.4077319800854,58.7897487878799,58.78750410676,55.7095152139664,86.1653621196747,184.808056384325,154.070316851139,94.3209120631218,107.819868266582,49.7561495304108,62.1519688665867,59.3185698091984,47.0763323009014,6.70518630743027,8.76485979557037,7.79430150985718,13.6048585474491,23.4909496903419
32.7790660858154,1451.63894361258,77.5143401324749,753.706080019474,2.63167828321457,34.1556818187237,87.4106885194778,588.22443780303,0.984216690063477,146.927413612604,8.7622122168541,140.572750478983,5.52445256710052,118.801248252392,0.762790262699127,200.604809969664,1.59531807899475,152.979999482632,105.966552138329,417.758044332266,5.56952434778214,8.57033777236938,84.3749096691608,280.909530222416,0,3.55466663837433,4.70360136032104,13.8402045369148,16.5464199185371,29.8714730143547,42.8558374643326,98.3045231997967,27.624440819025,106.796566337347,45.4397047758102,32.4822570681572,156.902112901211,591.12660908699,44.7951702773571,46.9093245863914,63.3564616441727,420.853630781174,4.67353045940399,39.3494417369366,3.89116686582565,154.702643543482,17.979428589344,103.012527644634,0,122.271860957146,0,182.427498668432,0,19.9065701067448,20.4243748784065,42.5472728013992,4.06494787335396,783.54329097271,5.74571022391319,165.418792039156,0,50.3133546411991,1.0879237651825,156.562504708767,0,173.296771377325,27.3275780677795,112.549189805984,11.650439709425,118.78109484911,99.5037534832954,4608.57680019736,147.496849805117,1968.03184381127,157.330636441708,0,97.1304636001587,1394.85258761048,0,9.08575025200844,1.1942503452301,119.150297194719,2.90976357460022,40.4207300543785,8.12296211719513,158.413961470127,50.5694738030434,97.2978327870369,80.4935065507889,264.192646026611,106.224475413561,53.6928886473179,39.9309745132923,67.0867777466774,80.1008221507072,146.308884143829,124.428655683994,31.1127492785454,61.5941066741943,40.0917205810547,28.6490775346756,21.9437195360661,59.2753460109234,111.003566980362,54.8449465036392,146.708223104477,56.7052091956139,41.0974656045437,70.6100878119469,67.9849306643009,28.5764524936676,6.22458738088608,9.16913211345673,8.06825459003448,15.6540373563766,27.0212539732456
3018.13882219791,414.367336839437,1963.40250736475,393.188013792038,16.7417438030243,0,1024.14342352748,277.434776961803,183.704631865025,0,391.258727699518,20.7588236629963,618.104785174131,6.73204010725021,445.281805336475,0.950795650482178,179.227178961039,12.3488764762878,1931.78134611249,982.306750565767,35.3273785114288,1.12463772296906,543.84166303277,84.1380976438522,3.77240055799484,0,13.3282447457314,9.82711583375931,548.051602393389,7.50261771678925,289.713992834091,283.84378939867,204.113319545984,447.382683902979,342.133257329464,240.34426560998,4398.98828139901,301.499288588762,279.840288847685,13.4975137114525,209.969910383224,12.7883763313293,331.819179177284,135.404376834631,563.44574958086,142.953876137733,614.200777232647,100.575545758009,898.226237952709,74.8187005221844,660.396303772926,20.6849880218506,103.070999205112,15.4445358514786,92.3464081585407,13.810590326786,2672.68617939949,249.389095276594,1579.14985945821,141.334459215403,586.21776047349,13.1934352517128,447.423683196306,38.6789160370827,181.204994440079,45.5230170786381,2192.67441171408,600.976991683245,2161.83543020487,206.951865762472,6571.54499650002,247.027649521828,2843.70277491212,158.112283706665,1666.13050559163,97.1304636001587,0,1004.90675154328,13.9193335175514,0,329.361566066742,30.43468734622,93.5413464903831,0.542358875274658,555.762515723705,17.9429879784584,111.635027557611,0,478.263921916485,8.53197377920151,139.501945376396,39.1450114548206,214.025487482548,71.9974557757378,978.530376881361,93.6540237367153,363.970479547977,20.9819138348103,72.264839142561,18.0094715356827,177.28561258316,18.599365144968,213.321950256824,134.930913031101,700.002164453268,205.500085920095,116.306023389101,36.3926406502724,296.73061594367,1232.9233905375,70.2191895842552,6.39268928766251,20.3252738416195,64.2364024817944,35.5199329853058,94.1718280613422
226.667100310326,5141.6212349534,226.398604243994,2465.51940700412,1.88681560754776,46.4962160885334,208.595653563738,2199.25190925598,0,209.192815572023,28.3815842270851,383.063389152288,7.72018653154373,349.690693736076,0,329.100603312254,13.8352500200272,252.669318705797,562.719570666552,2157.78320914507,19.3484364748001,19.497732937336,107.624316871166,588.998864203691,0,2.86726713180542,7.95399695634842,11.4698746502399,49.6559207737446,78.1178905665874,146.042956292629,290.780280888081,197.844820469618,514.813349187374,223.497173249722,270.282151758671,450.008848637342,3712.26267910004,43.9006806612015,122.316651374102,3.6662620306015,191.270068764687,95.5597901940346,197.022729754448,55.0848169922829,487.728922694921,165.067265659571,653.769878149033,14.5193678736687,418.032546043396,2.58586841821671,637.714510709047,0,36.5062330067158,1.32861495018005,107.257490515709,112.370666891336,2250.78681093454,204.938292503357,661.805901795626,12.0658233165741,254.128493964672,41.9658797383308,614.962661504745,1.55577635765076,740.016576617956,978.097740590572,677.19451507926,243.210718810558,801.533410489559,169.662349224091,9391.61833226681,143.359917461872,1046.36593312025,74.6866273880005,1394.85258761048,1004.90675154328,0,6.2700702548027,7.7100482583046,30.6910929679871,354.171017080545,1.23191356658936,62.0066721737385,3.60826456546783,594.774010062218,1.28663367033005,57.8585859537125,1.82757049798965,595.177166759968,67.4103373289108,165.085580080748,45.6264038980007,260.473653316498,216.928255558014,510.993070334196,87.4824506938457,37.6202635169029,46.7265971899033,61.5572183132172,51.6725311279297,43.3527365326881,58.2735040187836,302.916124612093,213.054585903883,597.315573304892,64.5264250636101,64.7836396098137,461.239961117506,1328.7108040154,73.5185865163803,11.3237145543098,24.4303188621998,60.1960330307484,73.802047342062,87.5346179902554
4.7293626666069,1.6346549987793,1.73033344745636,0,0,0,1.86247462034225,0,0,0,22.9041939377785,0,10.9704814553261,0,0,0,356.302224397659,0,0,0,0,0,0,0,0,0,0,0,347.999593704939,0,0,0,0,0,4.75675252079964,5.25910639762878,5.5069323182106,0,1.84048581123352,0,0,0,5.94413018226624,0,21.1184974908829,0,0.514766931533813,0,38.1180620491505,0,48.64296194911,0,2.64623165130615,0,1.99545693397522,0,34.8168776035309,4.11229979991913,120.469227880239,3.31268072128296,49.1020682752132,0,43.7562754154205,0,24.7495174705982,0,82.6581914424896,17.3027653098106,0.718867182731628,1.84696447849274,1.66208404302597,0,45.6859470009804,0,4.68748790025711,0,13.9193335175514,6.2700702548027,0,0,1436.48930805922,0,32.609002828598,0,97.2674625515938,0,0,0,13.0236213803291,0,0,0,0,0,0,0,0,0,1.1330589056015,0,0,0,0,0,0,0,0,0,0,0,0,0,0,0,0,0
0,3.97317844629288,0,2.13109463453293,0,0,0,0,0,0,0,4.88514959812164,0,3.35897535085678,0,0.881210148334503,0,188.168289065361,0,0,0,0,0,0,0,0,0,0,0,345.40330055356,0,0,1.61541211605072,8.12256872653961,5.17840027809143,10.9592451155186,4.82781404256821,2.57933619618416,0,5.43264484405518,0,0,5.50304841995239,4.83684867620468,0,3.83378338813782,0.858819782733917,3.48962932825089,0,5.24482476711273,0,22.6085550785065,0,0,0,0,1.0759779214859,53.7916122674942,6.42021834850311,132.533846795559,0,13.6191786527634,0,68.8757719099522,0,37.4289442896843,11.2187827527523,48.2220382094383,0.928489089012146,0.643485426902771,1.00226986408234,2.73420214653015,0,243.919999837875,0,9.08575025200844,0,7.7100482583046,0,0,0,1150.54939711094,0,15.4578606784344,0,22.1847257614136,0,2.2982223033905,0,14.5325540602207,0,0,0,0,0,0,0,0,0,0,0,0,0,0,0,0,0,0,0,0,0,0,0,0,0,0
270.045262783766,0,18.3697273135185,0,0,0,98.9873515367508,0,6.37989240884781,0,597.73565274477,0,189.701686888933,0,9.02058297395706,0,2178.15291076899,0,8.75826707482338,0,0,0,3.18414407968521,0,0.55519837141037,0,0,0,1465.71492505074,0,0.909987807273865,0.868510186672211,1.26639068126678,12.5021290779114,49.3541647791862,28.5646822452545,90.3689277470112,3.22866380214691,20.3941230773926,0,11.9960659742355,1.37473547458649,122.391267776489,0,206.773306667805,0,188.9223485291,0,377.492191910744,0,639.829353868961,0,67.9070289731026,0,23.7988612651825,0,681.182010143995,4.66560935974121,494.143090695143,5.98515582084656,921.538371920586,0,3812.84533911943,0,224.875075995922,0,467.620214402676,21.361142039299,10.4207682311535,3.02608090639114,32.186742156744,3.92017829418182,544.976939827204,3.58874076604843,54.738733112812,1.1942503452301,329.361566066742,30.6910929679871,1436.48930805922,0,0,0,1072.28110826015,0,6862.6427346468,0,56.7572182714939,0,397.582162976265,0,7.44305315613747,0,0,0,2.68310606479645,0,0.61645644903183,0,20.1942366957664,0,0,0,0,0,2.45678061246872,0,0,0,0,0,0,0,0,0,0,0
0,27.6893754303455,0,11.7994136810303,0,1.37320280075073,0,32.6735215187073,0,0.616940975189209,0,154.991518676281,0,60.6865962743759,0,11.9368943572044,0,634.943373829126,0,7.00050497055054,0,0,0,4.32492005825043,0,0,0,0,0,824.799253493547,0,3.5402238368988,7.47942000627518,45.314473092556,69.2239185273647,153.660701870918,24.9299437999725,76.3827030956745,0,25.649986743927,0,16.882599234581,11.7595215439796,69.0142225325108,4.29618406295776,288.359319716692,8.18465459346771,130.702512145042,0,199.818536609411,0,519.977236896753,0,13.7521679401398,0,11.4897008240223,1.8172236084938,192.833179593086,11.5676379799843,514.25894254446,0,83.2952196896076,0,2197.03170323372,0,597.505205780268,43.2988165318966,359.832557678223,1.70761930942535,10.6542187333107,2.22365564107895,68.5306863486767,0,1196.83234107494,0,119.150297194719,30.43468734622,354.171017080545,0,1150.54939711094,0,0,0,2195.0333250165,0,6049.92327523232,0,92.4369200468063,0,417.226865977049,0,2.44511353969574,0,0,0,5.51997691392899,0,0,0,1.21523088216782,0,0,0,2.25318956375122,0.528180301189423,2.3166555762291,0,0,1.20601511001587,0.588340640068054,1.02829205989838,0,0,0,0,0
18.6335727870464,0.536267220973969,40.8193673491478,3.6796849668026,18.7389309704304,0,11.4430982470512,6.21967774629593,16.8031923770905,0,92.8811020851135,0,22.1771974563599,0,67.953603386879,0,112.309313774109,0,27.9110543429852,17.836082726717,1.60623419284821,0,9.24364084005356,0,4.13113313913345,0,2.57037681341171,0,1213.99547022581,0,4.76502895355225,2.92352592945099,2.14887714385986,3.12039905786514,10.3211223185062,9.68276208639145,136.167394131422,1.78900289535522,119.947837978601,0,533.814088046551,0.804743528366089,49.3464227616787,0,18.0492295622826,0,196.250313997269,0,87.8148548305035,0,203.837749749422,0,26.0213964283466,0,54.4396692216396,0,27.8014925122261,0,15.5488229095936,0,23.9562557637691,0,29.0823289453983,0,13.3347744047642,0,29.2415950894356,0,0.437324672937393,0,44.629528850317,4.26707053184509,353.575500905514,7.10796368122101,17.6135368943214,2.90976357460022,93.5413464903831,1.23191356658936,32.609002828598,0,1072.28110826015,0,0,0,551.064862728119,0,921.851531893015,0,66.1092262864113,0,3.87415677309036,0,0,0,3.19474428892136,0,1.16477799415588,0,22.3095108866692,0,0,0,0,0,0.695896208286285,0,0,0,1.52795457839966,0.970276057720184,0,0,0,0,0,0
0,0,0,2.52544170618057,0,25.5818614065647,0,0.573694109916687,0,42.6590668559074,0,0,0,0,0,294.7334613204,0,3.93463045358658,0,0,0,62.514606654644,0,4.4240557551384,0,6.33254653215408,0,8.38140833377838,0,1071.02377536893,0,0,0,2.07563641667366,0,11.0740184783936,2.53808605670929,203.223411858082,0,148.797065317631,9.31803214550018,2380.25087219477,6.1600536108017,31.5828886032104,0,18.7853361964226,0,180.449592769146,0,31.3051135838032,0,162.232927262783,0,12.5217053890228,0,118.854603469372,0,1.02713984251022,0,10.2602218389511,0,0.423192262649536,0,20.9720314443111,0,33.1575234830379,0,26.1570694744587,0,0,7.69906497001648,10.0485504865646,4.67157429456711,484.279948234558,14.6703059673309,40.4207300543785,0.542358875274658,62.0066721737385,0,15.4578606784344,0,2195.0333250165,0,0,0,639.683568298817,0,390.012471288443,0,176.005168765783,0,0.68960702419281,0,0,0,1.36627876758575,0,0,0,1.00124251842499,0,0,0,0,0,0,0,0,1.13500678539276,2.4877912402153,0,0,0,0,0,0
917.054386585951,0,11.5873761177063,0,11.6304796934128,0,532.558467566967,0,5.63113468885422,0,541.728919506073,0,137.589191496372,0,13.7944230437279,0,357.100049644709,0,0,0,1.2458324432373,0,1.56034648418427,0,0.678031206130981,0,0,0,540.221829295158,0,0,0.507749259471893,2.64201155304909,3.892125248909,45.639405220747,30.2083305716515,171.614548772573,6.84407216310501,40.1720373034477,0,25.7067889273167,2.08881270885468,210.870199084282,0.697135031223297,212.332392096519,2.25644183158875,508.107121288776,0,530.546870261431,0,3418.32316535711,4.36441993713379,621.298009485006,0,217.227814137936,0,574.737770527601,0,249.726290643215,0,1197.26932784915,0,1726.60211011767,0,2213.2458756268,0,273.471747308969,24.8363193273544,6.76373341679573,0,55.2448685765266,1.0369747877121,521.664251506329,2.91277837753296,125.582045346498,8.12296211719513,555.762515723705,3.60826456546783,97.2674625515938,0,6862.6427346468,0,551.064862728119,0,0,0,1023.53274911642,0,5183.74456420541,0,44.3178432583809,0,0,0,4.87520116567612,2.00259575247765,0,0,55.7788298130035,0,0,0,0,0,0.630684435367584,0,0,0,0,3.14261788129807,0,0,0,0,0,0
0,196.256701618433,0,12.8987589776516,0,5.49236780405045,0,82.7263445854187,0,18.2421532273293,0,233.454800486565,0,91.3824523687363,0,135.362165302038,0,51.7710907459259,0,9.39650040864944,0,2.62890666723251,0,0,0,0.687164902687073,1.49960279464722,1.3460755944252,0,343.297753214836,3.08168309926987,1.35340189933777,4.51890432834625,22.071471452713,32.8115972280502,55.4358975887299,12.4967723488808,344.904754161835,0,64.9795412123203,5.03518885374069,247.839066833258,31.1400505304337,134.294858425856,6.77627617120743,382.250967234373,0,291.642538785934,0,681.072709053755,0,5462.20338222384,0,629.58572819829,0,774.602990925312,0,88.6250147819519,0.884479284286499,85.0584249794483,0,264.627912074327,0,1206.41644072533,0,3882.92759308219,35.5169939398766,99.7632412612438,0,1.77264660596848,0.839848279953003,91.8643723428249,1.13557752966881,975.083400189877,0.946485757827759,158.413961470127,17.9429879784584,594.774010062218,0,22.1847257614136,0,6049.92327523232,0,639.683568298817,0,0,0,1139.19596293569,0,6633.88674354553,0,4.6374876499176,0,0,0,17.1170076131821,0,0,0,8.32089072465897,0,0,0,0,0,2.00789356231689,0,0,0,2.815673828125,0,0,0,0,0,0
0,0,7.4992082118988,0,46.8807760775089,0,2.76428282260895,0,27.4655420482159,0,0.694559335708618,0,5.11789560317993,0,108.711399555206,0,4.69326949119568,0,0,0,9.15289026498795,0,11.4109642803669,0,11.66919952631,0,5.31593528389931,0,633.684677273035,0,1.44864583015442,0,0,0,6.83962768316269,3.53911155462265,1053.62161952257,15.3481283187866,399.446181416512,0,1587.65102949739,20.1284465789795,21.3193222880363,0,1.93476530909538,0,208.668770432472,0,6.25437435507774,0,57.8162033557892,0,31.7796031832695,0,352.62507379055,0,0,0,1.62341624498367,0,6.87040188908577,0,9.16037872433662,0,6.39441609382629,0,12.0503813922405,0,0,0,31.986869931221,20.0625405311584,303.799502521753,23.638029396534,119.948272168636,50.5694738030434,111.635027557611,1.28663367033005,0,0,56.7572182714939,0,921.851531893015,0,1023.53274911642,0,0,0,1443.70482432842,0,1.3895728290081,0,0,0,3.21778607368469,1.10705530643463,0,0,3.36363276839256,0,0,0,0,0,1.81055521965027,0,0,0,0.449716567993164,0.515040218830109,0,0,0,0,0,0
0,0,0,0.648817956447601,0,16.6680213809013,0,0,0,23.0932246148586,0,0,0,0,0,64.7733109295368,0,1.79255014657974,0,0,0,4.67792803049088,0,1.52628457546234,0,1.66946148872375,0,3.29630035161972,0,74.3222812116146,0,0,0,2.48672473430634,0,4.14871770143509,13.4286175370216,818.03207463026,0,609.608916550875,13.4855138659477,1978.72263270617,1.59890300035477,15.1144370138645,0,0.629281759262085,0,126.991541653872,0,3.53197413682938,0,48.9987843930721,0,15.9462186396122,0,565.999267935753,0,0,0,0.784498691558838,0,0.87759655714035,0,11.8093633651733,0,13.3623898327351,0,18.0051828920841,0,0,10.7137758135796,18.7217280268669,19.488532602787,186.296145349741,24.1780552566051,97.2978327870369,0,57.8585859537125,0,2.2982223033905,0,92.4369200468063,0,390.012471288443,0,1139.19596293569,0,0,0,2414.68258005381,0,0,0,0,0,0,0,0,0,0.504273772239685,0,0,0,0,0,0,0,1.77020144462585,0,0,0,0,0,0,0,0
212.824900895357,0,1.20089799165726,0,25.35355296731,0,60.1712846755981,0,6.87505286931992,0,50.9625519514084,0,17.6995495557785,0,26.2451496124268,0,43.0895057320595,0,0,0,4.57759916782379,0,0.725917041301727,0,4.10338786244392,0,3.43689554929733,0,316.704902231693,0,1.67883396148682,0.739178717136383,0,0,66.0561443269253,45.3781955242157,945.627488523722,27.7484293580055,388.308308571577,0,288.03069755435,44.0454531908035,353.090501993895,7.91032558679581,137.697944194078,1.99629890918732,1107.90572679043,0,435.279271751642,0,858.531490206718,0,1099.24342888594,0,3179.68974921107,0,123.323144137859,0,64.76509937644,0,179.693424016237,0,243.439377486706,0,179.43292683363,0,126.910360664129,47.8108744621277,0,0,54.172605574131,35.9826888442039,375.105858147144,43.3351089954376,243.289024293423,80.4935065507889,478.263921916485,1.82757049798965,13.0236213803291,0,397.582162976265,0,66.1092262864113,0,5183.74456420541,0,1443.70482432842,0,0,1.47319889068604,50.449390411377,0,0,0,7.34499877691269,1.45011675357819,4.60522937774658,0,99.9597814381123,0,0,0,0,0,0.5990891456604,0,0,0,0,1.99955546855927,0.71405291557312,0.921251893043518,0,0,0,0
0,184.066431641579,0,0,0,2.46525752544403,0,22.9750564098358,0,10.4283718466759,0,83.5120211839676,0,18.573979139328,0,46.7014918327332,0,24.9510364532471,0,4.02137792110443,1.18095636367798,2.12308293581009,0,0,0,1.32194483280182,0,0.369663208723068,0,84.4285889565945,0,0,0,10.8719409108162,43.4585030674934,49.294776558876,14.5730109214783,1191.54578596354,0,325.416001617908,17.3115398287773,568.219655305147,33.1678180098534,76.0620155632496,4.27367621660233,192.685905575752,1.24255359172821,393.11726295948,0,330.769673407078,0,1493.78476059437,0,1083.06611225009,0,3963.83233439922,0,83.0805008709431,0,50.8653950095177,0,99.4645502269268,0,444.678760707378,0,894.362948298454,23.6229802370071,95.2989138066769,0,2.10082340240479,4.39245498180389,112.975190937519,27.9416264891624,529.767403095961,33.2376267313957,264.192646026611,8.53197377920151,595.177166759968,0,14.5325540602207,0,417.226865977049,0,176.005168765783,0,6633.88674354553,0,2414.68258005381,1.47319889068604,0,0,2.60345104336739,0,0,1.55682229995728,15.6821635365486,0,0,0,9.95418345928192,0,0,0,0,0,0,0,0,0,1.4715481698513,0,0,0,0,0,0
0,0,0,0,0,0,0,0,0,0,0,0,0,0,0,0,0,0,0,0,0,0,0,0,0,0,0,0,9.85418295860291,0,0,0,0,0,2.26569354534149,1.75169450044632,85.0290687978268,53.5755916237831,132.481249213219,23.017569065094,4.18733006715775,0,342.268863081932,0,23.7586216926575,0,377.86309492588,2.38289380073547,30.9110310077667,0,16.0698125362396,0,15.8800236582756,0,29.1724832057953,0,0,0,0,0,0,0,0,0,0,0,5.77673983573914,0,0,0,17.9617971777916,11.2911444306374,33.1987741291523,0.604533553123474,104.662933319807,106.224475413561,139.501945376396,67.4103373289108,0,0,7.44305315613747,0,3.87415677309036,0,44.3178432583809,0,1.3895728290081,0,50.449390411377,0,0,472.063089609146,1906.9968573451,117.682590901852,255.31386885047,311.152930885553,2248.18436172605,216.138514131308,1849.49362108111,352.830589741468,483.658246040344,80.9902545809746,253.751175731421,401.130461663008,312.853316932917,108.440693229437,407.1301035285,106.916608721018,19.6728456318378,29.3270124495029,244.645672678947,65.5732998251915,66.6346341669559,25.423189163208,24.7768288850784,14.3859370052814
0,0,0,0,0,0,0,0,0,0,0,0,0,0,0,0,0,0,0,0,0,0,0,0,0,0,0,0,0,1.49081814289093,0,0,0,0,0.80437445640564,1.76964688301086,106.202537477016,51.0977220833302,334.759543716908,31.3092770278454,0,3.69168910384178,5.42171096801758,16.7627873718739,0,24.3062333464622,0,380.829704076052,0,91.7583271861076,0,166.13205948472,0,168.945925027132,0,47.3948374688625,0,0,0,0,0,0,0,0,0,0,0.617295801639557,0.876992166042328,0,0,14.3331335783005,37.572599709034,23.4314972758293,14.0833277404308,148.144877552986,53.6928886473179,39.1450114548206,165.085580080748,0,0,0,2.44511353969574,0,0.68960702419281,0,4.6374876499176,0,0,0,2.60345104336739,472.063089609146,0,154.065108299255,1922.13612627983,113.143054783344,431.840289235115,835.136665821075,393.341939091682,375.181032299995,1620.69666492939,114.160826683044,148.888545274734,291.892482370138,400.015144944191,132.86622428894,326.428663909435,168.568933904171,293.887421607971,40.6915609240532,45.2490326762199,376.576913326979,79.99495485425,205.859200835228,37.5017104744911,31.8380001485348,35.0276983678341
0,0,0,0,0,0,0,0,0,0,0,0,0,0,0,0,0,0,0,0,0,0,0,0,0,0,0,0,0,0,0,0,0,0,0,0,31.3805428147316,17.7399044036865,55.8696959912777,17.3355250656605,1.17094475030899,0.604342639446259,0,0,0,0,0.397084504365921,0,0,0,0,0,0,0,0,0,0,0,0,0,0,0,0,0,0,0,0,0,0,0,10.6816783547401,3.99614769220352,8.98085001111031,5.79535967111588,66.6894603669643,39.9309745132923,214.025487482548,45.6264038980007,0,0,0,0,0,0,0,0,0,0,0,0,1906.9968573451,154.065108299255,0,84.4547810554504,336.93582457304,117.604915469885,641.424970269203,98.5040648579597,133.908911377192,113.030098199844,929.181448549032,29.5778783559799,643.904140174389,238.809800982475,537.306028187275,86.9108743369579,199.35163128376,73.2881797254086,63.0631698966026,65.0969873666763,237.997105836868,63.5809212327003,198.378738939762,64.2221300899982,34.9280661344528,20.3950027227402
0,0,0,0,1.64901876449585,0,0,0,0,0,0,0,0,0,0,0,0,0,0,0,0,0,0,0,0,0,0,0,0,0,0,0,0,0,0,0,44.2731687426567,25.6705390810966,95.8383140563965,8.03437751531601,0,1.37175005674362,0,0,0,0,0,1.14696311950684,0,0,0,0,0,0,0,0,0,0,0,0,0,0,0,0,0,0,0,0,0,0,7.03967225551605,14.0048556625843,7.78503119945526,5.56379759311676,99.1891992986202,67.0867777466774,71.9974557757378,260.473653316498,0,0,0,0,0,0,0,0,0,0,0,0,117.682590901852,1922.13612627983,84.4547810554504,0,96.914139598608,305.266567617655,315.844525635242,172.637234926224,177.938043355942,189.9899328053,57.2967176735401,501.213364601135,153.607204020023,794.656277686357,92.2957066893578,622.110396295786,140.9777572155,213.813749521971,136.028306722641,136.85723400116,506.439821302891,55.7183467447758,280.113160133362,103.09587213397,92.2434946596622,68.0496351718903
90.9633926153183,5.81584870815277,45.5145092010498,3.10454478859901,0,0,14.2174810767174,4.2678918838501,4.08834528923035,0,2.83030211925507,0,10.5444900393486,0,8.53845745325089,0,10.5345079898834,0,50.9665294587612,10.3696228265762,0.877650558948517,1.43148577213287,2.50850367546082,0,0,0,0.746809005737305,0,11.0626053214073,0,1.89263343811035,2.49259078502655,2.03998774290085,9.39129817485809,1.73079764842987,1.31857061386108,115.763813227415,30.9720512330532,24.3261087536812,12.5131589770317,1.76109975576401,0,1.15587881207466,0,2.781005859375,0,8.93091267347336,5.37122821807861,16.4213809370995,0,11.0559643507004,0,1.33906754851341,0,0,0,51.4503602981567,4.06412875652313,40.2314405739307,0,12.7728163599968,0,4.07453739643097,0,7.39858424663544,0,34.6797236204147,0,38.2309653759003,0,137.488855600357,33.9526330828667,99.0427469313145,11.1312327384949,257.691229581833,80.1008221507072,978.530376881361,216.928255558014,0,0,2.68310606479645,0,3.19474428892136,0,4.87520116567612,0,3.21778607368469,0,7.34499877691269,1.55682229995728,255.31386885047,113.143054783344,336.93582457304,96.914139598608,0,152.398354500532,968.161018192768,46.8708864152431,227.760948181152,63.2409613132477,227.566077053547,20.8628248870373,271.261073678732,126.587254583836,499.255981057882,141.1045563519,108.183136224747,42.4829893708229,175.334026783705,978.377120584249,274.10370233655,38.0090882480145,72.4473241269588,84.0187468826771,37.1224876344204,77.9969253242016
5.30502301454544,110.569496631622,0,40.5449728369713,1.82265484333038,0.468187987804413,2.03674006462097,23.2204625606537,0,5.70764896273613,0,8.51302522420883,1.63766872882843,2.46528971195221,0,4.60927319526672,0,5.82771921157837,0.934168040752411,34.9539920091629,0,1.57663238048553,0,7.00561130046844,0,0,1.95135915279388,4.31621992588043,2.16273593902588,0,0,6.88206052780151,0,9.87986755371094,3.76815462112427,10.9239571094513,67.4329233467579,75.5929827094078,259.662576705217,21.1967010200024,0,1.76273262500763,0,3.26161134243011,0,31.1880729198456,8.28418380022049,10.2710162401199,0,8.15082532167435,0,39.8396364450455,0,0,0,0.89098060131073,2.07124042510986,84.237069606781,1.48688840866089,29.6884322166443,0,4.06307792663574,0,20.1733585298061,0,19.0421361029148,0,23.8074280023575,0,8.6087674498558,11.7797337174416,76.6463567018509,19.4835643768311,29.5688188076019,76.034563690424,146.308884143829,93.6540237367153,510.993070334196,0,0,0,5.51997691392899,0,1.36627876758575,2.00259575247765,17.1170076131821,1.10705530643463,0,1.45011675357819,15.6821635365486,311.152930885553,431.840289235115,117.604915469885,305.266567617655,152.398354500532,0,379.905988365412,1340.69364842772,198.989453822374,504.379951924086,69.5985467135906,57.7513637542725,110.273860663176,288.624371558428,104.957582652569,249.436838775873,54.1129511892796,102.148620337248,107.871296912432,538.599552482367,454.734766244888,31.6143117547035,56.0058687031269,49.7188814282417,26.8694845736027,43.3743186891079
13.4439346194267,18.2172207832336,3.56062483787537,4.3359797000885,0,1.79130178689957,0.466252744197845,9.38350689411163,0.591716885566711,0,0,2.11099433898926,0,0,0,0,0,0,0,3.87127768993378,0.809171617031097,0,0,0,0,0,2.35943180322647,0,0,0,0,0,1.88219285011292,1.75838506221771,2.02546381950378,1.93394839763641,77.3727812170982,53.7167270183563,60.9327985048294,30.031604975462,0,2.0169734954834,0,2.28837609291077,2.75426697731018,0,27.8273314833641,1.08201479911804,8.18321645259857,0,10.2715454697609,0,0,0,0,0,11.0127265751362,0,6.09641179442406,0,1.43690097332001,0,2.05557060241699,3.13463234901428,0.738964974880219,0,3.66557717323303,0,1.22641324996948,0,33.154924094677,32.210522711277,20.9400582611561,17.070105612278,95.885359287262,124.428655683994,363.970479547977,87.4824506938457,0,0,0.61645644903183,0,1.16477799415588,0,0,0,0,0,4.60522937774658,0,2248.18436172605,835.136665821075,641.424970269203,315.844525635242,968.161018192768,379.905988365412,0,276.838173121214,3227.08075866103,435.084887742996,339.071022897959,94.0060286223888,271.352526336908,442.81788739562,271.15985506773,133.060786306858,238.275076240301,78.171539247036,62.0458036065102,315.769628345966,1552.20600420237,169.685920715332,104.976772576571,39.7324579358101,31.8521653413773,19.5639491677284
0,7.86337924003601,0,0,0,0,0,0,0,0,0,0,0,0,0,0,0,0,0,0,0,0,0,0,0,0,0,0,0,0,0,0,0,0,0,0,26.9940256476402,8.39865267276764,126.244547188282,5.57747566699982,0,0,0.661824107170105,2.31423938274384,0,0,0,5.27057600021362,0,0,0,0,0,0,0,0,0,0,0,0,0,0,0,0,0,0,0,0,0,0,9.05061346292496,12.9409960508347,3.71895164251328,3.61207544803619,43.7018463611603,31.1127492785454,20.9819138348103,37.6202635169029,0,0,0,0,0,0,0,0,0,0,0,0,216.138514131308,393.341939091682,98.5040648579597,172.637234926224,46.8708864152431,1340.69364842772,276.838173121214,0,108.970268636942,2266.01031985879,63.5782364606857,18.5169976353645,85.1381583213806,84.2908430099487,39.7890399694443,69.4531819224358,52.3281434774399,170.813436448574,12.5388820469379,57.4818268418312,866.436840742826,186.171541959047,83.6181762814522,64.436912715435,10.7893679738045,12.0254114866257
5.36751294136047,0,0,0,0,0,0,0,0,0,0,0,0,0,0,0,0,0,0,0,0,0,0,0,0,0,0,0,17.8167171478271,0,0,0,0,0,2.01472806930542,0,45.6214001178741,30.0701199769974,58.5569407045841,9.09575581550598,9.73279681801796,0,231.774993658066,0,34.9325369000435,0,760.464732080698,0,21.1188431978226,0,28.5172258019447,0,48.087163746357,0,121.135768085718,0,2.39727377891541,0,0,0,0,0,1.21896803379059,0,2.0890851020813,0,3.64242118597031,0.822436392307281,0,0,15.9565446972847,9.13565707206726,69.1432921290398,3.62487065792084,76.4077319800854,61.5941066741943,72.264839142561,46.7265971899033,1.1330589056015,0,20.1942366957664,0,22.3095108866692,0,55.7788298130035,0,3.36363276839256,0,99.9597814381123,0,1849.49362108111,375.181032299995,133.908911377192,177.938043355942,227.760948181152,198.989453822374,3227.08075866103,108.970268636942,0,224.873368710279,75.9671236276627,61.4426334500313,37.4664199054241,278.277121424675,100.890039414167,64.6526944339275,130.996737003326,58.3753075301647,5.08510988950729,17.7833921015263,302.160901427269,150.222951889038,43.9109384119511,33.0212903022766,12.3958288729191,6.99519288539886
0,2.21436190605164,0,0,0,0,0,0,0,0,0,0,0,0,0,0,0,0,0,0,0,0,0,0,0,0,1.58484959602356,0,0,3.51274240016937,0,0,0,0,3.16306161880493,0,51.579332947731,28.7444915473461,214.618549734354,11.7066943049431,0,6.8313957452774,127.281110525131,29.8910683393478,0,8.7034926712513,0,450.671040892601,0,34.5795175135136,0,36.2236279845238,0,31.5652255415916,0,75.3365240395069,0,1.74105358123779,0,0,0,0.902239620685577,0,0,0,0,1.80852150917053,2.22356182336807,0,0,5.11102914810181,11.1938393115997,5.70977020263672,33.7990629076958,58.7897487878799,40.0917205810547,18.0094715356827,61.5572183132172,0,0,0,1.21523088216782,0,1.00124251842499,0,8.32089072465897,0,0.504273772239685,0,9.95418345928192,352.830589741468,1620.69666492939,113.030098199844,189.9899328053,63.2409613132477,504.379951924086,435.084887742996,2266.01031985879,224.873368710279,0,80.0826307535172,20.1741887927055,116.871010184288,105.66622248292,60.0205283463001,77.1428250968456,66.8210898637772,397.611215174198,11.5007551014423,12.0849134325981,564.918472260237,271.744148224592,158.040636360645,63.0245516896248,7.60730201005936,12.5697880983353
0,0,0,0,0,0,0,0,0,0,0,0,0,0,0,0,0,0,0,0,0,0,0,0,0,0,0,0,0,0,0,0,0,0,0,0,25.542152762413,12.374256670475,28.4396362006664,8.80964919924736,0,0,0,0,0,0,0.62956565618515,0,0,0,0,0,0,0,0,0,0,0,0,0,0,0,0,0,0,0,0,0,0,0,10.7662628293037,3.75186550617218,9.04129993915558,0,58.78750410676,28.6490775346756,177.28561258316,51.6725311279297,0,0,0,0,0,0,0,0,0,0,0,0,483.658246040344,114.160826683044,929.181448549032,57.2967176735401,227.566077053547,69.5985467135906,339.071022897959,63.5782364606857,75.9671236276627,80.0826307535172,0,34.349936068058,2041.05585744977,222.688183963299,577.91844201088,64.8792836666107,250.372893929482,81.8270730376244,41.2614430487156,40.9636028409004,104.329048782587,13.2993485629559,45.6664493978024,44.0740762352943,39.2220272123814,8.04215469956398
0,0,0,0,0,0,0,0,0,0,0,0,0,0,0,0,0,0,0,0,0,0,0,0,0,0,0,0,0,0,0,0,0,0,0,0,19.2443107962608,3.97291725873947,17.1931869983673,7.01876950263977,0,0,0,0,0,0,0.593335151672363,0,0,0,0,0,0,0,0,0,0,0,0,0,0,0,0,0,0,0,0,0,0,0,9.68898522853851,2.05588692426682,2.16672950983047,1.28914076089859,55.7095152139664,21.9437195360661,18.599365144968,43.3527365326881,0,0,0,0,0,0,0,0,0,0,0,0,80.9902545809746,148.888545274734,29.5778783559799,501.213364601135,20.8628248870373,57.7513637542725,94.0060286223888,18.5169976353645,61.4426334500313,20.1741887927055,34.349936068058,0,86.9893882870674,1411.50126844645,39.8393941521645,349.620194107294,47.3695673644543,119.510065019131,23.6885475516319,17.8794728815556,64.8929925560951,2.18128192424774,8.73410820960999,31.3511910736561,39.565506786108,13.1862335801125
0,0,0,0,0,0,0,0,0,0,0,0,0,0,0,0,0,0,0,0,0,0,0,0,0,0,0,0,0,0,0,0,0,0,0,0,43.2752448916435,14.6868207156658,35.7165035605431,10.0493342280388,1.03760880231857,0,0,0,0,0,0,0,0,0,0,0,0,0,0,0,1.44561064243317,0,0.978561699390411,0,0,0,0,0,0,0,0,0,0,0,21.3788241744041,6.26914709806442,15.0772281587124,5.40769612789154,86.1653621196747,59.2753460109234,213.321950256824,58.2735040187836,0,0,0,0,0,0,0,0,0,0,0,0,253.751175731421,291.892482370138,643.904140174389,153.607204020023,271.261073678732,110.273860663176,271.352526336908,85.1381583213806,37.4664199054241,116.871010184288,2041.05585744977,86.9893882870674,0,518.808806329966,3817.21015134454,170.876370966434,488.498680263758,135.768823742867,88.4156637489796,112.368556141853,308.220002055168,40.7672988772392,63.9960409998894,560.245787084103,451.72323590517,26.7456749677658
0,0,0,0,0,0,0,0,0,0,0,0,0,0,0,0,0,0,0,0,0,0,0,0,0,0,0,0,0,0,0,0,0,0,0,0,99.8419261276722,52.9007502198219,61.0241428613663,20.4407105743885,0,0,0,0,0,0,1.07629856467247,0,0,0,0,0,0,0,0,0,0,0,0,0,0,0,0,0,0,0,0,0,0,0,23.9612572789192,28.2279253304005,32.7396405935287,7.29393631219864,184.808056384325,111.003566980362,134.930913031101,302.916124612093,0,0,0,2.25318956375122,0,0,0,0,0,0,0,0,401.130461663008,400.015144944191,238.809800982475,794.656277686357,126.587254583836,288.624371558428,442.81788739562,84.2908430099487,278.277121424675,105.66622248292,222.688183963299,1411.50126844645,518.808806329966,0,216.358504325151,4746.66271400452,302.308994591236,436.040323108435,142.028674423695,120.565462231636,373.124947845936,24.5927763879299,127.367435216904,593.930235147476,252.734315663576,81.7153933048248
14.6822507679462,0,5.19883924722672,0,0,0,1.08956122398376,0,0,0,0,0,0,0,2.08275544643402,0,2.4551465511322,0,0.572762727737427,0,0,0,0,0,0,0,0,0,1.5841828584671,0,3.71220028400421,0,1.10091388225555,2.36445498466492,0,0,64.5268415212631,16.3486649096012,23.5920524597168,2.52990660071373,2.60509842634201,0.76828145980835,0,0,0,0,1.10075336694717,0.902297675609589,0,0,0,0,0,0,0,0,5.7738108932972,0,1.55051729083061,0,0,0,1.92937749624252,0,0,0,2.15049189329147,0,2.28218197822571,0,74.7664093375206,18.6860578656197,57.9480860233307,5.70100781321526,154.070316851139,54.8449465036392,700.002164453268,213.054585903883,0,0,2.45678061246872,0.528180301189423,0.695896208286285,0,0.630684435367584,0,1.81055521965027,0,0.5990891456604,0,312.853316932917,132.86622428894,537.306028187275,92.2957066893578,499.255981057882,104.957582652569,271.15985506773,39.7890399694443,100.890039414167,60.0205283463001,577.91844201088,39.8393941521645,3817.21015134454,216.358504325151,0,655.871587216854,651.686715841293,58.681015253067,217.358415603638,134.941846609116,202.964036285877,21.1109611093998,52.7354098558426,81.1924432516098,734.504324167967,218.182892084122
0,14.6341224312782,0,3.26936540007591,0,0,0,3.22593861818314,0,0,0,0,0,2.59444499015808,0,0,0,1.53385400772095,0,5.32233744859695,0,0,0,0.929690539836884,0,0,0,0.98361074924469,0,0,0,0.515296041965485,1.70135176181793,1.26894652843475,0,0,24.6506678164005,39.0981259346008,12.6549974679947,7.92996031045914,3.15153366327286,1.62623628973961,0,0,0,0,3.36114794015884,2.01920852065086,0,0,0,0,0,0,0,0,0,5.29314190149307,0,0,0,0,0.63021332025528,0,0,2.27166843414307,0,0,0,0,20.463870704174,72.9381070137024,21.7682124376297,18.5104807317257,94.3209120631218,146.708223104477,205.500085920095,597.315573304892,0,0,0,2.3166555762291,0,0,0,2.00789356231689,0,0,0,0,108.440693229437,326.428663909435,86.9108743369579,622.110396295786,141.1045563519,249.436838775873,133.060786306858,69.4531819224358,64.6526944339275,77.1428250968456,64.8792836666107,349.620194107294,170.876370966434,4746.66271400452,655.871587216854,0,132.377009600401,448.148860514164,212.427468031645,166.674563378096,241.944193661213,18.8116997480392,49.5207336246967,87.3154568970203,638.288653224707,212.424479663372
42.3450709581375,2.99167454242706,0,0,0,0,1.56640607118607,0,0,0,0.887727975845337,0,0.894434690475464,0,0,0,1.81726717948914,0,9.52056360244751,0,0,0,0,0,0,0,0,0,0.506794810295105,0,1.40775883197784,0,0,0,0,0,49.0956055223942,16.861644089222,25.5631850361824,8.77757114171982,0,0,1.42537689208984,0,0,0,0,0,0,0,1.79052019119263,0,0,0,0,0,23.2058767080307,0,3.43382829427719,0,3.00950509309769,0,2.11924809217453,0,0,0,1.83336496353149,0,9.72883772850037,0,34.8416938185692,17.2398612499237,33.604431271553,9.35856795310974,107.819868266582,56.7052091956139,116.306023389101,64.5264250636101,0,0,0,0,0,0,0,0,0,0,0,0,407.1301035285,168.568933904171,199.35163128376,140.9777572155,108.183136224747,54.1129511892796,238.275076240301,52.3281434774399,130.996737003326,66.8210898637772,250.372893929482,47.3695673644543,488.498680263758,302.308994591236,651.686715841293,132.377009600401,0,99.6024326682091,26.9922251105309,34.8433648645878,141.184283286333,14.2077293395996,27.3122038245201,20.209223985672,41.8782550394535,17.6902190446854
5.7352340221405,4.15469288825989,0,1.2907407283783,0,0,0,0,0,0,0,0,0,0,0,0,0,0,0,0,0,0,0,0,0,0,0,0,2.19973278045654,0,0,0,0,0,0,1.64386975765228,29.7847638130188,14.9903597831726,8.08218765258789,14.7821381688118,0,0,0,0,0,0,0,0,0,0,0,0,0,0,0,0,0,5.11136972904205,0,0,0,0,0,0.598599195480347,0,0,0,0,0,0,3.74475198984146,15.4819649159908,18.7760143280029,6.18993753194809,49.7561495304108,41.0974656045437,36.3926406502724,64.7836396098137,0,0,0,0,0,0,0,0,0,1.77020144462585,0,0,106.916608721018,293.887421607971,73.2881797254086,213.813749521971,42.4829893708229,102.148620337248,78.171539247036,170.813436448574,58.3753075301647,397.611215174198,81.8270730376244,119.510065019131,135.768823742867,436.040323108435,58.681015253067,448.148860514164,99.6024326682091,0,19.1335037648678,21.5556107163429,103.428507447243,12.9724561274052,19.0149803757668,24.2544870376587,42.3572355210781,16.2729665637016
8.68325600028038,31.3660986423492,11.2245492935181,13.5352655053139,0,0,1.60053050518036,10.2630763053894,0.708239614963531,1.82096940279007,0.95566600561142,0,0,2.69502305984497,2.11060357093811,0,2.07736372947693,1.15935802459717,13.1918792128563,15.1617567837238,0,0,3.0739414691925,1.86106508970261,0,0,0,0,2.51888120174408,0,0,2.54432880878448,0,0,0,0,18.1289330422878,11.667826294899,2.10044580698013,1.14828824996948,0.518962442874908,2.09418988227844,0,0,0,0,0.999804675579071,0.573043704032898,0,0,0,0,0,0,0,1.18029367923737,7.62556910514832,7.82155549526215,0.789023637771606,0.791036307811737,0,0.698609173297882,0,0,0,0,2.07606333494186,0.87174665927887,6.38213491439819,0,29.4771394431591,53.9150333106518,16.1740167737007,15.2333631515503,62.1519688665867,70.6100878119469,296.73061594367,461.239961117506,0,0,0,1.20601511001587,1.52795457839966,1.13500678539276,0,0,0.449716567993164,0,0,0,19.6728456318378,40.6915609240532,63.0631698966026,136.028306722641,175.334026783705,107.871296912432,62.0458036065102,12.5388820469379,5.08510988950729,11.5007551014423,41.2614430487156,23.6885475516319,88.4156637489796,142.028674423695,217.358415603638,212.427468031645,26.9922251105309,19.1335037648678,0,469.195330053568,90.0367326438427,18.141637980938,75.3203212022781,243.033043444157,164.033743649721,216.030617713928
14.146795630455,22.455450296402,14.8661895692348,19.8351101875305,0.749920308589935,0.496153861284256,4.39614051580429,11.4004556536674,1.04850769042969,0.55460387468338,0,2.6611647605896,4.15814799070358,0,6.33976477384567,3.27967655658722,2.27560824155807,3.77223086357117,9.4382957816124,11.9630336761475,0,2.532102227211,5.21023440361023,0.455513447523117,0,0,0,3.5449321269989,0.654519617557526,3.09704685211182,1.8138906955719,2.13110661506653,1.19069480895996,3.27422082424164,9.48583167791367,1.99638986587524,130.064996004105,100.820638149977,4.96887418627739,1.65800988674164,1.7006708085537,2.92198646068573,1.09167441725731,1.98923271894455,0.890270411968231,16.4965500831604,94.9401867389679,39.6025255322456,10.9799062609673,13.1406579017639,12.5176582932472,15.1600969135761,0.646340668201447,0.677367866039276,2.39099550247192,0,5.88678652048111,8.65909820795059,8.14083915948868,14.1826645731926,1.42657732963562,0,1.10668456554413,1.58836954832077,0,5.4384703040123,9.03687930107117,5.4512967467308,6.01718211174011,1.92990380525589,19.6403238773346,54.8309811353683,27.9991174936295,16.5270235538483,59.3185698091984,67.9849306643009,1232.9233905375,1328.7108040154,0,0,0,0.588340640068054,0.970276057720184,2.4877912402153,3.14261788129807,2.815673828125,0.515040218830109,0,1.99955546855927,1.4715481698513,29.3270124495029,45.2490326762199,65.0969873666763,136.85723400116,978.377120584249,538.599552482367,315.769628345966,57.4818268418312,17.7833921015263,12.0849134325981,40.9636028409004,17.8794728815556,112.368556141853,120.565462231636,134.941846609116,166.674563378096,34.8433648645878,21.5556107163429,469.195330053568,0,627.917223036289,21.0510216653347,71.0627475380898,249.013052612543,95.2631624639034,169.246970444918
1.26197063922882,0,0,0,0,0,0,0,0,0,0,0,0,0,0,0,0,0,0,0,0,0,0,0,0,0,0,0,0,0,0,0,0,0,0,0.6654052734375,32.7111074328423,11.9152543842793,39.1527718305588,11.0790596008301,0,0,7.62340486049652,0,4.69256544113159,0,22.9102335572243,0,0.747259438037872,0,0,0,0,0,0.790009379386902,0,1.51389634609222,0,0,0,0,0,0,0,0,0,1.1590291261673,0,0,0,3.38038861751556,7.26375764608383,5.28427010774612,1.73378419876099,47.0763323009014,28.5764524936676,70.2191895842552,73.5185865163803,0,0,0,1.02829205989838,0,0,0,0,0,0,0.71405291557312,0,244.645672678947,376.576913326979,237.997105836868,506.439821302891,274.10370233655,454.734766244888,1552.20600420237,866.436840742826,302.160901427269,564.918472260237,104.329048782587,64.8929925560951,308.220002055168,373.124947845936,202.964036285877,241.944193661213,141.184283286333,103.428507447243,90.0367326438427,627.917223036289,0,368.82951259613,385.666504710913,541.490106731653,123.855987340212,73.9230806231499
0,0,0,0,0,0,0,0,0,0,0,0,0,0,0,0,0,0,0,0,0,0,0,0,0,0,0,0,0,0,0,0,0,0,0,0,5.02992802858353,2.93410748243332,7.48987686634064,1.08145296573639,0,0,12.5466101765633,0,5.40757495164871,0,22.2268830537796,0,0,0,0,0,0,0,1.96115672588348,0,0,0,0,0,0,0,0,0,0,0,0,0,0,0,1.87108564376831,0,0,0,6.70518630743027,6.22458738088608,6.39268928766251,11.3237145543098,0,0,0,0,0,0,0,0,0,0,0.921251893043518,0,65.5732998251915,79.99495485425,63.5809212327003,55.7183467447758,38.0090882480145,31.6143117547035,169.685920715332,186.171541959047,150.222951889038,271.744148224592,13.2993485629559,2.18128192424774,40.7672988772392,24.5927763879299,21.1109611093998,18.8116997480392,14.2077293395996,12.9724561274052,18.141637980938,21.0510216653347,368.82951259613,0,145.087163716555,135.643971055746,13.3509801030159,9.81518566608429
0,0,0,0,0,0,0,0,0,0,0,0,0,0,0,0,0,0,0,0,0,0,0,0,0,0,0,0,0,0,0,0,0,0,0,0,0,1.02969408035278,11.5267727971077,2.04079085588455,0,0,0,0,0,0,0.590623378753662,0,0,0,0,0,0,0,0,0,0,0,0,0,0,0,0,0,0,0,0,0,0,0,1.42781102657318,1.61073780059814,1.38291704654694,3.52420824766159,8.76485979557037,9.16913211345673,20.3252738416195,24.4303188621998,0,0,0,0,0,0,0,0,0,0,0,0,66.6346341669559,205.859200835228,198.378738939762,280.113160133362,72.4473241269588,56.0058687031269,104.976772576571,83.6181762814522,43.9109384119511,158.040636360645,45.6664493978024,8.73410820960999,63.9960409998894,127.367435216904,52.7354098558426,49.5207336246967,27.3122038245201,19.0149803757668,75.3203212022781,71.0627475380898,385.666504710913,145.087163716555,0,198.355960339308,20.537036806345,24.7075861990452
0,0,0,0,0,0,0,0,0,0,0,0,0,0,0,0,0,0,0,0,0,0,0,0,0,0,0,0,0,0,0,0,0,0,0,0,2.05005830526352,2.31455516815186,2.51814621686935,0.427136391401291,0,0,0,0,0,0,0,0,0,0,0,0,0,0,0,0,0,0,0,0,0,0,0.984022259712219,0,0,0,0,0,0,0,5.52045065164566,4.73776784539223,3.881531894207,0,7.79430150985718,8.06825459003448,64.2364024817944,60.1960330307484,0,0,0,0,0,0,0,0,0,0,0,0,25.423189163208,37.5017104744911,64.2221300899982,103.09587213397,84.0187468826771,49.7188814282417,39.7324579358101,64.436912715435,33.0212903022766,63.0245516896248,44.0740762352943,31.3511910736561,560.245787084103,593.930235147476,81.1924432516098,87.3154568970203,20.209223985672,24.2544870376587,243.033043444157,249.013052612543,541.490106731653,135.643971055746,198.355960339308,0,191.311631709337,75.3815010786057
0,0.974762141704559,0,0,0,0,0,0,0,0,0,0,0,0,0,0,0,0,0,0,0,0,0,0,0,0,0,0,0,0,0,0,0,0,0,0,5.49608135223389,3.84901368618011,5.04306903481483,3.53538900613785,0.817184448242188,0,0,0,0,0,0.47596463561058,0,0,0,0,0,0,0,0,0,0,0,0,0,0,0,0,0,0,0,0,0,0,0,1.28170931339264,6.88013607263565,0.677867412567139,0.556711137294769,13.6048585474491,15.6540373563766,35.5199329853058,73.802047342062,0,0,0,0,0,0,0,0,0,0,0,0,24.7768288850784,31.8380001485348,34.9280661344528,92.2434946596622,37.1224876344204,26.8694845736027,31.8521653413773,10.7893679738045,12.3958288729191,7.60730201005936,39.2220272123814,39.565506786108,451.72323590517,252.734315663576,734.504324167967,638.288653224707,41.8782550394535,42.3572355210781,164.033743649721,95.2631624639034,123.855987340212,13.3509801030159,20.537036806345,191.311631709337,0,70.1225482523441
7.150883436203,7.03619855642319,0,0,0,0,0,2.75603342056274,0,0,0,0,1.61071646213531,0,0,0,0,2.20561039447784,0,1.34481573104858,0,0,0,0,0,0,0,0,0,0,0.766238927841187,0,0,0.742340266704559,0,0,6.03639253973961,5.07695522904396,1.35310614109039,1.16583836078644,1.92486107349396,0,0,0,0,0,2.13043695688248,0,0,0,0,0,0,0,0,0,0,1.15554213523865,0,0,0,0,0,0,0,0,0,0,0,0,10.3023718595505,21.4082310795784,9.79502010345459,2.76420032978058,23.4909496903419,27.0212539732456,94.1718280613422,87.5346179902554,0,0,0,0,0,0,0,0,0,0,0,0,14.3859370052814,35.0276983678341,20.3950027227402,68.0496351718903,77.9969253242016,43.3743186891079,19.5639491677284,12.0254114866257,6.99519288539886,12.5697880983353,8.04215469956398,13.1862335801125,26.7456749677658,81.7153933048248,218.182892084122,212.424479663372,17.6902190446854,16.2729665637016,216.030617713928,169.246970444918,73.9230806231499,9.81518566608429,24.7075861990452,75.3815010786057,70.1225482523441,0
