0,139.250859767199,2450.59749704599,42.530473947525,0,0,3361.30727109313,57.1639183163643,1.26600956916809,0,2340.56893193722,1.8629264831543,754.687945276499,0,10.4347926080227,0,604.04945909977,0.537934839725494,1526.92348960042,585.843616098166,0,0,3.61247643828392,0,0,0,0,0,576.196147710085,0,30.1625546216965,7.10700052976608,21.3832837343216,160.696374177933,0,0,296.65131765604,0,95.7263671159744,0,6.687624335289,0,0,0,0,0,2.26206934452057,0,0,0,75.1990787088871,0,1.04570108652115,0,13.9376164674759,0,9912.01417192817,2.23504894971848,331.990149438381,0,1116.56094974279,0,223.665009021759,0,467.359635263681,0,189.67371481657,4.21547728776932,2914.34467291832,37.0347209572792,739.185453921556,102.99883171916,1789.11645314097,33.912928134203,619.721609145403,5.44070613384247,2171.42711514235,77.1637231111526,5.17572915554047,0,90.5131567120552,0,21.2138746380806,0,1263.18808597326,0,0,0,421.8694883883,0,0,0,0,0,89.1029556393623,0,8.2239385843277,0,0,0,0,0,0.5114586353302,0,1.75899320840836,0,1.45335566997528,0,7.69624155759811,4.67153263092041,0,0,0,0,0,1.29851758480072
139.250859767199,0,62.4445073306561,4746.91605684161,0,0.395649015903473,59.367939054966,5867.70385614038,0,1.8386595249176,7.33675456047058,2318.145709306,0,672.035162210464,0,14.1790407896042,2.19193571805954,1647.90927156806,418.726359784603,2268.49036192894,0,0,0,18.0477511882782,0,0,0,0,24.1269944310188,61.8910148441792,27.2006242871284,22.3907279968262,32.4690201878548,128.25569665432,0,0,0,86.03565710783,4.39227509498596,28.2743688225746,0,0.54529470205307,0,0,0,1.18018305301666,0,6.12925952672958,0,1.00721895694733,0,6.68476182222366,0,0,0,2.84208384156227,13.7373728752136,12473.7333823442,0,370.570154964924,0,1411.96353238821,0,525.955610632896,0,434.865045011044,2.46430641412735,144.551104664803,169.91900241375,1353.24066451192,65.7058945596218,1613.82858118415,59.6634806394577,2803.91515359282,15.0193121135235,548.545021802187,51.6055410504341,3989.06604906917,0,2.21807086467743,0,64.2506942749023,0,0,0,515.922604382038,0,0,0,117.199163407087,0,0,0,0,1.87944132089615,55.106539785862,0,0,0,0,0,0,0,0,0,0.784423172473907,0,0,8.62469950318336,22.1740826368332,0,0,0,0,0,2.04659485816956
2450.59749704599,62.4445073306561,0,264.053603887558,1146.88298216462,42.8119447827339,10050.7416328788,427.59928381443,305.487292319536,29.0427560806274,370.732827991247,31.3183436989784,899.358938902617,58.5815093517303,434.006178945303,23.0265250205994,57.5219340026379,5.29507154226303,4389.01837947965,457.734368026257,2.7169631421566,0,2937.31102839112,656.098992407322,281.538384199142,84.2352710962296,10.1225026547909,14.8800709247589,783.799778372049,4.68883502483368,154.869211345911,358.966458767653,50.975224852562,137.672948747873,5.84144824743271,0.528603613376617,41.3003098070621,0,19.6142347753048,0,8.35680788755417,0,0,0,0,0,0,0,0,0,4.82861804962158,0,0,0,0,0,125.310003221035,0,80.5200737714767,0,23.3477184772491,0,2.39040058851242,0,21.1776090860367,0,122.80470058322,0.956498235464096,791.673552572727,1.95393896102905,980.037994801998,261.977040708065,1486.05641952157,98.6167015135288,251.933878034353,20.7736915647984,1037.80185854435,64.0573543906212,0.904440939426422,0,7.43062996864319,0,26.44157320261,0,14.7141928076744,0,0.437570035457611,0,4.95483374595642,0,0,0,0,0,23.2335984110832,0,0,0,0,0,0,0,0,0,1.29620778560638,0,0,0,2.03575015068054,2.68243968486786,0,0,0,0,0,0
42.530473947525,4746.91605684161,264.053603887558,0,86.8803393244743,1102.04586136341,329.152594149113,12010.6415403783,48.408130645752,310.283644288778,13.8674997985363,613.882605433464,66.4866563975811,662.419426143169,21.3019676208496,371.320258587599,0.802628755569458,162.875814557076,334.955331176519,3444.70627620816,2.37004351615906,5.50937137007713,514.226737380028,2625.64117822051,104.264497935772,155.250170737505,13.7966714501381,11.2686847448349,49.6871929764748,111.904876828194,111.556152999401,364.89913854003,24.9408555030823,201.388123869896,0,3.02922469377518,0,6.24779015779495,0,0,0,1.17486274242401,0,0,0,0.678146839141846,0,1.38395845890045,0,0,0,0.64935290813446,0,0,0,0,0.775965511798859,268.670061349869,0,77.6081199645996,0,44.3101027607918,0,21.2659614980221,0,41.6953253746033,2.24469071626663,284.807446926832,20.2780990600586,168.35543730855,179.167548745871,1290.4886880815,137.566613972187,1498.67337343097,15.7539936602116,289.641943305731,49.3100626766682,1133.90242001414,0,0,0,6.75829014182091,0.648379743099213,0,0,23.969135761261,0,0,0,2.91302120685577,0,0,0,0,0,3.20704907178879,0,0,0,0,0,0,0,0,0,0,0,0,2.67877078056335,3.37022286653519,0,0,0,0,0,0
0,0,1146.88298216462,86.8803393244743,0,88.5069062709808,530.505239605904,29.0797425806522,2374.3726772666,24.7518113255501,0.918720006942749,0,7.58526647090912,0.444106101989746,2140.028745085,27.0187445878983,0,0,6.26687544584274,0,228.035230368376,44.4615013003349,164.404164135456,267.113405615091,458.39616087079,243.054434597492,1107.6183808744,149.686930835247,574.824424058199,0,60.044487118721,135.909280598164,7.04012101888657,0,0.72913271188736,0,20.2045191824436,0,0,0,202.746646255255,0,0,0,0,0,3.4277480840683,0,0,0,0,0,0.924769222736359,0,3.02755719423294,0,0,0,0,0,0,0,0,0,0,0,0,0,0,0,857.842332541943,74.2284877300262,825.390526086092,5.85652238130569,34.0433021187782,0,39.5042382776737,0,0,0,0,0,25.1937817335129,0,8.84919083118439,0,88.857719451189,0,19.6491822600365,0,0,0,0,0,0.432317823171616,0,0,0,0,0,0,0,0,0,0,0,0,0,0,0,0,0,0,0,0,0
0,0.395649015903473,42.8119447827339,1102.04586136341,88.5069062709808,0,17.3769326806068,489.724309206009,37.4592047929764,2823.49009749293,0,0.563725352287292,4.13648366928101,10.1751969158649,1.46682465076447,2107.50543424487,0,0,0,0.557648479938507,7.13887292146683,183.316387653351,105.309324353933,354.760222166777,205.868250727654,891.242733299732,68.1123989522457,2109.67512726784,2.42986732721329,271.933806657791,79.3074038624763,61.7176867425442,0,3.77713185548782,0,0,0,8.30188369750977,0,1.78793144226074,0,273.401720315218,0,0,0,0,0,0,0,0,0,0,0,0,0,3.25703400373459,0,0,0,0,0,0,0,0,0,0,0,0.547180831432343,0,0,112.422849625349,929.861531257629,7.42202445864677,1106.52130007744,0,23.9357002675533,0,16.3200634717941,0,0,0,8.93455702066422,0,129.806166946888,0,22.9845475554466,0,38.2281680703163,0,5.82671451568604,0,0,0,0,0,0,0,0,0,0,0,0,0,0,0,0,0,0,0,0,0,0,0,0,0,0
3361.30727109313,59.367939054966,10050.7416328788,329.152594149113,530.505239605904,17.3769326806068,0,711.243280768394,565.788986325264,12.0263356566429,2004.60513091087,78.0499692261219,4852.79984968901,116.040165305138,355.948817878962,15.0377054214478,51.2025103271008,8.32091182470322,1542.23422685266,709.282620757818,0,0,473.610277026892,614.481430053711,7.05405482649803,21.9679004251957,1.15695071220398,1.51619008183479,517.877800673246,11.9347534179688,158.365943938494,256.800295889378,53.0545505285263,195.538105428219,2.05764520168304,0,6.27935767173767,0,9.7589995265007,0,0.792797565460205,0,0.542446732521057,0,0,0,0,0,0.576675653457642,0,36.6545217037201,0,0,0,2.54620838165283,0,169.22735568881,0,70.9274555742741,0,122.958202958107,0,11.4290817975998,0,86.5107665061951,0,49.3682793080807,0.527067422866821,80.8813813924789,0.565891921520233,1311.3628371954,451.477077543736,870.124490886927,181.006488919258,161.334167361259,44.0352383553982,887.455517232418,78.9245161414146,1.43539384007454,0,7.50190144777298,0,24.8593438267708,0,128.487480431795,0,0,0,39.1453899741173,0,0,0,0,0,12.2858599424362,0,4.30069762468338,0,0,0,0,0,0,0,0,0,0,0,0,0.594412982463837,0,0,0,0,0,0
57.1639183163643,5867.70385614038,427.59928381443,12010.6415403783,29.0797425806522,489.724309206009,711.243280768394,0,25.1151931881905,1338.73370596766,47.7152645885944,2709.09524410963,177.413831949234,4452.39096257091,20.4224765896797,1228.52279031277,0,152.892974704504,852.316808015108,1450.83003813028,0,0.604219615459442,572.278383731842,1269.89378130436,39.6118776202202,38.9632595181465,9.79739731550217,6.5365859568119,116.206126958132,159.373213559389,140.284379720688,267.360622763634,49.0601323246956,291.709266901016,0,5.54624098539352,0,5.61071878671646,0,0.977669179439545,0,1.3313946723938,0,0,0,0,0,0,0,1.66029059886932,0,11.4294758439064,0,0,0,2.15494298934937,2.82856857776642,455.830540508032,0,151.77067220211,0,398.542697012424,0,141.246461540461,0,287.23026829958,0,122.00549146533,26.1467399895191,36.7228729128838,228.10907754302,2798.56966516376,284.441511482,1640.43325769901,26.7571883797646,318.026989340782,91.7903963327408,1329.15946596861,0,2.34889841079712,0,9.85248196125031,1.10461616516113,0,0,183.473604202271,0,0,0,47.8580704927444,0,0,0,0,2.99253475666046,4.42186939716339,0,0,0,0,0,0,0,0,0,0,0,0,0,2.41752123832703,0,0,0,0,0,0
1.26600956916809,0,305.487292319536,48.408130645752,2374.3726772666,37.4592047929764,565.788986325264,25.1151931881905,0,9.31639915704727,9.30396521091461,0,282.298390597105,1.82495141029358,2646.33769330382,8.5144430398941,0,0,11.1289766132832,2.38951721787453,34.6262736916542,2.53768241405487,78.122192054987,100.84895542264,107.154326736927,81.6325815021992,228.002787023783,31.2209324240685,357.310586184263,0,20.0683459639549,65.5386120378971,0.522653043270111,1.16386312246323,0,0,19.6156239211559,0,1.16466933488846,0,62.5787644088268,0,0,0,0,0,0,0,0,0,0,0,0,0,2.36261904239655,0,0,0,0,0,0,0,0,0,0,0,0,0,0,0,558.444437712431,43.8889924883842,841.221489906311,2.46700322628021,45.7192372083664,0,66.7993167042732,0,0,0,2.11861377954483,0,16.5183762013912,0,8.25890606641769,0,34.7490258216858,0,12.9468449056149,0,0,0,0,0,0.513071715831757,0,0,0,0,0,0,0,0,0,0,0,0,0,0,0,0,0,0,0,0,0
0,1.8386595249176,29.0427560806274,310.283644288778,24.7518113255501,2823.49009749293,12.0263356566429,1338.73370596766,9.31639915704727,0,0,15.2098484635353,0,105.656417757273,3.5559509396553,2791.9330431819,0,0.85957145690918,0,5.65565624833107,0,30.6414201557636,58.9201470315456,57.7293076217175,48.5437612533569,130.722031384706,13.3934311270714,277.963557630777,0.964379966259003,142.97510945797,19.4837275743484,25.750378370285,0,6.10247927904129,0,0,0,3.10280060768127,0,0.658194959163666,0,60.5683701634407,0,0,0,0,0,0,0,0,0,0,0,0,0,0.578500747680664,0,0,0,0,0,0,0,0,0,0,0,0,0,0,28.8539173901081,766.024931907654,2.20360147953033,1030.72965788841,0,41.4853852689266,0,35.8036652803421,0,0,0,5.17565652728081,0,18.1397670805454,0,5.24623194336891,0,3.90617519617081,0,1.39079815149307,0,0,0,0,0,0,0,0,0,0,0,0,0,0,0,0,0,0,0,0,0,0,0,0,0,0
2340.56893193722,7.33675456047058,370.732827991247,13.8674997985363,0.918720006942749,0,2004.60513091087,47.7152645885944,9.30396521091461,0,0,7.6487665772438,2359.88186261058,2.17699891328812,40.4907032847404,0,743.288925528526,0.719208121299744,1179.06342548132,200.182114243507,0,0,22.5924758911133,10.8257596492767,0,0,0,0,929.243011683226,0,52.8553034067154,31.1671559810638,13.2345647215843,34.7620590627193,0,0,4.92320072650909,0,0,0,0,0,0,0,0,0,0,0,0,0,0.915822863578796,0,0,0,1.66076028347015,0,218.394745707512,0,11.6655846238136,0,291.446895182133,0,219.962536066771,0,49.9816006422043,0,21.6522356271744,0,110.100575476885,0,209.027371615171,35.9191825389862,208.731451719999,8.21317249536514,15.0434423089027,1.728355884552,67.4439545571804,2.83377081155777,15.9362363815308,0,404.262074768543,0,77.3500167131424,0,662.635968983173,0,0,0,33.5108309090137,0,0,0,0,0,0.599201798439026,0,0,0,0,0,0,0,0,0,0,0,0,0,0,0,0,0,0,0,0,0
1.8629264831543,2318.145709306,31.3183436989784,613.882605433464,0,0.563725352287292,78.0499692261219,2709.09524410963,0,15.2098484635353,7.6487665772438,0,8.21963375806808,3839.58276438713,0,122.82212293148,0,1221.01877617836,172.7225446105,1085.07817414403,0,0,22.9945050477982,130.478832602501,0,0,0,0,15.5003061890602,524.717860102654,31.0545654296875,83.7812364697456,4.97917419672012,89.9162373840809,0,3.08215260505676,0,2.30445241928101,0,0,0,0,0,0,0,0,0,0.764236688613892,0,0,0,0,0,0,0,0,0,130.313834190369,0,14.8724182844162,0,323.605880618095,0,413.352989941835,0,93.5905247628689,0,7.66129755973816,0,11.0592494010925,33.4475864768028,440.722809314728,23.4325530827045,904.932531774044,7.4380070567131,62.3949778676033,4.23491322994232,242.027545392513,0,6.00975131988525,0,130.834621846676,0,0,0,89.8599442839622,0,0,0,0,0,0,0,0,0.674354016780853,0.907711327075958,0,0,0,0,0,0,0,0,0,0,0,0,0,0,0,0,0,0,0,0
754.687945276499,0,899.358938902617,66.4866563975811,7.58526647090912,4.13648366928101,4852.79984968901,177.413831949234,282.298390597105,0,2359.88186261058,8.21963375806808,0,18.6500249803066,2246.86291745305,0.662982702255249,111.213040649891,0,1131.77512249351,196.485086917877,0.567330300807953,0,313.073708176613,118.30527561903,2.73771625757217,0,0,0,2374.57792884111,0.61544930934906,132.612267673016,130.773771077394,39.287232875824,80.402499884367,2.06650072336197,0,2.99904662370682,0,2.84371244907379,0,0.556746125221252,0,0,0,0,0,0,0,0,0,0,0,0,0,0,0,143.743243008852,0,7.37551766633987,0,76.2277541160583,0,73.5594956576824,0,10.0925953984261,0,11.7708051204681,0,56.992698431015,0,680.588490217924,111.679547309875,661.648327261209,42.4170970916748,65.5570594966412,6.03218078613281,337.635905206203,11.5767158269882,10.7230621576309,0,189.263174831867,0,15.6345961689949,0,212.026046872139,0,2.26652508974075,0,0,0,0,0,0,0,2.62799900770187,0,0,0,0,0,0,0,0,0,0,0,0,0,0,1.23438835144043,0,0,0,0,0,0
0,672.035162210464,58.5815093517303,662.419426143169,0.444106101989746,10.1751969158649,116.040165305138,4452.39096257091,1.82495141029358,105.656417757273,2.17699891328812,3839.58276438713,18.6500249803066,0,0,1825.00891834497,0,218.212917417288,69.0334531366825,679.755069434643,0,0,90.9183366894722,373.750032663345,1.9656138420105,1.05272161960602,0,0.422017872333527,12.4117170870304,689.619571328163,23.0206485390663,107.429489672184,4.79575270414352,109.891203910112,0,0.931759119033813,0,1.40112316608429,0,1.44961512088776,0,0.881793916225433,0,0,0,0,0,0,0,0,0,0,0,0,0,0,0,42.7690172195435,0,1.96493858098984,0,89.6923862099648,0,174.317595094442,0,27.3139426708221,0,0,0,3.72839778661728,37.5669329762459,752.483299076557,24.8150468766689,945.699737489223,2.18972116708755,90.573422819376,2.62577843666077,256.818610310555,0,0,0,52.5968059897423,0,0,0,16.9273650050163,0,0,0,0,0,0,0,0,0,0.738783240318298,0,0,0,0,0,0,0,0,0,0,0,0,0,0,0,0,0,0,0,0
10.4347926080227,0,434.006178945303,21.3019676208496,2140.028745085,1.46682465076447,355.948817878962,20.4224765896797,2646.33769330382,3.5559509396553,40.4907032847404,0,2246.86291745305,0,0,0.784481525421143,8.231355458498,0,56.1953155100346,1.83687978982925,103.42967107892,4.85740524530411,264.771873861551,66.6745231747627,103.68574243784,21.932274222374,336.211382329464,12.4669515490532,2761.16328790784,0,41.5000868737698,42.3299968242645,5.41448149085045,4.01689577102661,0,0,31.4797564148903,0,4.38980832695961,0,97.5235324501991,0,0,0,0,0,0.592285096645355,0,0,0,0,0,0,0,5.74009543657303,0,3.36385136842728,0,0,0,0,0,0,0,0,0,0,0,0,0,889.200781285763,38.9591266512871,1949.80261737108,4.09130311012268,87.0129626393318,0,245.952756255865,0,0,0,6.7970158457756,0,26.6986950039864,0,36.2215525507927,0,61.7835924625397,0,27.5487887561321,0,0,0,0,0,0.985144257545471,0,0,0,0,0,0,0,0,0,0,0,0,0,0,0,0,0,0,0,0,0
0,14.1790407896042,23.0265250205994,371.320258587599,27.0187445878983,2107.50543424487,15.0377054214478,1228.52279031277,8.5144430398941,2791.9330431819,0,122.82212293148,0.662982702255249,1825.00891834497,0.784481525421143,0,0,39.5234906673431,0,46.5356387495995,1.05607414245605,65.7227015793324,48.669011503458,233.119462311268,50.4555020928383,132.047662496567,26.1917092502117,281.216327011585,2.94280928373337,1674.38314217329,34.549076795578,59.1485412716866,1.26997792720795,15.7026242613792,0,0,0,7.0073835849762,0,0,0,167.795539110899,0,0,0,0,0,0,0,0,0,0,0,0,0,1.11710500717163,0,3.61949163675308,0,0,0,0,0,4.2837797999382,0,0,0,0,0,0,34.5433838963509,1138.7708478272,6.71544295549393,2884.50279968977,0,103.512147337198,0,110.673984706402,0,2.2297203540802,0,6.17698058485985,0,90.9662410318851,0,9.96945685148239,0,17.4170951247215,0,5.65831923484802,0,0,0,0,0,0,0,0,0,0,0,0,0,0,0,0,0,0,0.977623999118805,1.1631326675415,0,0,0,0,0,0
604.04945909977,2.19193571805954,57.5219340026379,0.802628755569458,0,0,51.2025103271008,0,0,0,743.288925528526,0,111.213040649891,0,8.231355458498,0,0,0,203.874986350536,30.0009209513664,0,0,1.37914288043976,0,0,0,0,0,3255.58136713505,0,3.89299511909485,2.97223597764969,1.55193394422531,4.13339519500732,0,0,6.58772659301758,0,4.20515704154968,0,1.901023209095,0,0,0,0,0,2.09670877456665,0,0,0,4.02609446644783,0,0,0,2.12405347824097,0,2111.36565455794,0,73.1449639201164,0,610.107592254877,0,1375.12398403883,0,46.8687478303909,0,30.7859199345112,0,53.9763513207436,0,32.8165900111198,5.81335538625717,326.811592429876,1.15091395378113,17.2647024989128,0,28.7403644323349,0,76.6749076843262,0,1389.78807935119,0,176.969466984272,0,376.440352916718,0,2.1164408326149,0,24.2394445538521,0,0,0,0,0,0,0,0,0,0,0,0,0,0,0,0,0,0,0,0,0,0,0,0,0,0,0
0.537934839725494,1647.90927156806,5.29507154226303,162.875814557076,0,0,8.32091182470322,152.892974704504,0,0.85957145690918,0.719208121299744,1221.01877617836,0,218.212917417288,0,39.5234906673431,0,0,24.6794276237488,422.557495892048,0,0,2.22365087270737,28.3860010504723,0,0,0,0,3.56747055053711,2383.96651244164,11.5254102945328,6.10299348831177,2.47732996940613,30.968661993742,3.39611744880676,0.931780159473419,0,4.42291694879532,0,1.19395053386688,0,0,0,0,0,1.43752121925354,0,0.976040005683899,0,2.0083703994751,0,3.02000737190247,0,0,0,2.30979466438293,0,2694.74095860124,0,82.390999019146,0,374.027590364218,0,2536.76886057854,0,44.7627643048763,1.19769531488419,74.7717815935612,0.966169714927673,33.5676800906658,5.03386098146439,140.577965021133,0,2454.50528255105,0.854147434234619,53.9840564131737,5.34485304355621,134.538449913263,0,289.862776756287,0,1354.44472983479,1.41980981826782,2.19426465034485,0,113.576060533524,0,0.929466843605042,0,2.00580406188965,0,0,0,0,0,0,0,0,0,0,0,0,0,0,0,0.996426522731781,0,0,0,0.881182193756104,0,0,0,0,0,0
1526.92348960042,418.726359784603,4389.01837947965,334.955331176519,6.26687544584274,0,1542.23422685266,852.316808015108,11.1289766132832,0,1179.06342548132,172.7225446105,1131.77512249351,69.0334531366825,56.1953155100346,0,203.874986350536,24.6794276237488,0,3436.6035604775,0.993069529533386,0,1795.6430657208,245.244046539068,1.38528418540955,0,2.60537433624268,0,903.991559028625,7.59856528043747,862.284699887037,406.394078075886,1799.78231245279,877.601108103991,18.8060160279274,7.50957894325256,47.8452835679054,3.70590960979462,36.7192276120186,0,10.9055541753769,0,19.1318230926991,0,5.28663408756256,0,10.2769408524036,0,0,0,2.14763957262039,0,0,0,0,0,177.287719249725,3.9923312664032,109.986605346203,0,23.3100937604904,0,9.47453999519348,0.936962485313416,8.53258952498436,0,829.47175604105,46.7869034409523,2994.00064682961,70.1630742251873,1058.37948894501,524.137135863304,1701.42474547029,375.741111814976,527.985733360052,94.4587149918079,2279.01903885603,590.329927176237,0,0,3.23164749145508,0,95.4785413444042,0,19.6695175766945,0,0,0,1.94508183002472,0,0,0,0,0,66.4720795154572,0,3.53376966714859,0,0,0,0,0,0,0,0,0,0,0,3.21781945228577,4.64964920282364,0,0,0,0,0,0
585.843616098166,2268.49036192894,457.734368026257,3444.70627620816,0,0.557648479938507,709.282620757818,1450.83003813028,2.38951721787453,5.65565624833107,200.182114243507,1085.07817414403,196.485086917877,679.755069434643,1.83687978982925,46.5356387495995,30.0009209513664,422.557495892048,3436.6035604775,0,0,0,99.6449710726738,1209.4816339612,0,1.99654275178909,0,0,291.753021299839,46.4223229289055,219.366318464279,473.978912115097,267.268556028605,4592.22659486532,3.14815726876259,28.0775409340858,2.42170429229736,22.8059495985508,0,11.544982790947,0,0,0,1.18541234731674,0,0,0,14.350777387619,0,0,0.559965431690216,0,0,0,0,0,55.207667350769,411.198238521814,0,39.0460419654846,0,32.8052993416786,0,64.3304710686207,1.87811303138733,32.0260300934315,44.0590542554855,626.236649990082,912.816798895597,3502.43276253343,377.377125531435,1137.43179953098,583.331222504377,1657.80308637023,130.157492280006,508.620516419411,602.240949332714,3317.64385583997,0,0,0,12.2080632150173,17.7343127727509,0,0,24.6500074267387,0,0,0,0,0,0,0,0,0.991006076335907,22.7238716483116,0,0,0,0,0,0,0,0,0,1.09162831306458,0,0,7.51092910766602,5.70836347341537,0,0,0,0,0,0
0,0,2.7169631421566,2.37004351615906,228.035230368376,7.13887292146683,0,0,34.6262736916542,0,0,0,0.567330300807953,0,103.42967107892,1.05607414245605,0,0,0.993069529533386,0,0,52.3255217671394,34.2507912516594,27.6623669266701,220.071582853794,46.2175332903862,778.512670964003,24.8098666965961,142.092001199722,0,669.93922996521,63.84324914217,18.4052214026451,0,2.91702151298523,0,11.6298350691795,15.0600884854794,0,0,77.9187909066677,16.8183530569077,0,0,0,0,0,0,0,0,0,0,0,0,4.16104924678802,1.25264716148376,0,0,0,0,0,0,0,0,1.22850871086121,0,0.941175520420074,0,0,0,713.077559351921,58.6072434186935,113.12339130044,7.14602833986282,6.62922132015228,16.9540190696716,11.1759984493256,8.89339220523834,0,0,0,0,3.48243296146393,0.500748455524445,1.73621731996536,0.725863337516785,17.5432851612568,1.16766726970673,7.02664369344711,2.56750190258026,0,0,0,0,0,0,0,0,0,0,0,0,0,0,0,0,0,0,0,0,0,0,0,0,0,0
0,0,0,5.50937137007713,44.4615013003349,183.316387653351,0,0.604219615459442,2.53768241405487,30.6414201557636,0,0,0,0,4.85740524530411,65.7227015793324,0,0,0,0,52.3255217671394,0,8.52832794189453,46.0255554020405,47.1831360459328,329.708698689938,154.424437969923,1365.69975495338,4.02306830883026,118.755226820707,74.5443999767303,866.392795562744,0.88542503118515,3.21431106328964,2.04563975334167,1.30882298946381,1.27254509925842,0.770959615707397,0,51.2926409244537,1.27921092510223,168.166746765375,0,0,0,0,0,0,0,0,0,0,0,0,0,0,0,0,0,0,0,0,0,0,0,0,0,0,0,0,227.469942688942,407.393791794777,6.98779493570328,112.422768175602,0,6.76206314563751,0,1.05095767974854,0,0,0,0,0,77.0987523794174,0,0,0,1.80000501871109,0,1.33107143640518,0,0,0,0,0,0,0,0,0,0,0,0,0,0,0,0,0,0,0,0,0,0,0,0,0,0
3.61247643828392,0,2937.31102839112,514.226737380028,164.404164135456,105.309324353933,473.610277026892,572.278383731842,78.122192054987,58.9201470315456,22.5924758911133,22.9945050477982,313.073708176613,90.9183366894722,264.771873861551,48.669011503458,1.37914288043976,2.22365087270737,1795.6430657208,99.6449710726738,34.2507912516594,8.52832794189453,0,1784.991414994,1313.39864766598,257.377219319344,138.462121635675,59.5649625062943,406.017248302698,8.11804908514023,3531.11426639557,1162.28049191833,688.796903133392,190.934187024832,135.849794924259,1.2722727060318,7.59764164686203,0,0.606847703456879,0,3.29962781071663,0,11.3647198677063,0,0,0,3.48980575799942,0,0,0,0,0,0,0,0,0,1.50347805023193,0,0,0,0,0,0,0,0,0,98.1928792595863,0.488528728485107,6.17447257041931,0,776.02417075634,473.327376514673,967.184541881084,178.221973270178,92.3387391269207,27.203399002552,311.736727952957,24.5607317090034,0,0,0,0,2.3169606924057,0,0,0,0.356189459562302,0,1.39109790325165,0,0,0,0,0,1.76881003379822,0,0,0,0,0,0,0,0,0,0,0,0,0,0,0,0,0,0,0,0,0
0,18.0477511882782,656.098992407322,2625.64117822051,267.113405615091,354.760222166777,614.481430053711,1269.89378130436,100.84895542264,57.7293076217175,10.8257596492767,130.478832602501,118.30527561903,373.750032663345,66.6745231747627,233.119462311268,0,28.3860010504723,245.244046539068,1209.4816339612,27.6623669266701,46.0255554020405,1784.991414994,0,597.885212004185,2200.54892227054,135.300233304501,266.939932495356,68.5969612002373,100.844168007374,521.596543908119,2566.46821671724,29.738960236311,1040.68758073449,0,22.0839435756207,0,0,0,0,1.50045740604401,2.30147850513458,0,0,0,0,0,0,0,0,0,0,0,0,0,0,0,7.9459742307663,0,0,0,0,0,0,0,0,0,33.5476948022842,0,0,452.720188140869,1315.5011292696,304.186931759119,989.484699636698,19.4461326003075,190.146057218313,32.1613848209381,380.276925176382,0,1.16750776767731,0,0,0,0,0,0,0,0,0,0,0,0,0,0,0,1.44124233722687,0,0,0,0,0,0,0,0,0,0,0,0,0,0,0,0,0,0,0,0
0,0,281.538384199142,104.264497935772,458.39616087079,205.868250727654,7.05405482649803,39.6118776202202,107.154326736927,48.5437612533569,0,0,2.73771625757217,1.9656138420105,103.68574243784,50.4555020928383,0,0,1.38528418540955,0,220.071582853794,47.1831360459328,1313.39864766598,597.885212004185,0,645.167031764984,1382.62626799941,270.319204092026,70.8980874121189,0.591499388217926,693.526541799307,386.883341401815,29.7489121854305,7.55161464214325,2.42204236984253,0,1.09552621841431,0,0,0,21.3099526762962,0,0,0,0,0,0,0,0,0,0,0,0,0,1.03102290630341,0,0,0,0,0,0,0,0,0,0,0,0,0,0,0,671.015181839466,127.806129157543,270.509280920029,13.1443209052086,14.3947626650333,0,13.2575535774231,0,0,0,0,0,0,0,0.458997637033463,0,8.60207217931747,0,1.17141222953796,0,0,0,0,0,0,0,0,0,0,0,0,0,0,0,0,0,0,0,0,0,0,0,0,0,0,0
0,0,84.2352710962296,155.250170737505,243.054434597492,891.242733299732,21.9679004251957,38.9632595181465,81.6325815021992,130.722031384706,0,0,0,1.05272161960602,21.932274222374,132.047662496567,0,0,0,1.99654275178909,46.2175332903862,329.708698689938,257.377219319344,2200.54892227054,645.167031764984,0,399.531690269709,1750.82785728574,6.03792780637741,20.1123895347118,254.833442211151,676.830311119556,2.72326755523682,18.934249162674,0,0.554649472236633,0,1.40145683288574,0,0,0.638167202472687,18.4434615075588,0,0,0,0,0,0,0,0,0,0,0,0,0,0,0,0,0,0,0,0,0,0,0,0,0,0,0,0,438.17057916522,529.114879786968,23.5085841715336,219.612926930189,0,11.0721940100193,0.634936630725861,2.48756405711174,0,0,0,0,0,5.81186977028847,0,1.25946640968323,0.40137130022049,0,0,0,0,0,0,0,0,0,0,0,0,0,0,0,0,0,0,0,0,0,0,0,0,0,0,0,0,0
0,0,10.1225026547909,13.7966714501381,1107.6183808744,68.1123989522457,1.15695071220398,9.79739731550217,228.002787023783,13.3934311270714,0,0,0,0,336.211382329464,26.1917092502117,0,0,2.60537433624268,0,778.512670964003,154.424437969923,138.462121635675,135.300233304501,1382.62626799941,399.531690269709,0,323.615308791399,182.818291753531,0,439.907072722912,226.719707548618,20.7606166601181,1.11060130596161,4.20841217041016,0,7.4201628267765,0,1.77415800094604,0,61.7612839341164,1.05439865589142,0,0,0,0,1.21491825580597,0,0,0,0,0,0,0,0,0,0,0,0,0,0,0,0,0,0,0,0,0,0,0,1035.34417849779,99.1859664320946,281.844577640295,7.53232970833778,8.62334793806076,0,0,0,0,0,0.552444696426392,0,7.39908918738365,0,1.7664997279644,0,24.7494516968727,0,5.82875967025757,0,0,0,0,0,0,0,0,0,0,0,0,0,0,0,0,0,0,0,0,0,0,0,0,0,0,0
0,0,14.8800709247589,11.2686847448349,149.686930835247,2109.67512726784,1.51619008183479,6.5365859568119,31.2209324240685,277.963557630777,0,0,0,0.422017872333527,12.4669515490532,281.216327011585,0,0,0,0,24.8098666965961,1365.69975495338,59.5649625062943,266.939932495356,270.319204092026,1750.82785728574,323.615308791399,0,5.05922088027,65.3071581125259,84.1334636509418,372.111417412758,1.40242731571198,6.64020735025406,0,0,0,3.38145208358765,0,0,0,123.140392482281,0,0,0,0,0,0,0,0,0,0,0,0,0,0.701618731021881,0,0,0,0,0,0,0,0,0,0,0,0,0,0,369.366038262844,747.63801574707,8.90838623046875,439.660510808229,1.33796143531799,3.43818813562393,0,3.20318287611008,0,0,0,1.08493795990944,0,39.2034468352795,0,5.80108559131622,0,8.33758845925331,0,2.6963594853878,0,0,0,0,0,0,0,0,0,0,0,0,0,0,0,0,0,0,0,0,0,0,0,0,0,0
576.196147710085,24.1269944310188,783.799778372049,49.6871929764748,574.824424058199,2.42986732721329,517.877800673246,116.206126958132,357.310586184263,0.964379966259003,929.243011683226,15.5003061890602,2374.57792884111,12.4117170870304,2761.16328790784,2.94280928373337,3255.58136713505,3.56747055053711,903.991559028625,291.753021299839,142.092001199722,4.02306830883026,406.017248302698,68.5969612002373,70.8980874121189,6.03792780637741,182.818291753531,5.05922088027,0,3.5042130947113,115.806053727865,79.100359916687,46.0373109579086,73.7730760574341,16.9012982845306,15.8328327536583,207.402273058891,13.9921057224274,42.7711792886257,0,249.18402493,2.2841192483902,119.843978971243,0.777982294559479,18.6575266718864,0,338.965088397264,1.31653118133545,80.9667558372021,0,212.751920580864,0,48.0972193181515,0,134.560167193413,0,1270.84395125508,0.912153005599976,424.466513246298,0,318.996589481831,0,304.802154302597,0,113.60840678215,0,428.463547319174,42.0147845745087,277.915204793215,2.65916883945465,408.888294845819,64.283689558506,2650.5681194067,34.0946867465973,73.0094723403454,8.76600378751755,308.756238400936,28.5778461396694,225.286481022835,0,1357.12624663115,0,990.957873016596,0,741.156281679869,0,557.997252732515,0,272.528770834208,0,28.0891835391521,0,1.74509263038635,0,10.7152872681618,0,1.20124673843384,0,19.090635150671,0,0,0,0,0,0,0,0,0,0,0,0,0,0,0,0,0.760659635066986
0,61.8910148441792,4.68883502483368,111.904876828194,0,271.933806657791,11.9347534179688,159.373213559389,0,142.97510945797,0,524.717860102654,0.61544930934906,689.619571328163,0,1674.38314217329,0,2383.96651244164,7.59856528043747,46.4223229289055,0,118.755226820707,8.11804908514023,100.844168007374,0.591499388217926,20.1123895347118,0,65.3071581125259,3.5042130947113,0,2.83531582355499,26.0025545954704,2.89965271949768,11.7274249792099,1.9105988740921,6.52275782823563,0,13.6522746086121,0,0,0,302.149926275015,0,17.0910905003548,0,8.27632549405098,0,18.4283954501152,0,8.84316805005074,0,16.5090286433697,0,7.70548677444458,0,14.3040630221367,0,157.507713228464,0,73.4011023640633,0,31.9062587618828,0,175.059759348631,0,28.6193378269672,1.75648939609528,94.2085455060005,0.593561232089996,8.21271002292633,5.15813553333282,119.847848027945,5.06939327716827,6581.23101440072,0,23.4403014481068,1.47974228858948,38.5309806764126,0,358.620053529739,0,733.415496736765,0,815.776241600513,0,85.1964066028595,0,37.2068423032761,0,22.543687582016,0,0,0,0,0,1.32951802015305,0,0,0,0.803977608680725,0,0,0,0,0,0,0,0,0,0,0,0,0,0,0,0
30.1625546216965,27.2006242871284,154.869211345911,111.556152999401,60.044487118721,79.3074038624763,158.365943938494,140.284379720688,20.0683459639549,19.4837275743484,52.8553034067154,31.0545654296875,132.612267673016,23.0206485390663,41.5000868737698,34.549076795578,3.89299511909485,11.5254102945328,862.284699887037,219.366318464279,669.93922996521,74.5443999767303,3531.11426639557,521.596543908119,693.526541799307,254.833442211151,439.907072722912,84.1334636509418,115.806053727865,2.83531582355499,0,561.94771361351,1092.42432883382,139.076783061028,234.278452813625,6.97811096906662,2.5692832171917,0.638214588165283,2.62794882059097,0,4.1212632060051,0,77.3884030580521,0,9.46116611361504,0,45.9021529257298,0,0.43953475356102,0,0,0,0,0,0,0,11.4155159890652,1.50336003303528,1.96350938081741,0,0.612073183059692,0.488412946462631,0,0.648177444934845,0,1.26814496517181,461.082429975271,21.9368297755718,74.2895892262459,2.71293717622757,792.942529648542,151.918774992228,253.296162486076,75.1682713925838,41.8363793492317,7.76150840520859,201.967340707779,90.9715657532215,0,0,1.39445924758911,0,13.3251530528069,0,1.91853547096252,0,2.00098288059235,0,0.778204143047333,0,0,0,0,0,4.77931386232376,0.764087855815887,0.652813792228699,0,0,0,0,0,0,0,0,0,0,0,0,0.786749184131622,0,0,0,0,0,0
7.10700052976608,22.3907279968262,358.966458767653,364.89913854003,135.909280598164,61.7176867425442,256.800295889378,267.360622763634,65.5386120378971,25.750378370285,31.1671559810638,83.7812364697456,130.773771077394,107.429489672184,42.3299968242645,59.1485412716866,2.97223597764969,6.10299348831177,406.394078075886,473.978912115097,63.84324914217,866.392795562744,1162.28049191833,2566.46821671724,386.883341401815,676.830311119556,226.719707548618,372.111417412758,79.100359916687,26.0025545954704,561.94771361351,0,87.1537707746029,1427.65483057499,0.545960068702698,42.3826139867306,1.31410193443298,0.65028041601181,1.23704051971436,2.58223795890808,0.648389399051666,1.22867569327354,1.87138289213181,1.05753242969513,0,0,0.781638562679291,7.33198517560959,0,0,0,0,0,0,0,0,2.19451248645782,5.15984344482422,1.64059555530548,1.22140273451805,0,4.27595263719559,0,3.30008977651596,0,2.01990187168121,35.371493011713,150.848426491022,13.7124659717083,3.77672672271729,391.126886844635,505.176403820515,258.170459806919,229.519068479538,48.9053384065628,51.1462553441525,196.488003760576,204.332624137402,0,0,0,0,3.24757671356201,0.979779690504074,0,4.22297990322113,0,0,0,0,0,0,0,0,2.00141090154648,0,0.82565301656723,0,0,0,0,0,0,0,0,0.946200013160706,0,0,0,0.747279405593872,0,0,0,0,0,0
21.3832837343216,32.4690201878548,50.975224852562,24.9408555030823,7.04012101888657,0,53.0545505285263,49.0601323246956,0.522653043270111,0,13.2345647215843,4.97917419672012,39.287232875824,4.79575270414352,5.41448149085045,1.26997792720795,1.55193394422531,2.47732996940613,1799.78231245279,267.268556028605,18.4052214026451,0.88542503118515,688.796903133392,29.738960236311,29.7489121854305,2.72326755523682,20.7606166601181,1.40242731571198,46.0373109579086,2.89965271949768,1092.42432883382,87.1537707746029,0,242.838671505451,651.449182391167,18.2998376488686,6.8082315325737,4.13697236776352,26.6466142237186,0,0,0,128.083383768797,2.18979811668396,93.3936929404736,2.18186658620834,73.8043391406536,0.980368793010712,0,1.16263055801392,3.87215638160706,0,0,0,2.76486226916313,0,42.6893689036369,32.6632614731789,9.69578218460083,6.03741282224655,1.60698837041855,0.764833629131317,0,6.86586317420006,0,0,4224.01821783185,104.23262616992,841.049976468086,70.5546157956123,126.117122381926,73.7810162603855,73.2947887778282,32.0815600752831,13.3884896039963,9.93498933315277,129.149354875088,77.282175719738,0,1.16490232944489,1.45777261257172,3.87297821044922,0,0,0.833191514015198,0,0,0,0,0,0,0,0,0,1.22281956672668,0,8.8662291765213,0,0,0,0,0,0,0,0,0,0,0,0,0,0,0,0,0,0,0
160.696374177933,128.25569665432,137.672948747873,201.388123869896,0,3.77713185548782,195.538105428219,291.709266901016,1.16386312246323,6.10247927904129,34.7620590627193,89.9162373840809,80.402499884367,109.891203910112,4.01689577102661,15.7026242613792,4.13339519500732,30.968661993742,877.601108103991,4592.22659486532,0,3.21431106328964,190.934187024832,1040.68758073449,7.55161464214325,18.934249162674,1.11060130596161,6.64020735025406,73.7730760574341,11.7274249792099,139.076783061028,1427.65483057499,242.838671505451,0,14.0537411570549,887.162459522486,6.53415071964264,18.0924791097641,5.9293732047081,58.1233030259609,1.3335976600647,1.4719797372818,8.07540425658226,23.2639605998993,6.47200167179108,1.38382565975189,4.1270871758461,83.579682379961,0.827130973339081,0,2.65610730648041,1.65040677785873,0,0,0,3.28335708379745,52.241188198328,286.579467117786,15.7725390791893,27.8043694198132,5.96726644039154,17.0346936881542,0,59.3294892907143,0,1.97751197218895,439.458822220564,4848.19819027185,812.049520790577,1785.02486926317,142.297154039145,392.268971085548,183.637206405401,299.658824265003,48.737366437912,72.3411228060722,423.303824841976,556.674800693989,1.12133491039276,5.00621029734612,8.91863799095154,54.1601259112358,5.82495266199112,0,2.8122855424881,38.0721239447594,0,0.915128886699677,0,14.3041180074215,0,1.18671309947968,0,0,1.74895942211151,5.9535117149353,1.60823976993561,0,0,0,0,0,0,0,0,2.05896207690239,0,0,2.45203566551208,1.49356496334076,0,0,0,0,0,0.709527850151062
0,0,5.84144824743271,0,0.72913271188736,0,2.05764520168304,0,0,0,0,0,2.06650072336197,0,0,0,0,3.39611744880676,18.8060160279274,3.14815726876259,2.91702151298523,2.04563975334167,135.849794924259,0,2.42204236984253,0,4.20841217041016,0,16.9012982845306,1.9105988740921,234.278452813625,0.545960068702698,651.449182391167,14.0537411570549,0,164.578949123621,169.616637915373,36.1738343238831,128.496527940035,54.2489249706268,12.0563639998436,0,256.41504663229,239.608031004667,197.415069848299,133.590529948473,260.564712762833,60.0313200354576,77.7394415140152,44.6807474195957,32.9063189029694,11.2277809977531,10.7446223199368,11.2821894884109,47.5549690723419,24.5358483195305,0,0,30.0476555228233,58.6673243045807,2.61301779747009,0,0,1.90475171804428,0.487818479537964,1.78981816768646,2495.01851922274,350.186204850674,0.621860384941101,1.06628552079201,23.7531664669514,0,60.969514131546,29.4158051609993,5.09474456310272,10.2740767002106,126.139871746302,34.7828131318092,1.8997303545475,2.69056451320648,29.4107422828674,15.3670902848244,4.42178675532341,0,40.7056969702244,28.4200974702835,3.95278042554855,0.527386844158173,48.1844864487648,15.1413067877293,1.55204722285271,0,0,0,4.34745818376541,0,8.93284550309181,0,1.02319833636284,0,0,0,0,0,0,0,0,0,0,2.50719428062439,0,0,0,0,0,0
0,0,0.528603613376617,3.02922469377518,0,0,0,5.54624098539352,0,0,0,3.08215260505676,0,0.931759119033813,0,0,0,0.931780159473419,7.50957894325256,28.0775409340858,0,1.30882298946381,1.2722727060318,22.0839435756207,0,0.554649472236633,0,0,15.8328327536583,6.52275782823563,6.97811096906662,42.3826139867306,18.2998376488686,887.162459522486,164.578949123621,0,191.697712540627,181.323746532202,62.541660785675,239.79947835207,13.8288494348526,4.85476440191269,138.4761544168,506.596427202225,92.7409372031689,252.95220515132,156.520080208778,166.379029631615,68.0300386250019,90.8755044341087,27.0207273364067,35.8705506920815,3.05775946378708,22.5042194128036,42.0264831185341,79.2070538699627,0,0,22.2914433479309,65.0275639891624,0,1.5910684466362,0.764376759529114,12.0497773885727,1.65469300746918,1.33668303489685,377.660057038069,2029.88931596279,0,1.42377227544785,1.3713886141777,15.073074311018,49.2212022840977,82.9009054303169,3.58319503068924,27.4019405841827,118.144688487053,110.03718405962,2.03743344545364,6.36102241277695,11.2267743945122,62.7541217505932,0.623804330825806,4.20380020141602,44.183348596096,64.7018562555313,0,2.69981777667999,30.0953889489174,43.7958978712559,2.75537008047104,0,0,0,0.682869374752045,13.2057987451553,1.1146342754364,0,1.83821082115173,0,0,0,0,0,0,0,0,0,0,0.949128091335297,1.47703635692596,0,0,0,0,0
296.65131765604,0,41.3003098070621,0,20.2045191824436,0,6.27935767173767,0,19.6156239211559,0,4.92320072650909,0,2.99904662370682,0,31.4797564148903,0,6.58772659301758,0,47.8452835679054,2.42170429229736,11.6298350691795,1.27254509925842,7.59764164686203,0,1.09552621841431,0,7.4201628267765,0,207.402273058891,0,2.5692832171917,1.31410193443298,6.8082315325737,6.53415071964264,169.616637915373,191.697712540627,0,407.487307429314,1758.75747141242,42.541424036026,528.004720777273,60.6277871131897,433.669004887342,136.751875519753,93.5731270313263,57.8135474324226,1249.99331465364,24.463809877634,281.369968026876,20.4386431574821,463.15396592021,2.65788441896439,171.80809250474,6.24443006515503,1180.38024052978,16.3735832571983,278.729105293751,0.527852296829224,345.152739703655,16.3813468813896,68.8669374585152,0,10.9948107004166,0.662532210350037,50.4256477355957,2.44989854097366,1022.23895037174,791.46765050292,630.88446444273,1.32075142860413,322.847753107548,32.3885001540184,712.049212127924,17.8599482774734,1214.78190588951,90.036750882864,3897.40407428145,93.1422819793224,6.79858589172363,0,63.8037659823895,0,159.685773015022,0,295.963924944401,5.86242601275444,1119.86247298121,4.34592044353485,1195.42973852158,4.95343989133835,123.31405287981,107.175088346004,45.3606134355068,52.1701890528202,161.056326717138,42.7144256830215,110.54913443327,12.1863724887371,49.4531717896461,29.2671380341053,35.4705106019974,16.2873077690601,72.2885005474091,129.43082806468,61.4757687747478,57.6717688441277,28.4771390259266,20.0102706253529,11.8961050212383,22.8260852992535,17.3505077362061,1.81535595655441,6.34059828519821,3.85886698961258,6.5261904001236,7.33179196715355
0,86.03565710783,0,6.24779015779495,0,8.30188369750977,0,5.61071878671646,0,3.10280060768127,0,2.30445241928101,0,1.40112316608429,0,7.0073835849762,0,4.42291694879532,3.70590960979462,22.8059495985508,15.0600884854794,0.770959615707397,0,0,0,1.40145683288574,0,3.38145208358765,13.9921057224274,13.6522746086121,0.638214588165283,0.65028041601181,4.13697236776352,18.0924791097641,36.1738343238831,181.323746532202,407.487307429314,0,61.5744090676308,1542.65355989337,21.5159091949463,622.986746966839,63.7518737316132,317.828265339136,42.1508832871914,131.207492887974,64.7018169760704,719.670676410198,7.26203626394272,132.889084041119,4.43357926607132,185.320452719927,0,135.589377135038,7.24671137332916,2011.05625236034,1.14342451095581,117.742706120014,17.2945742607117,135.317815452814,4.75942838191986,1.77626967430115,0,11.6880705356598,2.38960033655167,79.2605057656765,516.754653841257,684.524474650621,1.3584508895874,67.94812682271,21.0227046608925,183.94184845686,78.0435631871223,336.212065756321,31.6761266589165,413.282286703587,265.049473077059,3063.58104670048,1.35549116134644,5.80392682552338,5.02038431167603,50.2918834388256,0,249.923382729292,1.77449262142181,402.236526340246,6.8383110165596,1203.86527445912,2.65775555372238,1142.90310242772,20.5649030804634,50.2506035268307,11.1088732481003,40.7584711313248,20.1999720335007,98.8275633454323,29.1619718670845,22.9073982536793,3.83157002925873,30.7318368852139,8.90776199102402,15.9035275280476,29.1887882649899,92.3146077096462,12.5057030916214,42.6985193192959,9.54803937673569,5.63726627826691,5.94094926118851,63.8339450359344,8.5487816631794,1.3272442817688,2.73403835296631,2.14514857530594,4.16979485750198,2.11269623041153
95.7263671159744,4.39227509498596,19.6142347753048,0,0,0,9.7589995265007,0,1.16466933488846,0,0,0,2.84371244907379,0,4.38980832695961,0,4.20515704154968,0,36.7192276120186,0,0,0,0.606847703456879,0,0,0,1.77415800094604,0,42.7711792886257,0,2.62794882059097,1.23704051971436,26.6466142237186,5.9293732047081,128.496527940035,62.541660785675,1758.75747141242,61.5744090676308,0,38.3684381246567,586.73600640893,4.3777791261673,252.173477828503,51.1405219435692,162.042296469212,7.17409053444862,1496.43750530481,19.8460201621056,91.9345284700394,1.16292798519135,81.91648209095,0,24.0297701656818,1.06420338153839,1508.20574975014,5.51302394270897,92.8850632309914,1.03689384460449,140.736270785332,0,21.9405858814716,0,5.60993945598602,0,19.8026414513588,0,737.378109872341,111.407522529364,250.324731707573,1.65633082389832,47.8196583390236,20.1776937842369,141.214528828859,0,181.833009839058,10.1317808330059,248.090844660997,23.6043048202991,0,0,7.3752965927124,0,210.529985785484,0,47.2416298389435,0.703343451023102,292.502872496843,0,326.199833780527,0,232.547258377075,215.863604664803,41.5274312794209,73.2166012227535,41.6394479870796,64.4872931838036,139.62132537365,39.7279757857323,61.2344403862953,79.371069252491,57.1655269861221,26.4211330711842,62.8506807684898,210.175092726946,25.6492500901222,45.8669098615646,16.5918664932251,12.3931983709335,0.629598379135132,3.05127394199371,18.0992768406868,2.87809571623802,3.6441690325737,0.412590652704239,3.17784595489502,0
0,28.2743688225746,0,0,0,1.78793144226074,0,0.977669179439545,0,0.658194959163666,0,0,0,1.44961512088776,0,0,0,1.19395053386688,0,11.544982790947,0,51.2926409244537,0,0,0,0,0,0,0,0,0,2.58223795890808,0,58.1233030259609,54.2489249706268,239.79947835207,42.541424036026,1542.65355989337,38.3684381246567,0,0.921538412570953,1037.04035645723,25.7772201299667,533.591643661261,12.5024487674236,164.462321072817,48.7506242394447,1064.81799292564,8.28201055526733,39.4045290052891,0,22.7306362986565,0,31.1677630543709,2.65073481202126,1675.90092989802,0,54.6389670968056,3.18592345714569,37.9619322121143,0,3.69422876834869,0,2.16054934263229,0,13.6793298721313,95.1988661587238,1116.69128569961,0,48.882163643837,2.1142675280571,29.4697385430336,2.5976048707962,26.0047059953213,2.59141367673874,27.0124855935574,7.9043071269989,57.7229368388653,0,0,0,9.78015524148941,0,112.429917514324,0,79.1267741918564,0,523.066391319036,1.21673810482025,141.014831870794,55.268713414669,31.5358291566372,18.4596224427223,24.4834743440151,1.66926461458206,34.706231534481,17.1828058063984,29.7777656018734,14.0691531896591,21.8441981971264,17.4010974168777,5.37894377112389,26.6956326365471,50.5146520137787,2.72376871109009,8.39269605278969,0.599491655826569,0.614077568054199,0.495563745498657,0.57889461517334,3.72114145755768,0,1.41721004247665,0,0,0
6.687624335289,0,8.35680788755417,0,202.746646255255,0,0.792797565460205,0,62.5787644088268,0,0,0,0.556746125221252,0,97.5235324501991,0,1.901023209095,0,10.9055541753769,0,77.9187909066677,1.27921092510223,3.29962781071663,1.50045740604401,21.3099526762962,0.638167202472687,61.7612839341164,0,249.18402493,0,4.1212632060051,0.648389399051666,0,1.3335976600647,12.0563639998436,13.8288494348526,528.004720777273,21.5159091949463,586.73600640893,0.921538412570953,0,43.4386370182037,47.2142906188965,0,6.09442490339279,0,131.829120457172,0,10.6173959374428,0,27.7306664586067,0,14.0774578154087,0,186.953731387854,2.34159994125366,5.83252263069153,0,1.4744513630867,0,2.126973092556,0,1.14139544963837,0,1.21698233485222,0,22.343364328146,1.09279173612595,3.30567383766174,0,230.785954087973,22.0042675733566,998.570482075214,7.16848546266556,389.448724925518,64.5622844099998,234.278417855501,3.36866807937622,0.613086760044098,0,6.09210705757141,0,549.916371375322,2.14459002017975,66.2091808915138,3.09856253862381,855.246638476849,1.60193872451782,179.577692359686,7.48570543527603,13.8032781779766,0,1.92493441700935,0,10.3811833262444,0.618638694286346,3.52530625462532,0,6.94855415821075,0,0.709388852119446,0,0.911928623914719,0.379788845777512,12.1140091717243,3.23449629545212,0,0,2.91491171717644,1.7006516456604,0.553857386112213,0,0,0,0.333542823791504,1.02785423398018
0,0.54529470205307,0,1.17486274242401,0,273.401720315218,0,1.3313946723938,0,60.5683701634407,0,0,0,0.881793916225433,0,167.795539110899,0,0,0,0,16.8183530569077,168.166746765375,0,2.30147850513458,0,18.4434615075588,1.05439865589142,123.140392482281,2.2841192483902,302.149926275015,0,1.22867569327354,0,1.4719797372818,0,4.85476440191269,60.6277871131897,622.986746966839,4.3777791261673,1037.04035645723,43.4386370182037,0,7.78239873051643,68.1500279903412,0.501406371593475,12.055378139019,0.767134547233582,177.344270408154,0,9.79368489980698,0,32.8173006772995,0,26.15487870574,4.12728095054626,302.44553309679,0,0,0,7.96183770895004,0,0,0,2.46666824817657,0,15.3728005290031,0.610309839248657,28.6026791930199,0,0,21.8552867770195,83.5130223631859,40.9446017742157,1374.7650886178,66.8213570713997,349.925391554832,7.6827187538147,109.412777125835,0,0,0,51.2256596088409,1.13187426328659,1251.91701573133,0,270.471686959267,19.8524730503559,1600.42563205957,16.3617596030235,384.550729393959,0,3.67068910598755,0,0.924409747123718,0,4.56675952672958,0.767399549484253,0.575798153877258,0,6.23549491167068,0,1.00161552429199,0,2.36088687181473,0,0,0,0,0,2.73948740959167,0,0.83443146944046,0,0,0,0
0,0,0,0,0,0,0.542446732521057,0,0,0,0,0,0,0,0,0,0,0,19.1318230926991,0,0,0,11.3647198677063,0,0,0,0,0,119.843978971243,0,77.3884030580521,1.87138289213181,128.083383768797,8.07540425658226,256.41504663229,138.4761544168,433.669004887342,63.7518737316132,252.173477828503,25.7772201299667,47.2142906188965,7.78239873051643,0,2478.59679397941,8658.04075720906,675.741514742374,6744.64339733124,1403.09442061186,3333.76342076063,132.799922525883,1439.46532836556,28.1736960709095,224.648750245571,15.5371191799641,323.355073273182,74.8903606832027,0,1.66487324237823,483.260654956102,64.5558403134346,3.93397134542465,0,0,0,0.845265686511993,3.99235153198242,2665.0108435154,697.351364672184,0,0,3.40546089410782,2.22845864295959,280.279796004295,39.360942453146,8.20232525467873,6.02496716380119,238.249204486609,21.8501052856445,1.75705599784851,0,97.3019500672817,0.443117797374725,2.44240960478783,0,154.410182744265,73.4764744341373,1.96803334355354,1.0213086605072,147.297836124897,22.4734171628952,211.794175803661,0,0,0,0.964633017778397,1.26084625720978,22.2282907962799,0,62.0728640556335,20.6331583559513,0,0,0,0,0,0,0,0,0,0,0,0,0,0,0,0
0,0,0,0,0,0,0,0,0,0,0,0,0,0,0,0,0,0,0,1.18541234731674,0,0,0,0,0,0,0,0,0.777982294559479,17.0910905003548,0,1.05753242969513,2.18979811668396,23.2639605998993,239.608031004667,506.596427202225,136.751875519753,317.828265339136,51.1405219435692,533.591643661261,0,68.1500279903412,2478.59679397941,0,995.142512977123,8890.96479350328,491.224781036377,8319.43671286106,377.057983011007,2694.44861698151,175.418374538422,1135.30561473966,56.3626705408096,649.917424559593,114.783906131983,480.589160472155,0,0,126.462815970182,215.089774429798,0,0,0,0.612459003925323,0,21.0776201784611,894.324874818325,1926.96868160367,0,0,0.633129477500916,2.02098116278648,7.60342258214951,216.804582118988,0,44.3848957419395,13.4462089538574,167.564084619284,0,0,0,64.9106874167919,0,16.5285699367523,7.63357323408127,166.790751874447,0,16.1254332959652,20.2072893381119,146.544289112091,0,1.88196617364883,0,0,0,8.7301407456398,2.35760909318924,2.66829341650009,0,47.8570347130299,0,0,0,0,0,0,0,0,0,0,1.63912224769592,0,0,0,0,0
0,0,0,0,0,0,0,0,0,0,0,0,0,0,0,0,0,0,5.28663408756256,0,0,0,0,0,0,0,0,0,18.6575266718864,0,9.46116611361504,0,93.3936929404736,6.47200167179108,197.415069848299,92.7409372031689,93.5731270313263,42.1508832871914,162.042296469212,12.5024487674236,6.09442490339279,0.501406371593475,8658.04075720906,995.142512977123,0,486.979486554861,1664.21423140168,55.1431490182877,3011.18313151598,73.5380329787731,209.277991294861,22.5587677359581,23.3276500701904,5.67532485723495,61.3498980998993,9.55243381857872,0,0,299.787363648415,28.0538296103477,1.23553884029388,0,0,0,2.7652839422226,2.23042821884155,1773.51371195912,443.55512163043,0,0,1.12195777893066,0.607682585716248,46.3759085834026,3.98635458946228,1.56669682264328,0.469474017620087,72.655730932951,5.05681458115578,0,0,24.7774517536163,0,3.21125239133835,0,24.4674255847931,11.3542405366898,0,0,15.040484726429,1.21117681264877,16.4375061988831,0,0,0,2.01908326148987,0,14.2162116765976,0,12.6897340416908,0,0,0,0,0,0,0,0,0,0,0,0,0,0,0,0,0
0,1.18018305301666,0,0.678146839141846,0,0,0,0,0,0,0,0,0,0,0,0,0,1.43752121925354,0,0,0,0,0,0,0,0,0,0,0,8.27632549405098,0,0,2.18186658620834,1.38382565975189,133.590529948473,252.95220515132,57.8135474324226,131.207492887974,7.17409053444862,164.462321072817,0,12.055378139019,675.741514742374,8890.96479350328,486.979486554861,0,61.7716562747955,1578.63898006082,38.2947552204132,5562.90107107162,18.8827461004257,1966.90265092254,10.99384111166,302.453678697348,15.0700038671494,194.098944276571,0,0,16.7429327964783,1031.9888882935,0,0.461635798215866,0,0.867009997367859,0.76699036359787,43.4523844718933,298.384142398834,2525.37700682878,0,0,0,0.437666267156601,4.63295423984528,136.490315020084,0,28.6238808631897,2.41570127010345,106.429121375084,0,0.683607995510101,0,67.2608751356602,0,0.710978388786316,7.54003477096558,129.460735738277,0,1.04366293549538,2.36855632066727,62.1460334956646,0,0,0,0,0,0.52064710855484,0,0.431479930877686,0,4.00591930747032,0,0,0,0,0,0,0,0,0,0.506921589374542,0,0,0,0,0,0
2.26206934452057,0,0,0,3.4277480840683,0,0,0,0,0,0,0,0,0,0.592285096645355,0,2.09670877456665,0,10.2769408524036,0,0,0,3.48980575799942,0,0,0,1.21491825580597,0,338.965088397264,0,45.9021529257298,0.781638562679291,73.8043391406536,4.1270871758461,260.564712762833,156.520080208778,1249.99331465364,64.7018169760704,1496.43750530481,48.7506242394447,131.829120457172,0.767134547233582,6744.64339733124,491.224781036377,1664.21423140168,61.7716562747955,0,276.451466858387,757.255236923695,14.1887488365173,1916.52034375072,0,1067.87843707204,2.38661724328995,4547.75626757741,29.1994775235653,0,0,127.999721109867,13.210145175457,3.9742973446846,0,1.91359823942184,0,8.48122775554657,0,2373.1205509305,426.033048450947,2.31107640266418,0,13.0754854679108,1.65289920568466,460.326251536608,0,22.0751295089722,1.40142554044724,466.197908371687,15.5608177185059,2.10053431987762,0,123.2837651968,0.795193195343018,41.6664517819881,0,431.355213344097,2.85584571957588,69.6592113077641,1.70013672113419,640.973751634359,1.30403852462769,673.768975198269,0,0,0,36.0913648605347,0,87.9966236948967,0,354.301496058702,0,0,0,0,0,0.423805177211761,0,0,0,0.79811692237854,17.8760755062103,0,0,0,0,0,0
0,6.12925952672958,0,1.38395845890045,0,0,0,0,0,0,0,0.764236688613892,0,0,0,0,0,0.976040005683899,0,14.350777387619,0,0,0,0,0,0,0,0,1.31653118133545,18.4283954501152,0,7.33198517560959,0.980368793010712,83.579682379961,60.0313200354576,166.379029631615,24.463809877634,719.670676410198,19.8460201621056,1064.81799292564,0,177.344270408154,1403.09442061186,8319.43671286106,55.1431490182877,1578.63898006082,276.451466858387,0,14.3064384460449,595.169668644667,2.55017387866974,867.298767805099,0,1781.32184520364,2.74698734283447,4023.30769944191,0,5.86069339513779,0,73.6272283494473,0,0,0,1.40144389867783,0,9.95451217889786,95.2306635379791,1279.41524744034,0,1.54899156093597,1.30188131332397,20.5136043429375,0.450340509414673,437.481090396643,1.04168367385864,81.5240961015224,6.94017761945724,676.935521006584,0,0.908880949020386,0,86.858139783144,0,18.7842612862587,0,337.469311565161,0,50.1272830367088,0,277.088708162308,0.687850534915924,3.10012114048004,0,1.5664741396904,4.57706820964813,27.8837402462959,2.69196021556854,7.7357662320137,0,358.22487744689,0,0.376331061124802,0,5.18130859732628,1.17742383480072,10.6981157362461,0,1.55382898449898,1.30422741174698,110.388468921185,4.31087109446526,0.537386476993561,0.669681012630463,0.515084087848663,0.527648508548737,2.02445033192635
0,0,0,0,0,0,0.576675653457642,0,0,0,0,0,0,0,0,0,0,0,0,0,0,0,0,0,0,0,0,0,80.9667558372021,0,0.43953475356102,0,0,0.827130973339081,77.7394415140152,68.0300386250019,281.369968026876,7.26203626394272,91.9345284700394,8.28201055526733,10.6173959374428,0,3333.76342076063,377.057983011007,3011.18313151598,38.2947552204132,757.255236923695,14.3064384460449,0,6.50153297185898,5460.08963763714,0,213.40932649374,0,273.820748239756,1.63677853345871,0,0,1268.32466033101,2.12018632888794,71.8866941928864,0,0,0,9.07447537779808,0,809.640216708183,325.48849567771,0,0,1.05915856361389,0,216.978087693453,0,1.77970409393311,0,238.119374603033,0,5.8157032430172,0,106.749301403761,0,7.26064473390579,0,168.816052436829,7.47241568565369,0.467622607946396,0,54.5994997024536,0,20.1866214871407,0,0,0,4.70353579521179,0,10.5910254120827,0,8.54814070463181,0,0,0,0,0,0,0,0,0,0,0,0,0,0,0,0,0
0,1.00721895694733,0,0,0,0,0,1.66029059886932,0,0,0,0,0,0,0,0,0,2.0083703994751,0,0,0,0,0,0,0,0,0,0,0,8.84316805005074,0,0,1.16263055801392,0,44.6807474195957,90.8755044341087,20.4386431574821,132.889084041119,1.16292798519135,39.4045290052891,0,9.79368489980698,132.799922525883,2694.44861698151,73.5380329787731,5562.90107107162,14.1887488365173,595.169668644667,6.50153297185898,0,0,4790.35085195303,0,641.26535576582,1.98196458816528,167.12902790308,0,0,5.05249327421188,1485.65341749787,0,5.77762830257416,0,4.75720274448395,0,401.547083854675,123.057498931885,1006.74771645665,0,0,0,1.82669830322266,0,191.079416394234,0,44.5806306600571,0,135.624576926231,0,1.21458864212036,0,90.6457923352718,0,2.58787342905998,0,214.026465386152,0,1.2896246612072,0,98.6504393517971,0,0,0,0,0,2.48990067839622,0.640268325805664,1.28164851665497,0,6.24983030557632,0,0,0,0,0,0,0,0,0,0,0,0,0,0,0,0
75.1990787088871,0,4.82861804962158,0,0,0,36.6545217037201,0,0,0,0.915822863578796,0,0,0,0,0,4.02609446644783,0,2.14763957262039,0.559965431690216,0,0,0,0,0,0,0,0,212.751920580864,0,0,0,3.87215638160706,2.65610730648041,32.9063189029694,27.0207273364067,463.15396592021,4.43357926607132,81.91648209095,0,27.7306664586067,0,1439.46532836556,175.418374538422,209.277991294861,18.8827461004257,1916.52034375072,2.55017387866974,5460.08963763714,0,0,0,4097.53275623918,0,2245.62531334162,0.877880394458771,51.4454078376293,0,2330.28149190545,0,1421.04890674353,0,3.84378406405449,0,1067.67961841822,0,1107.36576059461,168.967103153467,0.622440695762634,0,6.18862277269363,0,455.223165690899,4.70659416913986,20.5157580673695,1.68007963895798,343.99909427762,5.48734855651855,17.6363001465797,0,205.598667114973,0,30.0523975193501,0,3737.17605042458,0,18.6820105612278,0,834.842359513044,0,25.981658577919,0,0,0,7.24010765552521,0,9.24584943056107,0,3.7641524374485,0,0,0,0,0,0,0,0,0,0,1.6334193944931,0,0,0,0,0,0
0,6.68476182222366,0,0.64935290813446,0,0,0,11.4294758439064,0,0,0,0,0,0,0,0,0,3.02000737190247,0,0,0,0,0,0,0,0,0,0,0,16.5090286433697,0,0,0,1.65040677785873,11.2277809977531,35.8705506920815,2.65788441896439,185.320452719927,0,22.7306362986565,0,32.8173006772995,28.1736960709095,1135.30561473966,22.5587677359581,1966.90265092254,0,867.298767805099,0,4790.35085195303,0,0,0,3396.74675583839,0,508.537179589272,0,13.9660685658455,0,2415.09398451447,0,15.9494993984699,0,21.9601840078831,0,1422.3722717464,32.1503769159317,992.132482558489,0,0,0,1.28685402870178,0,269.217762053013,0,54.0137369632721,0,155.930966705084,0,3.99492472410202,0,297.646500915289,0,10.8109002709389,0,4742.35870686173,0,2.84216660261154,0,433.13044410944,0,0,0,0,0,9.847472012043,0,0,0,4.52298802137375,0,0,0,0,0,0,0,0,0,0,0,0,0,0,0,0
1.04570108652115,0,0,0,0.924769222736359,0,0,0,0,0,0,0,0,0,0,0,0,0,0,0,0,0,0,0,0,0,0,0,48.0972193181515,0,0,0,0,0,10.7446223199368,3.05775946378708,171.80809250474,0,24.0297701656818,0,14.0774578154087,0,224.648750245571,56.3626705408096,23.3276500701904,10.99384111166,1067.87843707204,0,213.40932649374,0,4097.53275623918,0,0,0,1766.47170558572,0,2.19489067792892,0,30.0599967241287,0,3.43026316165924,0,0,0,23.3300479054451,0,92.4986883103848,92.5048330128193,0,0,0.683744788169861,0,122.484292298555,0,4.77138864994049,0,88.0854406952858,0,1.38800007104874,0,49.2707867622375,0,5.80667632818222,0,375.182062596083,0,3.86064210534096,0,315.240312218666,0,16.7646915912628,0,0,0,2.97119426727295,0,1.53654724359512,0,2.67153757810593,0,0,0,0,0,0,0,0,0,0,0,0,0,0,0,0,0
0,0,0,0,0,0,0,0,0,0,0,0,0,0,0,0,0,0,0,0,0,0,0,0,0,0,0,0,0,7.70548677444458,0,0,0,0,11.2821894884109,22.5042194128036,6.24443006515503,135.589377135038,1.06420338153839,31.1677630543709,0,26.15487870574,15.5371191799641,649.917424559593,5.67532485723495,302.453678697348,2.38661724328995,1781.32184520364,0,641.26535576582,0,3396.74675583839,0,0,0,2360.23075073957,0,0,0,48.288511633873,0,0,0,0.460345357656479,0,22.2685480713844,18.6205673217773,88.9172632098198,0,0,0,0,0,172.019120454788,0,21.7097107172012,1.82625901699066,70.7039093971252,0,0,0,40.7951215207577,0,5.15067541599274,0,616.903801858425,0,10.293522387743,0,856.551050126553,0,0,0,0,0,2.38008576631546,0,2.78908070921898,0,46.0849095582962,0,0,0,0,0,0,0,0,0,0,0,0,0,0,0,0
13.9376164674759,0,0,0,3.02755719423294,0,2.54620838165283,0,2.36261904239655,0,1.66076028347015,0,0,0,5.74009543657303,0,2.12405347824097,0,0,0,4.16104924678802,0,0,0,1.03102290630341,0,0,0,134.560167193413,0,0,0,2.76486226916313,0,47.5549690723419,42.0264831185341,1180.38024052978,7.24671137332916,1508.20574975014,2.65073481202126,186.953731387854,4.12728095054626,323.355073273182,114.783906131983,61.3498980998993,15.0700038671494,4547.75626757741,2.74698734283447,273.820748239756,1.98196458816528,2245.62531334162,0,1766.47170558572,0,0,0.588151514530182,9.78129687905312,0,37.3944945037365,0,6.3707041144371,0,2.50638520717621,0,43.2923675775528,0,262.832696914673,283.034688800573,0,0,4.94263815879822,8.10869389772415,208.674031585455,0,23.3918964862823,4.17793917655945,174.507848620415,0,5.1956587433815,0,51.9862854778767,0,85.8680191040039,0,690.964450716972,0,658.527406543493,0,4021.58290815353,0,156.221111476421,0,0,0,2.19618421792984,0,2.87108138203621,0,42.1351316869259,0,0,0,0,0,0,0,0,0,0,0,0,0,0,0,0,0
0,2.84208384156227,0,0,0,3.25703400373459,0,2.15494298934937,0,0.578500747680664,0,0,0,0,0,1.11710500717163,0,2.30979466438293,0,0,1.25264716148376,0,0,0,0,0,0,0.701618731021881,0,14.3040630221367,0,0,0,3.28335708379745,24.5358483195305,79.2070538699627,16.3735832571983,2011.05625236034,5.51302394270897,1675.90092989802,2.34159994125366,302.44553309679,74.8903606832027,480.589160472155,9.55243381857872,194.098944276571,29.1994775235653,4023.30769944191,1.63677853345871,167.12902790308,0.877880394458771,508.537179589272,0,2360.23075073957,0.588151514530182,0,0,0,0,68.3484338819981,0,0.705699682235718,0,7.16035744547844,0,122.641536802053,65.6330010592937,263.779828906059,0,0,0.608034908771515,13.0029892921448,0,229.021859109402,4.09286564588547,44.3290950059891,1.34541022777557,140.888487249613,0,0,0,79.4697185754776,0,88.5177682936192,0,1369.86215147376,0,1111.22045114636,0,3362.73714786768,0,1.59755089879036,0,0.951700448989868,0,4.53954902291298,0,7.50139909982681,0,138.780345767736,0,0,0,0.674378633499146,0,1.08985817432404,0,0,0,1.49253159761429,0,0,0,0,0,1.02018284797668
9912.01417192817,13.7373728752136,125.310003221035,0.775965511798859,0,0,169.22735568881,2.82856857776642,0,0,218.394745707512,0,143.743243008852,0,3.36385136842728,0,2111.36565455794,0,177.287719249725,55.207667350769,0,0,1.50347805023193,0,0,0,0,0,1270.84395125508,0,11.4155159890652,2.19451248645782,42.6893689036369,52.241188198328,0,0,278.729105293751,1.14342451095581,92.8850632309914,0,5.83252263069153,0,0,0,0,0,0,0,0,0,51.4454078376293,0,2.19489067792892,0,9.78129687905312,0,0,5.83419626951218,2350.73579972982,0,4871.51645708084,0,1465.91768419743,0,462.215152829885,0,459.134280115366,12.7590513825417,1414.4214643836,30.8457844853401,153.004160523415,26.0984833836555,1695.44844451547,2.61445140838623,299.33894303441,0,1318.23206028342,10.4957722425461,35.6312115490437,0,141.335403978825,0,18.8144041895866,0,579.012566626072,0,0,0,191.78093329072,0,0,0,0,0,79.7190571427345,0,12.7287868261337,0,0,0,0,0,0,0,1.19252097606659,0,1.53788805007935,0,0,3.44151437282562,0,0,0,0,0,0
2.23504894971848,12473.7333823442,0,268.670061349869,0,0,0,455.830540508032,0,0,0,130.313834190369,0,42.7690172195435,0,3.61949163675308,0,2694.74095860124,3.9923312664032,411.198238521814,0,0,0,7.9459742307663,0,0,0,0,0.912153005599976,157.507713228464,1.50336003303528,5.15984344482422,32.6632614731789,286.579467117786,0,0,0.527852296829224,117.742706120014,1.03689384460449,54.6389670968056,0,0,1.66487324237823,0,0,0,0,5.86069339513779,0,0,0,13.9660685658455,0,0,0,0,5.83419626951218,0,1.19614577293396,2104.80547949672,0,2066.74705213308,0,3973.43005880713,0,266.415774226189,56.198564350605,714.334977537394,51.0817913711071,1456.99365440011,57.8510869145393,326.190794855356,0,2488.40179741383,0,301.937841773033,41.832179069519,1710.75639888644,0,16.4667459726334,0,118.224423736334,0,0,0,117.770549237728,0,0,0,29.5904239714146,0,0,0,0,1.1697005033493,26.1206501722336,0,0,0,0,0,0,0,0,0,0,0,0,1.39281126856804,3.03721261024475,0,0,0,0,0,0
331.990149438381,0,80.5200737714767,0,0,0,70.9274555742741,0,0,0,11.6655846238136,0,7.37551766633987,0,0,0,73.1449639201164,0,109.986605346203,0,0,0,0,0,0,0,0,0,424.466513246298,0,1.96350938081741,1.64059555530548,9.69578218460083,15.7725390791893,30.0476555228233,22.2914433479309,345.152739703655,17.2945742607117,140.736270785332,3.18592345714569,1.4744513630867,0,483.260654956102,126.462815970182,299.787363648415,16.7429327964783,127.999721109867,0,1268.32466033101,5.05249327421188,2330.28149190545,0,30.0599967241287,0,37.3944945037365,0,2350.73579972982,1.19614577293396,0,2.69753217697144,6006.11142233014,0,78.2519934475422,0.986274123191833,806.181565880775,0,2463.46550434828,125.054513156414,121.257370054722,3.91308909654617,51.2762544751167,6.46858042478561,587.723225712776,0,84.2671591043472,0,810.173400253057,2.13449400663376,120.55613258481,0,298.770734488964,2.36170399188995,2.74132239818573,0,260.983638644218,0,0,0,30.6301139891148,0,0.497083783149719,0,0,0,25.8782994449139,0,22.7918889820576,0,0,0,0,0,0,0,0,0,0,0,0,3.38705083727837,0,0,0,0,0,0
0,370.570154964924,0,77.6081199645996,0,0,0,151.77067220211,0,0,0,14.8724182844162,0,1.96493858098984,0,0,0,82.390999019146,0,39.0460419654846,0,0,0,0,0,0,0,0,0,73.4011023640633,0,1.22140273451805,6.03741282224655,27.8043694198132,58.6673243045807,65.0275639891624,16.3813468813896,135.317815452814,0,37.9619322121143,0,7.96183770895004,64.5558403134346,215.089774429798,28.0538296103477,1031.9888882935,13.210145175457,73.6272283494473,2.12018632888794,1485.65341749787,0,2415.09398451447,0,48.288511633873,0,68.3484338819981,0,2104.80547949672,2.69753217697144,0,0.771744608879089,2203.89104902744,0,838.930133938789,0,2521.63158136606,148.125435858965,3540.82283177972,0.892370879650116,15.3927590250969,7.42177122831345,30.4093103408813,2.00121450424194,600.459204018116,0,107.157921284437,17.2834948301315,429.460617303848,1.05773282051086,45.8567584455013,0.956353724002838,355.490259647369,0,10.017319560051,0,281.79610490799,0,1.27916991710663,0,91.0744510293007,0,0,0,0,0,11.3618959188461,0,1.23933017253876,0,1.89975941181183,0,0,0,0,0,0,0,0,0,5.12973886728287,0,0,0,0,0,0
1116.56094974279,0,23.3477184772491,0,0,0,122.958202958107,0,0,0,291.446895182133,0,76.2277541160583,0,0,0,610.107592254877,0,23.3100937604904,0,0,0,0,0,0,0,0,0,318.996589481831,0,0.612073183059692,0,1.60698837041855,5.96726644039154,2.61301779747009,0,68.8669374585152,4.75942838191986,21.9405858814716,0,2.126973092556,0,3.93397134542465,0,1.23553884029388,0,3.9742973446846,0,71.8866941928864,0,1421.04890674353,0,3.43026316165924,0,6.3707041144371,0,4871.51645708084,0,6006.11142233014,0.771744608879089,0,0,3917.53180605173,0,3829.04037490487,0,392.780443400145,11.2593313455582,15.1551256477833,1.72029197216034,23.2208172678947,3.98108184337616,291.860778868198,1.23527586460114,30.1201286613941,0,183.726965427399,2.7730655670166,47.2523064911366,0,344.968814909458,0,20.7560788691044,0,1158.20152935386,0,1.6512296795845,0,209.206432729959,0,0,0,0,0,1.23178732395172,0,0.655431509017944,0,0,0,0,0,0,0,0,0,0,0,0,0.654862880706787,0,0,0,0,0,0
0,1411.96353238821,0,44.3101027607918,0,0,0,398.542697012424,0,0,0,323.605880618095,0,89.6923862099648,0,0,0,374.027590364218,0,32.8052993416786,0,0,0,0,0,0,0,0,0,31.9062587618828,0.488412946462631,4.27595263719559,0.764833629131317,17.0346936881542,0,1.5910684466362,0,1.77626967430115,0,3.69422876834869,0,0,0,0,0,0.461635798215866,0,0,0,5.77762830257416,0,15.9494993984699,0,0,0,0.705699682235718,0,2066.74705213308,0,2203.89104902744,0,0,0,5980.7000336647,0,2523.1123662293,1.65867495536804,161.333299219608,0,3.13197588920593,1.00985968112946,53.1206095218658,0,217.325090587139,0,21.4630057811737,0.932673990726471,69.5501609146595,0,3.44320905208588,0,134.845650881529,0,0,0,343.626221299171,0,0,0,47.549025028944,0,0,0,0,0,0,0,0,0,0,0,0,0,0,0,0,0,0,0,0,0,0,0,0,0,0
223.665009021759,0,2.39040058851242,0,0,0,11.4290817975998,0,0,0,219.962536066771,0,73.5594956576824,0,0,0,1375.12398403883,0,9.47453999519348,0,0,0,0,0,0,0,0,0,304.802154302597,0,0,0,0,0,0,0.764376759529114,10.9948107004166,0,5.60993945598602,0,1.14139544963837,0,0,0,0,0,1.91359823942184,0,0,0,3.84378406405449,0,0,0,2.50638520717621,0,1465.91768419743,0,78.2519934475422,0,3917.53180605173,0,0,0,212.224035650492,0,44.8596948683262,0.961786448955536,25.9167416989803,0,2.68470603227615,0,67.3884219527245,0,9.39858514070511,0,26.7139169275761,1.62684690952301,25.9650272727013,0,2013.42371883988,0,28.632081001997,0,1224.97610935569,0,0.463005870580673,0,103.02292829752,0,0,0,0,0,0,0,0,0,0,0,0,0,0,0,0,0,0,0,0,0,0,0,0,0,0,0
0,525.955610632896,0,21.2659614980221,0,0,0,141.246461540461,0,0,0,413.352989941835,0,174.317595094442,0,4.2837797999382,0,2536.76886057854,0.936962485313416,64.3304710686207,0,0,0,0,0,0,0,0,0,175.059759348631,0.648177444934845,3.30008977651596,6.86586317420006,59.3294892907143,1.90475171804428,12.0497773885727,0.662532210350037,11.6880705356598,0,2.16054934263229,0,2.46666824817657,0,0.612459003925323,0,0.867009997367859,0,1.40144389867783,0,4.75720274448395,0,21.9601840078831,0,0.460345357656479,0,7.16035744547844,0,3973.43005880713,0.986274123191833,838.930133938789,0,5980.7000336647,0,0,0,1497.99390643835,17.9468263983727,379.228659719229,2.55702757835388,22.3171044290066,17.2597616016865,54.5666671991348,0,516.368549764156,0,15.4973962008953,9.4343798160553,55.1289675235748,0,48.0149637460709,0,2374.74306938052,0,4.54232436418533,0,1770.70651581883,0,3.08456760644913,0,120.589356482029,0,0,0,0,0,0,0,0,0,0,0,0,0,0,0,0,0,0,0,0,0,0,0,0,0,0
467.359635263681,0,21.1776090860367,0,0,0,86.5107665061951,0,0,0,49.9816006422043,0,10.0925953984261,0,0,0,46.8687478303909,0,8.53258952498436,1.87811303138733,1.22850871086121,0,0,0,0,0,0,0,113.60840678215,0,0,0,0,0,0.487818479537964,1.65469300746918,50.4256477355957,2.38960033655167,19.8026414513588,0,1.21698233485222,0,0.845265686511993,0,2.7652839422226,0.76699036359787,8.48122775554657,0,9.07447537779808,0,1067.67961841822,0,23.3300479054451,0,43.2923675775528,0,462.215152829885,0,806.181565880775,0,3829.04037490487,0,212.224035650492,0,0,0,157.038389593363,2.20893907546997,5.12049686908722,0,10.9284306764603,0.622267246246338,134.335228443146,0,28.6428043842316,0,101.571229279041,0,16.5460040569305,0,240.149824649096,0,12.3258257508278,0,4009.05995091796,0,6.46423998475075,0,436.060757488012,0,0,0,0,0,4.67398989200592,0,0.516031980514526,0,0,0,0,0,0,0,0,0,0,0,0,0,0,0,0,0,0,0
0,434.865045011044,0,41.6953253746033,0,0,0,287.23026829958,0,0,0,93.5905247628689,0,27.3139426708221,0,0,0,44.7627643048763,0,32.0260300934315,0,0,0,0,0,0,0,0,0,28.6193378269672,1.26814496517181,2.01990187168121,0,1.97751197218895,1.78981816768646,1.33668303489685,2.44989854097366,79.2605057656765,0,13.6793298721313,0,15.3728005290031,3.99235153198242,21.0776201784611,2.23042821884155,43.4523844718933,0,9.95451217889786,0,401.547083854675,0,1422.3722717464,0,22.2685480713844,0,122.641536802053,0,266.415774226189,0,2521.63158136606,0,2523.1123662293,0,1497.99390643835,0,0,0.743016302585602,457.53799623251,0,1.12277811765671,0.597149252891541,42.1022675335407,0,291.446441084146,0,38.1876891851425,0.899974167346954,162.120241373777,0,11.5660560429096,0,1175.92496657372,0,14.3986279666424,0,4691.22212681174,0,14.3771964013577,0,575.06702169776,0,0,0,0,0,5.0727059841156,0,0,0,0,0,0,0,0,0,0,0,0,0,1.10869467258453,0,0,0,0,0,0
189.67371481657,2.46430641412735,122.80470058322,2.24469071626663,0,0,49.3682793080807,0,0,0,21.6522356271744,0,11.7708051204681,0,0,0,30.7859199345112,1.19769531488419,829.47175604105,44.0590542554855,0.941175520420074,0,98.1928792595863,0,0,0,0,0,428.463547319174,1.75648939609528,461.082429975271,35.371493011713,4224.01821783185,439.458822220564,2495.01851922274,377.660057038069,1022.23895037174,516.754653841257,737.378109872341,95.1988661587238,22.343364328146,0.610309839248657,2665.0108435154,894.324874818325,1773.51371195912,298.384142398834,2373.1205509305,95.2306635379791,809.640216708183,123.057498931885,1107.36576059461,32.1503769159317,92.4986883103848,18.6205673217773,262.832696914673,65.6330010592937,459.134280115366,56.198564350605,2463.46550434828,148.125435858965,392.780443400145,1.65867495536804,44.8596948683262,17.9468263983727,157.038389593363,0.743016302585602,0,2621.78113940358,2383.26115855575,109.590871721506,193.869597703218,170.40005132556,865.70222568512,71.1143015027046,149.328651309013,10.6367167830467,2192.38909679651,203.025043487549,64.7762082517147,0.700366318225861,424.197573691607,7.03716379404068,12.1024440526962,0.928014636039734,424.256025612354,95.6311133503914,3.36293843388557,0.604022800922394,94.8266506493092,38.5621203780174,21.0528219640255,0,0,0,87.5577833354473,0,58.3830835521221,0,9.14312618970871,0,0,0,0,0,0,0,0,0,0,4.2092170715332,0,0,0,0,0,0
4.21547728776932,144.551104664803,0.956498235464096,284.807446926832,0,0.547180831432343,0.527067422866821,122.00549146533,0,0,0,7.66129755973816,0,0,0,0,0,74.7717815935612,46.7869034409523,626.236649990082,0,0,0.488528728485107,33.5476948022842,0,0,0,0,42.0147845745087,94.2085455060005,21.9368297755718,150.848426491022,104.23262616992,4848.19819027185,350.186204850674,2029.88931596279,791.46765050292,684.524474650621,111.407522529364,1116.69128569961,1.09279173612595,28.6026791930199,697.351364672184,1926.96868160367,443.55512163043,2525.37700682878,426.033048450947,1279.41524744034,325.48849567771,1006.74771645665,168.967103153467,992.132482558489,92.5048330128193,88.9172632098198,283.034688800573,263.779828906059,12.7590513825417,714.334977537394,125.054513156414,3540.82283177972,11.2593313455582,161.333299219608,0.961786448955536,379.228659719229,2.20893907546997,457.53799623251,2621.78113940358,0,63.201107531786,1040.44309419394,141.226587861776,160.258727401495,145.307908535004,1300.05143526196,6.95595592260361,305.561561793089,764.364827334881,1866.54173031449,15.3754869401455,83.7895717322826,28.3554632663727,950.346181452274,0,18.195070952177,30.1302368938923,465.260011732578,0.625418484210968,21.1801917254925,44.1054616272449,224.752633243799,6.62821841239929,0,0,0,0.515625953674316,38.0296657681465,3.67433071136475,3.27680531144142,0,2.53872388601303,0,0,0,0,0,0,0,1.38446092605591,0,10.9089700579643,10.1107297241688,0,0,0,0,0
2914.34467291832,169.91900241375,791.673552572727,20.2780990600586,0,0,80.8813813924789,26.1467399895191,0,0,110.100575476885,0,56.992698431015,0,0,0,53.9763513207436,0.966169714927673,2994.00064682961,912.816798895597,0,0,6.17447257041931,0,0,0,0,0,277.915204793215,0.593561232089996,74.2895892262459,13.7124659717083,841.049976468086,812.049520790577,0.621860384941101,0,630.88446444273,1.3584508895874,250.324731707573,0,3.30567383766174,0,0,0,0,0,2.31107640266418,0,0,0,0.622440695762634,0,0,0,0,0,1414.4214643836,51.0817913711071,121.257370054722,0.892370879650116,15.1551256477833,0,25.9167416989803,2.55702757835388,5.12049686908722,0,2383.26115855575,63.201107531786,0,372.401452720165,488.694348633289,283.247588485479,1692.26266315579,66.2405158877373,766.120683789253,13.845346570015,5494.73368939757,237.496854841709,2.34588438272476,0,5.16893410682678,0,4.40732091665268,0,0.863515794277191,0,0,0,0,0,0,0,0,0,177.543490380049,0,10.4210366606712,0,0,0,0,0,0,0,0,0,0,0,1.94180595874786,4.66662532091141,0,0,0,0,0,0
37.0347209572792,1353.24066451192,1.95393896102905,168.35543730855,0,0,0.565891921520233,36.7228729128838,0,0,0,11.0592494010925,0,3.72839778661728,0,0,0,33.5676800906658,70.1630742251873,3502.43276253343,0,0,0,0,0,0,0,0,2.65916883945465,8.21271002292633,2.71293717622757,3.77672672271729,70.5546157956123,1785.02486926317,1.06628552079201,1.42377227544785,1.32075142860413,67.94812682271,1.65633082389832,48.882163643837,0,0,0,0,0,0,0,1.54899156093597,0,0,0,0,0,0,0,0,30.8457844853401,1456.99365440011,3.91308909654617,15.3927590250969,1.72029197216034,3.13197588920593,0,22.3171044290066,0,1.12277811765671,109.590871721506,1040.44309419394,372.401452720165,0,60.5916037261486,529.559044867754,28.5329551100731,620.047451257706,3.45543241500854,148.647162377834,117.421720564365,1726.71407011151,0,0,0,5.10179209709167,0,0,0,2.92204415798187,0,0,0,0,0,0,0,0,0,14.8106039762497,0,0,0,0,0,0,0,0,0,0,0,0,1.71785616874695,6.41497755050659,0,0,0,0,0,0
739.185453921556,65.7058945596218,980.037994801998,179.167548745871,857.842332541943,112.422849625349,1311.3628371954,228.10907754302,558.444437712431,28.8539173901081,209.027371615171,33.4475864768028,680.588490217924,37.5669329762459,889.200781285763,34.5433838963509,32.8165900111198,5.03386098146439,1058.37948894501,377.377125531435,713.077559351921,227.469942688942,776.02417075634,452.720188140869,671.015181839466,438.17057916522,1035.34417849779,369.366038262844,408.888294845819,5.15813553333282,792.942529648542,391.126886844635,126.117122381926,142.297154039145,23.7531664669514,1.3713886141777,322.847753107548,21.0227046608925,47.8196583390236,2.1142675280571,230.785954087973,21.8552867770195,3.40546089410782,0.633129477500916,1.12195777893066,0,13.0754854679108,1.30188131332397,1.05915856361389,0,6.18862277269363,0,0.683744788169861,0,4.94263815879822,0.608034908771515,153.004160523415,57.8510869145393,51.2762544751167,7.42177122831345,23.2208172678947,1.00985968112946,2.68470603227615,17.2597616016865,10.9284306764603,0.597149252891541,193.869597703218,141.226587861776,488.694348633289,60.5916037261486,0,362.07176887989,5910.32248035073,121.045518189669,3164.13749140501,54.6075650751591,5172.52053689957,178.189520865679,0,0,10.1536641120911,13.1382857263088,26.047632753849,3.126449406147,46.8575441539288,2.78492569923401,27.6635701954365,3.99725192785263,40.8967560827732,1.92407262325287,3.7461821436882,4.15593358874321,3.76068723201752,1.41079044342041,111.862002342939,3.72425585985184,6.32096436619759,0.718156695365906,2.53580921888351,0,2.31267613172531,0.814901769161224,16.7904537916183,5.28684842586517,51.3025457262993,15.8678500950336,8.2653466463089,2.1109334230423,22.5031087696552,11.8672680258751,0,1.60759007930756,0.495990186929703,7.87322109937668,1.47989112138748,7.39801096916199
102.99883171916,1613.82858118415,261.977040708065,1290.4886880815,74.2284877300262,929.861531257629,451.477077543736,2798.56966516376,43.8889924883842,766.024931907654,35.9191825389862,440.722809314728,111.679547309875,752.483299076557,38.9591266512871,1138.7708478272,5.81335538625717,140.577965021133,524.137135863304,1137.43179953098,58.6072434186935,407.393791794777,473.327376514673,1315.5011292696,127.806129157543,529.114879786968,99.1859664320946,747.63801574707,64.283689558506,119.847848027945,151.918774992228,505.176403820515,73.7810162603855,392.268971085548,0,15.073074311018,32.3885001540184,183.94184845686,20.1776937842369,29.4697385430336,22.0042675733566,83.5130223631859,2.22845864295959,2.02098116278648,0.607682585716248,0.437666267156601,1.65289920568466,20.5136043429375,0,1.82669830322266,0,1.28685402870178,0,0,8.10869389772415,13.0029892921448,26.0984833836555,326.190794855356,6.46858042478561,30.4093103408813,3.98108184337616,53.1206095218658,0,54.5666671991348,0.622267246246338,42.1022675335407,170.40005132556,160.258727401495,283.247588485479,529.559044867754,362.07176887989,0,233.511450439692,4534.79970087111,61.7423228621483,4146.2408528924,274.901809751987,11824.2975230515,0,2.67117977142334,0,14.7484855651855,4.31495672464371,0.402974426746368,2.69955849647522,145.001501142979,11.5729272663593,14.6796240508556,12.0413175225258,73.3740847706795,9.74846911430359,53.1943334937096,2.54934251308441,19.3121388852596,35.9846058785915,89.0946219563484,16.7249403595924,16.2815135419369,12.3056230545044,17.0119509994984,4.18495380878448,11.104380518198,5.06621724367142,80.1256496012211,22.0279410779476,113.996608167887,14.4052210748196,12.4988900125027,30.945728212595,24.4130029678345,13.0025621652603,3.70033663511276,6.12605115771294,3.44566768407822,0.973074108362198,10.069843351841
1789.11645314097,59.6634806394577,1486.05641952157,137.566613972187,825.390526086092,7.42202445864677,870.124490886927,284.441511482,841.221489906311,2.20360147953033,208.731451719999,23.4325530827045,661.648327261209,24.8150468766689,1949.80261737108,6.71544295549393,326.811592429876,0,1701.42474547029,583.331222504377,113.12339130044,6.98779493570328,967.184541881084,304.186931759119,270.509280920029,23.5085841715336,281.844577640295,8.90838623046875,2650.5681194067,5.06939327716827,253.296162486076,258.170459806919,73.2947887778282,183.637206405401,60.969514131546,49.2212022840977,712.049212127924,78.0435631871223,141.214528828859,2.5976048707962,998.570482075214,40.9446017742157,280.279796004295,7.60342258214951,46.3759085834026,4.63295423984528,460.326251536608,0.450340509414673,216.978087693453,0,455.223165690899,0,122.484292298555,0,208.674031585455,0,1695.44844451547,0,587.723225712776,2.00121450424194,291.860778868198,0,67.3884219527245,0,134.335228443146,0,865.70222568512,145.307908535004,1692.26266315579,28.5329551100731,5910.32248035073,233.511450439692,0,115.26897251606,3082.29964640737,91.301371961832,2676.0774679184,107.092151015997,23.5604013204575,0,296.506640046835,0,131.006161034107,0,382.70404997468,1.5703706741333,129.045300364494,8.04388386011124,190.066072314978,8.41811668872833,70.147370159626,24.1751614809036,14.9147869348526,4.39626008272171,142.557515442371,4.35305535793304,37.2426410913467,4.27508759498596,35.2276417315006,4.29760736227036,15.7824994027615,0.95256382226944,20.3782172203064,20.1084785461426,70.0111421644688,19.685507029295,8.53510710597038,0.651391983032227,19.8904704451561,15.7706432342529,5.092100918293,0,1.21701681613922,4.6775895357132,4.72512778639793,8.66359424591064
33.912928134203,2803.91515359282,98.6167015135288,1498.67337343097,5.85652238130569,1106.52130007744,181.006488919258,1640.43325769901,2.46700322628021,1030.72965788841,8.21317249536514,904.932531774044,42.4170970916748,945.699737489223,4.09130311012268,2884.50279968977,1.15091395378113,2454.50528255105,375.741111814976,1657.80308637023,7.14602833986282,112.422768175602,178.221973270178,989.484699636698,13.1443209052086,219.612926930189,7.53232970833778,439.660510808229,34.0946867465973,6581.23101440072,75.1682713925838,229.519068479538,32.0815600752831,299.658824265003,29.4158051609993,82.9009054303169,17.8599482774734,336.212065756321,0,26.0047059953213,7.16848546266556,1374.7650886178,39.360942453146,216.804582118988,3.98635458946228,136.490315020084,0,437.481090396643,0,191.079416394234,4.70659416913986,269.217762053013,0,172.019120454788,0,229.021859109402,2.61445140838623,2488.40179741383,0,600.459204018116,1.23527586460114,217.325090587139,0,516.368549764156,0,291.446441084146,71.1143015027046,1300.05143526196,66.2405158877373,620.047451257706,121.045518189669,4534.79970087111,115.26897251606,0,28.3781813979149,1639.37493830919,61.1509023308754,1251.52593490481,0,271.191165566444,0,1347.73676747084,0,822.616458773613,0,737.779648721218,2.62303239107132,176.295816093683,2.85097080469131,194.950684100389,0,17.3906641304493,0,5.38257056474686,1.55091595649719,33.2836180925369,3.2294727563858,5.14521995186806,2.03430700302124,13.0306275784969,0,2.35583579540253,1.60357320308685,27.7188060283661,7.74198359251022,19.1635999381542,4.81986996531487,4.04897606372833,2.76944375038147,14.4291327595711,3.83674150705338,0,0,0,1.3922877907753,0
619.721609145403,15.0193121135235,251.933878034353,15.7539936602116,34.0433021187782,0,161.334167361259,26.7571883797646,45.7192372083664,0,15.0434423089027,7.4380070567131,65.5570594966412,2.18972116708755,87.0129626393318,0,17.2647024989128,0.854147434234619,527.985733360052,130.157492280006,6.62922132015228,0,92.3387391269207,19.4461326003075,14.3947626650333,0,8.62334793806076,1.33796143531799,73.0094723403454,0,41.8363793492317,48.9053384065628,13.3884896039963,48.737366437912,5.09474456310272,3.58319503068924,1214.78190588951,31.6761266589165,181.833009839058,2.59141367673874,389.448724925518,66.8213570713997,8.20232525467873,0,1.56669682264328,0,22.0751295089722,1.04168367385864,1.77970409393311,0,20.5157580673695,0,4.77138864994049,0,23.3918964862823,4.09286564588547,299.33894303441,0,84.2671591043472,0,30.1201286613941,0,9.39858514070511,0,28.6428043842316,0,149.328651309013,6.95595592260361,766.120683789253,3.45543241500854,3164.13749140501,61.7423228621483,3082.29964640737,28.3781813979149,0,90.4978094398975,1620.88412955403,41.4442898929119,0,0,7.16144087910652,0,4.72753196954727,2.55684322118759,35.9071472883224,0.861823320388794,69.6988410651684,11.2989288568497,73.8139107823372,3.074911236763,59.3795653581619,148.236374795437,39.7646079957485,45.01807102561,269.195373386145,45.0580377280712,41.297509521246,16.5342144072056,24.9375633001328,28.456138253212,48.4313280582428,17.7871716618538,60.9244613647461,163.140519887209,152.971339225769,73.5109342932701,39.1058268845081,14.5091688632965,39.7279658615589,27.5283740162849,16.0687743425369,0.457308679819107,6.84449619054794,8.92411756515503,11.8441705405712,19.4400828182697
5.44070613384247,548.545021802187,20.7736915647984,289.641943305731,0,23.9357002675533,44.0352383553982,318.026989340782,0,41.4853852689266,1.728355884552,62.3949778676033,6.03218078613281,90.573422819376,0,103.512147337198,0,53.9840564131737,94.4587149918079,508.620516419411,16.9540190696716,6.76206314563751,27.203399002552,190.146057218313,0,11.0721940100193,0,3.43818813562393,8.76600378751755,23.4403014481068,7.76150840520859,51.1462553441525,9.93498933315277,72.3411228060722,10.2740767002106,27.4019405841827,90.036750882864,413.282286703587,10.1317808330059,27.0124855935574,64.5622844099998,349.925391554832,6.02496716380119,44.3848957419395,0.469474017620087,28.6238808631897,1.40142554044724,81.5240961015224,0,44.5806306600571,1.68007963895798,54.0137369632721,0,21.7097107172012,4.17793917655945,44.3290950059891,0,301.937841773033,0,107.157921284437,0,21.4630057811737,0,15.4973962008953,0,38.1876891851425,10.6367167830467,305.561561793089,13.845346570015,148.647162377834,54.6075650751591,4146.2408528924,91.301371961832,1639.37493830919,90.4978094398975,0,35.1537395119667,1212.84055072069,0,0.500899434089661,0,31.3440453112125,1.08059132099152,6.43967682123184,2.65520471334457,70.9857492446899,20.8851025998592,24.3129523396492,34.2410171031952,41.5270204842091,56.0169625878334,37.8164989054203,35.5892927050591,38.4315552711487,34.0394048094749,79.9153090715408,18.2174939513206,13.3118370771408,15.4884741008282,23.7756665050983,30.2480228245258,10.6345683932304,40.940339833498,118.493982672691,15.226820230484,74.104063719511,12.524324297905,15.0183978378773,22.6722429394722,14.0563888251781,10.060421615839,1.77558809518814,3.10277286171913,2.38013964891434,1.80002427101135,5.5173676609993
2171.42711514235,51.6055410504341,1037.80185854435,49.3100626766682,39.5042382776737,0,887.455517232418,91.7903963327408,66.7993167042732,0,67.4439545571804,4.23491322994232,337.635905206203,2.62577843666077,245.952756255865,0,28.7403644323349,5.34485304355621,2279.01903885603,602.240949332714,11.1759984493256,0,311.736727952957,32.1613848209381,13.2575535774231,0.634936630725861,0,0,308.756238400936,1.47974228858948,201.967340707779,196.488003760576,129.149354875088,423.303824841976,126.139871746302,118.144688487053,3897.40407428145,265.049473077059,248.090844660997,7.9043071269989,234.278417855501,7.6827187538147,238.249204486609,13.4462089538574,72.655730932951,2.41570127010345,466.197908371687,6.94017761945724,238.119374603033,0,343.99909427762,0,88.0854406952858,1.82625901699066,174.507848620415,1.34541022777557,1318.23206028342,41.832179069519,810.173400253057,17.2834948301315,183.726965427399,0.932673990726471,26.7139169275761,9.4343798160553,101.571229279041,0.899974167346954,2192.38909679651,764.364827334881,5494.73368939757,117.421720564365,5172.52053689957,274.901809751987,2676.0774679184,61.1509023308754,1620.88412955403,35.1537395119667,0,511.529043674469,7.46020019054413,0,19.5303426384926,6.15160432457924,25.6654441356659,0,98.3658725619316,1.90009641647339,132.992654889822,0,183.294850558043,0,83.1624668240547,26.3636105656624,133.607820987701,33.8280662000179,1136.74662142992,48.5626225173473,602.957249164581,7.02733600139618,40.5917249321938,11.1660410165787,90.0627770721912,15.1193417310715,193.50224083662,93.2280731499195,713.508566468954,203.245692759752,86.8479466438293,8.88706284761429,219.619054526091,536.799664437771,58.9258887767792,12.8951075673103,28.8938705921173,70.4708389639854,39.8136900365353,82.7159316837788
77.1637231111526,3989.06604906917,64.0573543906212,1133.90242001414,0,16.3200634717941,78.9245161414146,1329.15946596861,0,35.8036652803421,2.83377081155777,242.027545392513,11.5767158269882,256.818610310555,0,110.673984706402,0,134.538449913263,590.329927176237,3317.64385583997,8.89339220523834,1.05095767974854,24.5607317090034,380.276925176382,0,2.48756405711174,0,3.20318287611008,28.5778461396694,38.5309806764126,90.9715657532215,204.332624137402,77.282175719738,556.674800693989,34.7828131318092,110.03718405962,93.1422819793224,3063.58104670048,23.6043048202991,57.7229368388653,3.36866807937622,109.412777125835,21.8501052856445,167.564084619284,5.05681458115578,106.429121375084,15.5608177185059,676.935521006584,0,135.624576926231,5.48734855651855,155.930966705084,0,70.7039093971252,0,140.888487249613,10.4957722425461,1710.75639888644,2.13449400663376,429.460617303848,2.7730655670166,69.5501609146595,1.62684690952301,55.1289675235748,0,162.120241373777,203.025043487549,1866.54173031449,237.496854841709,1726.71407011151,178.189520865679,11824.2975230515,107.092151015997,1251.52593490481,41.4442898929119,1212.84055072069,511.529043674469,0,5.07790112495422,0.861883342266083,0,40.5913459956646,0,29.9720371961594,0,211.297324389219,0,95.5230922102928,0,158.807924747467,47.6287170648575,165.236162275076,22.5601672232151,254.184284210205,203.95263043046,495.364654392004,87.1578575372696,78.9583066105843,20.0345446169376,95.5588164031506,40.1021068692207,35.907767444849,60.9962266087532,523.629723608494,184.929037213326,751.685767322779,53.9339554309845,54.0865683555603,559.296060800552,1329.34990513325,125.910302937031,10.1164488792419,47.0474678277969,31.5241990089417,73.0111592113972,79.0774255394936
5.17572915554047,0,0.904440939426422,0,0,0,1.43539384007454,0,0,0,15.9362363815308,0,10.7230621576309,0,0,0,76.6749076843262,0,0,0,0,0,0,0,0,0,0,0,225.286481022835,0,0,0,0,1.12133491039276,1.8997303545475,2.03743344545364,6.79858589172363,1.35549116134644,0,0,0.613086760044098,0,1.75705599784851,0,0,0,2.10053431987762,0,5.8157032430172,0,17.6363001465797,0,1.38800007104874,0,5.1956587433815,0,35.6312115490437,0,120.55613258481,1.05773282051086,47.2523064911366,0,25.9650272727013,0,16.5460040569305,0,64.7762082517147,15.3754869401455,2.34588438272476,0,0,0,23.5604013204575,0,0,0,7.46020019054413,5.07790112495422,0,0,1188.46294459701,0,11.3318287134171,0,56.8097604215145,0,1.45948767662048,0,36.6709505915642,0,0,0,0,0,0,0,0,0,0,0,0,0,0,0,0,0,0,0,0,0,0,0,0,0,0,0
0,2.21807086467743,0,0,0,0,0,2.34889841079712,0,0,0,6.00975131988525,0,0,0,2.2297203540802,0,289.862776756287,0,0,0,0,0,1.16750776767731,0,0,0,0,0,358.620053529739,0,0,1.16490232944489,5.00621029734612,2.69056451320648,6.36102241277695,0,5.80392682552338,0,0,0,0,0,0,0,0.683607995510101,0,0.908880949020386,0,1.21458864212036,0,3.99492472410202,0,0,0,0,0,16.4667459726334,0,45.8567584455013,0,3.44320905208588,0,48.0149637460709,0,11.5660560429096,0.700366318225861,83.7895717322826,0,0,0,2.67117977142334,0,271.191165566444,0,0.500899434089661,0,0.861883342266083,0,0,0,1211.85444632173,0,5.60328435897827,0,19.0474603772163,0,2.98835214972496,0,3.0989117026329,0,0,0,0,0,0,0,0,0,0,0,0,0,0,0,0,0,0,0,0,0,0,0,0,0,0
90.5131567120552,0,7.43062996864319,0,0,0,7.50190144777298,0,2.11861377954483,0,404.262074768543,0,189.263174831867,0,6.7970158457756,0,1389.78807935119,0,3.23164749145508,0,0,0,0,0,0,0,0.552444696426392,0,1357.12624663115,0,1.39445924758911,0,1.45777261257172,8.91863799095154,29.4107422828674,11.2267743945122,63.8037659823895,5.02038431167603,7.3752965927124,0,6.09210705757141,0,97.3019500672817,0,24.7774517536163,0,123.2837651968,0,106.749301403761,0,205.598667114973,0,49.2707867622375,0,51.9862854778767,0,141.335403978825,0,298.770734488964,0.956353724002838,344.968814909458,0,2013.42371883988,0,240.149824649096,0,424.197573691607,28.3554632663727,5.16893410682678,0,10.1536641120911,0,296.506640046835,0,7.16144087910652,0,19.5303426384926,0,1188.46294459701,0,0,0,1021.84578701854,0,6207.8823261559,0,71.2938095927238,0,131.102964490652,0,15.6214646100998,0,0,0,1.36140477657318,0,0.747134149074554,0,11.0893169045448,0,0,0,0,0,0,0,0,0,0,0.847118616104126,0,0,0,0,0,0
0,64.2506942749023,0,6.75829014182091,0,8.93455702066422,0,9.85248196125031,0,5.17565652728081,0,130.834621846676,0,52.5968059897423,0,6.17698058485985,0,1354.44472983479,0,12.2080632150173,0,0,0,0,0,0,0,1.08493795990944,0,733.415496736765,0,0,3.87297821044922,54.1601259112358,15.3670902848244,62.7541217505932,0,50.2918834388256,0,9.78015524148941,0,51.2256596088409,0.443117797374725,64.9106874167919,0,67.2608751356602,0.795193195343018,86.858139783144,0,90.6457923352718,0,297.646500915289,0,40.7951215207577,0,79.4697185754776,0,118.224423736334,2.36170399188995,355.490259647369,0,134.845650881529,0,2374.74306938052,0,1175.92496657372,7.03716379404068,950.346181452274,0,5.10179209709167,13.1382857263088,14.7484855651855,0,1347.73676747084,0,31.3440453112125,6.15160432457924,40.5913459956646,0,1211.85444632173,0,0,0,2096.4043315351,0,5528.55504837632,0,202.951232910156,0,283.536129891872,0,0,0,0,0,0,0,0,0,0,0,0,0,0,0,0,0,0,0,1.92597806453705,0,0,0,0,0,0
21.2138746380806,0,26.44157320261,0.648379743099213,25.1937817335129,0,24.8593438267708,1.10461616516113,16.5183762013912,0,77.3500167131424,0,15.6345961689949,0,26.6986950039864,0,176.969466984272,1.41980981826782,95.4785413444042,17.7343127727509,3.48243296146393,0,2.3169606924057,0,0,0,7.39908918738365,0,990.957873016596,0,13.3251530528069,3.24757671356201,0,5.82495266199112,4.42178675532341,0.623804330825806,159.685773015022,0,210.529985785484,0,549.916371375322,1.13187426328659,2.44240960478783,0,3.21125239133835,0,41.6664517819881,0,7.26064473390579,0,30.0523975193501,0,5.80667632818222,0,85.8680191040039,0,18.8144041895866,0,2.74132239818573,0,20.7560788691044,0,28.632081001997,0,12.3258257508278,0,12.1024440526962,0,4.40732091665268,0,26.047632753849,4.31495672464371,131.006161034107,0,4.72753196954727,1.08059132099152,25.6654441356659,0,11.3318287134171,0,1021.84578701854,0,0,0,676.343211859465,0,913.450524479151,0,103.980739444494,0,0,0,0,0,0.745657205581665,0,0,0,1.28669667243958,0,0,0,0,0,0,0,0,0,0,0,0,0,0,0,0,0
0,0,0,0,0,129.806166946888,0,0,0,18.1397670805454,0,0,0,0,0,90.9662410318851,0,2.19426465034485,0,0,0.500748455524445,77.0987523794174,0,0,0,5.81186977028847,0,39.2034468352795,0,815.776241600513,0,0.979779690504074,0,0,0,4.20380020141602,0,249.923382729292,0,112.429917514324,2.14459002017975,1251.91701573133,0,16.5285699367523,0,0.710978388786316,0,18.7842612862587,0,2.58787342905998,0,10.8109002709389,0,5.15067541599274,0,88.5177682936192,0,0,0,10.017319560051,0,0,0,4.54232436418533,0,14.3986279666424,0.928014636039734,18.195070952177,0,0,3.126449406147,0.402974426746368,0,822.616458773613,2.55684322118759,6.43967682123184,0,29.9720371961594,0,5.60328435897827,0,2096.4043315351,0,0,0,1057.05097827315,0,1524.33582729101,0,214.15521389246,0,0,0,0,0,0.455842316150665,0,0,0,0,0,0,0,0,0,0,0,0,0,0,0,0,0,0,0,0
1263.18808597326,0,14.7141928076744,0,8.84919083118439,0,128.487480431795,0,8.25890606641769,0,662.635968983173,0,212.026046872139,0,36.2215525507927,0,376.440352916718,0,19.6695175766945,0,1.73621731996536,0,0,0,0.458997637033463,0,1.7664997279644,0,741.156281679869,0,1.91853547096252,0,0.833191514015198,2.8122855424881,40.7056969702244,44.183348596096,295.963924944401,1.77449262142181,47.2416298389435,0,66.2091808915138,0,154.410182744265,7.63357323408127,24.4674255847931,7.54003477096558,431.355213344097,0,168.816052436829,0,3737.17605042458,0,375.182062596083,0,690.964450716972,0,579.012566626072,0,260.983638644218,0,1158.20152935386,0,1224.97610935569,0,4009.05995091796,0,424.256025612354,30.1302368938923,0.863515794277191,0,46.8575441539288,2.69955849647522,382.70404997468,0,35.9071472883224,2.65520471334457,98.3658725619316,0,56.8097604215145,0,6207.8823261559,0,676.343211859465,0,0,0,663.103292226791,0,6260.2766097486,0,25.874312132597,0,0,0,0.689814209938049,0,2.43287065625191,0,9.26235198974609,0,0,0,0,0,0,0,0,0,0,0,0,0,0,0,0,0
0,515.922604382038,0,23.969135761261,0,22.9845475554466,0,183.473604202271,0,5.24623194336891,0,89.8599442839622,0,16.9273650050163,0,9.96945685148239,0,113.576060533524,0,24.6500074267387,0.725863337516785,0,0,0,0,1.25946640968323,0,5.80108559131622,0,85.1964066028595,0,4.22297990322113,0,38.0721239447594,28.4200974702835,64.7018562555313,5.86242601275444,402.236526340246,0.703343451023102,79.1267741918564,3.09856253862381,270.471686959267,73.4764744341373,166.790751874447,11.3542405366898,129.460735738277,2.85584571957588,337.469311565161,7.47241568565369,214.026465386152,0,4742.35870686173,0,616.903801858425,0,1369.86215147376,0,117.770549237728,0,281.79610490799,0,343.626221299171,0,1770.70651581883,0,4691.22212681174,95.6311133503914,465.260011732578,0,2.92204415798187,2.78492569923401,145.001501142979,1.5703706741333,737.779648721218,0.861823320388794,70.9857492446899,1.90009641647339,211.297324389219,0,19.0474603772163,0,5528.55504837632,0,1057.05097827315,0,0,0,1310.35413238406,0,5601.47417503595,0,0,0,0,0,8.86877030134201,0,2.85324573516846,0,6.8206302523613,0,0,0,0,0,1.62582847476006,0,0,0.710045218467712,2.01133722066879,0,0,0,0,0,0
0,0,0.437570035457611,0,88.857719451189,0,0,0,34.7490258216858,0,0,0,2.26652508974075,0,61.7835924625397,0,2.1164408326149,0,0,0,17.5432851612568,0,0.356189459562302,0,8.60207217931747,0.40137130022049,24.7494516968727,0,557.997252732515,0,2.00098288059235,0,0,0,3.95278042554855,0,1119.86247298121,6.8383110165596,292.502872496843,0,855.246638476849,19.8524730503559,1.96803334355354,0,0,0,69.6592113077641,0,0.467622607946396,0,18.6820105612278,0,3.86064210534096,0,658.527406543493,0,0,0,0,0,1.6512296795845,0,0.463005870580673,0,6.46423998475075,0,3.36293843388557,0.625418484210968,0,0,27.6635701954365,11.5729272663593,129.045300364494,2.62303239107132,69.6988410651684,20.8851025998592,132.992654889822,0,1.45948767662048,0,71.2938095927238,0,913.450524479151,0,663.103292226791,0,0,0,1259.09188860655,0.523379147052765,0,0,0,0,2.57869625091553,0,2.63123458623886,0,0.610179543495178,0,0,0,0,0,0,0,0.877718508243561,0,0,0,0,0,0,0,0.547912657260895,0
0,0,0,0,0,38.2281680703163,0,0,0,3.90617519617081,0,0,0,0,0,17.4170951247215,0,0.929466843605042,0,0,1.16766726970673,1.80000501871109,0,0,0,0,0,8.33758845925331,0,37.2068423032761,0,0,0,0.915128886699677,0.527386844158173,2.69981777667999,4.34592044353485,1203.86527445912,0,523.066391319036,1.60193872451782,1600.42563205957,1.0213086605072,16.1254332959652,0,1.04366293549538,1.70013672113419,50.1272830367088,0,1.2896246612072,0,2.84216660261154,0,10.293522387743,0,1111.22045114636,0,0,0,1.27916991710663,0,0,0,3.08456760644913,0,14.3771964013577,0.604022800922394,21.1801917254925,0,0,3.99725192785263,14.6796240508556,8.04388386011124,176.295816093683,11.2989288568497,24.3129523396492,0,95.5230922102928,0,2.98835214972496,0,202.951232910156,0,1524.33582729101,0,1310.35413238406,0,0,0,2540.98908293247,0,0,0,0,1.01693832874298,2.00860464572906,0,0,0,0,0,0,0,0,0,0,0,0,0,1.67844301462173,0,0,0,0,0,0
421.8694883883,0,4.95483374595642,0,19.6491822600365,0,39.1453899741173,0,12.9468449056149,0,33.5108309090137,0,0,0,27.5487887561321,0,24.2394445538521,0,1.94508183002472,0,7.02664369344711,0,1.39109790325165,0,1.17141222953796,0,5.82875967025757,0,272.528770834208,0,0.778204143047333,0,0,0,48.1844864487648,30.0953889489174,1195.42973852158,2.65775555372238,326.199833780527,1.21673810482025,179.577692359686,16.3617596030235,147.297836124897,20.2072893381119,15.040484726429,2.36855632066727,640.973751634359,0,54.5994997024536,0,834.842359513044,0,315.240312218666,0,4021.58290815353,0,191.78093329072,0,30.6301139891148,0,209.206432729959,0,103.02292829752,0,436.060757488012,0,94.8266506493092,44.1054616272449,0,0,40.8967560827732,12.0413175225258,190.066072314978,2.85097080469131,73.8139107823372,34.2410171031952,183.294850558043,0,36.6709505915642,0,131.102964490652,0,103.980739444494,0,6260.2766097486,0,1259.09188860655,0,0,0,31.7782354354858,0,0,0,5.63867151737213,0,4.93936279416084,0,19.1669508516788,0,0,0,0,0,0,0,0,0,0.627369999885559,0,0,0,0,0,0,0
0,117.199163407087,0,2.91302120685577,0,5.82671451568604,0,47.8580704927444,0,1.39079815149307,0,0,0,0,0,5.65831923484802,0,2.00580406188965,0,0,2.56750190258026,1.33107143640518,0,0,0,0,0,2.6963594853878,0,22.543687582016,0,0,0,14.3041180074215,15.1413067877293,43.7958978712559,4.95343989133835,1142.90310242772,0,141.014831870794,7.48570543527603,384.550729393959,22.4734171628952,146.544289112091,1.21117681264877,62.1460334956646,1.30403852462769,277.088708162308,0,98.6504393517971,0,433.13044410944,0,856.551050126553,0,3362.73714786768,0,29.5904239714146,0,91.0744510293007,0,47.549025028944,0,120.589356482029,0,575.06702169776,38.5621203780174,224.752633243799,0,0,1.92407262325287,73.3740847706795,8.41811668872833,194.950684100389,3.074911236763,41.5270204842091,0,158.807924747467,0,3.0989117026329,0,283.536129891872,0,214.15521389246,0,5601.47417503595,0.523379147052765,2540.98908293247,0,0,0,2.29308128356934,0,0,0,3.94416403770447,0,2.41956043243408,0,6.6450777053833,0,0,0,0,0,0.708002030849457,0,0,0,0.42972919344902,0,0,0,0,0,0
0,0,0,0,0,0,0,0,0,0,0,0,0,0,0,0,0,0,0,0,0,0,0,0,0,0,0,0,28.0891835391521,0,0,0,0,0,1.55204722285271,2.75537008047104,123.31405287981,20.5649030804634,232.547258377075,55.268713414669,13.8032781779766,0,211.794175803661,0,16.4375061988831,0,673.768975198269,0.687850534915924,20.1866214871407,0,25.981658577919,0,16.7646915912628,0,156.221111476421,0,0,0,0.497083783149719,0,0,0,0,0,0,0,21.0528219640255,6.62821841239929,0,0,3.7461821436882,9.74846911430359,70.147370159626,0,59.3795653581619,56.0169625878334,83.1624668240547,47.6287170648575,0,0,15.6214646100998,0,0,0,25.874312132597,0,0,0,31.7782354354858,0,0,162.892584681511,1306.65948992968,31.6735202670097,285.124905645847,179.415534317493,1529.45966607332,90.7255997955799,2157.50063064694,142.36438074708,529.169202119112,9.59195184707642,348.923909604549,166.47419154644,204.877264887094,82.1417561471462,195.089215934277,40.9763154983521,5.68298441171646,10.6091524362564,108.04679492116,63.1850378811359,41.4978577494621,6.16644757986069,5.17963689565659,4.09302353858948
0,0,0,0,0,0,0,0,0,0,0,0,0,0,0,0,0,0,0,0,0,0,0,0,0,0,0,0,0,0,0,0,0,1.18671309947968,0,0,107.175088346004,50.2506035268307,215.863604664803,31.5358291566372,0,3.67068910598755,0,1.88196617364883,0,0,0,3.10012114048004,0,0,0,0,0,0,0,1.59755089879036,0,0,0,0,0,0,0,0,0,0,0,0,0,0,4.15593358874321,53.1943334937096,24.1751614809036,17.3906641304493,148.236374795437,37.8164989054203,26.3636105656624,165.236162275076,0,0,0,0,0,0,0,0,0,0,0,2.29308128356934,162.892584681511,0,30.0725856423378,1661.28905880451,64.2567808330059,260.511011123657,185.881046235561,461.977381765842,129.117308884859,1877.6528775394,169.181207925081,271.629407078028,283.084411740303,818.22198921442,66.0330525040627,403.964271336794,64.142962962389,95.8203965723515,13.6887741684914,30.8255341649055,209.03918492794,35.7362721860409,131.759927302599,4.41236340999603,44.5701012313366,7.10992249846458
0,0,0,0,0,0,0,0,0,0,0,0,0,0,0,0,0,0,0,0,0,0,0,0,0,0,0,0,1.74509263038635,0,0,0,0,0,0,0,45.3606134355068,11.1088732481003,41.5274312794209,18.4596224427223,1.92493441700935,0,0,0,0,0,0,0,0,0,0,0,0,0,0,0,0,0,0,0,0,0,0,0,0,0,0,0,0,0,3.76068723201752,2.54934251308441,14.9147869348526,0,39.7646079957485,35.5892927050591,133.607820987701,22.5601672232151,0,0,0,0,0,0,0,0,0,0,0,0,1306.65948992968,30.0725856423378,0,7.29443097114563,427.640130341053,63.0753090679646,690.630771934986,37.4766672849655,267.053630650043,33.7292889654636,1653.14335718751,0,1037.59388017654,84.5551715493202,699.851365745068,51.6164138913155,239.965801000595,21.4293754696846,8.24035426974297,21.1551394760609,162.397733390331,40.8840380012989,92.4342798292637,40.1982900798321,21.9225945770741,5.24743807315826
0,0,0,0,0,0,0,0,0,0,0,0,0,0,0,0,0,0,0,0,0,0,0,0,0,0,0,0,0,0,0,0,0,0,0,0,52.1701890528202,40.7584711313248,73.2166012227535,24.4834743440151,0,0.924409747123718,0,0,0,0,0,1.5664741396904,0,0,0,0,0,0,0,0.951700448989868,0,0,0,0,0,0,0,0,0,0,0,0,0,0,1.41079044342041,19.3121388852596,4.39626008272171,5.38257056474686,45.01807102561,38.4315552711487,33.8280662000179,254.184284210205,0,0,0,0,0,0,0,0,0,0,0,0,31.6735202670097,1661.28905880451,7.29443097114563,0,66.6298801600933,171.088437050581,96.0987519919872,286.560602992773,47.2208688855171,359.035747200251,36.8190048933029,1576.38871455193,87.0572134256363,2154.36753740907,35.599083095789,819.163177400827,44.9988061785698,83.7943558096886,60.3427804410458,91.8241862654686,366.925280630589,31.0378574728966,172.863466411829,21.4314414560795,153.305136352777,29.326251834631
89.1029556393623,1.87944132089615,23.2335984110832,0,0.432317823171616,0,12.2858599424362,2.99253475666046,0.513071715831757,0,0.599201798439026,0.674354016780853,2.62799900770187,0,0.985144257545471,0,0,0,66.4720795154572,0.991006076335907,0,0,1.76881003379822,0,0,0,0,0,10.7152872681618,0,4.77931386232376,2.00141090154648,1.22281956672668,1.74895942211151,4.34745818376541,0.682869374752045,161.056326717138,20.1999720335007,41.6394479870796,1.66926461458206,10.3811833262444,0,0.964633017778397,0,2.01908326148987,0,36.0913648605347,4.57706820964813,4.70353579521179,0,7.24010765552521,0,2.97119426727295,0,2.19618421792984,0,79.7190571427345,1.1697005033493,25.8782994449139,0,1.23178732395172,0,0,0,4.67398989200592,0,87.5577833354473,0.515625953674316,177.543490380049,0,111.862002342939,35.9846058785915,142.557515442371,1.55091595649719,269.195373386145,34.0394048094749,1136.74662142992,203.95263043046,0,0,1.36140477657318,0,0.745657205581665,0,0.689814209938049,0,2.57869625091553,1.01693832874298,5.63867151737213,0,285.124905645847,64.2567808330059,427.640130341053,66.6298801600933,0,55.642967581749,1688.79941317439,29.6289285421371,239.472259581089,36.3706999719143,254.150992542505,23.5041815042496,449.47587788105,218.838514864445,1010.99286171794,143.982208639383,308.44429948926,21.6626597344875,199.861449867487,528.437470018864,443.286914944649,63.1180504560471,110.849157691002,174.128489822149,72.2694205343723,117.49746721983
0,55.106539785862,0,3.20704907178879,0,0,0,4.42186939716339,0,0,0,0.907711327075958,0,0.738783240318298,0,0,0,0,0,22.7238716483116,0,0,0,1.44124233722687,0,0,0,0,0,1.32951802015305,0.764087855815887,0,0,5.9535117149353,0,13.2057987451553,42.7144256830215,98.8275633454323,64.4872931838036,34.706231534481,0.618638694286346,4.56675952672958,1.26084625720978,8.7301407456398,0,0.52064710855484,0,27.8837402462959,0,2.48990067839622,0,9.847472012043,0,2.38008576631546,0,4.53954902291298,0,26.1206501722336,0,11.3618959188461,0,0,0,0,0,5.0727059841156,0,38.0296657681465,0,14.8106039762497,3.72425585985184,89.0946219563484,4.35305535793304,33.2836180925369,45.0580377280712,79.9153090715408,48.5626225173473,495.364654392004,0,0,0,0,0,0.455842316150665,0,8.86877030134201,0,2.00860464572906,0,3.94416403770447,179.415534317493,260.511011123657,63.0753090679646,171.088437050581,55.642967581749,0,94.2509251236916,1266.65068665147,45.5538722872734,328.266598939896,80.9940401017666,35.3119019269943,116.268668889999,286.090647399426,54.2402531206608,553.770232826471,27.7166540920734,84.559755474329,179.801046788692,247.678500443697,448.466629207134,5.85344356298447,38.5785336494446,16.3414093255997,19.3263249993324,18.1101408600807
8.2239385843277,0,0,0,0,0,4.30069762468338,0,0,0,0,0,0,0,0,0,0,0,3.53376966714859,0,0,0,0,0,0,0,0,0,1.20124673843384,0,0.652813792228699,0.82565301656723,8.8662291765213,1.60823976993561,8.93284550309181,1.1146342754364,110.54913443327,29.1619718670845,139.62132537365,17.1828058063984,3.52530625462532,0.767399549484253,22.2282907962799,2.35760909318924,14.2162116765976,0,87.9966236948967,2.69196021556854,10.5910254120827,0.640268325805664,9.24584943056107,0,1.53654724359512,0,2.87108138203621,0,12.7287868261337,0,22.7918889820576,0,0.655431509017944,0,0,0,0.516031980514526,0,58.3830835521221,3.67433071136475,10.4210366606712,0,6.32096436619759,16.7249403595924,37.2426410913467,3.2294727563858,41.297509521246,18.2174939513206,602.957249164581,87.1578575372696,0,0,0.747134149074554,0,0,0,2.43287065625191,0,2.63123458623886,0,4.93936279416084,0,1529.45966607332,185.881046235561,690.630771934986,96.0987519919872,1688.79941317439,94.2509251236916,0,68.5710572898388,2246.01941651106,71.6621009409428,378.23990920186,33.7525275349617,462.860679507256,352.060892641544,961.484296113253,134.491071164608,495.961549371481,27.6355003714561,27.9498207569122,330.170585989952,1399.57605004311,75.0867640078068,141.393796801567,65.7988151013851,30.2008815705776,70.1824727654457
0,0,0,0,0,0,0,0,0,0,0,0,0,0,0,0,0,0,0,0,0,0,0,0,0,0,0,0,0,0,0,0,0,0,0,0,12.1863724887371,22.9073982536793,39.7279757857323,29.7777656018734,0,0.575798153877258,0,2.66829341650009,0,0.431479930877686,0,7.7357662320137,0,1.28164851665497,0,0,0,2.78908070921898,0,7.50139909982681,0,0,0,1.23933017253876,0,0,0,0,0,0,0,3.27680531144142,0,0,0.718156695365906,16.2815135419369,4.27508759498596,5.14521995186806,16.5342144072056,13.3118370771408,7.02733600139618,78.9583066105843,0,0,0,0,0,0,0,2.85324573516846,0,0,0,2.41956043243408,90.7255997955799,461.977381765842,37.4766672849655,286.560602992773,29.6289285421371,1266.65068665147,68.5710572898388,0,36.1170991659164,1959.93146130443,75.6661061644554,36.826677441597,109.171856641769,271.308107733727,21.6361046433449,380.528598606586,39.0926097035408,151.668256640434,16.3860838115215,34.7149780392647,1198.84528598189,56.3270429372787,174.72779199481,17.3418628573418,20.2753438353539,2.3015024960041
0,0,0,0,0,0,0,0,0,0,0,0,0,0,0,0,0,0,0,0,0,0,0,0,0,0,0,0,19.090635150671,0,0,0,0,0,1.02319833636284,1.83821082115173,49.4531717896461,3.83157002925873,61.2344403862953,14.0691531896591,6.94855415821075,0,62.0728640556335,0,12.6897340416908,0,354.301496058702,0,8.54814070463181,0,3.7641524374485,0,2.67153757810593,0,42.1351316869259,0,0,0,0,0,0,0,0,0,0,0,9.14312618970871,0,0,0,2.53580921888351,12.3056230545044,35.2276417315006,2.03430700302124,24.9375633001328,15.4884741008282,40.5917249321938,20.0345446169376,0,0,11.0893169045448,0,1.28669667243958,0,9.26235198974609,0,0.610179543495178,0,19.1669508516788,0,2157.50063064694,129.117308884859,267.053630650043,47.2208688855171,239.472259581089,45.5538722872734,2246.01941651106,36.1170991659164,0,48.5905719399452,121.226292729378,16.9896174967289,96.9141281247139,176.239943444729,120.391269207001,65.0058680772781,107.463517397642,19.6306938529015,2.64116558432579,1.46944546699524,101.63375082612,47.3621118068695,22.8166918754578,4.35259294509888,3.02442818880081,0.681473672389984
0,0,0,0,0,0,0,0,0,0,0,0,0,0,0,0,0,0,0,0,0,0,0,0,0,0,0,0,0,0.803977608680725,0,0,0,0,0,0,29.2671380341053,30.7318368852139,79.371069252491,21.8441981971264,0,6.23549491167068,20.6331583559513,47.8570347130299,0,4.00591930747032,0,358.22487744689,0,6.24983030557632,0,4.52298802137375,0,46.0849095582962,0,138.780345767736,0,0,0,1.89975941181183,0,0,0,0,0,0,0,2.53872388601303,0,0,0,17.0119509994984,4.29760736227036,13.0306275784969,28.456138253212,23.7756665050983,11.1660410165787,95.5588164031506,0,0,0,0,0,0,0,6.8206302523613,0,0,0,6.6450777053833,142.36438074708,1877.6528775394,33.7292889654636,359.035747200251,36.3706999719143,328.266598939896,71.6621009409428,1959.93146130443,48.5905719399452,0,110.243928283453,43.1478770673275,148.934967875481,391.387041121721,40.2378604412079,125.662309646606,28.672294229269,154.537484109402,3.42851302027702,6.2484335899353,206.417774796486,188.146779686213,330.402899891138,17.9396787285805,9.85880726575851,3.37357240915298
0,0,0,0,0,0,0,0,0,0,0,0,0,0,0,0,0,0,0,0,0,0,0,0,0,0,0,0,0,0,0,0,0,0,0,0,35.4705106019974,8.90776199102402,57.1655269861221,17.4010974168777,0.709388852119446,0,0,0,0,0,0,0,0,0,0,0,0,0,0,0,0,0,0,0,0,0,0,0,0,0,0,0,0,0,2.31267613172531,4.18495380878448,15.7824994027615,0,48.4313280582428,30.2480228245258,90.0627770721912,40.1021068692207,0,0,0,0,0,0,0,0,0,0,0,0,529.169202119112,169.181207925081,1653.14335718751,36.8190048933029,254.150992542505,80.9940401017666,378.23990920186,75.6661061644554,121.226292729378,110.243928283453,0,13.5436561107635,3077.9833214283,175.845594644547,536.77148732543,116.784325927496,388.861399233341,38.8808057904243,5.6395674943924,11.4993194937706,91.5544770359993,15.8306774497032,47.6589192152023,35.2485244870186,11.3084592521191,9.30110329389572
0,0,0,0,0,0,0,0,0,0,0,0,0,0,0,0,0,0,0,0,0,0,0,0,0,0,0,0,0,0,0,0,0,0,0,0,16.2873077690601,15.9035275280476,26.4211330711842,5.37894377112389,0,1.00161552429199,0,0,0,0,0,0.376331061124802,0,0,0,0,0,0,0,0,0,0,0,0,0,0,0,0,0,0,0,0,0,0,0.814901769161224,11.104380518198,0.95256382226944,2.35583579540253,17.7871716618538,10.6345683932304,15.1193417310715,35.907767444849,0,0,0,0,0,0,0,0,0,0,0,0,9.59195184707642,271.629407078028,0,1576.38871455193,23.5041815042496,35.3119019269943,33.7525275349617,36.826677441597,16.9896174967289,43.1478770673275,13.5436561107635,0,33.3956553637981,1645.44287964702,12.2681766748428,159.639343619347,14.9944328963757,25.4088785946369,3.11667633056641,5.35016876459122,23.3710764050484,0.565099358558655,2.95444452762604,1.08696115016937,8.16732609272003,2.6401783823967
0.5114586353302,0,0,0,0,0,0,0,0,0,0,0,0,0,0,0,0,0,0,0,0,0,0,0,0,0,0,0,0,0,0,0,0,0,0,0,72.2885005474091,29.1887882649899,62.8506807684898,26.6956326365471,0.911928623914719,0,0,0,0,0,0,0,0,0,0,0,0,0,0,0,0,0,0,0,0,0,0,0,0,0,0,0,0,0,16.7904537916183,5.06621724367142,20.3782172203064,1.60357320308685,60.9244613647461,40.940339833498,193.50224083662,60.9962266087532,0,0,0,0,0,0,0,0,0,0,0,0,348.923909604549,283.084411740303,1037.59388017654,87.0572134256363,449.47587788105,116.268668889999,462.860679507256,109.171856641769,96.9141281247139,148.934967875481,3077.9833214283,33.3956553637981,0,575.27699509263,4659.52987226844,220.75818246603,893.090836286545,75.5549920201302,38.2239188551903,82.9098310172558,278.605225235224,44.5426431298256,177.262975096703,590.096950143576,393.952619105577,23.9406537115574
0,0,0,0,0,0,0,0,0,0,0,0,0,0,0,0,0,0,0,0,0,0,0,0,0,0,0,0,0,0,0,0,0,0,0,0,129.43082806468,92.3146077096462,210.175092726946,50.5146520137787,0.379788845777512,2.36088687181473,0,0,0,0,0,5.18130859732628,0,0,0,0,0,0,0,0.674378633499146,0,0,0,0,0,0,0,0,0,0,0,0,0,0,5.28684842586517,80.1256496012211,20.1084785461426,27.7188060283661,163.140519887209,118.493982672691,93.2280731499195,523.629723608494,0,0,0,0,0,0,0,0,0,0,0,0,166.47419154644,818.22198921442,84.5551715493202,2154.36753740907,218.838514864445,286.090647399426,352.060892641544,271.308107733727,176.239943444729,391.387041121721,175.845594644547,1645.44287964702,575.27699509263,0,181.825617522001,6335.12101313472,202.081385999918,645.437276631594,73.6729594767094,153.616393297911,397.326313018799,42.4968490302563,197.326596945524,400.029299974442,303.197882860899,36.0265139639378
1.75899320840836,0,1.29620778560638,0,0,0,0,0,0,0,0,0,0,0,0,0,0,0,0,0,0,0,0,0,0,0,0,0,0,0,0,0,0,0,0,0,61.4757687747478,12.5057030916214,25.6492500901222,2.72376871109009,12.1140091717243,0,0,0,0,0,0.423805177211761,1.17742383480072,0,0,0,0,0,0,0,0,1.19252097606659,0,0,0,0,0,0,0,0,0,0,0,0,0,51.3025457262993,22.0279410779476,70.0111421644688,7.74198359251022,152.971339225769,15.226820230484,713.508566468954,184.929037213326,0,0,0,0,0,0,0,0,0,0,0,0,204.877264887094,66.0330525040627,699.851365745068,35.599083095789,1010.99286171794,54.2402531206608,961.484296113253,21.6361046433449,120.391269207001,40.2378604412079,536.77148732543,12.2681766748428,4659.52987226844,181.825617522001,0,454.719332098961,689.339563935995,28.8639087975025,162.375159263611,106.452935874462,450.052451521158,46.8018614947796,105.544605910778,96.681324839592,310.518919914961,247.44209972024
0,0.784423172473907,0,0,0,0,0,0,0,0,0,0,0,0,0,0,0,0.996426522731781,0,1.09162831306458,0,0,0,0,0,0,0,0,0,0,0,0.946200013160706,0,2.05896207690239,0,0,57.6717688441277,42.6985193192959,45.8669098615646,8.39269605278969,3.23449629545212,0,0,0,0,0,0,10.6981157362461,0,0,0,0,0,0,0,1.08985817432404,0,0,0,0,0,0,0,0,0,0,0,0,0,0,15.8678500950336,113.996608167887,19.685507029295,19.1635999381542,73.5109342932701,74.104063719511,203.245692759752,751.685767322779,0,0,0,0,0,0,0,1.62582847476006,0,0,0,0.708002030849457,82.1417561471462,403.964271336794,51.6164138913155,819.163177400827,143.982208639383,553.770232826471,134.491071164608,380.528598606586,65.0058680772781,125.662309646606,116.784325927496,159.639343619347,220.75818246603,6335.12101313472,454.719332098961,0,72.1075446605682,494.124083459377,246.023952394724,177.744392037392,1020.59766808152,65.6101139187813,163.617718726397,88.0367782115936,546.992005169392,534.106474906206
1.45335566997528,0,0,0,0,0,0,0,0,0,0,0,0,0,0,0,0,0,0,0,0,0,0,0,0,0,0,0,0,0,0,0,0,0,0,0,28.4771390259266,9.54803937673569,16.5918664932251,0.599491655826569,0,0,0,0,0,0,0,0,0,0,0,0,0,0,0,0,1.53788805007935,0,0,0,0,0,0,0,0,0,0,0,0,0,8.2653466463089,14.4052210748196,8.53510710597038,4.81986996531487,39.1058268845081,12.524324297905,86.8479466438293,53.9339554309845,0,0,0,0,0,0,0,0,0.877718508243561,0,0,0,195.089215934277,64.142962962389,239.965801000595,44.9988061785698,308.44429948926,27.7166540920734,495.961549371481,39.0926097035408,107.463517397642,28.672294229269,388.861399233341,14.9944328963757,893.090836286545,202.081385999918,689.339563935995,72.1075446605682,0,15.0604967772961,8.57684794068336,9.87222614884377,81.4947478473186,14.3142208755016,13.4794659912586,13.5676530599594,26.4203408062458,11.8595699071884
0,0,0,0,0,0,0,0,0,0,0,0,0,0,0,0,0,0,0,0,0,0,0,0,0,0,0,0,0,0,0,0,0,0,0,0,20.0102706253529,5.63726627826691,12.3931983709335,0.614077568054199,0,0,0,0,0,0,0,1.55382898449898,0,0,0,0,0,0,0,0,0,0,0,0,0,0,0,0,0,0,0,1.38446092605591,0,0,2.1109334230423,12.4988900125027,0.651391983032227,4.04897606372833,14.5091688632965,15.0183978378773,8.88706284761429,54.0865683555603,0,0,0,0,0,0,0,0,0,0,0,0,40.9763154983521,95.8203965723515,21.4293754696846,83.7943558096886,21.6626597344875,84.559755474329,27.6355003714561,151.668256640434,19.6306938529015,154.537484109402,38.8808057904243,25.4088785946369,75.5549920201302,645.437276631594,28.8639087975025,494.124083459377,15.0604967772961,0,13.9212718009949,7.41086500883102,85.7970271706581,2.65551146864891,18.4715501070023,5.41923856735229,10.7869209051132,7.53910624980927
7.69624155759811,8.62469950318336,2.03575015068054,2.67877078056335,0,0,0,0,0,0,0,0,0,0,0,0.977623999118805,0,0,3.21781945228577,7.51092910766602,0,0,0,0,0,0,0,0,0,0,0,0,0,2.45203566551208,0,0,11.8961050212383,5.94094926118851,0.629598379135132,0.495563745498657,2.91491171717644,0,0,0,0,0,0.79811692237854,1.30422741174698,0,0,0,0,0,0,0,0,0,1.39281126856804,0,0,0,0,0,0,0,0,0,0,1.94180595874786,1.71785616874695,22.5031087696552,30.945728212595,19.8904704451561,2.76944375038147,39.7279658615589,22.6722429394722,219.619054526091,559.296060800552,0,0,0,0,0,0,0,0.710045218467712,0,0,0.627369999885559,0,5.68298441171646,13.6887741684914,8.24035426974297,60.3427804410458,199.861449867487,179.801046788692,27.9498207569122,16.3860838115215,2.64116558432579,3.42851302027702,5.6395674943924,3.11667633056641,38.2239188551903,73.6729594767094,162.375159263611,246.023952394724,8.57684794068336,13.9212718009949,0,612.146201491356,241.485303342342,30.737222969532,74.8656162619591,186.476311802864,100.564290344715,277.893072545528
4.67153263092041,22.1740826368332,2.68243968486786,3.37022286653519,0,0,0.594412982463837,2.41752123832703,0,0,0,0,1.23438835144043,0,0,1.1631326675415,0,0.881182193756104,4.64964920282364,5.70836347341537,0,0,0,0,0,0,0,0,0,0,0.786749184131622,0.747279405593872,0,1.49356496334076,2.50719428062439,0.949128091335297,22.8260852992535,63.8339450359344,3.05127394199371,0.57889461517334,1.7006516456604,2.73948740959167,0,0,0,0.506921589374542,17.8760755062103,110.388468921185,0,0,1.6334193944931,0,0,0,0,1.49253159761429,3.44151437282562,3.03721261024475,3.38705083727837,5.12973886728287,0.654862880706787,0,0,0,0,1.10869467258453,4.2092170715332,10.9089700579643,4.66662532091141,6.41497755050659,11.8672680258751,24.4130029678345,15.7706432342529,14.4291327595711,27.5283740162849,14.0563888251781,536.799664437771,1329.34990513325,0,0,0.847118616104126,1.92597806453705,0,0,0,2.01133722066879,0,1.67844301462173,0,0.42972919344902,10.6091524362564,30.8255341649055,21.1551394760609,91.8241862654686,528.437470018864,247.678500443697,330.170585989952,34.7149780392647,1.46944546699524,6.2484335899353,11.4993194937706,5.35016876459122,82.9098310172558,153.616393297911,106.452935874462,177.744392037392,9.87222614884377,7.41086500883102,612.146201491356,0,1092.66143092513,64.7942294478416,183.926863193512,514.993142992258,226.865105748177,308.413841426373
0,0,0,0,0,0,0,0,0,0,0,0,0,0,0,0,0,0,0,0,0,0,0,0,0,0,0,0,0,0,0,0,0,0,0,1.47703635692596,17.3505077362061,8.5487816631794,18.0992768406868,3.72114145755768,0.553857386112213,0,0,1.63912224769592,0,0,0,4.31087109446526,0,0,0,0,0,0,0,0,0,0,0,0,0,0,0,0,0,0,0,10.1107297241688,0,0,0,13.0025621652603,5.092100918293,3.83674150705338,16.0687743425369,10.060421615839,58.9258887767792,125.910302937031,0,0,0,0,0,0,0,0,0,0,0,0,108.04679492116,209.03918492794,162.397733390331,366.925280630589,443.286914944649,448.466629207134,1399.57605004311,1198.84528598189,101.63375082612,206.417774796486,91.5544770359993,23.3710764050484,278.605225235224,397.326313018799,450.052451521158,1020.59766808152,81.4947478473186,85.7970271706581,241.485303342342,1092.66143092513,0,273.966786921024,680.865394920111,593.7201141119,270.813614934683,275.516896098852
0,0,0,0,0,0,0,0,0,0,0,0,0,0,0,0,0,0,0,0,0,0,0,0,0,0,0,0,0,0,0,0,0,0,0,0,1.81535595655441,1.3272442817688,2.87809571623802,0,0,0.83443146944046,0,0,0,0,0,0.537386476993561,0,0,0,0,0,0,0,0,0,0,0,0,0,0,0,0,0,0,0,0,0,0,1.60759007930756,3.70033663511276,0,0,0.457308679819107,1.77558809518814,12.8951075673103,10.1164488792419,0,0,0,0,0,0,0,0,0,0,0,0,63.1850378811359,35.7362721860409,40.8840380012989,31.0378574728966,63.1180504560471,5.85344356298447,75.0867640078068,56.3270429372787,47.3621118068695,188.146779686213,15.8306774497032,0.565099358558655,44.5426431298256,42.4968490302563,46.8018614947796,65.6101139187813,14.3142208755016,2.65551146864891,30.737222969532,64.7942294478416,273.966786921024,0,295.257249414921,148.780809879303,39.0131879746914,48.6035833358765
0,0,0,0,0,0,0,0,0,0,0,0,0,0,0,0,0,0,0,0,0,0,0,0,0,0,0,0,0,0,0,0,0,0,0,0,6.34059828519821,2.73403835296631,3.6441690325737,1.41721004247665,0,0,0,0,0,0,0,0.669681012630463,0,0,0,0,0,0,0,0,0,0,0,0,0,0,0,0,0,0,0,0,0,0,0.495990186929703,6.12605115771294,1.21701681613922,0,6.84449619054794,3.10277286171913,28.8938705921173,47.0474678277969,0,0,0,0,0,0,0,0,0,0,0,0,41.4978577494621,131.759927302599,92.4342798292637,172.863466411829,110.849157691002,38.5785336494446,141.393796801567,174.72779199481,22.8166918754578,330.402899891138,47.6589192152023,2.95444452762604,177.262975096703,197.326596945524,105.544605910778,163.617718726397,13.4794659912586,18.4715501070023,74.8656162619591,183.926863193512,680.865394920111,295.257249414921,0,303.8831628263,99.4319681227207,51.5235465764999
0,0,0,0,0,0,0,0,0,0,0,0,0,0,0,0,0,0,0,0,0,0,0,0,0,0,0,0,0,0,0,0,0,0,0,0,3.85886698961258,2.14514857530594,0.412590652704239,0,0,0,0,0,0,0,0,0.515084087848663,0,0,0,0,0,0,0,0,0,0,0,0,0,0,0,0,0,0,0,0,0,0,7.87322109937668,3.44566768407822,4.6775895357132,0,8.92411756515503,2.38013964891434,70.4708389639854,31.5241990089417,0,0,0,0,0,0,0,0,0,0,0,0,6.16644757986069,4.41236340999603,40.1982900798321,21.4314414560795,174.128489822149,16.3414093255997,65.7988151013851,17.3418628573418,4.35259294509888,17.9396787285805,35.2485244870186,1.08696115016937,590.096950143576,400.029299974442,96.681324839592,88.0367782115936,13.5676530599594,5.41923856735229,186.476311802864,514.993142992258,593.7201141119,148.780809879303,303.8831628263,0,341.180494755507,202.68148958683
0,0,0,0,0,0,0,0,0,0,0,0,0,0,0,0,0,0,0,0,0,0,0,0,0,0,0,0,0,0,0,0,0,0,0,0,6.5261904001236,4.16979485750198,3.17784595489502,0,0.333542823791504,0,0,0,0,0,0,0.527648508548737,0,0,0,0,0,0,0,0,0,0,0,0,0,0,0,0,0,0,0,0,0,0,1.47989112138748,0.973074108362198,4.72512778639793,1.3922877907753,11.8441705405712,1.80002427101135,39.8136900365353,73.0111592113972,0,0,0,0,0,0,0,0,0.547912657260895,0,0,0,5.17963689565659,44.5701012313366,21.9225945770741,153.305136352777,72.2694205343723,19.3263249993324,30.2008815705776,20.2753438353539,3.02442818880081,9.85880726575851,11.3084592521191,8.16732609272003,393.952619105577,303.197882860899,310.518919914961,546.992005169392,26.4203408062458,10.7869209051132,100.564290344715,226.865105748177,270.813614934683,39.0131879746914,99.4319681227207,341.180494755507,0,112.492724448442
1.29851758480072,2.04659485816956,0,0,0,0,0,0,0,0,0,0,0,0,0,0,0,0,0,0,0,0,0,0,0,0,0,0,0.760659635066986,0,0,0,0,0.709527850151062,0,0,7.33179196715355,2.11269623041153,0,0,1.02785423398018,0,0,0,0,0,0,2.02445033192635,0,0,0,0,0,0,0,1.02018284797668,0,0,0,0,0,0,0,0,0,0,0,0,0,0,7.39801096916199,10.069843351841,8.66359424591064,0,19.4400828182697,5.5173676609993,82.7159316837788,79.0774255394936,0,0,0,0,0,0,0,0,0,0,0,0,4.09302353858948,7.10992249846458,5.24743807315826,29.326251834631,117.49746721983,18.1101408600807,70.1824727654457,2.3015024960041,0.681473672389984,3.37357240915298,9.30110329389572,2.6401783823967,23.9406537115574,36.0265139639378,247.44209972024,534.106474906206,11.8595699071884,7.53910624980927,277.893072545528,308.413841426373,275.516896098852,48.6035833358765,51.5235465764999,202.68148958683,112.492724448442,0
