0,229.589440584183,4096.16671600938,127.348910927773,151.116718381643,0,6673.25906676054,164.792894721031,44.9454800784588,0,2975.96801304817,26.3879473507404,1508.28793534636,5.90732869505882,41.7093940079212,0,736.409988194704,17.2569608688354,1299.52735602856,1086.15686509013,0,0,28.3178523480892,37.0324295461178,9.8560531437397,0,3.08455538749695,0,1045.73925408721,1.48140275478363,32.8322724699974,26.8154593110085,15.3207248747349,268.117936909199,1.87598639726639,0.82034695148468,304.713496118784,0,231.538884699345,0,4.16585278511047,0,0,0,2.36835205554962,0,4.14567983150482,0,10.8611264824867,0,140.462547749281,0,47.1130903363228,0,26.1438274085522,0,16166.4694871604,8.48209851980209,647.683084905148,1.24482393264771,2515.45079040527,0,239.782616853714,0,497.989122182131,0,291.397705227137,11.6109935045242,2173.83830752969,55.8045534789562,1420.84937989712,110.072511851788,2935.25273358822,51.4645689129829,968.140982538462,26.8706902861595,3258.47858798504,167.063429504633,28.7942630052567,0,107.769084483385,0,42.2602173089981,0,1070.39309799671,0,0,0,724.731336504221,0,0,0,0,0,160.114742964506,2.15012168884277,28.8871008455753,0,0,0,0,0,1.84801685810089,0,35.7072977423668,1.81542307138443,10.0215040445328,1.02669596672058,35.039546251297,15.1060153245926,0,0,0,0,0,3.40502345561981
229.589440584183,0,47.6815317869186,5374.0784175992,0,4.03843849897385,2.93247604370117,5911.32649469376,0,0.960223495960236,4.89740169048309,3475.93812790513,2.09263545274734,1828.83782890439,0,55.7241481542587,5.13123863935471,1570.98451414704,481.240328520536,2310.67633664608,0,0,0,78.0806564092636,0,0,0,0,22.1217383146286,183.734784394503,13.3839263319969,26.9826819896698,112.94477507472,179.337145924568,1.14193230867386,1.69487988948822,9.69559615850449,101.499014884233,4.47928595542908,34.4361512064934,0,0,0.915723860263824,0,0,0,0,5.79646450281143,0,22.0418673455715,0,232.409740954638,0,2.8050422668457,0,3.83255767822266,43.7651053965092,12530.3541613221,2.63729065656662,588.713107615709,3.70233237743378,1362.40368461609,2.91533660888672,351.514443486929,0,1338.52462413907,64.0703129172325,141.08865326643,481.842037707567,868.873815119267,56.0383937656879,1732.85696578026,69.1442325115204,2912.34817749262,26.1773938536644,856.499900996685,117.283763349056,4024.7431024909,1.11352682113647,19.3305751681328,4.57204413414001,57.7455126941204,0,0.535987913608551,0,607.50559476018,0,0,0,382.37595513463,0,0,0,0,3.17447364330292,62.7001041173935,0,1.16485249996185,0,0,0,0,0,0,2.96769440174103,9.79067811369896,0,1.34970879554749,30.4198443889618,20.8877794146538,0,0,0,0,0,1.45759332180023
4096.16671600938,47.6815317869186,0,856.595374017954,656.060465484858,67.3649119734764,10829.0640395582,710.210682034492,328.368126988411,54.3996769189835,895.787376821041,65.0303830206394,1621.08215260506,153.096067905426,379.311295807362,78.4342708587646,229.117859005928,5.54090183973312,3269.80948078632,402.118678152561,3.906514108181,10.6675477027893,2654.38897424936,1510.28953573108,129.936645209789,156.145597785711,18.458860039711,44.5297822356224,1371.55301502347,16.8267015814781,296.055883765221,1078.25605615973,62.2816516458988,385.410373777151,4.43099907040596,1.09544479846954,103.89484795928,0,16.0140849947929,0,11.3372722864151,0,0,0,1.78566461801529,0,1.84728127717972,0,0,0,12.6987321376801,0,2.0470906496048,0,3.73880243301392,0,264.306054443121,0,175.521202266216,0,108.806142985821,0,57.1073734760284,0,16.442645072937,0,194.699045360088,2.67814195156097,127.396761834621,1.14152812957764,1540.8673325181,583.472297519445,3277.32760983706,254.041409373283,691.018335998058,92.4177423119545,2500.62322327495,178.560958772898,8.20074462890625,0,92.4260522127151,0,35.338181912899,0,242.761592686176,0,0,0,154.936659395695,0,0,0,0,0,79.2497820258141,0,4.78483587503433,0,0,0,0,0,0,0,12.0106502175331,0.557754278182983,0,0,43.6656723022461,12.4856387674809,0,0,0,0,0,3.15372717380524
127.348910927773,5374.0784175992,856.595374017954,0,108.224569767714,749.858796298504,513.341800898314,12552.1061165929,54.9147655963898,402.041263461113,32.6779493391514,1587.4405388236,158.123173505068,1405.15914070606,69.3830200433731,822.370424985886,4.53961902856827,274.562388151884,728.442140638828,2424.47470292449,9.9170446395874,5.05798077583313,920.913047611713,3048.06203040481,111.737596750259,177.627074986696,55.7173067033291,52.8201241791248,58.6411244273186,213.715732783079,246.061667501926,438.979480534792,142.940893799067,153.725102990866,0,3.8188488483429,2.64735984802246,33.6546274423599,0,5.36303114891052,0,2.49990594387054,0,0,0,1.1087738275528,0,12.7451996803284,0,7.23959574103355,0,91.6785376667976,0,0.843653738498688,0,0,21.1039483249187,295.027428090572,0,227.197878569365,0,64.4793745279312,0,85.8330633640289,0,155.933307826519,4.76312881708145,201.07993337512,43.66214671731,96.5518924295902,410.625488400459,2079.45008644462,273.293979138136,2570.04057177901,64.2810046672821,890.94230812788,209.23595893383,1849.67119854689,0,1.0196681022644,0,36.4924705922604,5.01012301445007,0,0,101.07766059041,0,0.475418359041214,0,24.53986120224,0,0,0,0,1.76655924320221,28.7809194326401,0,0,0,0,0,0,0,0,0,3.40755349397659,0,0,19.4837002754211,14.2463081479073,0,0,0,0,0,0
151.116718381643,0,656.060465484858,108.224569767714,0,67.6356076896191,1299.45756942034,12.2079573273659,2244.96949225664,50.6730670332909,28.5997362136841,0,80.5394505560398,2.11239084601402,1958.03297230601,33.2944191098213,3.99975878000259,0,17.8721921741962,0.729313552379608,261.902266561985,34.0206487774849,331.896500498056,175.848823219538,319.083063840866,259.844010233879,601.453278452158,103.158084183931,429.849606484175,1.06142592430115,130.304463773966,195.124318778515,19.318589925766,8.24019682407379,2.47429174184799,0,19.7350606024265,0,0,0,182.565921068192,0,0,0,0,0,0,0,0,0,0,0,0,0,0,0,7.59158039093018,0,0,0,0,0,4.02088922262192,0,0,0,0,0,1.29339015483856,0,856.788964658976,160.037125706673,1208.74508339167,24.8840969204903,101.540810853243,7.22356432676315,294.387442618608,0,0,0,0,0,16.8781543672085,0,1.98916929960251,0,8.14039251208305,0,5.54388052225113,0,0,0,0,0,3.4687452018261,0.564278066158295,0,0,0.647605061531067,0,0,0,0,0,0,0,0,0,3.17060694098473,0,0,0,0,0,0,0
0,4.03843849897385,67.3649119734764,749.858796298504,67.6356076896191,0,39.6207498311996,289.520707249641,26.7664842009544,2794.89412114024,1.41618371009827,5.90128967165947,23.0736505389214,20.3225796222687,68.983974635601,1509.00375029445,0,0,0,1.40065830945969,21.5222342610359,354.122338861227,190.211918741465,63.4095939993858,81.2259112298489,367.727355152369,84.7893988788128,1343.36996242404,8.29482471942902,70.1771271526814,72.4804703891277,46.4128974080086,0.400238186120987,2.17329743504524,0,0,0,2.63779753446579,0,0,0,128.705568015575,0,0,0,0,0,1.34628403186798,0,0,0,0,0,0,0,0,0,0.810278236865997,0,0,0,0,0,0.757962226867676,0,0,0,0,0,0,260.970343440771,864.24916613102,43.0057801008224,1019.74801257253,2.15773755311966,43.4937561750412,2.92074942588806,40.7855334877968,0,0,0,0,0,2.80735743045807,0,0,0,1.98622584342957,0,0.59808212518692,0,0,0,0,0,0,0,0,0,0,0,0,0,0,0,0,0,0,0.796226382255554,0.57790195941925,0,0,0,0,0,0
6673.25906676054,2.93247604370117,10829.0640395582,513.341800898314,1299.45756942034,39.6207498311996,0,498.292112320662,805.85427325964,36.4287154078484,1050.02854004502,51.978108227253,3873.09414711595,134.946958035231,200.085597604513,37.4441867470741,48.0164546966553,1.24775958061218,269.729036480188,124.040501594543,0,3.55913454294205,240.724741518497,747.55651935935,28.7380336523056,42.5191045403481,7.10623389482498,8.0744965672493,577.139027118683,6.34135484695435,79.0182175040245,415.555601477623,6.050118714571,160.26591449976,0,0,50.8397448956966,0,3.92578387260437,0,0,0,0.841814517974854,0,0,0,0.737380564212799,0,10.1784967780113,0,146.80859285593,0,8.35879069566727,0,7.72299075126648,0,315.129918962717,0,102.31307426095,0,424.994780212641,0,66.2765706181526,0,223.889027625322,0,18.554582208395,0.989863634109497,36.7645328342915,0,1683.39048787951,342.177907139063,1247.00650507212,126.039083749056,245.166685372591,54.5185462236404,1270.28485432267,76.4124236404896,6.25631099939346,0,157.387650668621,0,8.44845175743103,0,616.048595845699,0,0,0,316.167959570885,0,0,0,0,0,24.1902982294559,0,3.10909593105316,0,0,0,0,0,0,0,1.73268461227417,0,0,0,11.5163768827915,5.07786667346954,0,0,0,0,0,4.26892793178558
164.792894721031,5911.32649469376,710.210682034492,12552.1061165929,12.2079573273659,289.520707249641,498.292112320662,0,14.7534198462963,361.354057490826,31.7129345536232,1813.45816144347,148.754396170378,6129.16177010536,9.97340852022171,502.063671499491,5.53972506523132,91.4103438556194,874.909255772829,486.104262530804,1.80971640348434,1.5211706161499,580.13550940156,742.524546563625,7.82814618945122,8.17498487234116,5.43129846453667,4.33852100372314,51.0596196353436,110.26958835125,145.796078801155,169.621000230312,125.818510264158,83.114669919014,0.605248868465424,1.34411990642548,2.93522131443024,23.6879915893078,1.16750621795654,2.65178245306015,0,0,0,0,0,1.02381438016891,0,7.62581247091293,0,7.10350131988525,0,182.958063334227,0,3.57339018583298,0,8.40052032470703,16.6339254975319,572.416033178568,0,67.8404639363289,0,431.141063272953,0,139.405739307404,0,843.727815449238,0,22.7841191291809,65.9696114361286,13.5431708097458,330.65874966979,2612.56471654773,155.659752607346,1354.3024943471,30.9391310214996,472.227386176586,202.384564608335,1279.85530039668,0,11.2261800169945,1.48840868473053,35.8873899579048,2.17010807991028,0,0,587.420718252659,0,0,0,377.707323044538,0,0,0,0,1.09222269058228,13.3799220919609,0,0,0,0,0,0,0,0,0,2.03532308340073,0,0,15.4011330008507,8.50165194272995,0,0,0,0,0,1.2276599407196
44.9454800784588,0,328.368126988411,54.9147655963898,2244.96949225664,26.7664842009544,805.85427325964,14.7534198462963,0,9.89817935228348,22.7564786076546,0,210.857633501291,2.50531566143036,2281.21010047197,9.6551970243454,0.32992747426033,0,10.0214302539825,0,36.2557974755764,1.22767245769501,88.9549730718136,78.0241433978081,37.8689170777798,88.7118239402771,54.2837755680084,18.9287130236626,275.607315629721,0,14.5856197476387,71.2854871153831,2.22990909218788,4.087029337883,0,0,14.6102158427238,0,0,0,79.0181130170822,0,0,0,0,0,0.64130300283432,0,0,0,0,0,0,0,0.715904772281647,0,10.4347125887871,0,0,0,0,0,0,0,0,0,0,0,0,0,364.334318727255,60.178454220295,873.969982504845,7.6044636964798,59.2089492678642,1.65968650579453,172.124666839838,0,0,0,6.06159520149231,0,5.98111248016357,0,2.45059710741043,0,6.08829075098038,0,7.24841284751892,0,0,0,0,0,0,0,0,0,0,0,0,0,0,0,0,0,0,0,1.80661118030548,1.46693435311317,0,0,0,0,0,0
0,0.960223495960236,54.3996769189835,402.041263461113,50.6730670332909,2794.89412114024,36.4287154078484,361.354057490826,9.89817935228348,0,0,4.86523169279099,13.9120486676693,140.301425486803,25.1604753136635,2064.75555190444,0,0,0,0,8.5755415558815,46.5201575756073,103.241947799921,48.8059025108814,33.0720272064209,102.700758934021,37.4783529937267,469.083448112011,10.6568805575371,31.9307746291161,23.7399091720581,23.2632187604904,0.857053458690643,0,0,1.41953229904175,0,3.14835733175278,0,0,0,32.9757869839668,0,0,0,0,0,0,0,0,0,0,0,0,0,0.663036406040192,0,4.05827212333679,0,0,0,0,0,1.48941791057587,0,0,0,0,0,0,132.342603296041,806.183207660913,25.1340530514717,807.29310080409,1.22466915845871,36.4152968227863,3.61669474840164,34.9634411931038,0,0,0,0,0,0,0,0,0,2.34741896390915,0,0,0,0,0,0,0,0,0,0,0,0,0,0,0,0,0,0,0,0,0.664428532123566,0,0,0,0,0,0,0
2975.96801304817,4.89740169048309,895.787376821041,32.6779493391514,28.5997362136841,1.41618371009827,1050.02854004502,31.7129345536232,22.7564786076546,0,0,0.576171875,2300.35159906745,3.44266021251678,75.2290133833885,0,680.464606523514,0,685.093509763479,90.7001448273659,0,0,37.8379144668579,25.8946604132652,2.41893202066422,0,1.44862854480743,0,559.542992889881,0,19.952341735363,30.4106861352921,4.65446543693542,45.658683359623,2.96378865838051,0,2.20571911334991,0,1.04487192630768,0,0.932096540927887,0,0,0,3.73643153905869,0,0,0,2.41161721944809,0,13.9533708095551,0,3.06023383140564,0,1.10695326328278,0,226.660947948694,0,47.686586022377,0,565.686234086752,0,260.559163093567,0,35.4601039290428,0,23.163723140955,0,61.3431858122349,0,241.281928747892,24.1029913425446,129.191894978285,4.84346497058868,20.4167324900627,5.5254442691803,77.0518892407417,7.04144358634949,6.65981486439705,0,305.33471339941,0,38.7093050479889,0,702.236663103104,0,0,0,243.875783383846,0,0,0,0,0,0,0,0.883247673511505,0,0,0,0,0,0,0,0,0,0,0,0,0,0,0,0,0,0,0
26.3879473507404,3475.93812790513,65.0303830206394,1587.4405388236,0,5.90128967165947,51.978108227253,1813.45816144347,0,4.86523169279099,0.576171875,0,5.05283427238464,3646.52341473103,0,187.041209757328,0.77807205915451,997.206989347935,244.855732291937,1012.84059482813,0,0,31.3288931250572,232.287363141775,0,0.634091556072235,0,3.03623962402344,11.1669636070728,980.733519554138,34.1964903473854,59.9479573965073,25.6258792281151,62.3322810828686,0,1.99657931923866,0,4.02814376354218,0,0,0,0,0,0,0,0.398764967918396,0,0.369556397199631,0,0,0,18.6865421831608,0,0,0,0,5.75158029794693,475.261456489563,0,50.9035824537277,0,656.198485285044,0,713.949738591909,0,272.572910785675,0,53.5492227375507,5.23899364471436,17.5806627571583,29.0975632965565,415.658616065979,22.654168844223,1325.81258180737,3.88135206699371,48.7528700828552,31.4765327572823,118.431560218334,0,16.1469648480415,0,164.188786923885,1.63931429386139,0,0,604.438467532396,0,0,0,113.853457957506,0,0,0,0,0,0.776545643806458,0,0,0,0,0,0,0,0,0,0,0,0,0,0,0,0,0,0,0,0
1508.28793534636,2.09263545274734,1621.08215260506,158.123173505068,80.5394505560398,23.0736505389214,3873.09414711595,148.754396170378,210.857633501291,13.9120486676693,2300.35159906745,5.05283427238464,0,25.1340984106064,1849.71417963505,17.4454912543297,173.57722184062,0,438.78248000145,36.8275839686394,2.05075597763062,0.895544290542603,211.100334405899,225.681401669979,11.4794263243675,17.1987386643887,1.10628199577332,3.45045244693756,3326.06715106964,2.71581998467445,51.4196804761887,136.042079359293,10.7103534936905,50.8140855133533,3.11959505081177,0.480091661214828,21.0056367516518,0,0.799095749855042,0,1.79908502101898,0,0,0,2.7739804983139,0,0.710853040218353,0,1.30679386854172,0,8.77260005474091,0,0,0,2.31316310167313,0,125.176602631807,0,14.3735158741474,0,318.319468975067,0,255.259137153625,0,27.8508143424988,0,10.6984657943249,0,29.8994920253754,0,1044.48934817314,122.345474988222,1094.38533377647,27.9442684352398,111.12465763092,14.0643891394138,460.773007005453,9.8038055896759,6.7015272974968,0,533.845562309027,0,7.05065900087357,0,741.070066869259,0,0,0,177.794133484364,0,0,0,0,0,5.10583052039146,0,0,0,0,0,0,0,0,0,0,0,0,0,2.88059020042419,0.647206127643585,0,0,0,0,0,0
5.90732869505882,1828.83782890439,153.096067905426,1405.15914070606,2.11239084601402,20.3225796222687,134.946958035231,6129.16177010536,2.50531566143036,140.301425486803,3.44266021251678,3646.52341473103,25.1340984106064,0,2.3859700858593,1901.36886048317,0,120.405019670725,157.879342615604,274.488079845905,0,0,144.998259693384,350.123892694712,0.559351086616516,3.77986872196198,0.696834623813629,3.44715017080307,10.5274952948093,1500.6186080277,38.3586492538452,94.3146402239799,17.5906897187233,43.6569473147392,0,3.44554656744003,0,0,0,0,0,1.48078322410583,0,0,0,0,0,2.62496727705002,0,0.910514354705811,0,9.86427772045135,0,0,0,0,0,163.893691718578,0,11.4130156636238,0,321.22776427865,0,309.188739746809,0,222.206546723843,0,18.2074067592621,0,2.25286984443665,104.417660534382,1196.21103826165,21.0723910629749,1423.36695754528,4.27412140369415,209.806558251381,17.5250597000122,280.371071398258,0,4.92925673723221,0,76.4580034017563,0,0,0,373.904253125191,0,0,0,43.5367739498615,0,0,0,0,0,0,0,0,0,0,0,0,0,0,0,0,0,0,2.35883760452271,0,0,0,0,0,0,0
41.7093940079212,0,379.311295807362,69.3830200433731,1958.03297230601,68.983974635601,200.085597604513,9.97340852022171,2281.21010047197,25.1604753136635,75.2290133833885,0,1849.71417963505,2.3859700858593,0,19.4070515036583,15.2208209037781,0,23.9854403734207,0,95.9633122086525,16.2614508867264,250.713113129139,139.778442502022,275.752072900534,211.717015177011,456.168529182673,66.4868831634521,2642.07907578349,0,85.2624771893024,106.858514279127,17.3305521011353,3.88935476541519,1.52884179353714,0,25.7501537799835,0,2.27516067028046,0,119.570420831442,0,0,0,0,0,2.34152293205261,0,0,0,0,0,0,0,0.830882847309113,0,17.7968379855156,0,0,0,1.88262450695038,0,10.0279089212418,0,0,0,0,0,1.72936624288559,0,1157.26371520758,109.054380148649,2240.71347090602,27.5754926204681,218.986439466476,4.84660363197327,509.462867856026,0,1.63113641738892,0,37.7273140847683,0,13.7455627322197,0,10.2037347555161,0,13.6620380282402,0,11.1318414211273,0,0,0,0,0,7.50461733341217,0,1.04866737127304,0,0,0,0,0,0,0,1.17986786365509,0.477453887462616,0,0,4.69553333520889,2.23709404468536,0,0,0,0,0,0.696058392524719
0,55.7241481542587,78.4342708587646,822.370424985886,33.2944191098213,1509.00375029445,37.4441867470741,502.063671499491,9.6551970243454,2064.75555190444,0,187.041209757328,17.4454912543297,1901.36886048317,19.4070515036583,0,0,20.1181465983391,1.94621324539185,27.791395008564,1.69109869003296,272.388304829597,117.135845273733,229.596055567265,44.1216198205948,177.958425760269,30.5393105745316,420.612444728613,1.88478553295135,2243.67637076974,31.1524122953415,77.9754804372787,3.38796308636665,6.15704700350761,0,0,0,16.4436172842979,0,0.768501996994019,0,173.602952837944,0,0,0,0,0,2.02573472261429,0,0,0,0,0,0,0,0.701440036296844,0,22.8538013994694,0,0,0,5.20516645908356,0,45.3627616167068,0,4.58268314599991,0,0,0,0,207.101629137993,2165.33123913407,23.0130690932274,3566.7726110816,3.37981528043747,187.940710157156,2.92315858602524,160.672648012638,0,1.13300967216492,0,25.7034898400307,0,7.44890528917313,0,10.7502317428589,0,3.01967060565948,0,0,0,0,0,0,0,3.21365985274315,0,0,0,0,0,0,0,0,0,0.795831024646759,0,0,0.743219971656799,1.00321936607361,0,0,0,0,0,0
736.409988194704,5.13123863935471,229.117859005928,4.53961902856827,3.99975878000259,0,48.0164546966553,5.53972506523132,0.32992747426033,0,680.464606523514,0.77807205915451,173.57722184062,0,15.2208209037781,0,0,0,197.399530440569,29.3345238566399,0,0,4.53678277134895,0.49840372800827,2.63052356243134,0,0,0,3244.71044790745,0,4.65835013985634,5.3404244184494,1.48276209831238,29.7322317361832,0,1.73941725492477,7.56392848491669,0.664363622665405,0,0,0,0,0.725485146045685,0,1.88636034727097,0,0,0,0.64539098739624,0,4.80038741230965,0,0.475708872079849,0,0.947944641113281,0,1928.6883700192,7.87547826766968,114.338791042566,1.54408609867096,479.3587064147,0,719.289793998003,0.725618600845337,9.23228812217712,0,54.7267981767654,0.53817617893219,89.5590723454952,7.6749772131443,50.2091492414474,8.81223201751709,202.109984755516,6.42637848854065,10.3667387366295,1.05320000648499,60.5517422556877,7.92751163244247,234.013216197491,0.785726606845856,1555.40884914994,0,60.3074198365211,0,92.6878091990948,0,0.802811026573181,0,26.4697852730751,0,0,0,0,0,1.14367565512657,0,0,0,0,0,0,0,0,0,0,0,0,0,1.65504002571106,0,0,0,0,0,0,0
17.2569608688354,1570.98451414704,5.54090183973312,274.562388151884,0,0,1.24775958061218,91.4103438556194,0,0,0,997.206989347935,0,120.405019670725,0,20.1181465983391,0,0,59.6287122070789,397.173730671406,0,0,1.58699679374695,6.33554542064667,0,0,0,0,0,2068.07388776541,0,6.01542210578918,12.2709087133408,27.1242379546165,1.80162107944489,0.594154715538025,0,3.41135311126709,0,0,0,0,0,0,0,1.81823247671127,0,1.03564536571503,0,3.23910319805145,0,20.8010259568691,0,0.324682086706161,0,0,3.18326842784882,3493.69265520573,0,89.4225497841835,0,310.997213065624,0,1917.75239288807,0,78.2820864021778,0.854328036308289,36.4090894460678,5.86806496977806,52.5202477872372,8.87623140215874,126.860435515642,7.84594911336899,1478.20812162757,1.63501465320587,38.3005325198174,9.22351732850075,91.7357124686241,0,328.992010831833,0,678.245560497046,0,14.880254805088,0,114.819173246622,0,0,0,42.0355595946312,0,0,0,0,0,0,0,0,0,0,0,0,0,0,0,0,0,0,0,0,0,0,0,0,0,0
1299.52735602856,481.240328520536,3269.80948078632,728.442140638828,17.8721921741962,0,269.729036480188,874.909255772829,10.0214302539825,0,685.093509763479,244.855732291937,438.78248000145,157.879342615604,23.9854403734207,1.94621324539185,197.399530440569,59.6287122070789,0,3468.40087431669,1.03141072392464,0,1005.22567924857,899.212850064039,1.81943249702454,1.54983830451965,0,0,538.779370993376,8.60602205991745,850.97916457057,633.221156597137,2895.382850945,2110.10766685009,25.9275292158127,13.1841151714325,126.694690078497,10.6902844905853,58.1120196580887,0,8.32494670152664,0,23.0125219225883,2.94597983360291,17.5239532291889,0,42.2196036875248,6.9402266740799,0.689734756946564,0,12.270969748497,0,0,0,1.04170346260071,0,248.015908777714,14.98792552948,334.997806102037,2.59391325712204,70.7162967324257,0.714001893997192,16.691569507122,0.614943265914917,9.49443089962006,0,2057.12985482812,69.9340350329876,3300.75564387441,92.6330232024193,717.065404444933,455.327553957701,1307.10060510039,375.420920222998,611.001849651337,163.404007077217,2198.54499310255,702.941711753607,1.36360883712769,0,33.1554295420647,0,41.4401973485947,0,117.684158265591,0,0,0,60.9862739145756,0,0,0,0,0,94.5011692643166,0.657116889953613,8.60316762328148,0,0,0,0,0,0,0,7.81454426050186,0,0.665400981903076,0,45.6882689595222,10.7508206367493,0,0,0,0,0,1.08497524261475
1086.15686509013,2310.67633664608,402.118678152561,2424.47470292449,0.729313552379608,1.40065830945969,124.040501594543,486.104262530804,0,0,90.7001448273659,1012.84059482813,36.8275839686394,274.488079845905,0,27.791395008564,29.3345238566399,397.173730671406,3468.40087431669,0,0,0,58.7408161461353,805.526219755411,0,3.58539497852325,0,0,89.4712669253349,69.6082007884979,194.295229256153,329.88019400835,917.140042811632,4591.12946045399,4.57505184412003,16.0529862940311,32.9888926744461,71.553407728672,25.463607609272,11.3879283964634,0,0,4.1785295009613,3.0917474925518,0,2.25266456604004,3.68644863367081,44.9364783465862,0,0,0,18.0538547635078,0,0,0,0.716655671596527,216.862791627645,442.707976937294,3.32797783613205,449.866263091564,5.61911332607269,40.0538403093815,2.18476748466492,48.7145609557629,0,49.1745217740536,182.875466495752,1359.40664735436,1497.42476889491,3092.35800465941,258.617646545172,947.964795410633,357.561339855194,1097.08864352107,111.836126446724,600.986118495464,777.204456567764,2804.43070676923,0,5.88998782634735,0,9.25288209319115,10.2629370987415,0,0,92.0737459659576,0,0,0,29.2241198122501,0,0,0,0,13.9552423357964,41.1344283521175,0.686092555522919,0,0,0,0,0,0,0,0,7.97942316532135,0,0,42.5588212013245,13.0525193214417,0,0,0,0,0,2.54895329475403
0,0,3.906514108181,9.9170446395874,261.902266561985,21.5222342610359,0,1.80971640348434,36.2557974755764,8.5755415558815,0,0,2.05075597763062,0,95.9633122086525,1.69109869003296,0,0,1.03141072392464,0,0,134.864066720009,79.1344265937805,13.6177491545677,128.520786762238,85.3348089158535,760.681920260191,60.087355941534,116.603237003088,0,586.801901936531,50.3958506584167,87.0919894874096,0,7.20620906352997,0,15.7506106495857,3.65171754360199,0,0,238.000212669373,6.10238605737686,1.96371671557426,0,0,0,0,0,0,0,0,0,0,0,1.33113896846771,0,0,0,0,0,0,0,0,0,0,0,7.09681944549084,0.895256340503693,0,0,914.663023918867,58.2303649783134,165.822627395391,1.59584248065948,44.7873812317848,1.84842789173126,46.2017720937729,1.20785987377167,0,0,0,0,0,0,0,0,0,0.632909655570984,2.62940466403961,0,0,0,0,0,0,0,0,0,0,0,0,0,0,0,1.04377090930939,1.3398460149765,0,0,0,0,0,0,0,0,0,0
0,0,10.6675477027893,5.05798077583313,34.0206487774849,354.122338861227,3.55913454294205,1.5211706161499,1.22767245769501,46.5201575756073,0,0,0.895544290542603,0,16.2614508867264,272.388304829597,0,0,0,0,134.864066720009,0,52.583970785141,14.2599566876888,109.977387577295,908.490613013506,195.133867323399,1204.09526994824,0.657223701477051,40.6140284538269,188.639952003956,467.688939005136,8.54959306120872,4.51706740260124,3.31823426485062,0,12.7272845506668,12.8161351084709,5.96069777011871,0,2.65915322303772,538.380576848984,0,0,0,0,0,0,0,0,0,0,0,0,0,0,0,0,0,0,0,0,0,0,0,0,0.277973800897598,0,0,0,193.962864279747,562.827566176653,10.938992857933,113.862180948257,0,1.25733423233032,1.43014132976532,6.15581142902374,0,0,0,0,0,36.2551801204681,0,0,0,3.55926591157913,0,0.74061506986618,0,0,0,0,0,0,0,0,0,0,0,0,0,0,0,0,0,0,0,0,0,0,0,0,0,0
28.3178523480892,0,2654.38897424936,920.913047611713,331.896500498056,190.211918741465,240.724741518497,580.13550940156,88.9549730718136,103.241947799921,37.8379144668579,31.3288931250572,211.100334405899,144.998259693384,250.713113129139,117.135845273733,4.53678277134895,1.58699679374695,1005.22567924857,58.7408161461353,79.1344265937805,52.583970785141,0,2286.6119710207,532.562241047621,719.813735961914,273.643538355827,157.323621422052,201.977908819914,13.3560517728329,3033.72361814976,2079.07788145542,1223.26369376481,326.890507906675,141.815341129899,0,18.0650686919689,0,4.57811799645424,0,5.25910502672195,0.97906082868576,34.3612479865551,0,32.3072978854179,0,26.2046718001366,0,0.644295513629913,0,0,0,0,0,0,0,8.46004909276962,0,0.78470903635025,0,0,0,2.09397983551025,0,0,0,443.883654996753,0,9.48244649171829,0,1074.29627254605,781.928766667843,899.611386418343,271.19264575839,151.618743091822,88.3531941771507,553.241849720478,124.608538269997,0,0,3.91180270910263,0,0,0,0,0,0.46343606710434,0,0,0,0,0,0,0,1.19784885644913,0,0,0,0,0,0,0,0,0,0,0,0,0,2.79650968313217,0.633257687091827,0,0,0,0,0,1.288578748703
37.0324295461178,78.0806564092636,1510.28953573108,3048.06203040481,175.848823219538,63.4095939993858,747.55651935935,742.524546563625,78.0241433978081,48.8059025108814,25.8946604132652,232.287363141775,225.681401669979,350.123892694712,139.778442502022,229.596055567265,0.49840372800827,6.33554542064667,899.212850064039,805.526219755411,13.6177491545677,14.2599566876888,2286.6119710207,0,250.822282195091,881.963631808758,99.3382281064987,104.579772919416,65.0213152468204,73.9130644202232,484.512656807899,3010.32635909319,194.766853928566,1898.87110650539,0,69.3117572069168,0,8.66944539546967,0,0,0,2.40809690952301,0,5.65574881434441,0,0.65908545255661,0,40.1827616393566,0,0,0,0,0,0,0,0,0.784508764743805,29.9384241700172,0,6.21151059865952,0,1.56851351261139,0,28.9608683586121,0,5.56215143203735,0.994200170040131,264.207133203745,0.81279593706131,6.21051317453384,728.975948631763,1452.02996897697,441.815219163895,1218.87800291181,88.0619472265244,454.530523717403,208.847342312336,729.249311566353,0,0,0,21.0537493824959,1.42692768573761,0,0,7.90906676650047,0,0,0,0,0,0,0,0,0,5.30547273159027,0,0,0,0,0,0,0,0,0,0.66618949174881,0,0,8.78488522768021,1.23315751552582,0,0,0,0,0,0
9.8560531437397,0,129.936645209789,111.737596750259,319.083063840866,81.2259112298489,28.7380336523056,7.82814618945122,37.8689170777798,33.0720272064209,2.41893202066422,0,11.4794263243675,0.559351086616516,275.752072900534,44.1216198205948,2.63052356243134,0,1.81943249702454,0,128.520786762238,109.977387577295,532.562241047621,250.822282195091,0,600.356365889311,1216.99474063516,184.792831033468,66.274836063385,0.586875677108765,258.52023178339,378.542312502861,17.0420471131802,5.35632622241974,2.66069552302361,0,5.43996903300285,0,0,0,14.0712339282036,0,0,0,0,0,0,0,0,0,0,0,0,0,0.529443860054016,0,0,0,0,0,0,0,0,0,0,0,1.35708916187286,0,0,0,509.840207517147,138.580598443747,364.960063666105,34.858805924654,27.7671056687832,3.15314161777496,82.1048752963543,0,0,0,0,0,0,0,0,0,0,0,0,0,0,0,0,0,0.820389360189438,0,0,0,0,0,0,0,0,0,0,0,0,0,0.634077847003937,1.71886742115021,0,0,0,0,0,0
0,0,156.145597785711,177.627074986696,259.844010233879,367.727355152369,42.5191045403481,8.17498487234116,88.7118239402771,102.700758934021,0,0.634091556072235,17.1987386643887,3.77986872196198,211.717015177011,177.958425760269,0,0,1.54983830451965,3.58539497852325,85.3348089158535,908.490613013506,719.813735961914,881.963631808758,600.356365889311,0,460.544703364372,1593.07826346159,10.6764931678772,7.11745432019234,327.306628614664,1109.77086806297,28.127391397953,25.7545500993729,0,0,0.769092798233032,0,0,0,7.29835450649261,2.83021175861359,0,0,0,0,0,0.84020134806633,0,0,0,0,0,0,0,0,0,0,0,0,0,0,0,0,0,0,0,3.00503161549568,0,0,760.201483428478,675.61286726594,146.479019403458,202.70936563611,11.3222015500069,11.5335748195648,13.13981539011,10.3767266869545,0,0,0,0,0.92524641752243,0,0,0,0,0,0,0,0,0,0,0,0,0,0,0,0,0,0,0,0,0,0,0,0,0,0,0,0,0,0,0,0,0
3.08455538749695,0,18.458860039711,55.7173067033291,601.453278452158,84.7893988788128,7.10623389482498,5.43129846453667,54.2837755680084,37.4783529937267,1.44862854480743,0,1.10628199577332,0.696834623813629,456.168529182673,30.5393105745316,0,0,0,0,760.681920260191,195.133867323399,273.643538355827,99.3382281064987,1216.99474063516,460.544703364372,0,301.010802984238,59.1875289976597,0,630.866452157497,199.136609375477,91.7846838831902,4.96395990252495,14.4976339936256,0,4.18806433677673,0,0.862145304679871,0,32.3665271103382,0,0,0,0,0,0.393984526395798,0,0,0,0,0,0,0,0,0,0,0,0,0,0,0,0,0,0,0,4.57950747013092,0,0,0,1010.68694350123,170.878237843513,215.062965631485,22.8757346868515,10.6244939565659,0,36.7362681925297,1.36085039377213,0,0,0,0,2.65785872936249,0,0,0,0.642319083213806,0,0,0,0,0,0,0,0,0,0,0,0,0,0,0,0,0,0.612530887126923,0,0,0,0,0,0,0,0,0,0,0
0,0,44.5297822356224,52.8201241791248,103.158084183931,1343.36996242404,8.0744965672493,4.33852100372314,18.9287130236626,469.083448112011,0,3.03623962402344,3.45045244693756,3.44715017080307,66.4868831634521,420.612444728613,0,0,0,0,60.087355941534,1204.09526994824,157.323621422052,104.579772919416,184.792831033468,1593.07826346159,301.010802984238,0,5.71515262126923,13.4307419657707,161.045551627874,218.219981193542,10.2690340578556,6.75553360581398,0,0,2.74433887004852,15.489560842514,0,0,0,51.7205694317818,0,0,0,0.678813993930817,0,0,0,0,0,0,0,0,0,0,0,1.50685000419617,0,0,0,0,0,1.6818573474884,0,0,0,0,0,0,473.102610051632,879.945636361837,24.4708670973778,443.408318758011,3.75398170948029,10.490961432457,4.80121982097626,18.2976999282837,0,0,0,0,0,2.71212351322174,0,0,0,0,0,0,0,0,0,0,0,0.781979739665985,0,0,0,1.51452577114105,0,0,0,0,0,0.489908158779144,0,0,0,0,0,0,0,0,0,0
1045.73925408721,22.1217383146286,1371.55301502347,58.6411244273186,429.849606484175,8.29482471942902,577.139027118683,51.0596196353436,275.607315629721,10.6568805575371,559.542992889881,11.1669636070728,3326.06715106964,10.5274952948093,2642.07907578349,1.88478553295135,3244.71044790745,0,538.779370993376,89.4712669253349,116.603237003088,0.657223701477051,201.977908819914,65.0213152468204,66.274836063385,10.6764931678772,59.1875289976597,5.71515262126923,0,2.10460579395294,51.5024220049381,65.47791492939,26.9545364379883,89.9274784326553,22.8208446800709,59.6012193858624,222.436141192913,48.9301178455353,25.9960157871246,0,917.509282112122,0,185.442976802588,0.695166349411011,55.9590037763119,0,344.027904719114,4.18930035829544,93.8162002563477,0,242.478458046913,0,70.2913889586926,0,110.592960745096,4.39401769638062,1613.98600488901,32.306322157383,679.644022673368,18.0815029144287,513.767410814762,23.8324375748634,427.090138524771,19.8437879681587,135.461243271828,4.88352352380753,373.001689821482,146.33352792263,221.215779155493,28.5609440505505,308.280463159084,63.0074736177921,2350.00231775641,39.2730853557587,68.8610763549805,4.76398086547852,314.869213789701,45.3652333021164,232.682982593775,0,1598.44470277429,3.03016859292984,683.212210923433,0,408.078887909651,0,158.294933199883,0,220.931406646967,0,5.86791270971298,0,1.62574887275696,0,7.94862246513367,0,6.61955165863037,0,19.3977870941162,0,1.84161972999573,0,0,2.08820509910583,0,1.81876242160797,0,0,0,0,0,0,0,0,0,0
1.48140275478363,183.734784394503,16.8267015814781,213.715732783079,1.06142592430115,70.1771271526814,6.34135484695435,110.26958835125,0,31.9307746291161,0,980.733519554138,2.71581998467445,1500.6186080277,0,2243.67637076974,0,2068.07388776541,8.60602205991745,69.6082007884979,0,40.6140284538269,13.3560517728329,73.9130644202232,0.586875677108765,7.11745432019234,0,13.4307419657707,2.10460579395294,0,4.31392085552216,22.1911055743694,16.3490205109119,14.0415446162224,5.75865817070007,16.6927307248116,9.61428546905518,121.568852990866,0,5.59013602137566,0,610.386633753777,2.37606060504913,25.6594516932964,11.3078995943069,53.7611774504185,0,46.6647063493729,3.25305116176605,57.0965273082256,0,101.671732068062,0,39.3582518994808,0,20.6589563190937,12.2847243845463,467.418475031853,8.4252308011055,202.78852045536,6.48717659711838,66.5506482124329,3.35865408182144,340.875656634569,0,32.2648937702179,42.7723378539085,154.765093386173,4.77294665575027,35.8133261203766,18.9067424833775,191.375783234835,8.53491806983948,5884.18314370513,4.16387397050858,46.4897222518921,8.26645731925964,67.7050112783909,0,323.919466376305,4.64140617847443,600.477729201317,0,132.99703130126,0,121.055413514376,0,6.65764120221138,0,27.2668617665768,0,1.63873791694641,0,0,0,0,0,0,1.50056731700897,0.465171068906784,0,0,0,1.72137856483459,0,1.55166506767273,0,0,0.530962884426117,0,0,0,0,0,0,0
32.8322724699974,13.3839263319969,296.055883765221,246.061667501926,130.304463773966,72.4804703891277,79.0182175040245,145.796078801155,14.5856197476387,23.7399091720581,19.952341735363,34.1964903473854,51.4196804761887,38.3586492538452,85.2624771893024,31.1524122953415,4.65835013985634,0,850.97916457057,194.295229256153,586.801901936531,188.639952003956,3033.72361814976,484.512656807899,258.52023178339,327.306628614664,630.866452157497,161.045551627874,51.5024220049381,4.31392085552216,0,818.601329296827,1909.61122940481,232.778452128172,146.468428015709,4.55739516019821,11.7582444548607,1.29435741901398,4.74352025985718,0,6.56708496809006,2.63472086191177,45.2586504817009,0,50.3312684297562,0,44.5668335855007,0,3.14510768651962,0,3.47880166769028,0,1.21879100799561,0,0.833775579929352,0,7.87313485145569,2.35598206520081,2.84367293119431,0,2.50906121730804,0,0,0,1.5833780169487,0.624293386936188,723.44317959249,21.7671711444855,8.76406046748161,1.56822645664215,1126.02373969555,219.806675493717,204.426486194134,103.489888191223,39.2602682113647,47.853944003582,202.994186908007,84.8570652008057,0,0,2.65354347229004,0,2.70452344417572,0,4.81187862157822,0.704894244670868,0,0,9.29206576943398,2.57904523611069,0,0,0,0,5.64568936824799,0,2.69481408596039,0,0,0,0,0,0.692614018917084,0,3.73875737190247,0,0,0,1.48806416988373,1.51250296831131,0,0,0,0,0,0
26.8154593110085,26.9826819896698,1078.25605615973,438.979480534792,195.124318778515,46.4128974080086,415.555601477623,169.621000230312,71.2854871153831,23.2632187604904,30.4106861352921,59.9479573965073,136.042079359293,94.3146402239799,106.858514279127,77.9754804372787,5.3404244184494,6.01542210578918,633.221156597137,329.88019400835,50.3958506584167,467.688939005136,2079.07788145542,3010.32635909319,378.542312502861,1109.77086806297,199.136609375477,218.219981193542,65.47791492939,22.1911055743694,818.601329296827,0,285.618637889624,2355.31218111515,5.33680063486099,141.426727294922,12.6081258058548,3.48687970638275,1.54536402225494,10.8152612745762,2.23945665359497,0,4.391193151474,6.50595840811729,1.64094454050064,0.913082629442215,6.85790985822678,75.2654311656952,0,0,2.94208109378815,0,0,0,0,0,4.57106310129166,11.1683597564697,0.888158619403839,1.64024409651756,0,2.99700033664703,1.72066783905029,11.6933483481407,0.795591175556183,5.87556040287018,33.5789926946163,449.814905673265,7.4983292222023,2.47576785087585,727.904885679483,699.2223752141,409.922732442617,192.703355103731,63.6749311387539,79.3303048312664,313.24713280797,198.192498534918,0,0,1.6560595035553,15.5303787887096,1.06775951385498,0,4.2301949262619,18.1349039673805,0,0,2.83635854721069,0,0,0,0,0,3.02601683139801,1.48704099655151,0,0,0,1.25704753398895,0,0,0,0,0,0.766376376152039,0,0,3.47709053754807,1.00957608222961,0,0,0,0,0,0
15.3207248747349,112.94477507472,62.2816516458988,142.940893799067,19.318589925766,0.400238186120987,6.050118714571,125.818510264158,2.22990909218788,0.857053458690643,4.65446543693542,25.6258792281151,10.7103534936905,17.5906897187233,17.3305521011353,3.38796308636665,1.48276209831238,12.2709087133408,2895.382850945,917.140042811632,87.0919894874096,8.54959306120872,1223.26369376481,194.766853928566,17.0420471131802,28.127391397953,91.7846838831902,10.2690340578556,26.9545364379883,16.3490205109119,1909.61122940481,285.618637889624,0,1026.93725851178,395.957238763571,37.1431948542595,40.8716137111187,38.233696192503,63.7818596065044,9.2812539935112,7.17081928253174,0,55.9599981307983,3.76991069316864,82.5118207633495,0,88.6625179350376,11.2415389716625,7.58164358139038,0.592543244361877,1.96105670928955,0.497809946537018,0,0,6.83111095428467,0,51.9689546227455,97.1022498011589,52.9107608497143,115.929779678583,8.00300318002701,36.3251164257526,1.44352769851685,27.6177926957607,0,14.4972018301487,4700.62857624888,356.596135258675,921.182102501392,226.299502491951,247.868031322956,120.426342695951,82.4018680751324,102.16190674901,23.932244092226,38.7024391293526,123.42584246397,163.393683165312,3.54798835515976,6.76540115475655,15.8282142579556,25.9278169572353,1.84624350070953,0,6.39279556274414,3.23288989067078,3.76464319229126,0,2.94087791442871,0.413025438785553,3.12249636650085,0,0,0,3.13478195667267,2.33011519908905,1.73765349388123,0,0,0,0,0,0,0,0,0,0,0,2.17650830745697,0.870390295982361,0,0,0,0,0,1.09942841529846
268.117936909199,179.337145924568,385.410373777151,153.725102990866,8.24019682407379,2.17329743504524,160.26591449976,83.114669919014,4.087029337883,0,45.658683359623,62.3322810828686,50.8140855133533,43.6569473147392,3.88935476541519,6.15704700350761,29.7322317361832,27.1242379546165,2110.10766685009,4591.12946045399,0,4.51706740260124,326.890507906675,1898.87110650539,5.35632622241974,25.7545500993729,4.96395990252495,6.75553360581398,89.9274784326553,14.0415446162224,232.778452128172,2355.31218111515,1026.93725851178,0,53.4110113382339,789.107169538736,80.2121890187263,19.1755571365356,63.1220376193523,77.4005382359028,3.42027765512466,1.43657541275024,30.9015810191631,35.1395144760609,3.06976324319839,20.0302871465683,62.0384138226509,229.706921696663,0.479947179555893,4.72773796319962,2.97897261381149,7.79264885187149,0,0.548026323318481,0,8.4698149561882,125.581615716219,225.113690972328,77.3712928891182,142.543933808804,54.2514663636684,38.525189012289,45.2000352740288,43.3769388496876,4.96658074855804,16.7325667738914,875.721596479416,4936.24231082201,1089.51951691508,1663.03445491195,172.812355041504,243.114752143621,227.567704349756,218.363143920898,41.9649741649628,114.281140446663,388.887129515409,426.219038814306,7.88222378492355,5.22718662023544,67.5694451630116,49.99666929245,2.90781956911087,6.07573199272156,24.9729468226433,26.9448697566986,0,1.10084056854248,12.69413164258,14.317146062851,0,0,0,0,18.3791608810425,7.55297112464905,6.27069985866547,0,0,0,0,0,0,0,2.88458663225174,2.08770316839218,1.85558831691742,0,9.48467510938644,6.02637311816216,0,0,0,0,0,0
1.87598639726639,1.14193230867386,4.43099907040596,0,2.47429174184799,0,0,0.605248868465424,0,0,2.96378865838051,0,3.11959505081177,0,1.52884179353714,0,0,1.80162107944489,25.9275292158127,4.57505184412003,7.20620906352997,3.31823426485062,141.815341129899,0,2.66069552302361,0,14.4976339936256,0,22.8208446800709,5.75865817070007,146.468428015709,5.33680063486099,395.957238763571,53.4110113382339,0,199.263728260994,91.5249262154102,114.713393032551,159.649282515049,51.2310798168182,4.76329320669174,27.8766930699348,438.903505265713,400.915144622326,323.914025455713,227.74063834548,364.189998030663,331.500040888786,133.155578941107,204.967862993479,132.315215468407,113.237846910954,73.8510268330574,116.525785177946,82.9702596366405,119.10294598341,1.1945613026619,5.77978122234344,41.6184912621975,49.4430911540985,14.3867033421993,9.38861966133118,14.892414689064,1.86085510253906,7.65451413393021,8.35605418682098,1118.05771231651,262.740675389767,0,5.72697556018829,62.9464201629162,3.38043877482414,39.9934372901917,45.2980422079563,5.53268247842789,16.3553449511528,83.4873420894146,43.5719339549541,3.24652475118637,2.13786727190018,70.2885109186172,13.4367317259312,9.77756252884865,0.407770216464996,43.0241599082947,41.2275417149067,9.16835224628448,1.94777643680573,34.6072876155376,73.0824241936207,1.10305535793304,2.96812492609024,0,0,3.08136132359505,0,4.7902364730835,0,5.56571459770203,12.1941059231758,0,0,0,0,0,0,0,0,0,1.57558405399323,0,0,0,0,0,0
0.82034695148468,1.69487988948822,1.09544479846954,3.8188488483429,0,0,0,1.34411990642548,0,1.41953229904175,0,1.99657931923866,0.480091661214828,3.44554656744003,0,0,1.73941725492477,0.594154715538025,13.1841151714325,16.0529862940311,0,0,0,69.3117572069168,0,0,0,0,59.6012193858624,16.6927307248116,4.55739516019821,141.426727294922,37.1431948542595,789.107169538736,199.263728260994,0,108.600477814674,327.752490222454,45.7498035430908,283.530943632126,16.6105816364288,34.0708633959293,474.840709030628,361.169522732496,428.83341255784,326.027020305395,279.136942505836,367.676992893219,329.148361504078,273.940825432539,239.064784914255,90.3972764611244,118.35454672575,105.610995203257,120.86363953352,121.972212523222,1.9209371805191,0,140.361988008022,29.9826566576958,28.915330529213,2.9467881321907,12.2291812002659,7.06137198209763,6.11611872911453,1.6304230093956,415.026498168707,1694.4226745069,0,0,4.26915109157562,7.11933842301369,117.921468615532,103.130095183849,16.4928333163261,50.3483902812004,127.67013335228,188.880850732327,4.99790209531784,2.6828784942627,115.816752582788,83.026240259409,12.8721989691257,22.8389816880226,89.355255573988,90.2365384101868,4.75962018966675,28.7643943428993,137.847068756819,138.235020041466,1.55240547657013,6.69005399942398,0,0,14.9496029615402,10.0662093758583,6.81674140691757,0,2.30204087495804,17.2894105911255,0,0,0,0,0,0,0,0,0,0.580626606941223,0,0,0,0,0,0
304.713496118784,9.69559615850449,103.89484795928,2.64735984802246,19.7350606024265,0,50.8397448956966,2.93522131443024,14.6102158427238,0,2.20571911334991,0,21.0056367516518,0,25.7501537799835,0,7.56392848491669,0,126.694690078497,32.9888926744461,15.7506106495857,12.7272845506668,18.0650686919689,0,5.43996903300285,0.769092798233032,4.18806433677673,2.74433887004852,222.436141192913,9.61428546905518,11.7582444548607,12.6081258058548,40.8716137111187,80.2121890187263,91.5249262154102,108.600477814674,0,482.408050000668,1662.70790797472,64.8641383647919,996.333333075047,21.5573239326477,485.084731072187,110.9240039289,363.858171731234,45.7169595360756,1049.27696216106,94.9397884607315,457.511711835861,46.3257807791233,589.745545595884,28.0522156655788,202.397163361311,24.1100682616234,1117.09573239088,31.9614880979061,270.243606328964,44.3399341106415,459.409665137529,164.037025749683,301.857381939888,105.431860387325,20.8894467353821,52.6991656422615,122.455762028694,37.5703563690186,481.813060939312,596.387962818146,375.364394783974,22.8022212982178,545.781132042408,52.7833467423916,433.684881210327,81.1053315997124,1411.722989887,43.0690860748291,4304.31070512533,152.863188266754,1.02975916862488,0,59.5738753080368,12.1848968863487,425.453152120113,0,120.085820913315,4.69258767366409,1744.2631265521,0,1100.69700878859,13.0515168607235,98.2600012719631,42.0662845373154,59.3497199118137,23.6247539520264,107.15533348918,23.0866764485836,93.3438620269299,6.09745672345161,79.2852328121662,9.80582386255264,19.0956755280495,5.80464145541191,52.2106988132,32.7144225537777,89.6952987015247,27.0602442622185,25.6330278515816,7.60051482915878,34.5424841046333,41.0275233983994,10.9402517676353,1.37477481365204,1.14982712268829,1.31171876192093,3.45661184191704,5.47988677024841
0,101.499014884233,0,33.6546274423599,0,2.63779753446579,0,23.6879915893078,0,3.14835733175278,0,4.02814376354218,0,0,0,16.4436172842979,0.664363622665405,3.41135311126709,10.6902844905853,71.553407728672,3.65171754360199,12.8161351084709,0,8.66944539546967,0,0,0,15.489560842514,48.9301178455353,121.568852990866,1.29435741901398,3.48687970638275,38.233696192503,19.1755571365356,114.713393032551,327.752490222454,482.408050000668,0,84.6080461740494,1492.56022250652,10.2723232507706,1042.37722152472,105.437331527472,280.559708088636,145.651199549437,315.05003926158,77.5086809396744,1128.69687271118,84.5053995251656,385.141640156507,31.1357569694519,311.900254130363,11.0586659312248,288.000529527664,16.691734790802,1535.38435038924,4.36819338798523,71.5407797992229,354.560511052608,330.58559140563,59.301812261343,117.886247545481,10.110608279705,17.4071590602398,10.8473873734474,273.991335868835,691.269871085882,641.411870211363,2.64755290746689,44.585559129715,13.2835488319397,301.001509130001,175.764327287674,646.117255330086,25.8718925714493,646.263394743204,255.786714792252,4130.43425044417,5.15225148200989,0,58.3366121053696,55.0575026571751,1.22143173217773,504.975369930267,39.8897339701653,477.480136871338,0.765113532543182,1304.42928299308,100.600184828043,840.525918126106,25.6065017879009,79.9036457836628,7.70218676328659,32.147101432085,6.82886815071106,109.476423382759,10.5961619615555,1.87303793430328,6.16053721308708,86.3332358002663,5.86879879236221,16.0482059121132,1.97716450691223,34.1737878918648,3.60045790672302,32.9483288228512,6.99819040298462,15.1210006475449,11.3465310335159,29.1606140732765,2.80318057537079,1.87291765213013,2.6034135222435,0.898129045963287,0,2.49125272035599
231.538884699345,4.47928595542908,16.0140849947929,0,0,0,3.92578387260437,1.16750621795654,0,0,1.04487192630768,0,0.799095749855042,0,2.27516067028046,0,0,0,58.1120196580887,25.463607609272,0,5.96069777011871,4.57811799645424,0,0,0,0.862145304679871,0,25.9960157871246,0,4.74352025985718,1.54536402225494,63.7818596065044,63.1220376193523,159.649282515049,45.7498035430908,1662.70790797472,84.6080461740494,0,50.3859850168228,621.118999153376,0,554.088617324829,50.6274312734604,340.681172251701,8.06510519981384,1672.23955383897,67.8082146942616,187.770413726568,8.87518090009689,63.6466427445412,3.47984164953232,30.6754607260227,3.61879104375839,1748.31130450964,17.9685779213905,175.422701060772,2.71890240907669,117.444131612778,18.4030388593674,54.9960055947304,1.55708289146423,14.4657424390316,4.68988358974457,13.3999038338661,0,718.017099380493,103.343551933765,282.01252451539,13.8628749251366,101.24720326066,16.5130354166031,85.519955933094,9.05534088611603,158.816608011723,11.5138040184975,343.045047909021,56.0753083229065,0,0,11.0680059492588,0,59.6803759038448,0,19.7692729830742,0,247.408283293247,1.02075219154358,261.077665477991,0,223.134678125381,69.9518306553364,69.8867010176182,17.4719551205635,43.7086561322212,37.9427632391453,90.5214512348175,10.3652227520943,52.7954493761063,42.4543099999428,23.2327632009983,5.23148763179779,79.5473047196865,42.1892837882042,56.6829352676868,25.5066666007042,21.3038014769554,13.8819252848625,2.97222685813904,3.31244197487831,10.8155686557293,1.08315169811249,5.74494421482086,0,3.55149722099304,0
0,34.4361512064934,0,5.36303114891052,0,0,0,2.65178245306015,0,0,0,0,0,0,0,0.768501996994019,0,0,0,11.3879283964634,0,0,0,0,0,0,0,0,0,5.59013602137566,0,10.8152612745762,9.2812539935112,77.4005382359028,51.2310798168182,283.530943632126,64.8641383647919,1492.56022250652,50.3859850168228,0,0,1579.83950176835,82.1200075149536,573.759586781263,16.9116805195808,211.555066466331,138.264008939266,1218.7613414228,8.01528990268707,98.730643838644,3.37046158313751,42.7512763738632,3.18003314733505,67.0997622609138,24.8340083360672,2091.19527491927,1.30535209178925,49.9548705816269,2.08957839012146,46.3028763532639,0,4.31383270025253,0,1.94579017162323,0,3.59160220623016,54.5453498661518,877.213012486696,0,32.9828591942787,0,56.6178319454193,1.8265734910965,44.6147524118423,0,51.974344432354,10.9624143838882,200.679452568293,0,2.38409042358398,0,17.019312441349,0,72.0230468213558,3.0209436416626,35.0637484490871,0,272.380387544632,1.41324472427368,110.558991521597,5.50519418716431,21.5619030594826,2.33774942159653,5.09528559446335,2.09681749343872,13.6950958967209,3.74303835630417,2.47880339622498,4.42722210288048,21.6557556390762,2.3657044172287,2.550213098526,3.31994986534119,6.29662844538689,4.02246928215027,6.61764711141586,0,1.6437304019928,0,0,3.07530605792999,0,0.548055827617645,0.576216816902161,0.565349280834198,0
4.16585278511047,0,11.3372722864151,0,182.565921068192,0,0,0,79.0181130170822,0,0.932096540927887,0,1.79908502101898,0,119.570420831442,0,0,0,8.32494670152664,0,238.000212669373,2.65915322303772,5.25910502672195,0,14.0712339282036,7.29835450649261,32.3665271103382,0,917.509282112122,0,6.56708496809006,2.23945665359497,7.17081928253174,3.42027765512466,4.76329320669174,16.6105816364288,996.333333075047,10.2723232507706,621.118999153376,0,0,72.5005329847336,69.0741145312786,0,8.40550401806831,0,128.518609166145,1.07849097251892,15.3070702254772,0,40.4071902632713,0,19.1763629317284,0,102.634875267744,0,2.3222262263298,0,30.6662764549255,0,27.5137875080109,0,1.60584783554077,0,5.64718356728554,0,29.2836587429047,6.10229995846748,2.30107754468918,0,463.908744305372,69.4002044796944,1225.91474270821,13.2342638373375,479.898535102606,86.9143431186676,604.634685575962,5.81269717216492,0,0,4.5470529794693,0,691.379149079323,0,48.4591852426529,0,1616.84838551283,1.1299729347229,140.490267544985,1.33067488670349,3.05712497234344,0,2.66883730888367,0,10.3845777511597,2.18214499950409,3.99946796894073,0,7.13187319040298,0,0,0,0,0,10.826984167099,3.78300684690475,1.65859761834145,0,3.22758865356445,4.02628642320633,0,0,0,0,0,0
0,0,0,2.49990594387054,0,128.705568015575,0,0,0,32.9757869839668,0,0,0,1.48078322410583,0,173.602952837944,0,0,0,0,6.10238605737686,538.380576848984,0.97906082868576,2.40809690952301,0,2.83021175861359,0,51.7205694317818,0,610.386633753777,2.63472086191177,0,0,1.43657541275024,27.8766930699348,34.0708633959293,21.5573239326477,1042.37722152472,0,1579.83950176835,72.5005329847336,0,18.9101498126984,62.4121316075325,12.7912059426308,28.3955905437469,0,441.035710275173,1.89483439922333,28.1542658507824,0,52.1341146230698,0,125.460330247879,1.59300661087036,500.862055033445,0,1.17595481872559,0,20.5230260491371,0,3.91597002744675,0,10.2605068683624,0,10.7921696901321,6.09658026695251,71.3514308929443,0,0,23.6265124082565,347.462656497955,66.0603195428848,2552.62713119388,51.772062599659,303.622515201569,2.45170551538467,332.455433964729,0,0,0,35.0252082943916,0.57592511177063,2167.99955624342,0,314.75463399291,6.04358726739883,1554.63380414248,5.15667378902435,242.579230934381,0,11.3684992492199,0,1.71455574035645,3.05539640784264,7.54655086994171,0,0,0,42.4220359325409,0.958000779151917,1.63707780838013,0,1.19319009780884,1.51046061515808,5.01938927173615,0,0.691438496112823,1.04151058197021,1.37352395057678,0,0,0,0,0,0
0,0.915723860263824,0,0,0,0,0.841814517974854,0,0,0,0,0,0,0,0,0,0.725485146045685,0,23.0125219225883,4.1785295009613,1.96371671557426,0,34.3612479865551,0,0,0,0,0,185.442976802588,2.37606060504913,45.2586504817009,4.391193151474,55.9599981307983,30.9015810191631,438.903505265713,474.840709030628,485.084731072187,105.437331527472,554.088617324829,82.1200075149536,69.0741145312786,18.9101498126984,0,2189.45587846637,9878.13708409667,1669.31373298168,7105.80974191427,1175.25533998013,3394.93016856909,356.751491785049,1544.5833272934,96.6149243712425,458.266792029142,112.136180818081,472.128055155277,100.781203299761,1.38153022527695,5.08069831132889,84.5794386267662,13.6953215003014,8.51039510965347,2.54146015644073,0.987597584724426,0.832808554172516,9.51139479875565,2.9791898727417,1186.82591164112,692.711903601885,0.805446982383728,11.100603967905,7.30131551623344,0,238.030453234911,25.0795048475266,7.77848076820374,7.00726562738419,276.64987552166,43.7500186562538,0,0,117.903302848339,10.5631506741047,64.0593662858009,1.35698217153549,115.904899716377,43.5077134668827,44.8018589317799,1.51513716578484,477.109646528959,76.4727570712566,23.6683432757854,8.96264415979385,0,0,2.21838289499283,0,11.7292234897614,0,126.534856021404,80.2765828371048,0,0,0,0,0.619856417179108,0,0,0,0,0,0,0,0,0,0,0
0,0,0,0,0,0,0,0,0,0,0,0,0,0,0,0,0,0,2.94597983360291,3.0917474925518,0,0,0,5.65574881434441,0,0,0,0,0.695166349411011,25.6594516932964,0,6.50595840811729,3.76991069316864,35.1395144760609,400.915144622326,361.169522732496,110.9240039289,280.559708088636,50.6274312734604,573.759586781263,0,62.4121316075325,2189.45587846637,0,751.133627563715,9817.53162842989,513.931089490652,6361.53014916182,343.028909921646,3482.39828360081,287.249593287706,2396.10521185398,135.806144416332,1185.53654533625,88.2287337481976,412.86591359973,0,0,65.8121906518936,13.8733016252518,0.896758019924164,0.461654245853424,0.520281136035919,0.65320098400116,2.27609872817993,0,190.324083715677,1585.9513040483,0,0,1.27556931972504,4.80234479904175,19.0929710865021,116.481469124556,0,34.0899969935417,37.0214599370956,150.368025809526,0,1.98277288675308,0.577763080596924,38.3733391165733,0,23.1220574080944,31.030655503273,90.8187929391861,0,22.6393780708313,54.3347539305687,74.8956471681595,0,32.3040215075016,0,0,0,1.42547577619553,0,0.717185020446777,9.10250163078308,219.048494189978,0,0,0,0,0,0,0,0,0,0.6308553814888,0,0,0,0,0,0
2.36835205554962,0,1.78566461801529,0,0,0,0,0,0,0,3.73643153905869,0,2.7739804983139,0,0,0,1.88636034727097,0,17.5239532291889,0,0,0,32.3072978854179,0,0,0,0,0,55.9590037763119,11.3078995943069,50.3312684297562,1.64094454050064,82.5118207633495,3.06976324319839,323.914025455713,428.83341255784,363.858171731234,145.651199549437,340.681172251701,16.9116805195808,8.40550401806831,12.7912059426308,9878.13708409667,751.133627563715,0,463.738556027412,1068.25337791443,62.566114127636,3191.26287779212,136.9614559412,1288.41788640618,24.6878117322922,114.635205566883,22.8481289744377,173.072044968605,33.2212961316109,6.71583169698715,0.495068073272705,201.99264895916,33.2605926990509,20.1203845739365,0.405376225709915,4.06572276353836,0.644578039646149,8.90637028217316,4.23357665538788,1497.86227351427,560.170876085758,0,2.49794936180115,2.95210033655167,0.860889911651611,163.489603847265,48.2225236296654,22.9992644786835,18.0320807695389,256.064227640629,50.1916282176971,1.13734313845634,0,178.94448953867,10.4809993803501,36.9135421514511,0,100.576071530581,15.5109411478043,9.81640276312828,0,94.0696882009506,68.0558139979839,3.32837665081024,0,0,0,13.3784613311291,1.54179805517197,6.03621304035187,0,13.032346278429,3.86024689674377,0,0,0,0,0,0,0,0,0,2.96448081731796,0,0,0,0,0,0
0,0,0,1.1087738275528,0,0,0,1.02381438016891,0,0,0,0.398764967918396,0,0,0,0,0,1.81823247671127,0,2.25266456604004,0,0,0,0.65908545255661,0,0,0,0.678813993930817,0,53.7611774504185,0,0.913082629442215,0,20.0302871465683,227.74063834548,326.027020305395,45.7169595360756,315.05003926158,8.06510519981384,211.555066466331,0,28.3955905437469,1669.31373298168,9817.53162842989,463.738556027412,0,42.3272924423218,972.543307781219,99.1912217438221,4683.82065322995,30.8376163244247,1550.42680564523,17.14574187994,214.687298357487,10.1297626495361,114.769892513752,0,2.85711324214935,49.3466122746468,211.132654845715,0,0.609048187732697,0.886041045188904,4.2143611907959,0,65.1588532328606,80.5415045320988,2089.71400263906,0,0,0,3.24786970019341,4.91274452209473,326.62465429306,0,102.79923376441,6.90868383646011,269.768290758133,0,5.05065271258354,1.76462352275848,264.409411519766,0,27.1819095015526,13.8215333223343,326.359103441238,0,4.37150084972382,7.84080058336258,111.844662547112,0,5.06561398506165,0,0,0,18.7752055227757,0,0,0,13.4844335913658,0,0,0,0,0,0,0,0,0,1.85156226158142,0,0,0,0,0,0
4.14567983150482,0,1.84728127717972,0,0,0,0.737380564212799,0,0.64130300283432,0,0,0,0.710853040218353,0,2.34152293205261,0,0,0,42.2196036875248,3.68644863367081,0,0,26.2046718001366,0,0,0,0.393984526395798,0,344.027904719114,0,44.5668335855007,6.85790985822678,88.6625179350376,62.0384138226509,364.189998030663,279.136942505836,1049.27696216106,77.5086809396744,1672.23955383897,138.264008939266,128.518609166145,0,7105.80974191427,513.931089490652,1068.25337791443,42.3272924423218,0,148.955682873726,736.169946759939,62.2916231155396,1266.28427299857,4.89423036575317,2021.25596359372,13.2303080558777,4487.82669070363,62.1011316776276,4.8579488992691,3.39622676372528,33.431801378727,27.3134721517563,13.0158352255821,1.36978781223297,2.68351632356644,3.94233620166779,47.3845505714417,4.64627051353455,1027.59472963214,444.548036724329,5.4210130572319,15.8656384348869,10.1670005917549,0,284.864085555077,8.1159502863884,8.37409409880638,0,529.384804755449,60.674495279789,0.636531412601471,0,143.257961213589,2.26895779371262,229.578043013811,0,275.495210617781,0,256.060850054026,0,1221.26481384039,0.649904489517212,103.5492156744,3.30268502235413,1.13976490497589,0,18.2594865560532,0.542586028575897,81.8092625439167,0,501.801125973463,2.7542929649353,0,0,0,0.575052738189697,1.73472058773041,0,0,0,0,53.3364762067795,0,0.785681366920471,0,0,0,0
0,5.79646450281143,0,12.7451996803284,0,1.34628403186798,0,7.62581247091293,0,0,0,0.369556397199631,0,2.62496727705002,0,2.02573472261429,0,1.03564536571503,6.9402266740799,44.9364783465862,0,0,0,40.1827616393566,0,0.84020134806633,0,0,4.18930035829544,46.6647063493729,0,75.2654311656952,11.2415389716625,229.706921696663,331.500040888786,367.676992893219,94.9397884607315,1128.69687271118,67.8082146942616,1218.7613414228,1.07849097251892,441.035710275173,1175.25533998013,6361.53014916182,62.566114127636,972.543307781219,148.955682873726,0,32.7868359684944,543.052344024181,8.42397201061249,489.960961014032,4.5144556760788,968.693515956402,13.1734849214554,3106.43705844879,0,4.92202603816986,9.99417233467102,22.6543124914169,5.4531238079071,0.941329061985016,2.10817927122116,1.35248267650604,3.67714619636536,6.30946850776672,123.686138957739,1280.20311456919,1.01695013046265,0.78841507434845,2.51392883062363,63.8440484702587,8.29089051485062,463.987581074238,1.83414572477341,138.298139840364,45.2539541125298,746.446284145117,0,3.45716574788094,2.86733317375183,100.788772255182,0,117.964779019356,0,330.886745601892,0,152.127483576536,3.16981679201126,483.158964395523,2.67431008815765,220.949842900038,1.19495511054993,5.82331156730652,10.2545585930347,13.6223826408386,5.31420111656189,3.11148673295975,2.59827506542206,889.197855532169,0,2.08000379800797,0.511759221553802,3.65749707818031,0.701663434505463,3.33208364248276,0,0,1.8289207816124,64.9973539113998,0,0,0.880827605724335,0.651866793632507,0,0
10.8611264824867,0,0,0,0,0,10.1784967780113,0,0,0,2.41161721944809,0,1.30679386854172,0,0,0,0.64539098739624,0,0.689734756946564,0,0,0,0.644295513629913,0,0,0,0,0,93.8162002563477,3.25305116176605,3.14510768651962,0,7.58164358139038,0.479947179555893,133.155578941107,329.148361504078,457.511711835861,84.5053995251656,187.770413726568,8.01528990268707,15.3070702254772,1.89483439922333,3394.93016856909,343.028909921646,3191.26287779212,99.1912217438221,736.169946759939,32.7868359684944,0,104.842804193497,8204.95882982016,21.099336206913,400.6435123384,19.2175568938255,262.134595572948,34.3450968265533,13.2848429679871,0.920230448246002,1248.71548214555,15.8037263453007,269.511450260878,0.627998530864716,8.78971242904663,0.601127862930298,45.0842014849186,0,637.446113705635,410.539111256599,0,0,11.0561167299747,0,243.714759290218,27.1608507335186,26.7537523806095,7.25311815738678,299.380028754473,15.1237089037895,2.89588207006454,0,310.019534617662,0,76.5231017768383,0,269.00758227706,4.54505324363708,9.14638957381248,0,207.899319320917,24.0742979347706,5.17073118686676,0,0,0,22.3611482679844,0,18.522962898016,0,8.46965983510017,1.61975586414337,0,0,0,0,0,0,0,0,0,0,0,0,0,0,0,0
0,22.0418673455715,0,7.23959574103355,0,0,0,7.10350131988525,0,0,0,0,0,0.910514354705811,0,0,0,3.23910319805145,0,0,0,0,0,0,0,0,0,0,0,57.0965273082256,0,0,0.592543244361877,4.72773796319962,204.967862993479,273.940825432539,46.3257807791233,385.141640156507,8.87518090009689,98.730643838644,0,28.1542658507824,356.751491785049,3482.39828360081,136.9614559412,4683.82065322995,62.2916231155396,543.052344024181,104.842804193497,0,56.5098503530025,5554.3736204803,7.56550616025925,878.255540192127,11.0854489207268,206.515002638102,0,39.0349648594856,25.9252800941467,1232.83855992556,0,39.6441468000412,0,2.12359684705734,1.82534229755402,950.753087699413,76.4597373008728,1100.85687106848,0,0.617105603218079,0,3.56451714038849,5.04917198419571,393.031512498856,0,147.865112841129,5.53054022789001,357.500897616148,0,4.24455899000168,0.476650267839432,263.982134699821,0,33.7717795968056,7.82203984260559,516.213754743338,0,3.87066182494164,4.55852901935577,121.96408316493,0,9.53941029310226,0,0,0,15.4760231971741,0,0,1.84179484844208,25.7540867328644,0,0,0,0,0,0,0,0,0,2.68101990222931,0,0,0,0,0,0
140.462547749281,0,12.6987321376801,0,0,0,146.80859285593,0,0,0,13.9533708095551,0,8.77260005474091,0,0,0,4.80038741230965,0,12.270969748497,0,0,0,0,0,0,0,0,0,242.478458046913,0,3.47880166769028,2.94208109378815,1.96105670928955,2.97897261381149,132.315215468407,239.064784914255,589.745545595884,31.1357569694519,63.6466427445412,3.37046158313751,40.4071902632713,0,1544.5833272934,287.249593287706,1288.41788640618,30.8376163244247,1266.28427299857,8.42397201061249,8204.95882982016,56.5098503530025,0,1.4053555727005,3253.07796826959,0,1150.37331533432,10.5629844665527,121.538005262613,0,2391.53058201075,10.1085386276245,766.814048975706,1.77493679523468,28.9647082686424,2.09011054039001,1179.14654645324,2.96246325969696,322.553252100945,289.994199216366,1.91135406494141,0.948667824268341,76.6301816999912,2.34100294113159,455.009798645973,2.97173964977264,40.2918402552605,1.57927358150482,438.58197453618,11.4366813004017,14.9746027886868,0,555.463894695044,1.26435732841492,221.939941823483,0,3235.31657591462,0.710734367370605,53.5913476347923,0,982.216189861298,0,3.28208684921265,0,0,0,19.3789494931698,0,21.1077695190907,0,16.6692343354225,0,0,0,0,0,2.29928117990494,0,0,0,0,3.5384202003479,0,0,0,0,0,0
0,232.409740954638,0,91.6785376667976,0,0,0,182.958063334227,0,0,0,18.6865421831608,0,9.86427772045135,0,0,0,20.8010259568691,0,18.0538547635078,0,0,0,0,0,0,0,0,0,101.671732068062,0,0,0.497809946537018,7.79264885187149,113.237846910954,90.3972764611244,28.0522156655788,311.900254130363,3.47984164953232,42.7512763738632,0,52.1341146230698,96.6149243712425,2396.10521185398,24.6878117322922,1550.42680564523,4.89423036575317,489.960961014032,21.099336206913,5554.3736204803,1.4053555727005,0,0,4443.73091638088,0,409.045347392559,0,304.715868979692,4.65393170714378,1686.39953166246,0,76.2873859405518,0,26.6770501434803,0,725.415008246899,37.5064672231674,942.437188982964,0,1.98317450284958,0,58.8209426999092,0,484.762237370014,0,142.899408131838,5.63456982374191,352.412731856108,0,13.9823860228062,0,416.420039981604,0,100.005600959063,2.27029943466187,4536.36167576909,0,23.0707288086414,0,1127.2796728611,0,15.5138126313686,0,0,0,9.53907889127731,0,0,0,14.14259070158,0,0,0,0,0,0,0,0,0.550873935222626,1.19123291969299,0,0,0,0,0,0
47.1130903363228,0,2.0470906496048,0,0,0,8.35879069566727,0,0,0,3.06023383140564,0,0,0,0,0,0.475708872079849,0,0,0,0,0,0,0,0,0,0,0,70.2913889586926,0,1.21879100799561,0,0,0,73.8510268330574,118.35454672575,202.397163361311,11.0586659312248,30.6754607260227,3.18003314733505,19.1763629317284,0,458.266792029142,135.806144416332,114.635205566883,17.14574187994,2021.25596359372,4.5144556760788,400.6435123384,7.56550616025925,3253.07796826959,0,0,0,2481.79494217038,3.13410472869873,16.9896400272846,0,37.7323073446751,0,39.3190705478191,0,0.801364421844482,0,251.925225734711,0,96.1262117028236,157.734573364258,0,0,9.06191021203995,1.06522333621979,122.683603942394,0,4.36148828268051,0,130.784567892551,0.502291977405548,0,0,105.689136475325,0,63.9747372865677,0,744.196089744568,0,39.7841249704361,0,789.286881685257,0,7.58501607179642,0,0,0,3.71290355920792,0,3.69275540113449,0,37.3646811842918,0,0,0,0,0,0,0,0,0,0,0,0,0,0,0,0,0
0,2.8050422668457,0,0.843653738498688,0,0,0,3.57339018583298,0,0,0,0,0,0,0,0,0,0.324682086706161,0,0,0,0,0,0,0,0,0,0,0,39.3582518994808,0,0,0,0.548026323318481,116.525785177946,105.610995203257,24.1100682616234,288.000529527664,3.61879104375839,67.0997622609138,0,125.460330247879,112.136180818081,1185.53654533625,22.8481289744377,214.687298357487,13.2303080558777,968.693515956402,19.2175568938255,878.255540192127,0,4443.73091638088,0,0,0,4045.71302315593,0,4.19486981630325,1.61166131496429,16.7860296368599,0,0.670367181301117,0,3.40633255243301,0,1.66388142108917,33.1713601946831,139.457108139992,0,0,1.29860770702362,4.27684417366982,0,230.207846313715,0,68.0394972860813,6.6394550204277,146.729573458433,0,0,0,114.372092396021,0,51.1146501600742,0,719.729602426291,0,45.2593277394772,0,1071.6371384263,0,49.7382724285126,0,0,0,3.78285586833954,0,0,0,59.5443942546844,0,0,0,0,0,0,0,0,0.900259971618652,0.508044421672821,0,0,0,0,0,0
26.1438274085522,0,3.73880243301392,0,0,0,7.72299075126648,0,0.715904772281647,0,1.10695326328278,0,2.31316310167313,0,0.830882847309113,0,0.947944641113281,0,1.04170346260071,0,1.33113896846771,0,0,0,0.529443860054016,0,0,0,110.592960745096,0,0.833775579929352,0,6.83111095428467,0,82.9702596366405,120.86363953352,1117.09573239088,16.691734790802,1748.31130450964,24.8340083360672,102.634875267744,1.59300661087036,472.128055155277,88.2287337481976,173.072044968605,10.1297626495361,4487.82669070363,13.1734849214554,262.134595572948,11.0854489207268,1150.37331533432,0,2481.79494217038,0,0,13.125025510788,24.5434027612209,0,45.7873157858849,0,31.9292950928211,0,2.09152549505234,0,213.498916774988,0,162.220699250698,97.6777335703373,0,0,19.3878412842751,4.64211773872375,101.915154963732,0,10.1716514229774,0.709266901016235,224.487098753452,9.37011784315109,1.95460483431816,0,88.596053391695,0,168.108423769474,0,496.004765152931,0,704.438288420439,0,3019.65731096268,0,17.9928559660912,0,0,0,4.48029536008835,0,8.09986555576324,0,113.4879334867,0,0,0,0,0,0,0,0,0,0,0,0,0,0,0,0,0
0,3.83255767822266,0,0,0,0,0,8.40052032470703,0,0.663036406040192,0,0,0,0,0,0.701440036296844,0,0,0,0.716655671596527,0,0,0,0,0,0,0,0,4.39401769638062,20.6589563190937,0,0,0,8.4698149561882,119.10294598341,121.972212523222,31.9614880979061,1535.38435038924,17.9685779213905,2091.19527491927,0,500.862055033445,100.781203299761,412.86591359973,33.2212961316109,114.769892513752,62.1011316776276,3106.43705844879,34.3450968265533,206.515002638102,10.5629844665527,409.045347392559,3.13410472869873,4045.71302315593,13.125025510788,0,0,4.29583525657654,32.5596458315849,13.0925719738007,1.49656867980957,0,0,1.72252142429352,0,4.77030912041664,62.8414593935013,303.100358098745,0,0,2.52982985973358,2.84462705254555,7.22626805305481,215.288149654865,0,51.3524104356766,19.3387550115585,218.202588051558,0,0,0.939356505870819,62.8964156508446,0,165.877895712852,5.32479357719421,618.069571614265,0,1090.75417168438,15.3691598176956,3347.29941800237,0.774255037307739,135.90311652422,0,0,0,1.29670745134354,0,0,2.23346650600433,292.096468180418,0,0,0,0,0,1.20739507675171,0,0,0,0.674930572509766,0,0,0,0,0,0
16166.4694871604,43.7651053965092,264.306054443121,21.1039483249187,7.59158039093018,0,315.129918962717,16.6339254975319,10.4347125887871,0,226.660947948694,5.75158029794693,125.176602631807,0,17.7968379855156,0,1928.6883700192,3.18326842784882,248.015908777714,216.862791627645,0,0,8.46004909276962,0.784508764743805,0,0,0,0,1613.98600488901,12.2847243845463,7.87313485145569,4.57106310129166,51.9689546227455,125.581615716219,1.1945613026619,1.9209371805191,270.243606328964,4.36819338798523,175.422701060772,1.30535209178925,2.3222262263298,0,1.38153022527695,0,6.71583169698715,0,4.8579488992691,0,13.2848429679871,0,121.538005262613,0,16.9896400272846,0,24.5434027612209,0,0,72.3820101618767,2167.73282891512,18.4239674806595,6779.91910639405,9.81919732689857,3082.32439854741,24.3265647292137,357.943658083677,0,691.593437999487,56.5145335495472,1635.86099722981,95.1825470328331,589.304724186659,56.4705568253994,2013.0459138453,49.8210230767727,380.448958337307,13.0286127924919,1610.29397219419,73.1124331057072,55.2082714736462,3.04878336191177,602.912122786045,10.9460704922676,13.2974009513855,0,318.705696672201,0,1.24868142604828,0,166.415377467871,0,1.99687576293945,0,0,0,127.517857134342,0,32.5965247452259,0,1.46491825580597,0,0,0,0.582505524158478,0,12.1258797645569,5.54850566387177,6.81385040283203,0,8.07408964633942,19.9011837244034,0,0,0,0,0,0.453174412250519
8.48209851980209,12530.3541613221,0,295.027428090572,0,0.810278236865997,0,572.416033178568,0,4.05827212333679,0,475.261456489563,0,163.893691718578,0,22.8538013994694,7.87547826766968,3493.69265520573,14.98792552948,442.707976937294,0,0,0,29.9384241700172,0,0,0,1.50685000419617,32.306322157383,467.418475031853,2.35598206520081,11.1683597564697,97.1022498011589,225.113690972328,5.77978122234344,0,44.3399341106415,71.5407797992229,2.71890240907669,49.9548705816269,0,1.17595481872559,5.08069831132889,0,0.495068073272705,2.85711324214935,3.39622676372528,4.92202603816986,0.920230448246002,39.0349648594856,0,304.715868979692,0,4.19486981630325,0,4.29583525657654,72.3820101618767,0,54.9583373069763,1483.96418705583,42.8502040207386,2817.28845611215,49.7069962918758,3518.85447487235,2.57822996377945,977.947214663029,309.170588254929,400.250861525536,101.712303817272,2531.07774826884,34.6627449393272,427.012424618006,64.2068785429001,2611.90636059642,6.22948062419891,541.036318480968,147.882790893316,1671.03334012628,8.36802005767822,54.0455511212349,44.240242421627,257.50903454423,0,4.45552402734756,0,191.341844707727,0,0,0,88.435916364193,0,0,0,0,0.542350471019745,59.3163591623306,0.790919303894043,0,0,0,0,0,0,0,0,2.72642561793327,0,0,4.70520034432411,6.44205015897751,0,0,0,0,0,0
647.683084905148,2.63729065656662,175.521202266216,0,0,0,102.31307426095,0,0,0,47.686586022377,0,14.3735158741474,0,0,0,114.338791042566,0,334.997806102037,3.32797783613205,0,0,0.78470903635025,0,0,0,0,0,679.644022673368,8.4252308011055,2.84367293119431,0.888158619403839,52.9107608497143,77.3712928891182,41.6184912621975,140.361988008022,459.409665137529,354.560511052608,117.444131612778,2.08957839012146,30.6662764549255,0,84.5794386267662,65.8121906518936,201.99264895916,49.3466122746468,33.431801378727,9.99417233467102,1248.71548214555,25.9252800941467,2391.53058201075,4.65393170714378,37.7323073446751,1.61166131496429,45.7873157858849,32.5596458315849,2167.73282891512,54.9583373069763,0,168.894916981459,6440.90481048822,56.6932933330536,353.534189999104,31.9169810116291,1093.22138890624,25.3561600148678,2129.63458642364,696.080344885588,434.063129335642,48.9903046488762,101.794059514999,23.3441800475121,722.819810032845,78.9570203125477,90.1765902936459,20.969747364521,657.628081977367,130.29502004385,123.179947942495,0.717982888221741,944.165120124817,23.0038432776928,53.0473490953445,0,473.572231054306,8.70317488908768,8.94438299536705,0,272.2346393466,23.2324014902115,0,0,0,0,56.834128677845,0,21.8695918917656,0,0,0,0,0,0,0,1.82496589422226,0,0,0,0,5.63541483879089,0,0,0,0,0,0
1.24482393264771,588.713107615709,0,227.197878569365,0,0,0,67.8404639363289,0,0,0,50.9035824537277,0,11.4130156636238,0,0,1.54408609867096,89.4225497841835,2.59391325712204,449.866263091564,0,0,0,6.21151059865952,0,0,0,0,18.0815029144287,202.78852045536,0,1.64024409651756,115.929779678583,142.543933808804,49.4430911540985,29.9826566576958,164.037025749683,330.58559140563,18.4030388593674,46.3028763532639,0,20.5230260491371,13.6953215003014,13.8733016252518,33.2605926990509,211.132654845715,27.3134721517563,22.6543124914169,15.8037263453007,1232.83855992556,10.1085386276245,1686.39953166246,0,16.7860296368599,0,13.0925719738007,18.4239674806595,1483.96418705583,168.894916981459,0,64.3516416847706,1437.23839187622,19.4759732186794,444.67506352067,6.62350818514824,3173.42377075553,445.437590688467,1977.39479607344,17.1361707448959,227.181447476149,12.2907505631447,84.3407006561756,44.5661699175835,828.139375180006,4.59202522039413,227.631361603737,127.550901442766,837.65763053298,2.76637357473373,72.3941758871078,12.2511139512062,654.865782618523,0,44.7654944062233,3.4264894425869,194.403618991375,0,1.12816101312637,2.20983910560608,51.4504027068615,0,0,0,0,0,44.9248259663582,0.977014482021332,0,0,0,0,0,0,0,0,0,0,0,2.75346922874451,8.76054567098618,0,0,0,0,0,1.47914969921112
2515.45079040527,3.70233237743378,108.806142985821,0,0,0,424.994780212641,0,0,0,565.686234086752,0,318.319468975067,0,1.88262450695038,0,479.3587064147,0,70.7162967324257,5.61911332607269,0,0,0,0,0,0,0,0,513.767410814762,6.48717659711838,2.50906121730804,0,8.00300318002701,54.2514663636684,14.3867033421993,28.915330529213,301.857381939888,59.301812261343,54.9960055947304,0,27.5137875080109,0,8.51039510965347,0.896758019924164,20.1203845739365,0,13.0158352255821,5.4531238079071,269.511450260878,0,766.814048975706,0,39.3190705478191,0,31.9292950928211,1.49656867980957,6779.91910639405,42.8502040207386,6440.90481048822,64.3516416847706,0,15.4028490781784,2629.48425787687,9.98979836702347,2612.62010523677,10.8331827521324,372.565911799669,136.091165751219,48.976156026125,27.9664113819599,174.945774465799,29.1840357482433,498.776685625315,48.1539703309536,65.7080669999123,12.9157762527466,552.848390817642,59.0841872692108,43.7046574056149,0,552.949956983328,12.2774404883385,61.3718201220036,0,1796.14427858591,0,11.9214148819447,0,766.952807992697,0,0,0,0,0,14.4613332152367,0,15.8366103172302,0,0.603663146495819,0,0,0,0,0,2.41975158452988,0,2.61202454566956,0,0,2.26743692159653,0,0,0,0,0,0
0,1362.40368461609,0,64.4793745279312,0,0,0,431.141063272953,0,0,0,656.198485285044,0,321.22776427865,0,5.20516645908356,0,310.997213065624,0.714001893997192,40.0538403093815,0,0,0,1.56851351261139,0,0,0,0,23.8324375748634,66.5506482124329,0,2.99700033664703,36.3251164257526,38.525189012289,9.38861966133118,2.9467881321907,105.431860387325,117.886247545481,1.55708289146423,4.31383270025253,0,3.91597002744675,2.54146015644073,0.461654245853424,0.405376225709915,0.609048187732697,1.36978781223297,0.941329061985016,0.627998530864716,39.6441468000412,1.77493679523468,76.2873859405518,0,0.670367181301117,0,0,9.81919732689857,2817.28845611215,56.6932933330536,1437.23839187622,15.4028490781784,0,3.74715685844421,2698.66696003079,4.78220248222351,2678.77560406923,136.467883527279,59.2150489985943,2.05541715025902,1.89359670877457,11.2120815515518,65.0310239493847,41.9077882766724,211.956611394882,5.31540882587433,39.9064776003361,132.166263341904,147.351515650749,4.64088970422745,12.3376825451851,5.52999666333199,57.7324903607368,0,5.97506055235863,0.85505747795105,215.129626631737,0,0,0,48.3553462326527,0,0,0,0,0,2.78175684809685,0,0,0,0,0,0,0,0,0,0.767935335636139,0,0,0,0,0,0,0,0,0,0
239.782616853714,2.91533660888672,57.1073734760284,0,4.02088922262192,0,66.2765706181526,0,0,0,260.559163093567,0,255.259137153625,0,10.0279089212418,0,719.289793998003,0,16.691569507122,2.18476748466492,0,0,2.09397983551025,0,0,0,0,0,427.090138524771,3.35865408182144,0,1.72066783905029,1.44352769851685,45.2000352740288,14.892414689064,12.2291812002659,20.8894467353821,10.110608279705,14.4657424390316,0,1.60584783554077,0,0.987597584724426,0.520281136035919,4.06572276353836,0.886041045188904,2.68351632356644,2.10817927122116,8.78971242904663,0,28.9647082686424,0,0.801364421844482,0,2.09152549505234,0,3082.32439854741,49.7069962918758,353.534189999104,19.4759732186794,2629.48425787687,3.74715685844421,0,9.61447980999947,548.02297347784,1.16039419174194,254.136754453182,51.6693724095821,155.758126348257,47.2527541518211,60.3657967448235,17.9406798481941,124.689007997513,18.3177356719971,18.0377904772758,5.5342013835907,165.389959275723,24.842805325985,46.4502506256104,0.788496553897858,1960.54988619685,1.88018581271172,32.0688886344433,0,1005.18028891087,0,12.9551584124565,0,175.943411439657,0,0,0,0,0,7.85594975948334,0,1.17371225357056,0,0,0,0,0,0,0,0,0,0,0,0,0,0,0,0,0,0,0
0,351.514443486929,0,85.8330633640289,0,0.757962226867676,0,139.405739307404,0,1.48941791057587,0,713.949738591909,0,309.188739746809,0,45.3627616167068,0.725618600845337,1917.75239288807,0.614943265914917,48.7145609557629,0,0,0,28.9608683586121,0,0,0,1.6818573474884,19.8437879681587,340.875656634569,0,11.6933483481407,27.6177926957607,43.3769388496876,1.86085510253906,7.06137198209763,52.6991656422615,17.4071590602398,4.68988358974457,1.94579017162323,0,10.2605068683624,0.832808554172516,0.65320098400116,0.644578039646149,4.2143611907959,3.94233620166779,1.35248267650604,0.601127862930298,2.12359684705734,2.09011054039001,26.6770501434803,0,3.40633255243301,0,1.72252142429352,24.3265647292137,3518.85447487235,31.9169810116291,444.67506352067,9.98979836702347,2698.66696003079,9.61447980999947,0,0,1087.04247778654,123.620603442192,136.38852751255,17.0829954445362,32.2671203613281,15.7136775553226,151.085280686617,47.1092346608639,521.606719046831,2.35542848706245,19.589084982872,120.198410719633,150.54406017065,2.9216345846653,172.256030410528,9.11956483125687,2181.55373084545,0,32.1482828557491,2.48159921169281,1783.50315842032,0,21.5305862426758,0,216.230671137571,0,0,0,0,0,2.62030172348022,0,0,0,0,0,0,0,0,0,0,0,0,0,0,0,0,0,0,0,0
497.989122182131,0,16.442645072937,0,0,0,223.889027625322,0,0,0,35.4601039290428,0,27.8508143424988,0,0,0,9.23228812217712,0,9.49443089962006,0,0,0,0,0,0,0,0,0,135.461243271828,0,1.5833780169487,0.795591175556183,0,4.96658074855804,7.65451413393021,6.11611872911453,122.455762028694,10.8473873734474,13.3999038338661,0,5.64718356728554,0,9.51139479875565,2.27609872817993,8.90637028217316,0,47.3845505714417,3.67714619636536,45.0842014849186,1.82534229755402,1179.14654645324,0,251.925225734711,0,213.498916774988,0,357.943658083677,2.57822996377945,1093.22138890624,6.62350818514824,2612.62010523677,4.78220248222351,548.02297347784,0,0,0,56.8022092878819,19.3592734336853,1.11819469928741,0.704714000225067,60.8928838968277,1.21940672397614,203.676148205996,2.71242743730545,21.7314609885216,0,136.00091356039,2.6283016204834,3.48144435882568,0,253.574678122997,0,101.702268213034,0,7084.95323759317,0,43.5528679192066,0,1294.18141591549,0,0,0,0,0,6.26754117012024,0,2.61776325106621,0,0,0,0,0,0,0,0,0,0,0,1.36921977996826,0,0,0,0,0,0,0
0,1338.52462413907,0,155.933307826519,0,0,0,843.727815449238,0,0,0,272.572910785675,0,222.206546723843,0,4.58268314599991,0,78.2820864021778,0,49.1745217740536,0,0,0,5.56215143203735,0,0,0,0,4.88352352380753,32.2648937702179,0.624293386936188,5.87556040287018,14.4972018301487,16.7325667738914,8.35605418682098,1.6304230093956,37.5703563690186,273.991335868835,0,3.59160220623016,0,10.7921696901321,2.9791898727417,0,4.23357665538788,65.1588532328606,4.64627051353455,6.30946850776672,0,950.753087699413,2.96246325969696,725.415008246899,0,1.66388142108917,0,4.77030912041664,0,977.947214663029,25.3561600148678,3173.42377075553,10.8331827521324,2678.77560406923,1.16039419174194,1087.04247778654,0,0,64.5439984798431,401.788780659437,0,3.51399856805801,4.05845665931702,96.2126008570194,11.6829795241356,261.238278448582,0,92.0216808617115,40.2019705176353,222.801410675049,0,11.3959338068962,0,428.233397096395,0,19.627367079258,0,4395.44671270251,0,4.89924192428589,0,520.361202418804,0,0,0,0,0,5.56572198867798,0,0,0,0,0,0,0,0,0,0,0,0,0.933377265930176,0,0,0,0,0,0,0
291.397705227137,64.0703129172325,194.699045360088,4.76312881708145,0,0,18.554582208395,0,0,0,23.163723140955,0,10.6984657943249,0,0,0,54.7267981767654,0.854328036308289,2057.12985482812,182.875466495752,7.09681944549084,0.277973800897598,443.883654996753,0.994200170040131,1.35708916187286,0,4.57950747013092,0,373.001689821482,42.7723378539085,723.44317959249,33.5789926946163,4700.62857624888,875.721596479416,1118.05771231651,415.026498168707,481.813060939312,691.269871085882,718.017099380493,54.5453498661518,29.2836587429047,6.09658026695251,1186.82591164112,190.324083715677,1497.86227351427,80.5415045320988,1027.59472963214,123.686138957739,637.446113705635,76.4597373008728,322.553252100945,37.5064672231674,96.1262117028236,33.1713601946831,162.220699250698,62.8414593935013,691.593437999487,309.170588254929,2129.63458642364,445.437590688467,372.565911799669,136.467883527279,254.136754453182,123.620603442192,56.8022092878819,64.5439984798431,0,1933.54081371427,2742.44028180838,589.537540227175,200.908373981714,94.3762304782867,609.449383676052,281.627063423395,99.8415861427784,65.0579787492752,972.684162437916,400.925669759512,51.8888826370239,5.37148058414459,669.298190116882,64.9127336740494,29.9389342963696,0,186.456473469734,14.0506103634834,20.0851643383503,0.545545697212219,129.811447262764,24.8254732489586,6.16607749462128,0.600077569484711,0,0,60.1479237675667,3.15775060653687,63.4246506094933,0,9.97966146469116,2.04327356815338,0,0,0,0,0,0,8.21352708339691,0,1.36083650588989,7.70713651180267,0,0,0,0,0,0
11.6109935045242,141.08865326643,2.67814195156097,201.07993337512,0,0,0.989863634109497,22.7841191291809,0,0,0,53.5492227375507,0,18.2074067592621,0,0,0.53817617893219,36.4090894460678,69.9340350329876,1359.40664735436,0.895256340503693,0,0,264.207133203745,0,3.00503161549568,0,0,146.33352792263,154.765093386173,21.7671711444855,449.814905673265,356.596135258675,4936.24231082201,262.740675389767,1694.4226745069,596.387962818146,641.411870211363,103.343551933765,877.213012486696,6.10229995846748,71.3514308929443,692.711903601885,1585.9513040483,560.170876085758,2089.71400263906,444.548036724329,1280.20311456919,410.539111256599,1100.85687106848,289.994199216366,942.437188982964,157.734573364258,139.457108139992,97.6777335703373,303.100358098745,56.5145335495472,400.250861525536,696.080344885588,1977.39479607344,136.091165751219,59.2150489985943,51.6693724095821,136.38852751255,19.3592734336853,401.788780659437,1933.54081371427,0,78.0423814952374,669.471615046263,41.1957353949547,158.607970654964,369.344087451696,934.635711669922,33.3539264798164,286.628318756819,480.198855370283,1004.73099273443,24.7829124629498,60.4355081915855,117.422010928392,988.278947412968,0,121.568003237247,74.7340159118176,343.392885535955,0,30.5261143445969,113.836689800024,173.28463307023,3.57846593856812,7.97122597694397,0,0,2.38230767846107,63.6407250761986,6.79730713367462,0,5.55796664953232,22.0999531745911,0,0,0,1.22123456001282,0,1.38827860355377,0,0,0.556213319301605,4.25313451886177,0,0,0,0,0,0
2173.83830752969,481.842037707567,127.396761834621,43.66214671731,1.29339015483856,0,36.7645328342915,65.9696114361286,0,0,61.3431858122349,5.23899364471436,29.8994920253754,0,1.72936624288559,0,89.5590723454952,5.86806496977806,3300.75564387441,1497.42476889491,0,0,9.48244649171829,0.81279593706131,0,0,0,0,221.215779155493,4.77294665575027,8.76406046748161,7.4983292222023,921.182102501392,1089.51951691508,0,0,375.364394783974,2.64755290746689,282.01252451539,0,2.30107754468918,0,0.805446982383728,0,0,0,5.4210130572319,1.01695013046265,0,0,1.91135406494141,0,0,0,0,0,1635.86099722981,101.712303817272,434.063129335642,17.1361707448959,48.976156026125,2.05541715025902,155.758126348257,17.0829954445362,1.11819469928741,0,2742.44028180838,78.0423814952374,0,833.102559030056,614.691262513399,132.038479328156,1311.55418202281,74.8327558338642,592.151901006699,34.787135720253,3237.32829877734,249.981873005629,3.62817567586899,0,53.4676023125648,3.23436951637268,3.30490112304688,0,0.982271194458008,0,0,0,2.05441576242447,0,0,0,0,0,173.685715228319,1.24535691738129,42.7196706235409,0,0,0,0,0,0,0,9.26902705430984,0,4.3526052236557,0,17.1830418407917,16.978353112936,0,0,0,0,0,2.37198382616043
55.8045534789562,868.873815119267,1.14152812957764,96.5518924295902,0,0,0,13.5431708097458,0,0,0,17.5806627571583,0,2.25286984443665,0,0,7.6749772131443,52.5202477872372,92.6330232024193,3092.35800465941,0,0,0,6.21051317453384,0,0,0,0,28.5609440505505,35.8133261203766,1.56822645664215,2.47576785087585,226.299502491951,1663.03445491195,5.72697556018829,0,22.8022212982178,44.585559129715,13.8628749251366,32.9828591942787,0,0,11.100603967905,0,2.49794936180115,0,15.8656384348869,0.78841507434845,0,0.617105603218079,0.948667824268341,1.98317450284958,0,0,0,0,95.1825470328331,2531.07774826884,48.9903046488762,227.181447476149,27.9664113819599,1.89359670877457,47.2527541518211,32.2671203613281,0.704714000225067,3.51399856805801,589.537540227175,669.471615046263,833.102559030056,0,54.0427212417126,607.16317564249,50.4527112543583,640.392731815577,8.42234575748444,312.781709879637,138.83886295557,1865.33969575167,6.00207674503326,1.28922283649445,36.1297385692596,15.9119278788567,0,0,4.0208358168602,0.969359457492828,0,0,0,0,0,0,0,0,1.31596547365189,37.682370275259,4.5516529083252,0,0,0,0,0,0,0,0,2.22496545314789,0,1.51885914802551,5.32646661996841,1.58840507268906,0,0,0,0,0,0
1420.84937989712,56.0383937656879,1540.8673325181,410.625488400459,856.788964658976,260.970343440771,1683.39048787951,330.65874966979,364.334318727255,132.342603296041,241.281928747892,29.0975632965565,1044.48934817314,104.417660534382,1157.26371520758,207.101629137993,50.2091492414474,8.87623140215874,717.065404444933,258.617646545172,914.663023918867,193.962864279747,1074.29627254605,728.975948631763,509.840207517147,760.201483428478,1010.68694350123,473.102610051632,308.280463159084,18.9067424833775,1126.02373969555,727.904885679483,247.868031322956,172.812355041504,62.9464201629162,4.26915109157562,545.781132042408,13.2835488319397,101.24720326066,0,463.908744305372,23.6265124082565,7.30131551623344,1.27556931972504,2.95210033655167,0,10.1670005917549,2.51392883062363,11.0561167299747,0,76.6301816999912,0,9.06191021203995,1.29860770702362,19.3878412842751,2.52982985973358,589.304724186659,34.6627449393272,101.794059514999,12.2907505631447,174.945774465799,11.2120815515518,60.3657967448235,15.7136775553226,60.8928838968277,4.05845665931702,200.908373981714,41.1957353949547,614.691262513399,54.0427212417126,0,597.585229456425,4662.20446836948,205.92876470089,3603.25148594379,71.2402465641499,4828.75987771153,198.570375829935,2.96807032823563,0,90.6397381126881,9.22346866130829,12.6402876377106,0,144.584663033485,1.69255888462067,12.7698379158974,2.05964243412018,127.634644508362,1.30848550796509,23.2666211724281,9.95553493499756,9.61670371890068,3.13682180643082,169.503134429455,12.7636339068413,38.5669630765915,1.82153165340424,14.2705565690994,6.23134112358093,10.6303014159203,0.714224278926849,14.3821419775486,7.10472810268402,115.22848841548,16.4088302254677,15.084017932415,3.20403778553009,47.0603002607822,27.3047453463078,1.32570922374725,0,0.850218296051025,2.25407493114471,0.43876126408577,5.3760969042778
110.072511851788,1732.85696578026,583.472297519445,2079.45008644462,160.037125706673,864.24916613102,342.177907139063,2612.56471654773,60.178454220295,806.183207660913,24.1029913425446,415.658616065979,122.345474988222,1196.21103826165,109.054380148649,2165.33123913407,8.81223201751709,126.860435515642,455.327553957701,947.964795410633,58.2303649783134,562.827566176653,781.928766667843,1452.02996897697,138.580598443747,675.61286726594,170.878237843513,879.945636361837,63.0074736177921,191.375783234835,219.806675493717,699.2223752141,120.426342695951,243.114752143621,3.38043877482414,7.11933842301369,52.7833467423916,301.001509130001,16.5130354166031,56.6178319454193,69.4002044796944,347.462656497955,0,4.80234479904175,0.860889911651611,3.24786970019341,0,63.8440484702587,0,3.56451714038849,2.34100294113159,58.8209426999092,1.06522333621979,4.27684417366982,4.64211773872375,2.84462705254555,56.4705568253994,427.012424618006,23.3441800475121,84.3407006561756,29.1840357482433,65.0310239493847,17.9406798481941,151.085280686617,1.21940672397614,96.2126008570194,94.3762304782867,158.607970654964,132.038479328156,607.16317564249,597.585229456425,0,284.913483321667,4037.92797350883,87.998009622097,5419.226819098,256.756288021803,11209.0438154638,3.86004441976547,4.47540354728699,34.0097207427025,99.5807428359985,1.4918412566185,8.83252999186516,8.91992270946503,207.419133424759,2.86723345518112,11.615392357111,12.5402892231941,176.421594709158,28.2915221452713,48.3045021593571,12.1190215945244,31.1358340084553,22.4590620398521,185.835855811834,15.3577076792717,3.75582212209702,6.82937568426132,35.853610098362,5.52804028987885,10.2922756671906,9.74536335468292,63.2154741585255,21.6234625577927,113.829283565283,15.5108291208744,14.0054875910282,119.105075120926,57.2690080404282,7.14873570203781,1.82083564996719,2.92501658201218,0.632245063781738,2.88494670391083,6.23704755306244
2935.25273358822,69.1442325115204,3277.32760983706,273.293979138136,1208.74508339167,43.0057801008224,1247.00650507212,155.659752607346,873.969982504845,25.1340530514717,129.191894978285,22.654168844223,1094.38533377647,21.0723910629749,2240.71347090602,23.0130690932274,202.109984755516,7.84594911336899,1307.10060510039,357.561339855194,165.822627395391,10.938992857933,899.611386418343,441.815219163895,364.960063666105,146.479019403458,215.062965631485,24.4708670973778,2350.00231775641,8.53491806983948,204.426486194134,409.922732442617,82.4018680751324,227.567704349756,39.9934372901917,117.921468615532,433.684881210327,175.764327287674,85.519955933094,1.8265734910965,1225.91474270821,66.0603195428848,238.030453234911,19.0929710865021,163.489603847265,4.91274452209473,284.864085555077,8.29089051485062,243.714759290218,5.04917198419571,455.009798645973,0,122.683603942394,0,101.915154963732,7.22626805305481,2013.0459138453,64.2068785429001,722.819810032845,44.5661699175835,498.776685625315,41.9077882766724,124.689007997513,47.1092346608639,203.676148205996,11.6829795241356,609.449383676052,369.344087451696,1311.55418202281,50.4527112543583,4662.20446836948,284.913483321667,0,98.9337205290794,3368.24718955159,122.698807239532,2179.35522922873,139.992819339037,33.8531057834625,1.83284521102905,314.752531141043,13.4902223646641,85.3942293524742,0,168.488677978516,1.81828504800797,39.6171522140503,1.79361617565155,160.460336953402,0,23.4177369475365,10.811733186245,10.8859912157059,0.531849324703217,94.6241872012615,4.37866503000259,30.6986634135246,2.19531810283661,26.8159125447273,2.97953081130981,7.51338517665863,1.2534961104393,7.71659219264984,2.88473528623581,50.2200710773468,6.80772858858109,14.9034932255745,1.76897251605988,27.0241988003254,16.4193819761276,2.90526157617569,0,0,0,0,1.30071663856506
51.4645689129829,2912.34817749262,254.041409373283,2570.04057177901,24.8840969204903,1019.74801257253,126.039083749056,1354.3024943471,7.6044636964798,807.29310080409,4.84346497058868,1325.81258180737,27.9442684352398,1423.36695754528,27.5754926204681,3566.7726110816,6.42637848854065,1478.20812162757,375.420920222998,1097.08864352107,1.59584248065948,113.862180948257,271.19264575839,1218.87800291181,34.858805924654,202.70936563611,22.8757346868515,443.408318758011,39.2730853557587,5884.18314370513,103.489888191223,192.703355103731,102.16190674901,218.363143920898,45.2980422079563,103.130095183849,81.1053315997124,646.117255330086,9.05534088611603,44.6147524118423,13.2342638373375,2552.62713119388,25.0795048475266,116.481469124556,48.2225236296654,326.62465429306,8.1159502863884,463.987581074238,27.1608507335186,393.031512498856,2.97173964977264,484.762237370014,0,230.207846313715,0,215.288149654865,49.8210230767727,2611.90636059642,78.9570203125477,828.139375180006,48.1539703309536,211.956611394882,18.3177356719971,521.606719046831,2.71242743730545,261.238278448582,281.627063423395,934.635711669922,74.8327558338642,640.392731815577,205.92876470089,4037.92797350883,98.9337205290794,0,28.5448041558266,1784.36246198416,111.528745114803,930.547968685627,1.4816597700119,228.33794349432,16.6720615029335,1204.6393635571,0,196.172709524632,4.16531229019165,1165.00149816275,0,73.7752494513988,0.811419427394867,619.786349594593,1.68605828285217,31.7340363264084,0,7.36057502031326,3.88415205478668,37.7915674448013,7.87365823984146,1.67782711982727,1.5664090514183,45.4589087069035,1.46889716386795,4.28881615400314,0.866059541702271,17.6969000101089,4.15958625078201,12.8055184781551,1.65233165025711,1.92113369703293,6.40172171592712,3.05552756786346,2.71624571084976,0,0,0,0,2.96754479408264
968.140982538462,26.1773938536644,691.018335998058,64.2810046672821,101.540810853243,2.15773755311966,245.166685372591,30.9391310214996,59.2089492678642,1.22466915845871,20.4167324900627,3.88135206699371,111.12465763092,4.27412140369415,218.986439466476,3.37981528043747,10.3667387366295,1.63501465320587,611.001849651337,111.836126446724,44.7873812317848,0,151.618743091822,88.0619472265244,27.7671056687832,11.3222015500069,10.6244939565659,3.75398170948029,68.8610763549805,4.16387397050858,39.2602682113647,63.6749311387539,23.932244092226,41.9649741649628,5.53268247842789,16.4928333163261,1411.722989887,25.8718925714493,158.816608011723,0,479.898535102606,51.772062599659,7.77848076820374,0,22.9992644786835,0,8.37409409880638,1.83414572477341,26.7537523806095,0,40.2918402552605,0,4.36148828268051,0,10.1716514229774,0,380.448958337307,6.22948062419891,90.1765902936459,4.59202522039413,65.7080669999123,5.31540882587433,18.0377904772758,2.35542848706245,21.7314609885216,0,99.8415861427784,33.3539264798164,592.151901006699,8.42234575748444,3603.25148594379,87.998009622097,3368.24718955159,28.5448041558266,0,68.0597626566887,1831.86208668351,53.8632592558861,1.58139532804489,0,14.4099682569504,1.80452841520309,2.49193382263184,0,7.69478690624237,0,14.926871240139,0.837780475616455,22.762878626585,0,73.9495148062706,97.4905569553375,44.6515981853008,26.6245035231113,282.624109834433,37.0876636207104,60.5744637846947,16.475503474474,35.5727827548981,37.7822733223438,19.858303040266,11.8137313723564,24.7934404611588,48.2148632407188,175.248723983765,51.5185854434967,40.4186282753944,19.9524481892586,102.317336767912,40.4346668720245,13.8335821628571,1.52323341369629,2.52778387069702,4.47620165348053,5.72382497787476,16.9591716825962
26.8706902861595,856.499900996685,92.4177423119545,890.94230812788,7.22356432676315,43.4937561750412,54.5185462236404,472.227386176586,1.65968650579453,36.4152968227863,5.5254442691803,48.7528700828552,14.0643891394138,209.806558251381,4.84660363197327,187.940710157156,1.05320000648499,38.3005325198174,163.404007077217,600.986118495464,1.84842789173126,1.25733423233032,88.3531941771507,454.530523717403,3.15314161777496,11.5335748195648,0,10.490961432457,4.76398086547852,46.4897222518921,47.853944003582,79.3303048312664,38.7024391293526,114.281140446663,16.3553449511528,50.3483902812004,43.0690860748291,646.263394743204,11.5138040184975,51.974344432354,86.9143431186676,303.622515201569,7.00726562738419,34.0899969935417,18.0320807695389,102.79923376441,0,138.298139840364,7.25311815738678,147.865112841129,1.57927358150482,142.899408131838,0,68.0394972860813,0.709266901016235,51.3524104356766,13.0286127924919,541.036318480968,20.969747364521,227.631361603737,12.9157762527466,39.9064776003361,5.5342013835907,19.589084982872,0,92.0216808617115,65.0579787492752,286.628318756819,34.787135720253,312.781709879637,71.2402465641499,5419.226819098,122.698807239532,1784.36246198416,68.0597626566887,0,65.8718116283417,1570.07006880641,0,4.27738964557648,5.16372185945511,25.2180269062519,1.92210465669632,22.9485371112823,0,151.20346736908,9.69283199310303,37.0078340470791,7.49327683448792,94.2548329234123,75.4365004897118,111.728859066963,27.5828535556793,44.0729420185089,27.9751062393188,153.740606248379,43.3547607958317,11.0522817969322,19.3128100931644,48.2617802917957,23.0857018530369,16.4034750759602,32.8462327718735,64.2204371094704,35.5138434171677,108.646349489689,20.3560775220394,14.2993937134743,92.9325451850891,27.0593889951706,14.0656763315201,0,4.87799388170242,2.5562951862812,7.82589769363403,12.1900694966316
3258.47858798504,117.283763349056,2500.62322327495,209.23595893383,294.387442618608,2.92074942588806,1270.28485432267,202.384564608335,172.124666839838,3.61669474840164,77.0518892407417,31.4765327572823,460.773007005453,17.5250597000122,509.462867856026,2.92315858602524,60.5517422556877,9.22351732850075,2198.54499310255,777.204456567764,46.2017720937729,1.43014132976532,553.241849720478,208.847342312336,82.1048752963543,13.13981539011,36.7362681925297,4.80121982097626,314.869213789701,8.26645731925964,202.994186908007,313.24713280797,123.42584246397,388.887129515409,83.4873420894146,127.67013335228,4304.31070512533,255.786714792252,343.045047909021,10.9624143838882,604.634685575962,2.45170551538467,276.64987552166,37.0214599370956,256.064227640629,6.90868383646011,529.384804755449,45.2539541125298,299.380028754473,5.53054022789001,438.58197453618,5.63456982374191,130.784567892551,6.6394550204277,224.487098753452,19.3387550115585,1610.29397219419,147.882790893316,657.628081977367,127.550901442766,552.848390817642,132.166263341904,165.389959275723,120.198410719633,136.00091356039,40.2019705176353,972.684162437916,480.198855370283,3237.32829877734,138.83886295557,4828.75987771153,256.756288021803,2179.35522922873,111.528745114803,1831.86208668351,65.8718116283417,0,478.085974156857,0.986590087413788,0.811403095722198,154.162550359964,52.0425016880035,93.251450240612,0.858728528022766,123.218721151352,7.42688804864883,160.291511058807,0,242.677803188562,4.24799120426178,116.107353240252,17.2705571651459,121.277768731117,18.7211076021194,748.563083291054,35.6637831330299,630.898983538151,8.12684944272041,26.7481255233288,3.44747534394264,34.810703843832,6.02792054414749,55.4541716575623,23.7533239126205,534.307344019413,92.4522336423397,79.4507822692394,9.86809056997299,422.18258190155,590.622781842947,7.53564447164536,2.42234826087952,23.5303876399994,27.1287594437599,9.78282421827316,31.0722938776016
167.063429504633,4024.7431024909,178.560958772898,1849.67119854689,0,40.7855334877968,76.4124236404896,1279.85530039668,0,34.9634411931038,7.04144358634949,118.431560218334,9.8038055896759,280.371071398258,0,160.672648012638,7.92751163244247,91.7357124686241,702.941711753607,2804.43070676923,1.20785987377167,6.15581142902374,124.608538269997,729.249311566353,0,10.3767266869545,1.36085039377213,18.2976999282837,45.3652333021164,67.7050112783909,84.8570652008057,198.192498534918,163.393683165312,426.219038814306,43.5719339549541,188.880850732327,152.863188266754,4130.43425044417,56.0753083229065,200.679452568293,5.81269717216492,332.455433964729,43.7500186562538,150.368025809526,50.1916282176971,269.768290758133,60.674495279789,746.446284145117,15.1237089037895,357.500897616148,11.4366813004017,352.412731856108,0.502291977405548,146.729573458433,9.37011784315109,218.202588051558,73.1124331057072,1671.03334012628,130.29502004385,837.65763053298,59.0841872692108,147.351515650749,24.842805325985,150.54406017065,2.6283016204834,222.801410675049,400.925669759512,1004.73099273443,249.981873005629,1865.33969575167,198.570375829935,11209.0438154638,139.992819339037,930.547968685627,53.8632592558861,1570.07006880641,478.085974156857,0,1.6773647069931,2.3246778845787,50.4432108700275,61.8331545591354,0,130.856961548328,10.465541601181,259.225424319506,0.875448346138,221.763221979141,3.68422788381577,217.888035386801,69.3482446670532,236.699813216925,44.5186175704002,236.226349502802,191.182968944311,508.848687618971,79.4727974534035,17.5524587035179,33.7134078741074,96.0588286221027,13.7799327075481,60.5084300637245,43.2089146077633,201.518420934677,132.226339638233,620.81422317028,37.2401123940945,49.576814442873,750.688565582037,1054.12692144513,27.4069401919842,7.73599848151207,30.6861424744129,12.3041037321091,24.7722457051277,45.0394133329391
28.7942630052567,1.11352682113647,8.20074462890625,0,0,0,6.25631099939346,0,0,0,6.65981486439705,0,6.7015272974968,0,1.63113641738892,0,234.013216197491,0,1.36360883712769,0,0,0,0,0,0,0,0,0,232.682982593775,0,0,0,3.54798835515976,7.88222378492355,3.24652475118637,4.99790209531784,1.02975916862488,5.15225148200989,0,0,0,0,0,0,1.13734313845634,0,0.636531412601471,0,2.89588207006454,0,14.9746027886868,0,0,0,1.95460483431816,0,55.2082714736462,8.36802005767822,123.179947942495,2.76637357473373,43.7046574056149,4.64088970422745,46.4502506256104,2.9216345846653,3.48144435882568,0,51.8888826370239,24.7829124629498,3.62817567586899,6.00207674503326,2.96807032823563,3.86004441976547,33.8531057834625,1.4816597700119,1.58139532804489,0,0.986590087413788,1.6773647069931,0,0,716.675360947847,1.0556446313858,7.78775990009308,0,24.134259223938,0,0,0,0,0,0,0,0,0,0,0,1.95842158794403,0,0,0,0,0,0,0,0,0,0,0,0,0,0,0,0,0,0,0
0,19.3305751681328,0,1.0196681022644,0,0,0,11.2261800169945,0,0,0,16.1469648480415,0,4.92925673723221,0,1.13300967216492,0.785726606845856,328.992010831833,0,5.88998782634735,0,0,0,0,0,0,0,0,0,323.919466376305,0,0,6.76540115475655,5.22718662023544,2.13786727190018,2.6828784942627,0,0,0,2.38409042358398,0,0,0,1.98277288675308,0,5.05065271258354,0,3.45716574788094,0,4.24455899000168,0,13.9823860228062,0,0,0,0,3.04878336191177,54.0455511212349,0.717982888221741,72.3941758871078,0,12.3376825451851,0.788496553897858,172.256030410528,0,11.3959338068962,5.37148058414459,60.4355081915855,0,1.28922283649445,0,4.47540354728699,1.83284521102905,228.33794349432,0,4.27738964557648,0.811403095722198,2.3246778845787,0,0,0,771.01994535327,0,12.943065226078,0,6.95037314295769,0,0.624773025512695,0,0.634665608406067,0,0,0,0,0,2.05962014198303,0,0,0,0,0,0,0,0,0,0,0,0,0,0,0,0,0,0,0,0
107.769084483385,4.57204413414001,92.4260522127151,0,0,0,157.387650668621,1.48840868473053,6.06159520149231,0,305.33471339941,0,533.845562309027,0,37.7273140847683,0,1555.40884914994,0,33.1554295420647,0,0,0,3.91180270910263,0,0,0,0,0,1598.44470277429,4.64140617847443,2.65354347229004,1.6560595035553,15.8282142579556,67.5694451630116,70.2885109186172,115.816752582788,59.5738753080368,58.3366121053696,11.0680059492588,0,4.5470529794693,0,117.903302848339,0.577763080596924,178.94448953867,1.76462352275848,143.257961213589,2.86733317375183,310.019534617662,0.476650267839432,555.463894695044,0,105.689136475325,0,88.596053391695,0.939356505870819,602.912122786045,44.240242421627,944.165120124817,12.2511139512062,552.949956983328,5.52999666333199,1960.54988619685,9.11956483125687,253.574678122997,0,669.298190116882,117.422010928392,53.4676023125648,36.1297385692596,90.6397381126881,34.0097207427025,314.752531141043,16.6720615029335,14.4099682569504,5.16372185945511,154.162550359964,50.4432108700275,716.675360947847,0,0,0,1457.17028152943,0,5049.91863542795,0,89.2284980714321,0,199.333066612482,0,5.45220053195953,0,0,0,3.2233202457428,0,2.01326048374176,0,6.76858508586884,0,0,0,0,0,0,0,0,0,0,0,0,0,0,0,0,0
0,57.7455126941204,0,36.4924705922604,0,0,0,35.8873899579048,0,0,0,164.188786923885,0,76.4580034017563,0,25.7034898400307,0,678.245560497046,0,9.25288209319115,0,0,0,21.0537493824959,0,0,0,0,3.03016859292984,600.477729201317,0,15.5303787887096,25.9278169572353,49.99666929245,13.4367317259312,83.026240259409,12.1848968863487,55.0575026571751,0,17.019312441349,0,35.0252082943916,10.5631506741047,38.3733391165733,10.4809993803501,264.409411519766,2.26895779371262,100.788772255182,0,263.982134699821,1.26435732841492,416.420039981604,0,114.372092396021,0,62.8964156508446,10.9460704922676,257.50903454423,23.0038432776928,654.865782618523,12.2774404883385,57.7324903607368,1.88018581271172,2181.55373084545,0,428.233397096395,64.9127336740494,988.278947412968,3.23436951637268,15.9119278788567,9.22346866130829,99.5807428359985,13.4902223646641,1204.6393635571,1.80452841520309,25.2180269062519,52.0425016880035,61.8331545591354,1.0556446313858,771.01994535327,0,0,0,1695.18503411114,0,4716.08689919114,0,91.0203496515751,0,353.386271566153,0,2.24076527357101,0,0,0,2.74824464321136,0,0,0,2.53801727294922,0,0,0,0,0,0,0,0,0,0,0,0,0,0,0,0
42.2602173089981,0,35.338181912899,5.01012301445007,16.8781543672085,0,8.44845175743103,2.17010807991028,5.98111248016357,0,38.7093050479889,1.63931429386139,7.05065900087357,0,13.7455627322197,0,60.3074198365211,0,41.4401973485947,10.2629370987415,0,0,0,1.42692768573761,0,0.92524641752243,2.65785872936249,0,683.212210923433,0,2.70452344417572,1.06775951385498,1.84624350070953,2.90781956911087,9.77756252884865,12.8721989691257,425.453152120113,1.22143173217773,59.6803759038448,0,691.379149079323,0.57592511177063,64.0593662858009,0,36.9135421514511,0,229.578043013811,0,76.5231017768383,0,221.939941823483,0,63.9747372865677,0,168.108423769474,0,13.2974009513855,0,53.0473490953445,0,61.3718201220036,0,32.0688886344433,0,101.702268213034,0,29.9389342963696,0,3.30490112304688,0,12.6402876377106,1.4918412566185,85.3942293524742,0,2.49193382263184,1.92210465669632,93.251450240612,0,7.78775990009308,0,1457.17028152943,0,0,0,916.413168638945,0,956.356292068958,0,337.274175107479,0,0.474777787923813,0,0,0,4.06674283742905,0,2.15101790428162,0,14.8331871032715,0,0,0,0,0,0,0,0,0,0,0.799407958984375,0,0,0,0,0,0
0,0.535987913608551,0,0,0,2.80735743045807,0,0,0,0,0,0,0,0,0,7.44890528917313,0,14.880254805088,0,0,0,36.2551801204681,0,0,0,0,0,2.71212351322174,0,132.99703130126,0,0,0,6.07573199272156,0.407770216464996,22.8389816880226,0,504.975369930267,0,72.0230468213558,0,2167.99955624342,1.35698217153549,23.1220574080944,0,27.1819095015526,0,117.964779019356,0,33.7717795968056,0,100.005600959063,0,51.1146501600742,0,165.877895712852,0,4.45552402734756,0,44.7654944062233,0,5.97506055235863,0,32.1482828557491,0,19.627367079258,0,121.568003237247,0,0,0,8.83252999186516,0,196.172709524632,0,22.9485371112823,0.858728528022766,130.856961548328,0,12.943065226078,0,1695.18503411114,0,0,0,1411.75666382909,0,1505.35713943839,0,288.214915752411,0,3.1294926404953,0,0,0,3.48266386985779,0,0,0,10.6340289115906,0,0,0,0,0,0,0,0,0,0.766535639762878,0,0,1.80902183055878,0,0,0
1070.39309799671,0,242.761592686176,0,1.98916929960251,0,616.048595845699,0,2.45059710741043,0,702.236663103104,0,741.070066869259,0,10.2037347555161,0,92.6878091990948,0,117.684158265591,0,0,0,0,0,0,0,0,0,408.078887909651,0,4.81187862157822,4.2301949262619,6.39279556274414,24.9729468226433,43.0241599082947,89.355255573988,120.085820913315,39.8897339701653,19.7692729830742,3.0209436416626,48.4591852426529,0,115.904899716377,31.030655503273,100.576071530581,13.8215333223343,275.495210617781,0,269.00758227706,7.82203984260559,3235.31657591462,2.27029943466187,744.196089744568,0,496.004765152931,5.32479357719421,318.705696672201,0,473.572231054306,3.4264894425869,1796.14427858591,0.85505747795105,1005.18028891087,2.48159921169281,7084.95323759317,0,186.456473469734,74.7340159118176,0.982271194458008,4.0208358168602,144.584663033485,8.91992270946503,168.488677978516,4.16531229019165,7.69478690624237,0,123.218721151352,10.465541601181,24.134259223938,0,5049.91863542795,0,916.413168638945,0,0,0,913.083179175854,0,5897.04313087463,0,6.0260497033596,0,0,0,5.53468346595764,0,0,0,10.4709444344044,0,0,0,0,0,0,0,0,0,0,0,0,0,0,0,0,0
0,607.50559476018,0,101.07766059041,0,0,0,587.420718252659,0,0,0,604.438467532396,0,373.904253125191,0,10.7502317428589,0,114.819173246622,0,92.0737459659576,0,0,0,7.90906676650047,0,0,0,0,0,121.055413514376,0.704894244670868,18.1349039673805,3.23288989067078,26.9448697566986,41.2275417149067,90.2365384101868,4.69258767366409,477.480136871338,0,35.0637484490871,0,314.75463399291,43.5077134668827,90.8187929391861,15.5109411478043,326.359103441238,0,330.886745601892,4.54505324363708,516.213754743338,0.710734367370605,4536.36167576909,0,719.729602426291,0,618.069571614265,0,191.341844707727,8.70317488908768,194.403618991375,0,215.129626631737,0,1783.50315842032,0,4395.44671270251,14.0506103634834,343.392885535955,0,0.969359457492828,1.69255888462067,207.419133424759,1.81828504800797,1165.00149816275,0,151.20346736908,7.42688804864883,259.225424319506,0,6.95037314295769,0,4716.08689919114,0,1411.75666382909,0,0,0,1346.23282113671,0,7416.30281302333,0,9.40212988853455,0,0,0,2.17514437437057,0,0,0,34.2034413218498,0,0,0,0,0,0,0,0,1.23596882820129,0,0,0,0,0,0,0
0,0,0,0,8.14039251208305,0,0,0,6.08829075098038,0,0,0,0,0,13.6620380282402,0,0.802811026573181,0,0,0,0,0,0.46343606710434,0,0,0,0.642319083213806,0,158.294933199883,0,0,0,3.76464319229126,0,9.16835224628448,4.75962018966675,1744.2631265521,0.765113532543182,247.408283293247,0,1616.84838551283,6.04358726739883,44.8018589317799,0,9.81640276312828,0,256.060850054026,0,9.14638957381248,0,53.5913476347923,0,39.7841249704361,0,704.438288420439,0,1.24868142604828,0,8.94438299536705,0,11.9214148819447,0,12.9551584124565,0,43.5528679192066,0,20.0851643383503,0,0,0,12.7698379158974,2.86723345518112,39.6171522140503,0,14.926871240139,9.69283199310303,160.291511058807,0.875448346138,0,0,89.2284980714321,0,956.356292068958,0,913.083179175854,0,0,0,1339.46351084113,0,3.70647078752518,0,0,0,4.65667635202408,0,1.22520041465759,0,9.3115012049675,0,0,0,2.12274646759033,0,0.801716387271881,0,0,0,0.517535984516144,1.23353064060211,0,0,0,0,0,0.685545027256012
0,0,0,0.475418359041214,0,1.98622584342957,0,0,0,2.34741896390915,0,0,0,0,0,3.01967060565948,0,0,0,0,0.632909655570984,3.55926591157913,0,0,0,0,0,0,0,6.65764120221138,0,0,0,1.10084056854248,1.94777643680573,28.7643943428993,0,1304.42928299308,1.02075219154358,272.380387544632,1.1299729347229,1554.63380414248,1.51513716578484,22.6393780708313,0,4.37150084972382,0,152.127483576536,0,3.87066182494164,0,23.0707288086414,0,45.2593277394772,0,1090.75417168438,0,0,0,1.12816101312637,0,0,0,21.5305862426758,0,4.89924192428589,0.545545697212219,30.5261143445969,0,0,2.05964243412018,11.615392357111,1.79361617565155,73.7752494513988,0.837780475616455,37.0078340470791,0,221.763221979141,0,0.624773025512695,0,91.0203496515751,0,1505.35713943839,0,1346.23282113671,0,0,0,1980.71253302693,0,2.6792576611042,0,0,0,7.50445187091827,0,0,0,5.81899496912956,0,0,0,0,0,0,0,0,0.555257558822632,1.86778038740158,0,0,0,0,0,0
724.731336504221,0,154.936659395695,0,5.54388052225113,0,316.167959570885,0,7.24841284751892,0,243.875783383846,0,177.794133484364,0,11.1318414211273,0,26.4697852730751,0,60.9862739145756,0,2.62940466403961,0,0,0,0,0,0,0,220.931406646967,0,9.29206576943398,2.83635854721069,2.94087791442871,12.69413164258,34.6072876155376,137.847068756819,1100.69700878859,100.600184828043,261.077665477991,1.41324472427368,140.490267544985,5.15667378902435,477.109646528959,54.3347539305687,94.0696882009506,7.84080058336258,1221.26481384039,3.16981679201126,207.899319320917,4.55852901935577,982.216189861298,0,789.286881685257,0,3019.65731096268,15.3691598176956,166.415377467871,0,272.2346393466,2.20983910560608,766.952807992697,0,175.943411439657,0,1294.18141591549,0,129.811447262764,113.836689800024,2.05441576242447,0,127.634644508362,12.5402892231941,160.460336953402,0.811419427394867,22.762878626585,7.49327683448792,242.677803188562,3.68422788381577,0,0,199.333066612482,0,337.274175107479,0,5897.04313087463,0,1339.46351084113,0,0,0,23.8657391667366,0,0,0,3.84101760387421,0,3.63217025995255,0,60.6575148105621,0,0,0,0,0,2.06711435317993,0,0.769185304641724,0,0.454579889774323,1.5072774887085,0,0,0,0,0,0
0,382.37595513463,0,24.53986120224,0,0.59808212518692,0,377.707323044538,0,0,0,113.853457957506,0,43.5367739498615,0,0,0,42.0355595946312,0,29.2241198122501,0,0.74061506986618,0,0,0,0,0,0,0,27.2668617665768,2.57904523611069,0,0.413025438785553,14.317146062851,73.0824241936207,138.235020041466,13.0515168607235,840.525918126106,0,110.558991521597,1.33067488670349,242.579230934381,76.4727570712566,74.8956471681595,68.0558139979839,111.844662547112,0.649904489517212,483.158964395523,24.0742979347706,121.96408316493,0,1127.2796728611,0,1071.6371384263,0,3347.29941800237,0,88.435916364193,23.2324014902115,51.4504027068615,0,48.3553462326527,0,216.230671137571,0,520.361202418804,24.8254732489586,173.28463307023,0,0,1.30848550796509,176.421594709158,0,619.786349594593,0,94.2548329234123,4.24799120426178,217.888035386801,0,0.634665608406067,0,353.386271566153,0,288.214915752411,0,7416.30281302333,0,1980.71253302693,0,0,0,11.9483127593994,0,0,0,0.508925795555115,0,0,0,48.0660314261913,0,0,0,0,0,0,0,0,0,0,0,0,0,0,0,0
0,0,0,0,0,0,0,0,0,0,0,0,0,0,0,0,0,0,0,0,0,0,0,0,0,0,0,0,5.86791270971298,0,0,0,3.12249636650085,0,1.10305535793304,1.55240547657013,98.2600012719631,25.6065017879009,223.134678125381,5.50519418716431,3.05712497234344,0,23.6683432757854,0,3.32837665081024,0,103.5492156744,2.67431008815765,5.17073118686676,0,3.28208684921265,0,7.58501607179642,0,17.9928559660912,0.774255037307739,1.99687576293945,0,0,0,0,0,0,0,0,0,6.16607749462128,3.57846593856812,0,0,23.2666211724281,28.2915221452713,23.4177369475365,1.68605828285217,73.9495148062706,75.4365004897118,116.107353240252,69.3482446670532,0,0,5.45220053195953,0,0.474777787923813,0,6.0260497033596,0,3.70647078752518,0,23.8657391667366,0,0,483.604165375233,1486.50445249677,78.4820139110088,535.528797060251,282.251179814339,2282.24407801032,55.9200502634048,2945.61428359151,261.138259649277,282.618239164352,61.6402351260185,194.627639979124,316.46679097414,879.235813111067,125.207935005426,443.711040884256,44.7427851557732,30.1650246977806,20.5351958274841,160.562680214643,21.2179524898529,95.4522235691547,11.1822209954262,12.063726991415,6.63628372550011
0,0,0,0,0,0,0,0,0,0,0,0,0,0,0,0,0,0,0,0,0,0,0,0,0,0,0,0,0,1.63873791694641,0,0,0,0,2.96812492609024,6.69005399942398,42.0662845373154,79.9036457836628,69.9518306553364,21.5619030594826,0,11.3684992492199,8.96264415979385,32.3040215075016,0,5.06561398506165,3.30268502235413,220.949842900038,0,9.53941029310226,0,15.5138126313686,0,49.7382724285126,0,135.90311652422,0,0,0,0,0,0,0,0,0,0,0.600077569484711,7.97122597694397,0,0,9.95553493499756,48.3045021593571,10.811733186245,31.7340363264084,97.4905569553375,111.728859066963,17.2705571651459,236.699813216925,0,0,0,2.24076527357101,0,3.1294926404953,0,9.40212988853455,0,2.6792576611042,0,11.9483127593994,483.604165375233,0,164.007908314466,1799.20436358452,94.6131513118744,719.179183274508,313.623170942068,455.480606734753,187.579112410545,1911.16000300646,159.151732712984,226.806822359562,335.871323019266,520.24153649807,116.349618941545,718.652298390865,111.875465005636,288.476331502199,117.16182783246,60.3317258059978,389.950386911631,76.6311680674553,171.303161352873,19.8410983681679,57.2044844925404,11.471880197525
0,0,0,0,0,0,0,0,0,0,0,0,0,0,0,0,0,0,0,0,0,0,0,0,0,0,0,0,1.62574887275696,0,0,0,0,0,0,0,59.3497199118137,7.70218676328659,69.8867010176182,2.33774942159653,2.66883730888367,0,0,0,0,0,1.13976490497589,1.19495511054993,0,0,0,0,0,0,0,0,0,0,0,0,0,0,0,0,0,0,0,0,0,0,9.61670371890068,12.1190215945244,10.8859912157059,0,44.6515981853008,27.5828535556793,121.277768731117,44.5186175704002,0,0,0,0,0,0,0,0,0,0,0,0,1486.50445249677,164.007908314466,0,29.5510202348232,532.734198600054,90.668109446764,654.1255197227,26.564833521843,241.371084183455,87.9509729146957,1500.18036025763,39.0901851654053,1171.09918776155,153.386159956455,1063.59999290109,59.1363810002804,310.589796543121,23.9205152690411,46.2067700624466,36.6680455505848,210.113560795784,41.7923005521297,169.059534966946,30.9950438737869,10.6174709200859,7.18331223726273
0,0,0,0,0,0,0,0,0,0,0,0,0,0,0,0,0,0,0,0,0,0,0,0,0,0,0,0,0,0,0,0,0,0,0,0,23.6247539520264,32.147101432085,17.4719551205635,5.09528559446335,0,1.71455574035645,0,0,0,0,0,5.82331156730652,0,0,0,0,0,0,0,0,0,0,0,0,0,0,0,0,0,0,0,0,0,0,3.13682180643082,31.1358340084553,0.531849324703217,7.36057502031326,26.6245035231113,44.0729420185089,18.7211076021194,236.226349502802,0,0,0,0,0,0,0,0,0,0,0,0,78.4820139110088,1799.20436358452,29.5510202348232,0,75.3092820048332,344.5463989079,121.431740164757,163.467007398605,77.5956769287586,179.750041484833,30.3758106529713,720.914562940598,117.992576360703,1224.8820630908,67.0924138724804,896.432509094477,73.3632622361183,152.524322241545,210.485229432583,166.533659785986,415.042912989855,39.7349492013454,156.113335549831,44.4868893921375,138.535179406404,14.0054868459702
160.114742964506,3.17447364330292,79.2497820258141,1.76655924320221,3.4687452018261,0,24.1902982294559,1.09222269058228,0,0,0,0,5.10583052039146,0,7.50461733341217,0,1.14367565512657,0,94.5011692643166,13.9552423357964,0,0,1.19784885644913,0,0.820389360189438,0,0,0,7.94862246513367,0,5.64568936824799,3.02601683139801,3.13478195667267,18.3791608810425,3.08136132359505,14.9496029615402,107.15533348918,6.82886815071106,43.7086561322212,2.09681749343872,10.3845777511597,3.05539640784264,2.21838289499283,0,13.3784613311291,0,18.2594865560532,10.2545585930347,22.3611482679844,0,19.3789494931698,0,3.71290355920792,0,4.48029536008835,0,127.517857134342,0.542350471019745,56.834128677845,0,14.4613332152367,0,7.85594975948334,0,6.26754117012024,0,60.1479237675667,2.38230767846107,173.685715228319,1.31596547365189,169.503134429455,22.4590620398521,94.6241872012615,3.88415205478668,282.624109834433,27.9751062393188,748.563083291054,191.182968944311,0,0,3.2233202457428,0,4.06674283742905,0,5.53468346595764,0,4.65667635202408,0,3.84101760387421,0,535.528797060251,94.6131513118744,532.734198600054,75.3092820048332,0,129.774044692516,1150.48319479823,16.1775965988636,300.094015806913,52.7636261880398,136.172349125147,25.7319399416447,289.970138788223,80.5808283090591,1261.47103798389,216.966247946024,348.017041087151,38.5721403956413,269.092877149582,1156.55717873573,352.708646565676,41.0044947266579,157.837069779634,190.605785429478,49.8521156311035,98.0734053850174
2.15012168884277,62.7001041173935,0,28.7809194326401,0.564278066158295,0,0,13.3799220919609,0,0,0,0.776545643806458,0,0,0,3.21365985274315,0,0,0.657116889953613,41.1344283521175,0,0,0,5.30547273159027,0,0,0,0.781979739665985,0,0,0,1.48704099655151,2.33011519908905,7.55297112464905,0,10.0662093758583,23.0866764485836,109.476423382759,37.9427632391453,13.6950958967209,2.18214499950409,7.54655086994171,0,1.42547577619553,1.54179805517197,18.7752055227757,0.542586028575897,13.6223826408386,0,15.4760231971741,0,9.53907889127731,0,3.78285586833954,0,1.29670745134354,0,59.3163591623306,0,44.9248259663582,0,2.78175684809685,0,2.62030172348022,0,5.56572198867798,3.15775060653687,63.6407250761986,1.24535691738129,37.682370275259,12.7636339068413,185.835855811834,4.37866503000259,37.7915674448013,37.0876636207104,153.740606248379,35.6637831330299,508.848687618971,0,2.05962014198303,0,2.74824464321136,0,3.48266386985779,0,2.17514437437057,0,7.50445187091827,0,0.508925795555115,282.251179814339,719.179183274508,90.668109446764,344.5463989079,129.774044692516,0,152.778613865376,941.530965566635,105.648608952761,923.18217459321,51.7588913440704,66.0210011005402,89.9465443491936,290.580240726471,93.0258053839207,480.189184337854,54.9016368091106,128.070724844933,160.852172344923,260.236146628857,470.662708520889,35.754831135273,38.7944453656673,12.8611821234226,26.5760788321495,12.7542741298676
28.8871008455753,0,4.78483587503433,0,0,0,3.10909593105316,0,0,0,0.883247673511505,0,0,0,1.04866737127304,0,0,0,8.60316762328148,0.686092555522919,0,0,0,0,0,0,0,0,6.61955165863037,0,2.69481408596039,0,1.73765349388123,6.27069985866547,4.7902364730835,6.81674140691757,93.3438620269299,10.5961619615555,90.5214512348175,3.74303835630417,3.99946796894073,0,11.7292234897614,0,6.03621304035187,0,81.8092625439167,5.31420111656189,18.522962898016,0,21.1077695190907,0,3.69275540113449,0,8.09986555576324,0,32.5965247452259,0.790919303894043,21.8695918917656,0.977014482021332,15.8366103172302,0,1.17371225357056,0,2.61776325106621,0,63.4246506094933,6.79730713367462,42.7196706235409,4.5516529083252,38.5669630765915,15.3577076792717,30.6986634135246,7.87365823984146,60.5744637846947,43.3547607958317,630.898983538151,79.4727974534035,1.95842158794403,0,2.01326048374176,0,2.15101790428162,0,0,0,1.22520041465759,0,3.63217025995255,0,2282.24407801032,313.623170942068,654.1255197227,121.431740164757,1150.48319479823,152.778613865376,0,57.3659086823463,3432.11239588261,163.980243384838,302.818804949522,53.7728960514069,334.002111703157,257.190087884665,818.722659438848,161.368944734335,588.915742754936,56.928928643465,89.2613899409771,387.893153309822,629.936103284359,71.1112141013145,188.602852165699,34.8145384192467,16.9810030162334,55.3013623356819
0,1.16485249996185,0,0,0,0,0,0,0,0,0,0,0,0,0,0,0,0,0,0,0,0,0,0,0,0,0,0,0,0,0,0,0,0,0,0,6.09745672345161,1.87303793430328,10.3652227520943,2.47880339622498,0,0,0,0.717185020446777,0,0,0,3.11148673295975,0,0,0,0,0,0,0,0,0,0,0,0,0,0,0,0,0,0,0,0,0,0,1.82153165340424,3.75582212209702,2.19531810283661,1.67782711982727,16.475503474474,11.0522817969322,8.12684944272041,17.5524587035179,0,0,0,0,0,0,0,0,0,0,0,0,55.9200502634048,455.480606734753,26.564833521843,163.467007398605,16.1775965988636,941.530965566635,57.3659086823463,0,24.3686210513115,2573.05658087134,17.9805734157562,26.685313552618,43.3917337357998,84.4008903503418,23.1571382284164,113.405755966902,22.8790312111378,151.796601712704,12.2938405871391,6.42421421408653,772.81800237298,158.777246236801,111.989636093378,10.016951918602,7.52873757481575,3.31331449747086
0,0,0,0,0.647605061531067,0,0,0,0,0,0,0,0,0,0,0,0,0,0,0,0,0,0,0,0,0,0,0,19.3977870941162,1.50056731700897,0,0,0,0,5.56571459770203,2.30204087495804,79.2852328121662,6.16053721308708,52.7954493761063,4.42722210288048,7.13187319040298,0,126.534856021404,9.10250163078308,13.032346278429,0,501.801125973463,2.59827506542206,8.46965983510017,1.84179484844208,16.6692343354225,0,37.3646811842918,0,113.4879334867,2.23346650600433,1.46491825580597,0,0,0,0.603663146495819,0,0,0,0,0,9.97966146469116,5.55796664953232,0,0,14.2705565690994,6.82937568426132,26.8159125447273,1.5664090514183,35.5727827548981,19.3128100931644,26.7481255233288,33.7134078741074,0,0,6.76858508586884,0,14.8331871032715,0,10.4709444344044,0,9.3115012049675,0,60.6575148105621,0,2945.61428359151,187.579112410545,241.371084183455,77.5956769287586,300.094015806913,105.648608952761,3432.11239588261,24.3686210513115,0,98.0381361246109,123.590928196907,55.4570016264915,79.8826499283314,204.05028668046,297.494472712278,64.1567324399948,264.818222641945,26.5059866607189,3.21477055549622,7.15422815084457,130.73375377059,50.3532799184322,51.3630663752556,3.75216397643089,8.11726978421211,1.64498573541641
0,0,0,0,0,0,0,0,0,0,0,0,0,0,0,0,0,0,0,0,0,0,0,0,0,0,0,1.51452577114105,0,0.465171068906784,0,1.25704753398895,0,0,12.1941059231758,17.2894105911255,9.80582386255264,86.3332358002663,42.4543099999428,21.6557556390762,0,42.4220359325409,80.2765828371048,219.048494189978,3.86024689674377,13.4844335913658,2.7542929649353,889.197855532169,1.61975586414337,25.7540867328644,0,14.14259070158,0,59.5443942546844,0,292.096468180418,0,0,0,0,0,0,0,0,0,0,2.04327356815338,22.0999531745911,0,0,6.23134112358093,35.853610098362,2.97953081130981,45.4589087069035,37.7822733223438,48.2617802917957,3.44747534394264,96.0588286221027,0,0,0,2.53801727294922,0,10.6340289115906,0,34.2034413218498,0,5.81899496912956,0,48.0660314261913,261.138259649277,1911.16000300646,87.9509729146957,179.750041484833,52.7636261880398,923.18217459321,163.980243384838,2573.05658087134,98.0381361246109,0,58.9423426687717,39.4688774347305,106.347796618938,135.820334970951,41.7659704387188,188.753298193216,46.360600143671,282.516894727945,13.9649186730385,8.60483002662659,365.689995020628,276.963301837444,345.868212819099,7.47161448001862,8.73466947674751,1.92164200544357
0,0,0,0,0,0,0,0,0,0,0,0,0,0,0,0,0,0,0,0,0,0,0,0,0,0,0,0,1.84161972999573,0,0,0,0,0,0,0,19.0956755280495,5.86879879236221,23.2327632009983,2.3657044172287,0,0.958000779151917,0,0,0,0,0,0,0,0,0,0,0,0,0,0,0,0,0,0,0,0,0,0,0,0,0,0,0,0,10.6303014159203,5.52804028987885,7.51338517665863,1.46889716386795,19.858303040266,23.0857018530369,34.810703843832,13.7799327075481,0,0,0,0,0,0,0,0,0,0,0,0,282.618239164352,159.151732712984,1500.18036025763,30.3758106529713,136.172349125147,51.7588913440704,302.818804949522,17.9805734157562,123.590928196907,58.9423426687717,0,27.8871462345123,1534.57676038146,112.126268237829,539.689552396536,19.0719749927521,223.258447766304,21.9912987351418,5.85105359554291,12.0787515044212,43.9929555952549,8.07750636339188,20.3519259095192,10.9112606942654,6.81019133329391,3.14157128334045
0,0,0,0,0,0,0,0,0,0,0,0,0,0,0,0,0,0,0,0,0,0,0,0,0,0,0,0,0,0,0,0,0,0,0,0,5.80464145541191,16.0482059121132,5.23148763179779,2.550213098526,0,1.63707780838013,0,0,0,0,0,2.08000379800797,0,0,0,0,0,0,0,0,0,0,0,0,0,0,0,0,0,0,0,0,0,0,0.714224278926849,10.2922756671906,1.2534961104393,4.28881615400314,11.8137313723564,16.4034750759602,6.02792054414749,60.5084300637245,0,0,0,0,0,0,0,0,0,0,0,0,61.6402351260185,226.806822359562,39.0901851654053,720.914562940598,25.7319399416447,66.0210011005402,53.7728960514069,26.685313552618,55.4570016264915,39.4688774347305,27.8871462345123,0,89.4132268726826,1442.01777663827,28.8718587458134,441.962070226669,32.7205993235111,108.27339977026,34.8885791003704,15.690343528986,34.3039613962173,0.618899643421173,12.0206582248211,4.95284387469292,38.8485407829285,1.65434378385544
1.84801685810089,0,0,0,0,0,0,0,0,0,0,0,0,0,0,0,0,0,0,0,0,0,0,0,0,0,0,0,0,0,0.692614018917084,0,0,0,0,0,52.2106988132,1.97716450691223,79.5473047196865,3.31994986534119,0,0,0,0,0,0,0,0.511759221553802,0,0,0,0,0,0,0,0,0.582505524158478,0,0,0,0,0,0,0,0,0,0,0,0,0,14.3821419775486,9.74536335468292,7.71659219264984,0.866059541702271,24.7934404611588,32.8462327718735,55.4541716575623,43.2089146077633,0,0,0,0,0,0,0,0,2.12274646759033,0,0,0,194.627639979124,335.871323019266,1171.09918776155,117.992576360703,289.970138788223,89.9465443491936,334.002111703157,43.3917337357998,79.8826499283314,106.347796618938,1534.57676038146,89.4132268726826,0,386.26928204298,6072.63557463884,124.200895756483,750.725861698389,50.425839215517,46.4539712965488,76.2591179311275,255.11140948534,54.1795136630535,148.858977764845,822.151577234268,518.746434599161,11.4291473031044
0,0,0,0,0,0,0,0,0,0,0,0,0,0,0,0,0,0,0,0,0,0,0,0,0,0,0,0,2.08820509910583,1.72137856483459,0,0,0,0,0,0,32.7144225537777,34.1737878918648,42.1892837882042,6.29662844538689,0,1.19319009780884,0,0,0,0,0.575052738189697,3.65749707818031,0,0,0,0,0,0,0,0,0,0,0,0,0,0,0,0,0,0,0,1.22123456001282,0,0,7.10472810268402,63.2154741585255,2.88473528623581,17.6969000101089,48.2148632407188,64.2204371094704,23.7533239126205,201.518420934677,0,0,0,0,0,0,0,0,0,0,0,0,316.46679097414,520.24153649807,153.386159956455,1224.8820630908,80.5808283090591,290.580240726471,257.190087884665,84.4008903503418,204.05028668046,135.820334970951,112.126268237829,1442.01777663827,386.26928204298,0,171.927019864321,5116.15267443657,149.290136426687,375.70133343339,105.170757353306,88.7612664103508,192.764720618725,11.3736671507359,100.490884691477,372.841730266809,170.827736318111,9.83867758512497
35.7072977423668,2.96769440174103,12.0106502175331,0,0,0,1.73268461227417,0,0,0,0,0,0,0,1.17986786365509,0,0,0,7.81454426050186,0,1.04377090930939,0,0,0,0,0,0.612530887126923,0,0,0,3.73875737190247,0,0,2.88458663225174,0,0,89.6952987015247,3.60045790672302,56.6829352676868,4.02246928215027,10.826984167099,1.51046061515808,0.619856417179108,0,0,0,1.73472058773041,0.701663434505463,0,0,2.29928117990494,0,0,0,0,0,12.1258797645569,0,1.82496589422226,0,2.41975158452988,0,0,0,0,0,0,0,9.26902705430984,0,115.22848841548,21.6234625577927,50.2200710773468,4.15958625078201,175.248723983765,35.5138434171677,534.307344019413,132.226339638233,0,0,0,0,0,0,0,0,0.801716387271881,0,2.06711435317993,0,879.235813111067,116.349618941545,1063.59999290109,67.0924138724804,1261.47103798389,93.0258053839207,818.722659438848,23.1571382284164,297.494472712278,41.7659704387188,539.689552396536,28.8718587458134,6072.63557463884,171.927019864321,0,574.899707496166,691.577674984932,51.3827638030052,253.85984224081,151.104054808617,341.755269795656,41.814585596323,116.98493668437,87.8625969588757,334.693675011396,72.2609571218491
1.81542307138443,9.79067811369896,0.557754278182983,3.40755349397659,0,0,0,2.03532308340073,0,0,0,0,0,0,0.477453887462616,0.795831024646759,0,0,0,7.97942316532135,1.3398460149765,0,0,0.66618949174881,0,0,0,0.489908158779144,1.81876242160797,1.55166506767273,0,0.766376376152039,0,2.08770316839218,0,0,27.0602442622185,32.9483288228512,25.5066666007042,6.61764711141586,3.78300684690475,5.01938927173615,0,0,0,0,0,3.33208364248276,0,0,0,0,0,0,0,1.20739507675171,5.54850566387177,2.72642561793327,0,0,0,0.767935335636139,0,0,0,0,0,1.38827860355377,0,2.22496545314789,16.4088302254677,113.829283565283,6.80772858858109,12.8055184781551,51.5185854434967,108.646349489689,92.4522336423397,620.81422317028,0,0,0,0,0,0,0,0,0,0,0,0,125.207935005426,718.652298390865,59.1363810002804,896.432509094477,216.966247946024,480.189184337854,161.368944734335,113.405755966902,64.1567324399948,188.753298193216,19.0719749927521,441.962070226669,124.200895756483,5116.15267443657,574.899707496166,0,100.657885879278,579.417113572359,289.933241993189,141.349458545446,717.834609746933,65.7490017414093,122.256011217833,70.4849616289139,491.005464971066,161.29837334156
10.0215040445328,0,0,0,0,0,0,0,0,0,0,0,0,0,0,0,0,0,0.665400981903076,0,0,0,0,0,0,0,0,0,0,0,0,0,0,1.85558831691742,0,0,25.6330278515816,6.99819040298462,21.3038014769554,0,1.65859761834145,0,0,0,0,0,0,0,0,0,0,0,0,0,0,0,6.81385040283203,0,0,0,2.61202454566956,0,0,0,0,0,8.21352708339691,0,4.3526052236557,0,15.084017932415,15.5108291208744,14.9034932255745,1.65233165025711,40.4186282753944,20.3560775220394,79.4507822692394,37.2401123940945,0,0,0,0,0,0,0,0,0,0,0.769185304641724,0,443.711040884256,111.875465005636,310.589796543121,73.3632622361183,348.017041087151,54.9016368091106,588.915742754936,22.8790312111378,264.818222641945,46.360600143671,223.258447766304,32.7205993235111,750.725861698389,149.290136426687,691.577674984932,100.657885879278,0,53.5580790042877,58.3344298303127,22.4265619218349,117.15231102705,8.29935294389725,34.302204221487,16.237312734127,16.0170402526855,19.702413380146
1.02669596672058,1.34970879554749,0,0,0,0,0,0,0,0,0,0,0,0,0,0,0,0,0,0,0,0,0,0,0,0,0,0,0,0,0,0,0,0,0,0,7.60051482915878,15.1210006475449,13.8819252848625,1.6437304019928,0,0.691438496112823,0,0,0,0,0,0,0,0,0,0,0,0,0,0,0,0,0,0,0,0,0,0,0,0,0,0,0,1.51885914802551,3.20403778553009,14.0054875910282,1.76897251605988,1.92113369703293,19.9524481892586,14.2993937134743,9.86809056997299,49.576814442873,0,0,0,0,0,0,0,0,0,0,0,0,44.7427851557732,288.476331502199,23.9205152690411,152.524322241545,38.5721403956413,128.070724844933,56.928928643465,151.796601712704,26.5059866607189,282.516894727945,21.9912987351418,108.27339977026,50.425839215517,375.70133343339,51.3827638030052,579.417113572359,53.5580790042877,0,21.6249108910561,11.8172487020493,124.066135972738,6.86116224527359,12.7881115674973,6.91951608657837,16.9982442557812,24.2000080347061
35.039546251297,30.4198443889618,43.6656723022461,19.4837002754211,3.17060694098473,0.796226382255554,11.5163768827915,15.4011330008507,1.80661118030548,0.664428532123566,0,0,2.88059020042419,2.35883760452271,4.69553333520889,0.743219971656799,1.65504002571106,0,45.6882689595222,42.5588212013245,0,0,2.79650968313217,8.78488522768021,0.634077847003937,0,0,0,0,0.530962884426117,1.48806416988373,3.47709053754807,2.17650830745697,9.48467510938644,0,0,34.5424841046333,11.3465310335159,2.97222685813904,0,3.22758865356445,1.04151058197021,0,0,0,0,0,1.8289207816124,0,0,0,0.550873935222626,0,0.900259971618652,0,0,8.07408964633942,4.70520034432411,0,2.75346922874451,0,0,0,0,1.36921977996826,0.933377265930176,1.36083650588989,0.556213319301605,17.1830418407917,5.32646661996841,47.0603002607822,119.105075120926,27.0241988003254,6.40172171592712,102.317336767912,92.9325451850891,422.18258190155,750.688565582037,0,0,0,0,0,0,0,1.23596882820129,0.517535984516144,0.555257558822632,0.454579889774323,0,30.1650246977806,117.16182783246,46.2067700624466,210.485229432583,269.092877149582,160.852172344923,89.2613899409771,12.2938405871391,3.21477055549622,13.9649186730385,5.85105359554291,34.8885791003704,46.4539712965488,105.170757353306,253.85984224081,289.933241993189,58.3344298303127,21.6249108910561,0,461.784952968359,149.343608677387,32.639787197113,143.917681545019,306.895407319069,137.698754072189,206.396464198828
15.1060153245926,20.8877794146538,12.4856387674809,14.2463081479073,0,0.57790195941925,5.07786667346954,8.50165194272995,1.46693435311317,0,0,0,0.647206127643585,0,2.23709404468536,1.00321936607361,0,0,10.7508206367493,13.0525193214417,0,0,0.633257687091827,1.23315751552582,1.71886742115021,0,0,0,0,0,1.51250296831131,1.00957608222961,0.870390295982361,6.02637311816216,1.57558405399323,0.580626606941223,41.0275233983994,29.1606140732765,3.31244197487831,0,4.02628642320633,1.37352395057678,0,0.6308553814888,2.96448081731796,1.85156226158142,53.3364762067795,64.9973539113998,0,2.68101990222931,3.5384202003479,1.19123291969299,0,0.508044421672821,0,0.674930572509766,19.9011837244034,6.44205015897751,5.63541483879089,8.76054567098618,2.26743692159653,0,0,0,0,0,7.70713651180267,4.25313451886177,16.978353112936,1.58840507268906,27.3047453463078,57.2690080404282,16.4193819761276,3.05552756786346,40.4346668720245,27.0593889951706,590.622781842947,1054.12692144513,0,0,0,0,0.799407958984375,0.766535639762878,0,0,1.23353064060211,1.86778038740158,1.5072774887085,0,20.5351958274841,60.3317258059978,36.6680455505848,166.533659785986,1156.55717873573,260.236146628857,387.893153309822,6.42421421408653,7.15422815084457,8.60483002662659,12.0787515044212,15.690343528986,76.2591179311275,88.7612664103508,151.104054808617,141.349458545446,22.4265619218349,11.8172487020493,461.784952968359,0,357.856558859348,43.1947403550148,187.615062981844,376.379006564617,137.282157242298,257.558912783861
0,0,0,0,0,0,0,0,0,0,0,0,0,0,0,0,0,0,0,0,0,0,0,0,0,0,0,0,0,0,0,0,0,0,0,0,10.9402517676353,2.80318057537079,10.8155686557293,3.07530605792999,0,0,0,0,0,0,0,0,0,0,0,0,0,0,0,0,0,0,0,0,0,0,0,0,0,0,0,0,0,0,1.32570922374725,7.14873570203781,2.90526157617569,2.71624571084976,13.8335821628571,14.0656763315201,7.53564447164536,27.4069401919842,0,0,0,0,0,0,0,0,0,0,0,0,160.562680214643,389.950386911631,210.113560795784,415.042912989855,352.708646565676,470.662708520889,629.936103284359,772.81800237298,130.73375377059,365.689995020628,43.9929555952549,34.3039613962173,255.11140948534,192.764720618725,341.755269795656,717.834609746933,117.15231102705,124.066135972738,149.343608677387,357.856558859348,0,405.947322189808,679.4069840312,721.012064695358,240.473668664694,177.718998193741
0,0,0,0,0,0,0,0,0,0,0,0,0,0,0,0,0,0,0,0,0,0,0,0,0,0,0,0,0,0,0,0,0,0,0,0,1.37477481365204,1.87291765213013,1.08315169811249,0,0,0,0,0,0,0,0.785681366920471,0,0,0,0,0,0,0,0,0,0,0,0,0,0,0,0,0,0,0,0,0,0,0,0,1.82083564996719,0,0,1.52323341369629,0,2.42234826087952,7.73599848151207,0,0,0,0,0,0,0,0,0,0,0,0,21.2179524898529,76.6311680674553,41.7923005521297,39.7349492013454,41.0044947266579,35.754831135273,71.1112141013145,158.777246236801,50.3532799184322,276.963301837444,8.07750636339188,0.618899643421173,54.1795136630535,11.3736671507359,41.814585596323,65.7490017414093,8.29935294389725,6.86116224527359,32.639787197113,43.1947403550148,405.947322189808,0,263.297393739223,155.176955521107,27.6275860071182,19.5557065606117
0,0,0,0,0,0,0,0,0,0,0,0,0,0,0,0,0,0,0,0,0,0,0,0,0,0,0,0,0,0,0,0,0,0,0,0,1.14982712268829,2.6034135222435,5.74494421482086,0.548055827617645,0,0,0,0,0,0,0,0.880827605724335,0,0,0,0,0,0,0,0,0,0,0,0,0,0,0,0,0,0,0,0,0,0,0.850218296051025,2.92501658201218,0,0,2.52778387069702,4.87799388170242,23.5303876399994,30.6861424744129,0,0,0,0,0,1.80902183055878,0,0,0,0,0,0,95.4522235691547,171.303161352873,169.059534966946,156.113335549831,157.837069779634,38.7944453656673,188.602852165699,111.989636093378,51.3630663752556,345.868212819099,20.3519259095192,12.0206582248211,148.858977764845,100.490884691477,116.98493668437,122.256011217833,34.302204221487,12.7881115674973,143.917681545019,187.615062981844,679.4069840312,263.297393739223,0,293.910915613174,68.5865227282047,33.1408754587173
0,0,0,0,0,0,0,0,0,0,0,0,0,0,0,0,0,0,0,0,0,0,0,0,0,0,0,0,0,0,0,0,0,0,0,0,1.31171876192093,0.898129045963287,0,0.576216816902161,0,0,0,0,0,0,0,0.651866793632507,0,0,0,0,0,0,0,0,0,0,0,0,0,0,0,0,0,0,0,0,0,0,2.25407493114471,0.632245063781738,0,0,4.47620165348053,2.5562951862812,27.1287594437599,12.3041037321091,0,0,0,0,0,0,0,0,0,0,0,0,11.1822209954262,19.8410983681679,30.9950438737869,44.4868893921375,190.605785429478,12.8611821234226,34.8145384192467,10.016951918602,3.75216397643089,7.47161448001862,10.9112606942654,4.95284387469292,822.151577234268,372.841730266809,87.8625969588757,70.4849616289139,16.237312734127,6.91951608657837,306.895407319069,376.379006564617,721.012064695358,155.176955521107,293.910915613174,0,326.09660089016,112.219653308392
0,0,0,0,0,0,0,0,0,0,0,0,0,0,0,0,0,0,0,0,0,0,0,0,0,0,0,0,0,0,0,0,0,0,0,0,3.45661184191704,0,3.55149722099304,0.565349280834198,0,0,0,0,0,0,0,0,0,0,0,0,0,0,0,0,0,0,0,0,0,0,0,0,0,0,0,0,0,0,0.43876126408577,2.88494670391083,0,0,5.72382497787476,7.82589769363403,9.78282421827316,24.7722457051277,0,0,0,0,0,0,0,0,0,0,0,0,12.063726991415,57.2044844925404,10.6174709200859,138.535179406404,49.8521156311035,26.5760788321495,16.9810030162334,7.52873757481575,8.11726978421211,8.73466947674751,6.81019133329391,38.8485407829285,518.746434599161,170.827736318111,334.693675011396,491.005464971066,16.0170402526855,16.9982442557812,137.698754072189,137.282157242298,240.473668664694,27.6275860071182,68.5865227282047,326.09660089016,0,65.7525955438614
3.40502345561981,1.45759332180023,3.15372717380524,0,0,0,4.26892793178558,1.2276599407196,0,0,0,0,0,0,0.696058392524719,0,0,0,1.08497524261475,2.54895329475403,0,0,1.288578748703,0,0,0,0,0,0,0,0,0,1.09942841529846,0,0,0,5.47988677024841,2.49125272035599,0,0,0,0,0,0,0,0,0,0,0,0,0,0,0,0,0,0,0.453174412250519,0,0,1.47914969921112,0,0,0,0,0,0,0,0,2.37198382616043,0,5.3760969042778,6.23704755306244,1.30071663856506,2.96754479408264,16.9591716825962,12.1900694966316,31.0722938776016,45.0394133329391,0,0,0,0,0,0,0,0,0.685545027256012,0,0,0,6.63628372550011,11.471880197525,7.18331223726273,14.0054868459702,98.0734053850174,12.7542741298676,55.3013623356819,3.31331449747086,1.64498573541641,1.92164200544357,3.14157128334045,1.65434378385544,11.4291473031044,9.83867758512497,72.2609571218491,161.29837334156,19.702413380146,24.2000080347061,206.396464198828,257.558912783861,177.718998193741,19.5557065606117,33.1408754587173,112.219653308392,65.7525955438614,0
