0,192.490181773901,2618.27295348048,140.279287844896,0.750299692153931,0,4411.13571861386,121.555053502321,7.52318984270096,0,1832.74276864529,11.4115727543831,1258.46533483267,0,16.1451299786568,0,262.319204747677,2.04603856801987,1204.30753755569,929.020111113787,1.61866462230682,0,19.2257581651211,0.610888659954071,0,0,0,0,753.142702698708,1.14326608181,14.1900335550308,5.34811413288116,21.6515266895294,161.696613848209,0,1.33186018466949,147.206206411123,0.727843344211578,83.7815558314323,1.67117393016815,1.83618009090424,0,7.2396993637085,0,0,0,2.71185940504074,0,1.84758871793747,0,475.331088721752,0,58.8341932296753,0,15.0915760397911,0,9923.34303122759,0,393.482218265533,0,902.076099693775,0,317.011172145605,0,512.460195034742,0,143.279803544283,0,1263.28780287504,7.57467275857925,797.429445773363,126.777110129595,1989.37563702464,53.1246316432953,735.137762695551,14.8477595448494,3236.48645335436,127.206167280674,7.6649317741394,0,148.630294322968,0,13.6898084878922,0,1563.37131235003,0,0,0,601.929097980261,0,0,0,0,0,98.0479525923729,1.70847940444946,20.223533064127,0,0,0,0,0,0,0,0.735291957855225,0,6.51456558704376,0,26.3842216730118,9.1496989428997,0,0,0,0,0,2.04466563463211
192.490181773901,0,51.725648611784,6250.67607116699,0,2.28074842691422,48.6053772270679,3791.36801102757,0,8.98769003152847,6.25090378522873,2935.06142237782,0.47932493686676,1047.96128579974,0,17.582709312439,0.68111252784729,626.979571610689,568.490785628557,1779.1156231761,0,0,6.11027199029922,28.522941827774,0,0,0,0,19.556156873703,125.385092377663,14.1612591743469,5.27506530284882,110.277124494314,169.596378326416,0,0,0.796533405780792,72.234491109848,1.63257241249084,105.225097119808,0,0,0,0,0,2.85490870475769,0,26.6638752222061,0,13.7382892668247,0,73.6351352930069,0,0,0,0,10.8391932845116,12282.5248047411,0.833738029003143,389.605201900005,0,768.358437091112,0,351.807539314032,0,929.830419957638,30.1678446531296,80.0121013522148,244.819585204124,1495.03665021062,109.453024029732,1383.74987119436,48.8640761375427,2734.20261153579,12.4672734737396,618.15772652626,64.505114376545,4860.25464361906,0,3.14273583889008,0,23.0517773330212,0,0,0,372.862786382437,0,0,0,160.67664924264,0,0,0,0,4.12674790620804,79.3994944989681,1.76874911785126,0,0,0,0,0,0,0,0,1.3299885392189,0,0,15.5458570718765,24.3075168132782,0,0,0,0,0,1.00038349628448
2618.27295348048,51.725648611784,0,275.405975043774,1221.98645207286,35.7716833353043,13716.3242307603,429.916254162788,374.042085021734,28.1422189176083,729.564857006073,18.768070101738,1494.53933170438,20.046984910965,152.48831564188,1.61244022846222,90.8631113171577,3.32752501964569,3007.56011462212,375.678425818682,1.56973257660866,0,4273.76269423962,646.22004622221,204.797432422638,22.096176981926,31.23271048069,2.35150730609894,947.820877939463,5.25261676311493,52.9438469409943,329.57298001647,22.8148229122162,206.506911486387,0,0,37.7440131306648,0,6.14944878220558,0,4.54902720451355,0,0,0,0.920189380645752,0,0,0,0,0,17.924225628376,0,0,0,0,0,151.739233583212,0,133.1087667346,0,31.4818376898766,0,3.54744482040405,0,7.30375695228577,0,339.291403800249,0,141.707953453064,0,1248.7404833138,267.127456128597,1703.736353755,104.699037075043,573.894449204206,21.9755151867867,1643.34543651342,76.0536314845085,0,0,1.69843924045563,0,13.6244443655014,0,9.29592537879944,0,0,0,0,0,0,0,0,0,17.9165378212929,0,0,0,0,0,0,0,0,0,0,0,0,0,5.49947512149811,6.3077834546566,0,0,0,0,0,0
140.279287844896,6250.67607116699,275.405975043774,0,74.6250450909138,945.495842456818,472.525915294886,15331.9499575496,46.6246190667152,480.276968359947,27.2667524814606,871.250043481588,97.3963756859303,1090.94874456525,4.32082802057266,124.055536985397,0,181.276099145412,638.483572542667,4408.11203438044,0,2.29584822058678,782.845140486956,3142.39722555876,87.6745192110538,86.3822843432426,16.2201243638992,30.3633157610893,54.030929684639,60.1620081365108,154.406477749348,235.537943124771,129.387488126755,192.302104353905,0,1.63299441337585,1.27941119670868,27.6404634416103,0,6.8644038438797,0,0,0,2.19249242544174,0,11.0175678730011,0,3.35530924797058,0,15.933460354805,0,17.9837342500687,0,0,0,0,13.4736341536045,584.391167223454,1.73566651344299,134.372630447149,1.29673147201538,63.5252658724785,0,67.0918987095356,0,106.956595122814,7.39709293842316,172.409635782242,115.888720810413,277.63962751627,216.986355125904,1752.54480749369,156.752063900232,1937.41489118338,47.2391941249371,477.208138078451,87.297648370266,2173.32195088267,0,1.50430607795715,0,10.135024189949,1.15305578708649,0,0,33.5516189336777,0,0,0,4.21331644058228,0,0,0,0,3.4717578291893,18.5277461409569,0,0,0,0,0,0,0,0,0,0,0,0,17.8399013876915,6.51970201730728,0,0,0,0,0,0
0.750299692153931,0,1221.98645207286,74.6250450909138,0,58.8350867629051,560.356114029884,54.9957607388496,1578.96083664894,33.8038795888424,3.63262960314751,0,35.3963066339493,2.39216041564941,1643.18848145008,4.74657595157623,0,0,2.30360290408134,0,165.82678937912,15.1732300817966,229.895090192556,305.853654980659,501.933421641588,158.196503043175,818.445805817842,88.9055083096027,414.019316732883,0,75.0782425403595,109.269153684378,7.27784991264343,1.38214683532715,0,0,53.5430889129639,0,7.12172013521194,0,81.5262518823147,0,2.1219636797905,0,0,0,8.3174352645874,0,0,0,0.633717358112335,0,0,0,5.31815552711487,0,0,0,0,0,0,0,0,0,0,0,0.730699181556702,0,0,0,1083.43207392097,64.9416167140007,1095.22610291839,8.5809571146965,82.8021964132786,1.54377400875092,104.035416305065,0,0,0,0,0,77.7325755357742,0,10.7494597434998,0,28.9732222855091,0,13.7802847921848,0,0,0,0,0,0,0,0,0,0,0,0,0,0,0,0,0,0,0,0,0,0,0,0,0,0,0
0,2.28074842691422,35.7716833353043,945.495842456818,58.8350867629051,0,13.181636095047,641.799752503633,21.4911347329617,3021.92637965083,0,1.91439944505692,0,14.6995358169079,0.767188608646393,1121.06958568096,0,3.56248205900192,0,2.52494394779205,10.6878769695759,659.037477970123,110.812354743481,291.593545764685,121.128778249025,532.741253763437,93.5503621399403,1467.1958758235,5.92157751321793,505.381543576717,74.5114135444164,66.4771484732628,0,9.0345361828804,0,0,1.16225969791412,26.1342717111111,0,1.55578619241714,1.44749879837036,342.228326767683,0,2.87180629372597,0,0,0,2.27070075273514,0,0,0,0,0,0,0,2.9645015001297,0,0.597790598869324,0,0,0,0,0,2.1070197224617,0,2.16155225038528,0,0.493754029273987,0,0,132.639785081148,1451.60008791089,11.0784986019135,1590.49579745531,0.573821365833282,146.820884913206,0,148.192824244499,0,0,0,7.03364238142967,0.814280569553375,163.48111230135,0,16.8915573954582,0,34.9568646252155,0,11.9727566838264,0,0,0,0,0,0,0,0,0,0,0,0,0,0,0,0,0,0,0,0,0,0,0,0,0,0
4411.13571861386,48.6053772270679,13716.3242307603,472.525915294886,560.356114029884,13.181636095047,0,841.801592826843,1197.48870190978,18.3437143564224,1067.90302687883,37.0241748392582,5160.60191676021,55.0675160884857,262.670342534781,0.987104415893555,11.5995442271233,1.74041622877121,807.42318919301,569.258600026369,1.35143971443176,3.03193151950836,827.988148808479,894.211177915335,45.7275167405605,10.1500782966614,4.40199220180511,1.82765311002731,526.680889368057,4.13167887926102,63.4845911860466,285.591374278069,38.7162241339684,324.198600322008,2.72185826301575,0,31.9745098650455,0,2.51226282119751,0,3.87634766101837,0,13.8992053866386,0,0,0,0,0,0,0,468.720105111599,0,14.2804857194424,0,0.798058331012726,0,294.037912249565,1.45234632492065,101.779061049223,0,251.693129986525,0,26.3296945393085,0,253.31684872508,0,14.9127310812473,0.524800777435303,30.6481331586838,0,1711.34413176775,392.492630153894,1084.60192203522,200.604550480843,303.946151673794,62.2138428688049,1048.77960261703,120.355832636356,0,0,11.5277440547943,0,3.59212183952332,0,654.782309085131,0,0,0,156.101856291294,0,0,0,0,0,6.98460251092911,0,1.28905582427979,0,0,0,0,0,0,0,0.798210978507996,0,0,0,3.28439730405807,1.62478107213974,0,0,0,0,0,0
121.555053502321,3791.36801102757,429.916254162788,15331.9499575496,54.9957607388496,641.799752503633,841.801592826843,0,56.0796705782413,1561.69029524922,30.3906108736992,2277.85257720947,152.45593392849,6240.29014855623,7.0398360490799,177.46696421504,1.2026891708374,111.116463780403,609.713369220495,596.245138764381,2.86596721410751,0.559888780117035,1077.24238324165,783.763244450092,33.1096594929695,26.3657416701317,5.63385397195816,6.30621838569641,100.617798924446,81.1821905970573,129.657871842384,126.716142833233,67.3691505789757,110.248267441988,0,0,0,25.2960405647755,0,0.994261622428894,0,1.47952622175217,0,0,0,0,0,0.776113748550415,0,5.91888052225113,0,120.354139328003,0,0,0,0,4.02590316534042,543.173770070076,0,216.804852098227,0,267.563358515501,0,186.888480633497,0,745.402643084526,0,26.8650813102722,4.85171842575073,7.06731387972832,211.563988119364,3235.80079895258,214.643812865019,1694.98841884732,63.0114005804062,576.939450472593,49.1463229060173,1833.69637718797,0,1.74319541454315,0,33.5427779555321,1.34180629253387,0,0,589.248831838369,0,0,0,95.6057769954205,0,0,0,0,0.692355334758759,9.16815987229347,0,0,0,0,0,0,0,0,0,0,0,0,7.90000635385513,0.647145450115204,0,0,0,0,0,0
7.52318984270096,0,374.042085021734,46.6246190667152,1578.96083664894,21.4911347329617,1197.48870190978,56.0796705782413,0,13.7072616815567,26.3765308260918,0,956.91672796011,0,3350.9877871573,0,7.30390536785126,0,13.6374983787537,0,25.0626595616341,0,122.903914690018,170.358500510454,102.05559939146,24.5281765460968,177.599497884512,8.23281335830688,525.241764008999,0,13.5564292669296,76.7982983887196,4.75268095731735,3.76675003767014,0,0,22.0984059870243,0,2.85037633776665,0,36.8189985454082,0,0,0,0,0,1.24989068508148,0,0,0,0,0,0,0,0.473053097724915,0,7.90391337871552,0,0,0,0,0,1.78743731975555,0,0,0,0,0,0,0,1119.10533893108,36.1640258431435,1487.90444865823,12.2105437517166,194.375264197588,0,370.062104046345,0,0.530626177787781,0,4.51495981216431,0,40.115048289299,0,7.3239289522171,0,9.33234247565269,0,3.35204750299454,0,0,0,0,0,0.572677910327911,0,0,0,0,0,0,0,0,0,0,0,0,0,0,1.05149781703949,0,0,0,0,0,0
0,8.98769003152847,28.1422189176083,480.276968359947,33.8038795888424,3021.92637965083,18.3437143564224,1561.69029524922,13.7072616815567,0,0,30.1272370219231,0,335.287500351667,1.31975138187408,2217.71632471681,0,21.0055413246155,0,7.23439544439316,1.39871990680695,40.1398473083973,100.329892545938,100.512230604887,49.3653877973557,124.684894710779,34.97728317976,308.699256330729,1.18215596675873,114.90752440691,45.227670609951,20.5711451768875,0,3.60679256916046,0,0,0,16.4038745462894,0,2.18935766816139,0,74.3021960258484,0,0.533645689487457,0,0,0,0,0,0,0,0,0,0,0,0,0,3.32177132368088,0,0,0,0,0,5.68967288732529,0,0,0,0,0,0,55.5322736799717,1451.19741636515,5.81514179706573,1922.35788446665,0,392.103008300066,0,376.817338585854,0,0,0,1.48376494646072,0,23.8245153129101,0,3.99667376279831,0,12.5560698509216,0,3.05523064732552,0,0,0,0,0,1.33248654007912,0,0,0,0,0,0,0,0,0,0,0,0,0.576777815818787,0.551209807395935,0,0,0,0,0,0
1832.74276864529,6.25090378522873,729.564857006073,27.2667524814606,3.63262960314751,0,1067.90302687883,30.3906108736992,26.3765308260918,0,0,3.9198876619339,2546.54678839445,1.06966948509216,72.5620294809341,0,534.373448878527,0,576.188618093729,90.008060157299,0,0,81.3633484244347,19.3304355442524,0.693340659141541,0,0,0,780.264246970415,0,8.71131891012192,5.83875739574432,5.2082005739212,26.0746927261353,0,0,16.5705228447914,0,1.35784661769867,0,1.26474475860596,0,0,0,0,0,0,0,0,0,5.95817074179649,0,0,0,0,0,396.479981958866,0,14.8520577549934,0,135.24601984024,0,257.340612888336,0,6.85241341590881,0,16.1505762934685,0,30.4546893835068,0,104.699322342873,25.2575914263725,171.566685318947,12.6354141235352,27.1931226849556,1.18511700630188,69.2953558862209,6.76038086414337,18.9463077485561,0,431.276514470577,0,47.7637736797333,0,500.046960175037,0,0,0,75.5624670982361,0,0,0,0,0,0,0,0,0,0,0,0,0,0,0,0,0,0,0,0,0,0,0,0,0,0,0
11.4115727543831,2935.06142237782,18.768070101738,871.250043481588,0,1.91439944505692,37.0241748392582,2277.85257720947,0,30.1272370219231,3.9198876619339,0,15.5433639287949,4196.06544011831,0.593177795410156,140.928787827492,0,850.525927960873,88.7845090329647,611.609780013561,0,0.480365306138992,39.050892829895,207.212296724319,0,0,0,0,7.0372861623764,524.70378780365,10.2835435271263,19.3913622498512,13.688273370266,66.1708130538464,0,0,0,2.86710965633392,0,1.77151358127594,0,0,0,0,0,0,0,0,0,1.11131775379181,0,4.91694307327271,0,0,0,0,0,347.754176348448,0,72.5711622536182,0,546.335219651461,0,646.203800857067,0,243.235357552767,0,7.26981171965599,0,4.90976074337959,16.7949511110783,398.787590622902,13.3953878283501,965.398938775063,5.72080212831497,68.4204587936401,0.752699553966522,273.712938189507,0,0.694193959236145,0,91.4152036309242,1.37788105010986,0,0,121.758227437735,0,0,0,18.8389003276825,0,0,0,0,3.03780525922775,0,0,0,0,0,0,0,0,0,0,2.17888998985291,0,0,3.34364211559296,1.12135314941406,0,0,0,0,0,0
1258.46533483267,0.47932493686676,1494.53933170438,97.3963756859303,35.3963066339493,0,5160.60191676021,152.45593392849,956.91672796011,0,2546.54678839445,15.5433639287949,0,6.85380274057388,1800.48428025842,0,143.89550113678,0,827.405920803547,111.421582341194,0,0,700.838163495064,199.981051027775,2.70611065626144,0,0,0,1663.94449746609,0,24.0766708254814,57.082726418972,33.5364019870758,106.160629689693,0,0,5.97936898469925,0,0,0,0,0,0,0,0,0,0,0,0,0,4.91269010305405,0,0,0,0,0,181.96665596962,0,5.57411128282547,0,35.1488468050957,0,105.993917018175,0,6.43345582485199,0,3.53402268886566,0,24.3647891581059,0,638.630603313446,78.6332270801067,631.953377187252,37.2796948254108,137.269507527351,2.57499086856842,373.915663033724,25.2545969486237,9.8620086312294,0,169.442582756281,0,34.5090430378914,0,202.413359761238,0,0,0,21.8637494444847,0,0,0,0,0,2.3128614127636,0,0,0,0,0,0,0,0,0,0,0,0,0,0,0.684582233428955,0,0,0,0,0,0
0,1047.96128579974,20.046984910965,1090.94874456525,2.39216041564941,14.6995358169079,55.0675160884857,6240.29014855623,0,335.287500351667,1.06966948509216,4196.06544011831,6.85380274057388,0,0,2430.07581269741,0,206.932894825935,12.5354855954647,406.905470728874,0,0,96.1420380175114,722.719700664282,1.28979110717773,6.72188889980316,0,0,1.07626819610596,883.001768767834,21.4816163778305,56.5270411968231,8.17603254318237,75.1094055175781,0,0,0,2.62766426801682,0,0,0,0,0,0,0,0,0,0.774934232234955,0,0,0,1.52083843946457,0,0,0,0,0,92.5681123733521,0,8.60853940248489,0,316.112300366163,0,385.29788300395,0,160.969879359007,0,0,0,2.34068465232849,23.293439745903,917.394471496344,11.1154087781906,1296.49071344733,0,192.246119350195,0,359.510688751936,0,0,0,43.2832958102226,0,0,0,23.1760892868042,0,0.999111711978912,0,1.33743447065353,0,0,0,0,0,0.70728075504303,0,0,0,0,0,0,0,0,0,0,0,0,3.20795911550522,1.04456770420074,0,0,0,0,0,0
16.1451299786568,0,152.48831564188,4.32082802057266,1643.18848145008,0.767188608646393,262.670342534781,7.0398360490799,3350.9877871573,1.31975138187408,72.5620294809341,0.593177795410156,1800.48428025842,0,0,1.07216966152191,19.9028197526932,0,57.0898954868317,0.999712467193604,84.0173461139202,3.17073172330856,119.052762120962,15.9729416668415,78.9859586656094,21.0395135581493,389.998490035534,19.4524748027325,3852.70400771499,0,32.7192158997059,15.6040132641792,6.61423927545547,0.620772302150726,0,0,42.7832399606705,0,13.2835147976875,0,62.7986289560795,0,1.78760117292404,0,0,0,8.30319380760193,0,0,0,0,0,0.60654091835022,0,2.26685690879822,0,9.85607612133026,0,0,0,0.849933743476868,0,2.45613372325897,0,0,0,5.55195015668869,0,0.690892100334167,0,836.249534457922,15.7737146615982,1856.44714525342,1.84260785579681,200.164056807756,0,291.671679764986,0,0,0,14.0868345499039,0,77.99425598979,0,22.8817090690136,0,30.1939928531647,0,6.65342533588409,0,0,0,0,0,4.4408318400383,0,0,0,0,0,0,0,0,0,0,0,0,0,0.77736908197403,0,0,0,0,0,0,0
0,17.582709312439,1.61244022846222,124.055536985397,4.74657595157623,1121.06958568096,0.987104415893555,177.46696421504,0,2217.71632471681,0,140.928787827492,0,2430.07581269741,1.07216966152191,0,0,73.4952344298363,0,18.0988665223122,0.722177505493164,61.6735384166241,1.76727545261383,117.647369891405,5.22404527664185,28.2029133439064,5.75623434782028,107.83825802803,0,2256.87528523803,4.61732441186905,15.6627967357635,0,1.64170038700104,0,0,0,26.2488590180874,0,2.66947042942047,0,108.847149729729,0,1.05656516551971,0,0,0,0,0,0,0,0,0,0,0,2.20337152481079,0,8.07677119970322,0,0,0,1.93481922149658,0,18.6428075730801,0,2.04608082771301,0,1.86602479219437,0,0,14.7205858826637,676.582015275955,0.951505184173584,2879.08647212386,0,183.302462130785,0,179.179882824421,0,0,0,10.9506859779358,0,58.9524649977684,0,11.69435942173,0,22.0137233734131,0,9.36283642053604,0,0,0,0,0,0,0,0,0,0,0,0,0,0,0,0,0,0,1.05404710769653,0,0,0,0,0,0,0
262.319204747677,0.68111252784729,90.8631113171577,0,0,0,11.5995442271233,1.2026891708374,7.30390536785126,0,534.373448878527,0,143.89550113678,0,19.9028197526932,0,0,0,107.350291371346,7.56107491254807,0,0,2.60381942987442,0.8165283203125,0,0,0,0,2741.60638922453,0,0,0,0.84570586681366,6.04980909824371,0,0,29.2732909023762,0,6.44708013534546,0,0,0,0,0,0,0,0,0,0,0,6.30046996474266,0,0,0,1.45672821998596,0,1555.61815994978,0,81.6721222698689,0,481.817856490612,0,1553.80461728573,0,15.4767980277538,0,10.5019403100014,0,28.2363643050194,0,18.3345751464367,0,272.810371220112,0.696550488471985,20.6043409109116,0,64.9027948975563,0,550.59551346302,0,1689.44310030341,0,20.4290158748627,0,290.529399812222,0,0,0,34.6570936441422,0,0,0,0,0,2.64836198091507,0,2.13925957679749,0,0,0,0,0,0.87358021736145,0,0,0,0.683675527572632,0,0,0,0,0,0,0,0,0
2.04603856801987,626.979571610689,3.32752501964569,181.276099145412,0,3.56248205900192,1.74041622877121,111.116463780403,0,21.0055413246155,0,850.525927960873,0,206.932894825935,0,73.4952344298363,0,0,18.8070583939552,159.403629541397,0,0,1.03437674045563,37.4775024652481,0,0,0,0,1.25670838356018,2029.64879205823,3.61349081993103,11.9339747428894,1.18252897262573,5.94015833735466,0,0,0,11.8893439471722,0,8.51454240083694,0,0,0,0,0,0,0,0.840196669101715,0,0,0,2.9469747543335,0,0,0,0,0,1857.8960454464,1.12809646129608,90.6205982267857,1.85014712810516,451.488387972116,0,2176.21131685376,0,55.0961319506168,4.87206321954727,12.8651276826859,0.619941473007202,28.7739405632019,0.548546195030212,79.2255110144615,2.77510404586792,1754.60184550285,0,60.1565916836262,2.19588470458984,198.265636742115,0,389.802876681089,0,570.379335731268,0,17.4869118630886,0,29.6029526889324,0,0.774610221385956,0,1.46007883548737,0,0,0,0,0.67045658826828,7.23044461011887,0,0,0,1.97681605815887,0,0,0,0,0,0,0,0,0,0.593101263046265,0,0,0,0,0,0.954333126544952
1204.30753755569,568.490785628557,3007.56011462212,638.483572542667,2.30360290408134,0,807.42318919301,609.713369220495,13.6374983787537,0,576.188618093729,88.7845090329647,827.405920803547,12.5354855954647,57.0898954868317,0,107.350291371346,18.8070583939552,0,3978.04063767195,2.00265145301819,0,1503.06119644642,378.620511233807,1.44859302043915,0,0,0,748.185439109802,7.08822154998779,333.372432738543,254.252400755882,2040.32145476341,1835.61684432626,7.52138078212738,0.510235786437988,54.3735917508602,2.73610436916351,23.3184910416603,0,5.75756791234016,0,4.07485193014145,0,0.531596064567566,0,7.96712136268616,0.503368198871613,0.497552335262299,0,17.7795667648315,0,0,0,0,0,286.255760878325,16.3609817028046,152.672422915697,0,19.6336867213249,0,2.87939810752869,0.831093311309814,7.48022526502609,1.27216863632202,1785.36212468147,10.8766973614693,2073.93175363541,35.1735180616379,933.440375804901,481.58978921175,1397.99820590019,329.884285032749,563.618191689253,85.9880430102348,2352.81577140093,795.239277839661,0,0,0,0,30.5727690458298,0,2.72591495513916,0,0,0,0,0,0,0,0,0,22.1424361467361,0,3.93983834981918,0,0,0,0,0,0,0,0,0,0,0,12.2556754946709,6.99397051334381,0,0,0,0,0,0
929.020111113787,1779.1156231761,375.678425818682,4408.11203438044,0,2.52494394779205,569.258600026369,596.245138764381,0,7.23439544439316,90.008060157299,611.609780013561,111.421582341194,406.905470728874,0.999712467193604,18.0988665223122,7.56107491254807,159.403629541397,3978.04063767195,0,0,0,397.996815830469,1923.12977957726,0,5.49351036548615,0.658848285675049,1.46050247550011,191.429810404778,33.2962463498116,198.584747970104,271.675234735012,787.09798592329,4542.4529402554,0.651631295681,5.07396557927132,8.16691517829895,29.3943132758141,0,23.0433741211891,0,0,0,0,0,16.2961932420731,0,8.1452405154705,0,21.3832285404205,0.590438902378082,9.34764117002487,0,0,0,0,127.849435597658,497.318280011415,0,68.8874102532864,7.72573238611221,17.3566478490829,0,55.0521123111248,0,31.787473231554,189.127138733864,799.336309731007,1246.40951165557,2255.90535143018,389.327002316713,1041.13435795903,433.04773208499,1196.77414992452,149.192780137062,354.189170241356,559.460374057293,2538.66115775704,0,0.620489835739136,0,10.8395637869835,2.69637733697891,0,0,14.9391388595104,0,0,0,0,0,0,0,0,0,15.2987644970417,0,0,0,0,0,0,0,0,0,0.709322571754456,0,0,18.796785235405,8.17652550339699,0,0,0,0,0,0
1.61866462230682,0,1.56973257660866,0,165.82678937912,10.6878769695759,1.35143971443176,2.86596721410751,25.0626595616341,1.39871990680695,0,0,0,0,84.0173461139202,0.722177505493164,0,0,2.00265145301819,0,0,45.8926917910576,64.6927244067192,30.7056897580624,177.337244957685,57.9416562616825,981.289848417044,113.006684362888,97.522845685482,0,696.245468705893,27.472095310688,40.3501185178757,3.22772163152695,1.01007151603699,1.2940376996994,54.2871485948563,32.5472191572189,9.66241323947906,1.00881481170654,155.318754792213,17.831022143364,1.35843801498413,0,1.06880629062653,0,9.87691056728363,0.680538058280945,0,0,0.541507005691528,0.516016066074371,1.68159782886505,0.905149579048157,2.57357442378998,3.53781121969223,0,0,0,0,0,0,0,0,0,0,3.43413546681404,0,0,0,728.678182065487,38.0722808241844,69.2265080213547,7.09996801614761,26.9083406925201,10.652562558651,11.4070336222649,2.24573159217834,0,0,0.680983245372772,0,20.1660262346268,2.70926451683044,10.7492372393608,0,15.7273346185684,1.49560296535492,8.93521684408188,1.33028304576874,0.809329807758331,0,0,0,0,0,0,0,0,0,0,0,0,0,0,0,0,0,0,0,0,0,0,0,0,0
0,0,0,2.29584822058678,15.1732300817966,659.037477970123,3.03193151950836,0.559888780117035,0,40.1398473083973,0,0.480365306138992,0,0,3.17073172330856,61.6735384166241,0,0,0,0,45.8926917910576,0,10.9680190384388,24.713866174221,11.4717341959476,189.180156201124,154.642351806164,1976.10247555375,9.6762267947197,32.7532051205635,41.7810314297676,527.676558345556,1.4909610748291,8.0394372344017,0,0.548922061920166,20.136220574379,36.5723040699959,8.16100013256073,0.838603436946869,1.14082515239716,82.7370530366898,0,0,0,0,0,0,0,0,0,0,0,0,0,0,0,0,0,0,0,0,0,0,0,0,0,0,0,0,188.675143331289,355.248056560755,5.33900666236877,115.502410709858,2.13774257898331,0.344856798648834,0,7.1223960518837,0,0,0,0,2.53832256793976,15.3973663747311,0,0.498952925205231,1.18390679359436,2.53386080265045,0,1.91398280858994,0,0,0,0,0,0.947837293148041,0,0,0,0,0,0,0,0,0,0,0,0,0,0,0,0,0,0,0,0
19.2257581651211,6.11027199029922,4273.76269423962,782.845140486956,229.895090192556,110.812354743481,827.988148808479,1077.24238324165,122.903914690018,100.329892545938,81.3633484244347,39.050892829895,700.838163495064,96.1420380175114,119.052762120962,1.76727545261383,2.60381942987442,1.03437674045563,1503.06119644642,397.996815830469,64.6927244067192,10.9680190384388,0,3079.07546934485,1132.06794720888,374.445504367352,225.892983525991,57.9735150039196,411.606248140335,2.34356772899628,2544.43024331331,1596.6416195333,999.800987422466,578.725660651922,101.041720956564,0,13.5733361840248,1.55135774612427,0.825212001800537,0,5.82704049348831,0,31.0357085168362,0,1.72039765119553,0,19.3744618296623,0,0,0,0,0,0,0,0,0,1.75510650873184,0,1.68554443120956,0,0,0,0,0,0,0,264.831511825323,0,13.1847964823246,0,1591.46926411986,657.905640035868,1085.67570090294,341.846709221601,349.419654458761,77.7434677779675,686.280630230904,91.817092448473,0,0,0,0,7.11227405071259,0,0,0,0,0,0,0,0,0,0,0,0.506722748279572,0,2.39955627918243,0,0,0,0,0,0,0,0,0,0,0,3.1016674041748,0,0,0,0,0,0,0
0.610888659954071,28.522941827774,646.22004622221,3142.39722555876,305.853654980659,291.593545764685,894.211177915335,783.763244450092,170.358500510454,100.512230604887,19.3304355442524,207.212296724319,199.981051027775,722.719700664282,15.9729416668415,117.647369891405,0.8165283203125,37.4775024652481,378.620511233807,1923.12977957726,30.7056897580624,24.713866174221,3079.07546934485,0,582.239753484726,1961.7335601747,253.947912305593,176.285288482904,78.5492279231548,27.3208138644695,775.153277307749,2704.91411048174,210.657639026642,1704.12118944526,0,14.8940077424049,0,16.969019472599,0,0,1.01867914199829,1.05226480960846,0,0.477694183588028,0,0,0,13.6932412981987,0,0,0,0,0,0,0,0,0,7.79825362563133,0,0,0,0,0,3.69579213857651,0,2.04500585794449,0,74.0379723310471,2.39755910634995,12.3765308260918,563.15498700738,1467.4126495719,276.89223536849,1220.15061837435,41.2025140523911,389.15635702014,38.8059967756271,674.135284036398,0,0.560026049613953,0,0,0,0.773693978786469,0,0.884892880916595,0,0,0,0,0,0,0,0,0,2.95732051134109,0,0,0,0,0,0,0,0,0,0,0,0,0.936174094676971,0,0,0,0,0,0,0
0,0,204.797432422638,87.6745192110538,501.933421641588,121.128778249025,45.7275167405605,33.1096594929695,102.05559939146,49.3653877973557,0.693340659141541,0,2.70611065626144,1.28979110717773,78.9859586656094,5.22404527664185,0,0,1.44859302043915,0,177.337244957685,11.4717341959476,1132.06794720888,582.239753484726,0,643.930143296719,1163.58885148168,159.810312241316,57.542944341898,0,734.239400446415,223.380956888199,33.2007881999016,0.772511124610901,0,0,2.45500767230988,0,0,0,8.11167648434639,0,0,0,0,0,0.566082417964935,0,0,0,0.66050523519516,0,0,0,0,0,0,0,0,0,0,0,0,0,0,0,0,0,0,0,628.997196644545,56.272076189518,211.275686085224,2.37996315956116,23.8468111455441,0,34.0497565567493,0,0,0,0.829399466514587,0,7.21291327476501,0,0,0,2.68640452623367,0,0,0,0,0,0,0,0,0,0,0,0,0,0,0,0,0,0,0,0,0,0,0,0,0,0,0,0,0
0,0,22.096176981926,86.3822843432426,158.196503043175,532.741253763437,10.1500782966614,26.3657416701317,24.5281765460968,124.684894710779,0,0,0,6.72188889980316,21.0395135581493,28.2029133439064,0,0,0,5.49351036548615,57.9416562616825,189.180156201124,374.445504367352,1961.7335601747,643.930143296719,0,651.218223214149,1356.20848912001,9.24555861949921,4.6295123398304,320.072444468737,1001.13322025537,3.08240568637848,29.5506068468094,0,1.90771254897118,0,0,0,0,5.18778347969055,4.83912727236748,0,0,0,0,0,0,0,0,0,0,0,0,0,0,0,0,0,0,0,0,0,0,0,0,0,0,0,0,282.585359334946,590.887173235416,28.0190469622612,162.10037407279,2.43817913532257,47.0585431456566,0,29.91576603055,0,0,0,0,0,2.41400623321533,0,0,1.2227658033371,0,0,0,0,0,0,0,0,0.522592723369598,0,0.732048273086548,0,0,0,0,0,0,0,0,0,0,0,0,0,0,0,0,0,0
0,0,31.23271048069,16.2201243638992,818.445805817842,93.5503621399403,4.40199220180511,5.63385397195816,177.599497884512,34.97728317976,0,0,0,0,389.998490035534,5.75623434782028,0,0,0,0.658848285675049,981.289848417044,154.642351806164,225.892983525991,253.947912305593,1163.58885148168,651.218223214149,0,604.661679208279,182.247763961554,0,670.031790345907,195.539706289768,27.8846526145935,6.70356297492981,0.387746125459671,0,72.948288410902,29.9702917933464,44.3090991973877,0,76.6937257647514,0,0,0,0,0,5.9732940196991,0,0,0,0,0,0,0,0,0,0,0,0,0,0,0,0.902997136116028,0,0,0,1.0852415561676,0,0,0,905.922657012939,86.365795314312,336.117026120424,10.053283572197,27.4668047428131,3.44945275783539,11.9201236069202,0.97763454914093,0,0,1.49069809913635,0,38.9517450034618,0,8.62817084789276,0,20.8262013792992,0,7.1958481669426,0,0,0,0,0,1.27736449241638,0,0,0,0,1.70754551887512,0,0,0,0,0,0,0,0,0,0,0,0,0,0,0,0
0,0,2.35150730609894,30.3633157610893,88.9055083096027,1467.1958758235,1.82765311002731,6.30621838569641,8.23281335830688,308.699256330729,0,0,0,0,19.4524748027325,107.83825802803,0,0,0,1.46050247550011,113.006684362888,1976.10247555375,57.9735150039196,176.285288482904,159.810312241316,1356.20848912001,604.661679208279,0,21.7923344671726,54.9320031702518,123.188480317593,346.533857524395,0,12.6175973415375,0,0.452573895454407,37.1129795312881,36.3603850603104,31.6442944407463,1.08213460445404,9.90254372358322,68.4632792770863,0,0,0,0,0.840428233146667,2.2529125213623,0,0,0,0,0,0,0,0,0,0,0,0,0,0,0,0,0,0,0,0,0,0,420.068481385708,1085.24132373929,16.4956855773926,455.059996455908,1.11502623558044,54.4804712533951,1.42484545707703,35.709131360054,0,0,0,1.23702192306519,2.29577481746674,29.8025789558887,0,1.27439707517624,1.05637750029564,7.27760955691338,0,0,0,0,0,0,0,2.87221562862396,0,0,0,0,0,0,0,0,0,0,0,0,0,0,0,0,0,0,0,0
753.142702698708,19.556156873703,947.820877939463,54.030929684639,414.019316732883,5.92157751321793,526.680889368057,100.617798924446,525.241764008999,1.18215596675873,780.264246970415,7.0372861623764,1663.94449746609,1.07626819610596,3852.70400771499,0,2741.60638922453,1.25670838356018,748.185439109802,191.429810404778,97.522845685482,9.6762267947197,411.606248140335,78.5492279231548,57.542944341898,9.24555861949921,182.247763961554,21.7923344671726,0,2.65157663822174,58.1589077413082,45.5018459558487,24.2598398327827,72.7199068665504,3.08357101678848,4.14393985271454,149.01904335618,0,76.3426483869553,0,107.772839009762,0,117.061790823936,0,11.4007715582848,0,405.03009313345,0,35.1133836507797,0,319.643503069878,0,77.3933454751968,0,48.5976705849171,0,1638.75835993886,0,580.33557164669,0,438.957328736782,0,705.661221504211,0,155.078094094992,0,117.32358905673,1.05512750148773,124.834220230579,0,413.261916279793,69.0629996955395,1383.08832895756,32.8188365101814,122.19920450449,9.39985373616219,425.791810572147,45.3619621396065,507.689143180847,0,1242.84372785687,0,1376.68003889918,0,386.871220141649,0,220.582098662853,0,106.799393415451,0,11.8456592559814,0,0,0,17.6448729336262,1.16408979892731,7.31679439544678,0,5.57109922170639,0,1.4781665802002,0,5.44243675470352,0,7.00390917062759,0,0,0,3.19944474101067,0.913396656513214,0,0,0,0,0,3.6057116985321
1.14326608181,125.385092377663,5.25261676311493,60.1620081365108,0,505.381543576717,4.13167887926102,81.1821905970573,0,114.90752440691,0,524.70378780365,0,883.001768767834,0,2256.87528523803,0,2029.64879205823,7.08822154998779,33.2962463498116,0,32.7532051205635,2.34356772899628,27.3208138644695,0,4.6295123398304,0,54.9320031702518,2.65157663822174,0,1.88042241334915,1.58529496192932,0,6.62636291980743,0,0,0,97.2856677770615,0,24.3092306256294,0,102.4445771873,3.15335619449615,42.7697303891182,0,33.0302988886833,0,68.473415106535,0,35.6807561516762,0,64.317055106163,0,29.028940975666,0,16.0691964030266,1.01268708705902,382.698772609234,0,114.197362542152,0,54.9923353493214,0,634.605577141047,0,54.8980892598629,5.09639573097229,52.9844560027122,3.82505422830582,25.5197704136372,1.37508320808411,53.4859901070595,1.05857574939728,3569.12179774046,0.826842844486237,18.7902160286903,1.98900890350342,75.6905027627945,0,588.977282315493,0,614.46898457408,0,800.248882561922,0,166.082306623459,0,60.1785482168198,0,44.2318577170372,0,0,0,0,0,5.29552751779556,0,0.833596289157867,0,3.5249430835247,0,3.64785969257355,0,1.35052704811096,0.980675935745239,3.2895011305809,0,1.31774592399597,0,0.630483031272888,0,0,0,0,0,0
14.1900335550308,14.1612591743469,52.9438469409943,154.406477749348,75.0782425403595,74.5114135444164,63.4845911860466,129.657871842384,13.5564292669296,45.227670609951,8.71131891012192,10.2835435271263,24.0766708254814,21.4816163778305,32.7192158997059,4.61732441186905,0,3.61349081993103,333.372432738543,198.584747970104,696.245468705893,41.7810314297676,2544.43024331331,775.153277307749,734.239400446415,320.072444468737,670.031790345907,123.188480317593,58.1589077413082,1.88042241334915,0,608.431359469891,1541.53398063779,219.405367344618,211.803242981434,8.51031175255775,3.2077345252037,1.284264087677,20.3385851383209,0,15.5537474751472,0,109.725567191839,0,20.0754320025444,0,84.762116253376,0.860600292682648,0,0,0.797227442264557,0,0,0,2.75675880908966,0,2.81352272629738,1.08472990989685,2.30595833063126,1.97212424874306,0,0,0,0,0,0,769.406670928001,3.39042690396309,20.6327328979969,2.32269501686096,852.303883254528,145.767929047346,83.257838755846,79.6911781132221,18.2478178143501,19.020740032196,46.1706492900848,94.2782443165779,0,0,0,0,3.1758446097374,0,0.6726895570755,1.65857565402985,1.28182309865952,0,1.35568714141846,0,0,0,0,0,1.36231088638306,0,18.4498876929283,0,0,0,0,0,0,0,0,0,0,0,1.22941732406616,0,0,0,0,0,0,0
5.34811413288116,5.27506530284882,329.57298001647,235.537943124771,109.269153684378,66.4771484732628,285.591374278069,126.716142833233,76.7982983887196,20.5711451768875,5.83875739574432,19.3913622498512,57.082726418972,56.5270411968231,15.6040132641792,15.6627967357635,0,11.9339747428894,254.252400755882,271.675234735012,27.472095310688,527.676558345556,1596.6416195333,2704.91411048174,223.380956888199,1001.13322025537,195.539706289768,346.533857524395,45.5018459558487,1.58529496192932,608.431359469891,0,170.670939415693,2268.61516562104,0.344834595918655,121.047887355089,0.866128921508789,2.15923535823822,0,12.7871129214764,0,1.34914600849152,0,7.11849930882454,0,1.97983229160309,1.45934045314789,126.350763320923,0,0,0.559533178806305,0,0,0,0,0,0,0,0,0,0,0,0,5.387191593647,0,0,8.01445108652115,522.810614705086,1.777623295784,31.173206359148,305.950872987509,392.778273463249,149.825887590647,147.100927233696,33.6898586153984,50.4782548546791,72.8619240522385,134.789401769638,0,0,0,0,1.90878742933273,0,0,0,0,0,0,0,0,0,0,0,0,0.66650915145874,0,0,0,0,0,0,0,0,0,0.748874843120575,0,0,0,1.11409533023834,0,0,0,0,0,0
21.6515266895294,110.277124494314,22.8148229122162,129.387488126755,7.27784991264343,0,38.7162241339684,67.3691505789757,4.75268095731735,0,5.2082005739212,13.688273370266,33.5364019870758,8.17603254318237,6.61423927545547,0,0.84570586681366,1.18252897262573,2040.32145476341,787.09798592329,40.3501185178757,1.4909610748291,999.800987422466,210.657639026642,33.2007881999016,3.08240568637848,27.8846526145935,0,24.2598398327827,0,1541.53398063779,170.670939415693,0,575.314536482096,993.03338944912,23.6293878555298,3.00597232580185,7.61706846952438,41.6485475301743,0,0.89641135931015,0,195.775108158588,0.635003089904785,151.236022740602,4.433041036129,84.753289192915,0,4.28798645734787,3.33845961093903,4.99903452396393,0,0.468719989061356,0,11.0244241952896,0,65.5553663671017,44.7997615933418,2.97367197275162,12.3794814348221,0,0.76185816526413,0,6.58743965625763,1.13130629062653,0,4746.7822817564,207.656808495522,480.85930916667,273.393257915974,116.898802816868,102.032797843218,44.5642862915993,50.2603359222412,14.2936694025993,16.0824243426323,58.470760345459,143.655439913273,0.68984466791153,0,0,1.0400698184967,0,0,0,0,0,0,0,0,0,0,0,0,2.39150774478912,0,16.1821178197861,0,0,0,0,0,0,0,0.675922214984894,0.909956037998199,0,0,0,0,0,0,0,0,0,0
161.696613848209,169.596378326416,206.506911486387,192.302104353905,1.38214683532715,9.0345361828804,324.198600322008,110.248267441988,3.76675003767014,3.60679256916046,26.0746927261353,66.1708130538464,106.160629689693,75.1094055175781,0.620772302150726,1.64170038700104,6.04980909824371,5.94015833735466,1835.61684432626,4542.4529402554,3.22772163152695,8.0394372344017,578.725660651922,1704.12118944526,0.772511124610901,29.5506068468094,6.70356297492981,12.6175973415375,72.7199068665504,6.62636291980743,219.405367344618,2268.61516562104,575.314536482096,0,156.683826237917,987.401917308569,1.45636880397797,16.0971229970455,7.30618661642075,112.914310246706,0,0,25.5656208395958,72.2114105224609,12.9874305725098,37.5727057158947,15.1784846186638,329.901301026344,11.5189564824104,7.7483075261116,13.1207931637764,0.788249731063843,0,0,0,12.4922358393669,112.092507004738,150.510672748089,40.3426134884357,16.4680199623108,20.0821245908737,3.49698978662491,2.15108925104141,17.8476355075836,0,5.9426212310791,1232.1009426713,5172.88972169161,805.310454815626,1455.16347706318,153.310065805912,266.014428585768,196.226089328527,192.705450296402,77.0841234326363,54.6887263655663,269.258501768112,305.237636566162,0,0,0,11.2129037976265,5.2061014175415,0,2.78672277927399,12.4864344596863,0,0,0,3.61390858888626,0,0,0,0,0,3.29680183529854,6.19055014848709,0.922763913869858,0,0,0,0,0,0,0,1.07965767383575,0,1.77312397956848,0,2.5007638335228,0,0,0,0,0,0
0,0,0,0,0,0,2.72185826301575,0,0,0,0,0,0,0,0,0,0,0,7.52138078212738,0.651631295681,1.01007151603699,0,101.041720956564,0,0,0,0.387746125459671,0,3.08357101678848,0,211.803242981434,0.344834595918655,993.03338944912,156.683826237917,0,89.7746473550797,122.824470937252,49.075039178133,97.1648417711258,60.6588855087757,1.68838509917259,5.42154049873352,381.279002338648,284.669675827026,283.508883088827,406.717144876719,190.461449980736,62.2918613553047,206.548363983631,101.825360834599,96.1560189723969,33.1302361488342,11.3114006519318,9.46864002943039,15.1553713679314,16.4427880942822,0,3.29874783754349,29.5589737296104,62.2676376104355,3.01179450750351,1.62133932113647,0,0,0,0.608993053436279,2662.4797988832,508.367551147938,0.800504386425018,2.29786098003387,9.50132393836975,0,7.47560912370682,10.5557953119278,2.79605275392532,1.57394671440125,118.509529083967,11.4940755963326,0,0,1.83500349521637,2.97330147027969,0,0,2.32786381244659,1.79914420843124,2.59521472454071,1.54757905006409,4.56807577610016,7.89562991261482,0,0,0,0,0,0,18.0080197453499,1.59153497219086,0,0,0,0,0,0,0,0,0,0,0,0,0,0,0,0,0,0
1.33186018466949,0,0,1.63299441337585,0,0,0,0,0,0,0,0,0,0,0,0,0,0,0.510235786437988,5.07396557927132,1.2940376996994,0.548922061920166,0,14.8940077424049,0,1.90771254897118,0,0.452573895454407,4.14393985271454,0,8.51031175255775,121.047887355089,23.6293878555298,987.401917308569,89.7746473550797,0,47.0594935417175,210.434460759163,23.0923069119453,165.28806000948,0.640688300132751,2.79761719703674,130.329385757446,225.382576286793,129.606193065643,297.114987105131,56.7754628658295,141.035180300474,139.848661005497,103.882752299309,81.9531037807465,35.6150304973125,6.84548676013947,4.79877543449402,5.53790038824081,38.3733880519867,1.52002823352814,1.37632405757904,62.0216410160065,54.3117842078209,7.62288224697113,0,0,0,1.2516610622406,0,519.071909576654,2103.25331389904,0,0.95458710193634,3.25329720973969,0,14.5511850714684,7.97517985105515,0.528516292572021,4.87454527616501,53.0804949402809,46.4125118255615,0,2.5476496219635,0.953972935676575,4.51370489597321,0,0.526141703128815,1.57926249504089,12.1502338051796,0,3.24159699678421,4.66637915372849,9.12388780713081,0,0,0,0,0,0,2.65508270263672,5.54842722415924,1.52568280696869,0,0,0,0,0,0,0,0,0,0,0,0,0,0,0,0,0
147.206206411123,0.796533405780792,37.7440131306648,1.27941119670868,53.5430889129639,1.16225969791412,31.9745098650455,0,22.0984059870243,0,16.5705228447914,0,5.97936898469925,0,42.7832399606705,0,29.2732909023762,0,54.3735917508602,8.16691517829895,54.2871485948563,20.136220574379,13.5733361840248,0,2.45500767230988,0,72.948288410902,37.1129795312881,149.01904335618,0,3.2077345252037,0.866128921508789,3.00597232580185,1.45636880397797,122.824470937252,47.0594935417175,0,74.9290321469307,1550.44769322872,24.3087212145329,439.996237397194,58.8424102663994,434.933432579041,72.403649866581,79.3904814422131,54.1416772007942,993.844091594219,19.9026094079018,212.096494138241,20.5268132686615,781.443993866444,10.1237359046936,134.765117198229,1.99703550338745,1075.50283953547,6.26497918367386,365.805795550346,3.24937874078751,548.072464972734,15.8589253425598,244.640940457582,0,114.712413281202,0,162.480651676655,2.05830502510071,425.361441493034,228.391267597675,203.185345679522,0.871037542819977,248.697183579206,29.8510594367981,399.05952718854,30.1070908904076,1140.86368906498,67.6609373986721,3419.21586284041,46.9570161104202,3.93413293361664,0,59.6175253391266,0,574.184563696384,0.805536866188049,202.07764929533,0,1767.87359297276,6.54859530925751,1127.27976801991,3.26522970199585,74.0090954601765,69.5704275965691,37.0787864327431,15.539957433939,135.596593350172,19.1827068030834,152.576020687819,6.05118030309677,41.7466766834259,16.056354701519,30.2766979336739,10.4112140834332,68.7786121070385,31.5166912376881,29.5336599349976,23.4958970844746,32.271098703146,13.0684753358364,16.4560997188091,49.8363571166992,6.19909828901291,0,2.05074003338814,1.17997944355011,1.77689322829247,4.0887006521225
0.727843344211578,72.234491109848,0,27.6404634416103,0,26.1342717111111,0,25.2960405647755,0,16.4038745462894,0,2.86710965633392,0,2.62766426801682,0,26.2488590180874,0,11.8893439471722,2.73610436916351,29.3943132758141,32.5472191572189,36.5723040699959,1.55135774612427,16.969019472599,0,0,29.9702917933464,36.3603850603104,0,97.2856677770615,1.284264087677,2.15923535823822,7.61706846952438,16.0971229970455,49.075039178133,210.434460759163,74.9290321469307,0,26.8888716101646,1312.8381036222,29.908004283905,677.359383404255,48.4994496107101,464.187926799059,15.8921980261803,354.757359266281,27.213182747364,854.055541992188,3.17737007141113,305.117941707373,9.96470719575882,325.055705279112,0,173.30700007081,2.85782516002655,1126.15220248699,0.874806344509125,139.849389046431,128.41192817688,377.891215264797,22.559024810791,2.0026969909668,1.03992235660553,21.2570680975914,1.11155152320862,77.5979679822922,291.28140437603,671.662897080183,0,44.8225191831589,27.6640248298645,290.613167762756,29.2416443228722,406.840872585773,33.0364626049995,673.276530504227,82.2882258892059,4019.80548885465,0,2.61444365978241,0,121.146081209183,1.09582531452179,510.430461078882,1.27117133140564,329.515764027834,4.69179975986481,1034.40168708563,3.22819763422012,1064.27946832776,23.4550290703773,51.0159138739109,7.4179829955101,17.9209746718407,5.13429465889931,77.4995857477188,22.5216023921967,28.332445025444,6.7278807759285,39.7694834470749,5.45383781194687,14.1124446392059,16.9764822125435,33.125703305006,1.24300599098206,26.6325145661831,10.4090911149979,15.2402192354202,7.97078537940979,35.7320181131363,6.17069661617279,0.537542223930359,2.82433640956879,0.615241169929504,0,0.47557133436203
83.7815558314323,1.63257241249084,6.14944878220558,0,7.12172013521194,0,2.51226282119751,0,2.85037633776665,0,1.35784661769867,0,0,0,13.2835147976875,0,6.44708013534546,0,23.3184910416603,0,9.66241323947906,8.16100013256073,0.825212001800537,0,0,0,44.3090991973877,31.6442944407463,76.3426483869553,0,20.3385851383209,0,41.6485475301743,7.30618661642075,97.1648417711258,23.0923069119453,1550.44769322872,26.8888716101646,0,34.7664440274239,543.396007180214,3.54599004983902,294.500608086586,22.4029540419579,136.640766382217,6.72158515453339,1442.16591948271,12.3225877285004,102.092571645975,1.88267183303833,140.280520737171,0,18.0932188630104,0,1345.53993487358,2.2881965637207,193.087592691183,0.646515429019928,200.661650747061,0,95.4802340269089,0,35.4064718484879,0,39.8685973286629,0,526.723892837763,53.3813695907593,111.400542140007,0,31.0481126010418,5.29088258743286,79.7013657093048,1.76715570688248,122.887038648129,27.525497674942,211.402032077312,32.4731525480747,0,0,17.482653260231,0,312.435320854187,0,62.2974623143673,0,344.925726801157,0,275.581835359335,1.29843366146088,106.572665542364,230.743460178375,28.6619053483009,39.165525406599,23.5655311644077,88.8480322957039,342.161183327436,14.684334218502,64.844876229763,131.232312679291,37.0426558852196,4.81534820795059,79.3678440153599,17.2668889462948,4.72771459817886,8.64918807148933,18.8483679294586,6.4631099998951,1.35122084617615,3.36651998758316,6.79214060306549,1.51388281583786,1.8668606877327,1.04048156738281,0.53117823600769,4.20020470023155
1.67117393016815,105.225097119808,0,6.8644038438797,0,1.55578619241714,0,0.994261622428894,0,2.18935766816139,0,1.77151358127594,0,0,0,2.66947042942047,0,8.51454240083694,0,23.0433741211891,1.00881481170654,0.838603436946869,0,0,0,0,0,1.08213460445404,0,24.3092306256294,0,12.7871129214764,0,112.914310246706,60.6588855087757,165.28806000948,24.3087212145329,1312.8381036222,34.7664440274239,0,1.06635701656342,1446.7596949935,17.2013938128948,478.090838998556,5.07074391841888,207.463805705309,34.258173853159,1008.35035946965,4.52030426263809,71.6513053178787,1.09166550636292,81.0813654959202,0,45.2071973085403,3.61751461029053,1530.7195443511,0,160.977974742651,0,78.4369711875916,0,0.84998881816864,0,19.2211751937866,0,8.56126481294632,99.9765565395355,906.368203490973,0,81.3945156335831,1.43267786502838,47.7614396810532,6.25500845909119,60.9429224133492,13.123535990715,43.6980700790882,0,286.979818761349,0,0,0,17.656508564949,0,336.061608076096,0,52.0297420918941,0,555.253446251154,0,221.695979744196,16.3221943974495,72.3721964359283,13.5576664805412,30.9842993617058,6.09012377262115,35.8687478303909,14.907017737627,112.202053308487,8.12860679626465,26.7928945720196,4.01705303788185,24.8035225272179,6.25625187158585,47.0300398170948,2.26615411043167,15.7220332920551,6.6790766119957,7.72408527135849,0,0,1.97981250286102,0.871609687805176,2.61045682430267,0,0,0
1.83618009090424,0,4.54902720451355,0,81.5262518823147,1.44749879837036,3.87634766101837,0,36.8189985454082,0,1.26474475860596,0,0,0,62.7986289560795,0,0,0,5.75756791234016,0,155.318754792213,1.14082515239716,5.82704049348831,1.01867914199829,8.11167648434639,5.18778347969055,76.6937257647514,9.90254372358322,107.772839009762,0,15.5537474751472,0,0.89641135931015,0,1.68838509917259,0.640688300132751,439.996237397194,29.908004283905,543.396007180214,1.06635701656342,0,38.0720524787903,74.166087448597,0,4.17895978689194,0,205.253938615322,0,15.3170627951622,0,96.2601383328438,0,35.536372333765,0,80.8278244435787,8.01577949523926,4.08544188737869,0,8.48746180534363,0,10.4292015135288,0,0.577314972877502,0,5.59275344014168,0,24.5620300769806,1.08739483356476,0.855845272541046,0,254.462582439184,27.0778597593307,450.70057079196,22.7456210255623,354.440443724394,42.1488825082779,258.556652963161,4.25833004713058,0,0,8.95105504989624,0,1116.0862108171,6.13111186027527,50.9917831420898,2.09623044729233,1099.83407407999,11.9149360656738,107.209844201803,8.10176450014114,5.54903829097748,2.40615963935852,0,0.469769656658173,9.64778819680214,0,0.865417718887329,0,5.1923603117466,0,3.63878303766251,0,0.610231757164001,0.461510539054871,3.48819094896317,3.12867391109467,0,1.03733384609222,3.14922311902046,1.01374438405037,0,0,0.512432813644409,0,0,0
0,0,0,0,0,342.228326767683,0,1.47952622175217,0,74.3021960258484,0,0,0,0,0,108.847149729729,0,0,0,0,17.831022143364,82.7370530366898,0,1.05226480960846,0,4.83912727236748,0,68.4632792770863,0,102.4445771873,0,1.34914600849152,0,0,5.42154049873352,2.79761719703674,58.8424102663994,677.359383404255,3.54599004983902,1446.7596949935,38.0720524787903,0,13.5131230354309,134.778855830431,0,46.4374523758888,0,311.208874046803,0,59.6157069206238,0,115.958386093378,0,70.6270554959774,5.08224987983704,563.02222597599,0,2.82227125763893,0,11.9916532635689,0,0,0,0,0,7.83284503221512,0,35.9584694206715,0,0,49.6055632829666,232.828042089939,59.3174104690552,957.085901677608,46.1803435087204,256.966823875904,6.60211175680161,160.481184631586,0,0.872983276844025,1.36481845378876,31.3381033539772,14.8773920536041,2147.77686715126,1.65043163299561,205.578822731972,34.1527646780014,1801.07651236653,19.5938623547554,385.44873431325,0,0.677811861038208,0,4.18026083707809,0.465902924537659,6.08632808923721,0,7.25415140390396,1.6905345916748,8.18600809574127,0,0.696309626102448,1.12909638881683,2.67546999454498,0,1.13254362344742,0,2.52078020572662,0,0.604779303073883,2.22957271337509,0,0,0,0,0
7.2396993637085,0,0,0,2.1219636797905,0,13.8992053866386,0,0,0,0,0,0,0,1.78760117292404,0,0,0,4.07485193014145,0,1.35843801498413,0,31.0357085168362,0,0,0,0,0,117.061790823936,3.15335619449615,109.725567191839,0,195.775108158588,25.5656208395958,381.279002338648,130.329385757446,434.933432579041,48.4994496107101,294.500608086586,17.2013938128948,74.166087448597,13.5131230354309,0,1579.23448222876,10645.9714395702,2010.03169199824,7964.2484742105,1051.48168954253,3290.2332495153,255.315781950951,4408.3955501616,47.1856548190117,565.316865235567,9.81278163194656,155.862460464239,34.294426381588,3.43877148628235,0,84.7995690405369,67.6892529726028,4.59506011009216,0,0,0,3.94223499298096,0,2481.80401337147,808.991246730089,0,0,4.49477905035019,0,280.195584595203,16.0633327364922,18.6559471189976,1.28852552175522,221.041669398546,18.2014365196228,0.83218115568161,0,69.1245297789574,4.13550758361816,27.1740909218788,1.05381286144257,108.250324606895,15.5188888907433,6.51459142565727,0,222.32063600421,24.0412048697472,36.9211916923523,0,0,0,1.32236474752426,0,57.0829797387123,5.33827564120293,35.9277780056,19.4009550213814,0,0,0,0,0.566711962223053,0,0,0,0,0.570649445056915,0,0,0,0,0,0
0,0,0,2.19249242544174,0,2.87180629372597,0,0,0,0.533645689487457,0,0,0,0,0,1.05656516551971,0,0,0,0,0,0,0,0.477694183588028,0,0,0,0,0,42.7697303891182,0,7.11849930882454,0.635003089904785,72.2114105224609,284.669675827026,225.382576286793,72.403649866581,464.187926799059,22.4029540419579,478.090838998556,0,134.778855830431,1579.23448222876,0,920.270049840212,8672.79853978753,150.939201951027,9228.66850832105,310.061482965946,1503.12632653117,173.313158810139,1241.7395247519,3.3236111998558,1199.74033659697,7.01159209012985,459.386167138815,0,0,75.1423197388649,21.6876650452614,10.7658135294914,0,0,0,0,0,632.308850258589,2592.68208822608,0,0,0,4.10498261451721,1.17349171638489,226.009628146887,1.02192449569702,24.9274944365025,8.47324526309967,211.091742157936,0,0,0,63.8071159720421,0,59.6675553619862,2.31939828395844,241.489357769489,0,55.6704727113247,1.21551895141602,283.760671496391,0,4.17476952075958,0,0,0,10.2098099589348,2.17399257421494,181.741142004728,0,21.7205912470818,0,0,0,0,0,0,0,0.894878208637238,0,0,0,0,0,0,0,0
0,0,0.920189380645752,0,0,0,0,0,0,0,0,0,0,0,0,0,0,0,0.531596064567566,0,1.06880629062653,0,1.72039765119553,0,0,0,0,0,11.4007715582848,0,20.0754320025444,0,151.236022740602,12.9874305725098,283.508883088827,129.606193065643,79.3904814422131,15.8921980261803,136.640766382217,5.07074391841888,4.17895978689194,0,10645.9714395702,920.270049840212,0,1014.0426825583,1294.89870938659,50.7213465869427,3029.84755030274,73.5422269105911,484.644409954548,15.3603071570396,18.2368096113205,1.36010497808456,53.8709284365177,1.43125820159912,0,0,195.198124647141,24.4730913043022,6.73537814617157,0,0,0,1.57831466197968,1.37974727153778,2606.01187795401,669.060569226742,0,0.52858293056488,1.63258519768715,0,43.0276540517807,1.69685173034668,2.19597804546356,0.485533803701401,57.0832090973854,5.18597108125687,0,0,4.08908498287201,0,1.21406483650208,0,12.8268154859543,0,0,0,9.46273627877235,0,5.04006570577621,0,0,0,0,0,39.0730585753918,5.16472288966179,6.15926706790924,0,0,0,0,0,0,0,0,0,0,0,0,0,0,0,0,0
0,2.85490870475769,0,11.0175678730011,0,0,0,0,0,0,0,0,0,0,0,0,0,0,0,16.2961932420731,0,0,0,0,0,0,0,0,0,33.0302988886833,0,1.97983229160309,4.433041036129,37.5727057158947,406.717144876719,297.114987105131,54.1416772007942,354.757359266281,6.72158515453339,207.463805705309,0,46.4374523758888,2010.03169199824,8672.79853978753,1014.0426825583,0,29.4588865637779,1078.27360641956,22.631529211998,4886.82348158956,13.4755215644836,1825.79678446054,0,403.301160812378,0,629.502426415682,0,1.55314946174622,9.84188443422318,197.359346538782,4.17563444375992,0,0,3.03626477718353,0,2.12002271413803,679.688685655594,3697.85983192921,0,0.779183447360992,0,4.61703413724899,0,238.390222221613,1.58039331436157,45.6195458769798,7.95538359880447,282.170699328184,0,1.15926325321198,0,74.0343101322651,0,2.8914332985878,0,166.310560643673,0,0,0,302.688839644194,0,0,0,0,0,2.48330581188202,0.528955280780792,45.2137159705162,0,0,0,0,0,0,0,0,0,0,0,0.808839678764343,0,0,0,0,0,0
2.71185940504074,0,0,0,8.3174352645874,0,0,0,1.24989068508148,0,0,0,0,0,8.30319380760193,0,0,0,7.96712136268616,0,9.87691056728363,0,19.3744618296623,0,0.566082417964935,0,5.9732940196991,0.840428233146667,405.03009313345,0,84.762116253376,1.45934045314789,84.753289192915,15.1784846186638,190.461449980736,56.7754628658295,993.844091594219,27.213182747364,1442.16591948271,34.258173853159,205.253938615322,0,7964.2484742105,150.939201951027,1294.89870938659,29.4588865637779,0,97.8906811475754,866.497706145048,13.2359511852264,1986.76038947701,2.27340906858444,1800.75718146563,1.61545395851135,3856.85146635771,7.93390065431595,4.4748175740242,0.853133082389832,91.0585164427757,3.68966221809387,28.0643551945686,0,1.88201183080673,0,21.9926315248013,0,1905.29164999723,217.650510489941,0.76750910282135,5.46927738189697,19.6925431191921,0.908575356006622,390.103764504194,4.44961404800415,26.3155243098736,1.09984147548676,421.848818033934,16.1269479990005,0,0,140.456001788378,0,212.220904529095,0.532806873321533,467.05090123415,0.622983455657959,174.81055778265,0,1193.73034581542,1.0745165348053,182.580632925034,0.566833436489105,3.2865372300148,0.461102187633514,53.4609613120556,1.46599876880646,177.095943510532,1.611292719841,265.23200070858,0,1.86014437675476,0,3.15238744020462,0,6.77400803565979,0.423864275217056,1.71066108345985,0,3.52287113666534,90.7796912193298,0,0,0,2.09997963905334,0,3.57797116041183
0,26.6638752222061,0,3.35530924797058,0,2.27070075273514,0,0.776113748550415,0,0,0,0,0,0.774934232234955,0,0,0,0.840196669101715,0.503368198871613,8.1452405154705,0.680538058280945,0,0,13.6932412981987,0,0,0,2.2529125213623,0,68.473415106535,0.860600292682648,126.350763320923,0,329.901301026344,62.2918613553047,141.035180300474,19.9026094079018,854.055541992188,12.3225877285004,1008.35035946965,0,311.208874046803,1051.48168954253,9228.66850832105,50.7213465869427,1078.27360641956,97.8906811475754,0,9.33661907911301,276.013667732477,1.53600668907166,362.588459014893,0,2015.86948725581,0,4313.89830490947,0,54.2633816301823,4.46626174449921,81.0992152690887,0,0.608435273170471,0,7.59922674298286,0,11.3133996129036,79.6017952561378,1365.75129687786,1.19918775558472,20.9879360795021,1.36343324184418,21.9501956999302,1.05622017383575,325.577948153019,0,68.5717390179634,13.7150990962982,847.051905989647,0,1.44733870029449,0,87.4805826544762,0,66.978846848011,0,256.183842778206,0,81.8853585124016,0,638.861904710531,0.616437077522278,75.825497597456,0.89406806230545,11.566616743803,7.50296473503113,90.8178870379925,7.62835586071014,452.448428034782,0.719868957996368,570.018826037645,0.476891666650772,4.69262629747391,1.52977010607719,4.57073876261711,1.85888433456421,10.4190155565739,0.514367997646332,4.19682461023331,4.6087703704834,163.397087574005,0,0,1.27365419268608,0.686888456344604,0,3.2369037270546
1.84758871793747,0,0,0,0,0,0,0,0,0,0,0,0,0,0,0,0,0,0.497552335262299,0,0,0,0,0,0,0,0,0,35.1133836507797,0,0,0,4.28798645734787,11.5189564824104,206.548363983631,139.848661005497,212.096494138241,3.17737007141113,102.092571645975,4.52030426263809,15.3170627951622,0,3290.2332495153,310.061482965946,3029.84755030274,22.631529211998,866.497706145048,9.33661907911301,0,15.107805788517,5383.66656735539,0,235.864871263504,0,279.084223031998,1.51691925525665,3.06791365146637,0,433.253160059452,1.52643382549286,76.728537350893,0,0,0,7.42316621541977,0,1110.88227593899,549.288283407688,0,0,4.28946375846863,0,123.320346057415,0,13.6357715129852,0,176.757875561714,0,1.79830545186996,0,33.4348119497299,0,0.699340581893921,0,72.2201953232288,0,0.456541687250137,0,50.4624048471451,0,8.84487342834473,0,0,0,2.87069809436798,0,18.6644995510578,0,6.9451470375061,0,0,0,0,0,0,0,0,0,0,0,0,0,0,0,0,0
0,13.7382892668247,0,15.933460354805,0,0,0,5.91888052225113,0,0,0,1.11131775379181,0,0,0,0,0,0,0,21.3832285404205,0,0,0,0,0,0,0,0,0,35.6807561516762,0,0,3.33845961093903,7.7483075261116,101.825360834599,103.882752299309,20.5268132686615,305.117941707373,1.88267183303833,71.6513053178787,0,59.6157069206238,255.315781950951,1503.12632653117,73.5422269105911,4886.82348158956,13.2359511852264,276.013667732477,15.107805788517,0,3.28975808620453,5990.42509308457,0,493.055088281631,0,503.811979323626,0,9.9090381860733,6.25705993175507,1386.63974171877,6.77261555194855,8.59469902515411,0,8.41119930148125,0,175.178913205862,234.826578319073,1137.98292094469,0,1.3881322145462,0,2.2551794052124,0,245.993890941143,0,46.7944558560848,10.7097676992416,213.921555936337,0,1.13921213150024,0,127.816779017448,0,17.6361752152443,0,386.551391392946,0,0,0,559.258194416761,0,0,0,0,0,7.44929909706116,1.30468606948853,9.72630152106285,0,0.517662882804871,0,0,0,0,0,0,0,0,0,0.64316326379776,0,0,0,0,0,0
475.331088721752,0,17.924225628376,0,0.633717358112335,0,468.720105111599,0,0,0,5.95817074179649,0,4.91269010305405,0,0,0,6.30046996474266,0,17.7795667648315,0.590438902378082,0.541507005691528,0,0,0,0.66050523519516,0,0,0,319.643503069878,0,0.797227442264557,0.559533178806305,4.99903452396393,13.1207931637764,96.1560189723969,81.9531037807465,781.443993866444,9.96470719575882,140.280520737171,1.09166550636292,96.2601383328438,0,4408.3955501616,173.313158810139,484.644409954548,13.4755215644836,1986.76038947701,1.53600668907166,5383.66656735539,3.28975808620453,0,1.67247498035431,4871.05111786723,0,2216.14238381386,1.61626422405243,181.337418287992,1.40673041343689,2401.90122047067,16.1792378425598,1720.66131684184,0,34.2291845679283,0,1321.4946320653,0,943.795022279024,382.54233700037,6.8241511285305,0,59.9084556400776,0.640991508960724,617.433062672615,0,59.3825080394745,0,871.308794379234,1.71416735649109,8.87371528148651,0,428.379670709372,0,100.06762778759,0,3797.83864080906,0,26.5086776912212,0,1401.45429897308,0,24.1308303773403,0,0,0,31.2416185438633,0,10.0412337779999,0,19.5117591023445,0,0,0,0,0,0,0,0.693568587303162,0,0,0,0,0,0,0,0,0.533301651477814
0,73.6351352930069,0,17.9837342500687,0,0,0,120.354139328003,0,0,0,4.91694307327271,0,1.52083843946457,0,0,0,2.9469747543335,0,9.34764117002487,0.516016066074371,0,0,0,0,0,0,0,0,64.317055106163,0,0,0,0.788249731063843,33.1302361488342,35.6150304973125,10.1237359046936,325.055705279112,0,81.0813654959202,0,115.958386093378,47.1856548190117,1241.7395247519,15.3603071570396,1825.79678446054,2.27340906858444,362.588459014893,0,5990.42509308457,1.67247498035431,0,0,2749.22544193268,0,1428.39115709066,0,67.5467089116573,1.19944643974304,2147.16291290522,0,35.1495339870453,0,32.3667651712894,0,1514.72976917028,39.0110276341438,688.43699079752,0,0.799309015274048,0,21.3409565091133,0,345.479530155659,0,58.6962774693966,3.19867300987244,288.914546102285,0,6.8801726102829,0,257.950731754303,0,71.1418376266956,0,3945.08175036311,0,5.49269464612007,0,2751.69516700506,0,1.81031835079193,0,0,0,9.35742005705833,1.41688001155853,9.0752118229866,0,0.845667362213135,0,0,0,0,0,0,0,0,0,5.14436995983124,0,0,0,0,0,0
58.8341932296753,0,0,0,0,0,14.2804857194424,0,0,0,0,0,0,0,0.60654091835022,0,0,0,0,0,1.68159782886505,0,0,0,0,0,0,0,77.3933454751968,0,0,0,0.468719989061356,0,11.3114006519318,6.84548676013947,134.765117198229,0,18.0932188630104,0,35.536372333765,0,565.316865235567,3.3236111998558,18.2368096113205,0,1800.75718146563,0,235.864871263504,0,4871.05111786723,0,0,0,2447.28065648675,0,34.257727086544,0,32.6185646057129,0,33.7131319344044,0,4.13761854171753,0,72.6022974848747,0,52.8277482390404,15.956962376833,0,0,7.25656461715698,0,110.349141001701,0,1.13196706771851,0,89.0127514302731,0,0,0,41.5370827317238,0,28.3703008294106,0,432.198373913765,0,24.0328759849072,0,1433.27331668139,0,19.2370104193687,0,0,0,0,0,1.83169281482697,0,7.13050091266632,0,0,0,0,0,0,0,0,0,0,0,0,0,0,0,0,0
0,0,0,0,0,0,0,0,0,0,0,0,0,0,0,0,0,0,0,0,0.905149579048157,0,0,0,0,0,0,0,0,29.028940975666,0,0,0,0,9.46864002943039,4.79877543449402,1.99703550338745,173.30700007081,0,45.2071973085403,0,70.6270554959774,9.81278163194656,1199.74033659697,1.36010497808456,403.301160812378,1.61545395851135,2015.86948725581,0,493.055088281631,0,2749.22544193268,0,0,0,3365.27157333493,0,0,0,1.03102314472198,0,0,0,0,0,0,6.44239747524261,57.5422801077366,0,0,0,0,0,107.716125369072,0,10.3007101118565,0,79.9056318998337,0,0,0,26.1166097521782,0,1.49508342146873,0,288.541426062584,0,5.73949781060219,0,1417.91689941287,0,38.4103585779667,0,0,0,0,0,9.58987241983414,0,26.5132673978806,0,0,0,0,0,0,0,0,0,0,0,0,0,0,0,0
15.0915760397911,0,0,0,5.31815552711487,0,0.798058331012726,0,0.473053097724915,0,0,0,0,0,2.26685690879822,0,1.45672821998596,0,0,0,2.57357442378998,0,0,0,0,0,0,0,48.5976705849171,0,2.75675880908966,0,11.0244241952896,0,15.1553713679314,5.53790038824081,1075.50283953547,2.85782516002655,1345.53993487358,3.61751461029053,80.8278244435787,5.08224987983704,155.862460464239,7.01159209012985,53.8709284365177,0,3856.85146635771,0,279.084223031998,0,2216.14238381386,0,2447.28065648675,0,0,0.500478506088257,7.58947110176086,0,81.8550433516502,0,30.9918396174908,0,0.946069270372391,0,47.9616185426712,0,133.881443887949,6.75180500745773,0,0,12.7786524295807,2.37213104963303,49.706485658884,0,18.0795234143734,4.2552564740181,74.0769738554955,0,0,0,12.990424990654,0,179.250730037689,0,285.292538881302,0,908.44324991107,0,3974.90921461582,0,31.0849476456642,0,0,0,0.456536769866943,0,22.8657212853432,0,49.1872781813145,0,0,0,0,0,0,0,0,0,0,0,0,0,0,0,0,0
0,0,0,0,0,2.9645015001297,0,0,0,0,0,0,0,0,0,2.20337152481079,0,0,0,0,3.53781121969223,0,0,0,0,0,0,0,0,16.0691964030266,0,0,0,12.4922358393669,16.4427880942822,38.3733880519867,6.26497918367386,1126.15220248699,2.2881965637207,1530.7195443511,8.01577949523926,563.02222597599,34.294426381588,459.386167138815,1.43125820159912,629.502426415682,7.93390065431595,4313.89830490947,1.51691925525665,503.811979323626,1.61626422405243,1428.39115709066,0,3365.27157333493,0.500478506088257,0,0,0,0,26.3829703629017,0,0,0,0,0,1.99541938304901,32.8011325895786,248.45750066638,0,0,0.968852281570435,20.7701043784618,3.82497626543045,128.949938476086,1.19740176200867,14.5525997281075,0,129.989825725555,0,0,0,41.3250027894974,0,169.270501643419,0,354.148180127144,0,1337.07924303412,0,3239.24445864558,0,32.0357706844807,0,0,0,4.36964064836502,0,104.061729550362,0,109.671138584614,0,0,0,0,0,0,0,0,0,0,0,0,0,0,0,0
9923.34303122759,10.8391932845116,151.739233583212,13.4736341536045,0,0,294.037912249565,4.02590316534042,7.90391337871552,0,396.479981958866,0,181.96665596962,0,9.85607612133026,0,1555.61815994978,0,286.255760878325,127.849435597658,0,0,1.75510650873184,0,0,0,0,0,1638.75835993886,1.01268708705902,2.81352272629738,0,65.5553663671017,112.092507004738,0,1.52002823352814,365.805795550346,0.874806344509125,193.087592691183,0,4.08544188737869,0,3.43877148628235,0,0,0,4.4748175740242,0,3.06791365146637,0,181.337418287992,0,34.257727086544,0,7.58947110176086,0,0,40.3795881271362,2598.57298886776,9.05293834209442,4649.13625219464,0,2135.24613264203,2.02139204740524,347.946912705898,1.26428544521332,1312.96001809835,84.8045449256897,1506.24513795972,60.2677775025368,222.47817671299,43.5520747900009,1962.83613583446,4.29771274328232,418.815576285124,1.49740600585938,2328.3726580441,49.3936839699745,216.76916795969,0,129.1811837852,2.20858818292618,7.33059698343277,0,724.87371045351,2.7218474149704,0,0,324.122454017401,0,0,0,0,0,169.329449206591,1.2773300409317,48.5487480461597,0,0,0,0,0,0,0,2.01098126173019,0,8.09751439094543,0,9.18995893001556,10.7626032233238,0,0,0,0,0,0
0,12282.5248047411,0,584.391167223454,0,0.597790598869324,1.45234632492065,543.173770070076,0,3.32177132368088,0,347.754176348448,0,92.5681123733521,0,8.07677119970322,0,1857.8960454464,16.3609817028046,497.318280011415,0,0,0,7.79825362563133,0,0,0,0,0,382.698772609234,1.08472990989685,0,44.7997615933418,150.510672748089,3.29874783754349,1.37632405757904,3.24937874078751,139.849389046431,0.646515429019928,160.977974742651,0,2.82227125763893,0,0,0,1.55314946174622,0.853133082389832,54.2633816301823,0,9.9090381860733,1.40673041343689,67.5467089116573,0,0,0,0,40.3795881271362,0,64.5167236328125,2706.04973101616,65.3349260687828,2345.34488254786,0,3259.58651617169,0,526.834979206324,343.615714371204,684.325330018997,23.2907410860062,2368.59625902772,92.2175378203392,289.607453644276,0,2557.68297284842,0,369.394236207008,91.0226148366928,2459.0785458684,0,52.0753912627697,0,280.516299366951,0,5.19032764434814,0,201.30699685216,0,0.685681164264679,0,79.5686200559139,0,0,0,0,0,65.138016551733,0,0,0,0,0,0,0,0,0,3.17008590698242,0,2.59269893169403,0.728453278541565,22.4763988852501,0,0,0,0,0,1.63681054115295
393.482218265533,0.833738029003143,133.1087667346,1.73566651344299,0,0,101.779061049223,0,0,0,14.8520577549934,0,5.57411128282547,0,0,0,81.6721222698689,1.12809646129608,152.672422915697,0,0,0,1.68554443120956,0,0,0,0,0,580.33557164669,0,2.30595833063126,0,2.97367197275162,40.3426134884357,29.5589737296104,62.0216410160065,548.072464972734,128.41192817688,200.661650747061,0,8.48746180534363,0,84.7995690405369,75.1423197388649,195.198124647141,9.84188443422318,91.0585164427757,4.46626174449921,433.253160059452,6.25705993175507,2401.90122047067,1.19944643974304,32.6185646057129,0,81.8550433516502,0,2598.57298886776,64.5167236328125,0,68.6009710431099,6409.94369229674,0,132.905994832516,1.75077474117279,1121.91040089726,2.97312390804291,3549.80739364028,1064.71264910698,329.383416086435,32.850081384182,85.4747210741043,18.0964869260788,659.745906829834,7.23459178209305,126.577143728733,1.01469588279724,1640.94657549262,54.4991039037704,55.6019266247749,0,276.556178897619,1.10341453552246,2.96451392769814,0,184.623721182346,2.18310046195984,0,0,49.7434686422348,0,0,0,0,0,87.0016959309578,0,54.2307386696339,0,0,0,0,0,0,0,1.40648233890533,0,2.40092366933823,0,2.31612861156464,2.67790949344635,0,0,0,0,0,0
0,389.605201900005,0,134.372630447149,0,0,0,216.804852098227,0,0,0,72.5711622536182,0,8.60853940248489,0,0,0,90.6205982267857,0,68.8874102532864,0,0,0,0,0,0,0,0,0,114.197362542152,1.97212424874306,0,12.3794814348221,16.4680199623108,62.2676376104355,54.3117842078209,15.8589253425598,377.891215264797,0,78.4369711875916,0,11.9916532635689,67.6892529726028,21.6876650452614,24.4730913043022,197.359346538782,3.68966221809387,81.0992152690887,1.52643382549286,1386.63974171877,16.1792378425598,2147.16291290522,0,1.03102314472198,0,26.3829703629017,9.05293834209442,2706.04973101616,68.6009710431099,0,39.2550134062767,2231.240539819,0,698.87804839015,0,1343.08369147778,280.355241030455,2578.9251395762,1.53071355819702,67.993897497654,11.6572945713997,74.8507880568504,0,797.730177640915,0,205.03274974227,64.1496614813805,1074.19915139675,0,55.6617212295532,0,633.931733906269,0,45.9689021408558,0,497.687162190676,0,0.681183695793152,0,145.438623577356,0,0,0,0,0,32.0587827861309,0,0,0,0,0,0,0,0,0,0,0,0,0,3.77409237623215,0,0,0,0,0,0
902.076099693775,0,31.4818376898766,1.29673147201538,0,0,251.693129986525,0,0,0,135.24601984024,0,35.1488468050957,0,0.849933743476868,0,481.817856490612,1.85014712810516,19.6336867213249,7.72573238611221,0,0,0,0,0,0,0,0,438.957328736782,0,0,0,0,20.0821245908737,3.01179450750351,7.62288224697113,244.640940457582,22.559024810791,95.4802340269089,0,10.4292015135288,0,4.59506011009216,10.7658135294914,6.73537814617157,4.17563444375992,28.0643551945686,0,76.728537350893,6.77261555194855,1720.66131684184,0,33.7131319344044,0,30.9918396174908,0,4649.13625219464,65.3349260687828,6409.94369229674,39.2550134062767,0,1.73119628429413,2643.15480306745,7.87310421466827,4794.20921230316,2.13846755027771,303.849885344505,337.482492446899,27.1043783128262,30.0730401873589,91.8055271804333,8.08938866853714,412.404732495546,12.4247479438782,75.581343382597,2.7612407207489,909.05050483346,38.7677764296532,65.9754794538021,0,285.722203940153,10.9816345572472,7.21268883347511,0,723.307846516371,1.83036315441132,0,0,239.334660023451,0,0,0,0,0,39.5476377904415,0,21.7850488424301,0,0,0,0,0,0,0,3.68789240717888,0,6.04967522621155,0,1.61027848720551,0.644844651222229,0,0,0,0,0,0
0,768.358437091112,0,63.5252658724785,0,0,0,267.563358515501,0,0,0,546.335219651461,0,316.112300366163,0,1.93481922149658,0,451.488387972116,0,17.3566478490829,0,0,0,0,0,0,0,0,0,54.9923353493214,0,0,0.76185816526413,3.49698978662491,1.62133932113647,0,0,2.0026969909668,0,0.84998881816864,0,0,0,0,0,0,0,0.608435273170471,0,8.59469902515411,0,35.1495339870453,0,0,0,0,0,2345.34488254786,0,2231.240539819,1.73119628429413,0,0,4290.32145765424,0,2470.78941291571,2.34631586074829,48.0436490476131,0,12.1723383665085,3.81827169656754,50.5681349933147,0,188.774048835039,0,11.7724876403809,4.14889466762543,45.3769173622131,0,3.72254234552383,0,88.8235933482647,0,1.23235648870468,0,426.063039928675,0,0,0,135.893143922091,0,0,0,0,0,0.681905448436737,0,0,0,0,0,0,0,0,0,0,0,0,0,0,0,0,0,0,0,0
317.011172145605,0,3.54744482040405,0,0,0,26.3296945393085,0,1.78743731975555,0,257.340612888336,0,105.993917018175,0,2.45613372325897,0,1553.80461728573,0,2.87939810752869,0,0,0,0,0,0,0,0.902997136116028,0,705.661221504211,0,0,0,0,2.15108925104141,0,0,114.712413281202,1.03992235660553,35.4064718484879,0,0.577314972877502,0,0,0,0,0,1.88201183080673,0,0,0,34.2291845679283,0,4.13761854171753,0,0.946069270372391,0,2135.24613264203,0,132.905994832516,0,2643.15480306745,0,0,0,430.796194911003,0,6.30792245268822,2.48647665977478,15.773978292942,2.89983892440796,12.5742443203926,0,310.809248656034,0,52.0135253369808,0,237.960641354322,2.90863817930222,121.611961036921,0,1987.30713176727,0,23.545891970396,0,2373.86832734942,0,6.38553869724274,0,337.658013820648,0,0,0,0,0,11.5512832403183,0,10.0162606835365,0,0,0,0,0,0,0,0,0,0,0,0,0,0,0,0,0,0,0
0,351.807539314032,0,67.0918987095356,0,2.1070197224617,0,186.888480633497,0,5.68967288732529,0,646.203800857067,0,385.29788300395,0,18.6428075730801,0,2176.21131685376,0.831093311309814,55.0521123111248,0,0,0,3.69579213857651,0,0,0,0,0,634.605577141047,0,5.387191593647,6.58743965625763,17.8476355075836,0,0,0,21.2570680975914,0,19.2211751937866,0,0,0,0,0,3.03626477718353,0,7.59922674298286,0,8.41119930148125,0,32.3667651712894,0,0,0,0,2.02139204740524,3259.58651617169,1.75077474117279,698.87804839015,7.87310421466827,4290.32145765424,0,0,0,1520.8898242414,19.3360787630081,207.654905825853,4.96020287275314,140.784554332495,11.0905609130859,94.148324906826,0,1036.68822544813,0,81.8851602673531,7.02171492576599,266.766073971987,0,149.29399445653,0,2225.24195244908,0,29.7360847294331,0,413.06599226594,0,1.62046962976456,0,56.8932758271694,0,0,0,0,0,13.7609547376633,0,0,0,0,0,0,0,0,0,0,0,0,0,0.921906769275665,0,0,0,0,0,0
512.460195034742,0,7.30375695228577,0,0,0,253.31684872508,0,0,0,6.85241341590881,0,6.43345582485199,0,0,0,15.4767980277538,0,7.48022526502609,0,0,0,0,0,0,0,0,0,155.078094094992,0,0,0,1.13130629062653,0,0,1.2516610622406,162.480651676655,1.11155152320862,39.8685973286629,0,5.59275344014168,0,3.94223499298096,0,1.57831466197968,0,21.9926315248013,0,7.42316621541977,0,1321.4946320653,0,72.6022974848747,0,47.9616185426712,0,347.946912705898,0,1121.91040089726,0,4794.20921230316,0,430.796194911003,0,0,0,21.5876294374466,11.4769795536995,1.12128055095673,3.77249151468277,22.9237192571163,2.11096280813217,281.899188697338,0,38.3018636703491,0,300.110135555267,1.78003466129303,9.07612237334251,0,360.995985925198,0,35.7303981184959,0,3870.48096749187,0,2.87799626588821,0,720.507297456264,0,0,0,0,0,12.5491558909416,0,14.2313959002495,0,0,0,0,0,0,0,0,0,0,0,1.05984389781952,1.74282515048981,0,0,0,0,0,0
0,929.830419957638,0,106.956595122814,0,2.16155225038528,0,745.402643084526,0,0,0,243.235357552767,0,160.969879359007,0,2.04608082771301,0,55.0961319506168,1.27216863632202,31.787473231554,0,0,0,2.04500585794449,0,0,0,0,0,54.8980892598629,0,0,0,5.9426212310791,0.608993053436279,0,2.05830502510071,77.5979679822922,0,8.56126481294632,0,7.83284503221512,0,0,1.37974727153778,2.12002271413803,0,11.3133996129036,0,175.178913205862,0,1514.72976917028,0,0,0,1.99541938304901,1.26428544521332,526.834979206324,2.97312390804291,1343.08369147778,2.13846755027771,2470.78941291571,0,1520.8898242414,0,0,8.2743581533432,92.9484185278416,0,0.604732692241669,2.5696422457695,76.1228576600552,0,344.540466099977,0,59.5845948755741,0,183.838378548622,0,9.4024760723114,0,657.469008892775,0,46.5373875796795,0,2938.15826502442,0,4.66266310214996,0,689.240521818399,0,0,0,0,0,8.51569312810898,0,0,0,0,0,0,0,0,0,0,0,0,0,0,0,0,0,0,0,0
143.279803544283,30.1678446531296,339.291403800249,7.39709293842316,0.730699181556702,0,14.9127310812473,0,0,0,16.1505762934685,0,3.53402268886566,0,5.55195015668869,0,10.5019403100014,4.87206321954727,1785.36212468147,189.127138733864,3.43413546681404,0,264.831511825323,0,0,0,1.0852415561676,0,117.32358905673,5.09639573097229,769.406670928001,8.01445108652115,4746.7822817564,1232.1009426713,2662.4797988832,519.071909576654,425.361441493034,291.28140437603,526.723892837763,99.9765565395355,24.5620300769806,0,2481.80401337147,632.308850258589,2606.01187795401,679.688685655594,1905.29164999723,79.6017952561378,1110.88227593899,234.826578319073,943.795022279024,39.0110276341438,52.8277482390404,6.44239747524261,133.881443887949,32.8011325895786,1312.96001809835,343.615714371204,3549.80739364028,280.355241030455,303.849885344505,2.34631586074829,6.30792245268822,19.3360787630081,21.5876294374466,8.2743581533432,0,5368.91843047738,2720.52388638258,752.706574708223,166.90471303463,160.199982583523,228.793137162924,11.9252563118935,53.4844102859497,6.47188258171082,1456.611589849,293.056698381901,2.46568220853806,1.75392937660217,33.0819771289825,17.0413328409195,18.6915127933025,0,46.2637296617031,21.9965888559818,11.6055021286011,0,48.3974202573299,0.811699211597443,0,0,0,0,37.5513789951801,1.10370254516602,118.821994811296,5.33949595689774,5.95789706707001,0,0,0,0,0,0,0,0,0,3.46149426698685,4.76671826839447,0,0,0,0,0,0
0,80.0121013522148,0,172.409635782242,0,0.493754029273987,0.524800777435303,26.8650813102722,0,0,0,7.26981171965599,0,0,0,1.86602479219437,0,12.8651276826859,10.8766973614693,799.336309731007,0,0,0,74.0379723310471,0,0,0,0,1.05512750148773,52.9844560027122,3.39042690396309,522.810614705086,207.656808495522,5172.88972169161,508.367551147938,2103.25331389904,228.391267597675,671.662897080183,53.3813695907593,906.368203490973,1.08739483356476,35.9584694206715,808.991246730089,2592.68208822608,669.060569226742,3697.85983192921,217.650510489941,1365.75129687786,549.288283407688,1137.98292094469,382.54233700037,688.43699079752,15.956962376833,57.5422801077366,6.75180500745773,248.45750066638,84.8045449256897,684.325330018997,1064.71264910698,2578.9251395762,337.482492446899,48.0436490476131,2.48647665977478,207.654905825853,11.4769795536995,92.9484185278416,5368.91843047738,0,41.7703152298927,663.768002748489,84.4995746612549,71.9080656170845,19.0827750563622,443.55681464076,0.986037194728851,119.266477763653,416.100078940392,1063.59147980809,0,25.8981858491898,0.558807551860809,489.295190393925,0,45.5613740682602,1.72331708669662,305.196114331484,1.49884814023972,30.0907863378525,4.13392388820648,217.913520544767,0,0,0,0,0,23.9548231959343,4.88401079177856,62.9206230342388,0,1.40832901000977,0,0,0,0,0,0.426718533039093,0,0,0,5.23878568410873,0,0,0,0,0,0
1263.28780287504,244.819585204124,141.707953453064,115.888720810413,0,0,30.6481331586838,4.85171842575073,0,0,30.4546893835068,0,24.3647891581059,0,0.690892100334167,0,28.2363643050194,0.619941473007202,2073.93175363541,1246.40951165557,0,0,13.1847964823246,2.39755910634995,0,0,0,0,124.834220230579,3.82505422830582,20.6327328979969,1.777623295784,480.85930916667,805.310454815626,0.800504386425018,0,203.185345679522,0,111.400542140007,0,0.855845272541046,0,0,0,0,0,0.76750910282135,1.19918775558472,0,0,6.8241511285305,0,0,0,0,0,1506.24513795972,23.2907410860062,329.383416086435,1.53071355819702,27.1043783128262,0,15.773978292942,4.96020287275314,1.12128055095673,0,2720.52388638258,41.7703152298927,0,438.071182847023,416.677712321281,153.966325193644,592.66264256835,10.9324021935463,330.003372758627,4.74835640192032,3677.55058354139,127.915360748768,0,0,0.798904120922089,0,1.95096796751022,0,2.46849980950356,4.30613857507706,0,0,0.573707461357117,0,0,0,0,0,88.3378210663795,0,15.7952020466328,0,0,0,0,0,0,0,0,0,0,0,8.14147686958313,3.34369134902954,0,0,0,0,0,0
7.57467275857925,1495.03665021062,0,277.63962751627,0,0,0,7.06731387972832,0,0,0,4.90976074337959,0,2.34068465232849,0,0,0,28.7739405632019,35.1735180616379,2255.90535143018,0,0,0,12.3765308260918,0,0,0,0,0,25.5197704136372,2.32269501686096,31.173206359148,273.393257915974,1455.16347706318,2.29786098003387,0.95458710193634,0.871037542819977,44.8225191831589,0,81.3945156335831,0,0,0,0,0.52858293056488,0.779183447360992,5.46927738189697,20.9879360795021,0,1.3881322145462,0,0.799309015274048,0,0,0,0,60.2677775025368,2368.59625902772,32.850081384182,67.993897497654,30.0730401873589,12.1723383665085,2.89983892440796,140.784554332495,3.77249151468277,0.604732692241669,752.706574708223,663.768002748489,438.071182847023,0,135.436721503735,254.637137413025,1.59336042404175,368.97798538208,0,108.211804956198,108.588420033455,1508.64592853189,0,1.65392035245895,0,37.867755651474,0,0,1.26367557048798,9.07085680961609,0,0,0,9.1244705915451,0,0,0,0,0,18.8724750578403,0,0,0,0,0,0,0,0,0,0,0,0,1.82489085197449,6.8204066157341,0,0,0,0,0,0
797.429445773363,109.453024029732,1248.7404833138,216.986355125904,1083.43207392097,132.639785081148,1711.34413176775,211.563988119364,1119.10533893108,55.5322736799717,104.699322342873,16.7949511110783,638.630603313446,23.293439745903,836.249534457922,14.7205858826637,18.3345751464367,0.548546195030212,933.440375804901,389.327002316713,728.678182065487,188.675143331289,1591.46926411986,563.15498700738,628.997196644545,282.585359334946,905.922657012939,420.068481385708,413.261916279793,1.37508320808411,852.303883254528,305.950872987509,116.898802816868,153.310065805912,9.50132393836975,3.25329720973969,248.697183579206,27.6640248298645,31.0481126010418,1.43267786502838,254.462582439184,49.6055632829666,4.49477905035019,0,1.63258519768715,0,19.6925431191921,1.36343324184418,4.28946375846863,0,59.9084556400776,0,7.25656461715698,0,12.7786524295807,0.968852281570435,222.47817671299,92.2175378203392,85.4747210741043,11.6572945713997,91.8055271804333,3.81827169656754,12.5742443203926,11.0905609130859,22.9237192571163,2.5696422457695,166.90471303463,84.4995746612549,416.677712321281,135.436721503735,0,296.160072654486,4980.52727454901,90.6346770226955,3550.00698292255,60.5395683348179,4765.95890513062,172.002985417843,0,1.16992485523224,6.59339416027069,10.035743534565,24.5698160231113,5.27030748128891,39.2363374233246,4.12319248914719,44.3924095332623,12.5094455480576,48.8774904310703,9.23860061168671,11.5963547825813,6.18004763126373,3.52582439780235,1.88634470105171,120.817377865314,8.60058629512787,20.9788603186607,4.92684611678123,13.6835610866547,4.95195949077606,6.67422771453857,0.81107896566391,25.0021511912346,6.2205650806427,62.0133469104767,31.7170015573502,15.7930086255074,8.1476566195488,74.8839348852634,20.012995839119,4.16384372115135,0.709187924861908,1.88306438922882,2.60831290483475,1.26076710224152,14.1167040765285
126.777110129595,1383.74987119436,267.127456128597,1752.54480749369,64.9416167140007,1451.60008791089,392.492630153894,3235.80079895258,36.1640258431435,1451.19741636515,25.2575914263725,398.787590622902,78.6332270801067,917.394471496344,15.7737146615982,676.582015275955,0,79.2255110144615,481.58978921175,1041.13435795903,38.0722808241844,355.248056560755,657.905640035868,1467.4126495719,56.272076189518,590.887173235416,86.365795314312,1085.24132373929,69.0629996955395,53.4859901070595,145.767929047346,392.778273463249,102.032797843218,266.014428585768,0,0,29.8510594367981,290.613167762756,5.29088258743286,47.7614396810532,27.0778597593307,232.828042089939,0,4.10498261451721,0,4.61703413724899,0.908575356006622,21.9501956999302,0,2.2551794052124,0.640991508960724,21.3409565091133,0,0,2.37213104963303,20.7701043784618,43.5520747900009,289.607453644276,18.0964869260788,74.8507880568504,8.08938866853714,50.5681349933147,0,94.148324906826,2.11096280813217,76.1228576600552,160.199982583523,71.9080656170845,153.966325193644,254.637137413025,296.160072654486,0,150.660784453154,3855.1316113472,60.544521510601,3729.15652477741,174.065463453531,8237.37098559737,0,7.01707971096039,0,66.4775439500809,4.85520774126053,23.0798496603966,1.27894532680511,112.741445213556,7.95276933908463,39.2826987504959,9.96463644504547,75.765442609787,3.25500220060349,23.935750067234,1.35969233512878,22.3502190113068,25.2990782558918,96.4094275832176,12.6660212278366,8.58808887004852,2.99503502249718,12.0445639789104,4.5422001183033,9.01820266246796,6.25271743535995,21.3940213620663,12.2274968028069,87.4150430858135,12.1753795742989,15.7537079751492,85.0374511778355,37.8984622657299,7.39119571447372,0,5.60447019338608,6.84123647212982,1.7460994720459,28.8833324015141
1989.37563702464,48.8640761375427,1703.736353755,156.752063900232,1095.22610291839,11.0784986019135,1084.60192203522,214.643812865019,1487.90444865823,5.81514179706573,171.566685318947,13.3953878283501,631.953377187252,11.1154087781906,1856.44714525342,0.951505184173584,272.810371220112,2.77510404586792,1397.99820590019,433.04773208499,69.2265080213547,5.33900666236877,1085.67570090294,276.89223536849,211.275686085224,28.0190469622612,336.117026120424,16.4956855773926,1383.08832895756,1.05857574939728,83.257838755846,149.825887590647,44.5642862915993,196.226089328527,7.47560912370682,14.5511850714684,399.05952718854,29.2416443228722,79.7013657093048,6.25500845909119,450.70057079196,59.3174104690552,280.195584595203,1.17349171638489,43.0276540517807,0,390.103764504194,1.05622017383575,123.320346057415,0,617.433062672615,0,110.349141001701,0,49.706485658884,3.82497626543045,1962.83613583446,0,659.745906829834,0,412.404732495546,0,310.809248656034,0,281.899188697338,0,228.793137162924,19.0827750563622,592.66264256835,1.59336042404175,4980.52727454901,150.660784453154,0,91.0652762949467,3021.34611979127,60.1001045703888,1779.75445792079,98.0788389742374,57.4146502017975,0,292.526338845491,0,141.898208230734,9.92043715715408,200.816936522722,0,69.7016353607178,14.9365838170052,127.39392760396,11.923824429512,33.3131170272827,2.73493587970734,2.24681884050369,0.932319819927216,74.2480927407742,12.1310302019119,31.3508718907833,3.39333838224411,25.8631859123707,3.49559324979782,5.65006709098816,1.15243911743164,20.9513614475727,2.93876054883003,40.0313130915165,16.5207152068615,9.50351005792618,1.53912377357483,22.9347307682037,7.3417159318924,4.1751035451889,0.844939947128296,0,1.15708029270172,0.555112838745117,7.55739003419876
53.1246316432953,2734.20261153579,104.699037075043,1937.41489118338,8.5809571146965,1590.49579745531,200.604550480843,1694.98841884732,12.2105437517166,1922.35788446665,12.6354141235352,965.398938775063,37.2796948254108,1296.49071344733,1.84260785579681,2879.08647212386,0.696550488471985,1754.60184550285,329.884285032749,1196.77414992452,7.09996801614761,115.502410709858,341.846709221601,1220.15061837435,2.37996315956116,162.10037407279,10.053283572197,455.059996455908,32.8188365101814,3569.12179774046,79.6911781132221,147.100927233696,50.2603359222412,192.705450296402,10.5557953119278,7.97517985105515,30.1070908904076,406.840872585773,1.76715570688248,60.9429224133492,22.7456210255623,957.085901677608,16.0633327364922,226.009628146887,1.69685173034668,238.390222221613,4.44961404800415,325.577948153019,0,245.993890941143,0,345.479530155659,0,107.716125369072,0,128.949938476086,4.29771274328232,2557.68297284842,7.23459178209305,797.730177640915,12.4247479438782,188.774048835039,0,1036.68822544813,0,344.540466099977,11.9252563118935,443.55681464076,10.9324021935463,368.97798538208,90.6346770226955,3855.1316113472,91.0652762949467,0,32.7296833992004,2320.86375468969,42.0346551835537,1264.30730509758,0,339.487064927816,0,929.099953383207,1.46929013729095,811.89606025815,0.563061416149139,528.907687783241,7.84416544437408,184.439500153065,4.24192994832993,184.554764598608,6.01936060190201,15.8023451268673,0.529063165187836,8.13107308745384,6.2837233543396,33.3115428984165,6.26170670986176,5.48681020736694,3.30385148525238,22.8531981408596,3.34863805770874,3.20553916692734,3.10916078090668,12.2569784522057,3.76469469070435,25.4830392301083,11.3994715809822,3.14852488040924,11.2441613674164,13.4014111161232,1.95977491140366,1.243736743927,2.68054884672165,1.36122810840607,0,0.733025670051575
735.137762695551,12.4672734737396,573.894449204206,47.2391941249371,82.8021964132786,0.573821365833282,303.946151673794,63.0114005804062,194.375264197588,0,27.1931226849556,5.72080212831497,137.269507527351,0,200.164056807756,0,20.6043409109116,0,563.618191689253,149.192780137062,26.9083406925201,2.13774257898331,349.419654458761,41.2025140523911,23.8468111455441,2.43817913532257,27.4668047428131,1.11502623558044,122.19920450449,0.826842844486237,18.2478178143501,33.6898586153984,14.2936694025993,77.0841234326363,2.79605275392532,0.528516292572021,1140.86368906498,33.0364626049995,122.887038648129,13.123535990715,354.440443724394,46.1803435087204,18.6559471189976,1.02192449569702,2.19597804546356,1.58039331436157,26.3155243098736,0,13.6357715129852,0,59.3825080394745,0,1.13196706771851,0,18.0795234143734,1.19740176200867,418.815576285124,0,126.577143728733,0,75.581343382597,0,52.0135253369808,0,38.3018636703491,0,53.4844102859497,0.986037194728851,330.003372758627,0,3550.00698292255,60.544521510601,3021.34611979127,32.7296833992004,0,78.9513808190823,1631.61146193743,81.0730710625648,0.604700863361359,0,14.7098367214203,0,25.369861215353,5.31947720050812,23.919640481472,0,60.8155482411385,7.25354647636414,38.5660848617554,9.27313148975372,118.281258076429,176.514808684587,58.406505972147,56.8608456552029,273.537503600121,61.7377908825874,98.3197172284126,20.0128246545792,83.6001974642277,90.0982829034328,65.9809268712997,31.3629835247993,106.228593796492,97.3914828598499,123.094131797552,84.429012209177,56.7125205099583,42.0330710411072,77.447274774313,28.8755709528923,11.4701432883739,1.70657616853714,5.70246836543083,10.5854322910309,0.595051109790802,16.5053162574768
14.8477595448494,618.15772652626,21.9755151867867,477.208138078451,1.54377400875092,146.820884913206,62.2138428688049,576.939450472593,0,392.103008300066,1.18511700630188,68.4204587936401,2.57499086856842,192.246119350195,0,183.302462130785,0,60.1565916836262,85.9880430102348,354.189170241356,10.652562558651,0.344856798648834,77.7434677779675,389.15635702014,0,47.0585431456566,3.44945275783539,54.4804712533951,9.39985373616219,18.7902160286903,19.020740032196,50.4782548546791,16.0824243426323,54.6887263655663,1.57394671440125,4.87454527616501,67.6609373986721,673.276530504227,27.525497674942,43.6980700790882,42.1488825082779,256.966823875904,1.28852552175522,24.9274944365025,0.485533803701401,45.6195458769798,1.09984147548676,68.5717390179634,0,46.7944558560848,0,58.6962774693966,0,10.3007101118565,4.2552564740181,14.5525997281075,1.49740600585938,369.394236207008,1.01469588279724,205.03274974227,2.7612407207489,11.7724876403809,0,81.8851602673531,0,59.5845948755741,6.47188258171082,119.266477763653,4.74835640192032,108.211804956198,60.5395683348179,3729.15652477741,60.1001045703888,2320.86375468969,78.9513808190823,0,33.3279071748257,1358.40643236041,0,6.58998465538025,0,58.1083491146564,10.1488558650017,19.5687873363495,0.849606812000275,45.554809898138,29.8984722495079,27.7117189764977,23.7166993618011,33.9455309808254,115.342643082142,107.42956161499,37.6353146135807,67.9895176291466,25.0893397927284,104.848289847374,80.0530219972134,19.5861487984657,50.7513036131859,71.3509803712368,43.6963852643967,22.1479190587997,107.256204038858,85.4173099696636,21.9929804205894,96.8932234942913,31.82542309165,15.5969307422638,42.2920196056366,26.053599178791,14.1198107004166,0.97548246383667,10.5881364047527,4.98035451769829,2.45369303226471,20.381575524807
3236.48645335436,64.505114376545,1643.34543651342,87.297648370266,104.035416305065,0,1048.77960261703,49.1463229060173,370.062104046345,0,69.2953558862209,0.752699553966522,373.915663033724,0,291.671679764986,0,64.9027948975563,2.19588470458984,2352.81577140093,559.460374057293,11.4070336222649,0,686.280630230904,38.8059967756271,34.0497565567493,0,11.9201236069202,1.42484545707703,425.791810572147,1.98900890350342,46.1706492900848,72.8619240522385,58.470760345459,269.258501768112,118.509529083967,53.0804949402809,3419.21586284041,82.2882258892059,211.402032077312,0,258.556652963161,6.60211175680161,221.041669398546,8.47324526309967,57.0832090973854,7.95538359880447,421.848818033934,13.7150990962982,176.757875561714,10.7097676992416,871.308794379234,3.19867300987244,89.0127514302731,0,74.0769738554955,0,2328.3726580441,91.0226148366928,1640.94657549262,64.1496614813805,909.05050483346,4.14889466762543,237.960641354322,7.02171492576599,300.110135555267,0,1456.611589849,416.100078940392,3677.55058354139,108.588420033455,4765.95890513062,174.065463453531,1779.75445792079,42.0346551835537,1631.61146193743,33.3279071748257,0,383.434910446405,6.34935662150383,0.837906777858734,94.3924526572227,4.97853934764862,80.9153310954571,0,195.601500749588,4.85393285751343,166.05057772994,0.649256825447083,183.572185844183,2.61138772964478,162.602610945702,33.1451453566551,198.233404487371,53.7054437100887,820.103554844856,56.1466529667377,343.480012476444,7.17395126819611,64.939431220293,18.4373284876347,144.036913126707,19.3930888473988,218.972119063139,59.8096819221973,459.083367586136,161.593554109335,112.735154747963,35.7066427469254,406.913608938456,548.542312085629,49.116181999445,3.73020055890083,17.5857315063477,28.2921564877033,14.0787946581841,98.3962983489037
127.206167280674,4860.25464361906,76.0536314845085,2173.32195088267,0,148.192824244499,120.355832636356,1833.69637718797,0,376.817338585854,6.76038086414337,273.712938189507,25.2545969486237,359.510688751936,0,179.179882824421,0,198.265636742115,795.239277839661,2538.66115775704,2.24573159217834,7.1223960518837,91.817092448473,674.135284036398,0,29.91576603055,0.97763454914093,35.709131360054,45.3619621396065,75.6905027627945,94.2782443165779,134.789401769638,143.655439913273,305.237636566162,11.4940755963326,46.4125118255615,46.9570161104202,4019.80548885465,32.4731525480747,286.979818761349,4.25833004713058,160.481184631586,18.2014365196228,211.091742157936,5.18597108125687,282.170699328184,16.1269479990005,847.051905989647,0,213.921555936337,1.71416735649109,288.914546102285,0,79.9056318998337,0,129.989825725555,49.3936839699745,2459.0785458684,54.4991039037704,1074.19915139675,38.7677764296532,45.3769173622131,2.90863817930222,266.766073971987,1.78003466129303,183.838378548622,293.056698381901,1063.59147980809,127.915360748768,1508.64592853189,172.002985417843,8237.37098559737,98.0788389742374,1264.30730509758,81.0730710625648,1358.40643236041,383.434910446405,0,0,10.4400331377983,0.92598283290863,185.754865318537,0,81.4575375318527,1.04648017883301,250.301171094179,0,125.176685124636,1.09101378917694,225.806803911924,90.4316883385181,170.251003265381,46.3928050100803,363.562026232481,105.933120578527,475.632566004992,81.4205976128578,36.9242728352547,53.878576695919,72.135139465332,45.4587768912315,49.3810601234436,78.0039980113506,232.513514637947,80.6027387082577,424.068295955658,35.9492434859276,48.6417274773121,354.792319893837,869.068670332432,41.308270663023,5.50590932369232,38.6174428462982,54.3091695010662,16.4954890310764,84.1172912418842
7.6649317741394,0,0,0,0,0,0,0,0.530626177787781,0,18.9463077485561,0,9.8620086312294,0,0,0,550.59551346302,0,0,0,0,0,0,0,0,0,0,0,507.689143180847,0,0,0,0.68984466791153,0,0,0,3.93413293361664,0,0,0,0,0,0.83218115568161,0,0,0,0,0,1.79830545186996,0,8.87371528148651,0,0,0,0,0,216.76916795969,0,55.6019266247749,0,65.9754794538021,0,121.611961036921,0,9.07612237334251,0,2.46568220853806,0,0,0,0,0,57.4146502017975,0,0.604700863361359,0,6.34935662150383,0,0,0,1055.63695400953,0,8.512679874897,0,39.829448223114,0,0,0,1.94414258003235,0,0,0,0,0,2.13876187801361,0,0,0,0,0,0,0,0,0,0,0,0,0,0,0.66351717710495,0,0,0,0,0,0
0,3.14273583889008,0,1.50430607795715,0,0,0,1.74319541454315,0,0,0,0.694193959236145,0,0,0,0,0,389.802876681089,0,0.620489835739136,0,0,0,0.560026049613953,0,0,0,0,0,588.977282315493,0,0,0,0,0,2.5476496219635,0,2.61444365978241,0,0,0,0.872983276844025,0,0,0,1.15926325321198,0,1.44733870029449,0,1.13921213150024,0,6.8801726102829,0,0,0,0,0,52.0753912627697,0,55.6617212295532,0,3.72254234552383,0,149.29399445653,0,9.4024760723114,1.75392937660217,25.8981858491898,0,1.65392035245895,1.16992485523224,7.01707971096039,0,339.487064927816,0,6.58998465538025,0.837906777858734,10.4400331377983,0,0,0,1790.13610285521,0,79.7108625769615,0,20.2282127737999,0,0,0,0.95717453956604,0,0,0,0,0,0,0,0,0,0,0,0,0,0,0,0,0,0,0,0,0,0,0,0,0,0
148.630294322968,0,1.69843924045563,0,0,0,11.5277440547943,0,4.51495981216431,0,431.276514470577,0,169.442582756281,0,14.0868345499039,0,1689.44310030341,0,0,0,0.680983245372772,0,0,0,0.829399466514587,0,1.49069809913635,0,1242.84372785687,0,0,0,0,0,1.83500349521637,0.953972935676575,59.6175253391266,0,17.482653260231,0,8.95105504989624,1.36481845378876,69.1245297789574,0,4.08908498287201,0,140.456001788378,0,33.4348119497299,0,428.379670709372,0,41.5370827317238,0,12.990424990654,0,129.1811837852,0,276.556178897619,0,285.722203940153,0,1987.30713176727,0,360.995985925198,0,33.0819771289825,0.558807551860809,0.798904120922089,0,6.59339416027069,0,292.526338845491,0,14.7098367214203,0,94.3924526572227,0.92598283290863,1055.63695400953,0,0,0,1198.43654999137,0,5494.40374612808,0,38.6324674785137,0,137.766774892807,0,1.05073213577271,0,0,0,3.14321440458298,0,1.6212066411972,0,1.1648930311203,0,0,0,0,0,0.904508054256439,0,0,0,0,0.6789630651474,0,0,0,0,0,0
0,23.0517773330212,0,10.135024189949,0,7.03364238142967,0,33.5427779555321,0,1.48376494646072,0,91.4152036309242,0,43.2832958102226,0,10.9506859779358,0,570.379335731268,0,10.8395637869835,0,0,0,0,0,0,0,1.23702192306519,0,614.46898457408,0,0,1.0400698184967,11.2129037976265,2.97330147027969,4.51370489597321,0,121.146081209183,0,17.656508564949,0,31.3381033539772,4.13550758361816,63.8071159720421,0,74.0343101322651,0,87.4805826544762,0,127.816779017448,0,257.950731754303,0,26.1166097521782,0,41.3250027894974,2.20858818292618,280.516299366951,1.10341453552246,633.931733906269,10.9816345572472,88.8235933482647,0,2225.24195244908,0,657.469008892775,17.0413328409195,489.295190393925,0,37.867755651474,10.035743534565,66.4775439500809,0,929.099953383207,0,58.1083491146564,4.97853934764862,185.754865318537,0,1790.13610285521,0,0,0,2854.09417906404,0,4028.02531653643,0,164.745214760303,0,308.650373011827,0,0,0,0,0,10.1511082649231,0,0.512681603431702,0,4.68313056230545,0,0,0,0,0,0,0,0,0,0,0,0,0,0,0,0
13.6898084878922,0,13.6244443655014,1.15305578708649,77.7325755357742,0.814280569553375,3.59212183952332,1.34180629253387,40.115048289299,0,47.7637736797333,1.37788105010986,34.5090430378914,0,77.99425598979,0,20.4290158748627,0,30.5727690458298,2.69637733697891,20.1660262346268,2.53832256793976,7.11227405071259,0,7.21291327476501,0,38.9517450034618,2.29577481746674,1376.68003889918,0,3.1758446097374,1.90878742933273,0,5.2061014175415,0,0,574.184563696384,1.09582531452179,312.435320854187,0,1116.0862108171,14.8773920536041,27.1740909218788,0,1.21406483650208,0,212.220904529095,0,0.699340581893921,0,100.06762778759,0,28.3703008294106,0,179.250730037689,0,7.33059698343277,0,2.96451392769814,0,7.21268883347511,0,23.545891970396,0,35.7303981184959,0,18.6915127933025,0,1.95096796751022,0,24.5698160231113,4.85520774126053,141.898208230734,1.46929013729095,25.369861215353,10.1488558650017,80.9153310954571,0,8.512679874897,0,1198.43654999137,0,0,0,959.734329342842,0,810.910706818104,0,140.046926945448,0,0,0,0,0,3.17769742012024,0,0.497429847717285,0,3.91824543476105,0,0,0,0,0,0,0,0,0,0,0,0,0,0,0,0,0
0,0,0,0,0,163.48111230135,0,0,0,23.8245153129101,0,0,0,0,0,58.9524649977684,0,17.4869118630886,0,0,2.70926451683044,15.3973663747311,0,0.773693978786469,0,2.41400623321533,0,29.8025789558887,0,800.248882561922,0,0,0,0,0,0.526141703128815,0.805536866188049,510.430461078882,0,336.061608076096,6.13111186027527,2147.77686715126,1.05381286144257,59.6675553619862,0,2.8914332985878,0.532806873321533,66.978846848011,0,17.6361752152443,0,71.1418376266956,0,1.49508342146873,0,169.270501643419,0,5.19032764434814,0,45.9689021408558,0,1.23235648870468,0,29.7360847294331,0,46.5373875796795,0,45.5613740682602,0,0,5.27030748128891,23.0798496603966,9.92043715715408,811.89606025815,5.31947720050812,19.5687873363495,0,81.4575375318527,0,79.7108625769615,0,2854.09417906404,0,0,0,696.335073530674,0,1285.10553845763,0,262.771104097366,0,0,0,0,0,0,0,1.44101548194885,0,0,0,0,0,0,0,0,0,0,0,2.10547828674316,0,0,0,0,0,0
1563.37131235003,0,9.29592537879944,0,10.7494597434998,0,654.782309085131,0,7.3239289522171,0,500.046960175037,0,202.413359761238,0,22.8817090690136,0,290.529399812222,0,2.72591495513916,0,10.7492372393608,0,0,0,0,0,8.62817084789276,0,386.871220141649,0,0.6726895570755,0,0,2.78672277927399,2.32786381244659,1.57926249504089,202.07764929533,1.27117133140564,62.2974623143673,0,50.9917831420898,1.65043163299561,108.250324606895,2.31939828395844,12.8268154859543,0,467.05090123415,0,72.2201953232288,0,3797.83864080906,0,432.198373913765,0,285.292538881302,0,724.87371045351,0,184.623721182346,0,723.307846516371,0,2373.86832734942,0,3870.48096749187,0,46.2637296617031,1.72331708669662,2.46849980950356,1.26367557048798,39.2363374233246,1.27894532680511,200.816936522722,0.563061416149139,23.919640481472,0.849606812000275,195.601500749588,1.04648017883301,39.829448223114,0,5494.40374612808,0,959.734329342842,0,0,0,642.645420849323,0,6013.58517098427,0,3.99476039409637,0,0,0,2.78992927074432,0,1.60438632965088,0,7.21189618110657,0,0,0,0,0,0,0,0,0,0,0,0,0,0,0,0,0
0,372.862786382437,0,33.5516189336777,0,16.8915573954582,0,589.248831838369,0,3.99667376279831,0,121.758227437735,0,23.1760892868042,0,11.69435942173,0,29.6029526889324,0,14.9391388595104,0,0.498952925205231,0,0.884892880916595,0,0,0,1.27439707517624,0,166.082306623459,1.65857565402985,0,0,12.4864344596863,1.79914420843124,12.1502338051796,0,329.515764027834,0,52.0297420918941,2.09623044729233,205.578822731972,15.5188888907433,241.489357769489,0,166.310560643673,0.622983455657959,256.183842778206,0,386.551391392946,0,3945.08175036311,0,288.541426062584,0,354.148180127144,2.7218474149704,201.30699685216,2.18310046195984,497.687162190676,1.83036315441132,426.063039928675,0,413.06599226594,0,2938.15826502442,21.9965888559818,305.196114331484,4.30613857507706,9.07085680961609,4.12319248914719,112.741445213556,0,528.907687783241,0,45.554809898138,4.85393285751343,250.301171094179,0,20.2282127737999,0,4028.02531653643,0,696.335073530674,0,0,0,1211.54346853495,0,6563.35744124651,0,0,0,0,0,11.2405800819397,0,3.62523365020752,0,3.56822550296783,0,0,0,0,0,1.62852764129639,0,1.34577298164368,0,0.783954679965973,0,0,0,0,0,0
0,0,0,0,28.9732222855091,0,0,0,9.33234247565269,0,0,0,0,0,30.1939928531647,0,0,0,0,0,15.7273346185684,1.18390679359436,0,0,2.68640452623367,1.2227658033371,20.8262013792992,1.05637750029564,220.582098662853,0,1.28182309865952,0,0,0,2.59521472454071,0,1767.87359297276,4.69179975986481,344.925726801157,0,1099.83407407999,34.1527646780014,6.51459142565727,0,0,0,174.81055778265,0,0.456541687250137,0,26.5086776912212,0,24.0328759849072,0,908.44324991107,0,0,0,0,0,0,0,6.38553869724274,0,2.87799626588821,0,11.6055021286011,1.49884814023972,0,0,44.3924095332623,7.95276933908463,69.7016353607178,7.84416544437408,60.8155482411385,29.8984722495079,166.05057772994,0,0,0,38.6324674785137,0,810.910706818104,0,642.645420849323,0,0,0,1576.83662882447,0,0,0,0,0,3.51680946350098,0,2.9583974480629,0,0.77945339679718,0,0,0,0,0,0,0,0,0,0,1.19308453798294,0,0,0,0,0,0
0,0,0,0,0,34.9568646252155,0,0,0,12.5560698509216,0,0,0,0.999111711978912,0,22.0137233734131,0,0.774610221385956,0,0,1.49560296535492,2.53386080265045,0,0,0,0,0,7.27760955691338,0,60.1785482168198,0,0,0,0,1.54757905006409,3.24159699678421,6.54859530925751,1034.40168708563,0,555.253446251154,11.9149360656738,1801.07651236653,0,55.6704727113247,0,0,0,81.8853585124016,0,0,0,5.49269464612007,0,5.73949781060219,0,1337.07924303412,0,0.685681164264679,0,0.681183695793152,0,0,0,1.62046962976456,0,4.66266310214996,0,30.0907863378525,0,0,12.5094455480576,39.2826987504959,14.9365838170052,184.439500153065,7.25354647636414,27.7117189764977,0.649256825447083,125.176685124636,0,0,0,164.745214760303,0,1285.10553845763,0,1211.54346853495,0,0,0,2294.12272584438,0,0,0,0,0,2.51527306437492,0,6.24446520209312,0,0,0,0,0,0,0,0,0,0,0,0,0,0,0,0,0,0
601.929097980261,0,0,0,13.7802847921848,0,156.101856291294,0,3.35204750299454,0,75.5624670982361,0,21.8637494444847,0,6.65342533588409,0,34.6570936441422,0,0,0,8.93521684408188,0,0,0,0,0,7.1958481669426,0,106.799393415451,0,1.35568714141846,0,0,0,4.56807577610016,4.66637915372849,1127.27976801991,3.22819763422012,275.581835359335,0,107.209844201803,19.5938623547554,222.32063600421,1.21551895141602,9.46273627877235,0,1193.73034581542,0,50.4624048471451,0,1401.45429897308,0,1433.27331668139,0,3974.90921461582,0,324.122454017401,0,49.7434686422348,0,239.334660023451,0,337.658013820648,0,720.507297456264,0,48.3974202573299,4.13392388820648,0.573707461357117,0,48.8774904310703,9.96463644504547,127.39392760396,4.24192994832993,38.5660848617554,23.7166993618011,183.572185844183,1.09101378917694,1.94414258003235,0,137.766774892807,0,140.046926945448,0,6013.58517098427,0,1576.83662882447,0,0,0,10.420082449913,0,0,0,1.64919179677963,0,0,0,8.9421274960041,0,0,0,0,0,0,0,0,0,1.5269021987915,0,0,0,0,0,0,0
0,160.67664924264,0,4.21331644058228,0,11.9727566838264,0,95.6057769954205,0,3.05523064732552,0,18.8389003276825,0,1.33743447065353,0,9.36283642053604,0,1.46007883548737,0,0,1.33028304576874,1.91398280858994,0,0,0,0,0,0,0,44.2318577170372,0,0,0,3.61390858888626,7.89562991261482,9.12388780713081,3.26522970199585,1064.27946832776,1.29843366146088,221.695979744196,8.10176450014114,385.44873431325,24.0412048697472,283.760671496391,0,302.688839644194,1.0745165348053,638.861904710531,0,559.258194416761,0,2751.69516700506,0,1417.91689941287,0,3239.24445864558,0,79.5686200559139,0,145.438623577356,0,135.893143922091,0,56.8932758271694,0,689.240521818399,0.811699211597443,217.913520544767,0,9.1244705915451,9.23860061168671,75.765442609787,11.923824429512,184.554764598608,9.27313148975372,33.9455309808254,2.61138772964478,225.806803911924,0,0.95717453956604,0,308.650373011827,0,262.771104097366,0,6563.35744124651,0,2294.12272584438,0,0,0,1.0309956073761,0,0,0,1.15215215086937,0,20.2219647169113,0,8.01255244016647,0,0,0,0,0,0,0,0,0,1.42732715606689,0,0,0,0,0,0
0,0,0,0,0,0,0,0,0,0,0,0,0,0,0,0,0,0,0,0,0.809329807758331,0,0,0,0,0,0,0,11.8456592559814,0,0,0,0,0,0,0,74.0090954601765,23.4550290703773,106.572665542364,16.3221943974495,5.54903829097748,0,36.9211916923523,0,5.04006570577621,0,182.580632925034,0.616437077522278,8.84487342834473,0,24.1308303773403,0,19.2370104193687,0,31.0849476456642,0,0,0,0,0,0,0,0,0,0,0,0,0,0,0,11.5963547825813,3.25500220060349,33.3131170272827,6.01936060190201,118.281258076429,115.342643082142,162.602610945702,90.4316883385181,0,0,1.05073213577271,0,0,0,3.99476039409637,0,0,0,10.420082449913,0,0,141.361563831568,1320.0258154273,31.8578948378563,296.66006398201,136.228227883577,2164.25463718176,65.6655465960503,2312.9766048789,168.216252297163,500.964729994535,53.3897831737995,290.067058116198,128.647499442101,375.133140295744,87.3310452997684,341.851361036301,54.2387269437313,22.2705254852772,3.09651336073875,61.0018162429333,9.69276449084282,27.2402314543724,17.5341767966747,3.79009985923767,13.7496142685413
0,0,0,0,0,0,0,0,0,0,0,0,0,0,0,0,0,0,0,0,0,0,0,0,0,0,0,0,0,0,0,0,0,0,0,0,69.5704275965691,51.0159138739109,230.743460178375,72.3721964359283,2.40615963935852,0.677811861038208,0,4.17476952075958,0,0,0.566833436489105,75.825497597456,0,0,0,1.81031835079193,0,38.4103585779667,0,32.0357706844807,0,0,0,0,0,0,0,0,0,0,0,0,0,0,6.18004763126373,23.935750067234,2.73493587970734,15.8023451268673,176.514808684587,107.42956161499,33.1451453566551,170.251003265381,0,0,0,0,0,0,0,0,0,0,0,1.0309956073761,141.361563831568,0,17.1075812578201,1384.06873384118,66.4178201258183,589.841599196196,545.566520899534,556.436278164387,149.892593801022,1933.00027504563,53.0507531166077,235.453105539083,168.430857300758,513.70843103528,48.7898220419884,454.808631002903,115.07832929492,338.490831613541,47.4224778711796,31.5091847479343,94.1515400111675,4.40482312440872,45.9175316095352,4.01136004924774,13.7889096736908,12.9127269089222
0,0,0,0,0,0,0,0,0,0,0,0,0,0,0,0,0,0,0,0,0,0,0,0,0,0,0,0,0,0,0,0,0,0,0,0,37.0787864327431,7.4179829955101,28.6619053483009,13.5576664805412,0,0,0,0,0,0,3.2865372300148,0.89406806230545,0,0,0,0,0,0,0,0,0,0,0,0,0,0,0,0,0,0,0,0,0,0,3.52582439780235,1.35969233512878,2.24681884050369,0.529063165187836,58.406505972147,37.6353146135807,198.233404487371,46.3928050100803,0,0,0,0,0,0,0,0,0,0,0,0,1320.0258154273,17.1075812578201,0,6.50331020355225,425.525118857622,50.830454647541,695.950104564428,23.7311224639416,85.7548635005951,34.2086974680424,1281.65160897374,9.44673836231232,800.822361409664,44.9903999269009,708.886006474495,39.0161528587341,260.640613526106,21.6452897191048,38.7773198187351,18.3173032701015,122.558952182531,4.84579232335091,70.5935619175434,26.5398383438587,9.82077008485794,27.8053522109985
0,0,0,0,0,0,0,0,0,0,0,0,0,0,0,0,0,0,0,0,0,0,0,0,0,0,0,0,0,0,0,0,0,0,0,0,15.539957433939,17.9209746718407,39.165525406599,30.9842993617058,0.469769656658173,4.18026083707809,0,0,0,0,0.461102187633514,11.566616743803,0,0,0,0,0,0,0,0,0,0,0,0,0,0,0,0,0,0,0,0,0,0,1.88634470105171,22.3502190113068,0.932319819927216,8.13107308745384,56.8608456552029,67.9895176291466,53.7054437100887,363.562026232481,0,0,0,0,0,0,0,0,0,0,0,0,31.8578948378563,1384.06873384118,6.50331020355225,0,35.1941380798817,239.828953444958,114.654462635517,330.937163859606,44.0922740101814,188.712150812149,14.2144850492477,785.039331614971,53.9951257109642,924.774086177349,38.4928302764893,1116.99640515447,55.5060172080994,228.503930866718,120.970912307501,104.751728862524,209.560694873333,10.7846514582634,97.5028974413872,31.2072396874428,65.8859956562519,54.1353698074818
98.0479525923729,4.12674790620804,17.9165378212929,3.4717578291893,0,0,6.98460251092911,0.692355334758759,0.572677910327911,0,0,3.03780525922775,2.3128614127636,0,4.4408318400383,0,2.64836198091507,0.67045658826828,22.1424361467361,0,0,0,0.506722748279572,0,0,0,1.27736449241638,0,17.6448729336262,0,1.36231088638306,0,2.39150774478912,0,0,0,135.596593350172,5.13429465889931,23.5655311644077,6.09012377262115,9.64778819680214,0.465902924537659,1.32236474752426,0,0,0,53.4609613120556,7.50296473503113,2.87069809436798,0,31.2416185438633,0,0,0,0.456536769866943,0,169.329449206591,0,87.0016959309578,0,39.5476377904415,0,11.5512832403183,0,12.5491558909416,0,37.5513789951801,0,88.3378210663795,0,120.817377865314,25.2990782558918,74.2480927407742,6.2837233543396,273.537503600121,25.0893397927284,820.103554844856,105.933120578527,2.13876187801361,0,3.14321440458298,0,3.17769742012024,0,2.78992927074432,0,3.51680946350098,0,1.64919179677963,0,296.66006398201,66.4178201258183,425.525118857622,35.1941380798817,0,63.9242204725742,1537.16291925311,18.1770105361938,170.999969571829,44.7217537462711,289.245197147131,9.91254359483719,329.409682154655,53.3621888756752,556.332701802254,124.2590906322,131.456191629171,10.9836240410805,247.193588256836,370.74571916461,258.068525671959,19.3978230953217,82.938286870718,101.085865885019,16.8362481892109,72.5454182326794
1.70847940444946,79.3994944989681,0,18.5277461409569,0,0,0,9.16815987229347,0,1.33248654007912,0,0,0,0.70728075504303,0,0,0,7.23044461011887,0,15.2987644970417,0,0.947837293148041,0,2.95732051134109,0,0.522592723369598,0,2.87221562862396,1.16408979892731,5.29552751779556,0,0.66650915145874,0,3.29680183529854,0,0,19.1827068030834,77.4995857477188,88.8480322957039,35.8687478303909,0,6.08632808923721,0,10.2098099589348,0,2.48330581188202,1.46599876880646,90.8178870379925,0,7.44929909706116,0,9.35742005705833,0,0,0,4.36964064836502,1.2773300409317,65.138016551733,0,32.0587827861309,0,0.681905448436737,0,13.7609547376633,0,8.51569312810898,1.10370254516602,23.9548231959343,0,18.8724750578403,8.60058629512787,96.4094275832176,12.1310302019119,33.3115428984165,61.7377908825874,104.848289847374,56.1466529667377,475.632566004992,0,0,0,10.1511082649231,0,0,0,11.2405800819397,0,2.51527306437492,0,1.15215215086937,136.228227883577,589.841599196196,50.830454647541,239.828953444958,63.9242204725742,0,126.712999910116,735.933022528887,80.0919151008129,491.274893164635,23.785975754261,48.3513138592243,39.5204418003559,188.934391021729,42.1694846749306,266.953120797873,25.6626175642014,79.3803028762341,28.6962772011757,301.612986713648,171.127689480782,9.79133641719818,51.8738684952259,56.5298853218555,8.71642172336578,7.37507003545761
20.223533064127,1.76874911785126,0,0,0,0,1.28905582427979,0,0,0,0,0,0,0,0,0,2.13925957679749,0,3.93983834981918,0,0,0,2.39955627918243,0,0,0,0,0,7.31679439544678,0,18.4498876929283,0,16.1821178197861,6.19055014848709,18.0080197453499,2.65508270263672,152.576020687819,22.5216023921967,342.161183327436,14.907017737627,0.865417718887329,0,57.0829797387123,2.17399257421494,39.0730585753918,0.528955280780792,177.095943510532,7.62835586071014,18.6644995510578,1.30468606948853,10.0412337779999,1.41688001155853,1.83169281482697,0,22.8657212853432,0,48.5487480461597,0,54.2307386696339,0,21.7850488424301,0,10.0162606835365,0,14.2313959002495,0,118.821994811296,4.88401079177856,15.7952020466328,0,20.9788603186607,12.6660212278366,31.3508718907833,6.26170670986176,98.3197172284126,80.0530219972134,343.480012476444,81.4205976128578,0,0,1.6212066411972,0,0.497429847717285,0,1.60438632965088,0,2.9583974480629,0,0,0,2164.25463718176,545.566520899534,695.950104564428,114.654462635517,1537.16291925311,126.712999910116,0,86.8827720880508,2962.87295949459,256.63390314579,531.245063573122,51.0834448933601,590.176604747772,138.631681144238,452.97867706418,80.3378254771233,193.042438834906,32.501971244812,65.389713793993,254.011130332947,1046.14983946085,31.0813303291798,199.912182658911,61.8464998304844,8.05875751376152,33.9678440392017
0,0,0,0,0,0,0,0,0,0,0,0,0,0,0,0,0,0,0,0,0,0,0,0,0,0.732048273086548,0,0,0,0.833596289157867,0,0,0,0.922763913869858,1.59153497219086,5.54842722415924,6.05118030309677,28.332445025444,14.684334218502,112.202053308487,0,7.25415140390396,5.33827564120293,181.741142004728,5.16472288966179,45.2137159705162,1.611292719841,452.448428034782,0,9.72630152106285,0,9.0752118229866,0,9.58987241983414,0,104.061729550362,0,0,0,0,0,0,0,0,0,0,5.33949595689774,62.9206230342388,0,0,4.92684611678123,8.58808887004852,3.39333838224411,5.48681020736694,20.0128246545792,19.5861487984657,7.17395126819611,36.9242728352547,0,0,0,0.512681603431702,0,1.44101548194885,0,3.62523365020752,0,6.24446520209312,0,20.2219647169113,65.6655465960503,556.436278164387,23.7311224639416,330.937163859606,18.1770105361938,735.933022528887,86.8827720880508,0,41.271416336298,1775.5981387794,16.740600168705,37.6873236894608,45.4280695021152,137.368635088205,11.639073908329,162.335830271244,14.0678345859051,147.849604278803,12.4020016491413,42.8778482079506,366.864004433155,91.0808455348015,211.263683885336,50.885802090168,3.06009662151337,3.66631886363029
0,0,0,0,0,0,0,0,0,0,0,0,0,0,0,0,0,0,0,0,0,0,0,0,0,0,0,0,5.57109922170639,0,0,0,0,0,0,1.52568280696869,41.7466766834259,6.7278807759285,64.844876229763,8.12860679626465,5.1923603117466,1.6905345916748,35.9277780056,0,6.15926706790924,0,265.23200070858,0.719868957996368,6.9451470375061,0,19.5117591023445,0,7.13050091266632,0,49.1872781813145,0,0,0,0,0,0,0,0,0,0,0,5.95789706707001,0,0,0,13.6835610866547,2.99503502249718,25.8631859123707,3.30385148525238,83.6001974642277,50.7513036131859,64.939431220293,53.878576695919,0,0,1.1648930311203,0,3.91824543476105,0,7.21189618110657,0,0.77945339679718,0,8.9421274960041,0,2312.9766048789,149.892593801022,85.7548635005951,44.0922740101814,170.999969571829,80.0919151008129,2962.87295949459,41.271416336298,0,159.845080435276,68.5361496210098,29.6685706079006,66.0648729503155,111.435164213181,108.427330672741,60.4385801851749,97.7499317526817,25.4667924046516,4.6854465007782,1.94914847612381,58.8900947570801,35.501536488533,33.9623685181141,30.1441744267941,3.62118583917618,3.84029227495193
0,0,0,0,0,0,0,0,0,0,0,0,0,0,0,0,0,1.97681605815887,0,0,0,0,0,0,0,0,1.70754551887512,0,0,3.5249430835247,0,0,0,0,0,0,16.056354701519,39.7694834470749,131.232312679291,26.7928945720196,0,8.18600809574127,19.4009550213814,21.7205912470818,0,0,0,570.018826037645,0,0.517662882804871,0,0.845667362213135,0,26.5132673978806,0,109.671138584614,0,0,0,0,0,0,0,0,0,0,0,1.40832901000977,0,0,4.95195949077606,12.0445639789104,3.49559324979782,22.8531981408596,90.0982829034328,71.3509803712368,18.4373284876347,72.135139465332,0,0,0,4.68313056230545,0,0,0,3.56822550296783,0,0,0,8.01255244016647,168.216252297163,1933.00027504563,34.2086974680424,188.712150812149,44.7217537462711,491.274893164635,256.63390314579,1775.5981387794,159.845080435276,0,52.4619313776493,37.0891743004322,109.053488492966,142.93208616972,23.6171022355556,136.132638454437,46.5249581933022,276.17161783576,3.96803578734398,10.1180602610111,162.567133307457,131.714961647987,118.700239539146,34.0709576010704,1.35757663846016,3.45462840795517
0,0,0,0,0,0,0,0,0,0,0,0,0,0,0,0,0,0,0,0,0,0,0,0,0,0,0,0,1.4781665802002,0,0,0,0,0,0,0,30.2766979336739,5.45383781194687,37.0426558852196,4.01705303788185,3.63878303766251,0,0,0,0,0,1.86014437675476,0.476891666650772,0,0,0,0,0,0,0,0,0,0,0,0,0,0,0,0,0,0,0,0,0,0,6.67422771453857,4.5422001183033,5.65006709098816,3.34863805770874,65.9809268712997,43.6963852643967,144.036913126707,45.4587768912315,0,0,0,0,0,0,0,0,0,0,0,0,500.964729994535,53.0507531166077,1281.65160897374,14.2144850492477,289.245197147131,23.785975754261,531.245063573122,16.740600168705,68.5361496210098,52.4619313776493,0,17.1972597837448,1532.53729891777,54.8864429891109,584.478952884674,47.5503425896168,547.763294935226,27.0320120751858,25.9485327601433,7.93513658642769,43.907188564539,0.366574883460999,23.2378299236298,7.1769101023674,8.68682146072388,13.8716239631176
0,0,0,0,0,0,0,0,0,0,0,0,0,0,0,0,0,0,0,0,0,0,0,0,0,0,0,0,0,3.64785969257355,0,0,0,0,0,0,10.4112140834332,14.1124446392059,4.81534820795059,24.8035225272179,0,0.696309626102448,0,0,0,0,0,4.69262629747391,0,0,0,0,0,0,0,0,0,0,0,0,0,0,0,0,0,0,0,0,0,0,0.81107896566391,9.01820266246796,1.15243911743164,3.20553916692734,31.3629835247993,22.1479190587997,19.3930888473988,49.3810601234436,0,0,0,0,0,0,0,0,0,0,0,0,53.3897831737995,235.453105539083,9.44673836231232,785.039331614971,9.91254359483719,48.3513138592243,51.0834448933601,37.6873236894608,29.6685706079006,37.0891743004322,17.1972597837448,0,60.6305533349514,694.708241432905,21.2757622599602,322.65280687809,32.3102838695049,107.476031243801,9.58026698231697,18.4061249196529,27.6721633374691,1.80793625116348,12.3657391667366,5.8779491186142,17.4045709967613,7.96604314446449
0,0,0,0,0,0,0,0,0,0,0,0,0,0,0,0,0.87358021736145,0,0,0,0,0,0,0,0,0,0,0,5.44243675470352,0,0,0,0,0,0,0,68.7786121070385,16.9764822125435,79.3678440153599,6.25625187158585,0.610231757164001,1.12909638881683,0,0,0,0,3.15238744020462,1.52977010607719,0,0,0,0,0,0,0,0,0,0,0,0,0,0,0,0,0,0,0,0,0,0,25.0021511912346,6.25271743535995,20.9513614475727,3.10916078090668,106.228593796492,107.256204038858,218.972119063139,78.0039980113506,0,0,0,0,0,0,0,0,0,0,0,0,290.067058116198,168.430857300758,800.822361409664,53.9951257109642,329.409682154655,39.5204418003559,590.176604747772,45.4280695021152,66.0648729503155,109.053488492966,1532.53729891777,60.6305533349514,0,174.184537619352,3716.56287896633,103.769417852163,1027.37263059616,66.7861190140247,83.3928670883179,46.2136444151402,265.84791892767,17.4282289147377,71.8173737227917,269.830880373716,308.560957342386,86.8922686576843
0,0,0,0,0,0,0,0,0,0,0,0,0,0,0,0,0,0,0,0,0,0,0,0,0,0,0,0,0,1.35052704811096,0,0,0,0,0,0,31.5166912376881,33.125703305006,17.2668889462948,47.0300398170948,0.461510539054871,2.67546999454498,0,0,0,0,0,4.57073876261711,0,0,0,0,0,0,0,0,0,0,0,0,0,0,0,0,0,0,0,0,0,0,6.2205650806427,21.3940213620663,2.93876054883003,12.2569784522057,97.3914828598499,85.4173099696636,59.8096819221973,232.513514637947,0,0,0,0,0,0,0,0,0,0,0,0,128.647499442101,513.70843103528,44.9903999269009,924.774086177349,53.3621888756752,188.934391021729,138.631681144238,137.368635088205,111.435164213181,142.93208616972,54.8864429891109,694.708241432905,174.184537619352,0,64.3492343127728,4497.89579719305,90.9548742473125,292.545153051615,93.5065067410469,71.1902505755424,137.905153423548,11.117836534977,53.005939245224,170.856645703316,124.611171782017,26.4758825004101
0.735291957855225,0,0,0,0,0,0.798210978507996,0,0,0,0,0,0,0,0,0,0,0,0,0,0,0,0,0,0,0,0,0,7.00390917062759,0.980675935745239,0,0,0.675922214984894,0,0,0,29.5336599349976,1.24300599098206,4.72771459817886,2.26615411043167,3.48819094896317,0,0.566711962223053,0,0,0,6.77400803565979,1.85888433456421,0,0,0,0,0,0,0,0,2.01098126173019,0,1.40648233890533,0,3.68789240717888,0,0,0,0,0,0,0,0,0,62.0133469104767,12.2274968028069,40.0313130915165,3.76469469070435,123.094131797552,21.9929804205894,459.083367586136,80.6027387082577,0,0,0.904508054256439,0,0,0,0,0,0,0,0,0,375.133140295744,48.7898220419884,708.886006474495,38.4928302764893,556.332701802254,42.1694846749306,452.97867706418,11.639073908329,108.427330672741,23.6171022355556,584.478952884674,21.2757622599602,3716.56287896633,64.3492343127728,0,129.342914193869,284.778838396072,20.4591521918774,75.571335375309,36.3312250673771,147.388672351837,4.58956456184387,51.9535908699036,36.9492899775505,98.6543484628201,125.951820522547
0,1.3299885392189,0,0,0,0,0,0,0,0,0,2.17888998985291,0,0,0,0,0,0,0,0.709322571754456,0,0,0,0,0,0,0,0,0,3.2895011305809,0,0.748874843120575,0.909956037998199,1.07965767383575,0,0,23.4958970844746,26.6325145661831,8.64918807148933,15.7220332920551,3.12867391109467,1.13254362344742,0,0,0,0,0.423864275217056,10.4190155565739,0,0,0,0,0,0,0,0,0,3.17008590698242,0,0,0,0,0,0,0,0,0,0.426718533039093,0,0,31.7170015573502,87.4150430858135,16.5207152068615,25.4830392301083,84.429012209177,96.8932234942913,161.593554109335,424.068295955658,0,0,0,0,0,0,0,1.62852764129639,0,0,0,0,87.3310452997684,454.808631002903,39.0161528587341,1116.99640515447,124.2590906322,266.953120797873,80.3378254771233,162.335830271244,60.4385801851749,136.132638454437,47.5503425896168,322.65280687809,103.769417852163,4497.89579719305,129.342914193869,0,93.0398828685284,314.207682520151,126.227908045053,64.4372644126415,215.17740932107,19.3930869102478,103.06961029768,115.355408579111,374.931673914194,173.175521880388
6.51456558704376,0,0,0,0,0,0,0,0,0,0,0,0,0,0,0,0.683675527572632,0,0,0,0,0,0,0,0,0,0,0,0,0,0,0,0,0,0,0,32.271098703146,10.4090911149979,18.8483679294586,6.6790766119957,0,0,0,0,0,0,1.71066108345985,0.514367997646332,0,0,0.693568587303162,0,0,0,0,0,8.09751439094543,0,2.40092366933823,0,6.04967522621155,0,0,0,0,0,0,0,0,0,15.7930086255074,12.1753795742989,9.50351005792618,11.3994715809822,56.7125205099583,31.82542309165,112.735154747963,35.9492434859276,0,0,0,0,0,0,0,0,0,0,0,0,341.851361036301,115.07832929492,260.640613526106,55.5060172080994,131.456191629171,25.6626175642014,193.042438834906,14.0678345859051,97.7499317526817,46.5249581933022,547.763294935226,32.3102838695049,1027.37263059616,90.9548742473125,284.778838396072,93.0398828685284,0,41.5299888253212,11.9548527598381,9.15536442399025,26.0839192271233,1.17025101184845,15.0410796701908,6.23161286115646,8.74589160084724,18.6019942760468
0,0,0,0,0,0,0,0,0,0,0,0,0,0,0,0,0,0,0,0,0,0,0,0,0,0,0,0,0,1.31774592399597,0,0,0,1.77312397956848,0,0,13.0684753358364,15.2402192354202,6.4631099998951,7.72408527135849,1.03733384609222,2.52078020572662,0,0.894878208637238,0,0,0,4.19682461023331,0,0,0,0,0,0,0,0,0,2.59269893169403,0,0,0,0,0,0,0,0,0,0,0,0,8.1476566195488,15.7537079751492,1.53912377357483,3.14852488040924,42.0330710411072,15.5969307422638,35.7066427469254,48.6417274773121,0,0,0,0,0,0,0,1.34577298164368,0,0,0,0,54.2387269437313,338.490831613541,21.6452897191048,228.503930866718,10.9836240410805,79.3803028762341,32.501971244812,147.849604278803,25.4667924046516,276.17161783576,27.0320120751858,107.476031243801,66.7861190140247,292.545153051615,20.4591521918774,314.207682520151,41.5299888253212,0,10.2308402359486,10.5261076390743,35.7037961781025,4.1021420955658,12.8197909891605,7.75484645366669,3.55856162309647,11.1469551920891
26.3842216730118,15.5458570718765,5.49947512149811,17.8399013876915,0,0,3.28439730405807,7.90000635385513,0,0.576777815818787,0,3.34364211559296,0,3.20795911550522,0.77736908197403,1.05404710769653,0,0,12.2556754946709,18.796785235405,0,0,3.1016674041748,0.936174094676971,0,0,0,0,3.19944474101067,0,1.22941732406616,0,0,0,0,0,16.4560997188091,7.97078537940979,1.35122084617615,0,3.14922311902046,0,0,0,0,0,3.52287113666534,4.6087703704834,0,0,0,0,0,0,0,0,9.18995893001556,0.728453278541565,2.31612861156464,0,1.61027848720551,0,0,0,1.05984389781952,0,3.46149426698685,0,8.14147686958313,1.82489085197449,74.8839348852634,85.0374511778355,22.9347307682037,11.2441613674164,77.447274774313,42.2920196056366,406.913608938456,354.792319893837,0,0,0,0,0,0,0,0,0,0,1.5269021987915,0,22.2705254852772,47.4224778711796,38.7773198187351,120.970912307501,247.193588256836,28.6962772011757,65.389713793993,12.4020016491413,4.6854465007782,3.96803578734398,25.9485327601433,9.58026698231697,83.3928670883179,93.5065067410469,75.571335375309,126.227908045053,11.9548527598381,10.2308402359486,0,376.209999859333,233.501111209393,24.1303960680962,62.5429342389107,263.733394414186,60.3803865909576,210.788778483868
9.1496989428997,24.3075168132782,6.3077834546566,6.51970201730728,0,0,1.62478107213974,0.647145450115204,1.05149781703949,0.551209807395935,0,1.12135314941406,0.684582233428955,1.04456770420074,0,0,0,0.593101263046265,6.99397051334381,8.17652550339699,0,0,0,0,0,0,0,0,0.913396656513214,0.630483031272888,0,1.11409533023834,0,2.5007638335228,0,0,49.8363571166992,35.7320181131363,3.36651998758316,0,1.01374438405037,0.604779303073883,0.570649445056915,0,0,0.808839678764343,90.7796912193298,163.397087574005,0,0.64316326379776,0,5.14436995983124,0,0,0,0,10.7626032233238,22.4763988852501,2.67790949344635,3.77409237623215,0.644844651222229,0,0,0.921906769275665,1.74282515048981,0,4.76671826839447,5.23878568410873,3.34369134902954,6.8204066157341,20.012995839119,37.8984622657299,7.3417159318924,13.4014111161232,28.8755709528923,26.053599178791,548.542312085629,869.068670332432,0.66351717710495,0,0.6789630651474,0,0,2.10547828674316,0,0.783954679965973,1.19308453798294,0,0,1.42732715606689,3.09651336073875,31.5091847479343,18.3173032701015,104.751728862524,370.74571916461,301.612986713648,254.011130332947,42.8778482079506,1.94914847612381,10.1180602610111,7.93513658642769,18.4061249196529,46.2136444151402,71.1902505755424,36.3312250673771,64.4372644126415,9.15536442399025,10.5261076390743,376.209999859333,0,703.843955844641,21.0673981904984,70.7826274037361,298.020886301994,41.8585315942764,175.638770312071
0,0,0,0,0,0,0,0,0,0,0,0,0,0,0,0,0,0,0,0,0,0,0,0,0,0,0,0,0,0,0,0,0,0,0,0,6.19909828901291,6.17069661617279,6.79214060306549,1.97981250286102,0,2.22957271337509,0,0,0,0,0,0,0,0,0,0,0,0,0,0,0,0,0,0,0,0,0,0,0,0,0,0,0,0,4.16384372115135,7.39119571447372,4.1751035451889,1.95977491140366,11.4701432883739,14.1198107004166,49.116181999445,41.308270663023,0,0,0,0,0,0,0,0,0,0,0,0,61.0018162429333,94.1515400111675,122.558952182531,209.560694873333,258.068525671959,171.127689480782,1046.14983946085,366.864004433155,58.8900947570801,162.567133307457,43.907188564539,27.6721633374691,265.84791892767,137.905153423548,147.388672351837,215.17740932107,26.0839192271233,35.7037961781025,233.501111209393,703.843955844641,0,253.292397975922,514.049156308174,683.749819159508,83.6956250965595,185.268473863602
0,0,0,0,0,0,0,0,0,0,0,0,0,0,0,0,0,0,0,0,0,0,0,0,0,0,0,0,0,0,0,0,0,0,0,0,0,0.537542223930359,1.51388281583786,0.871609687805176,0,0,0,0,0,0,0,0,0,0,0,0,0,0,0,0,0,0,0,0,0,0,0,0,0,0,0,0,0,0,0.709187924861908,0,0.844939947128296,1.243736743927,1.70657616853714,0.97548246383667,3.73020055890083,5.50590932369232,0,0,0,0,0,0,0,0,0,0,0,0,9.69276449084282,4.40482312440872,4.84579232335091,10.7846514582634,19.3978230953217,9.79133641719818,31.0813303291798,91.0808455348015,35.501536488533,131.714961647987,0.366574883460999,1.80793625116348,17.4282289147377,11.117836534977,4.58956456184387,19.3930869102478,1.17025101184845,4.1021420955658,24.1303960680962,21.0673981904984,253.292397975922,0,129.248519659042,104.64313852787,7.61784762144089,24.7801134586334
0,0,0,0,0,0,0,0,0,0,0,0,0,0,0,0,0,0,0,0,0,0,0,0,0,0,0,0,0,0,0,0,0,0,0,0,2.05074003338814,2.82433640956879,1.8668606877327,2.61045682430267,0.512432813644409,0,0,0,0,0,0,1.27365419268608,0,0,0,0,0,0,0,0,0,0,0,0,0,0,0,0,0,0,0,0,0,0,1.88306438922882,5.60447019338608,0,2.68054884672165,5.70246836543083,10.5881364047527,17.5857315063477,38.6174428462982,0,0,0,0,0,0,0,0,0,0,0,0,27.2402314543724,45.9175316095352,70.5935619175434,97.5028974413872,82.938286870718,51.8738684952259,199.912182658911,211.263683885336,33.9623685181141,118.700239539146,23.2378299236298,12.3657391667366,71.8173737227917,53.005939245224,51.9535908699036,103.06961029768,15.0410796701908,12.8197909891605,62.5429342389107,70.7826274037361,514.049156308174,129.248519659042,0,336.439670294523,27.2632591128349,54.0111155211926
0,0,0,0,0,0,0,0,0,0,0,0,0,0,0,0,0,0,0,0,0,0,0,0,0,0,0,0,0,0,0,0,0,0,0,0,1.17997944355011,0.615241169929504,1.04048156738281,0,0,0,0,0,0,0,2.09997963905334,0.686888456344604,0,0,0,0,0,0,0,0,0,0,0,0,0,0,0,0,0,0,0,0,0,0,2.60831290483475,6.84123647212982,1.15708029270172,1.36122810840607,10.5854322910309,4.98035451769829,28.2921564877033,54.3091695010662,0,0,0,0,0,0,0,0,0,0,0,0,17.5341767966747,4.01136004924774,26.5398383438587,31.2072396874428,101.085865885019,56.5298853218555,61.8464998304844,50.885802090168,30.1441744267941,34.0709576010704,7.1769101023674,5.8779491186142,269.830880373716,170.856645703316,36.9492899775505,115.355408579111,6.23161286115646,7.75484645366669,263.733394414186,298.020886301994,683.749819159508,104.64313852787,336.439670294523,0,200.992369681597,512.710968583822
0,0,0,0,0,0,0,0,0,0,0,0,0,0,0,0,0,0,0,0,0,0,0,0,0,0,0,0,0,0,0,0,0,0,0,0,1.77689322829247,0,0.53117823600769,0,0,0,0,0,0,0,0,0,0,0,0,0,0,0,0,0,0,0,0,0,0,0,0,0,0,0,0,0,0,0,1.26076710224152,1.7460994720459,0.555112838745117,0,0.595051109790802,2.45369303226471,14.0787946581841,16.4954890310764,0,0,0,0,0,0,0,0,0,0,0,0,3.79009985923767,13.7889096736908,9.82077008485794,65.8859956562519,16.8362481892109,8.71642172336578,8.05875751376152,3.06009662151337,3.62118583917618,1.35757663846016,8.68682146072388,17.4045709967613,308.560957342386,124.611171782017,98.6543484628201,374.931673914194,8.74589160084724,3.55856162309647,60.3803865909576,41.8585315942764,83.6956250965595,7.61784762144089,27.2632591128349,200.992369681597,0,258.853757709265
2.04466563463211,1.00038349628448,0,0,0,0,0,0,0,0,0,0,0,0,0,0,0,0.954333126544952,0,0,0,0,0,0,0,0,0,0,3.6057116985321,0,0,0,0,0,0,0,4.0887006521225,0.47557133436203,4.20020470023155,0,0,0,0,0,0,0,3.57797116041183,3.2369037270546,0,0,0.533301651477814,0,0,0,0,0,0,1.63681054115295,0,0,0,0,0,0,0,0,0,0,0,0,14.1167040765285,28.8833324015141,7.55739003419876,0.733025670051575,16.5053162574768,20.381575524807,98.3962983489037,84.1172912418842,0,0,0,0,0,0,0,0,0,0,0,0,13.7496142685413,12.9127269089222,27.8053522109985,54.1353698074818,72.5454182326794,7.37507003545761,33.9678440392017,3.66631886363029,3.84029227495193,3.45462840795517,13.8716239631176,7.96604314446449,86.8922686576843,26.4758825004101,125.951820522547,173.175521880388,18.6019942760468,11.1469551920891,210.788778483868,175.638770312071,185.268473863602,24.7801134586334,54.0111155211926,512.710968583822,258.853757709265,0
