0,106.528123885393,2550.64253565669,131.144630581141,2.74130702018738,0,4433.29900175333,123.80034416914,3.4598962366581,0,3806.26159268618,8.40951108932495,1510.4760274291,2.21077883243561,3.41003677248955,0,490.383784294128,2.53334337472916,1569.74688786268,694.587852180004,0,0,17.7831634581089,3.98930251598358,0,0,0,0,419.826455831528,0.674350380897522,5.17585337162018,9.26440042257309,35.0297955870628,124.703179180622,0,0,291.599414676428,0,49.6972623765469,0,7.05351787805557,0,0,0,0,0,11.4700145125389,0,0,0,108.75553587079,0,2.73858046531677,0,16.5333525538445,0,12190.0322367847,0,432.918060153723,0,805.346276968718,0,66.5925495624542,0,622.006023406982,0,273.81259149313,0,1130.25044608116,2.14809560775757,2614.52826830745,91.9276859462261,2244.28680026531,29.2732933163643,890.159526437521,12.2126125097275,3870.56918093562,84.4676936268806,2.48173469305038,0,28.4461007118225,0,9.18235868215561,0,461.851289689541,0,0,0,342.715669333935,0,0,0,0,0,87.4931910037994,0.561827957630157,2.42218893766403,0,0,0,0,0,0,0,2.6776630282402,0,3.24701273441315,0,12.4960280060768,14.8910160064697,0,0,0,0,0,0
106.528123885393,0,25.6384352445602,5233.68613913655,0,0,11.6697521209717,6594.19220653176,0,0.935119807720184,0,2568.71613749862,0,481.859492540359,0,6.59345686435699,0,1004.82309520245,366.020439654589,1767.01968622208,0,0,1.34339964389801,8.27368968725204,0,0,0,0,1.81519246101379,88.5565529763699,9.62957286834717,4.69007378816605,189.973263144493,139.396020948887,0,0,0,588.339103072882,0,125.867720872164,0,8.43318399786949,0,13.4454543590546,0,0,0,38.9946886301041,0,3.79252511262894,0,189.053671658039,0,8.40874344110489,0,4.46868872642517,32.7753790616989,11928.219503969,0,290.00267252326,0,607.492918908596,1.21072709560394,93.3905505537987,0,374.734495460987,14.941791176796,212.370271921158,223.206496834755,1219.01783308387,144.497711509466,2507.17995673418,13.2128269672394,2246.63250005245,1.07899689674377,845.229838758707,395.956280589104,4555.86025115848,0.866236329078674,5.68230193853378,0,30.488544344902,0,0,0,252.767344564199,0,0,0,277.797920048237,0,0,0,0,0.637645363807678,147.327095299959,1.15186727046967,0,0,0,0,0,0,0,0,3.68559432029724,0,0,10.5392456054688,7.31986582279205,0,0,0,0,0,1.71510553359985
2550.64253565669,25.6384352445602,0,860.153458863497,746.594362944365,85.4192708134651,11147.5814564228,626.120933741331,183.504833430052,58.1701776981354,1324.84241428971,45.9555309414864,1592.4620064795,26.4453087747097,156.269683212042,20.3614445328712,77.7240225076675,0,1906.46736335754,491.89813375473,2.37652444839478,8.58956778049469,3334.24982193112,1084.82758769393,131.238056480885,74.0896255373955,34.429060459137,28.923695743084,1101.79250562191,6.79964220523834,125.94236022234,386.613034129143,32.5063080191612,201.037778019905,1.54138720035553,0,65.7991988062859,1.34162330627441,2.98766195774078,0,0.642647862434387,0,0,0,0,0,1.42862457036972,0,0,0,12.6644268035889,0,0,0,0,0,71.3898845911026,0,113.637932687998,0,83.2084999978542,0,4.84077966213226,0,51.0081371665001,0,112.400155961514,0,47.4714405536652,0,1862.95063316822,508.230752617121,2415.79485797882,115.079703271389,496.481516480446,21.0247365832329,1665.05145533383,41.2165825664997,0.525059282779694,0,4.00484144687653,0,15.4028441011906,0,1.72264468669891,0,1.78919875621796,0,0,0,0,0,0,0,11.7931938767433,0,1.0967720746994,0,0,0,0,0,0,0,0,0,0,0,6.37116706371307,5.05755567550659,0,0,0,0,0,0
131.144630581141,5233.68613913655,860.153458863497,0,179.915843069553,1017.3727633059,1036.31199654937,12506.5735425949,128.508270561695,316.797516793013,12.2663868665695,1234.15829887986,116.625293880701,1071.41144070029,15.4554196596146,222.99740332365,0,187.42589700222,1234.33899524808,3937.87180703878,1.41560173034668,4.01511347293854,1531.18363925815,3104.33686774969,171.499074995518,236.636853039265,24.9862543940544,106.405323594809,38.3064324855804,367.813924342394,277.383148133755,220.245213091373,350.152274161577,192.978548228741,0,9.44496786594391,1.26455020904541,159.813658982515,0,22.2980239391327,0,15.0267798006535,1.62920582294464,1.05110192298889,0,0,0,21.1355240046978,0,2.42091855406761,0,33.24104860425,0,0,0,0,20.1731652021408,405.712676405907,1.35312342643738,126.612781614065,0,28.5538389384747,0,19.564424097538,0,30.9087802767754,0.887082397937775,266.548426657915,174.981518387794,120.06618386507,764.51209384203,2924.44336143136,288.794454157352,2949.17244532704,8.18424570560455,967.894537806511,264.754887133837,3467.04297554493,0,0,0,14.0923837423325,0,5.7739422917366,0,24.9235497713089,0,1.19577133655548,0,0,0,0,0,0,0,41.9110389947891,0,0,0,0,0,0,0,0,0,0.562895596027374,0,0,2.24894404411316,1.44558319449425,0,0,0,0,0,0.775496244430542
2.74130702018738,0,746.594362944365,179.915843069553,0,196.678544968367,648.664303719997,41.6696102619171,1522.78689113259,63.2584848999977,0,0,35.4988875389099,0.577712297439575,1423.9940148592,65.1265332102776,0,0,6.05422756075859,0,133.566414386034,74.5568092465401,283.719054847956,281.678217440844,322.920572936535,250.668091803789,745.62812513113,191.091704487801,416.275309950113,4.69280844926834,90.7149110138416,89.0306739807129,10.5944820940495,0.58761340379715,0,0,42.1052523851395,0,2.40013092756271,0,176.018089234829,2.90934646129608,0.997600197792053,0,0,0,7.24329328536987,0,0,0,1.34900033473969,0,0.65744686126709,0,5.58005118370056,0,0,0,0,0,0,0,0,0,0,0,0.909709870815277,0,0,0,849.618754178286,97.7242251336575,886.057957589626,11.4845632612705,34.5802591443062,1.22526180744171,74.1653905510902,0,0,0,4.97158944606781,0,121.362992495298,5.8479323387146,23.9813946485519,0.714805364608765,68.1821505427361,0.82349294424057,48.1252729892731,0,0,0,0,0,0,0,0,0,0,0,0,0,0,0,0,0,0,0,0,0,0,0,0,0,0,0
0,0,85.4192708134651,1017.3727633059,196.678544968367,0,69.4401779770851,525.941089779139,68.1849059462547,1689.15999782085,0,0.608906209468842,5.86393249034882,12.3995359241962,19.1272683143616,1242.35631540418,0,0.755698204040527,0,0.497982054948807,7.53959530591965,369.342827707529,234.3124371171,97.0137294232845,254.189169973135,386.956507205963,102.922318994999,1631.86728531122,0.813973188400269,274.892084807158,63.498559653759,35.9681784212589,0,1.97161170840263,0,0,0,10.7028312385082,0,2.20730572938919,1.34664154052734,199.654066979885,0,0.931943237781525,0,0,0,0,0,0,0,0,0,0,0,0.514672219753265,0,0,0,0,0,0,0,0,0,0,0,0,0,0,222.154276281595,694.675364971161,19.1609102487564,693.903017163277,0,18.4577271938324,0,25.605363547802,0,0,0,11.0204525589943,0.846626162528992,126.453051418066,0,27.5470692515373,0,75.5470563173294,0,21.5402300953865,0,0,0,0,0,0.801028251647949,0,0,0,0,0,0,0,0,0,0,0,0,0,0,0,0,0,0,0,0
4433.29900175333,11.6697521209717,11147.5814564228,1036.31199654937,648.664303719997,69.4401779770851,0,1079.49969395995,633.928722053766,49.0744807124138,1641.46007743478,86.9109314084053,6399.53503999114,94.5911287069321,167.168719619513,16.2965649366379,27.8930657804012,0,447.963538199663,433.497829884291,0,3.89990574121475,1031.63135817647,1510.84839913249,21.7625633180141,44.7332503199577,1.54255706071854,24.3316813707352,698.074150323868,5.04611730575562,108.307772696018,340.977543085814,22.1819192767143,350.252742916346,2.75912171602249,0,35.4698341488838,0,2.04083997011185,0,1.41641867160797,0,0,0,0,0,2.40635475516319,0,0,0,28.6056627929211,0,0,0,0,0,150.098033607006,0,31.2006587982178,0,97.7665755450726,0,10.3338349461555,0,124.28953114152,0,5.0504914522171,0,11.7239820361137,0,3357.812891379,600.832993388176,1421.05291903019,160.971690744162,316.424306988716,33.1241505146027,1249.40225034952,54.6145756244659,0,0,10.4388595223427,0,6.56334275007248,0,23.7424698174,0,0.969844460487366,0,5.00227716565132,0,0,0,0,0,6.75798019766808,1.00821197032928,0,0,0,0,0,0,0,0,0,0,0,0,1.15853852033615,3.49462470412254,0,0,0,0,0,0
123.80034416914,6594.19220653176,626.120933741331,12506.5735425949,41.6696102619171,525.941089779139,1079.49969395995,0,48.387466609478,1214.66729706526,44.6686652898788,3709.15347343683,188.14512860775,6732.77701947093,0.694430649280548,640.469575107098,0,182.589598059654,1023.06952497363,517.277638942003,0,1.11330318450928,1049.26907512546,878.52905574441,20.0121970176697,15.4749174118042,6.40203595161438,7.34919077157974,42.0823704600334,303.57347843051,134.473220735788,143.633772790432,139.990268111229,136.274045020342,0,6.88842141628265,0,47.0764195919037,0,4.85690349340439,0,9.40242290496826,0,11.5267555713654,0,0,0,18.0969167351723,0,15.5256360769272,0,305.158015459776,0,0,0,1.73997819423676,11.0405683517456,776.606287807226,0,84.1712419390678,0,199.068519771099,0,48.2929065227509,0,267.063870489597,1.31601440906525,34.6139575839043,33.8048079013824,7.39086818695068,572.307877182961,4685.35823974013,207.316845118999,2356.82184189558,32.2211843729019,654.277734220028,101.123479545116,2309.32538419962,0,9.25608593225479,0,22.3651791810989,0,1.07894456386566,0,143.397110551596,0,0.737477600574493,0,17.4850870966911,0,0,0,0,0,18.2150978446007,0,0,0,0,0,0,0,0,0,1.30301237106323,0,0,1.63679575920105,5.57841658592224,0,0,0,0,0,0
3.4598962366581,0,183.504833430052,128.508270561695,1522.78689113259,68.1849059462547,633.928722053766,48.387466609478,0,36.8940916061401,6.24775981903076,0,563.915716618299,0,3397.51139971614,11.1483369767666,2.58683395385742,0,4.39054518938065,0,30.4197333753109,7.52246183156967,74.3081222474575,157.206274032593,62.6460733115673,79.2390559911728,86.6975065767765,54.2110651731491,468.691052019596,0,15.5061537325382,33.670357465744,1.04080784320831,0,0,0,39.99346357584,0,4.60216075181961,0,138.184945821762,0,0,0,0,0,3.3864837884903,0,0,0,0,0,0,0,1.07035505771637,0,0,0,0,0,0,0,0,0,0,0,1.04254257678986,0,0,0,711.537789940834,47.4062210321426,1204.01424625516,5.89287722110748,80.8792967200279,0,185.293504744768,0,0,0,3.27299648523331,0,79.2029609084129,0.578215301036835,23.7307512760162,0,41.9056837558746,0,36.564922362566,0,0,0,0,0,0.556030511856079,0,0,0,0,0,0,0,0,0,0,0,0,0,0,0,0,0,0,0,0,0
0,0.935119807720184,58.1701776981354,316.797516793013,63.2584848999977,1689.15999782085,49.0744807124138,1214.66729706526,36.8940916061401,0,0,16.6719788312912,1.34439426660538,372.080837458372,6.15382060408592,2145.99870738387,0,1.83926504850388,0,1.08794760704041,1.00094962120056,40.2347263097763,95.9824702739716,20.3060133755207,88.2595716118813,28.9667056798935,21.4484786987305,299.182569533587,1.10029494762421,270.272587090731,14.5854363441467,7.55227518081665,0,0.596069395542145,0,0,0,15.5671590268612,0,0.948546051979065,0.870863318443298,118.738823324442,0,0,0,0,0,0,0,0,0,0,0,0,0,1.84653240442276,0,0,0,0,0,0,0,0,0,0,0,0,0,0,68.640555202961,727.76253080368,6.83688318729401,959.015803545713,0,44.6743836402893,0,53.3418699204922,0,1.17903411388397,0,5.75412780046463,0,40.7035673558712,0,16.1151815354824,0,33.8277285993099,0,9.04303371906281,0,0,0,0,0,0,0,0,0,0,0,0,0,0,0,0,0,0,0,0,0,0,0,0,0,0
3806.26159268618,0,1324.84241428971,12.2663868665695,0,0,1641.46007743478,44.6686652898788,6.24775981903076,0,0,0,3112.1105928123,1.23955297470093,24.1386360228062,0,763.316786885262,0,1143.69294965267,74.9809483289719,0,0,122.406963795424,16.12139326334,0,0,0,0,1367.52038088441,0,4.03598290681839,19.2663489580154,5.92469048500061,31.1236655116081,0,0,17.4653436541557,0,1.30547416210175,0,0,0,0,0,0,0,0.933901309967041,0,0,0,5.98196172714233,0,0,0,5.54941546916962,0,820.877914130688,0,24.7397324442863,0,595.08858910203,0,380.215322911739,0,242.179163813591,0,7.12721228599548,0,52.1259982585907,0,690.210746347904,26.4528564214706,652.929069787264,9.99715203046799,94.2744848132133,2.31187009811401,419.791290104389,2.87190175056458,14.1195587515831,0,449.890406668186,0,34.3350918292999,0,805.711298882961,0,0,0,261.787163674831,0,0,0,0,0,1.64919233322144,0,0,0,0,0,0,0,0,0,0,0,0,0,1.99322354793549,7.20484501123428,0,0,0,0,0,1.03685593605042
8.40951108932495,2568.71613749862,45.9555309414864,1234.15829887986,0,0.608906209468842,86.9109314084053,3709.15347343683,0,16.6719788312912,0,0,2.73427975177765,3932.87916776538,0,61.9884150028229,0,728.320315301418,201.150555968285,549.240232288837,0,0,31.3157580494881,155.528665214777,0,0,0,0,6.04879319667816,907.897878825665,13.2022592425346,20.0770138502121,43.5601279735565,38.7391556799412,0,0.466211885213852,0,15.0174476504326,0,5.63629126548767,0,0,0,0,0,0,0,1.57547509670258,0,0,0,6.60741811990738,0,0,0,0,0,623.74503877759,0,124.867874443531,0,1103.80217948556,0,688.600824475288,0,270.099794089794,0,1.4487920999527,1.59259593486786,7.26728910207748,61.1002569496632,912.092551678419,13.4498448371887,856.957271009684,0,128.222850084305,10.6999544501305,484.846995323896,0,3.56196719408035,0,155.47519659996,0,0,0,239.571748375893,0,0,0,51.2467551231384,0,0,0,0,0,4.06244546175003,0,0,0,0,0,0,0,0,0,2.68946576118469,0,0,0,1.4667501449585,0,0,0,0,0,0
1510.4760274291,0,1592.4620064795,116.625293880701,35.4988875389099,5.86393249034882,6399.53503999114,188.14512860775,563.915716618299,1.34439426660538,3112.1105928123,2.73427975177765,0,12.807852268219,2019.31374031305,3.44570821523666,63.1597838103771,0,757.73892557621,71.0340402126312,0,0,720.664426773787,312.354866415262,3.00851795077324,2.74962955713272,0,3.48742586374283,2913.92162117362,1.40489959716797,36.5920830368996,127.299070715904,18.8846747875214,106.543760538101,0.642495572566986,0,12.8233886361122,0,1.00167500972748,0,0,0,0,0,0,0,4.66719642281532,0,0,0,1.70775961875916,0,0,0,0,0,308.932112872601,0,6.48899590969086,0,104.677220463753,0,76.5068945884705,0,93.5418263971806,0,1.4603106379509,0,21.5331718921661,0,1982.76482774317,161.658288240433,1190.26048961282,23.5249071717262,156.31314021349,8.50357341766357,637.873901665211,0,0,0,143.400685608387,0,25.1054111719131,0,212.91732481122,0,2.60276341438293,0,62.7658263444901,0,0,0,0,0,6.39307400584221,0,0,0,0,0,0,0,0,0,0,0,0,0,1.01480448246002,1.28950655460358,0,0,0,0,0,0
2.21077883243561,481.859492540359,26.4453087747097,1071.41144070029,0.577712297439575,12.3995359241962,94.5911287069321,6732.77701947093,0,372.080837458372,1.23955297470093,3932.87916776538,12.807852268219,0,0,2441.6546857357,0,180.72601249814,81.0657169818878,161.380464166403,0,0,61.0106066465378,252.625416308641,0,1.6948401927948,0,2.37605127692223,2.38351708650589,1464.98001071811,12.2167047858238,29.559780061245,17.0170739889145,30.9339870214462,0,0.611831068992615,0,10.2346860766411,0,0,0,2.96690571308136,0,0,0,0,0,1.1467826962471,0,1.39395236968994,0,1.42605799436569,0,0,0,0.868685662746429,0,225.514366805553,0,21.9000107049942,0,296.054521799088,0,239.555694758892,0,95.7878041267395,0,0,0,2.12456387281418,59.1828989684582,1426.55424305797,18.8857731223106,1629.56100043654,1.25102591514587,206.840519934893,3.5161739885807,485.702374368906,0,2.34103167057037,0,47.9637042880058,0,7.69969630241394,0,65.433042883873,0,0,0,3.37445604801178,0,0,0,0,0,3.6482105255127,0,0,0,0,0,0,0,0,0,0,0,0,0,0,0,0,0,0,0,0
3.41003677248955,0,156.269683212042,15.4554196596146,1423.9940148592,19.1272683143616,167.168719619513,0.694430649280548,3397.51139971614,6.15382060408592,24.1386360228062,0,2019.31374031305,0,0,1.35401019454002,9.27131235599518,0,4.08564072847366,0,113.332161962986,25.6923589706421,126.709795057774,32.0846841931343,164.03680023551,28.3954154253006,384.358761548996,32.5747027695179,1475.57112574577,1.80339413881302,86.8977886140347,15.9207970499992,5.61700424551964,2.11280465126038,0,0,35.7501524090767,0,6.84963291883469,0,71.3127656579018,1.61728578805923,5.68190538883209,0,0,0,11.6807696223259,0,0,0,0.416125565767288,0,0,0,8.4113427400589,0,0.718055605888367,0,0,0,0,0,0,0,0,0,1.36395645141602,0,0,0,589.442450761795,30.3469622135162,1355.16229364276,1.06852030754089,48.3815461993217,0,128.196475327015,0,0,0,10.1184005141258,0,79.8991201519966,0.66973876953125,55.9528447389603,0,47.2185773849487,0.9046670794487,21.5189487934113,0,0,0,0,0,1.68633902072906,0,0,0,0,0,0,0,0,0,0,0,0,0,0,0,0,0,0,0,0,0
0,6.59345686435699,20.3614445328712,222.99740332365,65.1265332102776,1242.35631540418,16.2965649366379,640.469575107098,11.1483369767666,2145.99870738387,0,61.9884150028229,3.44570821523666,2441.6546857357,1.35401019454002,0,0,10.983201444149,0,0,1.23098826408386,94.8877725601196,80.7847909629345,56.6411710977554,118.909475922585,69.8843106329441,31.1110630333424,301.057895123959,2.32509207725525,1819.86410853267,16.3757199048996,18.9943250715733,0,1.94682931900024,0,0,0,19.2848336696625,0,5.17111107707024,1.2832350730896,153.201647281647,0,3.65553414821625,0,0,0,1.21692025661469,0,0,0,0,0,0,0,5.06747901439667,0,5.85914397239685,0,0,0,0,0,0,0,0,0,0,0,0,64.5602969825268,720.894448637962,7.49267357587814,1516.21495103836,0,82.8454160690308,0,103.320406645536,0,0,0,19.7464772462845,0,123.676161289215,0,33.8168013095856,0,55.4790897071362,0,17.0496194064617,0,0,0,0,0,0,0,0,0,0,0,0,0,0,0,0,0,0,0,0,0,0,0,0,0,0
490.383784294128,0,77.7240225076675,0,0,0,27.8930657804012,0,2.58683395385742,0,763.316786885262,0,63.1597838103771,0,9.27131235599518,0,0,0,67.8719697296619,2.10693621635437,0,0,10.1777350306511,0,0,0,0,0,3042.50144758821,0,0,0,0.656648457050323,2.61783802509308,0,0,16.1954853534698,0,5.81351840496063,0,0,0,0,0,0.980502307415009,0,0.512373507022858,0,0,0,8.26729598641396,0,0,0,0,0,3580.97014147043,0,50.8409989178181,0,523.202619850636,0,1118.41262847185,0,75.904063642025,0,25.4549705386162,0,27.8067144751549,0,55.2291291058064,3.05398499965668,498.36792036891,0,44.735863506794,0,160.693725556135,2.46955913305283,437.152735263109,0,1671.62568283081,0,162.033836752176,0,181.112717688084,0,1.08386588096619,0,48.3379588723183,0,0,0,0,0,2.43134880065918,0,0,0,0,0,0,0,0,0,0,0,0,0,0,0,0,0,0,0,0,0
2.53334337472916,1004.82309520245,0,187.42589700222,0,0.755698204040527,0,182.589598059654,0,1.83926504850388,0,728.320315301418,0,180.72601249814,0,10.983201444149,0,0,9.75054657459259,106.639958024025,0,0,0,16.439190030098,0,0,0,0,0,2566.06965580583,1.38496172428131,0.915517091751099,3.62624943256378,10.3434732556343,0,0,2.03374457359314,14.7313817739487,0,3.50120449066162,0,0,0,0,0,0,0,0.951448917388916,0,1.53939253091812,0,2.51502406597137,0,0,0,0,0.551293253898621,2094.93723350763,1.55259346961975,79.1199328899384,0,602.720566570759,0,2553.88806053996,0,45.899879693985,0,16.0412197709084,0.77930611371994,32.728237003088,16.0730563402176,359.492089152336,1.97910606861115,1722.22156941891,0,90.2794518470764,13.6783281564713,313.554844915867,0,385.382224202156,0,950.496319651604,0,5.43813407421112,0,84.7840801477432,0,3.09581243991852,0,12.9598675370216,0,0,0,0,0,8.87260937690735,0,0,0,0,0,0,0,0,0,0,0,0,0,0,0,0,0,0,0,0
1569.74688786268,366.020439654589,1906.46736335754,1234.33899524808,6.05422756075859,0,447.963538199663,1023.06952497363,4.39054518938065,0,1143.69294965267,201.150555968285,757.73892557621,81.0657169818878,4.08564072847366,0,67.8719697296619,9.75054657459259,0,5210.08673870564,0,0,1381.8995090425,699.591861873865,2.92607206106186,0,0,0,495.809194773436,11.5201339125633,332.288216352463,477.00725787878,2696.75992131233,1560.76367908716,55.6234520673752,2.75463962554932,82.9769121110439,1.89474558830261,20.5013008117676,0,2.11942464113235,0,42.6445753276348,0,15.7006979286671,0,31.6832112669945,1.21777749061584,1.96408951282501,0,5.15929651260376,0,0,0,0,0,154.300570785999,3.080206990242,392.14752560854,0,37.6895079612732,0,0.75225293636322,0,6.62586086988449,0,2121.43750861287,0.629438102245331,1761.78647723794,8.21760195493698,1591.08396103978,629.254687309265,1548.44483026862,325.120581686497,542.231297075748,97.7240364551544,2323.89432227612,385.78015550971,0,0,2.71845370531082,0,6.46614065766335,0,0,0,0,0,0,0,0,0,0,0,16.5865765810013,0,2.2505961060524,0,0,0,0,0,0,0,0,0,0,0,1.49652469158173,3.66156113147736,0,0,0,0,0,0
694.587852180004,1767.01968622208,491.89813375473,3937.87180703878,0,0.497982054948807,433.497829884291,517.277638942003,0,1.08794760704041,74.9809483289719,549.240232288837,71.0340402126312,161.380464166403,0,0,2.10693621635437,106.639958024025,5210.08673870564,0,0,0,257.947390466928,1519.16279286146,1.61095023155212,3.77715051174164,0,0,22.9497122168541,48.5512946844101,247.063889354467,329.85118919611,1842.50200122595,4445.88575994968,2.78041926026344,66.7829947769642,2.20240473747253,99.7159700989723,0,10.5880717635155,0,1.46031367778778,1.19774007797241,5.36159706115723,0,0.53275465965271,2.07629585266113,64.4779159128666,0,0,0,2.47909200191498,0,0,0,0,128.443431615829,413.187500715256,15.0697303414345,337.013600111008,1.53756499290466,3.35701280832291,1.44894635677338,10.8598190546036,0,0,190.655402243137,1654.93437221646,1730.43418109417,2676.54462227225,799.405844271183,1003.08949416876,188.727000057697,820.19564858079,35.0246663093567,387.665575712919,858.62220698595,2430.99418404698,0,3.30147987604141,1.31100070476532,1.89821767807007,0,0,0,5.41520726680756,0,0,0,0,0,0,0,0,0.62699431180954,21.4488655924797,0,0,0,0,0,0,0,0,0,0,0,0,3.76451086997986,5.17641365528107,0,0,0,0,0,0
0,0,2.37652444839478,1.41560173034668,133.566414386034,7.53959530591965,0,0,30.4197333753109,1.00094962120056,0,0,0,0,113.332161962986,1.23098826408386,0,0,0,0,0,39.1776047050953,42.5436065495014,39.2680297493935,120.603791922331,24.4625072479248,633.102505415678,48.1654280126095,28.7577251195908,0,875.893762379885,40.1065901517868,61.39269515872,1.81628412008286,3.10919073224068,0,33.7242239713669,3.25094926357269,2.51089644432068,0,128.669115245342,35.6332816183567,0,0,0,0,0.874270081520081,0,0,0,0,0,0,0,3.4995214343071,2.9769207239151,0,0,0,0,0,0,0,0,0,0,1.46953254938126,0,0,0,870.773447960615,76.9261209368706,201.012741625309,14.0380805134773,68.5435436367989,17.4277927875519,15.2027443051338,3.18589067459106,0,0,0,0,10.3477505743504,1.33365619182587,0,0,9.06660974025726,10.1292988657951,7.48088055849075,11.8689237833023,0,0,0,0,0.559024810791016,0,0,0,0,0,0,0,0,0,0,0,0,0,1.16427373886108,0,0,0,0,0,0,0.464518368244171
0,0,8.58956778049469,4.01511347293854,74.5568092465401,369.342827707529,3.89990574121475,1.11330318450928,7.52246183156967,40.2347263097763,0,0,0,0,25.6923589706421,94.8877725601196,0,0,0,0,39.1776047050953,0,72.7927339375019,71.1916540265083,112.814879387617,357.509579628706,225.407905191183,1455.83632054925,14.3853686749935,253.78176382184,53.1388660371304,931.081567049026,4.65394282341003,26.3449386358261,0,1.29672220349312,0.977203369140625,24.7894781827927,5.01286256313324,8.12376874685287,3.318603515625,191.437267780304,0,0,0,0,0,0,0,0,0,0,0,0,0,0,0,0,0,0,0,0,0,0,0,0,0,0,0,0,262.203122526407,495.169596374035,6.79345762729645,123.403443157673,2.44932794570923,1.27292227745056,0.87531441450119,2.12777131795883,0,0,0,0.752293288707733,0.997182369232178,286.464403629303,0,3.93291962146759,7.96013385057449,72.5793460905552,0.497587233781815,19.6306998729706,0,0,0,0,0,0,0,0,0,0,0,0,0,0,0,0,0,0,0,0,0,0,0,0,0,0
17.7831634581089,1.34339964389801,3334.24982193112,1531.18363925815,283.719054847956,234.3124371171,1031.63135817647,1049.26907512546,74.3081222474575,95.9824702739716,122.406963795424,31.3157580494881,720.664426773787,61.0106066465378,126.709795057774,80.7847909629345,10.1777350306511,0,1381.8995090425,257.947390466928,42.5436065495014,72.7927339375019,0,3626.78515437245,1018.30110701919,496.499839007854,522.516026884317,230.039893597364,639.741124898195,1.83702600002289,2622.18823686242,1635.86177411675,1017.55963853002,487.292921185493,185.578887611628,2.12051105499268,10.2946128249168,0,2.48532491922379,0,6.57697775959969,1.71162337064743,41.2190420329571,0,3.47120913863182,0,8.56841424107552,0,0,0,0,0,0,0,0.480702489614487,0,8.03741061687469,0,0,0,0,0,0,0,0,0,156.507033467293,0,3.7386047244072,0,1608.4830981791,1138.04054754972,1471.77507179976,290.849431186914,243.146903008223,24.5377290844917,597.841028541327,28.958976328373,0,0,2.19776645302773,0,5.85239136219025,0,0,0,0,0,0,0,0,0,0,0,0,0,0,0,0,0,0,0,0,0,0,0,0,0,0,0,0,0,0,0,0,0
3.98930251598358,8.27368968725204,1084.82758769393,3104.33686774969,281.678217440844,97.0137294232845,1510.84839913249,878.52905574441,157.206274032593,20.3060133755207,16.12139326334,155.528665214777,312.354866415262,252.625416308641,32.0846841931343,56.6411710977554,0,16.439190030098,699.591861873865,1519.16279286146,39.2680297493935,71.1916540265083,3626.78515437245,0,500.940610080957,1221.87823024392,139.340119808912,333.422423958778,102.553260743618,107.573418557644,937.193453073502,2312.43969282508,241.436367511749,1463.88630473614,0,141.601907759905,0,10.0092777609825,0,0,2.39860999584198,4.7396439909935,0,6.80405685305595,0,0,0,38.4635093212128,0,0,0,0,0,0,0,0,0,5.16381758451462,0,0,0,0,0,0,0,0,0,240.578768283129,0,13.5511853396893,1198.99410238862,1810.04716426134,557.470251113176,1068.03295469284,65.1321393847466,282.741049200296,26.2960695028305,695.501587033272,0,0,0,0,0,1.12282592058182,0,1.36106705665588,0,0.441994696855545,0,0,0,0,0,0,0,1.3340277671814,0,0,0,0,0,0,0,0,0,0,0,0,1.07878637313843,0,0,0,0,0,0,0
0,0,131.238056480885,171.499074995518,322.920572936535,254.189169973135,21.7625633180141,20.0121970176697,62.6460733115673,88.2595716118813,0,0,3.00851795077324,0,164.03680023551,118.909475922585,0,0,2.92607206106186,1.61095023155212,120.603791922331,112.814879387617,1018.30110701919,500.940610080957,0,736.256847977638,1280.80834639072,356.939060747623,54.1514272093773,6.37674325704575,455.090254545212,340.212688475847,27.6278908252716,2.83610585331917,0,0,5.34143823385239,0.469303458929062,0,0,29.682176977396,5.39995014667511,0,0,0,0,0,0,0,0,0,0,0,0,0.9792839884758,0,0,0,0,0,0,0,0,0,0,0,0,0,0,0,429.576008290052,105.933380723,212.615746438503,12.2621268630028,7.66263383626938,0,9.75525406002998,0,0,0,0,0,15.575342386961,3.20306706428528,3.55928927659988,0,11.2920236587524,0.478140711784363,1.9500635266304,0,0,0,0,0,0,0,0,0,0,0,0,0,0,0,0,0,0,0,0,0,0,0,0,0,0,0
0,0,74.0896255373955,236.636853039265,250.668091803789,386.956507205963,44.7332503199577,15.4749174118042,79.2390559911728,28.9667056798935,0,0,2.74962955713272,1.6948401927948,28.3954154253006,69.8843106329441,0,0,0,3.77715051174164,24.4625072479248,357.509579628706,496.499839007854,1221.87823024392,736.256847977638,0,373.015286266804,1094.64377450943,5.67711371183395,27.2410419583321,285.532873243093,290.498002320528,8.17052787542343,23.7724746763706,0,0,0,0,0,0,4.01442241668701,33.221493691206,0,0,0,0,0,0,0,0,0,0,0,0,0,0,0,0,0,0,0,0,0,0,0,0,0,0,0,0,316.04427844286,425.652280092239,34.1674111485481,145.314923346043,1.73385012149811,3.73184990882874,0,4.86431807279587,0,0,0,0.514334797859192,1.1962708234787,28.7087890207767,0,2.64240217208862,0.582776844501495,9.559230864048,0,1.98267710208893,0,0,0,0,0,0,0,0,0,0,0,0,0,0,0,0,0,0,0,0,0,0,0,0,0,0
0,0,34.429060459137,24.9862543940544,745.62812513113,102.922318994999,1.54255706071854,6.40203595161438,86.6975065767765,21.4484786987305,0,0,0,0,384.358761548996,31.1110630333424,0,0,0,0,633.102505415678,225.407905191183,522.516026884317,139.340119808912,1280.80834639072,373.015286266804,0,471.240452677011,148.557876318693,3.97547617554665,574.868831992149,165.975411236286,51.1639299988747,3.18126881122589,0.43638551235199,0,58.8265869021416,12.5095043182373,21.3215926289558,0,82.5628405809402,9.9775333404541,0,0,0,0,0.811054885387421,0,0,0,0,0,0,0,0.563243627548218,0,0,0,0,0,0,0,0,0,0,0,0,0,0,0,559.59792214632,110.575759321451,201.438593745232,14.3327189981937,9.18838319182396,0,13.5689718723297,2.31279945373535,0,0,1.32180815935135,0,58.1025379896164,6.62196987867355,5.81895345449448,0,38.821026802063,1.93987953662872,24.9329389333725,0,0,0,0,0,1.5160174369812,0,0,0,0,0,0,0,0,0,0,0,0,0,0,0,0,0,0,0,0,0
0,0,28.923695743084,106.405323594809,191.091704487801,1631.86728531122,24.3316813707352,7.34919077157974,54.2110651731491,299.182569533587,0,0,3.48742586374283,2.37605127692223,32.5747027695179,301.057895123959,0,0,0,0,48.1654280126095,1455.83632054925,230.039893597364,333.422423958778,356.939060747623,1094.64377450943,471.240452677011,0,8.68340185284615,106.322878986597,127.210949480534,270.818911284208,0.540196716785431,7.08313289284706,0,0,9.18769562244415,37.8625902831554,13.2313557863235,1.69401788711548,4.67752492427826,131.017264068127,0,0,0,0,0,3.10081440210342,0,0,0,0,0,0,0,0.969486862421036,0,0,0,0,0,0,0,0,0,0,0,0.686538815498352,0,0,403.99766138196,591.581007897854,15.454050630331,313.335480332375,0,7.09352493286133,2.58611643314362,10.2608973383904,0,0.839587450027466,0,1.66957029700279,2.70771765708923,124.588209599257,0,12.5044226646423,1.3463990688324,83.0883963704109,0.586661040782928,19.3909797668457,0,0,0,0,0,0,0,1.22388410568237,0,0,0,0,0,0,0,0,0,0,0,0,0,0,0,0,0,0
419.826455831528,1.81519246101379,1101.79250562191,38.3064324855804,416.275309950113,0.813973188400269,698.074150323868,42.0823704600334,468.691052019596,1.10029494762421,1367.52038088441,6.04879319667816,2913.92162117362,2.38351708650589,1475.57112574577,2.32509207725525,3042.50144758821,0,495.809194773436,22.9497122168541,28.7577251195908,14.3853686749935,639.741124898195,102.553260743618,54.1514272093773,5.67711371183395,148.557876318693,8.68340185284615,0,0,59.8275525271893,57.0269690752029,12.0307294726372,54.7047263383865,5.35421204566956,9.43037751317024,117.126879692078,0,30.5631332993507,0,94.2214359045029,0,104.467146813869,0,26.3991916179657,0,329.900801092386,0,72.2550181746483,0,416.028745919466,0,97.9636537134647,0,109.331653922796,0,1040.12432998419,2.50398302078247,336.107526540756,0,415.216356158257,0,599.755110710859,0,143.732008129358,0,165.745143294334,3.54585301876068,42.8064624369144,2.47913461923599,444.002221763134,51.1696224808693,1625.47619619966,14.7976800203323,70.5143041312695,2.45101642608643,345.229787841439,10.3498912751675,392.528408110142,0,1563.27793028951,0,1230.27559453249,0,568.147438555956,0,195.923440277576,0,333.388325870037,0,1.11170434951782,0,0,0,10.8167544007301,2.10311961174011,4.08237147331238,0,7.61793807148933,0,0,0,0,0,3.10359913110733,0.68310958147049,3.75822281837463,0,0,0.945280730724335,0,0,0,0,0,0
0.674350380897522,88.5565529763699,6.79964220523834,367.813924342394,4.69280844926834,274.892084807158,5.04611730575562,303.57347843051,0,270.272587090731,0,907.897878825665,1.40489959716797,1464.98001071811,1.80339413881302,1819.86410853267,0,2566.06965580583,11.5201339125633,48.5512946844101,0,253.78176382184,1.83702600002289,107.573418557644,6.37674325704575,27.2410419583321,3.97547617554665,106.322878986597,0,0,6.03565925359726,5.81031364202499,4.31096851825714,5.63034337759018,0.532432377338409,0.688896715641022,0,56.1042478382587,0,14.3698426485062,0,166.361865401268,0,43.8999824523926,0,8.06186354160309,0,93.765642374754,0,14.8187798857689,0,62.9357157349586,0,39.2554148435593,0,62.6978317797184,0,399.315863907337,0,93.962081849575,0,208.05627527833,0,445.411805719137,0,53.1949436366558,2.80347335338593,19.9231018424034,0,10.5498030781746,10.8233840465546,209.950590014458,0.858848810195923,4289.76615577936,0,33.0404157340527,0,90.2245409190655,0,382.121928572655,0,781.016107439995,0,955.003768593073,0,219.728696256876,0,124.212200403214,0,74.9717070758343,0,0,0,0,2.2438383102417,3.71769112348557,0,0,0,4.33930814266205,0,0,0,1.60622477531433,0.95316356420517,1.02447998523712,0,0,0,0,0,0,0,0,0,0
5.17585337162018,9.62957286834717,125.94236022234,277.383148133755,90.7149110138416,63.498559653759,108.307772696018,134.473220735788,15.5061537325382,14.5854363441467,4.03598290681839,13.2022592425346,36.5920830368996,12.2167047858238,86.8977886140347,16.3757199048996,0,1.38496172428131,332.288216352463,247.063889354467,875.893762379885,53.1388660371304,2622.18823686242,937.193453073502,455.090254545212,285.532873243093,574.868831992149,127.210949480534,59.8275525271893,6.03565925359726,0,770.830280780792,1503.07875701785,199.63780015707,471.873608767986,4.48281374573708,0.589664041996002,0,3.25022810697556,0,3.02619171142578,2.08683830499649,142.192556589842,0,15.5594860911369,0,60.5391103923321,0,0,0,0,0,0,0,0.572005927562714,0,4.47093743085861,3.68155324459076,0.772763609886169,0,0,0,0,0,0,0,590.789919406176,4.62986385822296,4.41416174173355,0,817.730856239796,216.306266009808,146.137241542339,104.518905818462,20.795811355114,10.2937052845955,57.5143877267838,43.054402410984,0,0,0,0,4.50227615237236,0.614151298999786,0,0,7.11243638396263,0.863682806491852,1.48251342773438,0,0,0,0,0,0,0,0,0,0,0,0,0,0,0,0.742429077625275,0,0,0,1.56032526493073,0,0,0,0,0,0,0
9.26440042257309,4.69007378816605,386.613034129143,220.245213091373,89.0306739807129,35.9681784212589,340.977543085814,143.633772790432,33.670357465744,7.55227518081665,19.2663489580154,20.0770138502121,127.299070715904,29.559780061245,15.9207970499992,18.9943250715733,0,0.915517091751099,477.00725787878,329.85118919611,40.1065901517868,931.081567049026,1635.86177411675,2312.43969282508,340.212688475847,290.498002320528,165.975411236286,270.818911284208,57.0269690752029,5.81031364202499,770.830280780792,0,233.446637749672,2435.8317270875,14.3053236603737,278.440820038319,2.04087281227112,0.89456570148468,0,1.75413531064987,1.18732368946075,3.02767232060432,2.74459737539291,22.0984907150269,1.67728334665298,0,1.4141833782196,58.8262792825699,0.438203513622284,0,0,0,0,0,0,0,0,0,0,2.19156640768051,0,1.32164108753204,0,0,0,0,38.6492873430252,494.539478123188,2.27692556381226,12.0792709589005,439.68452745676,424.824578940868,298.00868794322,111.137219816446,43.8331974744797,40.212003082037,116.96622800827,80.3926093578339,0,0,0,0,0,7.28640511631966,0,0,0,0.995622396469116,0,0.564916014671326,0,0,0,0,0,0,0,0,0,0,0,0,0,0,0,0,0,0,0,0,0,0,0,0,0,0
35.0297955870628,189.973263144493,32.5063080191612,350.152274161577,10.5944820940495,0,22.1819192767143,139.990268111229,1.04080784320831,0,5.92469048500061,43.5601279735565,18.8846747875214,17.0170739889145,5.61700424551964,0,0.656648457050323,3.62624943256378,2696.75992131233,1842.50200122595,61.39269515872,4.65394282341003,1017.55963853002,241.436367511749,27.6278908252716,8.17052787542343,51.1639299988747,0.540196716785431,12.0307294726372,4.31096851825714,1503.07875701785,233.446637749672,0,1513.8491974175,1689.92264285684,60.9808991253376,8.64577656984329,7.27796864509583,62.0340636670589,1.29025757312775,0,0,345.686426818371,6.55556410551071,177.693879812956,4.99767696857452,193.284117758274,2.71623784303665,2.43207603693008,0,0,0,0,0,10.4496396481991,0,99.443910241127,77.8830053806305,57.0398029983044,61.7184286117554,0,5.80538105964661,1.26123857498169,8.39571732282639,0.791882812976837,1.35270023345947,4491.69055622816,440.446856796741,752.445909619331,307.074586749077,159.094967663288,155.41740655899,52.3349185883999,74.7229596972466,8.31234776973724,19.1191120147705,100.427609682083,199.802621603012,0,0,1.501544713974,2.59954905509949,0,0,1.52155113220215,0,0,0,0,0,0,0,0,0,0.514624059200287,0,0,0,0,0,0,0,0,0,0,0,0,0,0,0,0,0,0,0,0,0
124.703179180622,139.396020948887,201.037778019905,192.978548228741,0.58761340379715,1.97161170840263,350.252742916346,136.274045020342,0,0.596069395542145,31.1236655116081,38.7391556799412,106.543760538101,30.9339870214462,2.11280465126038,1.94682931900024,2.61783802509308,10.3434732556343,1560.76367908716,4445.88575994968,1.81628412008286,26.3449386358261,487.292921185493,1463.88630473614,2.83610585331917,23.7724746763706,3.18126881122589,7.08313289284706,54.7047263383865,5.63034337759018,199.63780015707,2435.8317270875,1513.8491974175,0,90.0219316482544,954.325226992369,32.8836950659752,4.51298487186432,9.29862421751022,71.3274566829205,1.61903822422028,0.554034054279327,34.3828764557838,78.8361607193947,26.6857456564903,5.8058058321476,15.5807473063469,171.905193448067,4.06146329641342,0,2.64263641834259,0,0,0,0,1.96433562040329,144.959770321846,115.616267979145,192.636931836605,85.010928273201,27.1743034720421,0.67689847946167,4.45839565992355,6.13829499483109,1.70912778377533,0.600945889949799,1336.71468859911,5013.79603007436,920.774713516235,969.016970962286,316.449582546949,251.522292435169,161.412890315056,105.801808744669,44.9833744764328,28.9833197295666,208.631290435791,199.419243574142,1.61159217357635,0,17.5512695908546,1.69546574354172,0,0,9.40732133388519,2.616335272789,0,0,5.15916627645493,0.571334719657898,0,0,0,0,0,0,0,0,0,0,0,0,0,0,0,0,0,0,0,0.558189809322357,0,0,0,0,0,0
0,0,1.54138720035553,0,0,0,2.75912171602249,0,0,0,0,0,0.642495572566986,0,0,0,0,0,55.6234520673752,2.78041926026344,3.10919073224068,0,185.578887611628,0,0,0,0.43638551235199,0,5.35421204566956,0.532432377338409,471.873608767986,14.3053236603737,1689.92264285684,90.0219316482544,0,233.307464510202,163.824918329716,73.9582566916943,62.1543821692467,26.970817565918,8.87572515010834,4.26469033956528,467.813945829868,404.761232793331,393.914150506258,272.015498220921,240.144975751638,100.840077221394,129.720242440701,135.978005856276,129.07674318552,70.2437892854214,21.02082914114,42.9156250953674,49.9372951388359,47.0114479959011,0,1.53263431787491,126.65904045105,257.559440463781,7.55341064929962,8.34289002418518,0,2.20272678136826,2.54925429821014,6.05643481016159,2313.92733597755,575.677005439997,0,4.23735946416855,20.5762493014336,1.24227225780487,18.6386398971081,12.5214463174343,1.16519206762314,1.42439836263657,148.121250629425,27.1684832572937,1.72976100444794,0,7.32823863625526,0.556801855564117,0.98638916015625,0,3.58642160892487,4.82192051410675,0,0,13.6154345571995,6.45035171508789,0,0,0,0,0,0,0,1.36022210121155,1.97813940048218,0.876491367816925,0,0,0,0,0,0,0,0,0,0,0,0,0,0,0,0
0,0,0,9.44496786594391,0,0,0,6.88842141628265,0,0,0,0.466211885213852,0,0.611831068992615,0,0,0,0,2.75463962554932,66.7829947769642,0,1.29672220349312,2.12051105499268,141.601907759905,0,0,0,0,9.43037751317024,0.688896715641022,4.48281374573708,278.440820038319,60.9808991253376,954.325226992369,233.307464510202,0,76.7358339428902,164.953989684582,29.49993288517,118.32176887989,12.9136179089546,2.67965316772461,185.815058857203,358.738914608955,163.003445029259,243.904630810022,129.981753200293,200.659328699112,73.1349989771843,128.593927562237,96.4620914459229,56.2564219236374,9.49750244617462,39.7654940485954,21.6978582143784,84.6619342267513,0,0.920877814292908,114.980052471161,154.58067497611,8.98776972293854,6.21947455406189,0.85562926530838,1.38889414072037,5.6044904589653,0,630.729940801859,1476.9418374598,0,0,4.74920523166656,13.4921415150166,40.6885896623135,11.3474905788898,1.2265784740448,2.38202559947968,87.2157075405121,92.4012096524239,0,0,13.7727422118187,0,0.458963125944138,1.0580061674118,6.94359773397446,7.62874972820282,0,5.43670904636383,4.19100081920624,7.3105286359787,0,0,0,0,2.58428955078125,0,0,2.06318563222885,4.20476198196411,4.53647470474243,0,0,0,0,0,0,0,0,0,0,0,0,0,0,0,0
291.599414676428,0,65.7991988062859,1.26455020904541,42.1052523851395,0,35.4698341488838,0,39.99346357584,0,17.4653436541557,0,12.8233886361122,0,35.7501524090767,0,16.1954853534698,2.03374457359314,82.9769121110439,2.20240473747253,33.7242239713669,0.977203369140625,10.2946128249168,0,5.34143823385239,0,58.8265869021416,9.18769562244415,117.126879692078,0,0.589664041996002,2.04087281227112,8.64577656984329,32.8836950659752,163.824918329716,76.7358339428902,0,109.868220031261,1517.09304621816,46.3685717880726,589.31204071641,25.5461753904819,444.971014112234,179.963661730289,141.690056890249,121.409982413054,1263.33469328284,70.1367337405682,271.18451076746,80.2318083643913,800.885169714689,35.3317177593708,144.501567453146,14.3626240491867,1005.25163367391,46.550118803978,555.565657407045,8.44411242008209,457.872929424047,102.956879466772,218.913497626781,12.0130091905594,46.4867259263992,4.5435528755188,150.816664844751,2.88686794042587,679.332684218884,513.501540243626,233.812267780304,8.55415153503418,338.21306720376,24.5787290930748,546.067627638578,13.4382130503654,1019.68549990654,44.6015193164349,3749.713632375,92.3252739906311,5.96483498811722,0,88.7680229842663,1.39811336994171,232.107654899359,0,170.208366960287,1.44486010074615,598.563075900078,2.51234537363052,1476.67466506362,5.02109175920486,109.765453547239,124.852952122688,54.9325754344463,61.7398707270622,139.29165109992,52.5851214826107,135.498045831919,27.6586006581783,80.6271298527718,52.9489736258984,32.6129114925861,9.75998145341873,80.1892222166061,62.2827440202236,92.5048364698887,65.3376586735249,34.1178047657013,8.62453293800354,17.3667932152748,44.964726537466,17.1924045085907,0,3.67166683077812,0,2.32273012399673,6.87079334259033
0,588.339103072882,1.34162330627441,159.813658982515,0,10.7028312385082,0,47.0764195919037,0,15.5671590268612,0,15.0174476504326,0,10.2346860766411,0,19.2848336696625,0,14.7313817739487,1.89474558830261,99.7159700989723,3.25094926357269,24.7894781827927,0,10.0092777609825,0.469303458929062,0,12.5095043182373,37.8625902831554,0,56.1042478382587,0,0.89456570148468,7.27796864509583,4.51298487186432,73.9582566916943,164.953989684582,109.868220031261,0,40.1882094740868,1712.35218378901,23.6439014673233,595.547873735428,96.6686113476753,385.036816358566,38.3453018963337,213.952976256609,110.74426317215,565.460776895285,11.6691368818283,278.125761568546,5.7265613079071,494.277911663055,3.75298511981964,192.118439137936,23.0138421654701,1811.5501498282,0,394.960480958223,56.6521195173264,521.834818333387,2.49358326196671,192.294317722321,0,59.7568591237068,0,221.644654929638,409.193798094988,480.335565090179,0,76.8018046319485,20.814826965332,279.991404831409,19.3176368772984,320.746703743935,23.7481807470322,408.67975756526,93.7873721718788,3286.90977519751,0,7.96725872159004,0,85.9351177811623,0,141.004042446613,0,344.669069886208,1.06309187412262,804.190021276474,13.8212311267853,1320.90218707919,29.8416330814362,53.415304005146,17.4902198016644,43.5508891046047,8.89606493711472,101.810341536999,24.0638045966625,25.7221604585648,17.4950145483017,57.3490131497383,20.8780801296234,10.0117987990379,26.6968540549278,85.8845846056938,22.9046652913094,43.533743083477,12.1304807662964,11.7746363282204,7.62675496935844,5.81844681501389,14.3919205665588,3.43023854494095,5.27840250730515,2.24975526332855,1.55112755298615,5.773217856884
49.6972623765469,0,2.98766195774078,0,2.40013092756271,0,2.04083997011185,0,4.60216075181961,0,1.30547416210175,0,1.00167500972748,0,6.84963291883469,0,5.81351840496063,0,20.5013008117676,0,2.51089644432068,5.01286256313324,2.48532491922379,0,0,0,21.3215926289558,13.2313557863235,30.5631332993507,0,3.25022810697556,0,62.0340636670589,9.29862421751022,62.1543821692467,29.49993288517,1517.09304621816,40.1882094740868,0,58.5463310480118,747.438829898834,0,273.295436888933,40.5468795001507,164.531106442213,3.98552376031876,1177.76688152552,19.2977133989334,55.0468807518482,1.6308501958847,160.60971903801,0,55.6840122938156,0.512747526168823,1449.97546958923,6.35613095760345,201.328454971313,1.2723480463028,138.801477998495,0,54.2178589701653,3.72135627269745,22.3236850500107,0,29.6675235629082,0,474.727441906929,84.4778320193291,99.3412184119225,1.79758906364441,57.2099909484386,12.4154949188232,83.4725150763988,2.34809702634811,114.987587571144,17.6859121620655,284.641925960779,37.5017389655113,0,0,14.6145732104778,0,214.51418697834,0,35.8750169873238,0,248.128737658262,0,340.532144367695,2.04386085271835,123.654254674911,256.836266845465,64.6179223060608,93.6896304786205,45.4629088938236,83.7063576877117,98.0519899725914,36.5115865468979,53.0436323285103,87.1447468996048,46.0775851011276,19.5304296910763,101.507615149021,70.0662461221218,64.1885228455067,38.6721839904785,37.7849655151367,10.0643880367279,7.48722523450851,6.6788803935051,15.3426083922386,1.17569315433502,4.87256193161011,1.21736860275269,4.08648902177811,7.41679853200912
0,125.867720872164,0,22.2980239391327,0,2.20730572938919,0,4.85690349340439,0,0.948546051979065,0,5.63629126548767,0,0,0,5.17111107707024,0,3.50120449066162,0,10.5880717635155,0,8.12376874685287,0,0,0,0,0,1.69401788711548,0,14.3698426485062,0,1.75413531064987,1.29025757312775,71.3274566829205,26.970817565918,118.32176887989,46.3685717880726,1712.35218378901,58.5463310480118,0,0,1148.11738172174,19.187957406044,410.470398426056,2.67322450876236,116.76027700305,57.4077849984169,724.517565071583,2.17134195566177,61.9989551901817,0,121.173281818628,0,66.7971032857895,9.46340519189835,1782.5122410059,0,192.53164806962,1.74985504150391,141.483980447054,0,40.174524128437,0,7.38546267151833,0,35.8405266404152,65.0858910381794,718.265591591597,0,31.709445476532,0,54.2473513185978,2.53292059898376,76.0322375893593,13.1190435290337,81.762477517128,13.5949841737747,177.474952340126,0,0,0,9.60234969854355,0,280.292344748974,0,84.6511306166649,0,396.132078528404,0,252.372152507305,37.0345296263695,55.2626230716705,19.6820607185364,46.6208141744137,13.135462552309,69.9042897820473,26.9777334034443,38.5088448226452,21.9373631775379,48.3168777823448,14.4099899530411,21.0582139790058,26.0556952357292,59.5511016249657,25.3813201189041,46.2766203284264,10.2061713933945,7.1164653301239,2.52971094846725,1.03289276361465,11.3211672902107,2.54444992542267,7.97538024187088,0.604499876499176,2.18158966302872,1.08897078037262
7.05351787805557,0,0.642647862434387,0,176.018089234829,1.34664154052734,1.41641867160797,0,138.184945821762,0.870863318443298,0,0,0,0,71.3127656579018,1.2832350730896,0,0,2.11942464113235,0,128.669115245342,3.318603515625,6.57697775959969,2.39860999584198,29.682176977396,4.01442241668701,82.5628405809402,4.67752492427826,94.2214359045029,0,3.02619171142578,1.18732368946075,0,1.61903822422028,8.87572515010834,12.9136179089546,589.31204071641,23.6439014673233,747.438829898834,0,0,58.2250660061836,67.9023774266243,0,4.85234320163727,0,217.868400365114,1.14802992343903,7.62242805957794,0,93.575604557991,0,53.0496860444546,0,185.348991394043,6.04336434602737,0,0,15.447417318821,0,6.0112938284874,0,0,0,17.6869751811028,0,35.0000229775906,0,0,0,186.519285231829,24.8227800130844,511.6029946208,21.066698551178,264.741146445274,71.2900589108467,265.999179691076,4.31009644269943,0,0,3.51567652821541,0,1033.04594862461,5.86202001571655,70.8060295879841,0,1139.64399701357,19.3139793872833,416.572717368603,18.3677716255188,2.04763025045395,0,1.30357468128204,0.568112194538116,3.09272563457489,0.522480547428131,1.90095806121826,0,6.56957292556763,0,0,0,0,0,4.11921221017838,2.95875054597855,0,0,5.85092341899872,0.664489686489105,0,0,0,0,0,1.79179608821869
0,8.43318399786949,0,15.0267798006535,2.90934646129608,199.654066979885,0,9.40242290496826,0,118.738823324442,0,0,0,2.96690571308136,1.61728578805923,153.201647281647,0,0,0,1.46031367778778,35.6332816183567,191.437267780304,1.71162337064743,4.7396439909935,5.39995014667511,33.221493691206,9.9775333404541,131.017264068127,0,166.361865401268,2.08683830499649,3.02767232060432,0,0.554034054279327,4.26469033956528,2.67965316772461,25.5461753904819,595.547873735428,0,1148.11738172174,58.2250660061836,0,3.85355478525162,107.259981334209,0,18.4588796496391,0.895596086978912,297.305884838104,0,22.1723945140839,0,123.577081412077,0,82.1323635280132,4.41172856092453,500.266347140074,0,6.68571382761002,0,37.0767933428288,0,13.8268215060234,0,4.32127517461777,0,25.9416849315166,0.947725355625153,42.8035416901112,0,1.37491822242737,44.233789473772,223.869201749563,52.0085761547089,1017.77503597736,19.1429105997086,509.694891393185,5.53299701213837,252.451582789421,0,0,0,45.4484822750092,1.41979265213013,1427.90653881431,1.06868302822113,190.600294649601,22.2815000414848,1808.99785560369,33.9369741678238,643.557136982679,0,2.78408885002136,0,5.82442361116409,0,7.64059543609619,0,2.14434337615967,0,26.1938706040382,0,0.950295567512512,0,2.94233000278473,0.408392488956451,4.22991079092026,0,0,0.729636192321777,0,2.98941880464554,0,0,0,0,0
0,0,0,1.62920582294464,0.997600197792053,0,0,0,0,0,0,0,0,0,5.68190538883209,0,0,0,42.6445753276348,1.19774007797241,0,0,41.2190420329571,0,0,0,0,0,104.467146813869,0,142.192556589842,2.74459737539291,345.686426818371,34.3828764557838,467.813945829868,185.815058857203,444.971014112234,96.6686113476753,273.295436888933,19.187957406044,67.9023774266243,3.85355478525162,0,2293.67608183622,12180.5871365666,1067.66202285886,10286.3904599547,939.222439616919,2653.87814569473,262.052335202694,1151.11423742771,27.0153602957726,520.82433962822,7.52191591262817,340.152478188276,23.8414288461208,0,0,273.227118879557,220.852155059576,9.64472138881683,0,0,0,0.564746260643005,12.1215345859528,3592.51261001825,1259.74390372634,0,3.29191720485687,3.06483197212219,0,352.800296068192,2.84091675281525,3.17528980970383,0,280.994741082191,33.8049547076225,0,0,91.46835064888,0,8.98752152919769,0,43.3839048445225,1.01052176952362,10.3098670244217,0,120.841488212347,0,56.5219741165638,0,0,0,0,0,1.74578893184662,0.640256822109222,240.129513978958,132.407012581825,0,0,0,0,0,0,0,0,0,0,0,0,0,0,0,0
0,13.4454543590546,0,1.05110192298889,0,0.931943237781525,0,11.5267555713654,0,0,0,0,0,0,0,3.65553414821625,0,0,0,5.36159706115723,0,0,0,6.80405685305595,0,0,0,0,0,43.8999824523926,0,22.0984907150269,6.55556410551071,78.8361607193947,404.761232793331,358.738914608955,179.963661730289,385.036816358566,40.5468795001507,410.470398426056,0,107.259981334209,2293.67608183622,0,1398.36569106579,11916.304323256,234.260057717562,9368.67545202374,331.933041006327,2694.03853109479,109.784642696381,1009.87331229448,5.50970757007599,637.435183435678,17.9132207036018,660.06512516737,0,0.735481441020966,246.066632628441,459.869424134493,1.62394404411316,5.22573089599609,0,0.583071172237396,0,6.30774384737015,1043.93538844585,2773.31860587001,0,0,0,9.10474789142609,0.643636345863342,243.886307150126,0,30.1625992655754,39.0293616056442,267.030813932419,0,5.68068265914917,0,65.8029629588127,0,35.0091171562672,0,139.122824579477,0,20.1804271936417,3.21759861707687,106.283855348825,0,6.44705367088318,0,0,0,16.5929806530476,0,11.1756455600262,1.30401802062988,508.926717489958,0,0,0,0,0,1.91430056095123,0,0,0,0,0,0,0,0,0,1.13840651512146
0,0,0,0,0,0,0,0,0,0,0,0,0,0,0,0,0.980502307415009,0,15.7006979286671,0,0,0,3.47120913863182,0,0,0,0,0,26.3991916179657,0,15.5594860911369,1.67728334665298,177.693879812956,26.6857456564903,393.914150506258,163.003445029259,141.690056890249,38.3453018963337,164.531106442213,2.67322450876236,4.85234320163727,0,12180.5871365666,1398.36569106579,0,841.82400110364,1328.97466167808,35.695198059082,2322.61763814092,137.52064883709,1020.6330293715,26.9579889774323,147.705920338631,3.72752690315247,106.897877961397,4.13365602493286,0,1.09034550189972,318.029548943043,90.4950280785561,3.21645784378052,0,1.50009226799011,0,2.99699926376343,0,2208.92360475659,801.036121994257,0,4.64219719171524,2.75615650415421,0,86.1121964454651,1.32722795009613,5.63971018791199,0,171.10214099288,8.41405189037323,1.7641716003418,0,46.1619336903095,0,0,0,17.1517392992973,0,0.575374066829681,0,32.8340653777122,0,0,0,0,0,0,0,1.88076019287109,0,1.63281387090683,2.13323837518692,0,0,0,0,0,0,0,0,0,0,0,0,0,0,0,0
0,0,0,0,0,0,0,0,0,0,0,0,0,0,0,0,0,0,0,0.53275465965271,0,0,0,0,0,0,0,0,0,8.06186354160309,0,0,4.99767696857452,5.8058058321476,272.015498220921,243.904630810022,121.409982413054,213.952976256609,3.98552376031876,116.76027700305,0,18.4588796496391,1067.66202285886,11916.304323256,841.82400110364,0,20.0990223884583,1474.47326609492,28.0017874836922,4055.12565508485,1.64014625549316,1036.99502524734,0,355.348215848207,0,255.750725746155,0.659861266613007,0,24.9589102268219,471.12458473444,0,1.99345564842224,0,0.646996378898621,0,1.0522940158844,406.868995636702,1537.99216428399,0,0,0,0,0,117.699682593346,0,19.2058885097504,22.7662554383278,180.695041686296,0,2.71500539779663,0,38.4252555668354,0,0,0,22.0569804310799,0,0.8729088306427,0,23.2464085221291,0,0,0,0,0,0,0,8.77962690591812,0,19.0249617397785,0,0,0,0,0,0,0,0,0,1.6262229681015,0,1.66696417331696,0,0,0,0
11.4700145125389,0,1.42862457036972,0,7.24329328536987,0,2.40635475516319,0,3.3864837884903,0,0.933901309967041,0,4.66719642281532,0,11.6807696223259,0,0.512373507022858,0,31.6832112669945,2.07629585266113,0.874270081520081,0,8.56841424107552,0,0,0,0.811054885387421,0,329.900801092386,0,60.5391103923321,1.4141833782196,193.284117758274,15.5807473063469,240.144975751638,129.981753200293,1263.33469328284,110.74426317215,1177.76688152552,57.4077849984169,217.868400365114,0.895596086978912,10286.3904599547,234.260057717562,1328.97466167808,20.0990223884583,0,155.208836257458,1206.62684258819,9.89634972810745,2209.37313109636,5.67579609155655,1919.29031047225,3.52876818180084,3933.86224743724,26.9083936214447,4.50742679834366,1.60431373119354,218.256052702665,22.5986670255661,31.4690265953541,5.14859801530838,2.20888024568558,4.64608323574066,9.14869853854179,2.39869999885559,1992.37712684274,506.591849625111,2.63258820772171,2.99931961297989,26.1096206605434,0.991530239582062,785.198896467686,2.67383581399918,8.33181267976761,2.9571219086647,792.961390435696,49.3250938653946,1.68584251403809,0,180.385579705238,0,63.6630934774876,0,130.90128031373,1.19763159751892,52.8387868702412,0,564.86223885417,0.664946854114532,127.713372677565,0,0,0,144.758626282215,2.21118205785751,89.5123076438904,0.993641793727875,916.119896680117,0,0,0,2.61899209022522,0,7.66012465953827,1.77002382278442,0.845287561416626,0,4.08709937334061,104.606432199478,0,0,1.58454465866089,0,0.844907402992249,3.75916117429733
0,38.9946886301041,0,21.1355240046978,0,0,0,18.0969167351723,0,0,0,1.57547509670258,0,1.1467826962471,0,1.21692025661469,0,0.951448917388916,1.21777749061584,64.4779159128666,0,0,0,38.4635093212128,0,0,0,3.10081440210342,0,93.765642374754,0,58.8262792825699,2.71623784303665,171.905193448067,100.840077221394,200.659328699112,70.1367337405682,565.460776895285,19.2977133989334,724.517565071583,1.14802992343903,297.305884838104,939.222439616919,9368.67545202374,35.695198059082,1474.47326609492,155.208836257458,0,5.1639951467514,633.126836746931,0,930.969230830669,0,1644.05584737659,14.7246545851231,3553.82923853397,2.20697236061096,19.2310641407967,8.81909090280533,144.194229215384,1.49252676963806,29.760063290596,0,1.24556922912598,1.6865439414978,19.8297265172005,250.912357956171,1246.79239204526,0,6.37614440917969,0.786484479904175,62.5886587202549,0.999112784862518,439.434481173754,3.47023439407349,57.7238490581512,49.2296009659767,872.897975683212,0,1.49276053905487,0,90.6715186536312,0,31.0658573210239,0,263.719525665045,0,55.2734718024731,2.4054993391037,283.023834437132,0.566435933113098,26.6386207342148,0,0.593794405460358,4.9934349656105,126.555165618658,1.56291723251343,77.1813291013241,1.16066765785217,835.778319478035,0,0.476511090993881,1.02461296319962,2.17717176675797,0.841230690479279,19.8565244674683,0,1.00264322757721,15.8085417747498,172.569398343563,3.85025781393051,1.07529163360596,0,0,1.16824328899384,2.48287522792816
0,0,0,0,0,0,0,0,0,0,0,0,0,0,0,0,0,0,1.96408951282501,0,0,0,0,0,0,0,0,0,72.2550181746483,0,0,0.438203513622284,2.43207603693008,4.06146329641342,129.720242440701,73.1349989771843,271.18451076746,11.6691368818283,55.0468807518482,2.17134195566177,7.62242805957794,0,2653.87814569473,331.933041006327,2322.61763814092,28.0017874836922,1206.62684258819,5.1639951467514,0,10.211305975914,6678.80180436373,0,386.669126808643,0,252.799326181412,0.612808346748352,0,0,1080.35546264052,24.475627720356,80.0777781009674,0,0,0,2.35343497991562,1.8196085691452,627.458401799202,354.43231394887,0,0,2.83988362550735,0,152.613207221031,0,4.02459061145782,0,234.059186965227,7.96808880567551,3.38569754362106,0,86.6570122539997,0,2.20520758628845,0,39.3540343046188,0,0,0,48.3728343844414,0,0,0,0,0,3.5871025621891,0,1.23444473743439,0,5.09087312221527,0,0,0,0,0,0,0,0,0,0,0,0,0,0,0,0,0
0,3.79252511262894,0,2.42091855406761,0,0,0,15.5256360769272,0,0,0,0,0,1.39395236968994,0,0,0,1.53939253091812,0,0,0,0,0,0,0,0,0,0,0,14.8187798857689,0,0,0,0,135.978005856276,128.593927562237,80.2318083643913,278.125761568546,1.6308501958847,61.9989551901817,0,22.1723945140839,262.052335202694,2694.03853109479,137.52064883709,4055.12565508485,9.89634972810745,633.126836746931,10.211305975914,0,1.54824554920197,4755.94227719307,0,865.341750502586,0,483.668044060469,0,12.7965660393238,3.79750978946686,1553.18214225769,2.37276005744934,56.340737760067,0,2.78636479377747,0,530.287620782852,215.06971848011,360.683931708336,0,0,0,3.25729179382324,0,201.14622938633,0,35.5821425914764,12.3018860816956,276.308818161488,0,5.71478396654129,0,92.7118259370327,0,4.47350639104843,0,99.9277503490448,0,0,0,65.9912928044796,0,1.04294031858444,0,0,0,7.57393360137939,0,5.93898051977158,0,15.4456341862679,0,0,0,0,0,0,0,0,0,1.33651065826416,0,0,0,0,0,0
108.75553587079,0,12.6644268035889,0,1.34900033473969,0,28.6056627929211,0,0,0,5.98196172714233,0,1.70775961875916,0,0.416125565767288,0,8.26729598641396,0,5.15929651260376,0,0,0,0,0,0,0,0,0,416.028745919466,0,0,0,0,2.64263641834259,129.07674318552,96.4620914459229,800.885169714689,5.7265613079071,160.60971903801,0,93.575604557991,0,1151.11423742771,109.784642696381,1020.6330293715,1.64014625549316,2209.37313109636,0,6678.80180436373,1.54824554920197,0,0,3719.69323581457,0,1645.31305411458,0,80.4559214115143,0,2372.04902401567,1.80144941806793,1196.25183367729,1.77854061126709,4.45100685954094,0,1441.18766596913,0,862.098891526461,183.069030761719,0.942627251148224,0,25.5592084527016,0,896.011084288359,0,38.9026411175728,0,938.321838974953,11.035037457943,21.7339602708817,0,662.303024560213,0,167.785121828318,0,3715.45378917456,0,24.8452506661415,0,1597.58132663369,0,5.03778684139252,0,0,0,13.7368282973766,0,3.92436242103577,0,8.59985989332199,0,0,0,0,0,0,0,0,0,0,0.755710065364838,0,0,0,0,0,0
0,189.053671658039,0,33.24104860425,0,0,0,305.158015459776,0,0,0,6.60741811990738,0,1.42605799436569,0,0,0,2.51502406597137,0,2.47909200191498,0,0,0,0,0,0,0,0,0,62.9357157349586,0,0,0,0,70.2437892854214,56.2564219236374,35.3317177593708,494.277911663055,0,121.173281818628,0,123.577081412077,27.0153602957726,1009.87331229448,26.9579889774323,1036.99502524734,5.67579609155655,930.969230830669,0,4755.94227719307,0,0,0,4228.84683287144,0,1577.94899952412,0,156.173091113567,0,2821.38158038259,0,86.3755061030388,0,15.7928073406219,0,1408.01157259941,78.5412427783012,465.714380800724,0,0,0,38.0075513422489,0,517.510825961828,0,73.277568012476,21.9356657266617,687.065516203642,0,18.3191893696785,0,363.436975717545,0,54.8394512534142,0,3741.93303787708,0,5.47495880723,0,1372.76922300458,0,0,0,0,0,32.1910371482372,0,6.51389914751053,0,10.3280898928642,0,0,0,0,0,0,0,0,0,1.18161416053772,0,0,0,0,0,0
2.73858046531677,0,0,0,0.65744686126709,0,0,0,0,0,0,0,0,0,0,0,0,0,0,0,0,0,0,0,0,0,0,0,97.9636537134647,0,0,0,0,0,21.02082914114,9.49750244617462,144.501567453146,3.75298511981964,55.6840122938156,0,53.0496860444546,0,520.82433962822,5.50970757007599,147.705920338631,0,1919.29031047225,0,386.669126808643,0,3719.69323581457,0,0,0,2245.19536149502,0,3.17509818077087,0,72.971086204052,0,13.1477052569389,0,0.942568004131317,0,29.802160859108,0,99.4965658783913,14.6960463821888,0,0,1.66917487978935,0,194.848012596369,0,8.32583349943161,0,151.08491358161,2.45131659507751,0,0,84.116858035326,0,13.608909279108,0,305.761601209641,0,15.357351899147,0,713.995307654142,0,8.03257411718369,0,0,0,1.07258939743042,0,0,0,15.1426500082016,0,0,0,0,0,0,0,0,0,0,0,0,0,0,0,0,0
0,8.40874344110489,0,0,0,0,0,0,0,0,0,0,0,0,0,0,0,0,0,0,0,0,0,0,0,0,0,0,0,39.2554148435593,0,0,0,0,42.9156250953674,39.7654940485954,14.3626240491867,192.118439137936,0.512747526168823,66.7971032857895,0,82.1323635280132,7.52191591262817,637.435183435678,3.72752690315247,355.348215848207,3.52876818180084,1644.05584737659,0,865.341750502586,0,4228.84683287144,0,0,0,2783.38653352857,0,8.78733730316162,0,98.9038120210171,0,6.37701350450516,0,0.669597864151001,0,68.5573657751083,20.6092026233673,106.441422879696,0,0,0,0.515237510204315,0,212.059631824493,0,27.5595608949661,3.565524995327,149.485628306866,0,1.0269947052002,0,63.6216830313206,0,8.98318612575531,0,813.658649742603,0,7.24014621973038,0,1026.48803263903,0,12.2516405582428,0,0,0,2.00598478317261,0,4.15111428499222,0,108.54867503047,0,0,0,0,0,0,0,0,0,0,0,0,0,0,0,0
16.5333525538445,0,0,0,5.58005118370056,0,0,0,1.07035505771637,0,5.54941546916962,0,0,0,8.4113427400589,0,0,0,0,0,3.4995214343071,0,0.480702489614487,0,0.9792839884758,0,0.563243627548218,0,109.331653922796,0,0.572005927562714,0,10.4496396481991,0,49.9372951388359,21.6978582143784,1005.25163367391,23.0138421654701,1449.97546958923,9.46340519189835,185.348991394043,4.41172856092453,340.152478188276,17.9132207036018,106.897877961397,0,3933.86224743724,14.7246545851231,252.799326181412,0,1645.31305411458,0,2245.19536149502,0,0,2.60655188560486,25.4737408459187,0,122.10988715291,1.86106634140015,26.8157963454723,0,6.53050422668457,0,86.1580394804478,0,303.846157461405,54.3591522276402,0,0,11.2950927913189,1.20090103149414,267.376729220152,0,19.3883230090141,1.43792819976807,183.236719936132,5.37521207332611,2.46658685803413,0,63.1050262451172,0,96.5101395249367,0,318.317731320858,0,341.586219906807,0,3902.73439028859,0,5.3753809928894,0,0,0,2.68658709526062,0,0.630204379558563,0,44.5054852664471,0,0,0,0,0,0,0,0,0,0,0,0,0,0,0,0,0
0,4.46868872642517,0,0,0,0.514672219753265,0,1.73997819423676,0,1.84653240442276,0,0,0,0.868685662746429,0,5.06747901439667,0,0,0,0,2.9769207239151,0,0,0,0,0,0,0.969486862421036,0,62.6978317797184,0,0,0,1.96433562040329,47.0114479959011,84.6619342267513,46.550118803978,1811.5501498282,6.35613095760345,1782.5122410059,6.04336434602737,500.266347140074,23.8414288461208,660.06512516737,4.13365602493286,255.750725746155,26.9083936214447,3553.82923853397,0.612808346748352,483.668044060469,0,1577.94899952412,0,2783.38653352857,2.60655188560486,0,0,11.5292494297028,0,200.041822016239,0,15.0664623677731,0,0,0,86.8863072395325,90.1346749067307,270.728143543005,0,0,3.05796486139297,24.5393966734409,3.86080718040466,292.553395986557,3.16063165664673,61.6514381170273,11.8747181296349,310.445196330547,0,2.14753746986389,0,93.1169186234474,0,81.4417915940285,0,732.514503806829,0,640.452612876892,0,4072.93454965949,0,5.73656928539276,0,0,0,1.26911994814873,0,41.4011952877045,0.915783643722534,350.828650534153,0,0,0,0,0,0,0,0,0,0,0,0,0,0,0,0
12190.0322367847,32.7753790616989,71.3898845911026,20.1731652021408,0,0,150.098033607006,11.0405683517456,0,0,820.877914130688,0,308.932112872601,0,0.718055605888367,0,3580.97014147043,0.551293253898621,154.300570785999,128.443431615829,0,0,8.03741061687469,0,0,0,0,0,1040.12432998419,0,4.47093743085861,0,99.443910241127,144.959770321846,0,0,555.565657407045,0,201.328454971313,0,0,0,0,0,0,0.659861266613007,4.50742679834366,2.20697236061096,0,0,80.4559214115143,0,3.17509818077087,0,25.4737408459187,0,0,75.1086633503437,1565.29741546512,19.3776322603226,4310.97327557206,4.62077498435974,2162.70241093636,4.59262758493423,732.994491100311,0,649.782562345266,101.671417295933,2665.61996689439,144.460942864418,1276.83517259359,34.702448785305,2196.97122037411,1.96150612831116,735.425297886133,1.33444654941559,4174.19842013717,128.156585693359,80.4656822085381,2.16464734077454,340.609817415476,1.88735443353653,32.062078088522,0,287.170198917389,0,0,0,224.803093612194,0,1.59012198448181,0,0,0,111.014879316092,1.47436773777008,24.4826045036316,0,0,0,0,0,0,0,0.570143640041351,0,1.82683575153351,0,6.89382618665695,8.84420961141586,0,0,0,0,0,0
0,11928.219503969,0,405.712676405907,0,0,0,776.606287807226,0,0,0,623.74503877759,0,225.514366805553,0,5.85914397239685,0,2094.93723350763,3.080206990242,413.187500715256,0,0,0,5.16381758451462,0,0,0,0,2.50398302078247,399.315863907337,3.68155324459076,0,77.8830053806305,115.616267979145,1.53263431787491,0.920877814292908,8.44411242008209,394.960480958223,1.2723480463028,192.53164806962,0,6.68571382761002,0,0.735481441020966,1.09034550189972,0,1.60431373119354,19.2310641407967,0,12.7965660393238,0,156.173091113567,0,8.78733730316162,0,11.5292494297028,75.1086633503437,0,53.4399075508118,1132.52623724937,13.8296929001808,1633.1866645813,0,2093.48707914352,2.39866232872009,244.10272103548,204.070698022842,576.052096754313,10.6109900474548,2533.52193057537,72.669126033783,954.334744721651,6.80455780029297,2743.10772380233,0,630.763406842947,197.356879711151,3086.80799806118,1.64849126338959,96.5943729877472,6.38957965373993,194.280322521925,0,3.18340408802032,0,85.3553533256054,0,0,0,63.7474312782288,0,0,0,0,0,105.077070116997,0,0,0,0,0,0,0,0,0,1.09688395261765,0,0.929753601551056,2.04056107997894,4.1753488779068,0,0,0,0,0,3.19480562210083
432.918060153723,0,113.637932687998,1.35312342643738,0,0,31.2006587982178,0,0,0,24.7397324442863,0,6.48899590969086,0,0,0,50.8409989178181,1.55259346961975,392.14752560854,15.0697303414345,0,0,0,0,0,0,0,0,336.107526540756,0,0.772763609886169,0,57.0398029983044,192.636931836605,126.65904045105,114.980052471161,457.872929424047,56.6521195173264,138.801477998495,1.74985504150391,15.447417318821,0,273.227118879557,246.066632628441,318.029548943043,24.9589102268219,218.256052702665,8.81909090280533,1080.35546264052,3.79750978946686,2372.04902401567,0,72.971086204052,0,122.10988715291,0,1565.29741546512,53.4399075508118,0,36.1755831241608,4285.24961861968,8.61817872524261,79.1048205792904,0,496.521532267332,2.06663489341736,2801.91646590829,700.047999352217,362.078105688095,136.091266155243,188.928398579359,30.1549209952354,615.299289852381,0,100.418845295906,0,1263.16043558717,110.548638790846,52.872894346714,3.74707067012787,415.656858175993,0,4.60079401731491,0,104.730632930994,0,0,0,43.8587787151337,0,0,0,0,0,40.6023857295513,0,5.24436324834824,0,0,0,0,0,0,0,0,0,0,0,0,3.8380383849144,0,0,0,0,0,0
0,290.00267252326,0,126.612781614065,0,0,0,84.1712419390678,0,0,0,124.867874443531,0,21.9000107049942,0,0,0,79.1199328899384,0,337.013600111008,0,0,0,0,0,0,0,0,0,93.962081849575,0,2.19156640768051,61.7184286117554,85.010928273201,257.559440463781,154.58067497611,102.956879466772,521.834818333387,0,141.483980447054,0,37.0767933428288,220.852155059576,459.869424134493,90.4950280785561,471.12458473444,22.5986670255661,144.194229215384,24.475627720356,1553.18214225769,1.80144941806793,2821.38158038259,0,98.9038120210171,1.86106634140015,200.041822016239,19.3776322603226,1132.52623724937,36.1755831241608,0,3.94753521680832,2230.66656309366,0.881818830966949,484.176999270916,3.78668141365051,2054.63604933023,539.372413277626,2603.13663247228,1.28889906406403,135.494799852371,35.0204222202301,101.415761232376,1.07634663581848,576.927050888538,0,140.345632493496,122.364121556282,1312.18389168382,1.66049814224243,109.343457818031,1.40185737609863,419.719497919083,0,17.4773388504982,0,165.098143011332,0,1.41674500703812,0,143.834651917219,0,0,0,0,0,39.3930017054081,0,2.30769938230515,0,1.18932211399078,0,0,0,0,0,0,0,0,0,1.72208034992218,0,0,0,0,0,0
805.346276968718,0,83.2084999978542,0,0,0,97.7665755450726,0,0,0,595.08858910203,0,104.677220463753,0,0,0,523.202619850636,0,37.6895079612732,1.53756499290466,0,0,0,0,0,0,0,0,415.216356158257,0,0,0,0,27.1743034720421,7.55341064929962,8.98776972293854,218.913497626781,2.49358326196671,54.2178589701653,0,6.0112938284874,0,9.64472138881683,1.62394404411316,3.21645784378052,0,31.4690265953541,1.49252676963806,80.0777781009674,2.37276005744934,1196.25183367729,0,13.1477052569389,0,26.8157963454723,0,4310.97327557206,13.8296929001808,4285.24961861968,3.94753521680832,0,3.27621638774872,1926.49649113417,4.6849604845047,4166.59478902817,0,487.780704349279,89.2649497389793,29.5171960890293,12.1686307191849,159.963241249323,7.68480634689331,512.261286497116,0,77.9751397073269,0,859.091500461102,37.574211359024,61.1141511797905,0,686.656901836395,3.05689978599548,41.9949038922787,0,708.542836248875,0,0.659240424633026,0,286.312956005335,0,0,0,0,0,15.9926322698593,0,1.67760729789734,0,0,0,0,0,0,0,0.950650572776794,0,1.84530735015869,0,0,0.97642183303833,0,0,0,0,0,0
0,607.492918908596,0,28.5538389384747,0,0,0,199.068519771099,0,0,0,1103.80217948556,0,296.054521799088,0,0,0,602.720566570759,0,3.35701280832291,0,0,0,0,0,0,0,0,0,208.05627527833,0,1.32164108753204,5.80538105964661,0.67689847946167,8.34289002418518,6.21947455406189,12.0130091905594,192.294317722321,3.72135627269745,40.174524128437,0,13.8268215060234,0,5.22573089599609,0,1.99345564842224,5.14859801530838,29.760063290596,0,56.340737760067,1.77854061126709,86.3755061030388,0,6.37701350450516,0,15.0664623677731,4.62077498435974,1633.1866645813,8.61817872524261,2230.66656309366,3.27621638774872,0,0,4857.46271544695,0,4106.0657158494,27.8281669020653,124.018227577209,0,13.5798982977867,3.40619295835495,264.694557279348,0,695.182968705893,0,100.893532961607,30.7684162855148,841.875484108925,0,103.848660081625,0,619.235460609198,0,27.843593031168,0,1035.79420304298,0,2.27406251430511,0,520.787701696157,0,0,0,0,0,26.1613628566265,0,0,0,0,0,0,0,0,0,0,0,0,0,5.86572468280792,0,0,0,0,0,0
66.5925495624542,1.21072709560394,4.84077966213226,0,0,0,10.3338349461555,0,0,0,380.215322911739,0,76.5068945884705,0,0,0,1118.41262847185,0,0.75225293636322,1.44894635677338,0,0,0,0,0,0,0,0,599.755110710859,0,0,0,1.26123857498169,4.45839565992355,0,0.85562926530838,46.4867259263992,0,22.3236850500107,0,0,0,0,0,1.50009226799011,0,2.20888024568558,0,0,0,4.45100685954094,0,0.942568004131317,0,6.53050422668457,0,2162.70241093636,0,79.1048205792904,0.881818830966949,1926.49649113417,0,0,0,319.966388940811,0,31.617540448904,3.82940262556076,22.8511035442352,1.07715237140656,88.6583878993988,2.94654655456543,208.339722633362,0,34.2244448065758,0,338.328429013491,12.7915583252907,79.4104507863522,0,1937.69577628374,0,36.5808122456074,0,746.817178934813,0,4.45609498023987,0,161.3220744133,0,0,0,0,0,5.28749817609787,0,0,0,0,0,0,0,0,0,0,0,0,0,0,0,0,0,0,0,0,0
0,93.3905505537987,0,19.564424097538,0,0,0,48.2929065227509,0,0,0,688.600824475288,0,239.555694758892,0,0,0,2553.88806053996,0,10.8598190546036,0,0,0,0,0,0,0,0,0,445.411805719137,0,0,8.39571732282639,6.13829499483109,2.20272678136826,1.38889414072037,4.5435528755188,59.7568591237068,0,7.38546267151833,0,4.32127517461777,0,0.583071172237396,0,0.646996378898621,4.64608323574066,1.24556922912598,0,2.78636479377747,0,15.7928073406219,0,0.669597864151001,0,0,4.59262758493423,2093.48707914352,0,484.176999270916,4.6849604845047,4857.46271544695,0,0,0,1017.4030148685,14.519889831543,158.079864650965,2.08426028490067,42.7048111557961,12.2039485871792,418.782017916441,0.842458069324493,766.30650049448,0,38.0204758346081,25.906632900238,518.024703741074,0,83.3278139233589,0,1888.6654689014,0,10.4472606182098,0,636.155014246702,0,0,0,168.380515664816,0,0,0,0,0,11.2869132757187,0,0,0,0,0,0,0,0,0,0,0,0,0,0,0,0,0,0,0,0
622.006023406982,0,51.0081371665001,0,0,0,124.28953114152,0,0,0,242.179163813591,0,93.5418263971806,0,0,0,75.904063642025,0,6.62586086988449,0,0,0,0,0,0,0,0,0,143.732008129358,0,0,0,0.791882812976837,1.70912778377533,2.54925429821014,5.6044904589653,150.816664844751,0,29.6675235629082,0,17.6869751811028,0,0.564746260643005,0,2.99699926376343,0,9.14869853854179,1.6865439414978,2.35343497991562,0,1441.18766596913,0,29.802160859108,0,86.1580394804478,0,732.994491100311,2.39866232872009,496.521532267332,3.78668141365051,4166.59478902817,0,319.966388940811,0,0,0,81.8271503448486,7.20477974414825,2.09066134691238,0,59.9523966908455,0.91482150554657,314.750231593847,2.2828152179718,48.547395169735,0,362.862453788519,3.75764316320419,15.7861183285713,0,406.503760278225,0,42.0406410992146,0,2965.39514583349,0,3.88804906606674,0,718.001103669405,0,0,0,0,0,5.99920392036438,0,3.67926585674286,0,0,0,0,0,0,0,0,0,0,0,0,0,0,0,0,0,0,0
0,374.734495460987,0,30.9087802767754,0,0,0,267.063870489597,0,0,0,270.099794089794,0,95.7878041267395,0,0,0,45.899879693985,0,0,0,0,0,0,0,0,0,0,0,53.1949436366558,0,0,1.35270023345947,0.600945889949799,6.05643481016159,0,2.88686794042587,221.644654929638,0,35.8405266404152,0,25.9416849315166,12.1215345859528,6.30774384737015,0,1.0522940158844,2.39869999885559,19.8297265172005,1.8196085691452,530.287620782852,0,1408.01157259941,0,68.5573657751083,0,86.8863072395325,0,244.10272103548,2.06663489341736,2054.63604933023,0,4106.0657158494,0,1017.4030148685,0,0,15.1723534464836,100.281782746315,0,0.762980937957764,0.451312363147736,76.5874728858471,0,478.113320976496,0,94.7934907972813,3.27291250228882,469.007726848125,0,42.1979157626629,0,1065.49393126369,0,50.5121088624001,0,5093.89471572638,0,2.17577394843102,0,1422.75971901417,0,0,0,0,0,24.6725087761879,0,0,0,0,0,0,0,0,0,0,0,0,0,0.882403671741486,0,0,0,0,0,0
273.81259149313,14.941791176796,112.400155961514,0.887082397937775,0.909709870815277,0,5.0504914522171,1.31601440906525,1.04254257678986,0,7.12721228599548,0,1.4603106379509,0,1.36395645141602,0,25.4549705386162,0,2121.43750861287,190.655402243137,1.46953254938126,0,156.507033467293,0,0,0,0,0,165.745143294334,2.80347335338593,590.789919406176,38.6492873430252,4491.69055622816,1336.71468859911,2313.92733597755,630.729940801859,679.332684218884,409.193798094988,474.727441906929,65.0858910381794,35.0000229775906,0.947725355625153,3592.51261001825,1043.93538844585,2208.92360475659,406.868995636702,1992.37712684274,250.912357956171,627.458401799202,215.06971848011,862.098891526461,78.5412427783012,99.4965658783913,20.6092026233673,303.846157461405,90.1346749067307,649.782562345266,204.070698022842,2801.91646590829,539.372413277626,487.780704349279,27.8281669020653,31.617540448904,14.519889831543,81.8271503448486,15.1723534464836,0,4449.71167653799,1874.77986004949,516.14647090435,232.121716886759,79.214967250824,445.146555930376,10.7206134796143,62.3698645532131,4.66468572616577,1170.82673206925,288.148019969463,31.666826158762,0.847927868366241,250.834985733032,6.96499145030975,15.660143494606,0,92.1130110323429,3.83907759189606,11.0658573508263,0,103.757458686829,4.40703344345093,0.993639051914215,0,0,0,14.5015488564968,0.452931463718414,6.16766804456711,0,9.84486895799637,1.67915213108063,0,0,0,0,0,0,0,0,0,1.82118165493011,0,0,0,0,0,0
0,212.370271921158,0,266.548426657915,0,0,0,34.6139575839043,0,0,0,1.4487920999527,0,0,0,0,0,16.0412197709084,0.629438102245331,1654.93437221646,0,0,0,240.578768283129,0,0,0,0.686538815498352,3.54585301876068,19.9231018424034,4.62986385822296,494.539478123188,440.446856796741,5013.79603007436,575.677005439997,1476.9418374598,513.501540243626,480.335565090179,84.4778320193291,718.265591591597,0,42.8035416901112,1259.74390372634,2773.31860587001,801.036121994257,1537.99216428399,506.591849625111,1246.79239204526,354.43231394887,360.683931708336,183.069030761719,465.714380800724,14.6960463821888,106.441422879696,54.3591522276402,270.728143543005,101.671417295933,576.052096754313,700.047999352217,2603.13663247228,89.2649497389793,124.018227577209,3.82940262556076,158.079864650965,7.20477974414825,100.281782746315,4449.71167653799,0,31.9486247897148,1158.19486561418,151.100165903568,128.995906114578,26.5313171744347,217.916069298983,2.49766904115677,63.9105249643326,447.705207973719,897.887530744076,1.0763680934906,17.0146096944809,5.28844267129898,212.024093478918,0,3.28873693943024,6.48000347614288,86.4734091460705,0,8.18407419323921,5.06135851144791,67.2150593400002,0,0,0,0,0,23.7360844314098,0,1.89198482036591,2.68602377176285,6.18006956577301,0,0,0,0,0,1.88201141357422,0,0,0,0,0,0,0,0,0,0
1130.25044608116,223.206496834755,47.4714405536652,174.981518387794,0,0,11.7239820361137,33.8048079013824,0,0,52.1259982585907,1.59259593486786,21.5331718921661,0,0,0,27.8067144751549,0.77930611371994,1761.78647723794,1730.43418109417,0,0,3.7386047244072,0,0,0,0,0,42.8064624369144,0,4.41416174173355,2.27692556381226,752.445909619331,920.774713516235,0,0,233.812267780304,0,99.3412184119225,0,0,0,0,0,0,0,2.63258820772171,0,0,0,0.942627251148224,0,0,0,0,0,2665.61996689439,10.6109900474548,362.078105688095,1.28889906406403,29.5171960890293,0,22.8511035442352,2.08426028490067,2.09066134691238,0,1874.77986004949,31.9486247897148,0,243.056608557701,1075.29007983208,73.9243988394737,341.850749313831,29.6443741321564,234.891812026501,4.77880448102951,2725.07225090265,324.658588886261,0.643909871578217,0,9.37384760379791,0,1.19580173492432,0,1.48686110973358,0,0,0,0,0,0,0,0,0,39.2911959886551,0,2.80192375183105,0,0,0,0,0,0,0,0,0,0,0,1.13705265522003,7.52677154541016,0,0,0,0,0,0
2.14809560775757,1219.01783308387,0,120.06618386507,0,0,0,7.39086818695068,0,0,0,7.26728910207748,0,2.12456387281418,0,0,0,32.728237003088,8.21760195493698,2676.54462227225,0,0,0,13.5511853396893,0,0,0,0,2.47913461923599,10.5498030781746,0,12.0792709589005,307.074586749077,969.016970962286,4.23735946416855,0,8.55415153503418,76.8018046319485,1.79758906364441,31.709445476532,0,1.37491822242737,3.29191720485687,0,4.64219719171524,0,2.99931961297989,6.37614440917969,0,0,0,0,0,0,0,0,144.460942864418,2533.52193057537,136.091266155243,135.494799852371,12.1686307191849,13.5798982977867,1.07715237140656,42.7048111557961,0,0.762980937957764,516.14647090435,1158.19486561418,243.056608557701,0,130.035780787468,412.314382106066,8.80612945556641,144.103234916925,0,66.0089721679688,263.350879013538,938.114664465189,1.17737400531769,4.44252651929855,8.38101840019226,16.5013481974602,0,0,0,4.77215933799744,0,0,0,2.60404735803604,0,0,0,0,0,14.6832149028778,0,0,0,0,0,0,0,0,0,0,0,0,0,1.4658921957016,0,0,0,0,0,0
2614.52826830745,144.497711509466,1862.95063316822,764.51209384203,849.618754178286,222.154276281595,3357.812891379,572.307877182961,711.537789940834,68.640555202961,690.210746347904,61.1002569496632,1982.76482774317,59.1828989684582,589.442450761795,64.5602969825268,55.2291291058064,16.0730563402176,1591.08396103978,799.405844271183,870.773447960615,262.203122526407,1608.4830981791,1198.99410238862,429.576008290052,316.04427844286,559.59792214632,403.99766138196,444.002221763134,10.8233840465546,817.730856239796,439.68452745676,159.094967663288,316.449582546949,20.5762493014336,4.74920523166656,338.21306720376,20.814826965332,57.2099909484386,0,186.519285231829,44.233789473772,3.06483197212219,0,2.75615650415421,0,26.1096206605434,0.786484479904175,2.83988362550735,0,25.5592084527016,0,1.66917487978935,0,11.2950927913189,3.05796486139297,1276.83517259359,72.669126033783,188.928398579359,35.0204222202301,159.963241249323,3.40619295835495,88.6583878993988,12.2039485871792,59.9523966908455,0.451312363147736,232.121716886759,151.100165903568,1075.29007983208,130.035780787468,0,634.41763740778,5830.46735243499,132.285817712545,2834.2297399044,71.4567092061043,6053.07153216004,175.145146220922,8.32437020540237,0,95.0814243555069,4.28715884685516,43.654378592968,25.1340763866901,63.5418964028358,3.13852316141129,49.6508952081203,9.12916558980942,103.160310745239,13.0357958078384,6.35610455274582,2.16445338726044,1.75485986471176,0,123.9980276227,9.85785633325577,26.0925474464893,2.55066418647766,9.49265569448471,6.43195098638535,2.01309767365456,0,7.18777340650558,4.42440515756607,46.6750014424324,16.7022817134857,13.1243515014648,1.29525661468506,28.092096477747,6.8061049580574,1.50220799446106,0,0,0,0,11.9624328613281
91.9276859462261,2507.17995673418,508.230752617121,2924.44336143136,97.7242251336575,694.675364971161,600.832993388176,4685.35823974013,47.4062210321426,727.76253080368,26.4528564214706,912.092551678419,161.658288240433,1426.55424305797,30.3469622135162,720.894448637962,3.05398499965668,359.492089152336,629.254687309265,1003.08949416876,76.9261209368706,495.169596374035,1138.04054754972,1810.04716426134,105.933380723,425.652280092239,110.575759321451,591.581007897854,51.1696224808693,209.950590014458,216.306266009808,424.824578940868,155.41740655899,251.522292435169,1.24227225780487,13.4921415150166,24.5787290930748,279.991404831409,12.4154949188232,54.2473513185978,24.8227800130844,223.869201749563,0,9.10474789142609,0,0,0.991530239582062,62.5886587202549,0,3.25729179382324,0,38.0075513422489,0,0.515237510204315,1.20090103149414,24.5393966734409,34.702448785305,954.334744721651,30.1549209952354,101.415761232376,7.68480634689331,264.694557279348,2.94654655456543,418.782017916441,0.91482150554657,76.5874728858471,79.214967250824,128.995906114578,73.9243988394737,412.314382106066,634.41763740778,0,236.392617672682,4361.80059683323,57.0719522237778,3455.6955755055,169.005784332752,7376.54759037495,0,11.8886333703995,7.45388770103455,98.4017864465714,7.46897381544113,26.7857029736042,0.843228876590729,215.794090569019,15.8778232932091,40.7530230283737,14.187836766243,263.308292210102,10.9854502677917,22.9650227427483,2.68357342481613,7.02114716172218,24.306759595871,142.989896804094,22.6534230709076,22.6213704049587,3.06353765726089,25.7609734535217,3.21419441699982,1.3971996307373,6.88727331161499,12.4943726658821,12.7301787436008,51.4957239925861,3.85776031017303,13.8038303852081,45.8139516711235,30.839169383049,10.0258857011795,0,0.863925278186798,0,0,10.1001413166523
2244.28680026531,13.2128269672394,2415.79485797882,288.794454157352,886.057957589626,19.1609102487564,1421.05291903019,207.316845118999,1204.01424625516,6.83688318729401,652.929069787264,13.4498448371887,1190.26048961282,18.8857731223106,1355.16229364276,7.49267357587814,498.36792036891,1.97910606861115,1548.44483026862,188.727000057697,201.012741625309,6.79345762729645,1471.77507179976,557.470251113176,212.615746438503,34.1674111485481,201.438593745232,15.454050630331,1625.47619619966,0.858848810195923,146.137241542339,298.00868794322,52.3349185883999,161.412890315056,18.6386398971081,40.6885896623135,546.067627638578,19.3176368772984,83.4725150763988,2.53292059898376,511.6029946208,52.0085761547089,352.800296068192,0.643636345863342,86.1121964454651,0,785.198896467686,0.999112784862518,152.613207221031,0,896.011084288359,0,194.848012596369,0,267.376729220152,3.86080718040466,2196.97122037411,6.80455780029297,615.299289852381,1.07634663581848,512.261286497116,0,208.339722633362,0.842458069324493,314.750231593847,0,445.146555930376,26.5313171744347,341.850749313831,8.80612945556641,5830.46735243499,236.392617672682,0,73.8570710420609,2985.48581242561,50.6846145391464,2488.35455489159,37.3825979828835,52.3891385197639,0,434.91986772418,0.727643847465515,274.326654613018,2.45589929819107,470.040372997522,2.71138978004456,107.870769798756,18.9043849110603,461.144530564547,15.5177456438541,30.503737449646,8.75347059965134,17.9269323945045,0,103.432145833969,20.5575623512268,34.5283938646317,1.76299268007278,48.2638786137104,8.80282926559448,10.1213271617889,1.71314597129822,4.50309047102928,3.14868342876434,37.0046211481094,8.35463711619377,13.8782432079315,1.71350163221359,17.671513915062,20.3741098642349,5.56201520562172,0,1.57989287376404,0,0,7.51915547251701
29.2732933163643,2246.63250005245,115.079703271389,2949.17244532704,11.4845632612705,693.903017163277,160.971690744162,2356.82184189558,5.89287722110748,959.015803545713,9.99715203046799,856.957271009684,23.5249071717262,1629.56100043654,1.06852030754089,1516.21495103836,0,1722.22156941891,325.120581686497,820.19564858079,14.0380805134773,123.403443157673,290.849431186914,1068.03295469284,12.2621268630028,145.314923346043,14.3327189981937,313.335480332375,14.7976800203323,4289.76615577936,104.518905818462,111.137219816446,74.7229596972466,105.801808744669,12.5214463174343,11.3474905788898,13.4382130503654,320.746703743935,2.34809702634811,76.0322375893593,21.066698551178,1017.77503597736,2.84091675281525,243.886307150126,1.32722795009613,117.699682593346,2.67383581399918,439.434481173754,0,201.14622938633,0,517.510825961828,0,212.059631824493,0,292.553395986557,1.96150612831116,2743.10772380233,0,576.927050888538,0,695.182968705893,0,766.30650049448,2.2828152179718,478.113320976496,10.7206134796143,217.916069298983,29.6443741321564,144.103234916925,132.285817712545,4361.80059683323,73.8570710420609,0,18.2952156662941,1543.88122454286,37.1396961808205,1253.56913581491,0,354.580888539553,0,1235.92487052083,0.621526896953583,804.195489197969,0,814.230606019497,2.32733023166656,256.896032571793,6.42363542318344,633.088752120733,6.0440046787262,31.803076505661,0,6.65301895141602,3.74975395202637,47.5011115372181,16.1850808858871,6.73473757505417,2.14942669868469,62.0515670776367,0,0,3.88046026229858,20.1799791455269,5.08705878257751,20.3895481824875,6.18186807632446,0.980827152729034,8.96960920095444,8.04691690206528,6.24898725748062,0,0,0,0,5.18023863434792
890.159526437521,1.07899689674377,496.481516480446,8.18424570560455,34.5802591443062,0,316.424306988716,32.2211843729019,80.8792967200279,0,94.2744848132133,0,156.31314021349,1.25102591514587,48.3815461993217,0,44.735863506794,0,542.231297075748,35.0246663093567,68.5435436367989,2.44932794570923,243.146903008223,65.1321393847466,7.66263383626938,1.73385012149811,9.18838319182396,0,70.5143041312695,0,20.795811355114,43.8331974744797,8.31234776973724,44.9833744764328,1.16519206762314,1.2265784740448,1019.68549990654,23.7481807470322,114.987587571144,13.1190435290337,264.741146445274,19.1429105997086,3.17528980970383,0,5.63971018791199,0,8.33181267976761,3.47023439407349,4.02459061145782,0,38.9026411175728,0,8.32583349943161,0,19.3883230090141,3.16063165664673,735.425297886133,0,100.418845295906,0,77.9751397073269,0,34.2244448065758,0,48.547395169735,0,62.3698645532131,2.49766904115677,234.891812026501,0,2834.2297399044,57.0719522237778,2985.48581242561,18.2952156662941,0,50.9901778995991,1680.68483397365,48.5719628632069,0,0,19.776931732893,0,16.5617746710777,0,52.7988585531712,0,25.5410267114639,15.7833554148674,115.430428743362,7.95558321475983,72.6494063735008,124.954103887081,29.7932000160217,20.647947371006,213.23416107893,72.3245626688004,80.3267472982407,33.9190931618214,66.3946516811848,62.4605731070042,33.1674399077892,8.87113207578659,59.1106330752373,67.0849747955799,129.429965138435,63.4189736545086,39.5207571685314,15.4281850755215,58.3039783239365,27.7765036225319,22.1001680493355,0.878517776727676,5.12505704164505,0,0.367039889097214,27.0756059587002
12.2126125097275,845.229838758707,21.0247365832329,967.894537806511,1.22526180744171,18.4577271938324,33.1241505146027,654.277734220028,0,44.6743836402893,2.31187009811401,128.222850084305,8.50357341766357,206.840519934893,0,82.8454160690308,0,90.2794518470764,97.7240364551544,387.665575712919,17.4277927875519,1.27292227745056,24.5377290844917,282.741049200296,0,3.73184990882874,0,7.09352493286133,2.45101642608643,33.0404157340527,10.2937052845955,40.212003082037,19.1191120147705,28.9833197295666,1.42439836263657,2.38202559947968,44.6015193164349,408.67975756526,17.6859121620655,81.762477517128,71.2900589108467,509.694891393185,0,30.1625992655754,0,19.2058885097504,2.9571219086647,57.7238490581512,0,35.5821425914764,0,73.277568012476,0,27.5595608949661,1.43792819976807,61.6514381170273,1.33444654941559,630.763406842947,0,140.345632493496,0,100.893532961607,0,38.0204758346081,0,94.7934907972813,4.66468572616577,63.9105249643326,4.77880448102951,66.0089721679688,71.4567092061043,3455.6955755055,50.6846145391464,1543.88122454286,50.9901778995991,0,47.507964849472,1429.32338628173,0,5.37459841370583,0,36.8541357517242,3.34748709201813,13.5025257468224,2.18611520528793,86.3961240649223,25.766302883625,64.6066888272762,52.1284891963005,157.580927729607,50.0662181973457,59.6120239198208,26.5305224657059,51.2768016159534,34.9043876230717,168.309268146753,71.5017817318439,36.1631830334663,42.0337168574333,77.2437392473221,24.2418839037418,11.87067887187,56.8355043232441,98.460888594389,56.3925510346889,103.969329714775,26.3514969050884,17.5996776819229,34.567121475935,12.0031766593456,23.163671374321,5.05615615844727,2.64455157518387,2.55661916732788,2.51327633857727,12.7461667954922
3870.56918093562,395.956280589104,1665.05145533383,264.754887133837,74.1653905510902,0,1249.40225034952,101.123479545116,185.293504744768,0,419.791290104389,10.6999544501305,637.873901665211,3.5161739885807,128.196475327015,0,160.693725556135,13.6783281564713,2323.89432227612,858.62220698595,15.2027443051338,0.87531441450119,597.841028541327,26.2960695028305,9.75525406002998,0,13.5689718723297,2.58611643314362,345.229787841439,0,57.5143877267838,116.96622800827,100.427609682083,208.631290435791,148.121250629425,87.2157075405121,3749.713632375,93.7873721718788,284.641925960779,13.5949841737747,265.999179691076,5.53299701213837,280.994741082191,39.0293616056442,171.10214099288,22.7662554383278,792.961390435696,49.2296009659767,234.059186965227,12.3018860816956,938.321838974953,21.9356657266617,151.08491358161,3.565524995327,183.236719936132,11.8747181296349,4174.19842013717,197.356879711151,1263.16043558717,122.364121556282,859.091500461102,30.7684162855148,338.328429013491,25.906632900238,362.862453788519,3.27291250228882,1170.82673206925,447.705207973719,2725.07225090265,263.350879013538,6053.07153216004,169.005784332752,2488.35455489159,37.1396961808205,1680.68483397365,47.507964849472,0,457.967128157616,17.7228797972202,6.98831743001938,307.064359396696,23.759320795536,46.2078057229519,0,381.81291615963,15.8588528633118,49.3931529521942,0.699957847595215,431.061168402433,16.0495134890079,103.189410448074,41.3325129151344,120.284182339907,27.9587998688221,1218.01930698752,140.374527513981,376.665456861258,20.1942666172981,82.6961778402328,18.4173097610474,67.6334677934647,9.43923133611679,181.574255973101,46.112991809845,932.397700220346,254.609054386616,100.233336299658,8.48929858207703,626.240396797657,822.313074499369,31.5819815695286,1.30873763561249,18.7860725224018,16.4884577393532,8.02425891160965,189.460648447275
84.4676936268806,4555.86025115848,41.2165825664997,3467.04297554493,0,25.605363547802,54.6145756244659,2309.32538419962,0,53.3418699204922,2.87190175056458,484.846995323896,0,485.702374368906,0,103.320406645536,2.46955913305283,313.554844915867,385.78015550971,2430.99418404698,3.18589067459106,2.12777131795883,28.958976328373,695.501587033272,0,4.86431807279587,2.31279945373535,10.2608973383904,10.3498912751675,90.2245409190655,43.054402410984,80.3926093578339,199.802621603012,199.419243574142,27.1684832572937,92.4012096524239,92.3252739906311,3286.90977519751,37.5017389655113,177.474952340126,4.31009644269943,252.451582789421,33.8049547076225,267.030813932419,8.41405189037323,180.695041686296,49.3250938653946,872.897975683212,7.96808880567551,276.308818161488,11.035037457943,687.065516203642,2.45131659507751,149.485628306866,5.37521207332611,310.445196330547,128.156585693359,3086.80799806118,110.548638790846,1312.18389168382,37.574211359024,841.875484108925,12.7915583252907,518.024703741074,3.75764316320419,469.007726848125,288.148019969463,897.887530744076,324.658588886261,938.114664465189,175.145146220922,7376.54759037495,37.3825979828835,1253.56913581491,48.5719628632069,1429.32338628173,457.967128157616,0,0.631066203117371,22.5536081194878,28.6225514709949,236.505294263363,0.852875173091888,37.5762339234352,5.29117506742477,370.691765427589,0.608560025691986,112.806685864925,4.56371033191681,556.303401172161,43.3289687633514,132.844414770603,25.096449971199,143.405806809664,138.338486999273,1007.50690719485,63.2700307667255,81.6173651516438,40.9564582705498,107.758612900972,23.5687312483788,24.6814640164375,38.4661274552345,167.098049640656,195.221851974726,800.634699732065,52.4357323348522,37.6516545116901,914.844467937946,875.065504610538,29.4045049846172,4.7054603099823,8.76556605100632,23.4119543433189,29.3899673521519,177.213435441256
2.48173469305038,0.866236329078674,0.525059282779694,0,0,0,0,0,0,0,14.1195587515831,0,0,0,0,0,437.152735263109,0,0,0,0,0,0,0,0,0,0,0,392.528408110142,0,0,0,0,1.61159217357635,1.72976100444794,0,5.96483498811722,0,0,0,0,0,0,0,1.7641716003418,0,1.68584251403809,0,3.38569754362106,0,21.7339602708817,0,0,0,2.46658685803413,0,80.4656822085381,1.64849126338959,52.872894346714,1.66049814224243,61.1141511797905,0,79.4104507863522,0,15.7861183285713,0,31.666826158762,1.0763680934906,0.643909871578217,1.17737400531769,8.32437020540237,0,52.3891385197639,0,0,0,17.7228797972202,0.631066203117371,0,0,1055.4671331048,0,14.2695329487324,0,35.7105294167995,0,0,0,10.0081027746201,0,0,0,0,0,1.2820543050766,0,0,0,0,0,0,0,0,0,0,0,0,0,0,0,0,0,0,0,0,0
0,5.68230193853378,0,0,0,0,0,9.25608593225479,0,1.17903411388397,0,3.56196719408035,0,2.34103167057037,0,0,0,385.382224202156,0,3.30147987604141,0,0,0,0,0,0,0,0.839587450027466,0,382.121928572655,0,0,0,0,0,0,0,7.96725872159004,0,0,0,0,0,5.68068265914917,0,2.71500539779663,0,1.49276053905487,0,5.71478396654129,0,18.3191893696785,0,1.0269947052002,0,2.14753746986389,2.16464734077454,96.5943729877472,3.74707067012787,109.343457818031,0,103.848660081625,0,83.3278139233589,0,42.1979157626629,0.847927868366241,17.0146096944809,0,4.44252651929855,0,11.8886333703995,0,354.580888539553,0,5.37459841370583,6.98831743001938,22.5536081194878,0,0,0,1601.23927357793,0,86.769112944603,0,17.0645895004272,0,4.34119230508804,0,6.84705084562302,0,0,0,0,0,1.90286207199097,0,0,0,0,0,0,0,1.69109189510345,0,1.39832091331482,0,0,0,1.32079863548279,0,0,0,0,0,0
28.4461007118225,0,4.00484144687653,0,4.97158944606781,0,10.4388595223427,0,3.27299648523331,0,449.890406668186,0,143.400685608387,0,10.1184005141258,0,1671.62568283081,0,2.71845370531082,1.31100070476532,0,0,2.19776645302773,0,0,0,1.32180815935135,0,1563.27793028951,0,0,0,1.501544713974,17.5512695908546,7.32823863625526,13.7727422118187,88.7680229842663,0,14.6145732104778,0,3.51567652821541,0,91.46835064888,0,46.1619336903095,0,180.385579705238,0,86.6570122539997,0,662.303024560213,0,84.116858035326,0,63.1050262451172,0,340.609817415476,6.38957965373993,415.656858175993,1.40185737609863,686.656901836395,0,1937.69577628374,0,406.503760278225,0,250.834985733032,5.28844267129898,9.37384760379791,8.38101840019226,95.0814243555069,7.45388770103455,434.91986772418,0,19.776931732893,0,307.064359396696,28.6225514709949,1055.4671331048,0,0,0,1283.3430698216,0,5653.59088277817,0,60.9608707129955,0,274.217897623777,0,0,0,0,0,9.9116525053978,0,1.82970941066742,0,1.46744328737259,0,0,0,0,0,3.03737604618073,0,1.36334478855133,0,0,0,0,0,0,0,0,0
0,30.488544344902,0,14.0923837423325,0,11.0204525589943,0,22.3651791810989,0,5.75412780046463,0,155.47519659996,0,47.9637042880058,0,19.7464772462845,0,950.496319651604,0,1.89821767807007,0,0.752293288707733,0,0,0,0.514334797859192,0,1.66957029700279,0,781.016107439995,0,0,2.59954905509949,1.69546574354172,0.556801855564117,0,1.39811336994171,85.9351177811623,0,9.60234969854355,0,45.4484822750092,0,65.8029629588127,0,38.4252555668354,0,90.6715186536312,0,92.7118259370327,0,363.436975717545,0,63.6216830313206,0,93.1169186234474,1.88735443353653,194.280322521925,0,419.719497919083,3.05689978599548,619.235460609198,0,1888.6654689014,0,1065.49393126369,6.96499145030975,212.024093478918,0,16.5013481974602,4.28715884685516,98.4017864465714,0.727643847465515,1235.92487052083,0,36.8541357517242,23.759320795536,236.505294263363,0,1601.23927357793,0,0,0,2077.37816223502,0,5805.75511527061,0,186.058647751808,0,374.852365285158,0,0,0,0,0,5.58275032043457,0,0,0,5.64864462614059,0,0,0,0,0,0,0,0,0,0,0,0,0,0,0,0
9.18235868215561,0,15.4028441011906,0,121.362992495298,0.846626162528992,6.56334275007248,0,79.2029609084129,0,34.3350918292999,0,25.1054111719131,0,79.8991201519966,0,162.033836752176,0,6.46614065766335,0,10.3477505743504,0.997182369232178,5.85239136219025,0,15.575342386961,1.1962708234787,58.1025379896164,2.70771765708923,1230.27559453249,0,4.50227615237236,0,0,0,0.98638916015625,0.458963125944138,232.107654899359,0,214.51418697834,0,1033.04594862461,1.41979265213013,8.98752152919769,0,0,0,63.6630934774876,0,2.20520758628845,0,167.785121828318,0,13.608909279108,0,96.5101395249367,0,32.062078088522,0,4.60079401731491,0,41.9949038922787,0,36.5808122456074,0,42.0406410992146,0,15.660143494606,0,1.19580173492432,0,43.654378592968,7.46897381544113,274.326654613018,0.621526896953583,16.5617746710777,3.34748709201813,46.2078057229519,0.852875173091888,14.2695329487324,0,1283.3430698216,0,0,0,997.372897714376,0,837.430368751287,0,381.078923851252,0,0,0,0,0,2.72107487916946,0,0,0,5.4101294875145,0,0,0,0,0,0,0,0,0,0,2.14717316627502,0,0,0,0,0,0
0,0,0,5.7739422917366,5.8479323387146,126.453051418066,0,1.07894456386566,0.578215301036835,40.7035673558712,0,0,0,7.69969630241394,0.66973876953125,123.676161289215,0,5.43813407421112,0,0,1.33365619182587,286.464403629303,0,1.12282592058182,3.20306706428528,28.7087890207767,6.62196987867355,124.588209599257,0,955.003768593073,0.614151298999786,7.28640511631966,0,0,0,1.0580061674118,0,141.004042446613,0,280.292344748974,5.86202001571655,1427.90653881431,0,35.0091171562672,0,0,0,31.0658573210239,0,4.47350639104843,0,54.8394512534142,0,8.98318612575531,0,81.4417915940285,0,3.18340408802032,0,17.4773388504982,0,27.843593031168,0,10.4472606182098,0,50.5121088624001,0,3.28873693943024,0,0,25.1340763866901,26.7857029736042,2.45589929819107,804.195489197969,0,13.5025257468224,0,37.5762339234352,0,86.769112944603,0,2077.37816223502,0,0,0,556.714115619659,0,1366.93261757493,0,120.451121091843,0,0,0,0,0,0,0,0,0,0,0,0,0,0,0,0,0,0,0,0,0,0,0,0,0,0
461.851289689541,0,1.72264468669891,0,23.9813946485519,0,23.7424698174,0,23.7307512760162,0,805.711298882961,0,212.91732481122,0,55.9528447389603,0,181.112717688084,0,0,0,0,0,0,0,3.55928927659988,0,5.81895345449448,0,568.147438555956,0,0,0,1.52155113220215,9.40732133388519,3.58642160892487,6.94359773397446,170.208366960287,0,35.8750169873238,0,70.8060295879841,1.06868302822113,43.3839048445225,0,17.1517392992973,0,130.90128031373,0,39.3540343046188,0,3715.45378917456,0,305.761601209641,0,318.317731320858,0,287.170198917389,0,104.730632930994,0,708.542836248875,0,746.817178934813,0,2965.39514583349,0,92.1130110323429,6.48000347614288,1.48686110973358,0,63.5418964028358,0.843228876590729,470.040372997522,0,52.7988585531712,2.18611520528793,381.81291615963,5.29117506742477,35.7105294167995,0,5653.59088277817,0,997.372897714376,0,0,0,675.606522172689,0,6403.69686684012,0,1.68340402841568,0,0,0,3.15729796886444,0,1.70206040143967,0,3.61176431179047,0,0,0,0,0,0,0,0,0,0,0,0,0,0,0,0,0
0,252.767344564199,0,24.9235497713089,0.714805364608765,27.5470692515373,0,143.397110551596,0,16.1151815354824,0,239.571748375893,0,65.433042883873,0,33.8168013095856,0,84.7840801477432,0,5.41520726680756,0,3.93291962146759,0,1.36106705665588,0,2.64240217208862,0,12.5044226646423,0,219.728696256876,0,0,0,2.616335272789,4.82192051410675,7.62874972820282,1.44486010074615,344.669069886208,0,84.6511306166649,0,190.600294649601,1.01052176952362,139.122824579477,0,22.0569804310799,1.19763159751892,263.719525665045,0,99.9277503490448,0,3741.93303787708,0,813.658649742603,0,732.514503806829,0,85.3553533256054,0,165.098143011332,0,1035.79420304298,0,636.155014246702,0,5093.89471572638,3.83907759189606,86.4734091460705,0,4.77215933799744,3.13852316141129,215.794090569019,2.71138978004456,814.230606019497,0,86.3961240649223,15.8588528633118,370.691765427589,0,17.0645895004272,0,5805.75511527061,0,556.714115619659,0,0,0,754.707654029131,0,6047.03361099958,0,2.32019412517548,0,0,0,3.44985830783844,0,2.82550740242004,0,17.2785495817661,0,0,0,0,0,0,0,0,0,0,0,0,0,0,0,0
0,0,1.78919875621796,0,68.1821505427361,0,0.969844460487366,0,41.9056837558746,0,0,0,2.60276341438293,0,47.2185773849487,0,1.08386588096619,0,0,0,9.06660974025726,7.96013385057449,0,0,11.2920236587524,0.582776844501495,38.821026802063,1.3463990688324,195.923440277576,0,7.11243638396263,0,0,0,0,0,598.563075900078,1.06309187412262,248.128737658262,0,1139.64399701357,22.2815000414848,10.3098670244217,0,0.575374066829681,0,52.8387868702412,0,0,0,24.8452506661415,0,15.357351899147,0,341.586219906807,0,0,0,0,0,0.659240424633026,0,4.45609498023987,0,3.88804906606674,0,11.0658573508263,0,0,0,49.6508952081203,15.8778232932091,107.870769798756,2.32733023166656,25.5410267114639,25.766302883625,49.3931529521942,0.608560025691986,0,0,60.9608707129955,0,837.430368751287,0,675.606522172689,0,0,0,1407.79695570469,0,0,0,0,0,4.03957253694534,0,0,0,2.45618855953217,0,0,0,0,0,0,0,0,0,0,0,0,0,0,0,0,0
0,0,0,1.19577133655548,0.82349294424057,75.5470563173294,0,0.737477600574493,0,33.8277285993099,0,0,0,0,0.9046670794487,55.4790897071362,0,3.09581243991852,0,0,10.1292988657951,72.5793460905552,0,0.441994696855545,0.478140711784363,9.559230864048,1.93987953662872,83.0883963704109,0,124.212200403214,0.863682806491852,0.995622396469116,0,0,0,5.43670904636383,2.51234537363052,804.190021276474,0,396.132078528404,19.3139793872833,1808.99785560369,0,20.1804271936417,0,0.8729088306427,0,55.2734718024731,0,0,0,5.47495880723,0,7.24014621973038,0,640.452612876892,0,0,0,1.41674500703812,0,2.27406251430511,0,0,0,2.17577394843102,0,8.18407419323921,0,0,9.12916558980942,40.7530230283737,18.9043849110603,256.896032571793,15.7833554148674,64.6066888272762,0.699957847595215,112.806685864925,0,4.34119230508804,0,186.058647751808,0,1366.93261757493,0,754.707654029131,0,0,0,1398.7157740891,0,0,0,0,0,0.640726447105408,0,0,0,0,0,0,0,0,0,0,0,0,0,0,0,0,0,0,0,0
342.715669333935,0,0,0,48.1252729892731,0,5.00227716565132,0,36.564922362566,0,261.787163674831,0,62.7658263444901,0,21.5189487934113,0,48.3379588723183,0,0,0,7.48088055849075,0.497587233781815,0,0,1.9500635266304,0,24.9329389333725,0.586661040782928,333.388325870037,0,1.48251342773438,0,0,5.15916627645493,13.6154345571995,4.19100081920624,1476.67466506362,13.8212311267853,340.532144367695,0,416.572717368603,33.9369741678238,120.841488212347,3.21759861707687,32.8340653777122,0,564.86223885417,2.4054993391037,48.3728343844414,0,1597.58132663369,0,713.995307654142,0,3902.73439028859,0,224.803093612194,0,43.8587787151337,0,286.312956005335,0,161.3220744133,0,718.001103669405,0,103.757458686829,5.06135851144791,0,0,103.160310745239,14.187836766243,461.144530564547,6.42363542318344,115.430428743362,52.1284891963005,431.061168402433,4.56371033191681,10.0081027746201,0,274.217897623777,0,381.078923851252,0,6403.69686684012,0,1407.79695570469,0,0,0,2.85447263717651,0,0,0,4.84851360321045,0,0.729726076126099,0,6.86888948082924,0,0,0,0,0,0,0,1.02252280712128,0,0,2.07186698913574,0,0,0,0,0,0
0,277.797920048237,0,0,0,21.5402300953865,0,17.4850870966911,0,9.04303371906281,0,51.2467551231384,0,3.37445604801178,0,17.0496194064617,0,12.9598675370216,0,0,11.8689237833023,19.6306998729706,0,0,0,1.98267710208893,0,19.3909797668457,0,74.9717070758343,0,0.564916014671326,0,0.571334719657898,6.45035171508789,7.3105286359787,5.02109175920486,1320.90218707919,2.04386085271835,252.372152507305,18.3677716255188,643.557136982679,0,106.283855348825,0,23.2464085221291,0.664946854114532,283.023834437132,0,65.9912928044796,0,1372.76922300458,0,1026.48803263903,0,4072.93454965949,0,63.7474312782288,0,143.834651917219,0,520.787701696157,0,168.380515664816,0,1422.75971901417,4.40703344345093,67.2150593400002,0,2.60404735803604,13.0357958078384,263.308292210102,15.5177456438541,633.088752120733,7.95558321475983,157.580927729607,16.0495134890079,556.303401172161,0,6.84705084562302,0,374.852365285158,0,120.451121091843,0,6047.03361099958,0,1398.7157740891,0,0,0,1.10476517677307,0,0,0,3.94619852304459,0,2.15014213323593,0,18.4738644957542,0,0,0,0,0,0,0,0,0,0,0,0,0,0,0,0
0,0,0,0,0,0,0,0,0,0,0,0,0,0,0,0,0,0,0,0,0,0,0,0,0,0,0,0,1.11170434951782,0,0,0,0,0,0,0,109.765453547239,29.8416330814362,123.654254674911,37.0345296263695,2.04763025045395,0,56.5219741165638,0,0,0,127.713372677565,0.566435933113098,0,0,5.03778684139252,0,8.03257411718369,0,5.3753809928894,0,1.59012198448181,0,0,0,0,0,0,0,0,0,0.993639051914215,0,0,0,6.35610455274582,10.9854502677917,30.503737449646,6.0440046787262,72.6494063735008,50.0662181973457,103.189410448074,43.3289687633514,0,0,0,0,0,0,1.68340402841568,0,0,0,2.85447263717651,0,0,190.16585791111,1822.71246823668,32.5544895529747,171.441313356161,235.394215732813,1469.59651952982,108.153165757656,2920.71947205067,166.427045077085,362.869049549103,10.7931428551674,419.350058406591,79.5485581457615,500.641382902861,124.93586140871,370.330046892166,35.8470943570137,10.722123414278,5.72329172492027,87.5984019339085,23.9095121026039,28.4137772917747,5.53172022104263,1.74499052762985,20.7482823729515
0,0,0,0,0,0,0,0,0,0,0,0,0,0,0,0,0,0,0,0,0,0,0,0,0,0,0,0,0,0,0,0,0,0,0,0,124.852952122688,53.415304005146,256.836266845465,55.2626230716705,0,2.78408885002136,0,6.44705367088318,0,0,0,26.6386207342148,0,1.04294031858444,0,0,0,12.2516405582428,0,5.73656928539276,0,0,0,0,0,0,0,0,0,0,0,0,0,0,2.16445338726044,22.9650227427483,8.75347059965134,31.803076505661,124.954103887081,59.6120239198208,41.3325129151344,132.844414770603,0,0,0,0,0,0,0,2.32019412517548,0,0,0,1.10476517677307,190.16585791111,0,21.7024322152138,1630.65780708194,155.021696478128,597.32224932313,385.005564898252,656.196382015944,114.934458136559,2363.6791254878,29.7455134391785,95.6968274414539,91.4296806156635,376.18243226409,111.93488496542,646.667690038681,117.024078011513,242.006556749344,45.6233903467655,25.1424478590488,162.626219183207,11.2924926280975,73.2119517922401,4.03126603364944,26.7811073064804,56.1217373609543
0,0,0,0,0,0,0,0,0,0,0,0,0,0,0,0,0,0,0,0,0,0,0,0,0,0,0,0,0,0,0,0,0,0,0,0,54.9325754344463,17.4902198016644,64.6179223060608,19.6820607185364,1.30357468128204,0,0,0,0,0,0,0,0,0,0,0,0,0,0,0,0,0,0,0,0,0,0,0,0,0,0,0,0,0,1.75485986471176,2.68357342481613,17.9269323945045,0,29.7932000160217,26.5305224657059,120.284182339907,25.096449971199,0,0,0,0,0,0,0,0,0,0,0,0,1822.71246823668,21.7024322152138,0,4.38256952166557,251.90587747097,106.642894476652,716.906302034855,21.3835588097572,208.760377973318,37.9781270325184,1116.22630140185,0,914.45963537693,6.90479943156242,735.773111373186,43.5994175970554,243.389031738043,22.0963127315044,34.4406639635563,12.8854376077652,113.928866326809,14.0160943865776,76.1077429056168,24.2917284667492,8.69510781764984,28.7571316957474
0,0,0,0,0,0,0,0,0,0,0,0,0,0,0,0,0,0,0,0,0,0,0,0,0,0,0,0,0,0,0,0,0,0,0,0,61.7398707270622,43.5508891046047,93.6896304786205,46.6208141744137,0.568112194538116,5.82442361116409,0,0,0,0,0,0.593794405460358,0,0,0,0,0,0,0,0,0,0,0,0,0,0,0,0,0,0,0,0,0,0,0,7.02114716172218,0,6.65301895141602,20.647947371006,51.2768016159534,27.9587998688221,143.405806809664,0,0,0,0,0,0,0,0,0,0,0,0,32.5544895529747,1630.65780708194,4.38256952166557,0,54.7037705183029,301.30985468626,126.796554237604,298.166737943888,33.1071113049984,253.790435403585,5.66605216264725,551.089634686708,29.7402084171772,900.778867572546,42.8335140645504,1053.67060017586,81.8362172245979,173.603870034218,122.202024430037,66.6569854021072,244.618691474199,26.2935036122799,101.772248029709,42.4390237033367,73.0075703859329,113.652324289083
87.4931910037994,0.637645363807678,11.7931938767433,0,0,0,6.75798019766808,0,0.556030511856079,0,1.64919233322144,0,6.39307400584221,0,1.68633902072906,0,2.43134880065918,0,16.5865765810013,0.62699431180954,0.559024810791016,0,0,0,0,0,1.5160174369812,0,10.8167544007301,2.2438383102417,0,0,0.514624059200287,0,0,2.58428955078125,139.29165109992,8.89606493711472,45.4629088938236,13.135462552309,3.09272563457489,0,0,0,0,0,144.758626282215,4.9934349656105,3.5871025621891,0,13.7368282973766,0,1.07258939743042,0,2.68658709526062,0,111.014879316092,0,40.6023857295513,0,15.9926322698593,0,5.28749817609787,0,5.99920392036438,0,14.5015488564968,0,39.2911959886551,0,123.9980276227,24.306759595871,103.432145833969,3.74975395202637,213.23416107893,34.9043876230717,1218.01930698752,138.338486999273,1.2820543050766,0,9.9116525053978,0,2.72107487916946,0,3.15729796886444,0,4.03957253694534,0,4.84851360321045,0,171.441313356161,155.021696478128,251.90587747097,54.7037705183029,0,129.513441085815,1233.61890000105,38.9304499030113,117.88020914793,78.1812893748283,132.91430670023,12.0165457725525,324.966845005751,66.5296456515789,1103.64868673682,153.329537212849,165.751628398895,14.3807185292244,186.537012368441,330.744440734386,181.467046111822,14.7203719615936,55.2598340809345,59.9670260250568,23.7788498997688,128.480159431696
0.561827957630157,147.327095299959,0,41.9110389947891,0,0.801028251647949,1.00821197032928,18.2150978446007,0,0,0,4.06244546175003,0,3.6482105255127,0,0,0,8.87260937690735,0,21.4488655924797,0,0,0,1.3340277671814,0,0,0,0,2.10311961174011,3.71769112348557,0,0,0,0,0,0,52.5851214826107,101.810341536999,83.7063576877117,69.9042897820473,0.522480547428131,7.64059543609619,0,16.5929806530476,0,0,2.21118205785751,126.555165618658,0,7.57393360137939,0,32.1910371482372,0,2.00598478317261,0,1.26911994814873,1.47436773777008,105.077070116997,0,39.3930017054081,0,26.1613628566265,0,11.2869132757187,0,24.6725087761879,0.452931463718414,23.7360844314098,0,14.6832149028778,9.85785633325577,142.989896804094,20.5575623512268,47.5011115372181,72.3245626688004,168.309268146753,140.374527513981,1007.50690719485,0,1.90286207199097,0,5.58275032043457,0,0,0,3.44985830783844,0,0.640726447105408,0,3.94619852304459,235.394215732813,597.32224932313,106.642894476652,301.30985468626,129.513441085815,0,215.520343512297,933.850032061338,128.215938478708,412.139381617308,65.7688197493553,48.2682123780251,132.598614037037,262.95377638936,158.171385973692,959.360652267933,56.9627364575863,94.1930213272572,88.9491328895092,617.420909225941,167.77037230134,13.5060123205185,30.3850172758102,40.9521741867065,45.142012566328,119.616378426552
2.42218893766403,1.15186727046967,1.0967720746994,0,0,0,0,0,0,0,0,0,0,0,0,0,0,0,2.2505961060524,0,0,0,0,0,0,0,0,0,4.08237147331238,0,0,0,0,0,0,0,135.498045831919,24.0638045966625,98.0519899725914,26.9777334034443,1.90095806121826,0,1.74578893184662,0,1.88076019287109,0,89.5123076438904,1.56291723251343,1.23444473743439,0,3.92436242103577,0,0,0,0.630204379558563,0,24.4826045036316,0,5.24436324834824,0,1.67760729789734,0,0,0,3.67926585674286,0,6.16766804456711,0,2.80192375183105,0,26.0925474464893,22.6534230709076,34.5283938646317,16.1850808858871,80.3267472982407,71.5017817318439,376.665456861258,63.2700307667255,0,0,1.82970941066742,0,0,0,1.70206040143967,0,0,0,0.729726076126099,0,1469.59651952982,385.005564898252,716.906302034855,126.796554237604,1233.61890000105,215.520343512297,0,134.002067893744,2322.00998538733,186.95578917861,365.014681518078,35.6667903363705,602.923891574144,196.876792103052,990.702640175819,151.428811311722,288.085355490446,32.5003772675991,39.7393664717674,260.275027215481,900.512337476015,46.1271327137947,143.164724826813,70.8880515992641,12.5817193984985,62.2778521776199
0,0,0,0,0,0,0,0,0,0,0,0,0,0,0,0,0,0,0,0,0,0,0,0,0,0,0,1.22388410568237,0,0,0,0,0,0,1.36022210121155,2.06318563222885,27.6586006581783,25.7221604585648,36.5115865468979,38.5088448226452,0,2.14434337615967,0.640256822109222,11.1756455600262,0,8.77962690591812,0.993641793727875,77.1813291013241,0,5.93898051977158,0,6.51389914751053,0,4.15111428499222,0,41.4011952877045,0,0,0,2.30769938230515,0,0,0,0,0,0,0,1.89198482036591,0,0,2.55066418647766,22.6213704049587,1.76299268007278,6.73473757505417,33.9190931618214,36.1631830334663,20.1942666172981,81.6173651516438,0,0,0,0,0,0,0,2.82550740242004,0,0,0,2.15014213323593,108.153165757656,656.196382015944,21.3835588097572,298.166737943888,38.9304499030113,933.850032061338,134.002067893744,0,92.1284277141094,1747.94611555338,23.8265643715858,36.0893902778625,56.8328656852245,178.429714292288,59.8042265474796,502.767857342958,44.884675681591,119.582211077213,36.4812087118626,48.7980641126633,414.777354210615,48.3976207375526,66.5160452127457,19.2094108760357,34.0159226357937,39.9567504823208
0,0,0,0,0,0,0,0,0,0,0,0,0,0,0,0,0,0,0,0,0,0,0,0,0,0,0,0,7.61793807148933,0,0,0,0,0,1.97813940048218,4.20476198196411,80.6271298527718,17.4950145483017,53.0436323285103,21.9373631775379,6.56957292556763,0,240.129513978958,1.30401802062988,1.63281387090683,0,916.119896680117,1.16066765785217,5.09087312221527,0,8.59985989332199,0,15.1426500082016,0,44.5054852664471,0.915783643722534,0,0,0,0,0,0,0,0,0,0,9.84486895799637,2.68602377176285,0,0,9.49265569448471,3.06353765726089,48.2638786137104,2.14942669868469,66.3946516811848,42.0337168574333,82.6961778402328,40.9564582705498,0,0,1.46744328737259,0,5.4101294875145,0,3.61176431179047,0,2.45618855953217,0,6.86888948082924,0,2920.71947205067,114.934458136559,208.760377973318,33.1071113049984,117.88020914793,128.215938478708,2322.00998538733,92.1284277141094,0,103.993343621492,97.0893703401089,13.9952045977116,111.318974107504,88.0673212707043,229.293297410011,101.468388170004,149.17583283782,17.4814445972443,4.5822779238224,2.62962850928307,220.420977592468,64.0319677591324,46.2831834554672,23.7508185505867,3.16084653139114,12.3357909321785
0,0,0,0,0,0,0,0,0,0,0,0,0,0,0,0,0,0,0,0,0,0,0,0,0,0,0,0,0,4.33930814266205,0,0,0,0,0.876491367816925,4.53647470474243,52.9489736258984,57.3490131497383,87.1447468996048,48.3168777823448,0,26.1938706040382,132.407012581825,508.926717489958,2.13323837518692,19.0249617397785,0,835.778319478035,0,15.4456341862679,0,10.3280898928642,0,108.54867503047,0,350.828650534153,0,0,0,1.18932211399078,0,0,0,0,0,0,1.67915213108063,6.18006956577301,0,0,6.43195098638535,25.7609734535217,8.80282926559448,62.0515670776367,62.4605731070042,77.2437392473221,18.4173097610474,107.758612900972,0,0,0,5.64864462614059,0,0,0,17.2785495817661,0,0,0,18.4738644957542,166.427045077085,2363.6791254878,37.9781270325184,253.790435403585,78.1812893748283,412.139381617308,186.95578917861,1747.94611555338,103.993343621492,0,27.0524024367332,19.2164707481861,63.5122990012169,144.711005479097,57.4901321828365,277.385624676943,50.4085312485695,191.508903264999,14.8019923567772,5.46983540058136,315.805485665798,81.5020615756512,96.8903343379498,39.2537316679955,10.8093809485435,10.5735756456852
0,0,0,0,0,0,0,0,0,0,0,0,0,0,0,0,0,0,0,0,0,0,0,0,0,0,0,0,0,0,0,0,0,0,0,0,32.6129114925861,20.8780801296234,46.0775851011276,14.4099899530411,0,0,0,0,0,0,0,0,0,0,0,0,0,0,0,0,0,0,0,0,0,0,0,0,0,0,0,0,0,0,2.01309767365456,3.21419441699982,10.1213271617889,0,33.1674399077892,24.2418839037418,67.6334677934647,23.5687312483788,0,0,0,0,0,0,0,0,0,0,0,0,362.869049549103,29.7455134391785,1116.22630140185,5.66605216264725,132.91430670023,65.7688197493553,365.014681518078,23.8265643715858,97.0893703401089,27.0524024367332,0,0,2428.91152337193,12.7724005281925,718.162181645632,35.7641587853432,256.919952839613,16.2595227360725,12.7128021121025,7.8985108435154,37.5653557479382,7.84962549805641,25.320244550705,16.3784681558609,4.87274274230003,27.6615019142628
0,0,0,0,0,0,0,0,0,0,0,0,0,0,0,0,0,0,0,0,0,0,0,0,0,0,0,0,0,0,0,0,0,0,0,0,9.75998145341873,10.0117987990379,19.5304296910763,21.0582139790058,0,0.950295567512512,0,0,0,0,0,0.476511090993881,0,0,0,0,0,0,0,0,0,0,0,0,0,0,0,0,0,0,0,0,0,0,0,1.3971996307373,1.71314597129822,0,8.87113207578659,11.87067887187,9.43923133611679,24.6814640164375,0,0,0,0,0,0,0,0,0,0,0,0,10.7931428551674,95.6968274414539,0,551.089634686708,12.0165457725525,48.2682123780251,35.6667903363705,36.0893902778625,13.9952045977116,19.2164707481861,0,0,6.37984839081764,1042.65806016326,26.1785781383514,321.510448217392,23.2318793535233,71.8201399147511,11.372022151947,5.52485680580139,12.3062630593777,0,6.10413470864296,4.60378307104111,9.89794892072678,9.09140366315842
0,0,0,0,0,0,0,0,0,0,0,0,0,0,0,0,0,0,0,0,0,0,0,0,0,0,0,0,0,0,0,0,0,0,0,0,80.1892222166061,26.6968540549278,101.507615149021,26.0556952357292,0,0,0,0,0,0,2.61899209022522,1.02461296319962,0,0,0,0,0,0,0,0,0,0,0,0,0,0,0,0,0,0,0,0,0,0,7.18777340650558,6.88727331161499,4.50309047102928,3.88046026229858,59.1106330752373,56.8355043232441,181.574255973101,38.4661274552345,0,0,0,0,0,0,0,0,0,0,0,0,419.350058406591,91.4296806156635,914.45963537693,29.7402084171772,324.966845005751,132.598614037037,602.923891574144,56.8328656852245,111.318974107504,63.5122990012169,2428.91152337193,6.37984839081764,0,126.140999734402,3466.35934749246,125.748269021511,563.522921621799,59.665977537632,121.083421677351,81.6021867096424,275.271385669708,39.3654752373695,127.731093645096,421.776910275221,346.381496191025,119.312212079763
0,0,0,0,0,0,0,0,0,0,0,0,0,0,0,0,0,0,0,0,0,0,0,0,0,0,0,0,0,1.60622477531433,0,0,0,0,0,0,62.2827440202236,85.8845846056938,70.0662461221218,59.5511016249657,0,2.94233000278473,0,0,0,0,0,2.17717176675797,0,0,0,0,0,0,0,0,0,0,0,0,0,0,0,0,0,0,0,0,0,0,4.42440515756607,12.4943726658821,3.14868342876434,20.1799791455269,67.0849747955799,98.460888594389,46.112991809845,167.098049640656,0,1.69109189510345,0,0,0,0,0,0,0,0,0,0,79.5485581457615,376.18243226409,6.90479943156242,900.778867572546,66.5296456515789,262.95377638936,196.876792103052,178.429714292288,88.0673212707043,144.711005479097,12.7724005281925,1042.65806016326,126.140999734402,0,96.0467485189438,3782.72083944082,123.485867023468,282.943124860525,95.227402150631,68.9077896177769,189.697233170271,11.8133785426617,98.7513257861137,246.248634487391,124.577183544636,91.0176328122616
2.6776630282402,0,0,0,0,0,0,0,0,0,0,0,0,0,0,0,0,0,0,0,0,0,0,0,0,0,0,0,3.10359913110733,0.95316356420517,0.742429077625275,0,0,0,0,0,92.5048364698887,22.9046652913094,64.1885228455067,25.3813201189041,4.11921221017838,0.408392488956451,0,0,0,0,7.66012465953827,0.841230690479279,0,0,0,0,0,0,0,0,0.570143640041351,0,0,0,0.950650572776794,0,0,0,0,0,0,0,0,0,46.6750014424324,12.7301787436008,37.0046211481094,5.08705878257751,129.429965138435,56.3925510346889,932.397700220346,195.221851974726,0,0,3.03737604618073,0,0,0,0,0,0,0,0,0,500.641382902861,111.93488496542,735.773111373186,42.8335140645504,1103.64868673682,158.171385973692,990.702640175819,59.8042265474796,229.293297410011,57.4901321828365,718.162181645632,26.1785781383514,3466.35934749246,96.0467485189438,0,491.142354875803,639.67132666707,29.4214141964912,231.883397877216,85.4231757223606,207.891873061657,18.3312991261482,90.7791350781918,45.8037404417992,80.271359205246,639.723672121763
0,3.68559432029724,0,0.562895596027374,0,0,0,1.30301237106323,0,0,0,2.68946576118469,0,0,0,0,0,0,0,0,0,0,0,0,0,0,0,0,0.68310958147049,1.02447998523712,0,0,0,0,0,0,65.3376586735249,43.533743083477,38.6721839904785,46.2766203284264,2.95875054597855,4.22991079092026,0,1.91430056095123,0,0,1.77002382278442,19.8565244674683,0,0,0,0,0,0,0,0,0,1.09688395261765,0,0,0,0,0,0,0,0,0,1.88201141357422,0,0,16.7022817134857,51.4957239925861,8.35463711619377,20.3895481824875,63.4189736545086,103.969329714775,254.609054386616,800.634699732065,0,1.39832091331482,0,0,0,0,0,0,0,0,0,0,124.93586140871,646.667690038681,43.5994175970554,1053.67060017586,153.329537212849,959.360652267933,151.428811311722,502.767857342958,101.468388170004,277.385624676943,35.7641587853432,321.510448217392,125.748269021511,3782.72083944082,491.142354875803,0,88.1916080117226,358.178632885218,364.779012858868,112.093159466982,260.70013999939,28.1926285922527,87.6340560019016,106.873657435179,329.503149271011,704.05816423893
3.24701273441315,0,0,0,0,0,0,0,0,0,0,0,0,0,0,0,0,0,0,0,0,0,0,0,0,0,0,0,3.75822281837463,0,0,0,0,0,0,0,34.1178047657013,12.1304807662964,37.7849655151367,10.2061713933945,0,0,0,0,0,0,0.845287561416626,0,0,0,0,0,0,0,0,0,1.82683575153351,0,0,0,1.84530735015869,0,0,0,0,0,0,0,0,0,13.1243515014648,3.85776031017303,13.8782432079315,6.18186807632446,39.5207571685314,26.3514969050884,100.233336299658,52.4357323348522,0,0,1.36334478855133,0,0,0,0,0,0,0,1.02252280712128,0,370.330046892166,117.024078011513,243.389031738043,81.8362172245979,165.751628398895,56.9627364575863,288.085355490446,44.884675681591,149.17583283782,50.4085312485695,256.919952839613,23.2318793535233,563.522921621799,123.485867023468,639.67132666707,88.1916080117226,0,18.2481348216534,13.6038928329945,4.9064060151577,49.725913643837,2.53742015361786,20.0936221778393,6.62342607975006,7.44433763623238,59.3149860501289
0,0,0,0,0,0,0,0,0,0,0,0,0,0,0,0,0,0,0,0,0,0,0,0,0,0,0,0,0,0,0,0,0,0,0,0,8.62453293800354,11.7746363282204,10.0643880367279,7.1164653301239,0,0,0,0,0,0,0,1.00264322757721,0,0,0,0,0,0,0,0,0,0.929753601551056,0,0,0,0,0,0,0,0,0,0,0,0,1.29525661468506,13.8038303852081,1.71350163221359,0.980827152729034,15.4281850755215,17.5996776819229,8.48929858207703,37.6516545116901,0,0,0,0,0,0,0,0,0,0,0,0,35.8470943570137,242.006556749344,22.0963127315044,173.603870034218,14.3807185292244,94.1930213272572,32.5003772675991,119.582211077213,17.4814445972443,191.508903264999,16.2595227360725,71.8201399147511,59.665977537632,282.943124860525,29.4214141964912,358.178632885218,18.2481348216534,0,9.52707082033157,3.54722487926483,18.2003726065159,1.75700354576111,8.80726158618927,3.1120143532753,8.46057558059692,8.91395109891891
12.4960280060768,10.5392456054688,6.37116706371307,2.24894404411316,0,0,1.15853852033615,1.63679575920105,0,0,1.99322354793549,0,1.01480448246002,0,0,0,0,0,1.49652469158173,3.76451086997986,1.16427373886108,0,0,1.07878637313843,0,0,0,0,0,0,1.56032526493073,0,0,0,0,0,17.3667932152748,7.62675496935844,7.48722523450851,2.52971094846725,5.85092341899872,0.729636192321777,0,0,0,0,4.08709937334061,15.8085417747498,0,0,0,0,0,0,0,0,6.89382618665695,2.04056107997894,0,0,0,0,0,0,0,0,0,0,1.13705265522003,0,28.092096477747,45.8139516711235,17.671513915062,8.96960920095444,58.3039783239365,34.567121475935,626.240396797657,914.844467937946,0,0,0,0,0,0,0,0,0,0,0,0,10.722123414278,45.6233903467655,34.4406639635563,122.202024430037,186.537012368441,88.9491328895092,39.7393664717674,36.4812087118626,4.5822779238224,14.8019923567772,12.7128021121025,11.372022151947,121.083421677351,95.227402150631,231.883397877216,364.779012858868,13.6038928329945,9.52707082033157,0,222.526232928038,155.753312081099,19.4291762709618,61.0107427239418,207.134243965149,88.2898411154747,280.788941770792
14.8910160064697,7.31986582279205,5.05755567550659,1.44558319449425,0,0,3.49462470412254,5.57841658592224,0,0,7.20484501123428,1.4667501449585,1.28950655460358,0,0,0,0,0,3.66156113147736,5.17641365528107,0,0,0,0,0,0,0,0,0.945280730724335,0,0,0,0,0.558189809322357,0,0,44.964726537466,5.81844681501389,6.6788803935051,1.03289276361465,0.664489686489105,0,0,0,0,1.6262229681015,104.606432199478,172.569398343563,0,1.33651065826416,0.755710065364838,1.18161416053772,0,0,0,0,8.84420961141586,4.1753488779068,3.8380383849144,1.72208034992218,0.97642183303833,5.86572468280792,0,0,0,0.882403671741486,1.82118165493011,0,7.52677154541016,1.4658921957016,6.8061049580574,30.839169383049,20.3741098642349,8.04691690206528,27.7765036225319,12.0031766593456,822.313074499369,875.065504610538,0,1.32079863548279,0,0,2.14717316627502,0,0,0,0,0,2.07186698913574,0,5.72329172492027,25.1424478590488,12.8854376077652,66.6569854021072,330.744440734386,617.420909225941,260.275027215481,48.7980641126633,2.62962850928307,5.46983540058136,7.8985108435154,5.52485680580139,81.6021867096424,68.9077896177769,85.4231757223606,112.093159466982,4.9064060151577,3.54722487926483,222.526232928038,0,626.887902468443,24.7901403307915,86.414122402668,238.496073365211,114.773763954639,148.466727733612
0,0,0,0,0,0,0,0,0,0,0,0,0,0,0,0,0,0,0,0,0,0,0,0,0,0,0,0,0,0,0,0,0,0,0,0,17.1924045085907,14.3919205665588,15.3426083922386,11.3211672902107,0,2.98941880464554,0,0,0,0,0,3.85025781393051,0,0,0,0,0,0,0,0,0,0,0,0,0,0,0,0,0,0,0,0,0,0,1.50220799446106,10.0258857011795,5.56201520562172,6.24898725748062,22.1001680493355,23.163671374321,31.5819815695286,29.4045049846172,0,0,0,0,0,0,0,0,0,0,0,0,87.5984019339085,162.626219183207,113.928866326809,244.618691474199,181.467046111822,167.77037230134,900.512337476015,414.777354210615,220.420977592468,315.805485665798,37.5653557479382,12.3062630593777,275.271385669708,189.697233170271,207.891873061657,260.70013999939,49.725913643837,18.2003726065159,155.753312081099,626.887902468443,0,252.609818488359,419.676777333021,427.932170569897,173.95956581831,226.559921890497
0,0,0,0,0,0,0,0,0,0,0,0,0,0,0,0,0,0,0,0,0,0,0,0,0,0,0,0,0,0,0,0,0,0,0,0,0,3.43023854494095,1.17569315433502,2.54444992542267,0,0,0,0,0,1.66696417331696,0,1.07529163360596,0,0,0,0,0,0,0,0,0,0,0,0,0,0,0,0,0,0,0,0,0,0,0,0,0,0,0.878517776727676,5.05615615844727,1.30873763561249,4.7054603099823,0,0,0,0,0,0,0,0,0,0,0,0,23.9095121026039,11.2924926280975,14.0160943865776,26.2935036122799,14.7203719615936,13.5060123205185,46.1271327137947,48.3976207375526,64.0319677591324,81.5020615756512,7.84962549805641,0,39.3654752373695,11.8133785426617,18.3312991261482,28.1926285922527,2.53742015361786,1.75700354576111,19.4291762709618,24.7901403307915,252.609818488359,0,225.486157476902,126.571278452873,10.917198240757,17.9533606469631
0,0,0,0,0,0,0,0,0,0,0,0,0,0,0,0,0,0,0,0,0,0,0,0,0,0,0,0,0,0,0,0,0,0,0,0,3.67166683077812,5.27840250730515,4.87256193161011,7.97538024187088,0,0,0,0,0,0,1.58454465866089,0,0,0,0,0,0,0,0,0,0,0,0,0,0,0,0,0,0,0,0,0,0,0,0,0.863925278186798,1.57989287376404,0,5.12505704164505,2.64455157518387,18.7860725224018,8.76556605100632,0,0,0,0,0,0,0,0,0,0,0,0,28.4137772917747,73.2119517922401,76.1077429056168,101.772248029709,55.2598340809345,30.3850172758102,143.164724826813,66.5160452127457,46.2831834554672,96.8903343379498,25.320244550705,6.10413470864296,127.731093645096,98.7513257861137,90.7791350781918,87.6340560019016,20.0936221778393,8.80726158618927,61.0107427239418,86.414122402668,419.676777333021,225.486157476902,0,279.658077597618,43.4160425066948,86.4661227166653
0,0,0,0,0,0,0,0,0,0,0,0,0,0,0,0,0,0,0,0,0,0,0,0,0,0,0,0,0,0,0,0,0,0,0,0,0,2.24975526332855,1.21736860275269,0.604499876499176,0,0,0,0,0,0,0,0,0,0,0,0,0,0,0,0,0,0,0,0,0,0,0,0,0,0,0,0,0,0,0,0,0,0,0,2.55661916732788,16.4884577393532,23.4119543433189,0,0,0,0,0,0,0,0,0,0,0,0,5.53172022104263,4.03126603364944,24.2917284667492,42.4390237033367,59.9670260250568,40.9521741867065,70.8880515992641,19.2094108760357,23.7508185505867,39.2537316679955,16.3784681558609,4.60378307104111,421.776910275221,246.248634487391,45.8037404417992,106.873657435179,6.62342607975006,3.1120143532753,207.134243965149,238.496073365211,427.932170569897,126.571278452873,279.658077597618,0,254.011265158653,300.16159388423
0,0,0,0,0,0,0,0,0,0,0,0,0,0,0,0,0,0,0,0,0,0,0,0,0,0,0,0,0,0,0,0,0,0,0,0,2.32273012399673,1.55112755298615,4.08648902177811,2.18158966302872,0,0,0,0,0,0,0.844907402992249,1.16824328899384,0,0,0,0,0,0,0,0,0,0,0,0,0,0,0,0,0,0,0,0,0,0,0,0,0,0,0.367039889097214,2.51327633857727,8.02425891160965,29.3899673521519,0,0,0,0,0,0,0,0,0,0,0,0,1.74499052762985,26.7811073064804,8.69510781764984,73.0075703859329,23.7788498997688,45.142012566328,12.5817193984985,34.0159226357937,3.16084653139114,10.8093809485435,4.87274274230003,9.89794892072678,346.381496191025,124.577183544636,80.271359205246,329.503149271011,7.44433763623238,8.46057558059692,88.2898411154747,114.773763954639,173.95956581831,10.917198240757,43.4160425066948,254.011265158653,0,142.825399041176
0,1.71510553359985,0,0.775496244430542,0,0,0,0,0,0,1.03685593605042,0,0,0,0,0,0,0,0,0,0.464518368244171,0,0,0,0,0,0,0,0,0,0,0,0,0,0,0,6.87079334259033,5.773217856884,7.41679853200912,1.08897078037262,1.79179608821869,0,0,1.13840651512146,0,0,3.75916117429733,2.48287522792816,0,0,0,0,0,0,0,0,0,3.19480562210083,0,0,0,0,0,0,0,0,0,0,0,0,11.9624328613281,10.1001413166523,7.51915547251701,5.18023863434792,27.0756059587002,12.7461667954922,189.460648447275,177.213435441256,0,0,0,0,0,0,0,0,0,0,0,0,20.7482823729515,56.1217373609543,28.7571316957474,113.652324289083,128.480159431696,119.616378426552,62.2778521776199,39.9567504823208,12.3357909321785,10.5735756456852,27.6615019142628,9.09140366315842,119.312212079763,91.0176328122616,639.723672121763,704.05816423893,59.3149860501289,8.91395109891891,280.788941770792,148.466727733612,226.559921890497,17.9533606469631,86.4661227166653,300.16159388423,142.825399041176,0
