0,365.377596229315,3787.3824545145,265.484446227551,0,0,3214.96783316135,161.680297374725,0,0,2551.72799932957,6.03754103183746,709.726629048586,0,4.78818726539612,0,194.416933506727,5.34663647413254,2153.65335571766,1199.18522438407,0,0,8.99848055839539,0,0,0,0,0,422.743350148201,1.16166114807129,15.1639489531517,0.803972244262695,10.8231210112572,131.694248884916,0,1.73555135726929,521.907858788967,1.04468679428101,66.9699168801308,0,4.61204677820206,0,1.15221440792084,0,0,0,4.59570074081421,0,1.14283132553101,0,321.494922637939,0,2.2242785692215,0,3.6948653459549,0,9843.70583680272,16.7135028839111,949.118542134762,0,993.944371461868,0,45.0155252218246,0,455.553742170334,0,256.855678737164,3.90146553516388,664.716020047665,18.0803977847099,2323.6645745039,88.4772988557816,1366.48456010222,58.8943693637848,642.868902862072,27.0434915721416,2569.84362339973,119.649313241243,4.61287054419518,0,15.6951659917831,0,3.03306269645691,0,175.207633733749,0,0,0,102.338392853737,0,0,0,0,0,122.732476055622,0,29.7924695312977,0,0,0,0,0,0,0,1.00153434276581,0,3.83632516860962,0,8.57501572370529,2.02789676189423,0,0,0,0,0,4.44551828503609
365.377596229315,0,127.730248272419,5978.63023287058,0,0.458670049905777,112.007180988789,6538.30667346716,0,3.83754754066467,17.5558761656284,1834.50673750043,3.43939995765686,1013.07852974534,0,10.3183481097221,16.93620043993,497.21935120225,906.657058566809,1387.0554766655,0,0,3.00602495670319,19.5676518678665,0,0,0,0,38.0473446249962,176.333367526531,18.5325513482094,3.94269466400146,51.0598505735397,89.6888239383698,4.21345710754395,1.09635889530182,1.44388270378113,360.601350307465,1.56544518470764,174.828091323376,0,2.20894700288773,0.929274260997772,0,0,0,0,34.112035959959,0,7.09084886312485,0,209.647114127874,0,0,0,5.6796909570694,54.6741486787796,11107.1942312717,12.3391904830933,126.900168210268,7.70391726493835,612.41149866581,0,360.275882691145,0,370.773500353098,10.6932452917099,89.2162615656853,177.352546840906,557.675870418549,172.021270424128,1411.68953314424,70.5214168727398,1973.5567715764,20.5873810946941,887.667752861977,133.775973826647,3434.68769779801,0,4.04266965389252,0,37.1089672446251,0.614225924015045,0,0,270.783984959126,0,0,0,110.204304426908,0,0,0,0,14.8516097664833,173.547777742147,0,0,0,1.18018138408661,0,0,0,0,0,12.9633683562279,0,1.94149124622345,29.7082400023937,27.2683986127377,0,0,0,0.716706991195679,0,8.87425321340561
3787.3824545145,127.730248272419,0,1023.49069485068,1129.35248234868,42.1558927893639,9310.40504404902,802.265795201063,312.188976287842,72.5723885297775,716.426177352667,67.0137430131435,2183.93226131797,59.6604135930538,491.24690413475,15.627641916275,126.247773736715,8.0821330845356,3100.53340640664,743.012100458145,1.18882203102112,2.26248914003372,2649.5626719892,1681.20382651687,114.418723255396,90.0187103748322,38.0808348357677,5.14513379335403,992.098028033972,6.69490200281143,144.196197241545,463.524379372597,45.0555551052094,102.044253200293,1.47727972269058,0,128.574842870235,1.26348495483398,5.75540620088577,0,21.7971861064434,0,1.059006690979,0,0,0,8.48021334409714,0,0,0,35.9756892621517,0,0,0,0,0,182.939347326756,4.15224003791809,418.838844329119,0,60.6808333396912,0,3.50416094064713,0,19.3717035055161,0,337.386579930782,0,270.428551375866,2.58321338891983,1413.73662829399,417.386870592833,2130.72046175599,104.843704104424,485.266775131226,31.6404340863228,1910.08179175854,79.5971601307392,0,0,6.31807622313499,0,15.155644774437,0,3.89339762926102,0,0,0,0,0,0,0,0,0,75.0590210258961,0,12.6088321805,0,0,0,0,0,0,0,1.24047040939331,0.647658705711365,0,0,6.08009701967239,2.32372933626175,0,0,0,0,0,1.02039337158203
265.484446227551,5978.63023287058,1023.49069485068,0,161.948206335306,160.037464380264,590.935533106327,14692.0882363617,63.815603017807,333.475117623806,40.3323073089123,520.71213003993,262.044746428728,760.682108193636,38.9825012981892,444.535300761461,9.60523843765259,135.615052759647,944.722383469343,4896.99336355925,1.46259915828705,9.55869179964066,1212.89988651872,2408.44355332851,149.428164243698,236.78277477622,46.6047474741936,26.212505698204,87.8050385117531,170.402256190777,179.95324921608,203.45441609621,111.930658519268,84.7300806641579,2.42187470197678,1.32054901123047,0.559749782085419,148.252663910389,1.62615883350372,64.5639765262604,0,48.0203254818916,0,0.772118806838989,0,0,0,8.73292964696884,0,0,0,0,0,0,0,0,28.6589698791504,632.2402087152,0.724480390548706,51.2256829440594,0,10.470743060112,0,46.9279233217239,0,7.56967222690582,14.5227056741714,175.818000674248,159.417591780424,235.955633163452,416.086882442236,2170.96541807055,347.920913755894,2579.68110799789,34.3572614192963,1016.199993819,123.060850381851,2734.09344688058,0,0,0,8.19091534614563,0,2.94858920574188,0,4.83636152744293,0,1.39834153652191,0,0,0,0,0,0,14.3692843317986,89.9138537347317,0,0,0,0,0,0,0,0,0,1.59166052937508,0,0,22.58029961586,17.6902737319469,0,0,0,0,0,4.42583838105202
0,0,1129.35248234868,161.948206335306,0,80.9641289710999,690.120983958244,36.176344037056,1694.39571303129,48.627838909626,0.961589097976685,0,22.6782600581646,0,2414.3787817657,12.467248737812,0,0,4.28235697746277,0,96.4334781467915,37.4666210711002,281.794349759817,312.250633746386,196.838388085365,265.968646287918,902.711640179157,93.9787027239799,587.988734126091,0,64.5358683764935,237.292782008648,21.0031185746193,7.31206184625626,0.694608271121979,0,15.9717326164246,0,4.35194563865662,0,23.6395529806614,0,0.592454135417938,0,0,0,0.895879507064819,0,0,0,0,0,0,0,0.617222130298615,0,0,0,0,0,0,0,0,0,0,0,0.685219824314117,0,0,0,692.766615837812,109.991775840521,603.824840933084,12.9584514200687,23.7643345296383,0,41.4008676111698,0,0,0,1.62663149833679,0,8.90464079380035,0,5.80098611116409,0,2.76680660247803,0,0.88803094625473,0,0,0,0,0,0.475623577833176,0,0,0,0,0,0,0,0,0,0,0,0,0,0,0,0,0,0,0,0,0
0,0.458670049905777,42.1558927893639,160.037464380264,80.9641289710999,0,6.39999312162399,492.836037099361,20.6477854251862,1429.42483940721,0,0,0,1.32255458831787,12.8505718708038,1933.71662303805,0,0,0,0,1.89966541528702,464.636038988829,95.4295184910297,82.6782802343369,93.5374071598053,560.941312551498,61.0071913301945,1652.63686433434,1.57266372442245,128.173199117184,31.3255252540112,88.3319895267487,0,1.08899527788162,0,0,0,8.11390188336372,0,15.9530636370182,0,145.254020065069,0,0,0,0,0,0.933901786804199,0,0,0,0,0,0,0,0,0,0,0,0,0,0,0,0,0,0,0,0,0,0,106.500136137009,534.583921432495,3.78477096557617,525.193776369095,0,22.8091236054897,0,2.17669928073883,0,0.924039781093597,0,0.933485567569733,0,9.49518296122551,0,1.19344657659531,0,3.19055315852165,0,0.482538521289825,0,0,0,0,0,0,0,0,0,0,0,0,0,0,0,0,0,0,0,0,0,0,0,0,0,0
3214.96783316135,112.007180988789,9310.40504404902,590.935533106327,690.120983958244,6.39999312162399,0,962.16581723094,978.932446211576,10.8064395189285,2600.09629374743,81.995817899704,8790.70929652452,107.414448261261,327.561699002981,3.29327464103699,70.3041946589947,6.19384723901749,444.635797768831,821.979164034128,0,0,421.240754961967,1076.83684933186,5.62294256687164,1.60418832302094,1.96899878978729,0,503.423733413219,1.63127958774567,51.0110868513584,178.84525603056,7.56375274062157,89.9611685276031,3.03051525354385,0,47.9163165390491,2.85403788089752,0.864553511142731,0,2.50897073745728,0,0.955604374408722,0,0,0,4.90036523342133,0,0,0,343.41112908721,0,0,0,0,0,428.736754119396,0,271.588911533356,0,410.58295238018,0,9.31378519535065,0,383.374337792397,0,72.0031990706921,0,33.0244780778885,0,1551.25313100219,275.669682621956,1185.18338248134,92.5611411333084,259.943587630987,38.113274872303,1193.31503778696,74.382564753294,0,0,2.08567976951599,0,8.06161451339722,0,86.6114348769188,0,0,0,10.7750940322876,0,0,0,0,0,38.2681224346161,0,0,0,0,0,0,0,0,0,0,0,0,0,3.51677924394608,0,0,0,0,0,0,0
161.680297374725,6538.30667346716,802.265795201063,14692.0882363617,36.176344037056,492.836037099361,962.16581723094,0,25.0551643967628,346.343560606241,123.625248670578,1674.02990943193,358.499636620283,5617.60973915458,19.3414835929871,478.632139921188,19.7178379297256,120.320298045874,1426.93732574582,1523.61239299178,0,1.83967477083206,1054.06310895085,357.165103286505,29.6334019303322,14.9134152531624,7.54133760929108,4.14476537704468,97.6996653974056,125.685277283192,146.283833563328,80.7946062684059,51.8338608145714,32.781614869833,0.67301219701767,0,0.836404740810394,39.4144883453846,1.9137624502182,7.05609101057053,0,12.2419493794441,0,0,0,0,0,9.08051565289497,0,2.25106662511826,0,74.1444604992867,0,0,0,3.27488481998444,23.6549024581909,1055.87385585904,0,44.51683396101,0,209.208509922028,0,187.469140172005,0,190.104922920465,0,49.8434065580368,21.9113203585148,32.4138363003731,321.852418929338,2673.31616187096,300.338959485292,1252.75982251763,43.0638478398323,555.625399798155,108.171844094992,1646.39143359661,0,4.93073630332947,0,24.5685875415802,0,0.581011950969696,0,127.949395895004,0,0,0,17.8280504345894,0,0,0,0,3.97157895565033,28.3391360044479,0,0,0,0,0,0,0,0,0,0,0,0,12.7889965176582,10.3179668784142,0,0,0,0,0,0.690637826919556
0,0,312.188976287842,63.815603017807,1694.39571303129,20.6477854251862,978.932446211576,25.0551643967628,0,18.3500690460205,3.80142724514008,0,176.451851993799,0,3354.7260055244,6.17155820131302,0,0,2.32860863208771,0,11.8073972761631,3.62816002964973,39.839442461729,104.441864103079,15.0064297616482,48.859394133091,116.717744082212,8.9711836874485,254.52089163661,1.16096198558807,11.7789514660835,48.2457209825516,2.12706184387207,0,0,0,6.22299033403397,0,0,0,16.6821320056915,0,0,0,0,0,0,0,0,0,0,0,0,0,0,0,0,0,0,0,0,0,0,0,0,0,0,0,0,0,404.456379145384,24.956985861063,536.487826853991,4.07676732540131,37.8266197144985,0,52.5418083667755,0,0,0,0,0,8.68550330400467,0,0,0,1.1008962392807,0,0,0,0,0,0,0,0.870270013809204,0,0,0,0,0,0,0,0,0,0,0,0,0,0,0,0,0,0,0,0,0
0,3.83754754066467,72.5723885297775,333.475117623806,48.627838909626,1429.42483940721,10.8064395189285,346.343560606241,18.3500690460205,0,0,9.36536383628845,0.543592393398285,178.370396077633,3.38641762733459,2909.59693321586,0,2.4314768910408,0,7.25407826900482,0.564525306224823,105.216800749302,103.573380798101,61.9879000484943,65.5355903804302,106.491133421659,19.5885392725468,211.610545575619,1.0390967130661,165.881565928459,9.47053524851799,16.9400613307953,0,2.09215295314789,0,0,0,15.4498104453087,0,1.73235961794853,0,145.338812351227,0,0,0,0,0,2.35892581939697,0,0,0,0,0,0,0,0.689635932445526,0,2.53156006336212,0,0,0,0,0,0.690384805202484,0,0,0,0,0,0,43.5343692004681,852.267492890358,6.19577848911285,922.636892408133,0,72.244819521904,0,44.1793530583382,0,0,0,0,0,16.5049720704556,0,3.57374060153961,0,6.08956837654114,0,2.55800077319145,0,0,0,0,0,2.04573088884354,0,0,0,0,0,0,0,0,0,0,0,0,0.453437298536301,0.440105110406876,0,0,0,0,0,0
2551.72799932957,17.5558761656284,716.426177352667,40.3323073089123,0.961589097976685,0,2600.09629374743,123.625248670578,3.80142724514008,0,0,8.38624507188797,2509.08512306213,5.60187444090843,46.7799007892609,0,1333.19296458364,0,643.615321725607,198.218994557858,0,0,87.45556640625,53.7421527802944,0,0,0,0,1229.32777094841,0,7.93912833929062,14.6383047699928,13.2781455814838,16.8053830265999,4.50169765949249,0,60.8712397217751,0,5.35556778311729,0,1.3960120677948,0,0,0,0,0,0.624589264392853,0,0,0,82.7382571101189,0,6.19890278577805,0,9.98656648397446,0,327.308081865311,0,31.3240582048893,0,1185.5703600049,0,465.532626509666,0,280.405324816704,0,9.43016248941422,0,28.9848721623421,0,595.390233367682,20.0409774184227,519.081194460392,18.2260039746761,68.954499155283,3.15126943588257,331.664736747742,6.87276935577393,16.3936356306076,0,376.796484708786,0,97.6197571754456,0,631.165936350822,0,0,0,195.473664402962,0,0,0,0,0,14.1967636346817,0.843176245689392,0.856719672679901,0,0,0,0,0,0,0,1.19545757770538,0,0,0,0.775538206100464,0,0,0,0,0,0,0
6.03754103183746,1834.50673750043,67.0137430131435,520.71213003993,0,0,81.995817899704,1674.02990943193,0,9.36536383628845,8.38624507188797,0,26.2127672731876,3182.59841629863,0,211.559794306755,2.51965564489365,958.729712665081,189.946570068598,891.650272995234,0,0,38.1233922839165,204.788025707006,0,0,0,0,10.5810753703117,799.224128991365,17.9153864979744,21.6914115548134,5.28147041797638,39.6088624000549,0,0,0,12.320107460022,0,7.98772799968719,0,4.97040593624115,0,0,0,0,0,3.303566634655,0,0,0,0,0,0,0,0,0,142.3531447649,0,21.5600932538509,0,367.535291135311,0,642.965257763863,0,116.528105437756,0,12.9733160734177,0,7.85866105556488,31.5248407721519,507.568637311459,18.3571684062481,956.017705500126,2.86196315288544,166.90595972538,4.05429238080978,324.617141902447,0,1.33066463470459,0,36.5754719376564,0,0,0,32.6525573730469,0,0,0,3.23664247989655,0,0,0,0,4.58010423183441,3.05904829502106,0,0,0,0,0,0,0,0,0,4.04767119884491,0,0,2.78051328659058,3.78298985958099,0,0,0,0,0,0
709.726629048586,3.43939995765686,2183.93226131797,262.044746428728,22.6782600581646,0,8790.70929652452,358.499636620283,176.451851993799,0.543592393398285,2509.08512306213,26.2127672731876,0,39.6570056378841,1926.59412771463,1.01925301551819,106.236097753048,0,663.818800508976,163.579065978527,0,0,885.716947853565,433.119933545589,1.31941366195679,0,0.713238000869751,0,2577.95889231563,0.670234382152557,63.7535384297371,108.570497393608,28.6281346678734,50.7376640439034,0,0,33.4143756628036,0,2.38928318023682,0,1.26714813709259,0,0,0,0,0,1.01020473241806,0,0,0,36.7512984275818,0,0,0,0,0,262.549213945866,0,18.4196662306786,0,463.856904298067,0,215.371077537537,0,85.140319108963,0,4.03680348396301,0,27.3493629693985,0,1207.99888709188,121.371029317379,1197.52124711871,37.134583234787,130.914243370295,10.8243359923363,579.989668875933,16.0042290687561,3.73741990327835,0,213.266223162413,0,8.90576422214508,0,192.011779129505,0,0,0,3.86830973625183,0,0,0,0,0,7.3404695391655,0,2.72563338279724,0,0,0,0,0,0,0,0,0,0,0,0.657780528068542,1.43034890294075,0,0,0,0,0,0
0,1013.07852974534,59.6604135930538,760.682108193636,0,1.32255458831787,107.414448261261,5617.60973915458,0,178.370396077633,5.60187444090843,3182.59841629863,39.6570056378841,0,0,2303.98137843609,0,149.290969967842,41.5659123957157,357.247354358435,0,0,136.43280351162,300.910720914602,0,0,0,0,13.5115267336369,1111.75216069818,10.0956506729126,12.0157555937767,3.34443479776382,8.35712963342667,0,0,0,10.2013427019119,0,0,0,6.68496626615524,0,0,0,0,0,0.924530982971191,0,0,0,0,0,0,0,0,0,130.263454556465,0,6.54378694295883,0,226.923612535,0,691.99112957716,0,72.8532313704491,0,0,0,2.42566227912903,34.4172977805138,817.549802482128,30.3692707121372,1021.26612186432,4.05736303329468,211.079559922218,9.30375105142593,331.724424421787,0,0,0,46.4390670657158,0,2.62620598077774,0,47.3563464283943,0,0,0,4.00036865472794,0,0,0,0,0.750733911991119,7.12647807598114,0,0,0,0,0,0,0,0,0,0,0,0,2.86921191215515,1.31677496433258,0,0,0,0,0,0
4.78818726539612,0,491.24690413475,38.9825012981892,2414.3787817657,12.8505718708038,327.561699002981,19.3414835929871,3354.7260055244,3.38641762733459,46.7799007892609,0,1926.59412771463,0,0,0.624026656150818,22.4746928215027,0,19.3689985871315,0,154.85263851285,29.1066185832024,145.29432451725,72.3470698297024,113.315379709005,78.0646545886993,551.432484596968,50.2445384263992,2468.57948419452,0,112.29917922616,107.001436710358,26.7851663827896,1.70391726493835,0,0,9.81344306468964,0,0,0,29.6090868115425,0.696274697780609,0,0,0,0,1.03579044342041,0,0,0,0,0,0,0,0,0,5.82662796974182,0,0,0,0,0,1.414311170578,0,0,0,0,0,0,0,1143.99516108632,56.661160171032,1673.75601509213,1.73342335224152,125.238147169352,0,222.261736690998,0,0.71046507358551,0,5.59433203935623,0,41.9980308413506,0,4.38257300853729,0,4.69845443964005,0,2.61661529541016,0,0,0,0,0,2.7026484310627,0,0,0,0,0,0,0,0,0,0,0,0,0,0.498212456703186,0,0,0,0,0,0,0
0,10.3183481097221,15.627641916275,444.535300761461,12.467248737812,1933.71662303805,3.29327464103699,478.632139921188,6.17155820131302,2909.59693321586,0,211.559794306755,1.01925301551819,2303.98137843609,0.624026656150818,0,0,92.5793836712837,0,35.5178339481354,2.33218568563461,336.031971096992,19.8488339185715,84.0171800553799,8.14299201965332,111.398844987154,9.26205897331238,328.091622799635,0,2734.67493650317,8.52664637565613,17.0962762832642,0,2.39410012960434,0,0,0,26.0114560127258,0,4.69515115022659,0,393.934876859188,0,0,0,0,0,0,0,0,0,0,0,0,0,1.46091455221176,0,27.3605756759644,0,0,0,3.17059618234634,0,24.6220775842667,0,0,0,0,0,0,32.0173823833466,1361.98805594444,1.20577216148376,2746.77786689997,0,185.122159123421,0,150.1046654284,0,0,0,4.16054028272629,0,68.4879145026207,0,6.57209932804108,0,10.0684650242329,0,7.03553730249405,0,0,0,0,1.16964936256409,0,0,0,0,0,0,0,0,0,0,0,0,0,0,0,0,0,0,0,0,0
194.416933506727,16.93620043993,126.247773736715,9.60523843765259,0,0,70.3041946589947,19.7178379297256,0,0,1333.19296458364,2.51965564489365,106.236097753048,0,22.4746928215027,0,0,0,217.744872689247,59.0049604773521,0,0,4.13998061418533,0.943510890007019,0,0,0,0,3811.36240628362,0,0,0,3.14556264877319,13.0560163259506,1.74364757537842,1.42481231689453,30.1165677607059,0.872978746891022,6.56440502405167,0,0,0,1.77968215942383,0,0,0,2.66640496253967,0,2.79234617948532,0,24.8501720428467,0,3.18616986274719,0,0,0,1850.73194077611,9.36513650417328,39.8303272128105,0,673.768729150295,0,2200.01533967257,0.92499852180481,68.6647963523865,0,47.8692525029182,7.22717952728271,7.97973346710205,3.33361673355103,200.827856123447,3.79806888103485,418.843215256929,1.01543474197388,79.9859491884708,0,177.34792932868,4.23440498113632,677.856150269508,0,1566.40174952149,0,105.117997586727,0,263.920568287373,0,0,0,135.777386426926,0,0,0,0,0,17.7272747159004,0,5.42761033773422,0,0,0,0,0,0,0,2.88397341966629,0,1.31958669424057,0,1.11727118492126,0,0,0,0,0,0,0
5.34663647413254,497.21935120225,8.0821330845356,135.615052759647,0,0,6.19384723901749,120.320298045874,0,2.4314768910408,0,958.729712665081,0,149.290969967842,0,92.5793836712837,0,0,55.9521774053574,120.645391583443,0,0,3.23635858297348,31.103901296854,0,0,0,0,0,2439.22874042392,6.80927413702011,13.1881039142609,0,13.1954410076141,0.979022860527039,3.56141895055771,0,5.1832931637764,0,2.02200293540955,0,0,0,0,0,0,0,2.70702493190765,0,0,0,1.44863653182983,0,0,0,0,2.94297420978546,1187.51821729541,10.202000439167,17.3482255339622,3.000916659832,255.081115245819,0,2380.18141120672,0,19.5359253883362,3.43744856119156,12.3434776365757,0,10.3290169835091,15.649817109108,117.220574021339,5.05284905433655,1355.80923992395,0,164.689147293568,5.06561481952667,157.262735635042,0,73.4494078457355,0.818605601787567,515.353882163763,0,1.73041471838951,0,32.3050004243851,0,0.473152309656143,0,4.92722821235657,0,0,0,0,1.86008888483047,6.00054198503494,0,0,0,0,0,0,0,0,1.82045751810074,2.13016736507416,0,0,0,1.28466200828552,0,0,0,0,0,5.8651664853096
2153.65335571766,906.657058566809,3100.53340640664,944.722383469343,4.28235697746277,0,444.635797768831,1426.93732574582,2.32860863208771,0,643.615321725607,189.946570068598,663.818800508976,41.5659123957157,19.3689985871315,0,217.744872689247,55.9521774053574,0,6787.08175632358,0.969496011734009,0.98414009809494,2058.91305226088,525.194768041372,2.78295797109604,0,0.625932633876801,0,622.456754803658,7.51278191804886,879.323723316193,435.449726849794,2779.6740539968,1402.53708747029,151.606438100338,0,140.07348588109,4.12577348947525,12.9029223024845,1.23194026947021,2.99974900484085,0,87.4626505076885,0,11.6095667779446,0,38.4931370615959,0,2.15337330102921,0,6.16681417822838,0,0,0,0,0,112.162155836821,30.3449796438217,352.481131196022,0,13.1917826831341,0,0.865407407283783,0,1.48092412948608,0,1878.9799836576,20.9655070304871,2660.20846804976,87.4072086215019,1114.34842443466,527.528988838196,1353.65537196398,297.695302307606,424.149350166321,131.718590945005,2330.66204667091,546.403353333473,0,0,4.32017236948013,0,16.8016248941422,0,7.99821782112122,0,0,0,0,0,0,0,0,0,83.0930587947369,0,15.3253100514412,0,0,0,0,0,0,0,0,0,0,0,9.02717614173889,2.0743283033371,0,0,0,0,0,0
1199.18522438407,1387.0554766655,743.012100458145,4896.99336355925,0,0,821.979164034128,1523.61239299178,0,7.25407826900482,198.218994557858,891.650272995234,163.579065978527,357.247354358435,0,35.5178339481354,59.0049604773521,120.645391583443,6787.08175632358,0,0,0,462.921568781137,1983.06957650185,0.418736279010773,11.7324825525284,0,0,179.737796425819,65.0506553947926,405.972784310579,736.443567574024,621.293178647757,4252.36513647437,5.50205338001251,23.1204487979412,9.14264690876007,110.506498456001,0,43.5252594649792,0,0,1.08782243728638,4.96678957343102,0,2.70108848810196,3.27837938070297,51.7615926861763,0,0,0,0,0,0,0,0,160.686477929354,494.618960052729,14.6314558386803,26.1836729645729,2.10589224100113,8.3681378364563,0,47.7591814994812,0,2.05818891525269,134.824529647827,654.500147506595,958.867413312197,2022.56915837526,617.416619420052,1083.85878911614,433.762103945017,1114.62672874331,82.8381524682045,718.539456814528,620.325516909361,2923.32490676641,0,0.657790958881378,0,8.15993422269821,0.656315982341766,0,0,1.42207670211792,0,0,0,0,0,0,0,0,12.7548405528069,103.384185552597,1.66793739795685,0.338114947080612,0,0,0,0,0,0,0,3.41687458753586,0,0,24.323017090559,19.2923232316971,0.984319269657135,0,0,0,0,2.41342973709106
0,0,1.18882203102112,1.46259915828705,96.4334781467915,1.89966541528702,0,0,11.8073972761631,0.564525306224823,0,0,0,0,154.85263851285,2.33218568563461,0,0,0.969496011734009,0,0,35.7808418869972,60.6032160520554,4.85746878385544,195.210130870342,18.6064578294754,652.760686039925,13.0160528421402,28.7863562405109,0,829.733185648918,60.9776820540428,88.9062066674232,5.326879799366,6.3949528336525,0,12.6870285272598,15.4362959265709,0,1.2522007226944,19.6281584501266,21.9349131584167,0,0,0,0,0,1.00818657875061,0,0,0,0,0,0,0,7.35501027107239,0,0,0,0,0,0,0,0,0,0,1.90312063694,0,0,0,766.848213434219,121.749090969563,103.170721054077,9.21630108356476,7.49663698673248,14.801030755043,16.9047839641571,3.70637619495392,0,0,0.610331058502197,0.675971448421478,1.38292133808136,4.72788286209106,0,0.94057822227478,5.58686590194702,23.3322102427483,7.2146053314209,12.4483757019043,0,0,0,0,0,0,0,0,0,0,0,0,0,0,0,0,0,0,0,0,0,0,0,0,0,0
0,0,2.26248914003372,9.55869179964066,37.4666210711002,464.636038988829,0,1.83967477083206,3.62816002964973,105.216800749302,0,0,0,0,29.1066185832024,336.031971096992,0,0,0.98414009809494,0,35.7808418869972,0,14.1219191253185,101.661032110453,18.6108551621437,414.440029144287,74.9750791192055,1203.96571582556,1.16468131542206,254.17656493187,63.3362258374691,1031.86944752932,8.1577455997467,21.8687088787556,0,0,0,16.8098728656769,1.44475638866425,18.3387179076672,0,419.955419182777,0,0,0,0,0,0,0,0,0,0,0,0,0,0,0,0,0,0,0,0,0,0,0,0,0,0,0,0,349.055668801069,543.027335315943,3.52790206670761,331.260142505169,0,1.4734890460968,0,0,0,0,0,0,0,68.7905754446983,0,1.35481882095337,0,4.36522573232651,0,5.95161730051041,0,0,0,0,0,0,0,0,0,0,0,0,0,0,0,0,0,0,0,0,0,0,0,0,0,0
8.99848055839539,3.00602495670319,2649.5626719892,1212.89988651872,281.794349759817,95.4295184910297,421.240754961967,1054.06310895085,39.839442461729,103.573380798101,87.45556640625,38.1233922839165,885.716947853565,136.43280351162,145.29432451725,19.8488339185715,4.13998061418533,3.23635858297348,2058.91305226088,462.921568781137,60.6032160520554,14.1219191253185,0,3676.9072663486,1020.12726652622,259.974748879671,229.611692011356,33.5568779706955,346.099171221256,3.60307919979095,3520.94925963879,1510.28939518332,1060.83527839184,279.636440128088,171.601078391075,0,16.1072470545769,1.4500504732132,0,0,5.11106008291245,0,19.3058092594147,0,2.7254666686058,0,5.99802696704865,0,0,0,0,0,0,0,0,0,4.52830365300179,0,0.896097660064697,0,0,0,0,0,0,0,204.60111579299,0,6.2129282951355,0,821.532884418964,477.300374686718,934.541450977325,114.208462774754,163.675905704498,41.3627468943596,563.004034727812,30.61990493536,0,0,1.37407863140106,0,0,0,0,0,0,0,0,0,0,0,0,0,10.5309121608734,0,1.5361739397049,0,0,0,0,0,0,0,0,0,0,0,0.856296062469482,1.92309564352036,0,0,0,0,0,0
0,19.5676518678665,1681.20382651687,2408.44355332851,312.250633746386,82.6782802343369,1076.83684933186,357.165103286505,104.441864103079,61.9879000484943,53.7421527802944,204.788025707006,433.119933545589,300.910720914602,72.3470698297024,84.0171800553799,0.943510890007019,31.103901296854,525.194768041372,1983.06957650185,4.85746878385544,101.661032110453,3676.9072663486,0,459.699259012938,1092.34347978234,202.747928321362,107.747500926256,138.33883073926,70.3397897779942,844.919723629951,2755.56297668815,88.9529992341995,1001.73051792383,0,33.0286386311054,0,9.39104872941971,0,3.44503173232079,0,18.5266634821892,0,2.51812398433685,0,0,0,5.37741604447365,0,0,0,0,0,0,0,0,0,9.21467977762222,0,0,0,0,0,0,0,0,0,33.9857384264469,0.958874583244324,3.30848121643066,712.385921537876,1176.49951955676,579.997367709875,1093.79281139374,50.1358813643456,483.97740110755,63.3067577183247,568.222269028425,0,0,0,2.00434285402298,0,2.07840710878372,0,0,0,0.562238335609436,0,0,0,0,0,0,2.44470286369324,8.60346120595932,0,0,0,0,0,0,0,0,0,0,0,0,1.66638022661209,4.60180181264877,1.24081552028656,0,0,0,0,0
0,0,114.418723255396,149.428164243698,196.838388085365,93.5374071598053,5.62294256687164,29.6334019303322,15.0064297616482,65.5355903804302,0,0,1.31941366195679,0,113.315379709005,8.14299201965332,0,0,2.78295797109604,0.418736279010773,195.210130870342,18.6108551621437,1020.12726652622,459.699259012938,0,466.878508448601,656.352071464062,101.074915319681,29.8708363175392,0,440.845605880022,349.339798748493,40.0305686891079,8.96033972501755,2.21918767690659,0,0,0,0,0,5.08773368597031,2.22905158996582,0,0,0,0,0,0,0,0,0,0,0,0,0,0,0,0,0,0,0,0,0,0,0,0,0,0,0,0,324.396360516548,105.144227921963,76.9004184901714,11.2204451560974,2.20714592933655,0,4.22906443476677,0,0,0,0,0,0,0,0,0,0,0,0,0,0,0,0,0,0,0,0,0,0,0,0,0,0,0,0,0,0,0,0,0,0,0,0,0,0,0
0,0,90.0187103748322,236.78277477622,265.968646287918,560.941312551498,1.60418832302094,14.9134152531624,48.859394133091,106.491133421659,0,0,0,0,78.0646545886993,111.398844987154,0,0,0,11.7324825525284,18.6064578294754,414.440029144287,259.974748879671,1092.34347978234,466.878508448601,0,399.201724410057,1242.87424868345,12.9798634052277,21.8276421427727,289.08818551898,165.409104377031,14.4565822780132,4.48642358183861,0,0,0,4.22636052966118,0,3.04091572761536,0,55.2732165157795,0,0,0,0,0,0,0,0,0,0,0,0,0,0,0,0,0,0,0,0,0,0,0,0,0,0,0,0,323.623395740986,515.677114933729,26.7848626673222,219.921308785677,0,17.2188433408737,0,4.89152562618256,0,0,0,0,1.71817171573639,6.34447234869003,0,0,0,0,0,1.1923400759697,0,0,0,0,0,0,0,0,0,0,0,0,0,0,0,0,0,0,0,0,0,0,0,0,0,0
0,0,38.0808348357677,46.6047474741936,902.711640179157,61.0071913301945,1.96899878978729,7.54133760929108,116.717744082212,19.5885392725468,0,0,0.713238000869751,0,551.432484596968,9.26205897331238,0,0,0.625932633876801,0,652.760686039925,74.9750791192055,229.611692011356,202.747928321362,656.352071464062,399.201724410057,0,222.656844437122,115.169007331133,0.848719894886017,438.2869617939,548.135128945112,72.2671964168549,23.0163923799992,0.869573175907135,0,46.4723137617111,34.3658492565155,47.0436388254166,0,10.7991283535957,0,0,0,0,0,0,1.94386661052704,0,0,0,0,0,0,0,0,0,0,0,0,0,0,0,0,0,0,0,0,0,0,686.311995863914,128.948176234961,184.722916543484,9.69630533456802,9.22456473112106,0.912696719169617,8.34600892663002,4.00557333230972,0,0,0,0,3.49037957191467,0,0,0,0.565979480743408,0,0,0,0,0,0,0,0,0,0,0,0,0,0,0,0,0,0,0,0,0,0,0,0,0,0,0,0,0
0,0,5.14513379335403,26.212505698204,93.9787027239799,1652.63686433434,0,4.14476537704468,8.9711836874485,211.610545575619,0,0,0,0,50.2445384263992,328.091622799635,0,0,0,0,13.0160528421402,1203.96571582556,33.5568779706955,107.747500926256,101.074915319681,1242.87424868345,222.656844437122,0,2.4593251645565,32.1450749337673,83.7718724608421,267.250312954187,6.24158358573914,7.51720088720322,0,0.637299507856369,1.05930268764496,2.84859395027161,2.5045553445816,21.2640052437782,0,101.730389684439,0,0,0,0,0,0,0,0,0,0,0,0,0,0,0,0,0,0,0,0,0,0,0,0,0,0,0,0,246.379324615002,370.39451161027,8.94576263427734,238.666113853455,0,6.18861985206604,0,0,0,0,0,0,0,6.65839767456055,0,1.00899600982666,0,3.28290787339211,0,0,0,0,0,0,0,0,0,0,0,0,0,0,0,0,0,0,0,0,0,0,0,0,0,0,0,0
422.743350148201,38.0473446249962,992.098028033972,87.8050385117531,587.988734126091,1.57266372442245,503.423733413219,97.6996653974056,254.52089163661,1.0390967130661,1229.32777094841,10.5810753703117,2577.95889231563,13.5115267336369,2468.57948419452,0,3811.36240628362,0,622.456754803658,179.737796425819,28.7863562405109,1.16468131542206,346.099171221256,138.33883073926,29.8708363175392,12.9798634052277,115.169007331133,2.4593251645565,0,2.04260817170143,55.7579779624939,42.6818348765373,33.8613557815552,27.9136682152748,53.2308258414268,32.099003970623,170.617012828588,6.39951288700104,49.0685445070267,0,419.201539814472,1.65124332904816,84.0334239602089,3.43519294261932,40.5531996488571,0,228.849523156881,0,151.809909045696,0,401.291768074036,0,55.1172015964985,0,61.3042287826538,0,1149.40445536375,5.12581378221512,397.896979391575,1.66021811962128,501.218873202801,0,1102.53506863117,0.936711132526398,132.462966531515,0,380.782802045345,38.1777820587158,105.048025369644,9.99092000722885,633.096807509661,45.9119772911072,2060.09873023629,8.13029408454895,92.8614375293255,6.70429247617722,324.556819200516,28.123054265976,446.127634912729,0,1722.21985962987,0.699014127254486,1471.83859977126,0,716.050354331732,0,266.153901547194,0,471.731954574585,0,17.6504278182983,1.81252753734589,0,0,18.8670004010201,0,6.90002608299255,0,14.0624008178711,0,1.0159809589386,0,1.50755333900452,0,9.2211007475853,0,0.58880877494812,0,0,0,0,0,0,0,0,0
1.16166114807129,176.333367526531,6.69490200281143,170.402256190777,0,128.173199117184,1.63127958774567,125.685277283192,1.16096198558807,165.881565928459,0,799.224128991365,0.670234382152557,1111.75216069818,0,2734.67493650317,0,2439.22874042392,7.51278191804886,65.0506553947926,0,254.17656493187,3.60307919979095,70.3397897779942,0,21.8276421427727,0.848719894886017,32.1450749337673,2.04260817170143,0,1.52110910415649,4.85411402583122,2.08000993728638,5.67370539903641,7.22928011417389,11.0099257528782,4.10064387321472,57.0537626743317,0,23.7893438339233,0,702.012946695089,5.06920409202576,25.151467859745,0,36.5598312318325,0.516014099121094,63.6734416782856,0,65.5902299284935,0,73.1458152830601,0,29.1474481225014,0,31.2492693960667,1.14735555648804,596.875122219324,5.72406321763992,119.185970425606,4.24715703725815,94.1698470711708,0.816807508468628,949.41297441721,1.22031581401825,47.3416099846363,20.8335282802582,128.444223046303,5.17318719625473,25.1280377805233,11.5579717159271,163.309010654688,0.761878788471222,3658.71030819416,0,28.2466194629669,10.6834988594055,40.4115254282951,0,406.08883947134,0,1111.70325148106,0,682.116815894842,0,203.669757008553,0,68.2973953187466,0,94.458386272192,0,8.40649968385696,0,1.74965345859528,0,4.73413479328156,0,0.925427973270416,0,8.52645218372345,0,0,0,2.82695472240448,0,1.36007857322693,0,4.85712337493896,0,0,0,0.940034985542297,0,0,0,0
15.1639489531517,18.5325513482094,144.196197241545,179.95324921608,64.5358683764935,31.3255252540112,51.0110868513584,146.283833563328,11.7789514660835,9.47053524851799,7.93912833929062,17.9153864979744,63.7535384297371,10.0956506729126,112.29917922616,8.52664637565613,0,6.80927413702011,879.323723316193,405.972784310579,829.733185648918,63.3362258374691,3520.94925963879,844.919723629951,440.845605880022,289.08818551898,438.2869617939,83.7718724608421,55.7579779624939,1.52110910415649,0,873.705579608679,1201.25781869888,152.417546391487,205.622179985046,3.480593085289,1.80430936813354,0,2.13987290859222,1.93811190128326,1.04175877571106,1.35826826095581,22.3306322097778,0,11.8559039235115,0,8.29526007175446,1.39295303821564,0,0,0,0,0,0,0,0,2.58822160959244,3.08060568571091,6.10787093639374,0,0,0,0,2.64304441213608,0,0,444.99123814702,8.90557962656021,15.1841112375259,2.53589600324631,922.922485023737,154.962596774101,124.67300465703,58.2699367702007,20.3157439231873,18.0910686254501,68.3500778377056,58.7764768004417,0,0,0,0,0,0,0,0,0,0,0,0,0,0,0,0,1.40224024653435,3.16366958618164,0,0,0,0,0,0,0,0,0,0,0,0,2.81079816818237,0,0,0,0,0,0,0
0.803972244262695,3.94269466400146,463.524379372597,203.45441609621,237.292782008648,88.3319895267487,178.84525603056,80.7946062684059,48.2457209825516,16.9400613307953,14.6383047699928,21.6914115548134,108.570497393608,12.0157555937767,107.001436710358,17.0962762832642,0,13.1881039142609,435.449726849794,736.443567574024,60.9776820540428,1031.86944752932,1510.28939518332,2755.56297668815,349.339798748493,165.409104377031,548.135128945112,267.250312954187,42.6818348765373,4.85411402583122,873.705579608679,0,112.973630070686,2018.36673989892,3.90380066633224,151.822421133518,3.18804740905762,0,0,6.0265805721283,0,14.800988137722,0,29.4715230464935,0,3.37044185400009,0,88.99977222085,0,0,0,0,0,0,0,0,0,0.656369805335999,0,0.546590983867645,0,1.23308193683624,0,5.52983260154724,0,1.35887515544891,13.3544209599495,336.261483520269,0,18.6534294784069,460.163043409586,365.918918728828,196.065221846104,98.752605587244,24.575378537178,27.4846066832542,80.2354363501072,70.0074185729027,0,0,0,0,0,0,0,1.43629324436188,0,0.770750105381012,0,0,0,0,0,0,1.62172293663025,1.69902390241623,1.14944446086884,1.2439192533493,0,0,0,0,0,0,0.821821272373199,0.549642086029053,0,0,3.8747193813324,1.08527839183807,4.46915835142136,0,0,0,0,0.774057984352112
10.8231210112572,51.0598505735397,45.0555551052094,111.930658519268,21.0031185746193,0,7.56375274062157,51.8338608145714,2.12706184387207,0,13.2781455814838,5.28147041797638,28.6281346678734,3.34443479776382,26.7851663827896,0,3.14556264877319,0,2779.6740539968,621.293178647757,88.9062066674232,8.1577455997467,1060.83527839184,88.9529992341995,40.0305686891079,14.4565822780132,72.2671964168549,6.24158358573914,33.8613557815552,2.08000993728638,1201.25781869888,112.973630070686,0,531.461031228304,946.559748142958,23.3395310342312,9.64947229623795,9.85732954740524,12.6453575491905,1.3615437746048,0,0,172.589765787125,0,58.3228099048138,0.899116277694702,66.3251342773438,8.42771309614182,5.99994716048241,0,0,0,0,0,1.77713596820831,0,4.18454122543335,96.2973356544971,141.447798579931,11.1206170320511,3.82161730527878,2.85317587852478,1.98869204521179,18.8191392421722,0,2.05964994430542,4329.86975964904,292.302941530943,571.594683587551,232.290956586599,200.017714470625,53.3512048721313,45.0252042412758,28.672848880291,4.29552793502808,6.98354920744896,53.6959441304207,75.8085766434669,0,0,2.26059490442276,1.00861537456512,0,0,0.900572657585144,0,0,0,2.60533630847931,0.949901103973389,0,0,0,0,0.594697177410126,3.89041900634766,0,0,0,0,0,0,0,0,0,0,0,0,0,0,0,0,0,0,0,0
131.694248884916,89.6888239383698,102.044253200293,84.7300806641579,7.31206184625626,1.08899527788162,89.9611685276031,32.781614869833,0,2.09215295314789,16.8053830265999,39.6088624000549,50.7376640439034,8.35712963342667,1.70391726493835,2.39410012960434,13.0560163259506,13.1954410076141,1402.53708747029,4252.36513647437,5.326879799366,21.8687088787556,279.636440128088,1001.73051792383,8.96033972501755,4.48642358183861,23.0163923799992,7.51720088720322,27.9136682152748,5.67370539903641,152.417546391487,2018.36673989892,531.461031228304,0,108.839063942432,1024.89569827914,39.0200755000114,21.7691209316254,11.0244695544243,69.520134717226,0,2.39330327510834,54.4715293347836,114.507379084826,5.44524031877518,16.3796335160732,39.1345576643944,392.511275291443,5.82816421985626,0,0,0,0,0,4.21601516008377,7.26229533553123,100.565739542246,131.807334542274,271.76770478487,15.5928163826466,62.6354929208755,3.57674273848534,9.38602724671364,39.260705024004,6.46517956256866,1.17895066738129,1083.1220164001,3842.41927449405,692.317538321018,1090.85242521763,166.298430114985,123.213384568691,71.6967133879662,66.3546006679535,21.5235789418221,33.5490891039371,230.601531386375,202.670465648174,2.53295993804932,1.60509157180786,13.7098952531815,17.808111846447,0,0,6.87753617763519,12.8318915367126,0,0,0,7.06390780210495,0,1.53184008598328,0,0,7.08195441961288,4.29665103554726,1.19020628929138,3.72023421525955,0,0,0,0,0,0,1.14895391464233,1.18680918216705,1.54932582378387,0,0.45560085773468,0.545569002628326,11.2449798285961,0,0,0,0,3.64464092254639
0,4.21345710754395,1.47727972269058,2.42187470197678,0.694608271121979,0,3.03051525354385,0.67301219701767,0,0,4.50169765949249,0,0,0,0,0,1.74364757537842,0.979022860527039,151.606438100338,5.50205338001251,6.3949528336525,0,171.601078391075,0,2.21918767690659,0,0.869573175907135,0,53.2308258414268,7.22928011417389,205.622179985046,3.90380066633224,946.559748142958,108.839063942432,0,193.658496558666,180.252312660217,161.191665530205,61.8651088476181,29.7198656201363,38.9470717310905,17.2597960829735,533.851836055517,185.907041937113,458.043804615736,403.997761249542,217.95361623168,71.1122353374958,309.815080940723,115.683471262455,119.455096364021,20.3614568114281,6.96027857065201,7.35118329524994,33.8698462247849,32.2776825129986,0.710808932781219,26.7083007693291,70.5383805036545,68.2302680909634,28.2019630670547,35.9522633552551,4.51648902893066,26.3566528558731,10.4538797140121,46.0852247476578,3224.46431368589,583.148362696171,0.565692722797394,31.3575389385223,21.2419939041138,4.26743996143341,93.5105736851692,65.6921392977238,9.37000516057014,11.0460701286793,156.207979857922,73.2885075211525,3.13046723604202,1.5728577375412,39.6519565582275,34.1335292458534,10.1331214308739,0,42.1357119977474,15.250550031662,8.59722137451172,0,136.715467721224,26.8523842096329,0,0,0,0,3.64195716381073,6.82271057367325,2.74878227710724,0,5.76467365026474,0,0,0,0,0,0,0,0,0,0,0,0,0,0,0,0,0
1.73555135726929,1.09635889530182,0,1.32054901123047,0,0,0,0,0,0,0,0,0,0,0,0,1.42481231689453,3.56141895055771,0,23.1204487979412,0,0,0,33.0286386311054,0,0,0,0.637299507856369,32.099003970623,11.0099257528782,3.480593085289,151.822421133518,23.3395310342312,1024.89569827914,193.658496558666,0,150.175767272711,234.143018484116,22.8102709054947,75.4153790473938,16.6076163649559,34.9798227250576,375.516464650631,298.778618693352,368.492034673691,643.955948919058,127.760163426399,269.835145384073,460.622009515762,175.333401799202,212.810855031013,39.7783299982548,13.7282733917236,6.39653047919273,25.0906436443329,76.5540778040886,0,2.70989561080933,104.817142665386,113.455228716135,36.2667694687843,18.2648645043373,2.01483058929443,26.4217851758003,19.3474165201187,41.449774980545,667.157984852791,2081.73988947272,1.16617858409882,2.26963719725609,7.70254248380661,0.505788207054138,75.6923899054527,86.1020411550999,9.58338063955307,13.5911143422127,103.024446517229,118.595461428165,1.9941229224205,9.37511372566223,25.8369623422623,62.8324052989483,2.24383413791656,8.02460241317749,34.8617704510689,21.9611551761627,1.11443364620209,2.35314503312111,84.2600912153721,58.9859207868576,4.73063093423843,0.925255239009857,0,0,1.48036956787109,1.13486361503601,0,0,1.40169250965118,2.02179253101349,0,0,0,0,0,0,0,0,0,0,2.0939234495163,0,0,0,0,0
521.907858788967,1.44388270378113,128.574842870235,0.559749782085419,15.9717326164246,0,47.9163165390491,0.836404740810394,6.22299033403397,0,60.8712397217751,0,33.4143756628036,0,9.81344306468964,0,30.1165677607059,0,140.07348588109,9.14264690876007,12.6870285272598,0,16.1072470545769,0,0,0,46.4723137617111,1.05930268764496,170.617012828588,4.10064387321472,1.80430936813354,3.18804740905762,9.64947229623795,39.0200755000114,180.252312660217,150.175767272711,0,292.926245182753,1661.93842983246,31.8824265003204,630.064788162708,66.7847011089325,461.882740288973,128.594752252102,301.197394073009,138.884491801262,997.121228933334,30.167096465826,760.782145112753,46.7462939321995,806.159570276737,7.3824417591095,74.8767274916172,0.389839470386505,769.883322089911,21.5793825685978,444.806212842464,10.2017809152603,583.553254842758,69.3167998790741,404.771263062954,48.2801886796951,138.621074050665,44.6163482666016,239.81648337841,23.0906644463539,1167.63322040439,664.704088568687,265.071963459253,0.918300092220306,448.693661034107,28.0395829081535,664.046660035849,62.8948377370834,1184.12860989571,116.31640407443,3219.27777180076,109.078853517771,5.91418799757957,3.55082857608795,166.86554569006,14.6643880009651,192.695791423321,1.14209246635437,328.051488488913,1.74636286497116,743.16450303793,29.050113260746,1367.83459404111,15.6838017404079,154.184906721115,138.719655990601,46.4335376918316,35.2411861717701,172.399387896061,46.1811103522778,147.053400993347,24.7591032683849,75.6010517477989,31.3769449591637,28.9734679460526,31.4392654895782,128.767705440521,62.7208982110023,102.985010772943,35.8697740137577,41.7884432971478,22.0598488748074,7.19356840848923,19.0053978264332,10.9109590053558,2.42426651716232,1.65580290555954,1.36796879768372,0,15.8124139308929
1.04468679428101,360.601350307465,1.26348495483398,148.252663910389,0,8.11390188336372,2.85403788089752,39.4144883453846,0,15.4498104453087,0,12.320107460022,0,10.2013427019119,0,26.0114560127258,0.872978746891022,5.1832931637764,4.12577348947525,110.506498456001,15.4362959265709,16.8098728656769,1.4500504732132,9.39104872941971,0,4.22636052966118,34.3658492565155,2.84859395027161,6.39951288700104,57.0537626743317,0,0,9.85732954740524,21.7691209316254,161.191665530205,234.143018484116,292.926245182753,0,60.9025972485542,1703.08830398321,44.0345660448074,819.926996946335,198.498232096434,220.471069693565,80.9497013688087,438.979096919298,93.1986784934998,850.551290005445,56.0621645152569,369.675249814987,11.7795675396919,314.860442906618,1.57004451751709,118.962022006512,9.15080577135086,1471.95494380593,0,384.019669443369,98.3723221421242,408.819232046604,60.0080243945122,231.30256190896,9.35154831409454,118.869951993227,29.4183855652809,442.589259624481,749.243761777878,1073.20491462946,8.01734131574631,61.0962350964546,34.9167947769165,296.961383938789,63.5804895758629,382.081771016121,54.2541857659817,691.946441322565,132.902905672789,3281.57277551293,0,3.58333557844162,8.76640868186951,95.9789110124111,0,335.156853824854,5.45069599151611,328.599682152271,14.8221299052238,813.681703478098,19.9025422930717,1022.85663440824,84.9951545596123,237.522438853979,44.1978060305119,56.2398132383823,34.505995631218,121.841825485229,69.9612857103348,48.9736831784248,17.5320141613483,78.1504579484463,30.3363180160522,32.1233063936234,58.1645854115486,78.5560617744923,38.514674782753,45.5862214267254,20.4630441665649,31.0254147350788,9.0461645424366,20.7446165084839,13.0371586978436,1.47264921665192,4.29746103286743,1.81251645088196,1.16287732124329,10.7793396711349
66.9699168801308,1.56544518470764,5.75540620088577,1.62615883350372,4.35194563865662,0,0.864553511142731,1.9137624502182,0,0,5.35556778311729,0,2.38928318023682,0,0,0,6.56440502405167,0,12.9029223024845,0,0,1.44475638866425,0,0,0,0,47.0436388254166,2.5045553445816,49.0685445070267,0,2.13987290859222,0,12.6453575491905,11.0244695544243,61.8651088476181,22.8102709054947,1661.93842983246,60.9025972485542,0,19.3011294603348,1174.21357873082,2.40567052364349,322.313408941031,20.3149189949036,160.836331695318,1.80735921859741,1031.75725585222,5.77026188373566,146.486877799034,0,194.993234783411,0,48.633593082428,0,1902.57818070054,2.86856210231781,83.2544849216938,0,95.590902030468,2.79869508743286,40.5467973947525,0,39.7284590005875,0,16.2538415789604,6.44910597801208,498.306254982948,55.1261503398418,47.2757619023323,0.760494351387024,33.5470714271069,7.23904371261597,72.8095724582672,3.89859920740128,81.6643074452877,29.7488853037357,125.383511215448,31.9854513704777,0,0,18.085909485817,0,415.513707697392,0,34.5027922987938,0,454.860222786665,0,635.070171833038,0,270.709515064955,234.974262028933,85.4130833745003,45.1541135311127,43.8778155744076,45.4875872433186,143.024471253157,23.7646996974945,66.1389501988888,50.4278023540974,61.9752698242664,18.9280341565609,102.51414757967,42.3411997258663,33.1861701011658,18.2877827882767,19.9153054356575,17.4300987422466,2.73890683054924,1.72854733467102,14.7127976417542,1.74943739175797,4.71165758371353,0.692526698112488,0,4.03404748439789
0,174.828091323376,0,64.5639765262604,0,15.9530636370182,0,7.05609101057053,0,1.73235961794853,0,7.98772799968719,0,0,0,4.69515115022659,0,2.02200293540955,1.23194026947021,43.5252594649792,1.2522007226944,18.3387179076672,0,3.44503173232079,0,3.04091572761536,0,21.2640052437782,0,23.7893438339233,1.93811190128326,6.0265805721283,1.3615437746048,69.520134717226,29.7198656201363,75.4153790473938,31.8824265003204,1703.08830398321,19.3011294603348,0,2.7051654458046,1792.43427580595,21.8966450691223,299.119560748339,9.00102525949478,188.801291286945,6.0098003745079,829.423259496689,1.16388070583344,93.3149339854717,0,100.516237258911,0,54.0097509026527,0,1732.15963304043,0,181.498936414719,0,59.5105454921722,1.05486404895782,21.6637362837791,0,32.4444778561592,0,38.4848558008671,65.1262538433075,661.001532644033,2.78604459762573,42.8991949856281,12.1993553638458,64.7562882304192,9.96813583374023,50.7218211293221,11.3790264725685,54.5716671645641,27.565127491951,128.685373663902,0,1.12961316108704,0,19.2522196471691,0,241.7965670228,0,49.5491848886013,0,423.596734583378,0,190.30044350028,51.7585189044476,97.6306658387184,19.0495042800903,25.8133863806725,15.000269562006,47.7994348406792,15.2711671590805,21.5097489356995,10.7912341952324,23.344308257103,14.6946853101254,10.7075843811035,31.0378155112267,35.7561350762844,14.1517106592655,25.3147152066231,13.9329267144203,13.866311788559,1.21625936031342,0,10.5263822078705,0,1.28940773010254,0.694235563278198,0.592397689819336,1.61196452379227
4.61204677820206,0,21.7971861064434,0,23.6395529806614,0,2.50897073745728,0,16.6821320056915,0,1.3960120677948,0,1.26714813709259,0,29.6090868115425,0,0,0,2.99974900484085,0,19.6281584501266,0,5.11106008291245,0,5.08773368597031,0,10.7991283535957,0,419.201539814472,0,1.04175877571106,0,0,0,38.9470717310905,16.6076163649559,630.064788162708,44.0345660448074,1174.21357873082,2.7051654458046,0,83.3511433601379,58.8667267560959,0,21.4629339873791,0,142.350533127785,0,40.3325965702534,0,93.811971873045,0,15.8903316855431,0,139.862704515457,15.6415098905563,1.55418941378593,0,83.4265173971653,0,15.1294581890106,0,0.553329348564148,0,11.4151065945625,0,150.897056251764,0,0.612228095531464,0,192.095598310232,15.9726227521896,737.600421398878,16.8943991065025,345.291164278984,32.9088250398636,262.965017974377,7.98656010627747,0,0,10.8325061202049,0,930.935160636902,7.05692982673645,75.306613266468,2.97837102413177,1175.41079488397,48.1801763772964,358.667632609606,24.3266870975494,5.61879867315292,0.573916435241699,0,0,13.2177372574806,1.38414818048477,1.04226410388947,0,15.3599330484867,0,0,0.422210991382599,2.20165771245956,0,7.68482729792595,2.52107456326485,0,0,2.52468180656433,0.75788938999176,0,0,0,0,0,0.661918640136719
0,2.20894700288773,0,48.0203254818916,0,145.254020065069,0,12.2419493794441,0,145.338812351227,0,4.97040593624115,0,6.68496626615524,0.696274697780609,393.934876859188,0,0,0,0,21.9349131584167,419.955419182777,0,18.5266634821892,2.22905158996582,55.2732165157795,0,101.730389684439,1.65124332904816,702.012946695089,1.35826826095581,14.800988137722,0,2.39330327510834,17.2597960829735,34.9798227250576,66.7847011089325,819.926996946335,2.40567052364349,1792.43427580595,83.3511433601379,0,13.9204796850681,59.4764572679996,2.83268880844116,62.1317448318005,5.88972210884094,251.07775130868,0,88.043164730072,0,126.533281236887,0,59.7359185218811,9.64991140365601,571.422091364861,0,1.89779818058014,0,60.0843798518181,0,10.3442519009113,0,3.97839495539665,0,80.7191391587257,3.89040294289589,147.554018229246,0,0,39.0194200277328,282.365702182055,102.042567253113,2445.38111945987,65.7211957573891,407.58731418848,9.5222339630127,112.229618340731,0,0.51844710111618,0,79.9439391493797,19.7545309066772,2445.48455926776,11.2580297589302,290.661602973938,58.4286344647408,2019.73913341761,96.9284121990204,470.964458227158,0,17.9229041039944,1.07824575901031,0.883688747882843,0,1.54107609391212,0,1.03481590747833,0,31.7738204598427,1.50999581813812,0.840865194797516,0,2.27402114868164,0.804858326911926,3.089983522892,0.61600524187088,0,1.00422859191895,0,0,0,0,0,0,0
1.15221440792084,0.929274260997772,1.059006690979,0,0.592454135417938,0,0.955604374408722,0,0,0,0,0,0,0,0,0,1.77968215942383,0,87.4626505076885,1.08782243728638,0,0,19.3058092594147,0,0,0,0,0,84.0334239602089,5.06920409202576,22.3306322097778,0,172.589765787125,54.4715293347836,533.851836055517,375.516464650631,461.882740288973,198.498232096434,322.313408941031,21.8966450691223,58.8667267560959,13.9204796850681,0,3351.71882209182,12388.0525666773,2769.928365767,5820.24893981218,1043.63369882107,4320.35279011726,375.178593635559,1642.92634767294,128.951865494251,132.084859073162,3.74237364530563,172.137068718672,118.593665421009,0,12.1753366887569,238.982378035784,106.516761779785,13.8796501159668,6.20599234104156,2.47658371925354,0,6.45550483465195,159.868392676115,2917.71958354115,1356.94251820445,0,6.33327180147171,2.27760154008865,2.32053554058075,191.858583897352,50.0164107382298,13.2195844650269,1.87137362360954,187.354872345924,43.412460565567,1.93795245885849,0,55.6643514633179,10.1595506668091,15.1911605000496,0,82.8894864618778,6.75452542304993,7.15113040804863,0,246.595500588417,24.1239303350449,261.524094611406,1.29527109861374,0,0,0.557244956493378,0,10.7556864619255,0,215.900657296181,47.5247895717621,0,0,0,0,0,0,0,0,0,0,0,0,0,0,0,0
0,0,0,0.772118806838989,0,0,0,0,0,0,0,0,0,0,0,0,0,0,0,4.96678957343102,0,0,0,2.51812398433685,0,0,0,0,3.43519294261932,25.151467859745,0,29.4715230464935,0,114.507379084826,185.907041937113,298.778618693352,128.594752252102,220.471069693565,20.3149189949036,299.119560748339,0,59.4764572679996,3351.71882209182,0,1798.58891406655,10326.0962430537,148.684078037739,6145.33155474067,282.079266250134,1733.35864683986,157.073054134846,333.900296717882,2.73935222625732,664.253754615784,9.45075252652168,413.594671696424,1.03951334953308,4.26303625106812,73.2761585712433,125.90446010232,7.43949234485626,4.32944840192795,0,2.25263345241547,5.89064800739288,31.8572563529015,605.835984140635,3351.29222425818,0,0,0,1.21467787027359,7.6044839322567,161.237954944372,1.12852573394775,27.7419008910656,48.0673163235188,101.931658983231,0,4.69677019119263,0,71.0761346817017,0,14.8072215914726,0,34.2896806299686,0,15.7622639238834,11.8706463575363,154.702559143305,0,72.5955959260464,0,0,0,1.50541278719902,0,1.24176716804504,0,157.299914062023,0,0,0,0,0,0,0,0,0,0,0.796362042427063,0,0,0,0,0
0,0,0,0,0,0,0,0,0,0,0,0,0,0,0,0,0,0,11.6095667779446,0,0,0,2.7254666686058,0,0,0,0,0,40.5531996488571,0,11.8559039235115,0,58.3228099048138,5.44524031877518,458.043804615736,368.492034673691,301.197394073009,80.9497013688087,160.836331695318,9.00102525949478,21.4629339873791,2.83268880844116,12388.0525666773,1798.58891406655,0,1625.11194959283,2768.23888581991,273.036028593779,3690.8504434526,125.110336363316,337.934627711773,38.2943041920662,7.03201389312744,4.29345917701721,88.3012601137161,30.6655513346195,0,1.61746048927307,161.98154437542,20.1094478964806,8.13174694776535,2.97583079338074,3.30695164203644,0,4.95318859815598,32.1433376669884,2172.02375075221,734.688125669956,0,0,1.03573107719421,0,111.327699273825,16.0438866615295,9.71799802780151,0,152.166379928589,12.3405594229698,0.792887628078461,0,31.2312488555908,8.83151519298553,7.67066049575806,0,18.9493460059166,4.73582446575165,0.623155534267426,0,81.5235767364502,6.70217329263687,6.84295728802681,0,0,0,0,0,1.47747731208801,0,8.35569357872009,1.17150914669037,0,0,0,0,0,0,0,0,0,0,0,0,0,0,0,0
0,0,0,0,0,0,0,0,0,0,0,0,0,0,0,0,0,0,0,2.70108848810196,0,0,0,0,0,0,0,0,0,36.5598312318325,0,3.37044185400009,0.899116277694702,16.3796335160732,403.997761249542,643.955948919058,138.884491801262,438.979096919298,1.80735921859741,188.801291286945,0,62.1317448318005,2769.928365767,10326.0962430537,1625.11194959283,0,22.010668694973,2461.99334773421,47.3125230669975,3886.05517476797,13.3101156353951,1021.83247694373,0,346.875343441963,0.88867723941803,480.04996457696,0,9.00877541303635,18.6565780639648,529.890314161777,2.82999956607819,3.11448335647583,0,3.50750702619553,0,34.3288835883141,785.232927650213,2436.60845756531,0,0,0,0,0,440.525478005409,0,91.0744076371193,87.5553205013275,282.296480685472,0,5.53193163871765,0,196.283196568489,0,3.05533808469772,0,134.480875492096,0,1.448052495718,1.80314576625824,155.192054182291,0,15.2439846992493,0,0,0,11.6951521039009,0,0,0,16.8781659305096,0,0,0,0,0,0,0,0,0,0,0,0,0,0,0,0
4.59570074081421,0,8.48021334409714,0,0.895879507064819,0,4.90036523342133,0,0,0,0.624589264392853,0,1.01020473241806,0,1.03579044342041,0,2.66640496253967,0,38.4931370615959,3.27837938070297,0,0,5.99802696704865,0,0,0,0,0,228.849523156881,0.516014099121094,8.29526007175446,0,66.3251342773438,39.1345576643944,217.95361623168,127.760163426399,997.121228933334,93.1986784934998,1031.75725585222,6.0098003745079,142.350533127785,5.88972210884094,5820.24893981218,148.684078037739,2768.23888581991,22.010668694973,0,114.552040457726,1293.70335516334,8.38703501224518,2307.3582700789,8.50953006744385,1015.19848564267,0,3154.53207990527,28.0027236938477,0.87385880947113,6.35246750712395,120.799486279488,36.6564429998398,25.1536826491356,7.26826477050781,7.80575078725815,0,29.9205777347088,14.4167441725731,1273.24648484588,393.085412681103,2.37982052564621,4.48489743471146,27.85464823246,1.98257321119308,427.782710164785,15.215186715126,27.8198635280132,9.07752048969269,412.062759757042,28.6335431933403,1.18086886405945,0,124.332923412323,3.26205766201019,49.2788449823856,0,239.325135648251,0,43.7560016512871,0,840.92257604003,0,492.026933729649,0.463389664888382,0,0,47.6467598080635,3.11609673500061,57.1265664994717,0,502.477973967791,0,0,0,1.97955280542374,0,6.95588678121567,1.31344282627106,0,1.39364659786224,2.39480972290039,18.4843423962593,0,0,0,0,0,1.80408984422684
0,34.112035959959,0,8.73292964696884,0,0.933901786804199,0,9.08051565289497,0,2.35892581939697,0,3.303566634655,0,0.924530982971191,0,0,0,2.70702493190765,0,51.7615926861763,1.00818657875061,0,0,5.37741604447365,0,0,1.94386661052704,0,0,63.6734416782856,1.39295303821564,88.99977222085,8.42771309614182,392.511275291443,71.1122353374958,269.835145384073,30.167096465826,850.551290005445,5.77026188373566,829.423259496689,0,251.07775130868,1043.63369882107,6145.33155474067,273.036028593779,2461.99334773421,114.552040457726,0,9.58320885896683,710.326793909073,0,567.294599682093,0,1804.09506896138,1.68113130331039,3059.42945218086,6.75913238525391,70.6356773376465,24.7304283380508,65.5935192704201,7.4630378484726,11.9284917414188,0,17.6183009445667,2.66970062255859,42.9738340675831,234.921962141991,1626.26140713692,0,7.23281735181808,1.88884097337723,34.4612365365028,2.06257677078247,344.557995170355,0,60.4011352956295,53.9358181655407,1015.2504388988,0,5.19571965932846,0,101.352680027485,0,30.4209913015366,0,127.679816484451,0,46.7124192714691,2.12883901596069,447.907649159431,0,372.831336081028,0,3.94100725650787,6.41226273775101,59.4884182810783,10.3255198001862,8.34960865974426,0,675.883204430342,0,1.47489473223686,1.21848127245903,4.3116537630558,4.49959963560104,15.3205505311489,0.818749785423279,4.33312296867371,4.16238540410995,130.294440090656,14.4183871150017,0,0,0.577840685844421,0,2.10526746511459
1.14283132553101,0,0,0,0,0,0,0,0,0,0,0,0,0,0,0,2.79234617948532,0,2.15337330102921,0,0,0,0,0,0,0,0,0,151.809909045696,0,0,0,5.99994716048241,5.82816421985626,309.815080940723,460.622009515762,760.782145112753,56.0621645152569,146.486877799034,1.16388070583344,40.3325965702534,0,4320.35279011726,282.079266250134,3690.8504434526,47.3125230669975,1293.70335516334,9.58320885896683,0,21.8625793457031,5980.73199659586,9.57581841945648,106.925546914339,0,242.213121592999,15.2919900417328,1.5648307800293,2.34308004379272,1412.08913242817,0,124.428475618362,0,1.15046977996826,0,21.8663275241852,8.03441274166107,1049.58493351936,736.991443186998,0,0,2.29001981019974,0,427.726237118244,0,30.08258202672,0,472.79748415947,11.7620403766632,3.33712816238403,0,218.535777837038,0,4.69059634208679,0,125.544696748257,4.087571144104,0.943467378616333,0,208.292084872723,0,101.70806184411,0,0,0,4.04264378547668,0,3.14456397294998,0,16.2315554022789,0,0,0,0,0,0,0,0,0,0,0,0,0,0,0,0,0
0,7.09084886312485,0,0,0,0,0,2.25106662511826,0,0,0,0,0,0,0,0,0,0,0,0,0,0,0,0,0,0,0,0,0,65.5902299284935,0,0,0,0,115.683471262455,175.333401799202,46.7462939321995,369.675249814987,0,93.3149339854717,0,88.043164730072,375.178593635559,1733.35864683986,125.110336363316,3886.05517476797,8.38703501224518,710.326793909073,21.8625793457031,0,12.6446278095245,5683.17388924956,0,1081.67962419987,0,800.046786934137,0,38.8431967496872,8.00143003463745,1187.87532806396,0,12.0824276804924,0,7.90382659435272,0,690.377779901028,175.065987110138,653.750504761934,0,0,0,4.99506282806396,0,464.264092743397,0,74.791126281023,28.2249232232571,272.362285912037,0,8.23567640781403,0,261.43052777648,0,13.3006286025047,0,269.375452846289,0,1.66125878691673,0,376.14539912343,0,25.0365909337997,0,0,0,9.9671319425106,0,1.15163934230804,0,27.3067334592342,0,0,0,0,0,0,0,0,0,0.605645000934601,0,0,0,0,0,0
321.494922637939,0,35.9756892621517,0,0,0,343.41112908721,0,0,0,82.7382571101189,0,36.7512984275818,0,0,0,24.8501720428467,0,6.16681417822838,0,0,0,0,0,0,0,0,0,401.291768074036,0,0,0,0,0,119.455096364021,212.810855031013,806.159570276737,11.7795675396919,194.993234783411,0,93.811971873045,0,1642.92634767294,157.073054134846,337.934627711773,13.3101156353951,2307.3582700789,0,5980.73199659586,12.6446278095245,0,0,2447.0514357686,0,2195.23720818758,0.684146344661713,84.1777637004852,0,3462.7219466269,3.77658188343048,1321.14957273006,0,22.211252450943,0,768.81808578968,0,751.832989454269,315.168334722519,0.560666918754578,0,89.9148207902908,0,813.388977110386,1.9662766456604,98.8860539495945,0,612.840781480074,6.72922080755234,8.44395887851715,0,486.189877748489,1.4845324754715,102.339059263468,0,3573.91919142008,0,9.73557353019714,0,1765.14658921957,0,311.113204061985,0,0,0,24.6216579973698,0,5.22321087121964,0,20.4805563092232,0,0,0,0,0,0,0,1.64643776416779,0,0,0,0,0,0,0,0,0
0,209.647114127874,0,0,0,0,0,74.1444604992867,0,0,0,0,0,0,0,0,0,1.44863653182983,0,0,0,0,0,0,0,0,0,0,0,73.1458152830601,0,0,0,0,20.3614568114281,39.7783299982548,7.3824417591095,314.860442906618,0,100.516237258911,0,126.533281236887,128.951865494251,333.900296717882,38.2943041920662,1021.83247694373,8.50953006744385,567.294599682093,9.57581841945648,5683.17388924956,0,0,0,3312.243227005,0,1159.03985035419,0,636.87463259697,0,1776.57405048609,0,93.9950229227543,0,30.8787966072559,0,1715.68524035811,64.388405919075,448.530276894569,0,0,0,24.9306173026562,0,464.666345745325,0,74.8315721154213,2.48518341779709,196.151526033878,0,5.35443651676178,0,404.014749646187,0,45.6770390868187,0,3063.14182153344,0,7.73673459887505,0,1420.99781236053,0,24.4845951199532,0,0,0,8.5562951862812,0,0,0,23.3072860240936,0,0,0,0,0,0,0,0,0,0.646011173725128,0,0,0,0,0,0
2.2242785692215,0,0,0,0,0,0,0,0,0,6.19890278577805,0,0,0,0,0,3.18616986274719,0,0,0,0,0,0,0,0,0,0,0,55.1172015964985,0,0,0,0,0,6.96027857065201,13.7282733917236,74.8767274916172,1.57004451751709,48.633593082428,0,15.8903316855431,0,132.084859073162,2.73935222625732,7.03201389312744,0,1015.19848564267,0,106.925546914339,0,2447.0514357686,0,0,0,2556.13300707936,0,1.21888327598572,0,34.1804589033127,0,15.3953707516193,0,4.0521799325943,0,26.7718497216702,0,23.1521216034889,11.797061920166,0,0,2.90519136190414,0,115.87835174799,0,8.74225026369095,0,40.1618660986423,0,0,0,38.8152791857719,0,14.1119079589844,0,284.194655776024,0,4.50804296135902,0,674.514757692814,0,99.5876823365688,0,0,0,1.27870047092438,0,0,0,10.4797354340553,0,0,0,0,0,0,0,0,0,0,0,0,0,0,0,0,0
0,0,0,0,0,0,0,0,0,0,0,0,0,0,0,0,0,0,0,0,0,0,0,0,0,0,0,0,0,29.1474481225014,0,0,0,0,7.35118329524994,6.39653047919273,0.389839470386505,118.962022006512,0,54.0097509026527,0,59.7359185218811,3.74237364530563,664.253754615784,4.29345917701721,346.875343441963,0,1804.09506896138,0,1081.67962419987,0,3312.243227005,0,0,0,2847.0743970871,0,5.30464196205139,0,22.3178079128265,0,0,0,1.31267881393433,0,2.83033880591393,9.73533535003662,32.8204385042191,0,0,0,0.734592318534851,0,123.878040343523,0,3.87063127756119,1.45362427830696,32.6325307488441,0,0,0,49.7613449990749,0,11.5014658272266,0,296.401644974947,0,6.24052983522415,0,1255.46762961149,0,142.520496219397,0,0,0,0,0,0,0,111.075590103865,0,0,0,0,0,0,0,0,0,0,0,0,0,0,0,0
3.6948653459549,0,0,0,0.617222130298615,0,0,0,0,0,9.98656648397446,0,0,0,0,0,0,0,0,0,0,0,0,0,0,0,0,0,61.3042287826538,0,0,0,1.77713596820831,4.21601516008377,33.8698462247849,25.0906436443329,769.883322089911,9.15080577135086,1902.57818070054,0,139.862704515457,9.64991140365601,172.137068718672,9.45075252652168,88.3012601137161,0.88867723941803,3154.53207990527,1.68113130331039,242.213121592999,0,2195.23720818758,0,2556.13300707936,0,0,0,8.79220241308212,0,65.4815926849842,0,34.7286501228809,0,1.569460272789,0,52.8281209170818,0,143.029049903154,21.5524533689022,0,0,15.3183349370956,6.52383363246918,148.425352871418,4.79206091165543,23.8035209178925,9.396928191185,117.146375745535,1.14865016937256,0,0,51.1878102421761,0,71.5409401059151,0,316.851788491011,0,357.767355412245,0,3780.43439689279,0,94.8188621103764,0,0,0,1.25756978988647,0,4.64474272727966,0,138.331583023071,0,0,0,0,0,0,0,0,0,0,0,0,0,0,0,0,0
0,5.6796909570694,0,0,0,0,0,3.27488481998444,0,0.689635932445526,0,0,0,0,0,1.46091455221176,0,0,0,0,7.35501027107239,0,0,0,0,0,0,0,0,31.2492693960667,0,0,0,7.26229533553123,32.2776825129986,76.5540778040886,21.5793825685978,1471.95494380593,2.86856210231781,1732.15963304043,15.6415098905563,571.422091364861,118.593665421009,413.594671696424,30.6655513346195,480.04996457696,28.0027236938477,3059.42945218086,15.2919900417328,800.046786934137,0.684146344661713,1159.03985035419,0,2847.0743970871,0,0,0,59.854973167181,4.80379468202591,71.3167397677898,2.44079446792603,11.3549020588398,0,14.4167895317078,0,117.53355795145,117.526151865721,358.558993756771,0,0,12.5529034733772,43.1137747764587,19.1753095388412,229.914766401052,13.4948346018791,48.603092700243,21.2606422305107,111.072207570076,0,0,1.43300938606262,90.3031364381313,0,121.281142324209,0,575.611653327942,0,975.652798384428,1.05355799198151,3852.3084820509,0,83.0080769360065,0,0,0,2.31026983261108,0,16.0856623649597,0,164.287723898888,0,0,0,0,0,0,0,0,0,0,0,0,0,0,0,0
9843.70583680272,54.6741486787796,182.939347326756,28.6589698791504,0,0,428.736754119396,23.6549024581909,0,0,327.308081865311,0,262.549213945866,0,5.82662796974182,0,1850.73194077611,2.94297420978546,112.162155836821,160.686477929354,0,0,4.52830365300179,0,0,0,0,0,1149.40445536375,1.14735555648804,2.58822160959244,0,4.18454122543335,100.565739542246,0.710808932781219,0,444.806212842464,0,83.2544849216938,0,1.55418941378593,0,0,1.03951334953308,0,0,0.87385880947113,6.75913238525391,1.5648307800293,0,84.1777637004852,0,1.21888327598572,0,8.79220241308212,0,0,115.522622615099,1850.14056673646,5.27141809463501,3671.5254111886,0,1368.3130313158,30.9225217103958,193.854464530945,0,217.424715489149,132.571765571833,684.528988003731,100.021870434284,1099.00282508135,58.4069420397282,1647.64443543553,9.79964473843575,508.068549633026,7.63441359996796,2595.85251548886,58.5176394581795,109.63326215744,0,340.44970664382,2.70161819458008,4.08190363645554,0,156.834825605154,0,0,0,112.861884951591,0,2.05983448028564,0,0,0,195.54644882679,0.842745840549469,54.8982820510864,0,0,0,0,0,0,0,3.73290675878525,0,16.4244858026505,0,3.39584791660309,2.36814951896667,0,0,0,0,0,1.70173323154449
16.7135028839111,11107.1942312717,4.15224003791809,632.2402087152,0,0,0,1055.87385585904,0,2.53156006336212,0,142.3531447649,0,130.263454556465,0,27.3605756759644,9.36513650417328,1187.51821729541,30.3449796438217,494.618960052729,0,0,0,9.21467977762222,0,0,0,0,5.12581378221512,596.875122219324,3.08060568571091,0.656369805335999,96.2973356544971,131.807334542274,26.7083007693291,2.70989561080933,10.2017809152603,384.019669443369,0,181.498936414719,0,1.89779818058014,12.1753366887569,4.26303625106812,1.61746048927307,9.00877541303635,6.35246750712395,70.6356773376465,2.34308004379272,38.8431967496872,0,636.87463259697,0,5.30464196205139,0,59.854973167181,115.522622615099,0,180.979775547981,1417.99644258618,175.19786003232,1778.00962522626,18.3690745234489,2851.9085637033,1.93772864341736,620.18099540472,302.76172709465,561.116650611162,77.1014025211334,2680.73537480831,166.043966591358,516.505704492331,5.86823278665543,2683.03848853707,2.35048252344131,577.387059092522,182.889582961798,2280.34386363626,0.99622505903244,42.2419705986977,13.760588824749,290.957283586264,0,1.42612609267235,2.3234601020813,330.038330882788,0,0,0,275.514092981815,0,0.719654440879822,0,0,2.44299381971359,159.375376164913,0,0,0,0.952569365501404,0,0,0,0,0,7.20569747686386,0,12.362166762352,4.44353145360947,8.2999025285244,0,0,0,0,0,1.64095151424408
949.118542134762,12.3391904830933,418.838844329119,0.724480390548706,0,0,271.588911533356,0,0,0,31.3240582048893,0,18.4196662306786,0,0,0,39.8303272128105,10.202000439167,352.481131196022,14.6314558386803,0,0,0.896097660064697,0,0,0,0,0,397.896979391575,5.72406321763992,6.10787093639374,0,141.447798579931,271.76770478487,70.5383805036545,104.817142665386,583.553254842758,98.3723221421242,95.590902030468,0,83.4265173971653,0,238.982378035784,73.2761585712433,161.98154437542,18.6565780639648,120.799486279488,24.7304283380508,1412.08913242817,8.00143003463745,3462.7219466269,0,34.1804589033127,0,65.4815926849842,4.80379468202591,1850.14056673646,180.979775547981,0,36.0399560928345,5451.76707449555,25.575968682766,84.867065757513,53.9076472520828,1485.46085610986,9.58633029460907,2416.24864947796,670.610523879528,497.87174975872,156.271355777979,428.680256068707,102.722433626652,575.780105382204,35.2938024401665,147.584901332855,2.48220562934875,1487.03976118565,155.344193935394,41.7854351103306,1.6559089422226,397.961335629225,25.7377672791481,8.90970993041992,0,176.643777668476,2.58559775352478,0,0,214.323247373104,0,3.31014573574066,0,0,0,72.0888032019138,0,22.5413910746574,0,3.49847477674484,0,0,0,0,0,0,0,5.17840611934662,0,0,0,0,0,0,0,0,0.4565269947052
0,126.900168210268,0,51.2256829440594,0,0,0,44.51683396101,0,0,0,21.5600932538509,0,6.54378694295883,0,0,0,17.3482255339622,0,26.1836729645729,0,0,0,0,0,0,0,0,1.66021811962128,119.185970425606,0,0.546590983867645,11.1206170320511,15.5928163826466,68.2302680909634,113.455228716135,69.3167998790741,408.819232046604,2.79869508743286,59.5105454921722,0,60.0843798518181,106.516761779785,125.90446010232,20.1094478964806,529.890314161777,36.6564429998398,65.5935192704201,0,1187.87532806396,3.77658188343048,1776.57405048609,0,22.3178079128265,0,71.3167397677898,5.27141809463501,1417.99644258618,36.0399560928345,0,31.2002580761909,1600.48893994093,0,401.034949958324,1.57350945472717,2204.691852808,214.617151111364,1927.48259437084,1.65909063816071,24.8615838885307,20.5477958917618,31.0855261087418,4.21177905797958,625.058670759201,0,131.73180192709,33.6583395600319,561.732667326927,0,70.1680306494236,1.72260630130768,613.465387195349,0,4.73483633995056,0,160.845877230167,0,0,0,124.228223264217,0,1.21353876590729,0,0,0,45.5525716543198,0,0,0,1.24384653568268,0,0,0,0,0,0,0,0,1.20867645740509,1.96338474750519,0,0,0,0,0,0
993.944371461868,7.70391726493835,60.6808333396912,0,0,0,410.58295238018,0,0,0,1185.5703600049,0,463.856904298067,0,0,0,673.768729150295,3.000916659832,13.1917826831341,2.10589224100113,0,0,0,0,0,0,0,0,501.218873202801,4.24715703725815,0,0,3.82161730527878,62.6354929208755,28.2019630670547,36.2667694687843,404.771263062954,60.0080243945122,40.5467973947525,1.05486404895782,15.1294581890106,0,13.8796501159668,7.43949234485626,8.13174694776535,2.82999956607819,25.1536826491356,7.4630378484726,124.428475618362,0,1321.14957273006,0,15.3953707516193,0,34.7286501228809,2.44079446792603,3671.5254111886,175.19786003232,5451.76707449555,31.2002580761909,0,25.9073977768421,1896.81956538558,52.4294558167458,2752.16337263584,2.09161305427551,584.644958645105,338.192861914635,13.0921041369438,42.3836073279381,358.456217497587,46.9105756878853,588.496935725212,20.3393146395683,153.99866721034,6.90176367759705,1170.31836944818,147.146728157997,61.0864015817642,1.53662431240082,415.777079254389,22.4126536846161,20.7585744261742,0,770.903340548277,1.75871992111206,0.658504545688629,0,368.548081725836,0,0,0,0,0,36.5500564277172,0,24.2992830872536,0,0,0,0,0,0,0,0,0,0,0,0,0,0.477144420146942,0,0,0,0,0
0,612.41149866581,0,10.470743060112,0,0,0,209.208509922028,0,0,0,367.535291135311,0,226.923612535,0,3.17059618234634,0,255.081115245819,0,8.3681378364563,0,0,0,0,0,0,0,0,0,94.1698470711708,0,1.23308193683624,2.85317587852478,3.57674273848534,35.9522633552551,18.2648645043373,48.2801886796951,231.30256190896,0,21.6637362837791,0,10.3442519009113,6.20599234104156,4.32944840192795,2.97583079338074,3.11448335647583,7.26826477050781,11.9284917414188,0,12.0824276804924,0,93.9950229227543,0,0,0,11.3549020588398,0,1778.00962522626,25.575968682766,1600.48893994093,25.9073977768421,0,4.2232700586319,3441.93436473608,2.37915444374084,3551.02651765943,113.212756752968,201.46959939599,0,3.22646108269691,10.017463862896,84.8314640522003,1.09265470504761,355.195601463318,0,78.709365516901,29.9701806902885,334.543924242258,0,16.6130168139935,0,274.25821429491,0,2.60357370972633,0,242.634353965521,0,0,0,162.022836655378,0,0,0,0,0,17.7650310993195,0,0,0,0,0,0,0,0,0,0,0,0,0,0,0,0,0,0,0,0
45.0155252218246,0,3.50416094064713,0,0,0,9.31378519535065,0,0,0,465.532626509666,0,215.371077537537,0,1.414311170578,0,2200.01533967257,0,0.865407407283783,0,0,0,0,0,0,0,0,0,1102.53506863117,0.816807508468628,0,0,1.98869204521179,9.38602724671364,4.51648902893066,2.01483058929443,138.621074050665,9.35154831409454,39.7284590005875,0,0.553329348564148,0,2.47658371925354,0,3.30695164203644,0,7.80575078725815,0,1.15046977996826,0,22.211252450943,0,4.0521799325943,0,1.569460272789,0,1368.3130313158,18.3690745234489,84.867065757513,0,1896.81956538558,4.2232700586319,0,2.34146964550018,230.880990326405,0,143.837517410517,23.8229163885117,5.10360443592072,12.8399912714958,150.161587387323,9.10956156253815,439.577336609364,2.19960874319077,81.4698155224323,0,497.660088568926,19.3323674798012,148.504894435406,0,1926.37247565389,0,17.2036721110344,0,777.761797577143,0,3.1440691947937,0,294.561341285706,0,0,0,0,0,58.7447506785393,0,28.4170874655247,0,0,0,0,0,0,0,2.29133778810501,0,3.65990686416626,0,0,0,0,0,0,0,0,0.512621998786926
0,360.275882691145,0,46.9279233217239,0,0,0,187.469140172005,0,0.690384805202484,0,642.965257763863,0,691.99112957716,0,24.6220775842667,0.92499852180481,2380.18141120672,0,47.7591814994812,0,0,0,0,0,0,0,0,0.936711132526398,949.41297441721,2.64304441213608,5.52983260154724,18.8191392421722,39.260705024004,26.3566528558731,26.4217851758003,44.6163482666016,118.869951993227,0,32.4444778561592,0,3.97839495539665,0,2.25263345241547,0,3.50750702619553,0,17.6183009445667,0,7.90382659435272,0,30.8787966072559,0,1.31267881393433,0,14.4167895317078,30.9225217103958,2851.9085637033,53.9076472520828,401.034949958324,52.4294558167458,3441.93436473608,2.34146964550018,0,0,975.862485140562,137.424330294132,428.91846588254,3.92608052492142,59.9387708604336,62.8138259351254,227.68553301692,3.59714210033417,1304.77654266357,0,125.714169770479,55.4995180666447,375.780503123999,0,59.793072193861,2.46488559246063,2471.4106105268,0,11.776331782341,0,1800.51249486208,0,1.44205820560455,0,1130.20231482387,0,0,0,0,0,31.2412304580212,0,0,0,0,0,0,0,0,0,0,0,0.953352510929108,0,2.81504273414612,0,0,0,0,0,1.36787688732147
455.553742170334,0,19.3717035055161,0,0,0,383.374337792397,0,0,0,280.405324816704,0,85.140319108963,0,0,0,68.6647963523865,0,1.48092412948608,0,0,0,0,0,0,0,0,0,132.462966531515,1.22031581401825,0,0,0,6.46517956256866,10.4538797140121,19.3474165201187,239.81648337841,29.4183855652809,16.2538415789604,0,11.4151065945625,0,6.45550483465195,5.89064800739288,4.95318859815598,0,29.9205777347088,2.66970062255859,21.8663275241852,0,768.81808578968,0,26.7718497216702,0,52.8281209170818,0,193.854464530945,1.93772864341736,1485.46085610986,1.57350945472717,2752.16337263584,2.37915444374084,230.880990326405,0,0,0,206.410853892565,56.953889131546,0,0,58.5512810945511,2.54950797557831,265.871766477823,0,68.6727764904499,0,323.189519882202,6.98948729038239,14.6679118871689,0,270.942408800125,0,20.0210328102112,0,3523.88915035129,0,2.92438933253288,0,773.168516695499,0,0,0,0,0,7.5690084695816,0,4.99135944247246,0,0,0,0,0,0,0,0,0,0,0,0,0,0,0,0,0,0,0
0,370.773500353098,0,7.56967222690582,0,0,0,190.104922920465,0,0,0,116.528105437756,0,72.8532313704491,0,0,0,19.5359253883362,0,2.05818891525269,0,0,0,0,0,0,0,0,0,47.3416099846363,0,1.35887515544891,2.05964994430542,1.17895066738129,46.0852247476578,41.449774980545,23.0906644463539,442.589259624481,6.44910597801208,38.4848558008671,0,80.7191391587257,159.868392676115,31.8572563529015,32.1433376669884,34.3288835883141,14.4167441725731,42.9738340675831,8.03441274166107,690.377779901028,0,1715.68524035811,0,2.83033880591393,0,117.53355795145,0,620.18099540472,9.58633029460907,2204.691852808,2.09161305427551,3551.02651765943,0,975.862485140562,0,0,109.153559565544,389.109247565269,0,2.46405011415482,1.51267635822296,50.0563843846321,1.72437632083893,374.189542740583,0,104.131388813257,0.945980310440063,316.627806454897,0,5.71735382080078,0,815.915802687407,0,12.399140805006,0,2070.06013533473,0,2.43206682801247,0,823.081577718258,0,0,0,0,0,15.280586540699,0,0,0,0,0,0,0,0,0,0,0,0,0,0,0,0,0,0,0,0
256.855678737164,10.6932452917099,337.386579930782,14.5227056741714,0.685219824314117,0,72.0031990706921,0,0,0,9.43016248941422,0,4.03680348396301,0,0,0,47.8692525029182,3.43744856119156,1878.9799836576,134.824529647827,1.90312063694,0,204.60111579299,0,0,0,0,0,380.782802045345,20.8335282802582,444.99123814702,13.3544209599495,4329.86975964904,1083.1220164001,3224.46431368589,667.157984852791,1167.63322040439,749.243761777878,498.306254982948,65.1262538433075,150.897056251764,3.89040294289589,2917.71958354115,605.835984140635,2172.02375075221,785.232927650213,1273.24648484588,234.921962141991,1049.58493351936,175.065987110138,751.832989454269,64.388405919075,23.1521216034889,9.73533535003662,143.029049903154,117.526151865721,217.424715489149,302.76172709465,2416.24864947796,214.617151111364,584.644958645105,113.212756752968,143.837517410517,137.424330294132,206.410853892565,109.153559565544,0,3671.99211367965,2072.91418495774,435.323437452316,377.358185142279,158.411462754011,578.494643479586,140.041388750076,120.598419040442,16.238520860672,1365.1042714119,425.748156696558,53.7525950074196,6.27116924524307,596.474152565002,72.7797583341599,16.6465022563934,0,293.383463740349,23.6928712129593,8.44853740930557,0,413.582318544388,2.50318253040314,12.5265438854694,0,0,0,52.4886867403984,0,22.051401913166,0,16.0972963273525,1.08209419250488,0,0,0,0,0,0,1.59400069713593,0,0,1.61279046535492,2.65200644731522,0,0,0,0,0
3.90146553516388,89.2162615656853,0,175.818000674248,0,0,0,49.8434065580368,0,0,0,12.9733160734177,0,0,0,0,7.22717952728271,12.3434776365757,20.9655070304871,654.500147506595,0,0,0,33.9857384264469,0,0,0,0,38.1777820587158,128.444223046303,8.90557962656021,336.261483520269,292.302941530943,3842.41927449405,583.148362696171,2081.73988947272,664.704088568687,1073.20491462946,55.1261503398418,661.001532644033,0,147.554018229246,1356.94251820445,3351.29222425818,734.688125669956,2436.60845756531,393.085412681103,1626.26140713692,736.991443186998,653.750504761934,315.168334722519,448.530276894569,11.797061920166,32.8204385042191,21.5524533689022,358.558993756771,132.571765571833,561.116650611162,670.610523879528,1927.48259437084,338.192861914635,201.46959939599,23.8229163885117,428.91846588254,56.953889131546,389.109247565269,3671.99211367965,0,51.80950948596,574.470364719629,194.113941311836,134.256265968084,105.466898590326,762.958982884884,6.22312378883362,205.471868991852,519.634848594666,1119.98841708899,2.90424251556396,79.4056852757931,47.4545148313046,1007.05826890469,0,9.85674354434013,11.4378006458282,281.217175215483,0,12.9903275966644,46.5396478772163,311.038872182369,0,4.69521445035934,0,0,0,83.6453037261963,0,3.03017044067383,0,8.39829984307289,0,0,0,0,0,0,0,0,1.48716616630554,4.34622576832771,9.51563137769699,0,0,0,0,0
664.716020047665,177.352546840906,270.428551375866,159.417591780424,0,0,33.0244780778885,21.9113203585148,0,0,28.9848721623421,0,27.3493629693985,0,0,0,7.97973346710205,0,2660.20846804976,958.867413312197,0,0,6.2129282951355,0.958874583244324,0,0,0,0,105.048025369644,5.17318719625473,15.1841112375259,0,571.594683587551,692.317538321018,0.565692722797394,1.16617858409882,265.071963459253,8.01734131574631,47.2757619023323,2.78604459762573,0.612228095531464,0,0,0,0,0,2.37982052564621,0,0,0,0.560666918754578,0,0,0,0,0,684.528988003731,77.1014025211334,497.87174975872,1.65909063816071,13.0921041369438,0,5.10360443592072,3.92608052492142,0,0,2072.91418495774,51.80950948596,0,484.775684058666,1379.61544665694,189.995371997356,315.053404569626,33.8250753283501,188.024265408516,6.88281500339508,2571.73604407907,169.907853960991,0.745043039321899,0,2.1306711435318,0,0,0,0,0,0,0,0,0,0,0,0,0,92.9114335179329,0,22.6631446480751,0,0,0,0,0,0,0,3.27125376462936,0,1.42619121074677,0,4.87414419651031,0,0,0,0,0,0,1.30542874336243
18.0803977847099,557.675870418549,2.58321338891983,235.955633163452,0,0,0,32.4138363003731,0,0,0,7.85866105556488,0,2.42566227912903,0,0,3.33361673355103,10.3290169835091,87.4072086215019,2022.56915837526,0,0,0,3.30848121643066,0,0,0,0,9.99092000722885,25.1280377805233,2.53589600324631,18.6534294784069,232.290956586599,1090.85242521763,31.3575389385223,2.26963719725609,0.918300092220306,61.0962350964546,0.760494351387024,42.8991949856281,0,0,6.33327180147171,0,0,0,4.48489743471146,7.23281735181808,0,0,0,0,0,0,0,0,100.021870434284,2680.73537480831,156.271355777979,24.8615838885307,42.3836073279381,3.22646108269691,12.8399912714958,59.9387708604336,0,2.46405011415482,435.323437452316,574.470364719629,484.775684058666,0,139.240012407303,255.012315303087,7.40316885709763,188.245921641588,0.972315609455109,65.5166100859642,131.469872355461,806.271592020988,0,0,2.58896332979202,9.54337012767792,0,0,0,4.04271137714386,0,0,0,0,0,0,0,0,0,44.2258185446262,0.856020569801331,0,0,0,0,0,0,0,0,0,0,0,1.32315516471863,5.89874136447906,0,0,0,0,0,0
2323.6645745039,172.021270424128,1413.73662829399,416.086882442236,692.766615837812,106.500136137009,1551.25313100219,321.852418929338,404.456379145384,43.5343692004681,595.390233367682,31.5248407721519,1207.99888709188,34.4172977805138,1143.99516108632,32.0173823833466,200.827856123447,15.649817109108,1114.34842443466,617.416619420052,766.848213434219,349.055668801069,821.532884418964,712.385921537876,324.396360516548,323.623395740986,686.311995863914,246.379324615002,633.096807509661,11.5579717159271,922.922485023737,460.163043409586,200.017714470625,166.298430114985,21.2419939041138,7.70254248380661,448.693661034107,34.9167947769165,33.5470714271069,12.1993553638458,192.095598310232,39.0194200277328,2.27760154008865,0,1.03573107719421,0,27.85464823246,1.88884097337723,2.29001981019974,0,89.9148207902908,0,2.90519136190414,0,15.3183349370956,12.5529034733772,1099.00282508135,166.043966591358,428.680256068707,20.5477958917618,358.456217497587,10.017463862896,150.161587387323,62.8138259351254,58.5512810945511,1.51267635822296,377.358185142279,194.113941311836,1379.61544665694,139.240012407303,0,429.409625291824,3792.035820961,80.2639093101025,2487.85134351254,53.7260976433754,6251.22130814195,147.679789185524,1.17397278547287,2.83478605747223,109.589596658945,15.3698700666428,22.4211357831955,3.73573768138885,77.0378828048706,0,16.5810694098473,22.3371824622154,77.757304251194,13.2005726099014,23.4515024423599,19.3678910136223,8.34549868106842,2.60337162017822,238.281318306923,10.8269469738007,52.5413574874401,9.45273023843765,7.86003541946411,4.81669616699219,9.51792126893997,2.98630407452583,46.7869754731655,4.08182227611542,115.607516348362,28.8672631382942,36.9922895431519,9.2701421380043,38.4059301316738,4.75501626729965,1.53934609889984,0.608322143554688,0,2.10965603590012,0,30.983413040638
88.4772988557816,1411.68953314424,417.386870592833,2170.96541807055,109.991775840521,534.583921432495,275.669682621956,2673.31616187096,24.956985861063,852.267492890358,20.0409774184227,507.568637311459,121.371029317379,817.549802482128,56.661160171032,1361.98805594444,3.79806888103485,117.220574021339,527.528988838196,1083.85878911614,121.749090969563,543.027335315943,477.300374686718,1176.49951955676,105.144227921963,515.677114933729,128.948176234961,370.39451161027,45.9119772911072,163.309010654688,154.962596774101,365.918918728828,53.3512048721313,123.213384568691,4.26743996143341,0.505788207054138,28.0395829081535,296.961383938789,7.23904371261597,64.7562882304192,15.9726227521896,282.365702182055,2.32053554058075,1.21467787027359,0,0,1.98257321119308,34.4612365365028,0,4.99506282806396,0,24.9306173026562,0,0.734592318534851,6.52383363246918,43.1137747764587,58.4069420397282,516.505704492331,102.722433626652,31.0855261087418,46.9105756878853,84.8314640522003,9.10956156253815,227.68553301692,2.54950797557831,50.0563843846321,158.411462754011,134.256265968084,189.995371997356,255.012315303087,429.409625291824,0,163.588388681412,2799.96012753248,40.5982886254787,3382.91305992007,129.269251853228,7797.49736902118,0,1.79042166471481,4.84270882606506,26.2895426154137,7.0608297586441,18.9177275002003,6.8828791975975,71.0151542425156,9.67848581075668,75.0145309567451,20.2479684352875,122.877913117409,7.48530048131943,52.1509222388268,2.12054097652435,28.1915732622147,73.2688938081264,168.630874782801,24.7851470410824,26.571480602026,6.74495130777359,3.62942826747894,2.45244497060776,8.68029502034187,3.76593464612961,45.5119177997112,42.3033878803253,200.173921823502,10.184534072876,43.5984404683113,56.6450741291046,34.1434644758701,6.86558046936989,0,0.641570806503296,3.72172629833221,2.38147255778313,56.4167103767395
1366.48456010222,70.5214168727398,2130.72046175599,347.920913755894,603.824840933084,3.78477096557617,1185.18338248134,300.338959485292,536.487826853991,6.19577848911285,519.081194460392,18.3571684062481,1197.52124711871,30.3692707121372,1673.75601509213,1.20577216148376,418.843215256929,5.05284905433655,1353.65537196398,433.762103945017,103.170721054077,3.52790206670761,934.541450977325,579.997367709875,76.9004184901714,26.7848626673222,184.722916543484,8.94576263427734,2060.09873023629,0.761878788471222,124.67300465703,196.065221846104,45.0252042412758,71.6967133879662,93.5105736851692,75.6923899054527,664.046660035849,63.5804895758629,72.8095724582672,9.96813583374023,737.600421398878,102.042567253113,191.858583897352,7.6044839322567,111.327699273825,0,427.782710164785,2.06257677078247,427.726237118244,0,813.388977110386,0,115.87835174799,0,148.425352871418,19.1753095388412,1647.64443543553,5.86823278665543,575.780105382204,4.21177905797958,588.496935725212,1.09265470504761,439.577336609364,3.59714210033417,265.871766477823,1.72437632083893,578.494643479586,105.466898590326,315.053404569626,7.40316885709763,3792.035820961,163.588388681412,0,70.951796233654,2564.21745413542,62.7154175639153,1861.16461756825,51.2827328443527,26.4706001579762,0,415.974283754826,1.63114041090012,114.244346857071,14.862528026104,382.475677490234,3.288654088974,74.9146502912045,62.0743014812469,490.318035244942,26.7874569892883,109.317452967167,17.2318751513958,16.7682748436928,6.93554580211639,156.303060472012,8.31513112783432,58.5207859277725,5.26365172863007,66.9490423202515,4.45426046848297,17.2742949724197,4.92334076762199,65.8443985581398,18.7901294827461,92.5841980278492,29.659238666296,31.2573515474796,6.32235640287399,17.4820978939533,10.9167819619179,2.32669168710709,0,0,1.89793246984482,0,24.6191255748272
58.8943693637848,1973.5567715764,104.843704104424,2579.68110799789,12.9584514200687,525.193776369095,92.5611411333084,1252.75982251763,4.07676732540131,922.636892408133,18.2260039746761,956.017705500126,37.134583234787,1021.26612186432,1.73342335224152,2746.77786689997,1.01543474197388,1355.80923992395,297.695302307606,1114.62672874331,9.21630108356476,331.260142505169,114.208462774754,1093.79281139374,11.2204451560974,219.921308785677,9.69630533456802,238.666113853455,8.13029408454895,3658.71030819416,58.2699367702007,98.752605587244,28.672848880291,66.3546006679535,65.6921392977238,86.1020411550999,62.8948377370834,382.081771016121,3.89859920740128,50.7218211293221,16.8943991065025,2445.38111945987,50.0164107382298,161.237954944372,16.0438866615295,440.525478005409,15.215186715126,344.557995170355,0,464.264092743397,1.9662766456604,464.666345745325,0,123.878040343523,4.79206091165543,229.914766401052,9.79964473843575,2683.03848853707,35.2938024401665,625.058670759201,20.3393146395683,355.195601463318,2.19960874319077,1304.77654266357,0,374.189542740583,140.041388750076,762.958982884884,33.8250753283501,188.245921641588,80.2639093101025,2799.96012753248,70.951796233654,0,15.2607321739197,1557.44150811434,65.0667822659016,617.396731942892,0,168.831361621618,0,1021.269079566,2.2424623966217,377.123193442822,1.63678824901581,677.012304186821,4.81003618240356,167.322455316782,16.4635137915611,685.989239573479,6.67034393548965,56.8245013058186,1.03981280326843,11.0091718137264,14.2529461085796,43.3785004615784,14.745225071907,4.54258900880814,2.70400339365005,34.4923251271248,2.3641322851181,5.57809066772461,1.52320098876953,11.884967058897,4.83309036493301,20.631505638361,1.92656272649765,12.15893638134,10.1393886804581,7.42471665143967,6.47069722414017,0,0,0.801309823989868,0,5.38040485978127
642.868902862072,20.5873810946941,485.266775131226,34.3572614192963,23.7643345296383,0,259.943587630987,43.0638478398323,37.8266197144985,0,68.954499155283,2.86196315288544,130.914243370295,4.05736303329468,125.238147169352,0,79.9859491884708,0,424.149350166321,82.8381524682045,7.49663698673248,0,163.675905704498,50.1358813643456,2.20714592933655,0,9.22456473112106,0,92.8614375293255,0,20.3157439231873,24.575378537178,4.29552793502808,21.5235789418221,9.37000516057014,9.58338063955307,1184.12860989571,54.2541857659817,81.6643074452877,11.3790264725685,345.291164278984,65.7211957573891,13.2195844650269,1.12852573394775,9.71799802780151,0,27.8198635280132,0,30.08258202672,0,98.8860539495945,0,8.74225026369095,0,23.8035209178925,13.4948346018791,508.068549633026,2.35048252344131,147.584901332855,0,153.99866721034,0,81.4698155224323,0,68.6727764904499,0,120.598419040442,6.22312378883362,188.024265408516,0.972315609455109,2487.85134351254,40.5982886254787,2564.21745413542,15.2607321739197,0,86.5924154520035,1213.22816878557,42.7924574017525,1.31099110841751,0,33.5237236320972,0.397810786962509,13.4493867754936,9.14088940620422,82.1209926605225,2.98271262645721,64.265939950943,48.6141103506088,186.39700204134,25.3544084727764,91.2145727574825,145.617547273636,49.501796990633,48.1416726112366,335.430984228849,31.9942092895508,95.2708682119846,30.407184779644,25.8568527400494,38.0475167036057,26.7559684813023,22.5159413516521,96.509284734726,81.7929833829403,187.022582709789,54.6729209423065,56.0079843699932,36.3826573491096,42.6444665789604,13.8842513859272,7.30602979660034,0.886285364627838,3.81566828489304,1.39344888925552,0.847671627998352,34.0881100893021
27.0434915721416,887.667752861977,31.6404340863228,1016.199993819,0,22.8091236054897,38.113274872303,555.625399798155,0,72.244819521904,3.15126943588257,166.90595972538,10.8243359923363,211.079559922218,0,185.122159123421,0,164.689147293568,131.718590945005,718.539456814528,14.801030755043,1.4734890460968,41.3627468943596,483.97740110755,0,17.2188433408737,0.912696719169617,6.18861985206604,6.70429247617722,28.2466194629669,18.0910686254501,27.4846066832542,6.98354920744896,33.5490891039371,11.0460701286793,13.5911143422127,116.31640407443,691.946441322565,29.7488853037357,54.5716671645641,32.9088250398636,407.58731418848,1.87137362360954,27.7419008910656,0,91.0744076371193,9.07752048969269,60.4011352956295,0,74.791126281023,0,74.8315721154213,0,3.87063127756119,9.396928191185,48.603092700243,7.63441359996796,577.387059092522,2.48220562934875,131.73180192709,6.90176367759705,78.709365516901,0,125.714169770479,0,104.131388813257,16.238520860672,205.471868991852,6.88281500339508,65.5166100859642,53.7260976433754,3382.91305992007,62.7154175639153,1557.44150811434,86.5924154520035,0,38.3795481622219,784.876776278019,0,0.535243153572083,0,65.6860515475273,12.1805447936058,13.2629029154778,6.79766643047333,120.111545622349,33.2516685128212,77.1037456095219,52.1517064273357,167.726514935493,168.559338152409,157.857786744833,68.2619587481022,54.6014179885387,86.597233325243,221.10106548667,136.984388291836,28.1980588138103,47.6481718420982,44.6233301758766,36.4264950454235,29.9259041845798,91.105258256197,94.549198448658,75.98736551404,187.472362846136,28.4380852282047,48.0855138599873,45.4762684702873,35.3339783251286,14.5523670613766,1.67956155538559,3.0034254193306,2.68257617950439,2.46750542521477,42.2203293144703
2569.84362339973,133.775973826647,1910.08179175854,123.060850381851,41.4008676111698,0,1193.31503778696,108.171844094992,52.5418083667755,0,331.664736747742,4.05429238080978,579.989668875933,9.30375105142593,222.261736690998,0,177.34792932868,5.06561481952667,2330.66204667091,620.325516909361,16.9047839641571,0,563.004034727812,63.3067577183247,4.22906443476677,0,8.34600892663002,0,324.556819200516,10.6834988594055,68.3500778377056,80.2354363501072,53.6959441304207,230.601531386375,156.207979857922,103.024446517229,3219.27777180076,132.902905672789,125.383511215448,27.565127491951,262.965017974377,9.5222339630127,187.354872345924,48.0673163235188,152.166379928589,87.5553205013275,412.062759757042,53.9358181655407,472.79748415947,28.2249232232571,612.840781480074,2.48518341779709,40.1618660986423,1.45362427830696,117.146375745535,21.2606422305107,2595.85251548886,182.889582961798,1487.03976118565,33.6583395600319,1170.31836944818,29.9701806902885,497.660088568926,55.4995180666447,323.189519882202,0.945980310440063,1365.1042714119,519.634848594666,2571.73604407907,131.469872355461,6251.22130814195,129.269251853228,1861.16461756825,65.0667822659016,1213.22816878557,38.3795481622219,0,342.804115593433,7.16143423318863,0,288.038590997458,16.0635995864868,32.1019694209099,0,395.542276650667,0,28.9920269846916,0,471.91088911891,4.28631484508514,73.5445157289505,23.9378281235695,47.9722380340099,14.4464428722858,1266.64310383797,31.2486150562763,523.048915684223,5.90819299221039,20.4572403728962,1.67375081777573,47.8651730418205,3.92881280183792,87.6288537085056,27.6055520176888,525.666871696711,124.94309848547,39.1896028220654,10.8161323666573,297.595021754503,281.910730540752,7.58893287181854,0.612268149852753,3.03241842985153,5.23057389259338,2.70404797792435,176.397387087345
119.649313241243,3434.68769779801,79.5971601307392,2734.09344688058,0,2.17669928073883,74.382564753294,1646.39143359661,0,44.1793530583382,6.87276935577393,324.617141902447,16.0042290687561,331.724424421787,0,150.1046654284,4.23440498113632,157.262735635042,546.403353333473,2923.32490676641,3.70637619495392,0,30.61990493536,568.222269028425,0,4.89152562618256,4.00557333230972,0,28.123054265976,40.4115254282951,58.7764768004417,70.0074185729027,75.8085766434669,202.670465648174,73.2885075211525,118.595461428165,109.078853517771,3281.57277551293,31.9854513704777,128.685373663902,7.98656010627747,112.229618340731,43.412460565567,101.931658983231,12.3405594229698,282.296480685472,28.6335431933403,1015.2504388988,11.7620403766632,272.362285912037,6.72922080755234,196.151526033878,0,32.6325307488441,1.14865016937256,111.072207570076,58.5176394581795,2280.34386363626,155.344193935394,561.732667326927,147.146728157997,334.543924242258,19.3323674798012,375.780503123999,6.98948729038239,316.627806454897,425.748156696558,1119.98841708899,169.907853960991,806.271592020988,147.679789185524,7797.49736902118,51.2827328443527,617.396731942892,42.7924574017525,784.876776278019,342.804115593433,0,0,7.12282899022102,13.5232547223568,115.311142504215,0,9.83505481481552,4.25567150115967,238.10416790843,0,43.3100175857544,0,281.879901647568,61.5689114034176,249.334930300713,39.5057590901852,174.661494135857,179.283826619387,462.965181708336,77.8158198595047,47.1518271863461,13.5236198604107,52.2600418627262,30.1562694907188,51.9255614578724,67.9626863598824,161.906453460455,125.457294553518,597.701188206673,28.2426799833775,81.2502448558807,272.154244333506,712.880310237408,29.511692404747,6.7343522310257,19.6457454264164,19.8915021419525,13.5468533039093,125.890169262886
4.61287054419518,0,0,0,0,0,0,0,0,0,16.3936356306076,0,3.73741990327835,0,0.71046507358551,0,677.856150269508,0,0,0,0,0,0,0,0,0,0,0,446.127634912729,0,0,0,0,2.53295993804932,3.13046723604202,1.9941229224205,5.91418799757957,0,0,0,0,0,1.93795245885849,0,0.792887628078461,0,1.18086886405945,0,3.33712816238403,0,8.44395887851715,0,0,0,0,0,109.63326215744,0.99622505903244,41.7854351103306,0,61.0864015817642,0,148.504894435406,0,14.6679118871689,0,53.7525950074196,2.90424251556396,0.745043039321899,0,1.17397278547287,0,26.4706001579762,0,1.31099110841751,0,7.16143423318863,0,0,0,867.361611515284,0,4.69330716133118,0,57.5188001692295,0,0,0,22.3954494595528,0,0,0,0,0,0,0,0,0,0,0,0,0,0,0,0,0,0,0,0,0,0,0,0,0,0,0
0,4.04266965389252,0,0,0,0.924039781093597,0,4.93073630332947,0,0,0,1.33066463470459,0,0,0,0,0,73.4494078457355,0,0.657790958881378,0,0,0,0,0,0,0,0,0,406.08883947134,0,0,0,1.60509157180786,1.5728577375412,9.37511372566223,3.55082857608795,3.58333557844162,0,1.12961316108704,0,0.51844710111618,0,4.69677019119263,0,5.53193163871765,0,5.19571965932846,0,8.23567640781403,0,5.35443651676178,0,0,0,0,0,42.2419705986977,1.6559089422226,70.1680306494236,1.53662431240082,16.6130168139935,0,59.793072193861,0,5.71735382080078,6.27116924524307,79.4056852757931,0,0,2.83478605747223,1.79042166471481,0,168.831361621618,0,0.535243153572083,0,7.12282899022102,0,0,0,1047.69580078125,0,22.7679578661919,0,14.2035195827484,0,1.33867627382278,0,9.19989389181137,0,0,0,0,0,0.654803037643433,0,0,0,0,0,0,0,0,0,0,0,0,0,0,0,0,0,0,0,0
15.6951659917831,0,6.31807622313499,0,1.62663149833679,0,2.08567976951599,0,0,0,376.796484708786,0,213.266223162413,0,5.59433203935623,0,1566.40174952149,0.818605601787567,4.32017236948013,0,0.610331058502197,0,1.37407863140106,0,0,0,0,0,1722.21985962987,0,0,0,2.26059490442276,13.7098952531815,39.6519565582275,25.8369623422623,166.86554569006,8.76640868186951,18.085909485817,0,10.8325061202049,0,55.6643514633179,0,31.2312488555908,0,124.332923412323,0,218.535777837038,0,486.189877748489,0,38.8152791857719,0,51.1878102421761,1.43300938606262,340.44970664382,13.760588824749,397.961335629225,1.72260630130768,415.777079254389,0,1926.37247565389,2.46488559246063,270.942408800125,0,596.474152565002,47.4545148313046,2.1306711435318,2.58896332979202,109.589596658945,4.84270882606506,415.974283754826,0,33.5237236320972,0,288.038590997458,13.5232547223568,867.361611515284,0,0,0,1161.21454107761,0,7071.54382443428,0,28.2901893258095,0,455.85669913888,0,13.0303723812103,0,0,0,12.2891516089439,0,5.12413048744202,0,12.2044900655746,0,0,0,0,0,0.826432645320892,0,0,0,0,1.60908901691437,0,0,0,0,0,0
0,37.1089672446251,0,8.19091534614563,0,0.933485567569733,0,24.5685875415802,0,0,0,36.5754719376564,0,46.4390670657158,0,4.16054028272629,0,515.353882163763,0,8.15993422269821,0.675971448421478,0,0,2.00434285402298,0,0,0,0,0.699014127254486,1111.70325148106,0,0,1.00861537456512,17.808111846447,34.1335292458534,62.8324052989483,14.6643880009651,95.9789110124111,0,19.2522196471691,0,79.9439391493797,10.1595506668091,71.0761346817017,8.83151519298553,196.283196568489,3.26205766201019,101.352680027485,0,261.43052777648,1.4845324754715,404.014749646187,0,49.7613449990749,0,90.3031364381313,2.70161819458008,290.957283586264,25.7377672791481,613.465387195349,22.4126536846161,274.25821429491,0,2471.4106105268,0,815.915802687407,72.7797583341599,1007.05826890469,0,9.54337012767792,15.3698700666428,26.2895426154137,1.63114041090012,1021.269079566,0.397810786962509,65.6860515475273,16.0635995864868,115.311142504215,0,1047.69580078125,0,0,0,2343.75996530056,0,7375.62527152896,0,92.4720267355442,0,982.58781427145,0,3.46285283565521,0,0,0,8.6993208527565,0,0,0,7.27492636442184,0,0,0,0,0,0,0,0,1.11011981964111,0,0.595722317695618,0,0,0,0,0
3.03306269645691,0.614225924015045,15.155644774437,0,8.90464079380035,0,8.06161451339722,0,8.68550330400467,0,97.6197571754456,0,8.90576422214508,0,41.9980308413506,0,105.117997586727,0,16.8016248941422,0.656315982341766,1.38292133808136,0,0,0,0,1.71817171573639,3.49037957191467,0,1471.83859977126,0,0,0,0,0,10.1331214308739,2.24383413791656,192.695791423321,0,415.513707697392,0,930.935160636902,19.7545309066772,15.1911605000496,0,7.67066049575806,0,49.2788449823856,0,4.69059634208679,0,102.339059263468,0,14.1119079589844,0,71.5409401059151,0,4.08190363645554,0,8.90970993041992,0,20.7585744261742,0,17.2036721110344,0,20.0210328102112,0,16.6465022563934,0,0,0,22.4211357831955,7.0608297586441,114.244346857071,2.2424623966217,13.4493867754936,12.1805447936058,32.1019694209099,0,4.69330716133118,0,1161.21454107761,0,0,0,1007.45801627636,0,1536.07713732123,0,456.55263876915,0,0,0,0,0,3.66532760858536,0,0,0,3.9752641916275,0,0,0,0,0,0,0,0,0,0,0,0,0,0,0,0,0
0,0,0,2.94858920574188,0,9.49518296122551,0,0.581011950969696,0,16.5049720704556,0,0,0,2.62620598077774,0,68.4879145026207,0,1.73041471838951,0,0,4.72788286209106,68.7905754446983,0,2.07840710878372,0,6.34447234869003,0,6.65839767456055,0,682.116815894842,0,0,0,0,0,8.02460241317749,1.14209246635437,335.156853824854,0,241.7965670228,7.05692982673645,2445.48455926776,0,14.8072215914726,0,3.05533808469772,0,30.4209913015366,0,13.3006286025047,0,45.6770390868187,0,11.5014658272266,0,121.281142324209,0,1.42612609267235,0,4.73483633995056,0,2.60357370972633,0,11.776331782341,0,12.399140805006,0,9.85674354434013,0,0,3.73573768138885,18.9177275002003,14.862528026104,377.123193442822,9.14088940620422,13.2629029154778,0,9.83505481481552,0,22.7679578661919,0,2343.75996530056,0,0,0,1162.13735887408,0,1102.69191372395,0,215.142077028751,0,1.63636103272438,0,0,0,3.11640977859497,0,0,0,0,0,0,0,0,0,0,0,0,0,0,0,0,0,0,0,0
175.207633733749,0,3.89339762926102,0,5.80098611116409,0,86.6114348769188,0,0,0,631.165936350822,0,192.011779129505,0,4.38257300853729,0,263.920568287373,0,7.99821782112122,0,0,0,0,0,0,0,0,0,716.050354331732,0,0,0,0.900572657585144,6.87753617763519,42.1357119977474,34.8617704510689,328.051488488913,5.45069599151611,34.5027922987938,0,75.306613266468,11.2580297589302,82.8894864618778,0,18.9493460059166,0,239.325135648251,0,125.544696748257,0,3573.91919142008,0,284.194655776024,0,316.851788491011,0,156.834825605154,2.3234601020813,176.643777668476,0,770.903340548277,0,777.761797577143,0,3523.88915035129,0,293.383463740349,11.4378006458282,0,0,77.0378828048706,6.8828791975975,382.475677490234,1.63678824901581,82.1209926605225,6.79766643047333,395.542276650667,4.25567150115967,57.5188001692295,0,7071.54382443428,0,1007.45801627636,0,0,0,676.15724375844,0,6823.37019324303,0,20.1733652055264,0,0,0,8.82519781589508,0,5.72718167304993,0,20.4266577064991,0,0,0,0,0,0,0,0.896868765354156,0,0,0,0,0,0,0,0,0
0,270.783984959126,0,4.83636152744293,0,1.19344657659531,0,127.949395895004,0,3.57374060153961,0,32.6525573730469,0,47.3563464283943,0,6.57209932804108,0,32.3050004243851,0,1.42207670211792,0.94057822227478,1.35481882095337,0,0,0,0,0,1.00899600982666,0,203.669757008553,0,1.43629324436188,0,12.8318915367126,15.250550031662,21.9611551761627,1.74636286497116,328.599682152271,0,49.5491848886013,2.97837102413177,290.661602973938,6.75452542304993,34.2896806299686,4.73582446575165,134.480875492096,0,127.679816484451,4.087571144104,269.375452846289,0,3063.14182153344,0,296.401644974947,0,575.611653327942,0,330.038330882788,2.58559775352478,160.845877230167,1.75871992111206,242.634353965521,0,1800.51249486208,0,2070.06013533473,23.6928712129593,281.217175215483,0,4.04271137714386,0,71.0151542425156,3.288654088974,677.012304186821,2.98271262645721,120.111545622349,0,238.10416790843,0,14.2035195827484,0,7375.62527152896,0,1162.13735887408,0,0,0,1053.14240786433,0,9420.899630934,0,5.98376417160034,0,0,0,2.83303993940353,0,0,0,6.80700838565826,0,0,0,0,0,0,0,0,0,0,0,0,0,0,0,0
0,0,0,0,2.76680660247803,0,0,0,1.1008962392807,0,0,0,0,0,4.69845443964005,0,0,0,0,0,5.58686590194702,0,0,0,0,0,0.565979480743408,0,266.153901547194,0,0,0,0,0,8.59722137451172,1.11443364620209,743.16450303793,14.8221299052238,454.860222786665,0,1175.41079488397,58.4286344647408,7.15113040804863,0,0.623155534267426,0,43.7560016512871,0,0.943467378616333,0,9.73557353019714,0,4.50804296135902,0,357.767355412245,0,0,0,0,0,0.658504545688629,0,3.1440691947937,0,2.92438933253288,0,8.44853740930557,0,0,0,16.5810694098473,9.67848581075668,74.9146502912045,4.81003618240356,64.265939950943,33.2516685128212,28.9920269846916,0,0,0,28.2901893258095,0,1536.07713732123,0,676.15724375844,0,0,0,2150.2808214426,0,0,0,0,0,0.650237023830414,0,0,0,0.453479886054993,0,0,0,0,0,0,0,0,0,0,0,0,0,0,0,0,0
0,0,0,1.39834153652191,0,3.19055315852165,0,0,0,6.08956837654114,0,0,0,0,0,10.0684650242329,0,0.473152309656143,0,0,23.3322102427483,4.36522573232651,0,0.562238335609436,0,0,0,3.28290787339211,0,68.2973953187466,0,0.770750105381012,0,0,0,2.35314503312111,29.050113260746,813.681703478098,0,423.596734583378,48.1801763772964,2019.73913341761,0,15.7622639238834,0,1.448052495718,0,46.7124192714691,0,1.66125878691673,0,7.73673459887505,0,6.24052983522415,0,975.652798384428,0,0,0,0,0,0,0,1.44205820560455,0,2.43206682801247,0,12.9903275966644,0,0,22.3371824622154,75.0145309567451,62.0743014812469,167.322455316782,48.6141103506088,77.1037456095219,0,43.3100175857544,0,1.33867627382278,0,92.4720267355442,0,1102.69191372395,0,1053.14240786433,0,0,0,1448.47500875592,0,0,0,0,0,1.15264314413071,0,0,0,0,0,0,0,0,0,0,0,0,0,0,0,0,0,0,0,0
102.338392853737,0,0,0,0.88803094625473,0,10.7750940322876,0,0,0,195.473664402962,0,3.86830973625183,0,2.61661529541016,0,135.777386426926,0,0,0,7.2146053314209,0,0,0,0,0,0,0,471.731954574585,0,0,0,2.60533630847931,0,136.715467721224,84.2600912153721,1367.83459404111,19.9025422930717,635.070171833038,0,358.667632609606,96.9284121990204,246.595500588417,11.8706463575363,81.5235767364502,1.80314576625824,840.92257604003,2.12883901596069,208.292084872723,0,1765.14658921957,0,674.514757692814,0,3780.43439689279,1.05355799198151,112.861884951591,0,214.323247373104,0,368.548081725836,0,294.561341285706,0,773.168516695499,0,413.582318544388,46.5396478772163,0,0,77.757304251194,20.2479684352875,490.318035244942,16.4635137915611,186.39700204134,52.1517064273357,471.91088911891,0,22.3954494595528,0,455.85669913888,0,456.55263876915,0,6823.37019324303,0,2150.2808214426,0,0,0,40.7370031774044,0,0,0,2.41257184743881,0,2.98531019687653,0,62.3586837649345,0,0,0,0,0,0,0,0,0,0,0,0,0,0,0,0,0
0,110.204304426908,0,0,0,0.482538521289825,0,17.8280504345894,0,2.55800077319145,0,3.23664247989655,0,4.00036865472794,0,7.03553730249405,0,4.92722821235657,0,0,12.4483757019043,5.95161730051041,0,0,0,1.1923400759697,0,0,0,94.458386272192,0,0,0.949901103973389,7.06390780210495,26.8523842096329,58.9859207868576,15.6838017404079,1022.85663440824,0,190.30044350028,24.3266870975494,470.964458227158,24.1239303350449,154.702559143305,6.70217329263687,155.192054182291,0,447.907649159431,0,376.14539912343,0,1420.99781236053,0,1255.46762961149,0,3852.3084820509,0,275.514092981815,0,124.228223264217,0,162.022836655378,0,1130.20231482387,0,823.081577718258,2.50318253040314,311.038872182369,0,0,13.2005726099014,122.877913117409,26.7874569892883,685.989239573479,25.3544084727764,167.726514935493,4.28631484508514,281.879901647568,0,9.19989389181137,0,982.58781427145,0,215.142077028751,0,9420.899630934,0,1448.47500875592,0,0,0,27.2667425274849,0,0,0,1.65436923503876,0,0,0,40.1331263482571,0,0,0,0,0,0,0,0,0,0,0,0,0,0,0,0
0,0,0,0,0,0,0,0,0,0,0,0,0,0,0,0,0,0,0,0,0,0,0,0,0,0,0,0,17.6504278182983,0,0,0,0,0,0,4.73063093423843,154.184906721115,84.9951545596123,270.709515064955,51.7585189044476,5.61879867315292,0,261.524094611406,0,6.84295728802681,0,492.026933729649,0,101.70806184411,0,311.113204061985,0,99.5876823365688,0,94.8188621103764,0,2.05983448028564,0,3.31014573574066,0,0,0,0,0,0,0,12.5265438854694,0,0,0,23.4515024423599,7.48530048131943,109.317452967167,6.67034393548965,91.2145727574825,168.559338152409,73.5445157289505,61.5689114034176,0,0,13.0303723812103,0,0,0,20.1733652055264,0,0,0,40.7370031774044,0,0,204.08180436492,1849.72281718254,47.7283361256123,278.587530344725,159.200151026249,2118.23548474908,111.800854563713,2416.80475303531,80.6389386951923,250.994541883469,32.2443543970585,224.794012665749,132.370761871338,368.796359330416,73.2291455566883,172.697528958321,76.3280628025532,6.81080436706543,22.4420157670975,157.645111143589,45.9906868338585,104.324419915676,10.9025720953941,4.216668009758,28.5822970867157
0,0,0,0,0,0,0,0,0,0,0,0,0,0,0,0,0,0,0,0,0,0,0,0,0,0,0,0,1.81252753734589,8.40649968385696,0,0,0,1.53184008598328,0,0.925255239009857,138.719655990601,237.522438853979,234.974262028933,97.6306658387184,0.573916435241699,17.9229041039944,1.29527109861374,72.5955959260464,0,15.2439846992493,0.463389664888382,372.831336081028,0,25.0365909337997,0,24.4845951199532,0,142.520496219397,0,83.0080769360065,0,0.719654440879822,0,1.21353876590729,0,0,0,0,0,0,0,4.69521445035934,0,0,19.3678910136223,52.1509222388268,17.2318751513958,56.8245013058186,145.617547273636,157.857786744833,23.9378281235695,249.334930300713,0,0,0,3.46285283565521,0,1.63636103272438,0,5.98376417160034,0,0,0,27.2667425274849,204.08180436492,0,79.3309704959393,1623.24502971768,126.323203980923,844.128854930401,410.806708961725,807.139044821262,156.977035582066,1735.60685655475,63.3947793245316,139.599997282028,166.338581889868,495.735749840736,114.998122662306,627.263597995043,74.9648169279099,376.743792921305,64.351122200489,77.2376488447189,458.383736163378,81.2902701795101,212.222358137369,16.3702006340027,13.2895305156708,38.3586948513985
0,0,0,0,0,0,0,0,0,0,0,0,0,0,0,0,0,0,0,0,0,0,0,0,0,0,0,0,0,0,0,0,0,0,0,0,46.4335376918316,44.1978060305119,85.4130833745003,19.0495042800903,0,1.07824575901031,0,0,0,0,0,0,0,0,0,0,0,0,0,0,0,0,0,0,0,0,0,0,0,0,0,0,0,0,8.34549868106842,2.12054097652435,16.7682748436928,1.03981280326843,49.501796990633,68.2619587481022,47.9722380340099,39.5057590901852,0,0,0,0,0,0,0,0,0,0,0,0,1849.72281718254,79.3309704959393,0,20.2794858813286,396.481563508511,59.7059590816498,597.591398596764,50.0229319036007,186.894405841827,28.1726373434067,891.401114881039,12.3331260085106,589.15787678957,56.5564525425434,657.768243014812,51.0925734341145,105.494689524174,28.1354742348194,16.8098238110542,27.5929723083973,161.253743201494,46.6205860376358,157.750087559223,36.5620568096638,19.0155843496323,68.0094640552998
0,0,0,0,0,0,0,0,0,0,0,0,0,0,0,0,0,0,0,0,0,0,0,0,0,0,0,0,0,1.74965345859528,0,0,0,0,0,0,35.2411861717701,56.2398132383823,45.1541135311127,25.8133863806725,0,0.883688747882843,0,0,0,0,0,3.94100725650787,0,0,0,0,0,0,0,0,0,0,0,0,0,0,0,0,0,0,0,0,0,0,2.60337162017822,28.1915732622147,6.93554580211639,11.0091718137264,48.1416726112366,54.6014179885387,14.4464428722858,174.661494135857,0,0,0,0,0,0,0,0,0,0,0,0,47.7283361256123,1623.24502971768,20.2794858813286,0,60.8722057044506,299.866245508194,154.512116223574,166.678437739611,49.8396441042423,167.174721300602,22.113250285387,679.678473621607,81.1644429862499,830.824511408806,55.758766412735,737.581481665373,48.8922919929028,187.174564272165,77.2797322273254,80.3333638608456,314.36290666461,37.1209274530411,385.246208906174,48.6658534705639,43.5714027285576,49.4802240431309
122.732476055622,14.8516097664833,75.0590210258961,14.3692843317986,0.475623577833176,0,38.2681224346161,3.97157895565033,0.870270013809204,0,14.1967636346817,4.58010423183441,7.3404695391655,0.750733911991119,2.7026484310627,1.16964936256409,17.7272747159004,1.86008888483047,83.0930587947369,12.7548405528069,0,0,10.5309121608734,2.44470286369324,0,0,0,0,18.8670004010201,0,1.40224024653435,1.62172293663025,0.594697177410126,7.08195441961288,3.64195716381073,1.48036956787109,172.399387896061,34.505995631218,43.8778155744076,15.000269562006,13.2177372574806,0,0.557244956493378,0,0,0,47.6467598080635,6.41226273775101,4.04264378547668,0,24.6216579973698,0,1.27870047092438,0,1.25756978988647,0,195.54644882679,2.44299381971359,72.0888032019138,0,36.5500564277172,0,58.7447506785393,0,7.5690084695816,0,52.4886867403984,0,92.9114335179329,0,238.281318306923,73.2688938081264,156.303060472012,14.2529461085796,335.430984228849,86.597233325243,1266.64310383797,179.283826619387,0,0,12.2891516089439,0,3.66532760858536,0,8.82519781589508,0,0.650237023830414,0,2.41257184743881,0,278.587530344725,126.323203980923,396.481563508511,60.8722057044506,0,107.569621145725,1064.57497003675,32.3505038619041,127.102603018284,31.8204065561295,273.504250854254,28.474335372448,543.922754704952,87.1372740864754,2049.35604503751,271.697639286518,182.160935401917,56.8536132574081,201.870221465826,809.397862136364,119.740587562323,12.5317627191544,56.66286277771,73.1198700070381,27.4898846745491,317.322706133127
0,173.547777742147,0,89.9138537347317,0,0,0,28.3391360044479,0,2.04573088884354,0.843176245689392,3.05904829502106,0,7.12647807598114,0,0,0,6.00054198503494,0,103.384185552597,0,0,0,8.60346120595932,0,0,0,0,0,4.73413479328156,3.16366958618164,1.69902390241623,3.89041900634766,4.29665103554726,6.82271057367325,1.13486361503601,46.1811103522778,121.841825485229,45.4875872433186,47.7994348406792,1.38414818048477,1.54107609391212,0,1.50541278719902,0,11.6951521039009,3.11609673500061,59.4884182810783,0,9.9671319425106,0,8.5562951862812,0,0,0,2.31026983261108,0.842745840549469,159.375376164913,0,45.5525716543198,0,17.7650310993195,0,31.2412304580212,0,15.280586540699,0,83.6453037261963,0,44.2258185446262,10.8269469738007,168.630874782801,8.31513112783432,43.3785004615784,31.9942092895508,221.10106548667,31.2486150562763,462.965181708336,0,0.654803037643433,0,8.6993208527565,0,3.11640977859497,0,2.83303993940353,0,1.15264314413071,0,1.65436923503876,159.200151026249,844.128854930401,59.7059590816498,299.866245508194,107.569621145725,0,119.751370698214,1657.92698183656,31.798938035965,419.316687852144,42.4799364209175,53.538413643837,98.9776288568974,214.559744805098,92.4108710289001,521.075235128403,24.5640468299389,157.836537063122,39.716357588768,618.891407638788,255.521188884974,6.95137122273445,27.4254674613476,4.45195585489273,4.47182273864746,37.5754753947258
29.7924695312977,0,12.6088321805,0,0,0,0,0,0,0,0.856719672679901,0,2.72563338279724,0,0,0,5.42761033773422,0,15.3253100514412,1.66793739795685,0,0,1.5361739397049,0,0,0,0,0,6.90002608299255,0,0,1.14944446086884,0,1.19020628929138,2.74878227710724,0,147.053400993347,69.9612857103348,143.024471253157,15.2711671590805,1.04226410388947,0,10.7556864619255,0,1.47747731208801,0,57.1265664994717,10.3255198001862,3.14456397294998,0,5.22321087121964,0,0,0,4.64474272727966,0,54.8982820510864,0,22.5413910746574,0,24.2992830872536,0,28.4170874655247,0,4.99135944247246,0,22.051401913166,0,22.6631446480751,0.856020569801331,52.5413574874401,24.7851470410824,58.5207859277725,14.745225071907,95.2708682119846,136.984388291836,523.048915684223,77.8158198595047,0,0,5.12413048744202,0,0,0,5.72718167304993,0,0,0,2.98531019687653,0,2118.23548474908,410.806708961725,597.591398596764,154.512116223574,1064.57497003675,119.751370698214,0,96.2062537372112,3031.31243699789,88.5231824219227,320.357969731092,69.201646655798,400.090533852577,179.327376306057,774.263312518597,96.2241428494453,218.069053560495,81.0109806358814,12.0123476982117,341.730723053217,643.861172169447,116.73403686285,117.505883842707,14.5046855211258,4.9578994512558,48.2448453605175
0,0,0,0,0,0,0,0,0,0,0,0,0,0,0,0,0,0,0,0.338114947080612,0,0,0,0,0,0,0,0,0,0.925427973270416,0,1.2439192533493,0,3.72023421525955,0,0,24.7591032683849,48.9736831784248,23.7646996974945,21.5097489356995,0,1.03481590747833,0,1.24176716804504,0,0,0,8.34960865974426,0,1.15163934230804,0,0,0,0,0,16.0856623649597,0,0,0,0,0,0,0,0,0,0,0,3.03017044067383,0,0,9.45273023843765,26.571480602026,5.26365172863007,4.54258900880814,30.407184779644,28.1980588138103,5.90819299221039,47.1518271863461,0,0,0,0,0,0,0,0,0,0,0,0,111.800854563713,807.139044821262,50.0229319036007,166.678437739611,32.3505038619041,1657.92698183656,96.2062537372112,0,31.5233580172062,2366.3361287415,22.7020807266235,25.3921918570995,75.586532920599,107.815926223993,45.2544052004814,183.104729801416,27.7551033198833,319.876095861197,8.34286287426949,36.2340149879456,809.528878062963,54.5987085700035,66.4317073523998,3.00072747468948,1.40568214654922,5.20433285832405
0,0,0,0,0,0,0,0,0,0,0,0,0,0,0,0,0,0,0,0,0,0,0,0,0,0,0,0,14.0624008178711,0,0,0,0,0,5.76467365026474,1.40169250965118,75.6010517477989,17.5320141613483,66.1389501988888,10.7912341952324,15.3599330484867,0,215.900657296181,0,8.35569357872009,0,502.477973967791,0,16.2315554022789,0,20.4805563092232,0,10.4797354340553,0,138.331583023071,0,0,0,3.49847477674484,0,0,0,0,0,0,0,16.0972963273525,0,0,0,7.86003541946411,6.74495130777359,66.9490423202515,2.70400339365005,25.8568527400494,47.6481718420982,20.4572403728962,13.5236198604107,0,0,12.2044900655746,0,3.9752641916275,0,20.4266577064991,0,0.453479886054993,0,62.3586837649345,0,2416.80475303531,156.977035582066,186.894405841827,49.8396441042423,127.102603018284,31.798938035965,3031.31243699789,31.5233580172062,0,43.5618802905083,34.1750451028347,20.0065737366676,54.2056007087231,71.9850310981274,108.022748917341,27.8367242515087,58.537554115057,22.5330097973347,1.611672103405,11.1652442514896,134.929735660553,137.345150828362,50.3154008686543,14.607116997242,1.30874061584473,8.33769851922989
0,1.18018138408661,0,0,0,0,0,0,0,0,0,0,0,0,0,0,0,0,0,0,0,0,0,0,0,0,0,0,0,8.52645218372345,0,0,0,0,0,2.02179253101349,31.3769449591637,78.1504579484463,50.4278023540974,23.344308257103,0,31.7738204598427,47.5247895717621,157.299914062023,1.17150914669037,16.8781659305096,0,675.883204430342,0,27.3067334592342,0,23.3072860240936,0,111.075590103865,0,164.287723898888,0,0.952569365501404,0,1.24384653568268,0,0,0,0,0,0,1.08209419250488,8.39829984307289,0,0,4.81669616699219,3.62942826747894,4.45426046848297,34.4923251271248,38.0475167036057,44.6233301758766,1.67375081777573,52.2600418627262,0,0,0,7.27492636442184,0,0,0,6.80700838565826,0,0,0,40.1331263482571,80.6389386951923,1735.60685655475,28.1726373434067,167.174721300602,31.8204065561295,419.316687852144,88.5231824219227,2366.3361287415,43.5618802905083,0,32.7183912396431,32.7515552639961,75.1072534024715,194.963696032763,29.3673078119755,107.95276966691,30.3010265529156,476.367480158806,6.4779080748558,10.2694718241692,370.733080089092,252.893758893013,211.71547678113,17.2485488653183,1.28833895921707,6.36180436611176
0,0,0,0,0,0,0,0,0,0,0,0,0,0,0,0,0,0,0,0,0,0,0,0,0,0,0,0,1.0159809589386,0,0,0,0,0,0,0,28.9734679460526,30.3363180160522,61.9752698242664,14.6946853101254,0,1.50999581813812,0,0,0,0,0,0,0,0,0,0,0,0,0,0,0,0,0,0,0,0,0,0,0,0,0,0,0,0,9.51792126893997,2.45244497060776,17.2742949724197,2.3641322851181,26.7559684813023,36.4264950454235,47.8651730418205,30.1562694907188,0,0,0,0,0,0,0,0,0,0,0,0,250.994541883469,63.3947793245316,891.401114881039,22.113250285387,273.504250854254,42.4799364209175,320.357969731092,22.7020807266235,34.1750451028347,32.7183912396431,0,19.9092057347298,2906.21189746261,37.1937181651592,615.244268476963,28.903145223856,189.075253754854,25.5954057574272,15.8971096277237,22.9663574099541,106.370611846447,9.58011901378632,41.8361834287643,17.7498033642769,11.1567150950432,44.3983317911625
0,0,0,0,0,0,0,0,0,0,0,0,0,0,0,0,0,0,0,0,0,0,0,0,0,0,0,0,0,0,0,0,0,0,0,0,31.4392654895782,32.1233063936234,18.9280341565609,10.7075843811035,0.422210991382599,0.840865194797516,0,0,0,0,0,1.47489473223686,0,0,0,0,0,0,0,0,0,0,0,0,0,0,0,0,0,0,0,0,0,0,2.98630407452583,8.68029502034187,4.92334076762199,5.57809066772461,22.5159413516521,29.9259041845798,3.92881280183792,51.9255614578724,0,0,0,0,0,0,0,0,0,0,0,0,32.2443543970585,139.599997282028,12.3331260085106,679.678473621607,28.474335372448,53.538413643837,69.201646655798,25.3921918570995,20.0065737366676,32.7515552639961,19.9092057347298,0,49.2362753450871,1455.04229149222,26.173946082592,350.090227037668,22.2624942362309,107.687651783228,17.5223441123962,22.9449771344662,55.4590297043324,1.38586860895157,20.8769516348839,15.4045952558517,14.8829517662525,10.3937709033489
0,0,0,0,0,0,0,0,0,0,0,0,0,0,0,0,0,0,0,0,0,0,0,0,0,0,0,0,1.50755333900452,0,0,0,0,0,0,0,128.767705440521,58.1645854115486,102.51414757967,31.0378155112267,2.20165771245956,0,0,0,0,0,1.97955280542374,1.21848127245903,0,0,0,0,0,0,0,0,0,0,0,0,0,0,0,0,0,0,0,0,0,0,46.7869754731655,3.76593464612961,65.8443985581398,1.52320098876953,96.509284734726,91.105258256197,87.6288537085056,67.9626863598824,0,0,0,0,0,0,0,0,0,0,0,0,224.794012665749,166.338581889868,589.15787678957,81.1644429862499,543.922754704952,98.9776288568974,400.090533852577,75.586532920599,54.2056007087231,75.1072534024715,2906.21189746261,49.2362753450871,0,249.652069568634,5026.88819348812,109.783214360476,530.954609394073,85.559929728508,77.1640778183937,119.590633809566,304.087693184614,64.0388006567955,210.57890611887,1209.71758303046,219.034004539251,141.820306062698
0,0,0,0,0,0,0,0,0,0,0,0,0,0,0,0,0,0,0,0,0,0,0,0,0,0,0,0,0,2.82695472240448,0,0,0,0,0,0,62.7208982110023,78.5560617744923,42.3411997258663,35.7561350762844,0,2.27402114868164,0,0,0,0,0,4.3116537630558,0,0,0,0,0,0,0,0,0,0,0,0,0,0,0,0,0,0,0,0,0,0,4.08182227611542,45.5119177997112,18.7901294827461,11.884967058897,81.7929833829403,94.549198448658,27.6055520176888,161.906453460455,0,0,0,0,0,0,0,0,0,0,0,0,132.370761871338,495.735749840736,56.5564525425434,830.824511408806,87.1372740864754,214.559744805098,179.327376306057,107.815926223993,71.9850310981274,194.963696032763,37.1937181651592,1455.04229149222,249.652069568634,0,117.569558173418,5702.18004906178,78.3673495352268,423.19851860404,82.9594793319702,110.074609160423,337.080871462822,40.5648807287216,226.040946602821,490.185971051455,289.959096103907,60.2200656235218
1.00153434276581,0,1.24047040939331,0,0,0,0,0,0,0,1.19545757770538,0,0,0,0,0,2.88397341966629,1.82045751810074,0,0,0,0,0,0,0,0,0,0,9.2211007475853,0,0,0.821821272373199,0,1.14895391464233,0,0,102.985010772943,38.514674782753,33.1861701011658,14.1517106592655,7.68482729792595,0.804858326911926,0,0,0,0,6.95588678121567,4.49959963560104,0,0,0,0,0,0,0,0,3.73290675878525,0,0,0,0,0,2.29133778810501,0,0,0,0,0,3.27125376462936,0,115.607516348362,42.3033878803253,92.5841980278492,4.83309036493301,187.022582709789,75.98736551404,525.666871696711,125.457294553518,0,0,0.826432645320892,0,0,0,0,0,0,0,0,0,368.796359330416,114.998122662306,657.768243014812,55.758766412735,2049.35604503751,92.4108710289001,774.263312518597,45.2544052004814,108.022748917341,29.3673078119755,615.244268476963,26.173946082592,5026.88819348812,117.569558173418,0,697.869899064302,396.154554188251,68.3554955124855,155.427793115377,169.917637974024,327.018909424543,44.0361799895763,76.0136127471924,76.5158817768097,875.417764097452,600.44208586216
0,12.9633683562279,0.647658705711365,1.59166052937508,0,0,0,0,0,0,0,4.04767119884491,0,0,0,0,0,2.13016736507416,0,3.41687458753586,0,0,0,0,0,0,0,0,0,1.36007857322693,0,0.549642086029053,0,1.18680918216705,0,0,35.8697740137577,45.5862214267254,18.2877827882767,25.3147152066231,2.52107456326485,3.089983522892,0,0,0,0,1.31344282627106,15.3205505311489,0,0,0,0,0,0,0,0,0,7.20569747686386,0,0,0,0,0,0,0,0,0,0,0,0,28.8672631382942,200.173921823502,29.659238666296,20.631505638361,54.6729209423065,187.472362846136,124.94309848547,597.701188206673,0,0,0,0,0,0,0,0,0,0,0,0,73.2291455566883,627.263597995043,51.0925734341145,737.581481665373,271.697639286518,521.075235128403,96.2241428494453,183.104729801416,27.8367242515087,107.95276966691,28.903145223856,350.090227037668,109.783214360476,5702.18004906178,697.869899064302,0,60.4910180270672,337.595221310854,286.603120207787,257.781967312098,590.238292038441,55.2311246991158,119.302065432072,173.112685739994,516.655252158642,370.393530726433
3.83632516860962,0,0,0,0,0,0,0,0,0,0,0,0,0,0,0,1.31958669424057,0,0,0,0,0,0,0,0,0,0,0,0.58880877494812,0,0,0,0,1.54932582378387,0,0,41.7884432971478,20.4630441665649,19.9153054356575,13.9329267144203,0,0.61600524187088,0,0,0,0,0,0.818749785423279,0,0,1.64643776416779,0,0,0,0,0,16.4244858026505,0,5.17840611934662,0,0,0,3.65990686416626,0,0,0,1.59400069713593,0,1.42619121074677,0,36.9922895431519,10.184534072876,31.2573515474796,1.92656272649765,56.0079843699932,28.4380852282047,39.1896028220654,28.2426799833775,0,0,0,0,0,0,0.896868765354156,0,0,0,0,0,172.697528958321,74.9648169279099,105.494689524174,48.8922919929028,182.160935401917,24.5640468299389,218.069053560495,27.7551033198833,58.537554115057,30.3010265529156,189.075253754854,22.2624942362309,530.954609394073,78.3673495352268,396.154554188251,60.4910180270672,0,42.37305778265,7.89789581298828,11.5175459384918,39.5405351817608,6.73038512468338,8.51139855384827,7.22497671842575,0.348835587501526,25.670749694109
0,1.94149124622345,0,0,0,0,0,0,0,0,0,0,0,0,0,0,0,0,0,0,0,0,0,0,0,0,0,0,0,4.85712337493896,0,0,0,0,0,0,22.0598488748074,31.0254147350788,17.4300987422466,13.866311788559,0,0,0,0,0,0,1.39364659786224,4.33312296867371,0,0,0,0,0,0,0,0,0,12.362166762352,0,0,0,0,0,0.953352510929108,0,0,0,0,0,0,9.2701421380043,43.5984404683113,6.32235640287399,12.15893638134,36.3826573491096,48.0855138599873,10.8161323666573,81.2502448558807,0,0,0,0,0,0,0,0,0,0,0,0,76.3280628025532,376.743792921305,28.1354742348194,187.174564272165,56.8536132574081,157.836537063122,81.0109806358814,319.876095861197,22.5330097973347,476.367480158806,25.5954057574272,107.687651783228,85.559929728508,423.19851860404,68.3554955124855,337.595221310854,42.37305778265,0,13.16630885005,27.1184223294258,88.7427597343922,7.34953612089157,9.41065800189972,8.44313049316406,5.6507453918457,23.7815315127373
8.57501572370529,29.7082400023937,6.08009701967239,22.58029961586,0,0,3.51677924394608,12.7889965176582,0,0.453437298536301,0.775538206100464,2.78051328659058,0.657780528068542,2.86921191215515,0.498212456703186,0,1.11727118492126,0,9.02717614173889,24.323017090559,0,0,0.856296062469482,1.66638022661209,0,0,0,0,0,0,2.81079816818237,3.8747193813324,0,0.45560085773468,0,0,7.19356840848923,9.0461645424366,2.73890683054924,1.21625936031342,2.52468180656433,1.00422859191895,0,0,0,0,2.39480972290039,4.16238540410995,0,0,0,0,0,0,0,0,3.39584791660309,4.44353145360947,0,1.20867645740509,0,0,0,0,0,0,0,1.48716616630554,4.87414419651031,1.32315516471863,38.4059301316738,56.6450741291046,17.4820978939533,10.1393886804581,42.6444665789604,45.4762684702873,297.595021754503,272.154244333506,0,0,0,1.11011981964111,0,0,0,0,0,0,0,0,6.81080436706543,64.351122200489,16.8098238110542,77.2797322273254,201.870221465826,39.716357588768,12.0123476982117,8.34286287426949,1.611672103405,6.4779080748558,15.8971096277237,17.5223441123962,77.1640778183937,82.9594793319702,155.427793115377,286.603120207787,7.89789581298828,13.16630885005,0,362.398864090443,82.7997977733612,9.98581224679947,102.289027363062,193.558083087206,159.758744895458,264.965804189444
2.02789676189423,27.2683986127377,2.32372933626175,17.6902737319469,0,0,0,10.3179668784142,0,0.440105110406876,0,3.78298985958099,1.43034890294075,1.31677496433258,0,0,0,1.28466200828552,2.0743283033371,19.2923232316971,0,0,1.92309564352036,4.60180181264877,0,0,0,0,0,0,0,1.08527839183807,0,0.545569002628326,0,0,19.0053978264332,20.7446165084839,1.72854733467102,0,0.75788938999176,0,0,0,0,0,18.4843423962593,130.294440090656,0,0.605645000934601,0,0.646011173725128,0,0,0,0,2.36814951896667,8.2999025285244,0,1.96338474750519,0,0,0,2.81504273414612,0,0,1.61279046535492,4.34622576832771,0,5.89874136447906,4.75501626729965,34.1434644758701,10.9167819619179,7.42471665143967,13.8842513859272,35.3339783251286,281.910730540752,712.880310237408,0,0,1.60908901691437,0,0,0,0,0,0,0,0,0,22.4420157670975,77.2376488447189,27.5929723083973,80.3333638608456,809.397862136364,618.891407638788,341.730723053217,36.2340149879456,11.1652442514896,10.2694718241692,22.9663574099541,22.9449771344662,119.590633809566,110.074609160423,169.917637974024,257.781967312098,11.5175459384918,27.1184223294258,362.398864090443,0,503.830080896616,24.7999251484871,108.230666428804,320.147363424301,140.71461096406,232.572931706905
0,0,0,0,0,0,0,0,0,0,0,0,0,0,0,0,0,0,0,0.984319269657135,0,0,0,1.24081552028656,0,0,0,0,0,0,0,4.46915835142136,0,11.2449798285961,0,2.0939234495163,10.9109590053558,13.0371586978436,14.7127976417542,10.5263822078705,0,0,0,0.796362042427063,0,0,0,14.4183871150017,0,0,0,0,0,0,0,0,0,0,0,0,0.477144420146942,0,0,0,0,0,2.65200644731522,9.51563137769699,0,0,1.53934609889984,6.86558046936989,2.32669168710709,6.47069722414017,7.30602979660034,14.5523670613766,7.58893287181854,29.511692404747,0,0,0,0.595722317695618,0,0,0,0,0,0,0,0,157.645111143589,458.383736163378,161.253743201494,314.36290666461,119.740587562323,255.521188884974,643.861172169447,809.528878062963,134.929735660553,370.733080089092,106.370611846447,55.4590297043324,304.087693184614,337.080871462822,327.018909424543,590.238292038441,39.5405351817608,88.7427597343922,82.7997977733612,503.830080896616,0,438.662176817656,689.318880021572,531.946390688419,249.025281786919,209.377720028162
0,0,0,0,0,0,0,0,0,0,0,0,0,0,0,0,0,0,0,0,0,0,0,0,0,0,0,0,0,0.940034985542297,0,0,0,0,0,0,2.42426651716232,1.47264921665192,1.74943739175797,0,0,0,0,0,0,0,0,0,0,0,0,0,0,0,0,0,0,0,0,0,0,0,0,0,0,0,0,0,0,0,0.608322143554688,0,0,0,0.886285364627838,1.67956155538559,0.612268149852753,6.7343522310257,0,0,0,0,0,0,0,0,0,0,0,0,45.9906868338585,81.2902701795101,46.6205860376358,37.1209274530411,12.5317627191544,6.95137122273445,116.73403686285,54.5987085700035,137.345150828362,252.893758893013,9.58011901378632,1.38586860895157,64.0388006567955,40.5648807287216,44.0361799895763,55.2311246991158,6.73038512468338,7.34953612089157,9.98581224679947,24.7999251484871,438.662176817656,0,328.09855222702,130.454888403416,25.0339548587799,43.5287520587444
0,0,0,0,0,0,0,0,0,0,0,0,0,0,0,0,0,0,0,0,0,0,0,0,0,0,0,0,0,0,0,0,0,0,0,0,1.65580290555954,4.29746103286743,4.71165758371353,1.28940773010254,0,0,0,0,0,0,0,0,0,0,0,0,0,0,0,0,0,0,0,0,0,0,0,0,0,0,0,0,0,0,0,0.641570806503296,0,0,3.81566828489304,3.0034254193306,3.03241842985153,19.6457454264164,0,0,0,0,0,0,0,0,0,0,0,0,104.324419915676,212.222358137369,157.750087559223,385.246208906174,56.66286277771,27.4254674613476,117.505883842707,66.4317073523998,50.3154008686543,211.71547678113,41.8361834287643,20.8769516348839,210.57890611887,226.040946602821,76.0136127471924,119.302065432072,8.51139855384827,9.41065800189972,102.289027363062,108.230666428804,689.318880021572,328.09855222702,0,361.817925035954,50.3461236953735,100.847045689821
0,0.716706991195679,0,0,0,0,0,0,0,0,0,0,0,0,0,0,0,0,0,0,0,0,0,0,0,0,0,0,0,0,0,0,0,0,0,0,1.36796879768372,1.81251645088196,0.692526698112488,0.694235563278198,0,0,0,0,0,0,0,0.577840685844421,0,0,0,0,0,0,0,0,0,0,0,0,0,0,0,0,0,0,0,0,0,0,2.10965603590012,3.72172629833221,1.89793246984482,0.801309823989868,1.39344888925552,2.68257617950439,5.23057389259338,19.8915021419525,0,0,0,0,0,0,0,0,0,0,0,0,10.9025720953941,16.3702006340027,36.5620568096638,48.6658534705639,73.1198700070381,4.45195585489273,14.5046855211258,3.00072747468948,14.607116997242,17.2485488653183,17.7498033642769,15.4045952558517,1209.71758303046,490.185971051455,76.5158817768097,173.112685739994,7.22497671842575,8.44313049316406,193.558083087206,320.147363424301,531.946390688419,130.454888403416,361.817925035954,0,463.006117522717,317.861285328865
0,0,0,0,0,0,0,0,0,0,0,0,0,0,0,0,0,0,0,0,0,0,0,0,0,0,0,0,0,0,0,0,0,0,0,0,0,1.16287732124329,0,0.592397689819336,0,0,0,0,0,0,0,0,0,0,0,0,0,0,0,0,0,0,0,0,0,0,0,0,0,0,0,0,0,0,0,2.38147255778313,0,0,0.847671627998352,2.46750542521477,2.70404797792435,13.5468533039093,0,0,0,0,0,0,0,0,0,0,0,0,4.216668009758,13.2895305156708,19.0155843496323,43.5714027285576,27.4898846745491,4.47182273864746,4.9578994512558,1.40568214654922,1.30874061584473,1.28833895921707,11.1567150950432,14.8829517662525,219.034004539251,289.959096103907,875.417764097452,516.655252158642,0.348835587501526,5.6507453918457,159.758744895458,140.71461096406,249.025281786919,25.0339548587799,50.3461236953735,463.006117522717,0,346.535656988621
4.44551828503609,8.87425321340561,1.02039337158203,4.42583838105202,0,0,0,0.690637826919556,0,0,0,0,0,0,0,0,0,5.8651664853096,0,2.41342973709106,0,0,0,0,0,0,0,0,0,0,0,0.774057984352112,0,3.64464092254639,0,0,15.8124139308929,10.7793396711349,4.03404748439789,1.61196452379227,0.661918640136719,0,0,0,0,0,1.80408984422684,2.10526746511459,0,0,0,0,0,0,0,0,1.70173323154449,1.64095151424408,0.4565269947052,0,0,0,0.512621998786926,1.36787688732147,0,0,0,0,1.30542874336243,0,30.983413040638,56.4167103767395,24.6191255748272,5.38040485978127,34.0881100893021,42.2203293144703,176.397387087345,125.890169262886,0,0,0,0,0,0,0,0,0,0,0,0,28.5822970867157,38.3586948513985,68.0094640552998,49.4802240431309,317.322706133127,37.5754753947258,48.2448453605175,5.20433285832405,8.33769851922989,6.36180436611176,44.3983317911625,10.3937709033489,141.820306062698,60.2200656235218,600.44208586216,370.393530726433,25.670749694109,23.7815315127373,264.965804189444,232.572931706905,209.377720028162,43.5287520587444,100.847045689821,317.861285328865,346.535656988621,0
