0,647.662166684866,2579.01313915849,387.990446716547,0.523671269416809,0,3775.31396386027,267.261719167233,11.2698877453804,0,3169.50832620263,60.5069472491741,1271.68304243684,2.12234967947006,14.4677361249924,0,740.091512978077,14.6416875720024,753.527573227882,1327.91047054529,0,0,4.11507523059845,0.777255833148956,1.04345488548279,0,0,0,452.95839202404,1.08432650566101,4.78812003135681,1.77136838436127,36.8768418729305,219.197081029415,1.04964017868042,1.79348605871201,228.939960479736,5.95128524303436,42.1121456027031,0,1.21961534023285,0,0,0,0,0,4.15994107723236,0,0,0,134.837593913078,0,2.58172911405563,0,2.33004611730576,0,11014.9867140055,8.79449045658112,774.492712259293,3.431616127491,1334.071906358,0,109.34878590703,0,712.633865267038,0,175.043760865927,24.0774172544479,2639.20784521103,40.7335447072983,1530.02226793766,137.806274712086,1821.67449057102,56.994886726141,589.415469169617,13.3110744059086,2160.70377907157,167.323148906231,10.554808139801,0,33.4799371361732,0,58.7628298997879,0,713.509541124105,0,0,0,318.687978774309,0,0,0,0,0,49.00019967556,2.58809906244278,8.83952701091766,0,0,0,0,0,0,0,12.4100257754326,0,3.88363420963287,0,15.4669599533081,11.7369674444199,0,0,0,0,0,0
647.662166684866,0,131.910712718964,4670.74386352301,0,2.96772086620331,204.827355921268,5244.51440009475,0,9.19120734930038,44.712456792593,4533.5741648674,41.1689208745956,1050.66722431779,0,7.44837093353271,5.46958377957344,1346.16706883907,755.750683128834,2340.8952459991,0,0,5.13316887617111,20.4611399173737,0,1.68835842609406,0,0,29.284582644701,116.623777627945,12.0589737892151,7.28195548057556,211.108498424292,148.431396633387,0,2.87366461753845,6.16215223073959,134.285019010305,1.31819701194763,33.0305307507515,0,1.20825564861298,0,1.63869714736938,0,0,0,13.7146455049515,0,22.1293569207191,0,195.775060415268,0,0,0,1.64650499820709,70.6182634830475,10756.4937859774,3.51460385322571,1048.4061846137,1.37114942073822,1080.81043002009,0,403.887600600719,0,742.629703700542,29.1102793216705,143.941982656717,478.153911173344,518.439067333937,170.1817099154,1931.119807899,128.354775249958,2378.02068325877,33.0969513058662,673.909066230059,229.609047859907,4272.88807117939,0,11.1060318946838,0,29.3586328029633,3.05860808491707,0,0,391.354299783707,0,0,0,80.7040825784206,0,0,0,0,9.57685160636902,72.4797145426273,7.41990506649017,0,0,0,0,0,0,0,2.45653581619263,6.56294995546341,0.969377934932709,5.6892683506012,48.0436959266663,18.1241263151169,0,0,0,0,2.46499061584473,1.44265234470367
2579.01313915849,131.910712718964,0,837.786681473255,988.168895065784,230.230772674084,11662.9451807141,1020.27237290144,945.163399755955,133.349013149738,754.813389778137,120.11629140377,1501.09473779798,141.121563881636,392.146280109882,13.6410876512527,127.861052066088,11.2986863851547,2401.55358982086,693.61995407939,8.84368172287941,2.0838211774826,3418.04621964693,1458.99994438887,365.056731700897,156.301674634218,105.87960088253,71.2206327617168,999.2988743186,25.837180763483,339.371904522181,974.832880109549,93.5730747878551,622.758446931839,7.22092905640602,2.00064122676849,51.4099623262882,1.50926375389099,13.4360336661339,0,11.9015735387802,0,0,0,0,0,20.370183467865,0,0,0,12.6896572113037,0,0,0,0,0,108.051944613457,1.0739358663559,159.026377052069,0,63.7008858919144,0,25.2748247385025,0,46.2097366154194,0,226.362890452147,3.5223326086998,309.806553125381,1.12519517540932,2005.5982696712,472.736496090889,2316.50642898679,181.997780680656,579.491330385208,53.5799037218094,2037.0914055109,123.062133520842,1.22689950466156,0,25.8803604245186,0,79.8740015625954,0,25.3019728064537,0,1.45411282777786,0,5.43644851446152,0,0,0,0,0,34.1770374178886,0,2.9822424352169,0,0,0,0,0,0,0,2.31703799962997,2.86650538444519,0,0,20.8487392663956,4.91557860374451,0,0,0,0,0,0
387.990446716547,4670.74386352301,837.786681473255,0,59.1998193860054,1093.66187489033,800.973654359579,10557.4937751889,108.207195222378,439.320693612099,19.0439944267273,1340.4837076664,107.060924381018,1081.84462022781,30.5496960580349,180.330220162868,2.8947725892067,273.422015637159,657.453227132559,3818.5036611855,1.4655966758728,2.73814100027084,879.729277431965,2844.71259444952,109.674708902836,268.762637913227,41.4063077270985,105.449520856142,32.3477930426598,191.982215821743,218.381110548973,137.429099500179,157.573375463486,206.240068137646,0,7.19004607200623,0,38.109584659338,3.24890542030334,9.57455962896347,0,9.15450119972229,0,0,0,0,0,4.8755384683609,0,1.3093678355217,0,23.6497837901115,0,0,0,1.6678152680397,23.474255502224,125.487632662058,0,222.977046191692,0.64102029800415,71.9678835868835,0,70.2919289469719,0,47.5498304963112,5.21359616518021,230.458137273788,127.428488105536,83.0627567768097,539.413238972425,1616.34920680523,182.330653697252,1878.43777570128,40.1532865464687,568.923383742571,124.038953661919,2427.21294811368,0,0.697709739208221,0,20.2621393799782,4.65804719924927,3.71771138906479,0,11.1802392601967,0,0.916931092739105,0,0,0,0,0,0,11.7817671895027,36.361261755228,1.91387909650803,0,0,0,0,0,0,0,0.874354183673859,3.66126579046249,0,0,52.1902958154678,14.8403514623642,0,0,0,0,1.5771689414978,2.38256078958511
0.523671269416809,0,988.168895065784,59.1998193860054,0,81.2992301881313,332.050637602806,12.5866760015488,2209.37945628166,41.5821610987186,2.15933310985565,0,116.760281383991,1.98491889238358,2726.88509654999,17.1148247122765,0.924106478691101,0,5.27718418836594,0,202.251138627529,62.0204791426659,173.315063357353,178.723208099604,315.867602080107,269.057636380196,1141.34745711088,334.099156528711,381.891841113567,1.22359597682953,158.539076983929,181.919238597155,17.6411454677582,5.79426383972168,2.37087726593018,0,3.06113648414612,0,0,0,81.1862689852715,2.3342759013176,0,0,0,0,5.11088609695435,0,0,0,0,0,0,0,0,0,0,0,0,0,0,0,0,0,0,0,0,0,0,0,818.005492985249,95.5654113292694,648.99521240592,17.0659562051296,32.2711684703827,1.10090124607086,54.7636859714985,0,0,0,2.30974715948105,0,28.8963437378407,0,2.23115563392639,0,32.3801127374172,0,10.1337402760983,0,0,0,0,0,0,0,0,0,0,0,0,0,0,0,0,0,0,0,0,0,0,0,0,0,0,0
0,2.96772086620331,230.230772674084,1093.66187489033,81.2992301881313,0,84.5016949176788,773.741739869118,125.957237899303,2859.82833245397,0,17.6020418405533,14.5577349662781,203.008043497801,47.8339550197124,1961.95516103506,0,5.04472190141678,0,7.82608437538147,5.92035776376724,176.275113761425,259.267136961222,148.985918343067,142.877363532782,507.974093735218,157.208232164383,1613.19321781397,6.79841679334641,172.292049735785,122.134392052889,55.7136291265488,1.12589740753174,9.67314970493317,0,0,0,3.23785531520844,0,4.19763922691345,0.525942385196686,179.881896346807,0,0,0,0,0,0,0,0,0,0,0,0,0,0.949442684650421,0,0,0,0,0,0,0,0,0,0,0,0,0,0,372.496750503778,1046.08248722553,39.6121145784855,897.154508471489,3.76301008462906,70.3642711937428,0,105.750810712576,0,0,0,1.3251416683197,0,91.1725573837757,0,1.46323549747467,0,26.2854862511158,0,0.785917699337006,0,0,0,0,0,0,0,0,0,0,0,0,0,0,0,0,0,0,0,0.695109963417053,0,0,0,0,0,0
3775.31396386027,204.827355921268,11662.9451807141,800.973654359579,332.050637602806,84.5016949176788,0,1652.86162590981,2224.3196053803,61.8982793986797,1506.32301044464,279.431478619576,5993.38622790575,250.97013014555,292.57095733285,4.35968232154846,53.0114387869835,13.4931657910347,507.924225687981,1205.98371180892,2.86341091990471,1.03624129295349,430.225999087095,956.865540236235,45.3218304514885,53.3799848556519,18.0605216920376,33.2401689291,469.961177110672,50.7834797203541,224.444402128458,457.966939151287,54.653096050024,772.061757534742,3.71113908290863,1.40219461917877,49.0519618988037,1.31819540262222,3.88115650415421,0,2.64331912994385,0,0,0,0,0,17.4737025499344,0,0,0,223.585684120655,0,0.642847120761871,0,2.2323414683342,0,271.401262521744,2.72259891033173,193.761525332928,0,324.695805519819,0,28.7119582891464,0,671.397323846817,0,97.0114297568798,0,116.357283890247,0,3721.90078336,460.635052889585,1143.98290911317,283.45018184185,310.925679028034,64.1533237993717,1363.11368614435,283.219021975994,0,0,15.4603410363197,0,28.6875591874123,0,405.074213981628,0,0,0,91.0611380636692,0,0,0,0,0,15.1188730299473,0,3.33176064491272,0,0,0,0,0,0,0,1.9837441444397,0,0,0,11.7350203990936,7.13051003217697,0,0,0,0,0,2.03691589832306
267.261719167233,5244.51440009475,1020.27237290144,10557.4937751889,12.5866760015488,773.741739869118,1652.86162590981,0,40.4446572959423,1360.06269872189,70.4755454659462,2470.67506247759,248.006785660982,6978.95225608349,14.3764528036118,307.63029050827,3.83917647600174,155.605915129185,945.160880833864,1285.70272988081,0,0,942.575314849615,470.425890475512,15.1325357556343,23.2253054082394,3.46910560131073,18.8789232969284,30.4073355197906,210.561282008886,145.439965188503,72.4120983481407,164.248591721058,161.452462315559,2.61237096786499,2.17431545257568,2.24225378036499,15.9227044582367,2.61415982246399,0.561589002609253,0,1.65973526239395,0,0,0,0.88584315776825,0,1.91522824764252,0,21.1050747036934,0,115.264390587807,0,0,0,0.913902997970581,11.9531316757202,453.867966502905,1.08953070640564,157.385691344738,1.89816910028458,193.854007363319,0,119.180980682373,0,215.469831883907,2.44790422916412,42.3027970194817,85.6088729202747,39.5766859650612,694.718219131231,2482.69119116664,163.620997011662,1137.94556102157,50.1090381145477,407.773065567017,169.437609672546,1779.04999360442,0,3.7526593208313,0,22.3850857019424,2.03785824775696,1.13521134853363,0,70.5151115655899,0,0,0,7.88625359535217,0,0,0,0,5.04099363088608,17.9229652881622,1.6913720369339,0,0,0,0,0,0,0,0,2.08624732494354,0,0,24.26873087883,7.85448348522186,0,0,0,0,0,1.02587068080902
11.2698877453804,0,945.163399755955,108.207195222378,2209.37945628166,125.957237899303,2224.3196053803,40.4446572959423,0,39.7314807772636,33.4139001369476,0.816243350505829,813.776041328907,4.65685611963272,3143.8112475574,6.44928693771362,1.87344032526016,0,9.86078780889511,0.698037981987,63.0952087938786,3.2508710026741,198.151233673096,235.130701899529,154.155729711056,119.416748613119,243.261573910713,86.4596015512943,303.67072686553,2.12707787752151,100.321382939816,167.077566713095,8.22609120607376,7.00653970241547,0.863386213779449,0,7.78202614188194,0,1.23407387733459,0,29.9865044653416,0,0,0,0,0,0.656440556049347,0,0,0,0,0,0,0,0,0,0.947036981582642,0,0,0,2.20752644538879,0,1.16710186004639,0,0,0,0,0,0.670681118965149,0,1077.64672654867,83.2490398287773,856.706880778074,16.2308290600777,87.0041270256042,0,228.145031511784,0.523984014987946,0,0,4.53379422426224,0,18.2218710184097,0,1.34066790342331,0,18.1706656217575,0,5.3983206152916,0,0,0,0,0,2.3905748128891,0,0.574622273445129,0,0,0,0,0,0,0,0,0,0,0,1.64110577106476,0,0,0,0,0,0,0
0,9.19120734930038,133.349013149738,439.320693612099,41.5821610987186,2859.82833245397,61.8982793986797,1360.06269872189,39.7314807772636,0,0,87.5697500705719,9.81597319245338,987.873286157846,11.1232980191708,2092.82135128975,0,10.8970776796341,0,18.4322678744793,2.84864529967308,29.9173176884651,114.01579451561,87.7895484864712,68.3448501229286,110.904322177172,58.3781826496124,279.233532458544,4.30936229228973,170.00757971406,43.2690544724464,21.4073815941811,1.41506671905518,11.3425897955894,0,0,0,4.00286096334457,0,1.07537400722504,0,91.5315084755421,0,0,0,0,0,0,0,0,0,0,0,0,0,1.4681733250618,0,2.13457477092743,0,0,0,0,0,1.25262314081192,0,0,0,0,0,0,157.486506700516,1033.9351798892,12.1518986821175,998.61074668169,1.01708340644836,108.983121871948,0,177.472719907761,0,2.12127244472504,0,0,0,10.239356637001,0,0,0,10.4560414254665,0,1.41350895166397,0,0,0,0,0.955053806304932,1.26885747909546,0,0,0,0,0,0,0,0,0,0,0,0,2.69400218129158,4.01496595144272,0,0,0,0,0,0
3169.50832620263,44.712456792593,754.813389778137,19.0439944267273,2.15933310985565,0,1506.32301044464,70.4755454659462,33.4139001369476,0,0,10.9776484370232,2107.60888007283,7.70873034000397,56.6944609284401,0,556.931496709585,1.44853293895721,678.959912568331,208.605346947908,0,0,19.0810111761093,3.77539694309235,1.89101940393448,0,1.15739500522614,0,872.12527140975,1.78762769699097,13.3652601838112,11.7566379308701,14.0304107367992,88.7940552830696,10.1336876749992,6.44824177026749,34.2494740486145,0,2.13600564002991,0,0,0,0,0,0,0,1.64117521047592,0,0,0,15.7530764341354,0,0,0,0,0,358.056149065495,0,68.6871683597565,0,554.142847418785,0,339.593058466911,0,126.308936178684,0,50.52879306674,0.622803688049316,173.094135552645,0.764738380908966,530.190830111504,38.0443582832813,401.210148721933,9.32562154531479,75.5317730009556,1.1217120885849,343.989523291588,21.6808076500893,10.3259046077728,0,260.016111671925,0,48.7353444695473,0,654.736801683903,0,0,0,95.2451374530792,0,0,0,0,0,5.0099892616272,2.46471095085144,0,0,0,0,0,0,0,0,0.706920385360718,0,0,0,3.30088448524475,0,0,0,0,0,0,0
60.5069472491741,4533.5741648674,120.11629140377,1340.4837076664,0,17.6020418405533,279.431478619576,2470.67506247759,0.816243350505829,87.5697500705719,10.9776484370232,0,42.1260024011135,4645.50927278399,0,187.420769751072,0,1307.72034841776,392.902566045523,1718.5199868679,0,0,71.4956186115742,194.988119959831,0,5.70516633987427,0,1.94657760858536,6.82747370004654,1201.59949272871,31.2025603055954,57.1824957132339,57.2553918361664,255.339020997286,0,4.42011427879333,0,11.571776509285,0,0,0,2.658371925354,0,0,0,0,0,0,0,0.780435800552368,0,12.8798640966415,0,0,0,0,1.73954999446869,509.851021647453,0,204.845477283001,0,822.188151687384,0,651.418763577938,0,152.838404357433,0,38.5311210751534,4.84837508201599,77.617977142334,146.32586696744,826.8212197721,29.2275319099426,1343.07167994976,7.64550083875656,144.26567363739,24.85061866045,565.634213656187,0,2.78901791572571,0,22.1190921664238,0,2.14938151836395,0,103.549751162529,0,0,0,12.1097552776337,0,0,0,0,4.4843071103096,7.26281282305717,0,0,0,0,0,0,0,0,0,6.00268334150314,0,0,13.6738584041595,2.35840541124344,0,0,0,0,0.81073123216629,0.897381782531738
1271.68304243684,41.1689208745956,1501.09473779798,107.060924381018,116.760281383991,14.5577349662781,5993.38622790575,248.006785660982,813.776041328907,9.81597319245338,2107.60888007283,42.1260024011135,0,31.3221701979637,2764.64327096939,2.1892201602459,202.962120771408,0,737.988394707441,257.527083754539,3.92962718009949,0.528423726558685,244.825942099094,110.762008726597,22.5422093272209,5.45843172073364,11.6818407475948,0.455320179462433,3386.3375197649,6.1635394692421,64.9462974071503,67.640143930912,25.9212273061275,173.620941460133,4.8426006436348,3.2235940694809,30.7700692713261,0,3.36219221353531,0,7.10551333427429,0,1.7528518140316,0,0,0,13.9936024844646,0,0,0,14.6008101701736,0,0,0,0,0,124.345219433308,0,28.1329820156097,0,344.579355984926,0,326.06931629777,0,91.4609157443047,0,27.0344081521034,0,85.9185717999935,0.623532712459564,2133.13475489616,71.6213048398495,1653.86957076192,39.8554283976555,305.276905477047,4.89402997493744,1026.2969173789,18.3204869627953,2.54902309179306,0,375.348207354546,0,25.6372076272964,0,571.280680835247,0,3.54448753595352,0,30.3762235641479,0,0,0,0,0,16.9385134577751,1.7188059091568,1.53921890258789,0,0,0,0,0,0,0,1.08152639865875,0,0.7395179271698,0,6.3690650165081,0,0,0,0,0,0,0.474611610174179
2.12234967947006,1050.66722431779,141.121563881636,1081.84462022781,1.98491889238358,203.008043497801,250.97013014555,6978.95225608349,4.65685611963272,987.873286157846,7.70873034000397,4645.50927278399,31.3221701979637,0,1.56923034787178,1823.81391182542,0,191.691743850708,80.2437065243721,766.809141755104,0,3.35983633995056,140.844325482845,377.862134575844,3.23139798641205,29.0155880451202,2.17436620593071,35.2519621253014,2.35328036546707,1549.03605517745,35.9814006686211,46.5154313445091,19.1619342565536,148.905822694302,0,4.36837047338486,0,7.53984051942825,0,0.920091867446899,0,21.8289402127266,0,0,0,0,0,1.80427759885788,0,0,0,2.25993800163269,0,0,0,0,0,43.0719202756882,0,26.3043619990349,0,169.458512246609,0,157.322417914867,0,30.9332861304283,0,25.8275502026081,0,6.73159059882164,108.689140230417,1079.96238559484,25.6951302886009,1567.10035166144,2.74128770828247,273.471173614264,6.9640326499939,577.853086531162,0,3.90351605415344,0,16.6591085195541,0,1.06457114219666,0,3.87860131263733,0,2.49959480762482,0,0,0,0,0,0,0.694821894168854,4.14109778404236,0.550383567810059,0,0,0,0,0,0,0,0,0,0,0,4.27946835756302,1.63044530153275,0,0,0,0,0,0.793721973896027
14.4677361249924,0,392.146280109882,30.5496960580349,2726.88509654999,47.8339550197124,292.57095733285,14.3764528036118,3143.8112475574,11.1232980191708,56.6944609284401,0,2764.64327096939,1.56923034787178,0,2.18404859304428,25.981449842453,0,13.3165029585361,0,100.940516322851,56.247849881649,207.850086510181,106.057549089193,199.562710881233,83.9682248830795,767.755893439054,147.56152588129,2233.29294541478,0,207.859344482422,105.648443639278,28.3290932178497,3.29879087209702,0.42073866724968,0,15.9428714811802,0,4.73678547143936,0,65.210790425539,0,0,0,0,0,4.58348059654236,0,0,0,0,0,0,0,0,0,8.54256993532181,0,0,0,0,0,9.16735434532166,0,0,0,0,0,2.51321631669998,0,866.213386267424,53.2022785544395,1561.95626559854,8.08599218726158,156.626564025879,0,388.753172844648,0,1.08122289180756,0,15.1020792722702,0,108.546377003193,0,4.98839324712753,0,53.8562694787979,0,13.1000816524029,0,0,0,0,0,3.30130767822266,0,0,0,0,0,0,0,0,0,0,0,0,0,7.23243522644043,2.50888890028,0,0,0,0,0,0
0,7.44837093353271,13.6410876512527,180.330220162868,17.1148247122765,1961.95516103506,4.35968232154846,307.63029050827,6.44928693771362,2092.82135128975,0,187.420769751072,2.1892201602459,1823.81391182542,2.18404859304428,0,0,82.7630502581596,0,23.9358356297016,0,89.3541932106018,18.8268271684647,102.714012503624,23.4106479883194,76.8311657905579,30.89905205369,390.273551791906,0,2225.79906204343,12.2093307375908,18.5961945056915,0,11.2782240509987,0,0,0,6.47965729236603,0,2.9926386475563,0,300.318414121866,0,1.61735993623734,0,0,0,1.04072332382202,0,0,0,0,0,0,0,4.14531016349792,0,14.2145839929581,0,0,0,9.3338371515274,0,54.9974190592766,0,0,0,0,0,0,49.5216393172741,527.700964987278,0.614583313465118,2022.25206232071,0,96.134464263916,0,153.793414562941,0,2.59355449676514,0,4.24333328008652,0,100.624552071095,0,4.70290851593018,0,20.1115230619907,0,2.07653963565826,0,0,0,0,1.21004819869995,0.643543183803558,1.35474336147308,0,0,0,0,0,0,0,0,1.05112504959106,0,0,4.06039386987686,1.74699294567108,0,0,0,0,0,0
740.091512978077,5.46958377957344,127.861052066088,2.8947725892067,0.924106478691101,0,53.0114387869835,3.83917647600174,1.87344032526016,0,556.931496709585,0,202.962120771408,0,25.981449842453,0,0,0,159.814938694239,41.4446588158607,0,0,4.60427916049957,0,0,0,0,0,4053.77118393779,0,2.19267827272415,1.76357853412628,11.3990671038628,29.5413157343864,7.14717352390289,7.81644988059998,27.9029318094254,2.36621856689453,8.70224434137344,0,0,0,2.39231222867966,3.22853672504425,4.71854710578918,0,0.724644243717194,0,3.75581115484238,0,12.1580144166946,0,0,0,0,0,3030.40990623832,3.38956612348557,151.913349509239,3.51648715138435,538.457982450724,2.41001713275909,1301.42702171206,0,47.9700054228306,0,109.130675196648,32.300775796175,139.024660885334,1.13987684249878,119.039230048656,2.59315145015717,640.290499359369,6.73177623748779,67.8284709453583,1.46233177185059,247.090801179409,6.50834143161774,486.608256399632,2.44524908065796,2042.64275172353,0,149.386565595865,0,261.71413102746,0,2.07867234945297,0,55.5300559699535,0,0,0,0,0,1.56249982118607,0,1.80733680725098,0,0,0,0,0,0,0,0,0,0,0,3.02821904420853,0,0,0,0,0,0,0
14.6416875720024,1346.16706883907,11.2986863851547,273.422015637159,0,5.04472190141678,13.4931657910347,155.605915129185,0,10.8970776796341,1.44853293895721,1307.72034841776,0,191.691743850708,0,82.7630502581596,0,0,66.2586041688919,333.770377069712,0,0,0.952793300151825,53.1758395433426,0,0,0,0,0,2571.72425225377,4.42127132415771,3.52406179904938,10.2811824679375,88.947379887104,1.5312522649765,0,0,17.1567857265472,1.88126349449158,4.48843479156494,0,2.33473706245422,0,0,0,1.62193644046783,0,1.17751133441925,0,3.90758401155472,0,5.38005203008652,0,0,0,0,6.5794489979744,2739.0101993084,1.4580591917038,206.513242065907,1.48075413703918,443.13321903348,0,2446.67640462518,0,71.5837516784668,7.09098356962204,52.8510958552361,6.46516138315201,107.422176241875,23.4735244810581,272.837940871716,4.70544397830963,2274.57813486457,0,86.9425687193871,7.44322347640991,326.8467194736,0,323.897102892399,0,1090.82494807243,0,29.8016827106476,0,89.4172502756119,0,0.999566078186035,0,6.04164731502533,0,0,0,0,1.05643200874329,10.9751346111298,0,0,0,0,0,0,0,0,0,2.08597588539124,0,0,7.45942515134811,4.89400804042816,0,0,0,0,0,1.8790534734726
753.527573227882,755.750683128834,2401.55358982086,657.453227132559,5.27718418836594,0,507.924225687981,945.160880833864,9.86078780889511,0,678.959912568331,392.902566045523,737.988394707441,80.2437065243721,13.3165029585361,0,159.814938694239,66.2586041688919,0,3795.52572146058,0.964195907115936,0,1547.92067208886,147.044394344091,0,0,0,0,445.917571306229,55.1032499074936,404.742812693119,323.111061930656,1985.25488546491,2107.64937821031,36.1062116622925,17.0487625002861,88.7999311685562,0,13.3434790968895,1.11729061603546,5.54950046539307,0,22.4479894042015,0.89093416929245,1.21763479709625,0,20.1673102378845,0.798717200756073,1.09796035289764,0,5.0202656686306,0,0,0,0,0,141.622549235821,9.62114417552948,156.710803955793,1.87021416425705,33.2302446365356,0,8.32930028438568,0,17.8905031085014,0,1310.0314887166,29.6611185371876,2965.58600726724,49.2350164651871,935.436316430569,536.669436722994,1393.52929142118,349.709749400616,504.985839992762,95.6827816367149,2332.29892551899,761.205927312374,2.35039359331131,0,13.3892134428024,0,119.306093931198,0,16.0728401839733,0,0,0,0,0,0,0,0,0,53.3109256029129,2.27752834558487,5.13012328743935,0,0,0,0,0,0,0,3.06344890594482,0,2.20810699462891,0,21.8251225948334,11.0002637505531,0,0,0,0,0,2.3216050863266
1327.91047054529,2340.8952459991,693.61995407939,3818.5036611855,0,7.82608437538147,1205.98371180892,1285.70272988081,0.698037981987,18.4322678744793,208.605346947908,1718.5199868679,257.527083754539,766.809141755104,0,23.9358356297016,41.4446588158607,333.770377069712,3795.52572146058,0,0,0,425.218846738338,1250.97622418404,0,0.799312710762024,0,2.95528936386108,113.611726969481,246.774187445641,191.858026564121,228.354253172874,1295.94061234593,5126.13556569815,1.05983829498291,33.6599364280701,19.6057475209236,97.1410736739635,3.16050601005554,9.75189483165741,0,0,2.27821284532547,4.75898379087448,0,0.67058128118515,2.05381482839584,16.395026922226,0,1.06782400608063,0,2.06789767742157,0,0,0,0,141.60858464241,800.732553124428,10.7432931661606,351.468827307224,7.80980843305588,65.1616369187832,0,146.537112772465,0,35.0115360617638,267.517967998981,978.805927634239,1485.41226905584,2126.40694963932,773.995957165956,1376.48318862915,641.673579901457,1774.13617834449,207.603556454182,656.655715346336,1050.8504204452,3903.94683259726,0,5.51468390226364,1.07414960861206,30.2950019240379,23.5355789065361,0,0,6.78229868412018,0,0,0,1.52091121673584,0,0,0,0,6.92660522460938,42.5977970659733,0,0,0,0,0,0,0,0,0,10.5417422056198,0,0.706654608249664,70.4978834986687,29.4562507271767,0,0,0,0,0,3.88156694173813
0,0,8.84368172287941,1.4655966758728,202.251138627529,5.92035776376724,2.86341091990471,0,63.0952087938786,2.84864529967308,0,0,3.92962718009949,0,100.940516322851,0,0,0,0.964195907115936,0,0,140.725714713335,34.9639441072941,21.6832082569599,212.133489489555,46.4036273062229,1208.12858232856,140.954312503338,91.3549232780933,0,852.65453800559,58.1292190253735,54.7200180888176,1.00104677677155,2.38999328017235,0,13.8531806468964,4.3596248626709,0,0.678312540054321,63.0286802351475,19.372953414917,0,0,0,0,5.08556497097015,0,0,0,0.688578605651855,0,0,0,2.42760908603668,2.19611006975174,0,0,0,0,0,0,0,0,0,0,0,0,0,0,959.999072045088,79.6371027827263,214.405685991049,9.8967210650444,22.2223821282387,5.79178303480148,15.091352045536,5.60415595769882,0,0,0,0,3.58838796615601,0,2.81651800870895,3.20631286501884,26.9434617757797,2.79200661182404,28.3992872238159,9.67381972074509,0,0,0,0,0,0,0,0,0,0,0,0,0,0,0,0,0,0,0,0,0,0,0,0,0,0
0,0,2.0838211774826,2.73814100027084,62.0204791426659,176.275113761425,1.03624129295349,0,3.2508710026741,29.9173176884651,0,0,0.528423726558685,3.35983633995056,56.247849881649,89.3541932106018,0,0,0,0,140.725714713335,0,11.6261314451694,38.9138456881046,56.5768077969551,320.658761292696,342.531338393688,1813.42628404498,8.9755220413208,76.8904445767403,87.1407798528671,873.31804049015,5.64984458684921,34.5320162177086,0,3.60616770386696,18.0278403162956,42.6562907397747,15.2399464249611,11.6394966840744,2.74549251794815,382.676817059517,0,0,0,0,0,2.42592221498489,0,0,0,0,0,0,0,4.41758078336716,0.616188764572144,0.555571615695953,0,0,0,0,0,0,0,0,0,0.906394898891449,0,0,256.608272492886,537.349209874868,7.75853517651558,116.047650903463,0,32.7370092868805,1.19751787185669,10.6751038432121,0,0,0,0,0,293.857225596905,0,1.99827420711517,1.15530800819397,54.363154232502,0,0,0,0,0,0,0,0,0,0,0,0,0,0,0,0.874334394931793,0,0,0,0,0,0,0,0,0,0,0,0
4.11507523059845,5.13316887617111,3418.04621964693,879.729277431965,173.315063357353,259.267136961222,430.225999087095,942.575314849615,198.151233673096,114.01579451561,19.0810111761093,71.4956186115742,244.825942099094,140.844325482845,207.850086510181,18.8268271684647,4.60427916049957,0.952793300151825,1547.92067208886,425.218846738338,34.9639441072941,11.6261314451694,0,2322.77390956879,1283.63415500522,337.377213180065,516.12422645092,170.201032072306,281.29742795229,16.4411678314209,3687.71060094237,2692.01790985465,1291.47434777021,906.044651031494,254.018990814686,4.07816475629807,16.7844807207584,0,3.05396854877472,0,3.41495931148529,0.72878497838974,61.1050751507282,0,1.49101388454437,0,15.678307890892,0,0,0,0,0,0,0,0,0,3.55510318279266,0,1.11708664894104,0,0,0,0,0,0,0,430.690926760435,1.4651575088501,6.85528153181076,0,1236.31331136823,591.173964470625,858.875612735748,219.497289270163,202.336300462484,50.9906604290009,520.611283689737,62.1410099864006,0,0,1.35390865802765,0,2.56439387798309,0,0,0,3.064040184021,0,0,0,0,0,0,0,1.30824518203735,0,0,0,0,0,0,0,0,0,1.45258522033691,0,0,0,1.44466602802277,0.713937044143677,0,0,0,0,0,0
0.777255833148956,20.4611399173737,1458.99994438887,2844.71259444952,178.723208099604,148.985918343067,956.865540236235,470.425890475512,235.130701899529,87.7895484864712,3.77539694309235,194.988119959831,110.762008726597,377.862134575844,106.057549089193,102.714012503624,0,53.1758395433426,147.044394344091,1250.97622418404,21.6832082569599,38.9138456881046,2322.77390956879,0,420.401897221804,929.909131020308,278.706862032413,322.710080593824,30.6564327180386,112.875888645649,595.723768234253,1705.37763145566,92.4073559641838,1522.04568657279,0,36.1655630171299,1.1036069393158,10.6603090167046,0,0,0,10.2097106277943,0,2.11641675233841,0,0,0,3.43172258138657,0,0,0,0,0,0,0,0,0,4.35911387205124,0,0,0,7.17258137464523,0,27.6418680548668,0,2.06838983297348,0,67.7665716707706,0,1.41339617967606,994.805959373713,1452.16918167472,226.816503733397,996.820549279451,32.9737328290939,293.982564419508,50.0737743973732,674.630788117647,0,0,0,3.03871047496796,0,1.60386526584625,0,0,0,0,0,0,0,0,0,0,0,8.01107537746429,0,0,0,0,0,0,0,0,0,0,0,0,4.54743957519531,2.42564725875854,0,0,0,0,0,1.27752351760864
1.04345488548279,0,365.056731700897,109.674708902836,315.867602080107,142.877363532782,45.3218304514885,15.1325357556343,154.155729711056,68.3448501229286,1.89101940393448,0,22.5422093272209,3.23139798641205,199.562710881233,23.4106479883194,0,0,0,0,212.133489489555,56.5768077969551,1283.63415500522,420.401897221804,0,538.860883623362,1583.78272300959,300.549184083939,51.8970927298069,1.08231925964355,952.151653558016,546.095957159996,118.393442451954,16.7448436617851,9.54859751462936,0.57883757352829,0,0,0,0,4.62325519323349,0.749656140804291,0,0,0,0,0,0,0,0,0,0,0,0,0,0,0,0,0,0,0,0,0,0,0,0,0.838738441467285,0,0,0,427.345816254616,107.084324896336,203.734510987997,26.278549104929,7.66830930113792,0.715366542339325,35.5539111793041,0,0,0,0,0,3.69251844286919,0,0,0,1.42994058132172,0,0.568103969097137,0,0,0,0,0,0,0,0,0,0,0,0,0,0,0,0,0,0,0,0,0,0,0,0,0,0,0
0,1.68835842609406,156.301674634218,268.762637913227,269.057636380196,507.974093735218,53.3799848556519,23.2253054082394,119.416748613119,110.904322177172,0,5.70516633987427,5.45843172073364,29.0155880451202,83.9682248830795,76.8311657905579,0,0,0,0.799312710762024,46.4036273062229,320.658761292696,337.377213180065,929.909131020308,538.860883623362,0,795.954036295414,1536.16211664677,7.78854194283485,19.2374847233295,328.22716397047,1025.69180619717,12.9322556257248,42.9374162554741,0,3.81086850166321,0,0,0,0.508901715278625,1.04266965389252,21.5890175104141,0,0,0,0,0,0,0,0,0,0,0,0,0,0.49842044711113,0,0,0,0,0,0,0,0,0,0,0,1.0429379940033,0,0,432.145128935575,445.995334535837,44.6031678915024,165.637893944979,0.817955434322357,14.3190082013607,0,20.8539810776711,0,0,0,0,0,6.57261708378792,0,0,0,0.734617054462433,0,0,0,0,0,0,0,0,0,0,0,0,0,0,0,0,0,0,0,0,0,0,0,0,0,0,0,0
0,0,105.87960088253,41.4063077270985,1141.34745711088,157.208232164383,18.0605216920376,3.46910560131073,243.261573910713,58.3781826496124,1.15739500522614,0,11.6818407475948,2.17436620593071,767.755893439054,30.89905205369,0,0,0,0,1208.12858232856,342.531338393688,516.12422645092,278.706862032413,1583.78272300959,795.954036295414,0,1600.12864851952,95.1506121754646,1.24356651306152,885.368652552366,563.09131783247,145.54540592432,20.6052750349045,6.83097752928734,0,24.5282301306725,7.98591774702072,14.3922525644302,0,25.8906455039978,5.39283376932144,0,0,0,0,0,0,0,0,0,0,0,0,0,0,0,0,0,0,0,0,0,0,1.05493783950806,0.770023107528687,0,0,0,0,1020.212241292,259.58504396677,246.664778620005,36.6008485853672,10.6912301182747,3.91611582040787,13.5971459448338,9.60144847631454,0,0,0,0,6.82061499357224,2.15491777658463,0,0,8.02324894070625,1.13140052556992,4.94466364383698,0,0,0,0,0,0,0,0.775601208209991,0,0,0,0,0,0,0,0,0,0,0,0,0,0,0,0,0,0,0
0,0,71.2206327617168,105.449520856142,334.099156528711,1613.19321781397,33.2401689291,18.8789232969284,86.4596015512943,279.233532458544,0,1.94657760858536,0.455320179462433,35.2519621253014,147.56152588129,390.273551791906,0,0,0,2.95528936386108,140.954312503338,1813.42628404498,170.201032072306,322.710080593824,300.549184083939,1536.16211664677,1600.12864851952,0,12.2443647682667,40.9237769544125,233.378056377172,653.234696298838,12.4539198279381,70.2838127911091,0.445655524730682,8.35653924942017,11.3884431123734,41.7645129561424,5.86085712909698,4.91658997535706,2.06811356544495,136.497951716185,0,0,0,0,0,0.860808849334717,0,0,0,0,0,0,0,1.06161117553711,0,0,0,0,0,0,0,0,0,0.658600449562073,0,0,0,0,583.753763586283,1049.7521007061,36.4528351426125,410.476444154978,2.81994873285294,17.0286201536655,2.86143505573273,36.8935312330723,0,0,0,0,0,72.6371028721333,0,0.449311703443527,2.05130308866501,22.6065431535244,0,2.31961876153946,0,0,0,0,2.11966663599014,0,0,0,0,0,0,0,0,0,0,0,0,0,0.497745722532272,0.96196174621582,0,0,0,0,0,0
452.95839202404,29.284582644701,999.2988743186,32.3477930426598,381.891841113567,6.79841679334641,469.961177110672,30.4073355197906,303.67072686553,4.30936229228973,872.12527140975,6.82747370004654,3386.3375197649,2.35328036546707,2233.29294541478,0,4053.77118393779,0,445.917571306229,113.611726969481,91.3549232780933,8.9755220413208,281.29742795229,30.6564327180386,51.8970927298069,7.78854194283485,95.1506121754646,12.2443647682667,0,1.84068858623505,55.0809792280197,59.6259129047394,44.2419317364693,103.313582777977,49.2129769325256,47.1436964869499,198.748263090849,31.8307980895042,47.8640746176243,0,520.496239870787,3.79862725734711,195.690434902906,14.4622757434845,105.686430126429,2.30142331123352,357.26984256506,2.72175049781799,188.999800503254,2.18081140518188,311.234254986048,0,44.4548490941525,0,72.0565389692783,0,1234.24213123322,7.81740343570709,552.227346688509,11.868251979351,326.38682872057,0,720.291327804327,1.58262157440186,121.163133710623,2.38287401199341,529.577023863792,115.032490372658,303.021444827318,12.3364551365376,448.632657766342,35.5831639766693,2708.94032540917,14.4315699338913,131.479248315096,1.85636341571808,448.800244152546,31.206803560257,366.009567022324,0,1610.85267713666,1.40136575698853,1840.32945007086,0,499.568538218737,0,675.003899633884,0,276.604222416878,0,7.99715632200241,0,2.70099776983261,0,17.4068721532822,1.32653558254242,8.82572066783905,0,13.0475611388683,0,0,0,1.57447588443756,1.16292023658752,5.55396747589111,0,2.2716343998909,0,1.35314559936523,8.08239209651947,0,0,0,0,0,0
1.08432650566101,116.623777627945,25.837180763483,191.982215821743,1.22359597682953,172.292049735785,50.7834797203541,210.561282008886,2.12707787752151,170.00757971406,1.78762769699097,1201.59949272871,6.1635394692421,1549.03605517745,0,2225.79906204343,0,2571.72425225377,55.1032499074936,246.774187445641,0,76.8904445767403,16.4411678314209,112.875888645649,1.08231925964355,19.2374847233295,1.24356651306152,40.9237769544125,1.84068858623505,0,4.33960062265396,16.370422244072,13.1530083417892,64.993289321661,17.1039595007896,12.4453616142273,14.418534040451,40.4130634069443,0,6.4437535405159,0,299.116934537888,5.95029306411743,51.002532094717,1.11578816175461,32.8592926859856,0,101.795694231987,0,74.9711466133595,0,114.148472517729,0,11.8014891445637,0,30.8152285516262,4.52898597717285,263.136587351561,0,136.049950748682,0,108.62804120779,0,529.12016505003,0,52.0921441316605,14.4084740281105,107.874537676573,0.692209422588348,34.1763214170933,30.6620817780495,165.752433747053,6.01457834243774,5117.59548529983,0,45.9785177111626,11.0089499354362,100.834838330746,0,552.34888163209,0,628.366619616747,0,909.403476655483,0,154.897622138262,0,59.3843170404434,0,14.8357800543308,0,2.20236730575562,0,0,0,2.3231309056282,0.800383985042572,0,0,0,0,0,0,0,0.565581142902374,1.34476965665817,1.02313888072968,0,1.2967357635498,0.632274389266968,0,0,0,0,0,0
4.78812003135681,12.0589737892151,339.371904522181,218.381110548973,158.539076983929,122.134392052889,224.444402128458,145.439965188503,100.321382939816,43.2690544724464,13.3652601838112,31.2025603055954,64.9462974071503,35.9814006686211,207.859344482422,12.2093307375908,2.19267827272415,4.42127132415771,404.742812693119,191.858026564121,852.65453800559,87.1407798528671,3687.71060094237,595.723768234253,952.151653558016,328.22716397047,885.368652552366,233.378056377172,55.0809792280197,4.33960062265396,0,1184.91860887408,1879.14116251469,313.786789417267,357.573482394218,5.5697950720787,3.53236782550812,0,5.71564531326294,0,6.08174520730972,0,85.4485739767551,1.0466423034668,11.4765475392342,0,21.8052771687508,0,0,0,0,0,0,0,0,0,1.50285470485687,2.77149891853333,0,1.62527823448181,0.989888787269592,1.0642694234848,0,2.62276983261108,0,0,714.837391406298,17.5291693806648,12.3894332647324,0,1154.30360150337,217.788983315229,161.273308187723,82.9640509486198,40.9497044682503,19.0470720529556,111.240181833506,73.362908244133,0,0,0.67689722776413,1.75084841251373,1.32267963886261,0.809997856616974,1.4400680065155,0.790997862815857,0,0,0,0,0,0,0,0,0.739863991737366,2.91382431983948,0,0,0,0,0,0,0,0,0,1.91777622699738,1.36914241313934,0,0,0,0,0,0,0,0,0
1.77136838436127,7.28195548057556,974.832880109549,137.429099500179,181.919238597155,55.7136291265488,457.966939151287,72.4120983481407,167.077566713095,21.4073815941811,11.7566379308701,57.1824957132339,67.640143930912,46.5154313445091,105.648443639278,18.5961945056915,1.76357853412628,3.52406179904938,323.111061930656,228.354253172874,58.1292190253735,873.31804049015,2692.01790985465,1705.37763145566,546.095957159996,1025.69180619717,563.09131783247,653.234696298838,59.6259129047394,16.370422244072,1184.91860887408,0,265.719287991524,3092.79840749502,2.1005488038063,424.431743741035,0,0,0,8.54171884059906,0,1.03237128257751,1.60645937919617,26.1770061254501,0,1.07670447230339,6.4125047326088,63.642922192812,0,0,0.976709127426147,0,0,0,0,0.476787239313126,1.00974655151367,3.73531055450439,0,0.871598303318024,0.8250492811203,8.28851664066315,0,16.2227218747139,0,0,14.5743795633316,478.825744956732,2.04135572910309,1.11205914616585,838.107558965683,450.185468792915,266.291110992432,147.425767660141,33.3420410752296,47.4730541110039,151.637479543686,145.796724796295,0,0.959645748138428,0,2.0977196097374,0,2.10609802603722,0,0,0,1.11205720901489,0,0,0,0,0,0,0,0,1.69076347351074,1.24419856071472,0,0,0,0,0,0,0.641151070594788,0,0,0,3.31080913543701,0.897584557533264,0,0,0,0,0,0
36.8768418729305,211.108498424292,93.5730747878551,157.573375463486,17.6411454677582,1.12589740753174,54.653096050024,164.248591721058,8.22609120607376,1.41506671905518,14.0304107367992,57.2553918361664,25.9212273061275,19.1619342565536,28.3290932178497,0,11.3990671038628,10.2811824679375,1985.25488546491,1295.94061234593,54.7200180888176,5.64984458684921,1291.47434777021,92.4073559641838,118.393442451954,12.9322556257248,145.54540592432,12.4539198279381,44.2419317364693,13.1530083417892,1879.14116251469,265.719287991524,0,1292.10321468115,1183.319111377,35.6657737493515,13.2957046031952,24.5031784772873,25.6596142649651,2.75387036800385,0,1.50677084922791,135.812402874231,3.58399659395218,78.1103127002716,0,39.3671663403511,1.47170078754425,0,0,3.40719354152679,0,0,0,1.42349058389664,1.25571668148041,92.5688378214836,60.6438497900963,74.080997377634,80.3553412556648,8.13228046894073,6.6283170580864,6.46733874082565,13.6091846823692,1.28564643859863,3.57759696245193,3783.36652010679,434.723840892315,1277.810549438,143.832264363766,253.185188502073,141.794686019421,157.462280482054,90.9070813059807,36.8592807352543,28.598117172718,231.922584056854,193.116005182266,0,1.34917533397675,5.31553339958191,10.4719751477242,2.28844738006592,0,5.34604692459106,1.26859307289124,0,0,0,0,0,0,0,0,3.231205701828,1.94808864593506,0,0,0,0,0,0,0,0,0,0,0,0,0,0.624383330345154,0,0,0,0,0,0
219.197081029415,148.431396633387,622.758446931839,206.240068137646,5.79426383972168,9.67314970493317,772.061757534742,161.452462315559,7.00653970241547,11.3425897955894,88.7940552830696,255.339020997286,173.620941460133,148.905822694302,3.29879087209702,11.2782240509987,29.5413157343864,88.947379887104,2107.64937821031,5126.13556569815,1.00104677677155,34.5320162177086,906.044651031494,1522.04568657279,16.7448436617851,42.9374162554741,20.6052750349045,70.2838127911091,103.313582777977,64.993289321661,313.786789417267,3092.79840749502,1292.10321468115,0,65.291783362627,1427.11084887385,44.5813892781734,28.2279477715492,24.8858302235603,82.7322773337364,1.40539693832397,0,30.8267220854759,59.9539741873741,6.22028458118439,11.8977402448654,15.7936087846756,207.213842570782,5.97282421588898,2.30686944723129,2.32414436340332,1.27117431163788,0,0,0,4.66514524817467,140.530306071043,85.3049097657204,109.622339129448,98.0741618871689,48.3575479984283,33.6228854060173,24.7782762646675,89.7993432879448,2.91580438613892,9.37763601541519,1160.1890706718,3966.38508319855,647.022810339928,548.207468211651,515.691374719143,434.744655877352,353.45796623826,435.842267632484,139.194397091866,141.832332462072,753.793879598379,747.939133048058,1.07496178150177,6.60690596699715,33.7908536195755,30.7929577827454,17.434258878231,1.72580111026764,7.29424285888672,21.7876852154732,0,0,2.11602383852005,2.08889466524124,0,0,0,0,11.3594686985016,9.03830656409264,6.07089781761169,0.835519790649414,0,0,0,0,0,0.722632229328156,0,2.99017840623856,1.77374124526978,2.1591255068779,9.850510597229,4.74404513835907,0,0,0,0,0,1.23804277181625
1.04964017868042,0,7.22092905640602,0,2.37087726593018,0,3.71113908290863,2.61237096786499,0.863386213779449,0,10.1336876749992,0,4.8426006436348,0,0.42073866724968,0,7.14717352390289,1.5312522649765,36.1062116622925,1.05983829498291,2.38999328017235,0,254.018990814686,0,9.54859751462936,0,6.83097752928734,0.445655524730682,49.2129769325256,17.1039595007896,357.573482394218,2.1005488038063,1183.319111377,65.291783362627,0,154.639460980892,148.226612091064,141.243469983339,77.4312015175819,27.6239276528358,9.84572112560272,12.2767894864082,380.37133410573,225.066787421703,411.196858942509,222.697535157204,204.392011225224,32.2395856380463,236.411028891802,272.198050528765,87.9178690910339,67.2130264937878,20.2563946843147,14.6462029218674,48.0805683135986,23.0604504346848,3.76994585990906,3.98528510332108,59.1464526057243,87.9779135286808,45.740371465683,13.1503512263298,19.5821200311184,9.09127295017242,14.7863492369652,13.8727495074272,2294.23903667927,568.280512094498,1.57512295246124,0.961762726306915,43.9350666105747,0.979029715061188,85.2142953276634,143.162486433983,11.6488580703735,40.9867068529129,179.107787668705,113.680984795094,1.89704072475433,2.61550009250641,103.319344967604,58.038399875164,13.1742262542248,6.7111314535141,64.0894004106522,55.6260914206505,14.0227876901627,0,60.2694728076458,25.648106187582,0,0,0,0,13.6300708055496,8.24864649772644,9.91278517246246,0,3.7397266626358,0,0,0,0,0,1.36158263683319,0,3.12792384624481,0,0,1.74991363286972,0,0,0,0,0,1.68668687343597
1.79348605871201,2.87366461753845,2.00064122676849,7.19004607200623,0,0,1.40219461917877,2.17431545257568,0,0,6.44824177026749,4.42011427879333,3.2235940694809,4.36837047338486,0,0,7.81644988059998,0,17.0487625002861,33.6599364280701,0,3.60616770386696,4.07816475629807,36.1655630171299,0.57883757352829,3.81086850166321,0,8.35653924942017,47.1436964869499,12.4453616142273,5.5697950720787,424.431743741035,35.6657737493515,1427.11084887385,154.639460980892,0,130.136599302292,211.305062621832,15.6258885264397,239.782794117928,11.3799438476562,7.94094854593277,147.132608473301,350.24617421627,206.171386957169,325.595874667168,76.0448027253151,268.738677501678,157.635391116142,204.334730148315,43.3790877461433,60.3654879331589,12.0338220596313,5.96902012825012,16.6615373492241,90.2469224631786,3.4136745929718,0,58.792965054512,14.0341946482658,47.2169007062912,3.46641486883163,29.1859564781189,3.39077669382095,16.0819845199585,4.41946709156036,534.79961887002,2091.39857718349,2.67742481827736,0,10.8366504907608,20.4877967834473,71.8020284771919,86.2291668653488,9.43759739398956,20.4048539698124,160.565025448799,48.9468015730381,6.19767498970032,0.816751956939697,78.6480627655983,67.9660606384277,7.62084424495697,15.5473425984383,60.3012923598289,68.9012434482574,10.6859781742096,3.93967115879059,30.5202225148678,36.060909986496,0,0,0,0,7.58436834812164,8.34821265935898,5.70639318227768,2.76053768396378,0,2.94994741678238,0,0,0,0,0.707837760448456,0,0.931828200817108,0.49668624997139,0,3.41313338279724,0.693185985088348,0,0,0,0,0
228.939960479736,6.16215223073959,51.4099623262882,0,3.06113648414612,0,49.0519618988037,2.24225378036499,7.78202614188194,0,34.2494740486145,0,30.7700692713261,0,15.9428714811802,0,27.9029318094254,0,88.7999311685562,19.6057475209236,13.8531806468964,18.0278403162956,16.7844807207584,1.1036069393158,0,0,24.5282301306725,11.3884431123734,198.748263090849,14.418534040451,3.53236782550812,0,13.2957046031952,44.5813892781734,148.226612091064,130.136599302292,0,415.072008788586,1539.76744258404,100.31320899725,504.12785577774,27.5987552404404,250.262698769569,139.722979724407,242.086886972189,50.6808621883392,779.587987095118,43.0503142178059,280.873107790947,47.1091337800026,357.89882811904,27.7634515166283,57.5780822634697,5.40548467636108,572.701364785433,37.4842599630356,269.727167576551,6.23192691802979,269.568853020668,121.258177936077,158.306265741587,32.6259635686874,72.3886297941208,17.9691051244736,111.892581522465,12.2769508361816,822.656168341637,1149.77270081639,271.930619567633,4.44757354259491,449.754347652197,46.9030675292015,413.631417423487,109.345631271601,771.617888003588,74.7625661492348,3410.40042969584,115.921071231365,3.40839686989784,5.37563455104828,77.473190933466,8.71928405761719,139.136433690786,0.753816485404968,237.038084387779,9.9337106347084,1262.36647102237,1.59486973285675,1295.44968476892,6.57666194438934,69.1326076090336,71.5689544677734,32.5387146472931,24.4113118052483,125.727395653725,54.3434713482857,101.584917664528,12.8182020783424,33.2520879209042,13.442899107933,31.3245695531368,12.5511929988861,76.8263526558876,38.6734811663628,35.1430203616619,16.1223205327988,25.7951007783413,2.86470711231232,16.1746766269207,40.27454829216,5.5494344830513,0,1.1667535007,1.24776101112366,2.84960758686066,9.76153516769409
5.95128524303436,134.285019010305,1.50926375389099,38.109584659338,0,3.23785531520844,1.31819540262222,15.9227044582367,0,4.00286096334457,0,11.571776509285,0,7.53984051942825,0,6.47965729236603,2.36621856689453,17.1567857265472,0,97.1410736739635,4.3596248626709,42.6562907397747,0,10.6603090167046,0,0,7.98591774702072,41.7645129561424,31.8307980895042,40.4130634069443,0,0,24.5031784772873,28.2279477715492,141.243469983339,211.305062621832,415.072008788586,0,79.1415887475014,1163.10667699575,26.4734762907028,498.787894278765,124.309726417065,229.31275960803,67.7227021455765,123.682641595602,126.385913908482,540.887185394764,38.4472081661224,260.653039604425,27.0197463035583,399.207213640213,4.19396638870239,53.6575186550617,15.1166207790375,1164.03739397228,6.01453864574432,143.407598108053,110.557604074478,248.53940808773,161.177175968885,148.486867755651,32.6357982158661,91.2233809530735,38.3421006202698,158.782907038927,871.446071892977,528.466288328171,3.08499503135681,90.9846063256264,32.1028866171837,239.547810554504,86.8684939146042,218.613765776157,34.0801411271095,276.985257863998,249.87891304493,2674.69407781959,0,2.83934611082077,28.5946340560913,47.4821453094482,0,265.420657396317,10.6049254536629,392.327578410506,4.26494210958481,475.550132796168,18.7816170454025,891.273999735713,58.3669000267982,47.7952242791653,13.5666831731796,11.1506526768208,16.685807287693,99.9463564157486,46.1083719134331,21.4217438697815,18.6259754002094,34.6745624542236,6.19503805041313,8.79000839591026,21.8031336665154,42.3149509727955,4.27771210670471,12.7712548077106,8.92259520292282,5.24832099676132,6.70445269346237,30.9402054548264,5.26115721464157,0,2.20648744702339,0,1.39116322994232,3.94056725502014
42.1121456027031,1.31819701194763,13.4360336661339,3.24890542030334,0,0,3.88115650415421,2.61415982246399,1.23407387733459,0,2.13600564002991,0,3.36219221353531,0,4.73678547143936,0,8.70224434137344,1.88126349449158,13.3434790968895,3.16050601005554,0,15.2399464249611,3.05396854877472,0,0,0,14.3922525644302,5.86085712909698,47.8640746176243,0,5.71564531326294,0,25.6596142649651,24.8858302235603,77.4312015175819,15.6258885264397,1539.76744258404,79.1415887475014,0,36.4323542118073,549.025351703167,1.40237760543823,458.792117923498,34.9219090938568,290.663550317287,5.14899802207947,828.632703542709,25.3844695389271,156.499746233225,4.47712785005569,157.070263743401,10.6378222703934,30.4804995059967,0,1311.86251321435,9.76828789710999,90.7544838786125,0,92.6307779550552,2.37551426887512,22.4119342565536,2.14582586288452,10.6536020040512,0.638115406036377,13.3288910388947,0,735.135979086161,98.0366508066654,85.2678583562374,1.34273660182953,56.644787222147,9.69746029376984,100.303313136101,11.9107735157013,119.183349758387,30.0620716512203,276.856002032757,48.2894934415817,0.952942907810211,0,27.3781163692474,0,199.433080554008,0,40.2544500827789,1.62604367733002,432.064931511879,0,330.975917518139,0,36.9915887713432,50.3534419536591,19.9268585145473,11.2084372341633,23.4883698225021,41.2353690862656,32.6823916733265,6.15299040079117,30.1580536067486,14.2220517992973,24.4795638918877,7.97411641478539,86.2647589147091,32.712855309248,18.7122927606106,7.69545939564705,12.4559042751789,9.73694580793381,3.02979019284248,5.79787564277649,5.65099433064461,0.835035443305969,0,0.520081579685211,0,3.47753655910492
0,33.0305307507515,0,9.57455962896347,0,4.19763922691345,0,0.561589002609253,0,1.07537400722504,0,0,0,0.920091867446899,0,2.9926386475563,0,4.48843479156494,1.11729061603546,9.75189483165741,0.678312540054321,11.6394966840744,0,0,0,0.508901715278625,0,4.91658997535706,0,6.4437535405159,0,8.54171884059906,2.75387036800385,82.7322773337364,27.6239276528358,239.782794117928,100.31320899725,1163.10667699575,36.4323542118073,0,4.17165541648865,1493.41587802768,49.9554928541183,584.055786550045,22.3582377433777,168.129858523607,86.7241268455982,1237.13761255145,8.12829160690308,116.751091331244,7.61182087659836,183.359816789627,0,51.9882719516754,16.7913941144943,1282.29452738166,0,12.6409493684769,3.80108404159546,11.3555139899254,0,0.597194969654083,0,0,0,3.67252588272095,142.036783516407,907.264165788889,0,10.0370296835899,0.76195365190506,29.180534362793,5.09140568971634,66.9270314276218,5.3593076467514,22.4742233157158,85.8643715381622,118.816267549992,0,2.24275296926498,0,11.8409744799137,0,185.703548938036,0,131.112878650427,0.65926593542099,372.752314656973,2.08367913961411,254.126016259193,4.49127191305161,5.5327724814415,0,2.44926333427429,3.02240240573883,4.69556260108948,4.88686525821686,41.928862452507,3.26238703727722,7.04394459724426,2.73366665840149,0.60152006149292,2.66822910308838,2.30993783473969,1.55745351314545,1.639479637146,0,2.16880851984024,1.71842479705811,0,1.20579755306244,0,0,0,0,0
1.21961534023285,0,11.9015735387802,0,81.1862689852715,0.525942385196686,2.64331912994385,0,29.9865044653416,0,0,0,7.10551333427429,0,65.210790425539,0,0,0,5.54950046539307,0,63.0286802351475,2.74549251794815,3.41495931148529,0,4.62325519323349,1.04266965389252,25.8906455039978,2.06811356544495,520.496239870787,0,6.08174520730972,0,0,1.40539693832397,9.84572112560272,11.3799438476562,504.12785577774,26.4734762907028,549.025351703167,4.17165541648865,0,55.3554247617722,42.6661696434021,0,14.4979586601257,0,150.036653339863,0.925313711166382,31.7736230492592,0,83.5474818348885,0,9.57295122742653,0,69.2795099318027,2.21818774938583,0.619315624237061,0,7.72639083862305,0,11.0567497014999,0,1.98413115739822,0,10.6118016242981,0,59.0220505595207,0.700662970542908,1.01754796504974,0,331.410524219275,22.4314227104187,744.174066275358,22.3460314869881,228.100954592228,46.898923933506,251.662272155285,11.0719087123871,0,0,16.9461190104485,0,617.653935849667,2.583720266819,61.074896633625,1.61963379383087,1886.20960190892,10.311080634594,403.202549099922,10.9090005159378,0.856511354446411,0,0,0,10.6003880798817,2.73673719167709,2.56595802307129,0,2.79698491096497,0,1.17774152755737,0,0,0.527198076248169,0.837732076644897,1.26627206802368,1.2446084022522,0,3.53227710723877,2.78578096628189,0,0,0,0,0,0.629369676113129
0,1.20825564861298,0,9.15450119972229,2.3342759013176,179.881896346807,0,1.65973526239395,0,91.5315084755421,0,2.658371925354,0,21.8289402127266,0,300.318414121866,0,2.33473706245422,0,0,19.372953414917,382.676817059517,0.72878497838974,10.2097106277943,0.749656140804291,21.5890175104141,5.39283376932144,136.497951716185,3.79862725734711,299.116934537888,0,1.03237128257751,1.50677084922791,0,12.2767894864082,7.94094854593277,27.5987552404404,498.787894278765,1.40237760543823,1493.41587802768,55.3554247617722,0,12.3683498501778,121.766275048256,0,46.1239228546619,1.31659770011902,347.575416356325,0,88.2704584002495,0,183.297861099243,0,39.1109793484211,0.684030652046204,513.282620429993,0,0,0,13.0957024097443,0,13.3373771607876,0,1.19811624288559,0,30.3363543450832,7.08735144138336,78.8766742050648,0,0,14.9152942299843,218.354565024376,60.2088276147842,1475.14696183801,20.131431043148,147.729525864124,1.08576503396034,241.960283279419,0,0.584502220153809,0,17.7736762166023,2.40453720092773,1602.13342574239,0.627084016799927,289.12052243948,40.6440872550011,1397.73398609459,37.5827666521072,443.290410041809,0,7.05405426025391,0,1.039177775383,0.684817671775818,7.90685015916824,3.6351854801178,4.23009675741196,0,8.2520723938942,0,0,0,0.465013891458511,1.1338222026825,1.08968031406403,0,0,1.06047534942627,4.00849735736847,0,0,0,0,0,0
0,0,0,0,0,0,0,0,0,0,0,0,1.7528518140316,0,0,0,2.39231222867966,0,22.4479894042015,2.27821284532547,0,0,61.1050751507282,0,0,0,0,0,195.690434902906,5.95029306411743,85.4485739767551,1.60645937919617,135.812402874231,30.8267220854759,380.37133410573,147.132608473301,250.262698769569,124.309726417065,458.792117923498,49.9554928541183,42.6661696434021,12.3683498501778,0,1975.83970689774,11428.3354216814,775.400251686573,7867.88577312231,979.236335128546,3540.04112309217,762.741938591003,2193.544932127,80.8234629034996,521.982670962811,15.5797445178032,365.824634313583,43.2364944815636,0,3.21270579099655,101.452856421471,39.3405138254166,6.36333060264587,0,1.17465311288834,0,0.730890214443207,3.86707508563995,2339.87176415324,669.536691814661,0,2.13012492656708,5.77267372608185,4.77714374661446,221.674954265356,79.4373298585415,13.0607852637768,3.29697972536087,277.88275423646,22.9064847826958,0.647154748439789,4.20687866210938,102.412993609905,5.72446978092194,40.0883682668209,1.80907100439072,175.937326639891,14.9955343008041,47.0622181892395,0.652581810951233,369.72271746397,14.4529574215412,50.8683921396732,1.90547144412994,0,0,2.17574203014374,0,152.701454520226,2.50858092308044,155.72681081295,18.884517788887,0,0,0,0,0,0,0,0,0,0,0,0,0,0,0,0
0,1.63869714736938,0,0,0,0,0,0,0,0,0,0,0,0,0,1.61735993623734,3.22853672504425,0,0.89093416929245,4.75898379087448,0,0,0,2.11641675233841,0,0,0,0,14.4622757434845,51.002532094717,1.0466423034668,26.1770061254501,3.58399659395218,59.9539741873741,225.066787421703,350.24617421627,139.722979724407,229.31275960803,34.9219090938568,584.055786550045,0,121.766275048256,1975.83970689774,0,1575.85313111544,10802.0804938376,178.865129113197,9403.86107987165,951.504525214434,3823.55093169212,305.465346753597,1784.59826809168,34.889133810997,572.476156711578,45.2476754188538,673.894616514444,0,0,192.035470485687,13.1543732881546,6.24336326122284,1.41445487737656,0,1.29040253162384,6.83299350738525,1.41609650850296,1087.91491782665,1716.33372706175,0,0,5.75857508182526,2.48790198564529,74.3104271888733,289.315374702215,5.27759265899658,45.498232871294,86.2950934767723,154.063654690981,0,1.07880711555481,15.2218137979507,65.3058222830296,0,78.2925066947937,13.3474818468094,227.931842058897,0.594891726970673,19.8456457853317,11.8265361189842,263.193938285112,0,21.399794459343,0,0,0,13.2974977195263,0,139.821016430855,4.61408257484436,189.859242349863,0,0,0,0,0,0,0,0,0,2.00524151325226,1.0673885345459,0,0,0,0,0
0,0,0,0,0,0,0,0,0,0,0,0,0,0,0,0,4.71854710578918,0,1.21763479709625,0,0,0,1.49101388454437,0,0,0,0,0,105.686430126429,1.11578816175461,11.4765475392342,0,78.1103127002716,6.22028458118439,411.196858942509,206.171386957169,242.086886972189,67.7227021455765,290.663550317287,22.3582377433777,14.4979586601257,0,11428.3354216814,1575.85313111544,0,297.804359823465,2203.5132445395,43.243880033493,2420.52146616578,172.620858550072,653.99131295085,33.6108297109604,161.118900537491,1.86899012327194,221.070275336504,16.1808322370052,0,0.74029415845871,180.07029107213,9.59990376234055,1.39430105686188,0,1.48560529947281,2.66120308637619,1.73596584796906,0,2265.20865866542,809.020476430655,0,0.514936983585358,2.66110700368881,0,217.734507679939,8.47810417413712,21.1114290356636,0,347.232655495405,7.43871158361435,1.45523679256439,0,143.194523990154,1.5834681391716,14.4600764513016,0,242.996717870235,4.20217365026474,8.4715082347393,0,322.824828207493,1.28056347370148,2.88761416077614,0,0,0,8.26376992464066,0,62.455756187439,0,26.2219672203064,0,0,0,0,0,0,0,0,0,0,2.41546809673309,0,0,0,0,0,0
0,0,0,0,0,0,0,0.88584315776825,0,0,0,0,0,0,0,0,0,1.62193644046783,0,0.67058128118515,0,0,0,0,0,0,0,0,2.30142331123352,32.8592926859856,0,1.07670447230339,0,11.8977402448654,222.697535157204,325.595874667168,50.6808621883392,123.682641595602,5.14899802207947,168.129858523607,0,46.1239228546619,775.400251686573,10802.0804938376,297.804359823465,0,26.7306733131409,1392.20989269018,155.831282556057,4989.36821487546,46.8975588083267,1142.36608302593,1.80573892593384,162.511456400156,6.75763219594955,342.893848955631,0,0,56.4301669597626,59.2442218065262,5.19472646713257,0,0,0.955172061920166,2.09698581695557,2.96889626979828,749.478956788778,918.474680364132,0,0,0.837714910507202,0,6.77990925312042,199.553013950586,2.01081228256226,50.6423787772655,24.900354385376,121.48651304841,0,3.62026304006577,0,90.0300094485283,0,12.4333328604698,0,284.686645507812,0,1.02929139137268,2.06443119049072,282.253073960543,0,3.8185111284256,0,0,0,6.80056613683701,0,47.036521345377,0,7.7945237159729,0,0,0,0,0,0,0,0,0,0,0,0,0,0,0.482314109802246,0
4.15994107723236,0,20.370183467865,0,5.11088609695435,0,17.4737025499344,0,0.656440556049347,0,1.64117521047592,0,13.9936024844646,0,4.58348059654236,0,0.724644243717194,0,20.1673102378845,2.05381482839584,5.08556497097015,0,15.678307890892,0,0,0,0,0,357.26984256506,0,21.8052771687508,6.4125047326088,39.3671663403511,15.7936087846756,204.392011225224,76.0448027253151,779.587987095118,126.385913908482,828.632703542709,86.7241268455982,150.036653339863,1.31659770011902,7867.88577312231,178.865129113197,2203.5132445395,26.7306733131409,0,46.4415104985237,1110.74497184157,34.3002880215645,2078.05380919576,8.16349804401398,2158.05453184247,0,3268.11266985536,41.2473519444466,1.85084342956543,0,46.336542725563,52.1023359298706,2.72152519226074,4.20711266994476,5.56260195374489,0,5.50011003017426,0,1459.30849248171,453.386779546738,1.6889631152153,1.48467606306076,46.5542852282524,0,429.641797661781,30.4343868494034,20.1247284412384,13.6559413671494,466.220207124949,22.2104527950287,1.30352866649628,0,123.438311725855,2.89278423786163,89.7609327733517,0,356.342789828777,1.90738713741302,242.038192421198,0,1106.11445048451,2.30553513765335,105.85373750329,0,0,0,8.7582925260067,3.68762508034706,454.255941033363,0.667790174484253,287.049042373896,0,0,0,0,0.705561220645905,1.52543729543686,1.23200377821922,0,0,0,30.2176955938339,0,0,0,0.674173772335052,0,0
0,13.7146455049515,0,4.8755384683609,0,0,0,1.91522824764252,0,0,0,0,0,1.80427759885788,0,1.04072332382202,0,1.17751133441925,0.798717200756073,16.395026922226,0,2.42592221498489,0,3.43172258138657,0,0,0,0.860808849334717,2.72175049781799,101.795694231987,0,63.642922192812,1.47170078754425,207.213842570782,32.2395856380463,268.738677501678,43.0503142178059,540.887185394764,25.3844695389271,1237.13761255145,0.925313711166382,347.575416356325,979.236335128546,9403.86107987165,43.243880033493,1392.20989269018,46.4415104985237,0,16.9842237830162,693.017821729183,0.897035479545593,1237.78361451626,0,2615.72783249617,6.65328514575958,3921.28573942184,0,22.4205912947655,0,46.0177878141403,1.7138763666153,18.7258149981499,1.75741457939148,8.52612960338593,0,17.1953350901604,174.621428221464,1095.25824257731,0,9.5087668299675,1.4011424779892,24.85799741745,3.91888791322708,586.598659217358,0,101.182259917259,23.3946004509926,572.508435487747,0,0.765288531780243,0,80.8608693182468,0,131.962108761072,0,294.756036370993,0,61.9295192956924,0,488.782216608524,0,280.141689032316,0,4.56953230500221,5.15698444843292,26.8393331170082,2.02163273096085,506.254394322634,0,395.178976625204,0,0,0.610811173915863,2.51854801177979,0,4.3615674674511,4.94915550947189,2.48762312531471,2.22867226600647,36.1100170612335,14.0309864282608,0,2.60726130008698,1.93987447023392,1.6609570980072,1.40196627378464
0,0,0,0,0,0,0,0,0,0,0,0,0,0,0,0,3.75581115484238,0,1.09796035289764,0,0,0,0,0,0,0,0,0,188.999800503254,0,0,0,0,5.97282421588898,236.411028891802,157.635391116142,280.873107790947,38.4472081661224,156.499746233225,8.12829160690308,31.7736230492592,0,3540.04112309217,951.504525214434,2420.52146616578,155.831282556057,1110.74497184157,16.9842237830162,0,152.253520905972,6564.23698192835,29.0939865112305,886.544233292341,0.610028743743896,634.758043140173,6.28947043418884,0.729820013046265,1.48967230319977,1452.36674484611,7.66729164123535,75.0066865682602,0,1.88322693109512,0,17.760335534811,3.14752864837646,926.367931246758,655.650977194309,0,0,5.00046241283417,0,288.498314529657,9.21375513076782,22.5106367468834,0,422.803495466709,0,6.66416382789612,0,196.405276596546,0,62.7210352122784,0,440.208541750908,0,16.2816068232059,0,658.758703261614,2.03067660331726,10.7300396859646,0,0,0,14.1533055901527,0,22.5037099719048,0,39.3414418697357,0,0,0,0,0,0,0,0,0,0,1.80418449640274,0,0,0,0,0,0
0,22.1293569207191,0,1.3093678355217,0,0,0,21.1050747036934,0,0,0,0.780435800552368,0,0,0,0,0,3.90758401155472,0,1.06782400608063,0,0,0,0,0,0,0,0,2.18081140518188,74.9711466133595,0,0,0,2.30686944723129,272.198050528765,204.334730148315,47.1091337800026,260.653039604425,4.47712785005569,116.751091331244,0,88.2704584002495,762.741938591003,3823.55093169212,172.620858550072,4989.36821487546,34.3002880215645,693.017821729183,152.253520905972,0,28.2959946990013,6725.07983160019,0,808.34246391058,0,618.042442858219,0,26.5446217060089,38.4190138578415,1519.68327978253,0,81.2875225543976,0,7.7293589413166,1.69994521141052,655.953703939915,839.857579439878,986.978879094124,0,1.0945006608963,0.957936763763428,3.83042412996292,4.48117411136627,390.704518139362,0,109.910285621881,25.2474617362022,261.156693935394,0,8.10515111684799,0,289.240680068731,0,57.6451947689056,4.92786335945129,627.255114346743,0,12.1453849673271,0,618.602497398853,0,8.52607220411301,0,0,0,22.5633663535118,0,7.62675881385803,0,12.0537962913513,0,0,0,0,0,0,0,0,0,3.81762981414795,0,0,0,0,0,0
134.837593913078,0,12.6896572113037,0,0,0,223.585684120655,0,0,0,15.7530764341354,0,14.6008101701736,0,0,0,12.1580144166946,0,5.0202656686306,0,0.688578605651855,0,0,0,0,0,0,0,311.234254986048,0,0,0.976709127426147,3.40719354152679,2.32414436340332,87.9178690910339,43.3790877461433,357.89882811904,27.0197463035583,157.070263743401,7.61182087659836,83.5474818348885,0,2193.544932127,305.465346753597,653.99131295085,46.8975588083267,2078.05380919576,0.897035479545593,6564.23698192835,28.2959946990013,0,4.19418489933014,4894.20709267259,0,2443.96929171681,5.81064927577972,41.1927107572556,0,2590.86987113953,2.94516658782959,767.528832435608,0,36.4732605218887,0,1679.72128421068,2.7228090763092,1067.59603345394,252.348773300648,4.89268088340759,0,19.2788214981556,0,394.2866538167,0,58.412547826767,0,449.152162790298,0,18.1848481893539,0,602.613059014082,0,197.577352017164,0,4778.18246936798,0,137.8353767097,0,3036.92962136865,0,20.2028467357159,0,0,0,17.1544157266617,0,28.1878405809402,0,63.3257709145546,0,0,0,0,0,0,0,1.96948421001434,0,0,4.95209717750549,0,0,0,0,0,0
0,195.775060415268,0,23.6497837901115,0,0,0,115.264390587807,0,0,0,12.8798640966415,0,2.25993800163269,0,0,0,5.38005203008652,0,2.06789767742157,0,0,0,0,0,0,0,0,0,114.148472517729,0,0,0,1.27117431163788,67.2130264937878,60.3654879331589,27.7634515166283,399.207213640213,10.6378222703934,183.359816789627,0,183.297861099243,80.8234629034996,1784.59826809168,33.6108297109604,1142.36608302593,8.16349804401398,1237.78361451626,29.0939865112305,6725.07983160019,4.19418489933014,0,0,4032.41116815805,0,1931.53985580802,0,33.4319385886192,7.90723621845245,1513.59799855947,0,46.7740670442581,0,53.2026192247868,0,828.558492839336,221.914775371552,831.018840104342,0,0.727597534656525,0,36.5405980348587,0,643.515583753586,0,124.772524863482,15.9764736890793,317.942921459675,0,20.9558252394199,0.861038863658905,485.880049288273,0,219.805828720331,5.38617348670959,6867.54531049728,0,55.5088859200478,0,3472.30922999978,0,56.3300076127052,0,0,0,16.3336257040501,0,10.5820949673653,0,18.0776096582413,0,0,0,0,0,0,0,0,0,3.50185698270798,0,0,0,0,0,0
2.58172911405563,0,0,0,0,0,0.642847120761871,0,0,0,0,0,0,0,0,0,0,0,0,0,0,0,0,0,0,0,0,0,44.4548490941525,0,0,0,0,0,20.2563946843147,12.0338220596313,57.5780822634697,4.19396638870239,30.4804995059967,0,9.57295122742653,0,521.982670962811,34.889133810997,161.118900537491,1.80573892593384,2158.05453184247,0,886.544233292341,0,4894.20709267259,0,0,0,2588.16210979223,1.17287993431091,0,0,14.5330076515675,0,6.87545317411423,0,0,0,19.3296706080437,0,73.864430308342,37.8105992674828,0,0,1.86887544393539,0,81.1768779456615,0,2.08824080228806,0,65.8843241930008,0,0,0,42.1197519004345,0,7.95233219861984,0,1000.9172732234,0,28.9005423784256,0,639.328277528286,0,17.8240397274494,0,0,0,4.80788135528564,0,1.88081240653992,0,44.0289015769958,0,0,0,0,0,0,0,0,0,0,0,0,0,0,0,0,0
0,0,0,0,0,0,0,0,0,0,0,0,0,0,0,0,0,0,0,0,0,0,0,0,0,0,0,0,0,11.8014891445637,0,0,0,0,14.6462029218674,5.96902012825012,5.40548467636108,53.6575186550617,0,51.9882719516754,0,39.1109793484211,15.5797445178032,572.476156711578,1.86899012327194,162.511456400156,0,2615.72783249617,0.610028743743896,808.34246391058,0,4032.41116815805,0,0,0,2871.67329731584,0,0,0,0,0,0,0,0,0,0,14.5680506825447,25.6074851751328,0,0,0,0.40439909696579,0,75.0829780995846,0,11.4036585092545,0.770277142524719,25.9196746051311,0,0,0,10.5693318843842,0,11.9971846044064,0,282.324413388968,0,4.28703853487968,0,1073.07279396057,0,157.394755780697,0,0,0,4.96874502301216,0,1.52806022763252,0,46.2884080708027,0,0,0,0,0,0,0,0,0,1.51792728900909,0,0,0,0,0,0
2.33004611730576,0,0,0,0,0,2.2323414683342,0,0,0,0,0,0,0,0,0,0,0,0,0,2.42760908603668,0,0,0,0,0,0,0,72.0565389692783,0,0,0,1.42349058389664,0,48.0805683135986,16.6615373492241,572.701364785433,15.1166207790375,1311.86251321435,16.7913941144943,69.2795099318027,0.684030652046204,365.824634313583,45.2476754188538,221.070275336504,6.75763219594955,3268.11266985536,6.65328514575958,634.758043140173,0,2443.96929171681,0,2588.16210979223,0,0,2.76897478103638,0,0,25.8137573599815,0,5.31813970208168,0,1.00926089286804,0,9.91279754042625,0,207.046027988195,51.9112249612808,0,0,5.40816736221313,3.19314843416214,63.8699227869511,0,12.9445068240166,5.44330447912216,115.999671220779,0,0.72614723443985,0,30.1022166013718,0,77.7250484526157,0,283.176416397095,0,581.193248093128,0,2705.11297118664,0,6.10478138923645,0,0,0,0.497426778078079,0,7.77818495035172,0,248.419361948967,0,0,0,0,0,0,0,0,0,0,0,0,0,0,0,0,0
0,1.64650499820709,0,1.6678152680397,0,0.949442684650421,0,0.913902997970581,0,1.4681733250618,0,0,0,0,0,4.14531016349792,0,0,0,0,2.19611006975174,4.41758078336716,0,0,0,0.49842044711113,0,1.06161117553711,0,30.8152285516262,0,0.476787239313126,1.25571668148041,4.66514524817467,23.0604504346848,90.2469224631786,37.4842599630356,1164.03739397228,9.76828789710999,1282.29452738166,2.21818774938583,513.282620429993,43.2364944815636,673.894616514444,16.1808322370052,342.893848955631,41.2473519444466,3921.28573942184,6.28947043418884,618.042442858219,5.81064927577972,1931.53985580802,1.17287993431091,2871.67329731584,2.76897478103638,0,0,0,2.1978976726532,6.12965327501297,0,2.90293550491333,0,7.69198644161224,0,21.6641391515732,106.204994440079,232.363535702229,0,0,5.2059850692749,20.4057091772556,13.0675286054611,219.799963235855,2.52690529823303,35.8087574243546,24.4208901524544,204.415919661522,0,0,1.69134891033173,32.4399980604649,0,140.237835735083,0,852.130832448602,0,486.166472822428,0.641160249710083,3708.59087759256,0,16.8919670581818,0,0,0,8.64228135347366,0,32.3811646699905,0,70.381432056427,0,0,0,0,0,0,0,0,0,2.0266946554184,0,0,0,0,0,0
11014.9867140055,70.6182634830475,108.051944613457,23.474255502224,0,0,271.401262521744,11.9531316757202,0.947036981582642,0,358.056149065495,1.73954999446869,124.345219433308,0,8.54256993532181,0,3030.40990623832,6.5794489979744,141.622549235821,141.60858464241,0,0.616188764572144,3.55510318279266,0,0,0,0,0,1234.24213123322,4.52898597717285,1.50285470485687,1.00974655151367,92.5688378214836,140.530306071043,3.76994585990906,3.4136745929718,269.727167576551,6.01453864574432,90.7544838786125,0,0.619315624237061,0,0,0,0,0,1.85084342956543,0,0.729820013046265,0,41.1927107572556,0,0,0,0,0,0,61.3087394833565,2465.41368576884,41.4346286058426,4390.78369733691,6.00388813018799,2533.98364508152,14.7818568944931,264.035507500172,0,663.612400859594,191.005947262049,2156.68072709441,129.318803280592,628.788151174784,59.4720604419708,1735.26222899556,19.4050432443619,489.020574301481,7.1851578950882,2363.9033190608,76.260458946228,111.421545088291,2.52997398376465,284.018378943205,8.05536842346191,21.8303435444832,0,313.569938719273,0,0,0,135.855909973383,0,0,0,0,0,64.9954833686352,5.50030601024628,21.6485125124454,0,0,0,0,0,0,0,2.88720679283142,0,2.44010281562805,0,3.90863835811615,10.7872385978699,0,0,0,0,0,1.53991317749023
8.79449045658112,10756.4937859774,1.0739358663559,125.487632662058,0,0,2.72259891033173,453.867966502905,0,2.13457477092743,0,509.851021647453,0,43.0719202756882,0,14.2145839929581,3.38956612348557,2739.0101993084,9.62114417552948,800.732553124428,0,0.555571615695953,0,4.35911387205124,0,0,0,0,7.81740343570709,263.136587351561,2.77149891853333,3.73531055450439,60.6438497900963,85.3049097657204,3.98528510332108,0,6.23192691802979,143.407598108053,0,12.6409493684769,0,0,3.21270579099655,0,0.74029415845871,0,0,22.4205912947655,1.48967230319977,26.5446217060089,0,33.4319385886192,0,0,0,0,61.3087394833565,0,25.7600023150444,2646.73930081725,13.1869795322418,2396.82515153289,8.15119671821594,3459.98929420114,2.97838020324707,298.552934527397,209.107117086649,334.248491734266,38.3386852145195,2623.59202483296,43.8736697435379,530.190549015999,16.6304866075516,1936.17222121358,0,366.597012788057,105.326276183128,1545.51286169887,0,47.2847319245338,8.80278921127319,150.428161025047,0,11.335992872715,0,118.339039683342,0,0,0,21.1954949498177,0,0,0,0,2.11355710029602,62.0708285570145,3.49136912822723,2.18107348680496,0,0,0,0,0,0,0,2.98893892765045,1.07055985927582,2.07951092720032,6.38797551393509,14.9579876661301,0,0,0,0,0,1.29178774356842
774.492712259293,3.51460385322571,159.026377052069,0,0,0,193.761525332928,1.08953070640564,0,0,68.6871683597565,0,28.1329820156097,0,0,0,151.913349509239,1.4580591917038,156.710803955793,10.7432931661606,0,0,1.11708664894104,0,0,0,0,0,552.227346688509,0,0,0,74.080997377634,109.622339129448,59.1464526057243,58.792965054512,269.568853020668,110.557604074478,92.6307779550552,3.80108404159546,7.72639083862305,0,101.452856421471,192.035470485687,180.07029107213,56.4301669597626,46.336542725563,0,1452.36674484611,38.4190138578415,2590.86987113953,7.90723621845245,14.5330076515675,0,25.8137573599815,2.1978976726532,2465.41368576884,25.7600023150444,0,60.2252451777458,5507.88139364123,6.56239628791809,312.679894834757,11.4595466852188,1983.67631867528,1.5183619260788,2977.39596515894,498.696647435427,790.936860471964,32.7390111684799,129.499853104353,19.3433533906937,822.633391320705,27.5149527788162,179.690476000309,2.73638653755188,959.404711216688,83.0196464061737,93.4289000928402,0.870405733585358,540.649353832006,4.42002582550049,24.5560770332813,0,369.510141730309,0.663831055164337,1.33747553825378,0,196.380649477243,0,0,0,0,0,57.6497150361538,0,27.4860484004021,0,0,0,0,0,0,0,0.79107528924942,0,0,0,4.07718622684479,11.5878756642342,0,0,0,0,0,0
3.431616127491,1048.4061846137,0,222.977046191692,0,0,0,157.385691344738,0,0,0,204.845477283001,0,26.3043619990349,0,0,3.51648715138435,206.513242065907,1.87021416425705,351.468827307224,0,0,0,0,0,0,0,0,11.868251979351,136.049950748682,1.62527823448181,0.871598303318024,80.3553412556648,98.0741618871689,87.9779135286808,14.0341946482658,121.258177936077,248.53940808773,2.37551426887512,11.3555139899254,0,13.0957024097443,39.3405138254166,13.1543732881546,9.59990376234055,59.2442218065262,52.1023359298706,46.0177878141403,7.66729164123535,1519.68327978253,2.94516658782959,1513.59799855947,0,0,0,6.12965327501297,41.4346286058426,2646.73930081725,60.2252451777458,0,91.346251308918,2788.14015749097,22.1851962208748,876.383752763271,25.288126707077,2313.43723630905,504.357645869255,2497.05405589938,13.561204969883,438.622356593609,41.3938649892807,128.9163402915,22.2818725705147,1019.52487003803,5.12461596727371,211.135026782751,155.09257927537,784.789063960314,3.5578145980835,156.225334793329,18.6608718037605,695.814154922962,0,47.771129578352,2.12346410751343,341.52098429203,0,2.54599642753601,0,73.4132465720177,0,0,0,0,2.71740281581879,60.1203985512257,0.663541674613953,0,0,0,0,0,0,0,0,0,0,0,4.83615350723267,16.476638674736,0,0,0,0,0,0
1334.071906358,1.37114942073822,63.7008858919144,0.64102029800415,0,0,324.695805519819,1.89816910028458,2.20752644538879,0,554.142847418785,0,344.579355984926,0,0,0,538.457982450724,1.48075413703918,33.2302446365356,7.80980843305588,0,0,0,0,0,0,0,0,326.38682872057,0,0.989888787269592,0.8250492811203,8.13228046894073,48.3575479984283,45.740371465683,47.2169007062912,158.306265741587,161.177175968885,22.4119342565536,0,11.0567497014999,0,6.36333060264587,6.24336326122284,1.39430105686188,5.19472646713257,2.72152519226074,1.7138763666153,75.0066865682602,0,767.528832435608,0,6.87545317411423,0,5.31813970208168,0,4390.78369733691,13.1869795322418,5507.88139364123,91.346251308918,0,14.91098934412,3131.80095493793,10.9127326607704,4334.12556314468,2.88683807849884,878.744882524014,397.759751975536,37.2473449110985,10.7196682095528,125.46416452527,8.01860791444778,374.286408722401,29.5213207602501,100.42445743084,4.03226208686829,539.751500457525,65.4817260503769,46.8321877121925,0,513.818485200405,8.55113780498505,51.0629234313965,0,1228.29869434237,0,5.03366357088089,0,327.177220255136,0,0,0,0,0,26.60317248106,0.914454817771912,8.73180413246155,0,0,0,0,0,1.31624341011047,0,1.26850533485413,0,0,0,0.717522323131561,4.73008382320404,0,0,0,0,0,0
0,1080.81043002009,0,71.9678835868835,0,0,0,193.854007363319,0,0,0,822.188151687384,0,169.458512246609,0,9.3338371515274,2.41001713275909,443.13321903348,0,65.1616369187832,0,0,0,7.17258137464523,0,0,0,0,0,108.62804120779,1.0642694234848,8.28851664066315,6.6283170580864,33.6228854060173,13.1503512263298,3.46641486883163,32.6259635686874,148.486867755651,2.14582586288452,0.597194969654083,0,13.3373771607876,0,1.41445487737656,0,0,4.20711266994476,18.7258149981499,0,81.2875225543976,0,46.7740670442581,0,0,0,2.90293550491333,6.00388813018799,2396.82515153289,6.56239628791809,2788.14015749097,14.91098934412,0,1.64854979515076,3892.74789002538,2.81916844844818,2101.46186321974,89.0693083405495,132.279022216797,3.69162410497665,14.6719873547554,23.4702373147011,180.046593338251,5.46879583597183,618.011630922556,0,118.712101876736,74.1565064191818,313.827067881823,0,41.9575770199299,5.53062450885773,578.115486234426,0,30.6039078533649,0,1072.87063884735,0,5.15003219246864,0,189.575900912285,0,0,0,0,0,19.3563261926174,0,0.616048753261566,0,0,0,0,0,0,0,0.560830116271973,0,0,0,6.45387172698975,0,0,0,0,0,0
109.34878590703,0,25.2748247385025,0,0,0,28.7119582891464,0,1.16710186004639,0,339.593058466911,0,326.06931629777,0,9.16735434532166,0,1301.42702171206,0,8.32930028438568,0,0,0,0,0,0,0,0,0,720.291327804327,0,0,0,6.46733874082565,24.7782762646675,19.5821200311184,29.1859564781189,72.3886297941208,32.6357982158661,10.6536020040512,0,1.98413115739822,0,1.17465311288834,0,1.48560529947281,0,5.56260195374489,1.75741457939148,1.88322693109512,0,36.4732605218887,0,0,0,1.00926089286804,0,2533.98364508152,8.15119671821594,312.679894834757,22.1851962208748,3131.80095493793,1.64854979515076,0,2.3500599861145,475.443054229021,2.04913091659546,257.840966492891,94.3314178586006,37.5081358551979,2.08240747451782,93.9775836765766,13.3090275526047,325.988985419273,7.22578376531601,64.3729331493378,0,402.062948197126,25.5053396821022,98.6952903270721,0,2733.52282878757,1.3841267824173,95.2515722811222,0,962.072599798441,0,13.2827210128307,0,161.55625295639,0,0,0,0,0,20.4054979085922,0,18.5469976067543,0,0,0,0,0,0,0,1.04438674449921,0,0,0,1.86077570915222,6.27278560400009,0,0,0,0,0,0
0,403.887600600719,0,70.2919289469719,0,0,0,119.180980682373,0,1.25262314081192,0,651.418763577938,0,157.322417914867,0,54.9974190592766,0,2446.67640462518,0,146.537112772465,0,0,0,27.6418680548668,0,0,0,0,1.58262157440186,529.12016505003,2.62276983261108,16.2227218747139,13.6091846823692,89.7993432879448,9.09127295017242,3.39077669382095,17.9691051244736,91.2233809530735,0.638115406036377,0,0,1.19811624288559,0,1.29040253162384,2.66120308637619,0.955172061920166,0,8.52612960338593,0,7.7293589413166,0,53.2026192247868,0,0,0,7.69198644161224,14.7818568944931,3459.98929420114,11.4595466852188,876.383752763271,10.9127326607704,3892.74789002538,2.3500599861145,0,1.62245500087738,864.148694813251,63.519502222538,257.054411411285,2.9555321931839,136.585735231638,30.8197996616364,175.433209627867,0,1364.40069365501,0.904469013214111,120.215570449829,64.7893525958061,297.227586865425,0,114.834247231483,3.84138339757919,2394.59536391497,0,29.2095741629601,0,1862.94637262821,0,0,0,208.693682640791,0,0,0,0,0,16.4220353960991,0,1.19162261486053,0,0,0,0,0,0,0,0.478453248739243,0,0,0,0.593274891376495,0,0,0,0,0,0
712.633865267038,0,46.2097366154194,0,0,0,671.397323846817,0,0,0,126.308936178684,0,91.4609157443047,0,0,0,47.9700054228306,0,17.8905031085014,0,0,0,0,0,0,0,1.05493783950806,0,121.163133710623,0,0,0,1.28564643859863,2.91580438613892,14.7863492369652,16.0819845199585,111.892581522465,38.3421006202698,13.3288910388947,0,10.6118016242981,0,0.730890214443207,6.83299350738525,1.73596584796906,2.09698581695557,5.50011003017426,0,17.760335534811,1.69994521141052,1679.72128421068,0,19.3296706080437,0,9.91279754042625,0,264.035507500172,2.97838020324707,1983.67631867528,25.288126707077,4334.12556314468,2.81916844844818,475.443054229021,1.62245500087738,0,0,390.191895335913,63.3030885457993,12.7836984097958,0,68.0390794575214,1.46980655193329,238.499245196581,1.65806603431702,41.5800159275532,0,245.648949384689,9.69004905223846,7.47884196043015,0,907.789009779692,0,34.0925359129906,0,4805.46908998489,0,10.3128766715527,0,796.934035181999,0,0,0,0,0,9.09471634030342,0,7.70795071125031,0,0,0,0,0,0,0,0,0,0.939912915229797,0,0,0,0,0,0,0,0,0
0,742.629703700542,0,47.5498304963112,0,0,0,215.469831883907,0,0,0,152.838404357433,0,30.9332861304283,0,0,0,71.5837516784668,0,35.0115360617638,0,0,0,2.06838983297348,0,0,0.770023107528687,0.658600449562073,2.38287401199341,52.0921441316605,0,0,3.57759696245193,9.37763601541519,13.8727495074272,4.41946709156036,12.2769508361816,158.782907038927,0,3.67252588272095,0,30.3363543450832,3.86707508563995,1.41609650850296,0,2.96889626979828,0,17.1953350901604,3.14752864837646,655.953703939915,2.7228090763092,828.558492839336,0,0,0,21.6641391515732,0,298.552934527397,1.5183619260788,2313.43723630905,2.88683807849884,2101.46186321974,2.04913091659546,864.148694813251,0,0,46.8670630455017,259.101583361626,0,10.6195914149284,3.05988389253616,64.4279970526695,1.77044367790222,520.458938419819,0,106.688827693462,9.36331260204315,244.001206994057,1.48749899864197,27.8463568687439,0,631.129019528627,0,62.6923875212669,0,2980.30087175965,0,12.8214980363846,0,541.885292619467,0,0,0,0,0,14.4676353931427,0,0,0,0,0,0,0,0,0,0,0,0,0.73701274394989,6.17053684592247,0,0,0,0,0,0
175.043760865927,29.1102793216705,226.362890452147,5.21359616518021,0,0,97.0114297568798,2.44790422916412,0,0,50.52879306674,0,27.0344081521034,0,0,0,109.130675196648,7.09098356962204,1310.0314887166,267.517967998981,0,0,430.690926760435,0,0.838738441467285,0,0,0,529.577023863792,14.4084740281105,714.837391406298,14.5743795633316,3783.36652010679,1160.1890706718,2294.23903667927,534.79961887002,822.656168341637,871.446071892977,735.135979086161,142.036783516407,59.0220505595207,7.08735144138336,2339.87176415324,1087.91491782665,2265.20865866542,749.478956788778,1459.30849248171,174.621428221464,926.367931246758,839.857579439878,1067.59603345394,221.914775371552,73.864430308342,14.5680506825447,207.046027988195,106.204994440079,663.612400859594,209.107117086649,2977.39596515894,504.357645869255,878.744882524014,89.0693083405495,257.840966492891,63.519502222538,390.191895335913,46.8670630455017,0,5150.87217062712,2357.6308453083,368.931830823421,269.849036097527,121.182277560234,947.285428404808,313.986391633749,224.839174032211,59.7774143517017,1645.90118393302,512.536143988371,85.3301368355751,14.2794792056084,943.347322821617,54.0084656774998,57.6258350908756,0,482.105510741472,39.2044230103493,42.7788774967194,0,304.372948974371,19.1381239891052,0,0,0,0,85.8684378862381,4.60881197452545,95.1332833766937,1.01818323135376,1.81624245643616,1.04781186580658,0,0,0,0,0,0,0.772497713565826,0,3.01764953136444,11.8584616780281,0,0,0,0,0,0
24.0774172544479,143.941982656717,3.5223326086998,230.458137273788,0,0,0,42.3027970194817,0,0,0.622803688049316,38.5311210751534,0,25.8275502026081,0,0,32.300775796175,52.8510958552361,29.6611185371876,978.805927634239,0,0.906394898891449,1.4651575088501,67.7665716707706,0,1.0429379940033,0,0,115.032490372658,107.874537676573,17.5291693806648,478.825744956732,434.723840892315,3966.38508319855,568.280512094498,2091.39857718349,1149.77270081639,528.466288328171,98.0366508066654,907.264165788889,0.700662970542908,78.8766742050648,669.536691814661,1716.33372706175,809.020476430655,918.474680364132,453.386779546738,1095.25824257731,655.650977194309,986.978879094124,252.348773300648,831.018840104342,37.8105992674828,25.6074851751328,51.9112249612808,232.363535702229,191.005947262049,334.248491734266,498.696647435427,2497.05405589938,397.759751975536,132.279022216797,94.3314178586006,257.054411411285,63.3030885457993,259.101583361626,5150.87217062712,0,209.58233320713,905.357422083616,150.322905004025,134.007609605789,295.90249094367,893.764446735382,46.216957449913,237.736038714647,1012.33330890536,914.31171131134,23.7246028780937,83.4020246267319,165.130069643259,764.331623136997,0,86.9396153092384,59.4048071503639,511.789280295372,0,11.6115301251411,39.0585994422436,200.790207982063,0,2.29370856285095,0,0,4.73267835378647,50.1613104641438,6.75210207700729,20.4522022008896,1.7068635225296,4.18113130331039,0,0,0,0,0,1.03075313568115,0,0,0,15.8349803984165,0.392759323120117,0,0,0,0,0
2639.20784521103,478.153911173344,309.806553125381,127.428488105536,0,0,116.357283890247,85.6088729202747,0.670681118965149,0,173.094135552645,4.84837508201599,85.9185717999935,0,2.51321631669998,0,139.024660885334,6.46516138315201,2965.58600726724,1485.41226905584,0,0,6.85528153181076,0,0,0,0,0,303.021444827318,0.692209422588348,12.3894332647324,2.04135572910309,1277.810549438,647.022810339928,1.57512295246124,2.67742481827736,271.930619567633,3.08499503135681,85.2678583562374,0,1.01754796504974,0,0,0,0,0,1.6889631152153,0,0,0,4.89268088340759,0,0,0,0,0,2156.68072709441,38.3386852145195,790.936860471964,13.561204969883,37.2473449110985,3.69162410497665,37.5081358551979,2.9555321931839,12.7836984097958,0,2357.6308453083,209.58233320713,0,368.519216805696,681.028600096703,168.22807854414,1314.57588985562,39.0115154981613,546.009868204594,7.14529526233673,2750.10176458955,131.280187934637,3.35870355367661,0.852363228797913,11.8427136540413,1.7040182352066,15.6422188878059,0,1.08715188503265,0,0,0,0,0,0,0,0,0,56.8639590144157,0.796662509441376,7.02436923980713,0,0,0,0,0,0,0,1.44551432132721,0,1.32834446430206,0,13.3059043884277,4.18148922920227,0,0,0,0,0,1.07159447669983
40.7335447072983,518.439067333937,1.12519517540932,83.0627567768097,0,0,0,39.5766859650612,0,0,0.764738380908966,77.617977142334,0.623532712459564,6.73159059882164,0,0,1.13987684249878,107.422176241875,49.2350164651871,2126.40694963932,0,0,0,1.41339617967606,0,0,0,0,12.3364551365376,34.1763214170933,0,1.11205914616585,143.832264363766,548.207468211651,0.961762726306915,0,4.44757354259491,90.9846063256264,1.34273660182953,10.0370296835899,0,0,2.13012492656708,0,0.514936983585358,0,1.48467606306076,9.5087668299675,0,1.0945006608963,0,0.727597534656525,0,0,0,0,129.318803280592,2623.59202483296,32.7390111684799,438.622356593609,10.7196682095528,14.6719873547554,2.08240747451782,136.585735231638,0,10.6195914149284,368.931830823421,905.357422083616,368.519216805696,0,82.9845159053802,305.831547141075,35.1236688494682,466.497085005045,21.8227617144585,148.587850689888,187.472059309483,1075.97542026639,0,2.30032187700272,7.0854529440403,20.6728655695915,0,0,1.30616927146912,18.4381685853004,0,0,0,5.36497765779495,0,0,0,0,0,18.1098773777485,0,0,0,0,0,0,0,0,0,0,0,0,2.39287579059601,3.91407757997513,0,0,0,0,0,0
1530.02226793766,170.1817099154,2005.5982696712,539.413238972425,818.005492985249,372.496750503778,3721.90078336,694.718219131231,1077.64672654867,157.486506700516,530.190830111504,146.32586696744,2133.13475489616,108.689140230417,866.213386267424,49.5216393172741,119.039230048656,23.4735244810581,935.436316430569,773.995957165956,959.999072045088,256.608272492886,1236.31331136823,994.805959373713,427.345816254616,432.145128935575,1020.212241292,583.753763586283,448.632657766342,30.6620817780495,1154.30360150337,838.107558965683,253.185188502073,515.691374719143,43.9350666105747,10.8366504907608,449.754347652197,32.1028866171837,56.644787222147,0.76195365190506,331.410524219275,14.9152942299843,5.77267372608185,5.75857508182526,2.66110700368881,0.837714910507202,46.5542852282524,1.4011424779892,5.00046241283417,0.957936763763428,19.2788214981556,0,1.86887544393539,0,5.40816736221313,5.2059850692749,628.788151174784,43.8736697435379,129.499853104353,41.3938649892807,125.46416452527,23.4702373147011,93.9775836765766,30.8197996616364,68.0390794575214,3.05988389253616,269.849036097527,150.322905004025,681.028600096703,82.9845159053802,0,613.153128683567,4228.58412945271,191.361777305603,2734.4837333858,66.1090076267719,5752.44009584188,490.41771826148,1.28605806827545,2.81915676593781,116.5508030653,15.9358484745026,48.5903644561768,0.88985800743103,227.805330067873,7.07728052139282,48.6890914440155,4.88102805614471,116.721091747284,6.48567241430283,11.1575818061829,23.6367664933205,9.87618833780289,3.85029512643814,102.885720610619,9.34360891580582,17.8365798592567,3.30430990457535,2.58991611003876,3.93588495254517,4.17401143908501,1.56140875816345,12.9149819016457,4.21125835180283,45.8054010272026,12.2019328474998,25.7556865811348,3.67382097244263,49.1815737783909,14.7983662486076,2.23684668540955,0,0,0.786364555358887,2.14080595970154,8.67273235321045
137.806274712086,1931.119807899,472.736496090889,1616.34920680523,95.5654113292694,1046.08248722553,460.635052889585,2482.69119116664,83.2490398287773,1033.9351798892,38.0443582832813,826.8212197721,71.6213048398495,1079.96238559484,53.2022785544395,527.700964987278,2.59315145015717,272.837940871716,536.669436722994,1376.48318862915,79.6371027827263,537.349209874868,591.173964470625,1452.16918167472,107.084324896336,445.995334535837,259.58504396677,1049.7521007061,35.5831639766693,165.752433747053,217.788983315229,450.185468792915,141.794686019421,434.744655877352,0.979029715061188,20.4877967834473,46.9030675292015,239.547810554504,9.69746029376984,29.180534362793,22.4314227104187,218.354565024376,4.77714374661446,2.48790198564529,0,0,0,24.85799741745,0,3.83042412996292,0,36.5405980348587,0,0.40439909696579,3.19314843416214,20.4057091772556,59.4720604419708,530.190549015999,19.3433533906937,128.9163402915,8.01860791444778,180.046593338251,13.3090275526047,175.433209627867,1.46980655193329,64.4279970526695,121.182277560234,134.007609605789,168.22807854414,305.831547141075,613.153128683567,0,170.058252304792,3497.64104416966,38.9795209765434,3299.86298948526,183.098547011614,8625.43761885166,0,2.62700569629669,5.70776665210724,31.9266560077667,3.93349343538284,24.6023935079575,0.8773432970047,92.1541785597801,20.2196840047836,24.788966178894,29.2159059643745,41.7011688947678,29.7898837327957,21.2419275939465,10.48279312253,27.5118677020073,48.2824921011925,81.2563234269619,46.1001898050308,6.74505281448364,13.7256672382355,10.0106828212738,9.13054031133652,9.89530232548714,15.7800833582878,30.3647400438786,28.9646620452404,85.0956641435623,29.0243388414383,17.173209130764,114.081583917141,44.353043794632,14.652217656374,2.5822434425354,2.30574184656143,6.18931439518929,11.593583881855,12.3850069642067
1821.67449057102,128.354775249958,2316.50642898679,182.330653697252,648.99521240592,39.6121145784855,1143.98290911317,163.620997011662,856.706880778074,12.1518986821175,401.210148721933,29.2275319099426,1653.86957076192,25.6951302886009,1561.95626559854,0.614583313465118,640.290499359369,4.70544397830963,1393.52929142118,641.673579901457,214.405685991049,7.75853517651558,858.875612735748,226.816503733397,203.734510987997,44.6031678915024,246.664778620005,36.4528351426125,2708.94032540917,6.01457834243774,161.273308187723,266.291110992432,157.462280482054,353.45796623826,85.2142953276634,71.8020284771919,413.631417423487,86.8684939146042,100.303313136101,5.09140568971634,744.174066275358,60.2088276147842,221.674954265356,74.3104271888733,217.734507679939,6.77990925312042,429.641797661781,3.91888791322708,288.498314529657,4.48117411136627,394.2866538167,0,81.1768779456615,0,63.8699227869511,13.0675286054611,1735.26222899556,16.6304866075516,822.633391320705,22.2818725705147,374.286408722401,5.46879583597183,325.988985419273,0,238.499245196581,1.77044367790222,947.285428404808,295.90249094367,1314.57588985562,35.1236688494682,4228.58412945271,170.058252304792,0,76.3940644264221,2871.20028704405,83.2976243197918,2590.64389261603,142.427689671516,41.9427950382233,1.62789762020111,575.343410313129,0,360.104034364223,1.48876017332077,346.893193364143,4.11928209662437,238.217789828777,7.65702790021896,219.989236503839,18.7218998968601,25.0317776501179,13.919482588768,15.63674685359,1.73165559768677,95.1427508592606,7.59168857336044,36.7518474161625,4.19073086977005,32.1203039288521,0,11.5351715683937,0.7320876121521,29.1187098026276,3.41254705190659,21.4071220159531,8.77133396267891,11.62447437644,5.86062568426132,25.3291799128056,13.0422059297562,0,0,0.924955725669861,0,0,5.78384292125702
56.994886726141,2378.02068325877,181.997780680656,1878.43777570128,17.0659562051296,897.154508471489,283.45018184185,1137.94556102157,16.2308290600777,998.61074668169,9.32562154531479,1343.07167994976,39.8554283976555,1567.10035166144,8.08599218726158,2022.25206232071,6.73177623748779,2274.57813486457,349.709749400616,1774.13617834449,9.8967210650444,116.047650903463,219.497289270163,996.820549279451,26.278549104929,165.637893944979,36.6008485853672,410.476444154978,14.4315699338913,5117.59548529983,82.9640509486198,147.425767660141,90.9070813059807,435.842267632484,143.162486433983,86.2291668653488,109.345631271601,218.613765776157,11.9107735157013,66.9270314276218,22.3460314869881,1475.14696183801,79.4373298585415,289.315374702215,8.47810417413712,199.553013950586,30.4343868494034,586.598659217358,9.21375513076782,390.704518139362,0,643.515583753586,0,75.0829780995846,0,219.799963235855,19.4050432443619,1936.17222121358,27.5149527788162,1019.52487003803,29.5213207602501,618.011630922556,7.22578376531601,1364.40069365501,1.65806603431702,520.458938419819,313.986391633749,893.764446735382,39.0115154981613,466.497085005045,191.361777305603,3497.64104416966,76.3940644264221,0,22.1965969204903,1326.03766795993,99.6988235414028,1052.71950757504,1.92434638738632,379.23279774189,4.43985676765442,1355.00010925531,1.29010444879532,746.638273239136,2.46963548660278,855.24845713377,14.4000463485718,141.600023895502,10.8506109118462,230.677290469408,5.72531896829605,24.9521377086639,0.862409889698029,3.03895649313927,17.2048604488373,37.9656818509102,8.01258516311646,4.18188679218292,7.66046619415283,25.7380473911762,0,3.0616672039032,0,3.38540053367615,0.68862110376358,12.8502403795719,8.10096630454063,2.81061404943466,16.9337630569935,7.46441423892975,1.0423401594162,2.19566464424133,0,0,0,2.17154049873352
589.415469169617,33.0969513058662,579.491330385208,40.1532865464687,32.2711684703827,3.76301008462906,310.925679028034,50.1090381145477,87.0041270256042,1.01708340644836,75.5317730009556,7.64550083875656,305.276905477047,2.74128770828247,156.626564025879,0,67.8284709453583,0,504.985839992762,207.603556454182,22.2223821282387,0,202.336300462484,32.9737328290939,7.66830930113792,0.817955434322357,10.6912301182747,2.81994873285294,131.479248315096,0,40.9497044682503,33.3420410752296,36.8592807352543,139.194397091866,11.6488580703735,9.43759739398956,771.617888003588,34.0801411271095,119.183349758387,5.3593076467514,228.100954592228,20.131431043148,13.0607852637768,5.27759265899658,21.1114290356636,2.01081228256226,20.1247284412384,0,22.5106367468834,0,58.412547826767,0,2.08824080228806,0,12.9445068240166,2.52690529823303,489.020574301481,0,179.690476000309,5.12461596727371,100.42445743084,0,64.3729331493378,0.904469013214111,41.5800159275532,0,224.839174032211,46.216957449913,546.009868204594,21.8227617144585,2734.4837333858,38.9795209765434,2871.20028704405,22.1965969204903,0,72.8231095671654,1401.87984660268,81.9070327579975,4.0139240026474,0,40.7981616556644,1.37565982341766,13.4417842030525,2.27018630504608,52.1956492960453,0,65.4394483864307,4.7162162065506,101.826075166464,5.38752618432045,61.2515972852707,147.152027964592,25.3623816072941,36.6343286931515,233.511092603207,72.6353045701981,61.1910265386105,30.5335614085197,23.2630503475666,38.3395070433617,30.9974464178085,15.6356861591339,47.1199690997601,60.4877121448517,124.270720899105,44.7824996709824,33.413637727499,20.4751881957054,87.6178195774555,34.8994891643524,13.5927879214287,0.555834114551544,1.46447288990021,0.64531284570694,4.50342869758606,24.2043584883213
13.3110744059086,673.909066230059,53.5799037218094,568.923383742571,1.10090124607086,70.3642711937428,64.1533237993717,407.773065567017,0,108.983121871948,1.1217120885849,144.26567363739,4.89402997493744,273.471173614264,0,96.134464263916,1.46233177185059,86.9425687193871,95.6827816367149,656.655715346336,5.79178303480148,32.7370092868805,50.9906604290009,293.982564419508,0.715366542339325,14.3190082013607,3.91611582040787,17.0286201536655,1.85636341571808,45.9785177111626,19.0470720529556,47.4730541110039,28.598117172718,141.832332462072,40.9867068529129,20.4048539698124,74.7625661492348,276.985257863998,30.0620716512203,22.4742233157158,46.898923933506,147.729525864124,3.29697972536087,45.498232871294,0,50.6423787772655,13.6559413671494,101.182259917259,0,109.910285621881,0,124.772524863482,0,11.4036585092545,5.44330447912216,35.8087574243546,7.1851578950882,366.597012788057,2.73638653755188,211.135026782751,4.03226208686829,118.712101876736,0,120.215570449829,0,106.688827693462,59.7774143517017,237.736038714647,7.14529526233673,148.587850689888,66.1090076267719,3299.86298948526,83.2976243197918,1326.03766795993,72.8231095671654,0,60.6549902260303,1103.86269018054,0,9.88575476408005,5.53127926588058,64.5588919222355,2.71801710128784,19.3593607544899,3.9859482049942,119.115276396275,44.2385268211365,15.9951159358025,51.3260340094566,42.0527961552143,170.096746772528,38.3336114883423,31.8827501237392,39.6748616397381,70.4227177500725,120.218035787344,128.091450065374,17.0653812289238,41.3973350524902,19.7889952659607,29.9025044441223,8.10743525624275,36.1247578561306,64.8489399254322,32.9891708791256,91.8024517595768,45.0670733451843,20.7091776132584,66.6441732347012,47.0396856665611,18.209507972002,0.503548264503479,6.20963236689568,1.03381490707397,6.31501340866089,13.0638604164124
2160.70377907157,229.609047859907,2037.0914055109,124.038953661919,54.7636859714985,0,1363.11368614435,169.437609672546,228.145031511784,0,343.989523291588,24.85061866045,1026.2969173789,6.9640326499939,388.753172844648,0,247.090801179409,7.44322347640991,2332.29892551899,1050.8504204452,15.091352045536,1.19751787185669,520.611283689737,50.0737743973732,35.5539111793041,0,13.5971459448338,2.86143505573273,448.800244152546,11.0089499354362,111.240181833506,151.637479543686,231.922584056854,753.793879598379,179.107787668705,160.565025448799,3410.40042969584,249.87891304493,276.856002032757,85.8643715381622,251.662272155285,1.08576503396034,277.88275423646,86.2950934767723,347.232655495405,24.900354385376,466.220207124949,23.3946004509926,422.803495466709,25.2474617362022,449.152162790298,15.9764736890793,65.8843241930008,0.770277142524719,115.999671220779,24.4208901524544,2363.9033190608,105.326276183128,959.404711216688,155.09257927537,539.751500457525,74.1565064191818,402.062948197126,64.7893525958061,245.648949384689,9.36331260204315,1645.90118393302,1012.33330890536,2750.10176458955,187.472059309483,5752.44009584188,183.098547011614,2590.64389261603,99.6988235414028,1401.87984660268,60.6549902260303,0,445.156461060047,12.870097219944,8.20690262317657,314.366440087557,35.7869330644608,86.9682434797287,0,305.144225239754,26.1969710588455,169.202855050564,0,390.375692725182,8.80036914348602,116.660518735647,75.7349988222122,125.164169877768,53.0872909724712,799.139968425035,82.6877349019051,423.251120477915,9.81443041563034,32.8693768084049,20.2880341410637,82.1000863313675,24.8975590467453,104.091094523668,47.1465001106262,484.057631731033,179.688971668482,86.8945628106594,17.2055811882019,493.680310696363,512.443641126156,31.7205790579319,4.73018205165863,12.6652233600616,22.2536913752556,14.9932608008385,74.3988730609417
167.323148906231,4272.88807117939,123.062133520842,2427.21294811368,0,105.750810712576,283.219021975994,1779.04999360442,0.523984014987946,177.472719907761,21.6808076500893,565.634213656187,18.3204869627953,577.853086531162,0,153.793414562941,6.50834143161774,326.8467194736,761.205927312374,3903.94683259726,5.60415595769882,10.6751038432121,62.1410099864006,674.630788117647,0,20.8539810776711,9.60144847631454,36.8935312330723,31.206803560257,100.834838330746,73.362908244133,145.796724796295,193.116005182266,747.939133048058,113.680984795094,48.9468015730381,115.921071231365,2674.69407781959,48.2894934415817,118.816267549992,11.0719087123871,241.960283279419,22.9064847826958,154.063654690981,7.43871158361435,121.48651304841,22.2104527950287,572.508435487747,0,261.156693935394,0,317.942921459675,0,25.9196746051311,0,204.415919661522,76.260458946228,1545.51286169887,83.0196464061737,784.789063960314,65.4817260503769,313.827067881823,25.5053396821022,297.227586865425,9.69004905223846,244.001206994057,512.536143988371,914.31171131134,131.280187934637,1075.97542026639,490.41771826148,8625.43761885166,142.427689671516,1052.71950757504,81.9070327579975,1103.86269018054,445.156461060047,0,2.53834462165833,3.94975996017456,16.8832167387009,169.604512691498,0.970725893974304,79.1650345921516,4.2735002040863,321.701796919107,0,107.334381699562,1.27212572097778,250.682258158922,141.065797686577,153.724653750658,43.5075391232967,235.07435053587,240.723955065012,519.839500516653,117.968281745911,44.8697611689568,34.3693769574165,34.5497417747974,54.3815015554428,52.8617123663425,73.5587275922298,211.987690061331,132.881858289242,443.54771643877,57.7735488414764,39.9881857931614,617.92933472991,998.629772812128,49.2847615778446,12.8580701351166,15.5922799110413,34.5760312974453,54.5437834858894,83.671247959137
10.554808139801,0,1.22689950466156,0,0,0,0,0,0,0,10.3259046077728,0,2.54902309179306,0,1.08122289180756,0,486.608256399632,0,2.35039359331131,0,0,0,0,0,0,0,0,0,366.009567022324,0,0,0,0,1.07496178150177,1.89704072475433,6.19767498970032,3.40839686989784,0,0.952942907810211,0,0,0,0.647154748439789,0,1.45523679256439,0,1.30352866649628,0,6.66416382789612,0,18.1848481893539,0,0,0,0.72614723443985,0,111.421545088291,0,93.4289000928402,3.5578145980835,46.8321877121925,0,98.6952903270721,0,7.47884196043015,1.48749899864197,85.3301368355751,23.7246028780937,3.35870355367661,0,1.28605806827545,0,41.9427950382233,1.92434638738632,4.0139240026474,0,12.870097219944,2.53834462165833,0,0,1354.46537461877,0,25.2035918831825,0,33.54275649786,0,0.739624798297882,0,10.5346160233021,0,0,0,0,0,0,0,0,0,0,0,0,0,0,0,0,0,0,0,0,0,0,0,0,0,0,0
0,11.1060318946838,0,0.697709739208221,0,0,0,3.7526593208313,0,2.12127244472504,0,2.78901791572571,0,3.90351605415344,0,2.59355449676514,2.44524908065796,323.897102892399,0,5.51468390226364,0,0,0,0,0,0,0,0,0,552.34888163209,0,0.959645748138428,1.34917533397675,6.60690596699715,2.61550009250641,0.816751956939697,5.37563455104828,2.83934611082077,0,2.24275296926498,0,0.584502220153809,4.20687866210938,1.07880711555481,0,3.62026304006577,0,0.765288531780243,0,8.10515111684799,0,20.9558252394199,0,0,0,0,2.52997398376465,47.2847319245338,0.870405733585358,156.225334793329,0,41.9575770199299,0,114.834247231483,0,27.8463568687439,14.2794792056084,83.4020246267319,0.852363228797913,2.30032187700272,2.81915676593781,2.62700569629669,1.62789762020111,379.23279774189,0,9.88575476408005,8.20690262317657,3.94975996017456,0,0,1.59180164337158,2140.25931888819,0,156.264015227556,0,44.7425251603127,0,0,0,1.9374932050705,0,0,0,0,0,1.71200048923492,0,0,0,0,0,0,0,0,0,0,0,0,0,0,0,0,0,0,0,0
33.4799371361732,0,25.8803604245186,0,2.30974715948105,0,15.4603410363197,0,4.53379422426224,0,260.016111671925,0,375.348207354546,0,15.1020792722702,0,2042.64275172353,0,13.3892134428024,1.07414960861206,0,0,1.35390865802765,0,0,0,0,0,1610.85267713666,0,0.67689722776413,0,5.31553339958191,33.7908536195755,103.319344967604,78.6480627655983,77.473190933466,28.5946340560913,27.3781163692474,0,16.9461190104485,0,102.412993609905,15.2218137979507,143.194523990154,0,123.438311725855,0,196.405276596546,0,602.613059014082,0.861038863658905,42.1197519004345,0,30.1022166013718,1.69134891033173,284.018378943205,8.80278921127319,540.649353832006,18.6608718037605,513.818485200405,5.53062450885773,2733.52282878757,3.84138339757919,907.789009779692,0,943.347322821617,165.130069643259,11.8427136540413,7.0854529440403,116.5508030653,5.70776665210724,575.343410313129,4.43985676765442,40.7981616556644,5.53127926588058,314.366440087557,16.8832167387009,1354.46537461877,1.59180164337158,0,0,1650.32575565577,0,5805.56335711479,0,120.890157669783,0,196.813131958246,0,1.85394132137299,0,0,0,19.6436480283737,0,6.42491853237152,0,2.05488955974579,0,0,0,0,0,0.686986744403839,0,1.34282433986664,0,0,0,0,0,0,0,0,1.20254004001617
0,29.3586328029633,0,20.2621393799782,0,1.3251416683197,0,22.3850857019424,0,0,0,22.1190921664238,0,16.6591085195541,0,4.24333328008652,0,1090.82494807243,0,30.2950019240379,0,0,0,3.03871047496796,0,0,0,0,1.40136575698853,628.366619616747,1.75084841251373,2.0977196097374,10.4719751477242,30.7929577827454,58.038399875164,67.9660606384277,8.71928405761719,47.4821453094482,0,11.8409744799137,0,17.7736762166023,5.72446978092194,65.3058222830296,1.5834681391716,90.0300094485283,2.89278423786163,80.8608693182468,0,289.240680068731,0,485.880049288273,0,10.5693318843842,0,32.4399980604649,8.05536842346191,150.428161025047,4.42002582550049,695.814154922962,8.55113780498505,578.115486234426,1.3841267824173,2394.59536391497,0,631.129019528627,54.0084656774998,764.331623136997,1.7040182352066,20.6728655695915,15.9358484745026,31.9266560077667,0,1355.00010925531,1.37565982341766,64.5588919222355,35.7869330644608,169.604512691498,0,2140.25931888819,0,0,0,2771.12457680702,0,5199.98167157173,0,88.8741008639336,0,120.760302960873,0,2.34453779459,0,0,0,7.9731233716011,0,1.30321800708771,0,0,0,0,0,0,0,0,0,0,0,1.74527561664581,0,0,0,0,0,0
58.7628298997879,3.05860808491707,79.8740015625954,4.65804719924927,28.8963437378407,0,28.6875591874123,2.03785824775696,18.2218710184097,0,48.7353444695473,0,25.6372076272964,0,108.546377003193,0,149.386565595865,0,119.306093931198,23.5355789065361,3.58838796615601,0,2.56439387798309,0,3.69251844286919,0,6.82061499357224,0,1840.32945007086,0,1.32267963886261,0,2.28844738006592,17.434258878231,13.1742262542248,7.62084424495697,139.136433690786,0,199.433080554008,0,617.653935849667,2.40453720092773,40.0883682668209,0,14.4600764513016,0,89.7609327733517,0,62.7210352122784,0,197.577352017164,0,7.95233219861984,0,77.7250484526157,0,21.8303435444832,0,24.5560770332813,0,51.0629234313965,0,95.2515722811222,0,34.0925359129906,0,57.6258350908756,0,15.6422188878059,0,48.5903644561768,3.93349343538284,360.104034364223,1.29010444879532,13.4417842030525,2.71801710128784,86.9682434797287,0.970725893974304,25.2035918831825,0,1650.32575565577,0,0,0,903.55987071991,0,1526.82374051213,0,63.8345517516136,0,2.20182204246521,0,0,0,4.98859655857086,0,5.24938687682152,0,1.50528836250305,0,0,0,0,0,0,0,0,0,1.66152274608612,0,0,0,0,0,0,0
0,0,0,3.71771138906479,0,91.1725573837757,0,1.13521134853363,0,10.239356637001,0,2.14938151836395,0,1.06457114219666,0,100.624552071095,0,29.8016827106476,0,0,0,293.857225596905,0,1.60386526584625,0,6.57261708378792,2.15491777658463,72.6371028721333,0,909.403476655483,0.809997856616974,2.10609802603722,0,1.72580111026764,6.7111314535141,15.5473425984383,0.753816485404968,265.420657396317,0,185.703548938036,2.583720266819,1602.13342574239,1.80907100439072,78.2925066947937,0,12.4333328604698,0,131.962108761072,0,57.6451947689056,0,219.805828720331,0,11.9971846044064,0,140.237835735083,0,11.335992872715,0,47.771129578352,0,30.6039078533649,0,29.2095741629601,0,62.6923875212669,0,86.9396153092384,0,0,0.88985800743103,24.6023935079575,1.48876017332077,746.638273239136,2.27018630504608,19.3593607544899,0,79.1650345921516,0,156.264015227556,0,2771.12457680702,0,0,0,779.847022384405,0,828.161354631186,0,92.1383689343929,0,0,0,0,0,2.44764959812164,0,1.10530781745911,0,0.546860098838806,0,0,0,0,0,0,0,0,0,2.24127614498138,0,0,0,0,0,0
713.509541124105,0,25.3019728064537,0,2.23115563392639,0,405.074213981628,0,1.34066790342331,0,654.736801683903,0,571.280680835247,0,4.98839324712753,0,261.71413102746,0,16.0728401839733,0,2.81651800870895,0,0,0,0,0,0,0,499.568538218737,0,1.4400680065155,0,5.34604692459106,7.29424285888672,64.0894004106522,60.3012923598289,237.038084387779,10.6049254536629,40.2544500827789,0,61.074896633625,0.627084016799927,175.937326639891,13.3474818468094,242.996717870235,0,356.342789828777,0,440.208541750908,4.92786335945129,4778.18246936798,5.38617348670959,1000.9172732234,0,283.176416397095,0,313.569938719273,0,369.510141730309,2.12346410751343,1228.29869434237,0,962.072599798441,0,4805.46908998489,0,482.105510741472,59.4048071503639,1.08715188503265,1.30616927146912,227.805330067873,0.8773432970047,346.893193364143,2.46963548660278,52.1956492960453,3.9859482049942,305.144225239754,4.2735002040863,33.54275649786,0,5805.56335711479,0,903.55987071991,0,0,3.96807217597961,909.321262121201,0,7866.66119065881,0,0,0,0,0,8.33279931545258,0,6.54898089170456,0,12.4793602228165,0,0,0,0,0,0,0,0,0,2.0391303896904,3.03340286016464,0,0,0,0,0,0
0,391.354299783707,0,11.1802392601967,0,1.46323549747467,0,70.5151115655899,0,0,0,103.549751162529,0,3.87860131263733,0,4.70290851593018,0,89.4172502756119,0,6.78229868412018,3.20631286501884,1.99827420711517,0,0,0,0,0,0.449311703443527,0,154.897622138262,0.790997862815857,0,1.26859307289124,21.7876852154732,55.6260914206505,68.9012434482574,9.9337106347084,392.327578410506,1.62604367733002,131.112878650427,1.61963379383087,289.12052243948,14.9955343008041,227.931842058897,4.20217365026474,284.686645507812,1.90738713741302,294.756036370993,0,627.255114346743,0,6867.54531049728,0,282.324413388968,0,852.130832448602,0,118.339039683342,0.663831055164337,341.52098429203,0,1072.87063884735,0,1862.94637262821,0,2980.30087175965,39.2044230103493,511.789280295372,0,18.4381685853004,7.07728052139282,92.1541785597801,4.11928209662437,855.24845713377,0,119.115276396275,26.1969710588455,321.701796919107,0,44.7425251603127,0,5199.98167157173,0,779.847022384405,3.96807217597961,0,0,1405.7496804744,0,9019.79115095735,0,5.1510084271431,0,0,0,17.0936719477177,1.29605150222778,3.16753959655762,0,7.82758966088295,0,0,0,0,0,0,0,0,0.843424320220947,1.45597863197327,0,0,0,0,0,0
0,0,1.45411282777786,0,32.3801127374172,0,0,0,18.1706656217575,0,0,0,3.54448753595352,0,53.8562694787979,0,2.07867234945297,0,0,0,26.9434617757797,1.15530800819397,3.064040184021,0,1.42994058132172,0,8.02324894070625,2.05130308866501,675.003899633884,0,0,0,0,0,14.0227876901627,10.6859781742096,1262.36647102237,4.26494210958481,432.064931511879,0.65926593542099,1886.20960190892,40.6440872550011,47.0622181892395,0.594891726970673,8.4715082347393,0,242.038192421198,0,16.2816068232059,0,137.8353767097,0,28.9005423784256,0,581.193248093128,0,0,0,1.33747553825378,0,5.03366357088089,0,13.2827210128307,0,10.3128766715527,0,42.7788774967194,0,0,0,48.6890914440155,20.2196840047836,238.217789828777,14.4000463485718,65.4394483864307,44.2385268211365,169.202855050564,0,0.739624798297882,0,120.890157669783,0,1526.82374051213,0,909.321262121201,0,0,0,1545.41484588385,0,0,0,0,0,6.0981969833374,0,6.21284413337708,0,2.77903044223785,0,0,0,3.18013834953308,0,0,0,0,0,0,1.02751037478447,0,0,0,0,0,0
0,0,0,0.916931092739105,0,26.2854862511158,0,0,0,10.4560414254665,0,0,0,2.49959480762482,0,20.1115230619907,0,0.999566078186035,0,0,2.79200661182404,54.363154232502,0,0,0,0.734617054462433,1.13140052556992,22.6065431535244,0,59.3843170404434,0,1.11205720901489,0,0,0,3.93967115879059,1.59486973285675,475.550132796168,0,372.752314656973,10.311080634594,1397.73398609459,0.652581810951233,19.8456457853317,0,1.02929139137268,0,61.9295192956924,0,12.1453849673271,0,55.5088859200478,0,4.28703853487968,0,486.166472822428,0,0,0,2.54599642753601,0,5.15003219246864,0,0,0,12.8214980363846,0,11.6115301251411,0,0,4.88102805614471,24.788966178894,7.65702790021896,141.600023895502,4.7162162065506,15.9951159358025,0,107.334381699562,0,0,0,88.8741008639336,0,828.161354631186,0,1405.7496804744,0,0,0,1059.8451282531,0,0,0,0,0,3.57116165757179,0,1.28055226802826,0,0,0,0,0,0.699179768562317,0,0,0,0,0.567116022109985,0.70773983001709,0,0,0,0,0,0
318.687978774309,0,5.43644851446152,0,10.1337402760983,0,91.0611380636692,0,5.3983206152916,0,95.2451374530792,0,30.3762235641479,0,13.1000816524029,0,55.5300559699535,0,0,0,28.3992872238159,0,0,0,0.568103969097137,0,4.94466364383698,0,276.604222416878,0,0,0,0,2.11602383852005,60.2694728076458,30.5202225148678,1295.44968476892,18.7816170454025,330.975917518139,2.08367913961411,403.202549099922,37.5827666521072,369.72271746397,11.8265361189842,322.824828207493,2.06443119049072,1106.11445048451,0,658.758703261614,0,3036.92962136865,0,639.328277528286,0,2705.11297118664,0.641160249710083,135.855909973383,0,196.380649477243,0,327.177220255136,0,161.55625295639,0,796.934035181999,0,304.372948974371,39.0585994422436,0,0,116.721091747284,29.2159059643745,219.989236503839,10.8506109118462,101.826075166464,51.3260340094566,390.375692725182,1.27212572097778,10.5346160233021,0,196.813131958246,0,63.8345517516136,0,7866.66119065881,0,1545.41484588385,0,0,1.43976283073425,15.6617246866226,0,1.14877665042877,0,16.2531578540802,0,9.71034416556358,0,60.3748369216919,0,0,0,0.676733911037445,0,0.432441473007202,0,1.28889608383179,0,1.13176918029785,3.95125949382782,0,0,0,0,0,0
0,80.7040825784206,0,0,0,0.785917699337006,0,7.88625359535217,0,1.41350895166397,0,12.1097552776337,0,0,0,2.07653963565826,0,6.04164731502533,0,1.52091121673584,9.67381972074509,0,0,0,0,0,0,2.31961876153946,0,14.8357800543308,0,0,0,2.08889466524124,25.648106187582,36.060909986496,6.57666194438934,891.273999735713,0,254.126016259193,10.9090005159378,443.290410041809,14.4529574215412,263.193938285112,1.28056347370148,282.253073960543,2.30553513765335,488.782216608524,2.03067660331726,618.602497398853,0,3472.30922999978,0,1073.07279396057,0,3708.59087759256,0,21.1954949498177,0,73.4132465720177,0,189.575900912285,0,208.693682640791,0,541.885292619467,19.1381239891052,200.790207982063,0,5.36497765779495,6.48567241430283,41.7011688947678,18.7218998968601,230.677290469408,5.38752618432045,42.0527961552143,8.80036914348602,250.682258158922,0,1.9374932050705,0,120.760302960873,0,92.1383689343929,0,9019.79115095735,0,1059.8451282531,1.43976283073425,0,0,3.75260311365128,0,0,0,13.0073615312576,0,2.15971571207047,0,18.0745771229267,0,0,0,0,0,0,0,0,0,1.89250868558884,0,0,0,0,0,0
0,0,0,0,0,0,0,0,0,0,0,0,0,0,0,0,0,0,0,0,0,0,0,0,0,0,0,0,7.99715632200241,0,0,0,0,0,0,0,69.1326076090336,58.3669000267982,36.9915887713432,4.49127191305161,0.856511354446411,0,50.8683921396732,0,2.88761416077614,0,105.85373750329,0,10.7300396859646,0,20.2028467357159,0,17.8240397274494,0,6.10478138923645,0,0,0,0,0,0,0,0,0,0,0,0,0,0,0,11.1575818061829,29.7898837327957,25.0317776501179,5.72531896829605,61.2515972852707,170.096746772528,116.660518735647,141.065797686577,0,0,1.85394132137299,0,2.20182204246521,0,0,0,0,0,15.6617246866226,0,0,848.891555070877,1018.06116950512,152.565492451191,472.77297487855,420.663593202829,2801.87471088767,217.159105539322,2037.6764138937,272.238219290972,531.349869310856,116.090485423803,251.736597985029,433.521627962589,784.859305590391,145.258151292801,383.154214352369,102.814399838448,62.4300600588322,27.6443014442921,246.090103000402,60.3947851657867,28.5130957365036,27.4173030257225,15.217090845108,28.4850415587425
0,0,0,0,0,0,0,0,0,0,0,0,0,0,0,0,0,0,0,0,0,0,0,0,0,0,0,0,0,2.20236730575562,0,0,0,0,0,0,71.5689544677734,47.7952242791653,50.3534419536591,5.5327724814415,0,7.05405426025391,1.90547144412994,21.399794459343,0,3.8185111284256,0,280.141689032316,0,8.52607220411301,0,56.3300076127052,0,157.394755780697,0,16.8919670581818,0,0,0,0,0,0,0,0,0,0,0,2.29370856285095,0,0,23.6367664933205,21.2419275939465,13.919482588768,24.9521377086639,147.152027964592,38.3336114883423,75.7349988222122,153.724653750658,0,0,0,2.34453779459,0,0,0,5.1510084271431,0,0,0,3.75260311365128,848.891555070877,0,168.241341590881,879.032159566879,123.767951607704,609.804548144341,811.127633213997,1232.21403634548,388.913034111261,1542.37037926912,207.717760324478,183.67235904932,382.660011947155,410.717190623283,82.8400527834892,523.621372282505,122.632195591927,333.696621865034,85.323762178421,49.4342789053917,361.365288227797,37.2913066744804,84.1551365852356,9.67198479175568,41.7078859210014,15.5446243882179
0,0,0,0,0,0,0,0,0,0,0,0,0,0,0,0,0,0,0,0,0,0,0,0,0,0,0,0,2.70099776983261,0,0,0,0,0,0,0,32.5387146472931,13.5666831731796,19.9268585145473,0,0,0,0,0,0,0,0,0,0,0,0,0,0,0,0,0,0,0,0,0,0,0,0,0,0,0,0,0,0,0,9.87618833780289,10.48279312253,15.63674685359,0.862409889698029,25.3623816072941,31.8827501237392,125.164169877768,43.5075391232967,0,0,0,0,0,0,0,0,0,0,1.14877665042877,0,1018.06116950512,168.241341590881,0,27.6475818157196,527.361783862114,97.5452108681202,697.651470035315,58.2560076415539,75.73176831007,60.0848446190357,625.25354346633,20.1556428968906,477.156807363033,138.717334419489,986.885780543089,62.0167095959187,177.624973028898,43.9057077169418,81.1882581412792,37.2726010978222,195.465977400541,34.8602151870728,46.285149872303,29.9315908551216,41.7173743247986,57.3017033934593
0,0,0,0,0,0,0,0,0,0,0,0,0,0,0,0,0,0,0,0,0,0,0,0,0,0,0,0,0,0,0,0,0,0,0,0,24.4113118052483,11.1506526768208,11.2084372341633,2.44926333427429,0,1.039177775383,0,0,0,0,0,4.56953230500221,0,0,0,0,0,0,0,0,0,0,0,0,0,0,0,0,0,0,0,0,0,0,3.85029512643814,27.5118677020073,1.73165559768677,3.03895649313927,36.6343286931515,39.6748616397381,53.0872909724712,235.07435053587,0,0,0,0,0,0,0,0,0,0,0,0,152.565492451191,879.032159566879,27.6475818157196,0,77.3886516094208,252.749788612127,192.125297933817,335.389086157084,80.0237209498882,112.006018042564,56.2053719460964,491.13713490963,140.885864257812,773.929147481918,55.5747386217117,754.369814276695,71.6355278789997,139.531876474619,197.404871255159,107.284124821424,483.973907679319,41.9660788178444,116.328874737024,26.4499754309654,134.157760441303,47.4033565223217
49.00019967556,9.57685160636902,34.1770374178886,11.7817671895027,0,0,15.1188730299473,5.04099363088608,2.3905748128891,0.955053806304932,5.0099892616272,4.4843071103096,16.9385134577751,0.694821894168854,3.30130767822266,1.21004819869995,1.56249982118607,1.05643200874329,53.3109256029129,6.92660522460938,0,0,1.30824518203735,0,0,0,0,2.11966663599014,17.4068721532822,0,0.739863991737366,0,3.231205701828,11.3594686985016,13.6300708055496,7.58436834812164,125.727395653725,16.685807287693,23.4883698225021,3.02240240573883,10.6003880798817,0.684817671775818,2.17574203014374,0,8.26376992464066,0,8.7582925260067,5.15698444843292,14.1533055901527,0,17.1544157266617,0,4.80788135528564,0,0.497426778078079,0,64.9954833686352,2.11355710029602,57.6497150361538,2.71740281581879,26.60317248106,0,20.4054979085922,0,9.09471634030342,0,85.8684378862381,4.73267835378647,56.8639590144157,0,102.885720610619,48.2824921011925,95.1427508592606,17.2048604488373,233.511092603207,70.4227177500725,799.139968425035,240.723955065012,0,0,19.6436480283737,0,4.98859655857086,0,8.33279931545258,0,6.0981969833374,0,16.2531578540802,0,472.77297487855,123.767951607704,527.361783862114,77.3886516094208,0,202.90521478653,1027.16346561909,25.6199830174446,142.823841094971,20.1188168227673,244.488555312157,25.774182587862,339.060430169106,107.164136469364,745.527546584606,266.252772241831,256.744081556797,27.1267628073692,255.54988899827,517.935695827007,273.800421088934,39.9143345952034,51.8898242712021,82.2973163723946,29.6699853241444,126.312323838472
2.58809906244278,72.4797145426273,0,36.361261755228,0,0,0,17.9229652881622,0,1.26885747909546,2.46471095085144,7.26281282305717,1.7188059091568,4.14109778404236,0,0.643543183803558,0,10.9751346111298,2.27752834558487,42.5977970659733,0,0,0,8.01107537746429,0,0,0,0,1.32653558254242,2.3231309056282,2.91382431983948,0,1.94808864593506,9.03830656409264,8.24864649772644,8.34821265935898,54.3434713482857,99.9463564157486,41.2353690862656,4.69556260108948,2.73673719167709,7.90685015916824,0,13.2974977195263,0,6.80056613683701,3.68762508034706,26.8393331170082,0,22.5633663535118,0,16.3336257040501,0,4.96874502301216,0,8.64228135347366,5.50030601024628,62.0708285570145,0,60.1203985512257,0.914454817771912,19.3563261926174,0,16.4220353960991,0,14.4676353931427,4.60881197452545,50.1613104641438,0.796662509441376,18.1098773777485,9.34360891580582,81.2563234269619,7.59168857336044,37.9656818509102,72.6353045701981,120.218035787344,82.6877349019051,519.839500516653,0,1.71200048923492,0,7.9731233716011,0,2.44764959812164,0,17.0936719477177,0,3.57116165757179,0,13.0073615312576,420.663593202829,609.804548144341,97.5452108681202,252.749788612127,202.90521478653,0,324.424741029739,850.963255643845,135.338963329792,289.163579314947,81.5940295755863,79.5042612850666,94.1920682787895,288.897626549006,99.2625615298748,485.983096808195,43.0918217003345,122.342794597149,77.1313906610012,370.446013122797,239.077812850475,16.9073460102081,26.756526350975,33.1695359945297,37.2533771395683,34.0420792102814
8.83952701091766,7.41990506649017,2.9822424352169,1.91387909650803,0,0,3.33176064491272,1.6913720369339,0.574622273445129,0,0,0,1.53921890258789,0.550383567810059,0,1.35474336147308,1.80733680725098,0,5.13012328743935,0,0,0,0,0,0,0,0.775601208209991,0,8.82572066783905,0.800383985042572,0,1.69076347351074,0,6.07089781761169,9.91278517246246,5.70639318227768,101.584917664528,46.1083719134331,32.6823916733265,4.88686525821686,2.56595802307129,3.6351854801178,152.701454520226,0,62.455756187439,0,454.255941033363,2.02163273096085,22.5037099719048,0,28.1878405809402,0,1.88081240653992,0,7.77818495035172,0,21.6485125124454,3.49136912822723,27.4860484004021,0.663541674613953,8.73180413246155,0,18.5469976067543,0,7.70795071125031,0,95.1332833766937,6.75210207700729,7.02436923980713,0,17.8365798592567,46.1001898050308,36.7518474161625,8.01258516311646,61.1910265386105,128.091450065374,423.251120477915,117.968281745911,0,0,6.42491853237152,0,5.24938687682152,0,6.54898089170456,1.29605150222778,6.21284413337708,0,9.71034416556358,0,2801.87471088767,811.127633213997,697.651470035315,192.125297933817,1027.16346561909,324.424741029739,0,123.896655678749,2907.20252469182,216.90068179369,540.140271395445,85.8310815989971,514.63334235549,266.673214644194,549.41100114584,171.875601708889,286.475505441427,52.4297305345535,63.559279769659,173.180781424046,774.296839565039,63.6790208816528,47.1550652384758,20.350777566433,10.3592675030231,28.38781234622
0,0,0,0,0,0,0,0,0,0,0,0,0,0,0,0,0,0,0,0,0,0,0,0,0,0,0,0,0,0,0,1.24419856071472,0,0.835519790649414,0,2.76053768396378,12.8182020783424,21.4217438697815,6.15299040079117,41.928862452507,0,4.23009675741196,2.50858092308044,139.821016430855,0,47.036521345377,0.667790174484253,506.254394322634,0,7.62675881385803,0,10.5820949673653,0,1.52806022763252,0,32.3811646699905,0,2.18107348680496,0,0,0,0.616048753261566,0,1.19162261486053,0,0,1.01818323135376,20.4522022008896,0,0,3.30430990457535,6.74505281448364,4.19073086977005,4.18188679218292,30.5335614085197,17.0653812289238,9.81443041563034,44.8697611689568,0,0,0,1.30321800708771,0,1.10530781745911,0,3.16753959655762,0,1.28055226802826,0,2.15971571207047,217.159105539322,1232.21403634548,58.2560076415539,335.389086157084,25.6199830174446,850.963255643845,123.896655678749,0,76.4319136440754,2420.71739012003,65.0321370065212,30.1100284457207,89.2568566203117,170.13359645009,23.781591206789,217.424770057201,18.057287722826,108.375669836998,16.8783326745033,35.8380126357079,280.427383750677,73.6648461520672,103.338720858097,12.2403552532196,13.6812699139118,4.96282696723938
0,0,0,0,0,0,0,0,0,0,0,0,0,0,0,0,0,0,0,0,0,0,0,0,0,0,0,0,13.0475611388683,0,0,0,0,0,3.7397266626358,0,33.2520879209042,18.6259754002094,30.1580536067486,3.26238703727722,2.79698491096497,0,155.72681081295,4.61408257484436,26.2219672203064,0,287.049042373896,0,39.3414418697357,0,63.3257709145546,0,44.0289015769958,0,248.419361948967,0,0,0,0,0,0,0,0,0,0,0,1.81624245643616,1.7068635225296,0,0,2.58991611003876,13.7256672382355,32.1203039288521,7.66046619415283,23.2630503475666,41.3973350524902,32.8693768084049,34.3693769574165,0,0,2.05488955974579,0,1.50528836250305,0,12.4793602228165,0,2.77903044223785,0,60.3748369216919,0,2037.6764138937,388.913034111261,75.73176831007,80.0237209498882,142.823841094971,135.338963329792,2907.20252469182,76.4319136440754,0,106.853977173567,108.244229674339,38.3291177749634,24.9540681242943,207.938056379557,104.181702643633,46.9426267445087,114.017287552357,25.5264522433281,16.3132085502148,4.73886543512344,147.83072334528,59.7269249558449,10.5603417158127,16.2030266523361,3.82260054349899,3.10162138938904
0,0,0,0,0,0,0,0,0,0,0,0,0,0,0,0,0,0,0,0,0,0,0,0,0,0,0,0,0,0,0,0,0,0,0,2.94994741678238,13.442899107933,34.6745624542236,14.2220517992973,7.04394459724426,0,8.2520723938942,18.884517788887,189.859242349863,0,7.7945237159729,0,395.178976625204,0,12.0537962913513,0,18.0776096582413,0,46.2884080708027,0,70.381432056427,0,0,0,0,0,0,0,0,0,0,1.04781186580658,4.18113130331039,0,0,3.93588495254517,10.0106828212738,0,25.7380473911762,38.3395070433617,19.7889952659607,20.2880341410637,34.5497417747974,0,0,0,0,0,0.546860098838806,0,7.82758966088295,0,0,0,18.0745771229267,272.238219290972,1542.37037926912,60.0848446190357,112.006018042564,20.1188168227673,289.163579314947,216.90068179369,2420.71739012003,106.853977173567,0,62.6128926277161,32.9037384688854,97.1257152557373,122.955842345953,14.1186764836311,73.3875576853752,24.3196503221989,315.843221485615,10.1354094743729,7.2654675245285,243.41885560751,48.5822775959969,74.4363056123257,6.54608571529388,4.04585412144661,0
0,0,0,0,0,0,0,0,0,0,0,0,0,0,0,0,0,0,0,0,0,0,0,0,0,0,0,0,0,0,0,0,0,0,0,0,31.3245695531368,6.19503805041313,24.4795638918877,2.73366665840149,1.17774152755737,0,0,0,0,0,0,0,0,0,0,0,0,0,0,0,0,0,0,0,0,0,0,0,0,0,0,0,0,0,4.17401143908501,9.13054031133652,11.5351715683937,0,30.9974464178085,29.9025044441223,82.1000863313675,54.3815015554428,0,0,0,0,0,0,0,0,0,0,0,0,531.349869310856,207.717760324478,625.25354346633,56.2053719460964,244.488555312157,81.5940295755863,540.140271395445,65.0321370065212,108.244229674339,62.6128926277161,0,45.6493431329727,1417.28453695774,191.089171797037,869.001897186041,62.3302382528782,293.466219246387,44.0919066369534,45.49718567729,15.7007682323456,85.8934905230999,16.7397432327271,15.7353246808052,10.4138396382332,42.166656434536,22.3351377248764
0,0,0,0,0,0,0,0,0,0,0,0,0,0,0,0,0,0,0,0,0,0,0,0,0,0,0,0,0,0,0,0,0,0,0,0,12.5511929988861,8.79000839591026,7.97411641478539,0.60152006149292,0,0,0,0,0,0,0,0,0,0,0,0,0,0,0,0,0,0,0,0,0,0,0,0,0,0,0,0,0,0,1.56140875816345,9.89530232548714,0.7320876121521,3.0616672039032,15.6356861591339,8.10743525624275,24.8975590467453,52.8617123663425,0,0,0,0,0,0,0,0,0,0,0,0,116.090485423803,183.67235904932,20.1556428968906,491.13713490963,25.774182587862,79.5042612850666,85.8310815989971,30.1100284457207,38.3291177749634,32.9037384688854,45.6493431329727,0,112.465839743614,469.807961195707,31.7186125814915,318.377044945955,35.2926169335842,109.595230519772,23.8820633292198,13.1787282824516,39.3650887012482,1.95321625471115,1.98373943567276,5.58189749717712,27.5632842183113,2.80588829517365
0,0,0,0,0,0,0,0,0,0,0,0,0,0,0,0,0,0,0,0,0,0,0,0,0,0,0,0,1.57447588443756,0,0,0,0,0,0,0,76.8263526558876,21.8031336665154,86.2647589147091,2.66822910308838,0,0,0,0,0,0,0,0.610811173915863,0,0,0,0,0,0,0,0,0,0,0,0,1.31624341011047,0,0,0,0,0,0,0,0,0,12.9149819016457,15.7800833582878,29.1187098026276,0,47.1199690997601,36.1247578561306,104.091094523668,73.5587275922298,0,0,0,0,0,0,0,0,3.18013834953308,0,0.676733911037445,0,251.736597985029,382.660011947155,477.156807363033,140.885864257812,339.060430169106,94.1920682787895,514.63334235549,89.2568566203117,24.9540681242943,97.1257152557373,1417.28453695774,112.465839743614,0,570.25251698494,4457.61096927524,151.240458518267,443.482818841934,104.352082937956,134.808766692877,75.2595868706703,274.142312496901,48.0784411430359,59.5515333414078,417.093350023031,398.813378214836,123.165246129036
0,0,0,0,0,0,0,0,0,0,0,0,0,0,0,0,0,0,0,0,0,0.874334394931793,0,0,0,0,0,0,1.16292023658752,0,0,0,0,0.722632229328156,0,0,38.6734811663628,42.3149509727955,32.712855309248,2.30993783473969,0.527198076248169,0.465013891458511,0,0,0,0,0.705561220645905,2.51854801177979,0,0,0,0,0,0,0,0,0,0,0,0,0,0,0,0,0,0,0,0,0,0,4.21125835180283,30.3647400438786,3.41254705190659,3.38540053367615,60.4877121448517,64.8489399254322,47.1465001106262,211.987690061331,0,0,0,0,0,0,0,0,0,0.699179768562317,0,0,433.521627962589,410.717190623283,138.717334419489,773.929147481918,107.164136469364,288.897626549006,266.673214644194,170.13359645009,207.938056379557,122.955842345953,191.089171797037,469.807961195707,570.25251698494,0,165.656964182854,4512.31921416521,139.990806758404,311.421205192804,154.131202965975,89.1819503605366,334.852073192596,40.839078783989,97.5939577519894,197.839945584536,289.422856837511,41.7636928856373
12.4100257754326,2.45653581619263,2.31703799962997,0.874354183673859,0,0,1.9837441444397,0,0,0,0.706920385360718,0,1.08152639865875,0,0,0,0,0,3.06344890594482,0,0,0,1.45258522033691,0,0,0,0,0,5.55396747589111,0.565581142902374,0,0.641151070594788,0,0,1.36158263683319,0.707837760448456,35.1430203616619,4.27771210670471,18.7122927606106,1.55745351314545,0.837732076644897,1.1338222026825,0,0,0,0,1.52543729543686,0,0,0,0,0,0,0,0,0,2.88720679283142,0,0.79107528924942,0,1.26850533485413,0,1.04438674449921,0,0,0,0,0,1.44551432132721,0,45.8054010272026,28.9646620452404,21.4071220159531,0.68862110376358,124.270720899105,32.9891708791256,484.057631731033,132.881858289242,0,0,0.686986744403839,0,0,0,0,0,0,0,0.432441473007202,0,784.859305590391,82.8400527834892,986.885780543089,55.5747386217117,745.527546584606,99.2625615298748,549.41100114584,23.781591206789,104.181702643633,14.1186764836311,869.001897186041,31.7186125814915,4457.61096927524,165.656964182854,0,401.952591180801,510.258065849543,42.9140373468399,193.120913535357,88.8564437329769,236.959324091673,26.2490557432175,31.7031817436218,44.2012346386909,103.695980995893,218.515228956938
0,6.56294995546341,2.86650538444519,3.66126579046249,0,0,0,2.08624732494354,0,0,0,6.00268334150314,0,0,0,1.05112504959106,0,2.08597588539124,0,10.5417422056198,0,0,0,0,0,0,0,0,0,1.34476965665817,1.91777622699738,0,0,2.99017840623856,0,0,16.1223205327988,12.7712548077106,7.69545939564705,1.639479637146,1.26627206802368,1.08968031406403,0,0,0,0,1.23200377821922,4.3615674674511,0,0,0,0,0,0,0,0,0,2.98893892765045,0,0,0,0.560830116271973,0,0.478453248739243,0,0,0,1.03075313568115,0,0,12.2019328474998,85.0956641435623,8.77133396267891,12.8502403795719,44.7824996709824,91.8024517595768,179.688971668482,443.54771643877,0,0,0,0,0,0,0,0,0,0,0,0,145.258151292801,523.621372282505,62.0167095959187,754.369814276695,266.252772241831,485.983096808195,171.875601708889,217.424770057201,46.9426267445087,73.3875576853752,62.3302382528782,318.377044945955,151.240458518267,4512.31921416521,401.952591180801,0,130.469182223082,331.925605595112,325.786961019039,95.7698219120502,489.921912580729,29.0887242555618,50.0321041345596,42.0589040517807,377.669572293758,171.78428158164
3.88363420963287,0.969377934932709,0,0,0,0,0,0,0,0,0,0,0.7395179271698,0,0,0,0,0,2.20810699462891,0,0,0,0,0,0,0,0,0,2.2716343998909,1.02313888072968,1.36914241313934,0,0,1.77374124526978,3.12792384624481,0.931828200817108,25.7951007783413,8.92259520292282,12.4559042751789,0,1.2446084022522,0,0,0,0,0,0,4.94915550947189,0,0,1.96948421001434,0,0,0,0,0,2.44010281562805,1.07055985927582,0,0,0,0,0,0,0.939912915229797,0,0.772497713565826,0,1.32834446430206,0,25.7556865811348,29.0243388414383,11.62447437644,8.10096630454063,33.413637727499,45.0670733451843,86.8945628106594,57.7735488414764,0,0,1.34282433986664,0,0,0,0,0,0,0,1.28889608383179,0,383.154214352369,122.632195591927,177.624973028898,71.6355278789997,256.744081556797,43.0918217003345,286.475505441427,18.057287722826,114.017287552357,24.3196503221989,293.466219246387,35.2926169335842,443.482818841934,139.990806758404,510.258065849543,130.469182223082,0,35.3071021735668,29.3810932338238,13.3948247134686,80.7863762676716,8.84554678201675,6.8175707757473,10.17937707901,14.9743297696114,34.2492718398571
0,5.6892683506012,0,0,0,0,0,0,0,0,0,0,0,0,0,0,0,0,0,0.706654608249664,0,0,0,0,0,0,0,0,0,0,0,0,0,2.1591255068779,0,0.49668624997139,2.86470711231232,5.24832099676132,9.73694580793381,2.16880851984024,0,0,0,0,0,0,0,2.48762312531471,0,0,0,0,0,0,0,0,0,2.07951092720032,0,0,0,0,0,0,0,0,0,0,0,0,3.67382097244263,17.173209130764,5.86062568426132,2.81061404943466,20.4751881957054,20.7091776132584,17.2055811882019,39.9881857931614,0,0,0,0,0,0,0,0,0,0,0,0,102.814399838448,333.696621865034,43.9057077169418,139.531876474619,27.1267628073692,122.342794597149,52.4297305345535,108.375669836998,25.5264522433281,315.843221485615,44.0919066369534,109.595230519772,104.352082937956,311.421205192804,42.9140373468399,331.925605595112,35.3071021735668,0,24.2340932488441,10.9223437905312,81.9277814626694,5.5635980963707,12.0578988194466,6.5032080411911,10.8049028217793,4.21111834049225
15.4669599533081,48.0436959266663,20.8487392663956,52.1902958154678,0,0,11.7350203990936,24.26873087883,1.64110577106476,2.69400218129158,3.30088448524475,13.6738584041595,6.3690650165081,4.27946835756302,7.23243522644043,4.06039386987686,3.02821904420853,7.45942515134811,21.8251225948334,70.4978834986687,0,0,1.44466602802277,4.54743957519531,0,0,0,0.497745722532272,1.35314559936523,1.2967357635498,0,3.31080913543701,0,9.850510597229,0,0,16.1746766269207,6.70445269346237,3.02979019284248,1.71842479705811,3.53227710723877,1.06047534942627,0,0,0,0,0,2.22867226600647,0,0,0,0,0,0,0,0,3.90863835811615,6.38797551393509,4.07718622684479,4.83615350723267,0.717522323131561,0,1.86077570915222,0,0,0.73701274394989,3.01764953136444,0,13.3059043884277,2.39287579059601,49.1815737783909,114.081583917141,25.3291799128056,16.9337630569935,87.6178195774555,66.6441732347012,493.680310696363,617.92933472991,0,0,0,0,1.66152274608612,0,2.0391303896904,0.843424320220947,0,0.567116022109985,1.13176918029785,0,62.4300600588322,85.323762178421,81.1882581412792,197.404871255159,255.54988899827,77.1313906610012,63.559279769659,16.8783326745033,16.3132085502148,10.1354094743729,45.49718567729,23.8820633292198,134.808766692877,154.131202965975,193.120913535357,325.786961019039,29.3810932338238,24.2340932488441,0,255.34765407443,367.5106100142,61.9231398999691,140.310487627983,327.434485137463,92.5984121263027,192.285615622997
11.7369674444199,18.1241263151169,4.91557860374451,14.8403514623642,0,0.695109963417053,7.13051003217697,7.85448348522186,0,4.01496595144272,0,2.35840541124344,0,1.63044530153275,2.50888890028,1.74699294567108,0,4.89400804042816,11.0002637505531,29.4562507271767,0,0,0.713937044143677,2.42564725875854,0,0,0,0.96196174621582,8.08239209651947,0.632274389266968,0,0.897584557533264,0.624383330345154,4.74404513835907,1.74991363286972,3.41313338279724,40.27454829216,30.9402054548264,5.79787564277649,0,2.78578096628189,4.00849735736847,0,2.00524151325226,2.41546809673309,0,30.2176955938339,36.1100170612335,1.80418449640274,3.81762981414795,4.95209717750549,3.50185698270798,0,1.51792728900909,0,2.0266946554184,10.7872385978699,14.9579876661301,11.5878756642342,16.476638674736,4.73008382320404,6.45387172698975,6.27278560400009,0.593274891376495,0,6.17053684592247,11.8584616780281,15.8349803984165,4.18148922920227,3.91407757997513,14.7983662486076,44.353043794632,13.0422059297562,7.46441423892975,34.8994891643524,47.0396856665611,512.443641126156,998.629772812128,0,0,0,1.74527561664581,0,2.24127614498138,3.03340286016464,1.45597863197327,1.02751037478447,0.70773983001709,3.95125949382782,1.89250868558884,27.6443014442921,49.4342789053917,37.2726010978222,107.284124821424,517.935695827007,370.446013122797,173.180781424046,35.8380126357079,4.73886543512344,7.2654675245285,15.7007682323456,13.1787282824516,75.2595868706703,89.1819503605366,88.8564437329769,95.7698219120502,13.3948247134686,10.9223437905312,255.34765407443,0,688.996387541294,61.006039083004,90.8367936611176,194.693871676922,58.6066339313984,76.6516881585121
0,0,0,0,0,0,0,0,0,0,0,0,0,0,0,0,0,0,0,0,0,0,0,0,0,0,0,0,0,0,0,0,0,0,0,0.693185985088348,5.5494344830513,5.26115721464157,5.65099433064461,1.20579755306244,0,0,0,1.0673885345459,0,0,0,14.0309864282608,0,0,0,0,0,0,0,0,0,0,0,0,0,0,0,0,0,0,0,0.392759323120117,0,0,2.23684668540955,14.652217656374,0,1.0423401594162,13.5927879214287,18.209507972002,31.7205790579319,49.2847615778446,0,0,0,0,0,0,0,0,0,0,0,0,246.090103000402,361.365288227797,195.465977400541,483.973907679319,273.800421088934,239.077812850475,774.296839565039,280.427383750677,147.83072334528,243.41885560751,85.8934905230999,39.3650887012482,274.142312496901,334.852073192596,236.959324091673,489.921912580729,80.7863762676716,81.9277814626694,367.5106100142,688.996387541294,0,315.335886538029,392.812924265862,306.230821073055,107.075577139854,249.170700252056
0,0,0,0,0,0,0,0,0,0,0,0,0,0,0,0,0,0,0,0,0,0,0,0,0,0,0,0,0,0,0,0,0,0,0,0,0,0,0.835035443305969,0,0,0,0,0,0,0,0,0,0,0,0,0,0,0,0,0,0,0,0,0,0,0,0,0,0,0,0,0,0,0,0,2.5822434425354,0,2.19566464424133,0.555834114551544,0.503548264503479,4.73018205165863,12.8580701351166,0,0,0,0,0,0,0,0,0,0,0,0,60.3947851657867,37.2913066744804,34.8602151870728,41.9660788178444,39.9143345952034,16.9073460102081,63.6790208816528,73.6648461520672,59.7269249558449,48.5822775959969,16.7397432327271,1.95321625471115,48.0784411430359,40.839078783989,26.2490557432175,29.0887242555618,8.84554678201675,5.5635980963707,61.9231398999691,61.006039083004,315.335886538029,0,155.149353325367,164.345743000507,25.8930380344391,44.6969591379166
0,0,0,0,0,0,0,0,0,0,0,0,0,0,0,0,0,0,0,0,0,0,0,0,0,0,0,0,0,0,0,0,0,0,0,0,1.1667535007,2.20648744702339,0,0,0,0,0,0,0,0,0,2.60726130008698,0,0,0,0,0,0,0,0,0,0,0,0,0,0,0,0,0,0,0,0,0,0,0,2.30574184656143,0.924955725669861,0,1.46447288990021,6.20963236689568,12.6652233600616,15.5922799110413,0,0,0,0,0,0,0,0,0,0,0,0,28.5130957365036,84.1551365852356,46.285149872303,116.328874737024,51.8898242712021,26.756526350975,47.1550652384758,103.338720858097,10.5603417158127,74.4363056123257,15.7353246808052,1.98373943567276,59.5515333414078,97.5939577519894,31.7031817436218,50.0321041345596,6.8175707757473,12.0578988194466,140.310487627983,90.8367936611176,392.812924265862,155.149353325367,0,341.604484438896,39.3945510983467,134.516529142857
0,0,0,0,0,0,0,0,0,0,0,0,0,0,0,0,0,0,0,0,0,0,0,0,0,0,0,0,0,0,0,0,0,0,0,0,1.24776101112366,0,0.520081579685211,0,0,0,0,0,0,0,0.674173772335052,1.93987447023392,0,0,0,0,0,0,0,0,0,0,0,0,0,0,0,0,0,0,0,0,0,0,0.786364555358887,6.18931439518929,0,0,0.64531284570694,1.03381490707397,22.2536913752556,34.5760312974453,0,0,0,0,0,0,0,0,0,0,0,0,27.4173030257225,9.67198479175568,29.9315908551216,26.4499754309654,82.2973163723946,33.1695359945297,20.350777566433,12.2403552532196,16.2030266523361,6.54608571529388,10.4138396382332,5.58189749717712,417.093350023031,197.839945584536,44.2012346386909,42.0589040517807,10.17937707901,6.5032080411911,327.434485137463,194.693871676922,306.230821073055,164.345743000507,341.604484438896,0,439.30176281929,493.864900231361
0,2.46499061584473,0,1.5771689414978,0,0,0,0,0,0,0,0.81073123216629,0,0,0,0,0,0,0,0,0,0,0,0,0,0,0,0,0,0,0,0,0,0,0,0,2.84960758686066,1.39116322994232,0,0,0,0,0,0,0,0.482314109802246,0,1.6609570980072,0,0,0,0,0,0,0,0,0,0,0,0,0,0,0,0,0,0,0,0,0,0,2.14080595970154,11.593583881855,0,0,4.50342869758606,6.31501340866089,14.9932608008385,54.5437834858894,0,0,0,0,0,0,0,0,0,0,0,0,15.217090845108,41.7078859210014,41.7173743247986,134.157760441303,29.6699853241444,37.2533771395683,10.3592675030231,13.6812699139118,3.82260054349899,4.04585412144661,42.166656434536,27.5632842183113,398.813378214836,289.422856837511,103.695980995893,377.669572293758,14.9743297696114,10.8049028217793,92.5984121263027,58.6066339313984,107.075577139854,25.8930380344391,39.3945510983467,439.30176281929,0,113.083838045597
0,1.44265234470367,0,2.38256078958511,0,0,2.03691589832306,1.02587068080902,0,0,0,0.897381782531738,0.474611610174179,0.793721973896027,0,0,0,1.8790534734726,2.3216050863266,3.88156694173813,0,0,0,1.27752351760864,0,0,0,0,0,0,0,0,0,1.23804277181625,1.68668687343597,0,9.76153516769409,3.94056725502014,3.47753655910492,0,0.629369676113129,0,0,0,0,0,0,1.40196627378464,0,0,0,0,0,0,0,0,1.53991317749023,1.29178774356842,0,0,0,0,0,0,0,0,0,0,1.07159447669983,0,8.67273235321045,12.3850069642067,5.78384292125702,2.17154049873352,24.2043584883213,13.0638604164124,74.3988730609417,83.671247959137,0,0,1.20254004001617,0,0,0,0,0,0,0,0,0,28.4850415587425,15.5446243882179,57.3017033934593,47.4033565223217,126.312323838472,34.0420792102814,28.38781234622,4.96282696723938,3.10162138938904,0,22.3351377248764,2.80588829517365,123.165246129036,41.7636928856373,218.515228956938,171.78428158164,34.2492718398571,4.21111834049225,192.285615622997,76.6516881585121,249.170700252056,44.6969591379166,134.516529142857,493.864900231361,113.083838045597,0
