0,127.01885509491,2544.57282090187,95.173833489418,1.65575063228607,0,3835.41000714898,76.4631685018539,4.32488465309143,0,2895.67857414484,0,799.343513309956,0,6.90094310045242,0,213.657676547766,0,1058.86933141947,554.730262160301,0,0,2.10996007919312,0,0,0,0,0,534.707421243191,0,8.87055552005768,2.37862241268158,18.6448490619659,142.473345249891,2.09240162372589,1.24519503116608,524.233080625534,3.5567963719368,92.4014002680779,0,0.749360799789429,0,1.85005211830139,0,2.27405977249146,0,29.8746146559715,0,1.56678307056427,0,123.458726853132,0,197.092744171619,0,6.36070150136948,0,9309.0163680017,6.57353186607361,397.776716351509,0,2294.99448591471,0,214.182583391666,0,301.725901186466,0,137.192664265633,5.96005296707153,1914.39450234175,52.6331850886345,2804.66399672627,104.444342464209,1670.20386597514,10.4398247599602,867.115506768227,0.841937303543091,3604.2583103776,251.90763348341,7.93255358934402,0,96.1533405184746,0,63.8474597930908,0,1957.33322930336,0,0,0,566.00868833065,0,0,0,0,0,173.232598721981,1.46263062953949,43.981348156929,0,1.81910479068756,0,0,0,0,0,3.78958034515381,0,3.66515815258026,0,12.0906866788864,12.6961125135422,0,0,0,0,0,5.81266897916794
127.01885509491,0,17.3024806380272,3322.49235543609,0,0,3.95569390058517,4779.93716073036,0,7.97211867570877,2.65980964899063,2970.89474114776,0,509.424567937851,0,10.6045760512352,0,660.563370198011,398.569302350283,624.241193711758,0,0,0,13.4735212624073,0,0,0,0,2.94555634260178,96.6084151268005,5.48765367269516,21.2421829104424,68.5836854875088,101.154343336821,0,3.3070342540741,1.04571890830994,96.815907895565,0,106.265930950642,0,1.81331765651703,0,1.31345891952515,0,3.7016407251358,1.58591258525848,50.5119428038597,0,2.98731291294098,0,11.1688565611839,0,0,0,2.36173415184021,7.84650871157646,10379.7920877337,0,389.64956125617,0,2362.80077981949,0,875.637768954039,0,744.312604695559,20.7906947135925,39.2063081264496,187.571394473314,570.811128795147,136.674904853106,3839.88970220089,48.2039108872414,1926.36470499635,4.95567122101784,668.192936420441,452.790081769228,4735.88012987375,0,4.46816504001617,0,118.957682013512,0,0,0,588.088203042746,0,0,0,56.2723127007484,0,0,0,0,1.95348119735718,234.41871419549,9.08304059505463,3.43102657794952,0,0,0,0,0,0,0,0,0,0.438210338354111,5.19698345661163,11.5741934776306,0,0,0,0,0,0
2544.57282090187,17.3024806380272,0,420.187685400248,1129.43864879012,22.4035281538963,12845.8590856493,289.445437937975,630.505341440439,15.2686561346054,712.99134889245,9.34539633989334,892.4632845819,24.8202625513077,103.969716221094,1.0059689283371,103.189175695181,0,2359.92370218039,417.29054698348,1.1530576646328,6.15921795368195,2799.16940018535,868.051130771637,150.829294592142,23.5721045732498,22.5126528441906,2.22959244251251,497.622894138098,0.902742981910706,258.746303349733,271.687955617905,85.6315370202065,184.827298492193,5.82690760493279,0.868411421775818,62.666495680809,0,1.60116362571716,0,0.985911846160889,0,0,0,0,0,22.1266501843929,0,0,0,10.0647695064545,0,7.94976139068604,0,0,0,143.769634127617,0,108.981992304325,0,62.4111917614937,0,15.6675091981888,0,49.7270179390907,0,76.4448908269405,0,144.448605656624,0.694654643535614,2045.73278710246,305.360773473978,1118.18187353015,59.1604970097542,229.401122391224,8.47375863790512,1326.89152902365,46.1205520629883,1.17693692445755,0,14.9476321041584,0,109.717161506414,0,79.5402891039848,0,0.589778780937195,0,8.07634201645851,0,0,0,0,0,29.6869060099125,0,0,0,0,0,0,0,0,0,0,0,0,0,3.1854459643364,5.21078914403915,0,0,0,0,0,0
95.173833489418,3322.49235543609,420.187685400248,0,122.813136011362,1394.5431137979,345.799449682236,14865.8686983287,165.778541833162,603.620061904192,31.5010116100311,652.948738008738,85.741360783577,639.779064029455,19.1725957393646,93.5132330954075,1.9567791223526,201.005842238665,1043.32887813449,2859.72887554765,0.690079152584076,11.9988217055798,720.153333991766,3185.28315880895,144.945527017117,279.414074391127,35.7065476179123,48.8072898387909,70.2567571103573,118.005773365498,247.778878480196,358.13822889328,64.0596339702606,244.386794626713,5.58921760320663,1.70063638687134,1.51787972450256,70.4853219389915,0,11.961291372776,0,1.93158918619156,0,10.7214303016663,0,0,0,50.478814214468,0,4.11673223972321,0,33.0989751815796,0,0,0,2.87679576873779,3.45562720298767,555.866552561522,0,184.786373704672,0,88.9149916768074,0,95.7621668577194,0,90.3914890289307,0.727115511894226,216.342840701342,54.6854514479637,79.6928797364235,937.843532264233,2670.55907869339,330.727357029915,1588.37613987923,24.5279039740562,550.187735617161,200.71005859971,2349.70487767458,0,8.02453112602234,0,19.7411454617977,4.46039545536041,0,0,22.3579797744751,0,0,0,0,0,0,0,0,0,87.7853724956512,0,0,0,0,0,0,0,0,0,0,0,0,1.88112691044807,12.1780806779861,0,0,0,0,0,0
1.65575063228607,0,1129.43864879012,122.813136011362,0,67.9131064713001,300.078998446465,17.6787209510803,2458.60564276576,20.3014188706875,1.70868474245071,0,24.1071580052376,0,2345.76499512792,4.35072469711304,0,0,42.6459482610226,0,132.578512132168,27.1485258340836,300.971156448126,271.44078040123,292.913060307503,145.644110023975,883.657090723515,51.735799074173,356.558227270842,0.704922556877136,166.994891136885,186.642817437649,17.4648318588734,16.4251292943954,2.19948107004166,0,18.2625998854637,0.901886820793152,0,0,55.5026469826698,1.04974627494812,0,0,0,0,4.31207025051117,0,0.546173214912415,0,1.80618190765381,0,0,0,0,0,0,0,0,0,0,0,0,0,0,0,0,0,0,0,770.659266144037,89.2380784451962,652.527116626501,15.5838112235069,11.0826130211353,0,34.4278923273087,0,0,0,2.61346489191055,0,40.400956004858,0,16.8970076739788,0,32.4080242812634,0,31.4460145235062,0,0,0,0,0,0,0,0,0,0,0,0,0,0,0,0,0,0,0,0,0,0,0,0,0,0,0
0,0,22.4035281538963,1394.5431137979,67.9131064713001,0,8.73320746421814,522.927431762218,37.286014854908,3119.93640208244,0,12.0533043444157,1.07317221164703,24.3585857152939,13.1935178935528,1715.61140021682,0,1.70833086967468,0,6.18923407793045,16.0383561849594,519.236399799585,96.0739976465702,166.330006897449,95.6626885831356,1016.88583090901,69.1189194917679,1930.74925285578,4.71183478832245,219.296719640493,75.135593265295,227.120836764574,1.69963586330414,8.60241904854774,0,0.558925986289978,0,13.8886586725712,0,0,1.07035887241364,226.607455581427,0,0,0,0,0,1.65246546268463,0,0,0,0,0,0,0,1.93973010778427,0,0,0,0,0,0,0,0,0,0,0,0,0,0,193.869868844748,1117.07967093587,6.03724122047424,1064.92320561409,0,59.6739956438541,0,115.669614315033,0,0,0,6.77362638711929,0,94.6033547818661,0,20.6107591986656,0,23.7980045080185,0,7.83159449696541,0,0,0,0,0,0.418427169322968,0,0,0,0,0,0,0,0,0,0,0,0,0,0,0,0,0,0,0,0
3835.41000714898,3.95569390058517,12845.8590856493,345.799449682236,300.078998446465,8.73320746421814,0,253.086839586496,1393.01551452279,0.90901392698288,1892.48099678755,24.0699073076248,3713.15398624539,13.3941817879677,91.9373669922352,0,35.5159438848495,1.43965566158295,877.510257005692,292.470834195614,0,1.63475453853607,295.805625975132,664.922455579042,9.72578805685043,0,1.5859808921814,0,235.867778778076,1.46611404418945,133.251423329115,154.508026778698,23.4217078387737,126.924844801426,4.39436066150665,0,37.6544933021069,0,6.78404951095581,0,0,0,0,0,0,0,20.7157656550407,0,0,0,105.252227425575,0,83.8202317357063,0,0,0,132.653226852417,0,36.940871566534,0,338.860690414906,0,21.214674115181,0,210.289938181639,0,8.7135511636734,0,30.5256459414959,0,3287.55751159787,329.785520404577,569.368375301361,33.9001886844635,118.617399424314,2.87089049816132,891.916823685169,24.0639210939407,0,0,10.6499267816544,0,42.9287732243538,0,603.516242802143,0,0,0,243.66329434514,0,0,0,0,0,14.3110427260399,1.5838109254837,0,0,0,0,0,0,0,0,0,0,0,0,2.61030930280685,0,0,0,0,0,0,0
76.4631685018539,4779.93716073036,289.445437937975,14865.8686983287,17.6787209510803,522.927431762218,253.086839586496,0,46.9193877577782,1020.24647501111,26.6625634431839,3146.45692253113,50.5215159058571,3826.30307275057,3.51754981279373,107.259811908007,0,256.66133877635,593.091932564974,409.818613916636,3.82332623004913,0.687186896800995,326.214178919792,469.254635363817,6.67609447240829,43.5827202498913,3.99960887432098,6.54720336198807,27.1970196962357,140.408736616373,89.8840111494064,123.327287167311,16.3650951981544,32.3704417943954,0,0,0,44.8216450810432,0,17.1459687948227,0,3.8247674703598,0,0,0,0.754164040088654,0,63.5477866828442,0,0,0,7.51031178236008,0,0,0,0,0.688026428222656,418.53873282671,0,131.791169404984,0,878.850626081228,0,277.218421280384,0,600.405188828707,0,38.8844012022018,15.2732625007629,10.7838210463524,652.707442700863,4634.41805133224,179.962425857782,1497.18367090821,23.8200110793114,539.820903688669,123.109461098909,2812.81099629402,0,6.48840397596359,0,37.0875195264816,0,0,0,364.319397866726,0,0,0,29.2290675640106,0,0,0,0,0,50.2284557521343,0,0,0,0,0,0,0,0,0,1.27200877666473,0,0,5.65174621343613,7.79033440351486,0,0,0,0,0,0
4.32488465309143,0,630.505341440439,165.778541833162,2458.60564276576,37.286014854908,1393.01551452279,46.9193877577782,0,23.0701986253262,23.3062942922115,0,786.02606806159,2.5094108581543,3076.64140719175,3.76948726177216,0.63474702835083,0,55.5317108333111,0,25.3078467547894,8.39169579744339,281.749833732843,328.986542463303,80.6136570870876,75.3872253894806,196.992435187101,26.904952943325,227.904371440411,0.964629828929901,108.103426665068,155.953179806471,14.6401882171631,26.5145396590233,1.6440142095089,0,10.1240137517452,0,0,0,22.3495045900345,0,0,0,0,0,1.21369072794914,0,0,0,0,0,0,0,0,0,0,0,0,0,0,0,0,0,0,0,0.281213253736496,0,0,0,1189.90952208638,95.648212313652,986.439937412739,18.3358927071095,36.6329782009125,0,177.468969583511,0,0,0,1.35674893856049,0,38.9534986615181,0,6.40413582324982,0,22.6652061343193,0,23.3029510378838,0,0,0,0,0,0.518350481987,0,0,0,0,0,0,0,0,0,0,0,0,0,1.31698337197304,0.717622756958008,0,0,0,0,0,0
0,7.97211867570877,15.2686561346054,603.620061904192,20.3014188706875,3119.93640208244,0.90901392698288,1020.24647501111,23.0701986253262,0,0,62.6749459505081,1.13297402858734,459.967606723309,4.68148845434189,1985.61915242672,0,27.7509260773659,0,11.5885552465916,3.39246422052383,67.812871336937,45.62555539608,90.7203034162521,23.4705727696419,220.464001893997,10.6587502360344,374.928326964378,0.539573013782501,88.0309900045395,15.7309454083443,70.0908771157265,0,5.84135085344315,0,0,0,12.7150181531906,0,0,0,50.2967662513256,0,0,0,0,0,1.57701104879379,0,0,0,0,0,0,0,0.695804417133331,0,0,0,0,0,0,0,5.19879776239395,0,0,0,3.33335447311401,0,0,73.9428677558899,970.476775288582,7.48491591215134,1199.4557184577,1.41603493690491,138.475421965122,0,293.57010397315,0,0,0,2.71448081731796,0,8.76927277445793,0,5.9793564081192,0,6.52821123600006,0,0.628551542758942,0,0,0,0,0,2.01933422684669,0,0,0,0,0,0,0,0,0,0,0,0,0,0.919307470321655,0,0,0,0,0,0
2895.67857414484,2.65980964899063,712.99134889245,31.5010116100311,1.70868474245071,0,1892.48099678755,26.6625634431839,23.3062942922115,0,0,1.95118087530136,3358.5386120379,0,44.399361461401,0,511.039510846138,0,711.366718679667,115.150936543941,0,0,15.4341704845428,17.6358912587166,0,0,0,0,670.92992156744,0,33.9265239238739,41.7868219017982,12.1666312217712,42.6460845470428,2.41460788249969,0.798895001411438,24.9103296995163,0,0,0,0,0,0,0,0,0,4.65218248963356,0,0,0,0,0,5.19187635183334,0,0,0,227.742634356022,0,23.7222063839436,0,495.906577080488,0,496.776263803244,0,5.25689202547073,0,6.14987403154373,0,98.9580653011799,0,864.882735997438,54.3536873459816,299.918404698372,3.10356497764587,63.785710722208,1.43412482738495,410.778901964426,14.3583323955536,19.1476527452469,0,383.942169547081,0,180.448280930519,0,1175.21661743522,0,0,0,59.5035561323166,0,0,0,0,0,8.72160112857819,0,0,0,0,0,0,0,0,0,0,0,0,0,0,1.27228808403015,0,0,0,0,0,0
0,2970.89474114776,9.34539633989334,652.948738008738,0,12.0533043444157,24.0699073076248,3146.45692253113,0,62.6749459505081,1.95118087530136,0,2.77953231334686,4411.08605852723,0,188.270476251841,0,1727.16561201215,83.4427745342255,410.465968906879,0,0,18.8579048812389,151.623636931181,0,4.01034128665924,0,2.26252013444901,3.74033725261688,1077.21208691597,19.1013860106468,18.3868624567986,3.53985035419464,34.4284663200378,0,0,0,15.5734130144119,0,1.93576419353485,0,0,0,0,0,0,0,12.0199341773987,0,0,0,0,0,0,0,0,0,154.288511991501,0,36.7061587274075,0,794.674678325653,0,916.425057053566,0,225.319472432137,0,20.2186999320984,0,7.4729700088501,88.3760778903961,1383.4256786406,9.41958296298981,883.329458445311,0,153.04162466526,13.2721588611603,554.384865611792,0,3.90962696075439,0,228.161535263062,0,0,0,335.797577798367,0,0,0,5.36042630672455,0,0,0,0,0,14.8431271016598,0,0,0,0,0,0,0,0,0,0,0,0,0,6.86933732032776,0,0,0,0,0,0
799.343513309956,0,892.4632845819,85.741360783577,24.1071580052376,1.07317221164703,3713.15398624539,50.5215159058571,786.02606806159,1.13297402858734,3358.5386120379,2.77953231334686,0,1.95764493942261,2014.65761658549,0,104.41995164752,0,782.678491920233,77.5078428685665,0,0,229.547894120216,180.382636100054,5.29727554321289,1.70824074745178,0,0,2533.13637566566,0,103.574349522591,114.99802583456,31.4014039337635,63.549616754055,2.69371104240417,0,13.7724083662033,0,3.00930953025818,0,1.42781203985214,0,0,0,0,0,11.4537940621376,0,0,0,0,0,0,0,0,0,80.4550215005875,0,11.4215272665024,0,44.1300747394562,0,126.318427890539,0,0,0,9.77562654018402,0,67.4300483465195,0,2354.13162013888,133.137155950069,1187.31403854489,8.79408144950867,100.463399797678,4.21421313285828,892.582342654467,2.39344537258148,3.58322066068649,0,99.9686141908169,0,74.4021181762218,0,205.788947761059,0,7.60063233971596,0,6.8082572221756,0,0,0,0,0,11.1732189357281,0,0,0,0,0,0,0,0,0,0,0,0,0,0.655182182788849,0,0,0,0,0,0,0
0,509.424567937851,24.8202625513077,639.779064029455,0,24.3585857152939,13.3941817879677,3826.30307275057,2.5094108581543,459.967606723309,0,4411.08605852723,1.95764493942261,0,0,1466.13120937347,0,234.276562094688,7.98211926221848,237.921702325344,0,0.591085493564606,16.3387169837952,225.411515057087,2.10282200574875,14.789102524519,0,7.36983984708786,4.37815898656845,980.214488685131,23.9502060413361,34.8748693168163,0,27.3064432740211,0,0,0,7.04754316806793,0,1.88531410694122,0,2.60426038503647,0,0,0,0,0,15.1424001455307,0,0,0,0.689049065113068,0,0,0,0,0,28.7924639582634,0,0.842924535274506,0,189.797363102436,0,363.321337521076,0,68.1549270153046,0,9.76895606517792,0,1.71361780166626,83.0637794733047,1139.82450866699,4.72786295413971,1309.45152696967,0,212.051565736532,0,492.261205226183,0,5.9821725487709,0,112.140349686146,0,0,0,57.2065172791481,0,0.436898618936539,0,0,0,0,0,0,0,6.61737442016602,0,0,0,0,0,0,0,0,0,0,0,0,0,0,0,0,0,0,0,0
6.90094310045242,0,103.969716221094,19.1725957393646,2345.76499512792,13.1935178935528,91.9373669922352,3.51754981279373,3076.64140719175,4.68148845434189,44.399361461401,0,2014.65761658549,0,0,4.983851313591,8.61741727590561,0,27.2491411566734,0.672424256801605,127.53490331769,27.4224336743355,185.268440574408,63.2895787060261,225.357435643673,56.2091141343117,693.848718196154,25.7571322619915,2173.45701575279,0,117.953156143427,96.2469650804996,14.0803845226765,5.38637220859528,0,0,39.5018673539162,0,6.35619455575943,0,94.7542028129101,0,0,0,0,0,12.1870076060295,0,0,0,0,0,0,0,3.12721198797226,0,0.663417637348175,0,0,0,0,0,0.741570353507996,0,0,0,0,0,0,0,1208.66543960571,33.8087566494942,2707.99628657103,2.3555888235569,81.5953591763973,0,401.522698462009,0,0,0,8.96385091543198,0,256.346769988537,0,58.7574884295464,0,130.194910258055,0,128.465042114258,0,0,0,0,0,2.58409529924393,0,0,0,0,0,0,0,0,0,0,0,0,0,1.53839534521103,0,0,0,0,0,0,0
0,10.6045760512352,1.0059689283371,93.5132330954075,4.35072469711304,1715.61140021682,0,107.259811908007,3.76948726177216,1985.61915242672,0,188.270476251841,0,1466.13120937347,4.983851313591,0,0,98.7638019919395,0,11.0590083301067,10.3922701478004,281.052095085382,11.1175275444984,73.1655924916267,23.9244491159916,155.701850056648,23.844933539629,527.550703346729,1.74534744024277,2732.87385076284,13.0915067791939,123.592728227377,0,1.6459059715271,0,0,0,32.4938851594925,0,0.557385921478271,0.631364762783051,222.66207587719,0,2.11590349674225,0,0,0,3.8954553604126,0,0,0,0,0,0,0,4.81747901439667,0,6.50898307561874,0,0,0,0.613136649131775,0,11.330844938755,0,0,0,3.75827008485794,0,0,49.0293732881546,791.577994465828,1.12533581256866,3149.67248901725,0,160.411863923073,0,229.180209368467,0,1.03644442558289,0,27.9764557182789,0,134.611779630184,0,51.2275287508965,0,52.0597998201847,0,19.6546530425549,0,0,0,0,0,4.93367031216621,0,0,0,0,0,0,0,0,0,0.384276628494263,0,0,0.469158738851547,0,0,0,0,0,0,0
213.657676547766,0,103.189175695181,1.9567791223526,0,0,35.5159438848495,0,0.63474702835083,0,511.039510846138,0,104.41995164752,0,8.61741727590561,0,0,0,102.749083936214,8.4288769364357,0,0,0.955121546983719,1.25742733478546,0,0,0,0,2659.53590545058,0,2.20506644248962,0,4.36461174488068,11.7611941099167,0.464586198329926,1.41456633806229,10.0881970524788,1.42562675476074,0,0,0,0,1.06111025810242,0,5.92435908317566,0,0,0,4.90883898735046,0,21.7035135924816,0,2.93098056316376,0,1.76404762268066,0,1597.64580652118,0,84.5545604526997,0,591.691726118326,0,1797.17866665125,0,11.1895421147346,0,18.6174284219742,2.77455067634583,39.0444467365742,1.97099903225899,92.6515244841576,6.45405369997025,179.801360368729,0,26.3375257849693,0,137.335534214973,7.08332365751266,648.323260068893,0,1445.26324984431,1.2052766084671,324.491943597794,0,365.07041156292,0,0.584378898143768,0,23.2404906749725,0,0,0,0,0,12.7076990008354,0,0,0,0,0,0,0,0,0,0,0,0,0,0,0,0,0,0,0,0,0
0,660.563370198011,0,201.005842238665,0,1.70833086967468,1.43965566158295,256.66133877635,0,27.7509260773659,0,1727.16561201215,0,234.276562094688,0,98.7638019919395,0,0,17.9317464232445,131.897962868214,0,0,0,40.0338824391365,0,1.23760604858398,0,0,0,2492.0792850554,5.77823251485825,1.40182545781136,4.63517385721207,18.0592635571957,2.4408455491066,0,0,8.22405385971069,0,1.11544764041901,0,0,0,0,0,0,0,4.68752437829971,0,0,0,0,0,0,0,0,0,2375.98648843169,0,46.362298220396,0,508.709271192551,0,3500.23320263624,0,61.7503867447376,0,12.1331520080566,0,44.7399623692036,18.5947837233543,373.244494825602,0,1685.59011724591,0,57.8524503111839,9.29296109080315,231.927578568459,0,142.775182574987,0,838.582577943802,0,3.93608474731445,0,265.137050688267,0,0,0,1.84492921829224,0,0,0,0,0,4.95429265499115,0,0,0,0,0,0,0,0,0,0,0,0,0,0,0,0,0,0,0,0
1058.86933141947,398.569302350283,2359.92370218039,1043.32887813449,42.6459482610226,0,877.510257005692,593.091932564974,55.5317108333111,0,711.366718679667,83.4427745342255,782.678491920233,7.98211926221848,27.2491411566734,0,102.749083936214,17.9317464232445,0,4921.46312689781,0.541833341121674,1.46516191959381,1900.86667710543,672.823343008757,27.0934590101242,0,6.63407695293427,0,617.779803216457,1.90804249048233,913.077236115932,482.451153039932,2873.17883899808,1192.2362613976,31.4316418766975,5.79494297504425,117.919652611017,3.03581595420837,16.7937000989914,1.86153197288513,0,0,16.9762533605099,2.08777892589569,6.11260229349136,0,48.5915403068066,1.69176307320595,0,0,6.32963049411774,0,1.07971227169037,0,0,0,176.119943618774,17.0686954259872,423.374323278666,0.770730137825012,28.2293704152107,0,15.0046064257622,0,26.6068540215492,0,1662.55179521441,48.7813859581947,2716.36396431923,107.267172604799,2140.09819826484,859.528484880924,1362.7500872314,248.332118153572,411.931761234999,86.5683459937572,2613.55732163787,764.351247936487,0.582852482795715,0,6.70516955852509,0,161.400247514248,0,18.6290792524815,0,0,0,0,0,0,0,0,0,79.0392570495605,0,8.2165624499321,0,0,0,0,0,0,0,0,0,0,0,4.39459580183029,5.94818812608719,0,0,0,0,0,0
554.730262160301,624.241193711758,417.29054698348,2859.72887554765,0,6.18923407793045,292.470834195614,409.818613916636,0,11.5885552465916,115.150936543941,410.465968906879,77.5078428685665,237.921702325344,0.672424256801605,11.0590083301067,8.4288769364357,131.897962868214,4921.46312689781,0,0,1.48271226882935,121.213872820139,1769.1682163775,0,25.8507878780365,2.01884698867798,1.11638832092285,152.221712589264,60.6677735447884,357.362423539162,457.601273357868,394.496918320656,5923.53177678585,3.81254237890244,5.1503227353096,7.25907737016678,49.4965261816978,0,6.99524700641632,0,1.61238861083984,0,13.7244188189507,0,2.42257517576218,0,43.2699965536594,0,5.91846007108688,0,29.1565387248993,0,0,0,0,37.6545333266258,844.555393248796,2.64078164100647,225.577527552843,0,17.1257944107056,0,33.0917986631393,0,49.644115537405,37.2023898363113,1294.00950545073,602.088208884001,3272.08702814579,1023.22298794985,1412.10822477937,550.93859910965,694.306389570236,113.821783065796,421.081955969334,878.662064313889,1966.40112510324,0,3.70450639724731,0,10.6171343922615,15.4708547592163,0,0,7.01042115688324,0,0,0,0,0,0,0,0,0,93.1851884126663,0,0,0,0,0,0,0,0,0,0,0,0,3.99413096904755,9.74652814865112,0,0,0,0,0,0
0,0,1.1530576646328,0.690079152584076,132.578512132168,16.0383561849594,0,3.82332623004913,25.3078467547894,3.39246422052383,0,0,0,0,127.53490331769,10.3922701478004,0,0,0.541833341121674,0,0,73.4372010231018,76.0695380270481,48.6944044828415,169.252090662718,54.225097745657,1140.36072036624,32.9721922576427,37.7900660037994,0.824159443378448,1188.55814471841,168.322367668152,37.6446806192398,2.27320620417595,12.5752404630184,0,27.9269160032272,0.997969090938568,2.01861280202866,0,122.061926484108,5.31235104799271,2.8253276348114,0,0,0,4.02117085456848,0,0,0,0,0,3.37618732452393,0,0,0.827350318431854,0,0,0,0,2.64602106809616,0,0,0,0,0,5.46979039907455,0,0,0,797.722390770912,32.1901654005051,85.5873355567455,4.829410135746,50.316247522831,0,25.9221624135971,0,0,0,0,0,4.2887334227562,0,6.22114640474319,0,7.45965319871902,0,25.987396389246,0,1.04054963588715,0,0,0,0.542584538459778,0,0,0,2.69529497623444,0,0,0,0,0,0,0.688052833080292,0,0,0.706850111484528,0,0,0,0,0,0,0
0,0,6.15921795368195,11.9988217055798,27.1485258340836,519.236399799585,1.63475453853607,0.687186896800995,8.39169579744339,67.812871336937,0,0,0,0.591085493564606,27.4224336743355,281.052095085382,0,0,1.46516191959381,1.48271226882935,73.4372010231018,0,23.4728455841541,55.2314966917038,22.411015689373,413.060077190399,77.6560116708279,2593.3872693181,7.64076554775238,179.243667185307,64.3377613425255,1207.48592355847,3.94717693328857,6.9842541217804,0.550733208656311,3.35355365276337,1.34216129779816,5.85369938611984,0,2.74179553985596,1.03470277786255,285.098269939423,0,0,0,0,0,1.20885261893272,0,0,0,0,0,0,0,0,0,0,0,0,0,0,0,0,0,0,0,2.78990650177002,0,0,158.345638781786,371.781694293022,7.93567842245102,228.589632511139,0,12.4948946833611,0,15.2521200180054,0,0,0,0.751840651035309,0,84.1978428065777,0,3.28288292884827,0.577248811721802,10.9291982650757,0,2.25910574197769,0,0,0,0,0,1.20904910564423,0,0,0,0,0,0,0,0,0,0,0,0,0,0,0,0,0,0,0,0
2.10996007919312,0,2799.16940018535,720.153333991766,300.971156448126,96.0739976465702,295.805625975132,326.214178919792,281.749833732843,45.62555539608,15.4341704845428,18.8579048812389,229.547894120216,16.3387169837952,185.268440574408,11.1175275444984,0.955121546983719,0,1900.86667710543,121.213872820139,76.0695380270481,23.4728455841541,0,2185.52334156632,1032.681707412,232.344149827957,382.45057529211,44.7657819092274,189.311841458082,2.67034149169922,4035.22882091999,1037.54434725642,1206.78646457195,346.731478154659,176.557060688734,0,2.61200404167175,0,0,0,4.45744624733925,0,24.0778775215149,0,3.8721267580986,0,7.88212883472443,0,0,0,0,0,0,0,0,0,0,0,0.84934788942337,0,0,0,0,0,0,0,228.428557872772,0,5.76706326007843,0,1474.79584786296,419.078164756298,544.728005409241,81.1801812648773,46.908479064703,5.06917589902878,228.598437786102,6.10855263471603,0,0,0,0,2.56009584665298,0,0,0,0,0,0.349792033433914,0,0,0,0,0,3.03011161088943,0,0,0,0,0,0,0,0,0,0,0,0,0,0,0,0,0,0,0,0,0
0,13.4735212624073,868.051130771637,3185.28315880895,271.44078040123,166.330006897449,664.922455579042,469.254635363817,328.986542463303,90.7203034162521,17.6358912587166,151.623636931181,180.382636100054,225.411515057087,63.2895787060261,73.1655924916267,1.25742733478546,40.0338824391365,672.823343008757,1769.1682163775,48.6944044828415,55.2314966917038,2185.52334156632,0,520.017995625734,2620.63548085093,171.619142323732,318.916398644447,91.8406717479229,61.6090754568577,781.450349807739,2739.89207920432,59.5440907478333,1833.80832573771,0,7.37842503190041,1.17564964294434,1.34012424945831,0,0.541519582271576,0,2.79198718070984,0,1.36685472726822,0,0,0,14.9738389849663,0,0,0,0,0,0,0,0,0,9.89705848693848,0,1.90997844934464,0,0,0,9.46406590938568,0,0,0,87.9531258642673,0,2.35284924507141,1238.78290933371,1526.30710920691,609.775633215904,699.598255485296,25.2868320345879,197.517987936735,45.1613924205303,708.894461929798,0,0,0,4.0018362402916,1.15534043312073,0.820920705795288,0,0,0,0,0,0,0,0,0,0,0,9.17046111822128,0,0,0,0,0,0,0,0,0,0,0,0,0,0,0,0,0,0,0,0
0,0,150.829294592142,144.945527017117,292.913060307503,95.6626885831356,9.72578805685043,6.67609447240829,80.6136570870876,23.4705727696419,0,0,5.29727554321289,2.10282200574875,225.357435643673,23.9244491159916,0,0,27.0934590101242,0,169.252090662718,22.411015689373,1032.681707412,520.017995625734,0,422.439175486565,1336.23675128818,127.958865910769,68.7492174804211,1.4345144033432,577.987928509712,305.581429839134,42.228313267231,8.71223485469818,2.6135665178299,0,3.65257322788239,0,0,0,12.4200661182404,0,0,0,0,0,0,0,0,0,0,0,0,0,0,0,0,0,0,0,0,0,0,0,0,0,0,0,0,0,425.847083479166,124.006972074509,178.170090764761,14.528239607811,3.35588133335114,0,2.4630623459816,0,0,0,0,0,5.25969907641411,0,1.82012212276459,0,2.41478928923607,0,2.23963588476181,0,0,0,0,0,0,0,0,0,0,0,0,0,0,0,0,0,0,0,0,0,0,0,0,0,0,0
0,0,23.5721045732498,279.414074391127,145.644110023975,1016.88583090901,0,43.5827202498913,75.3872253894806,220.464001893997,0,4.01034128665924,1.70824074745178,14.789102524519,56.2091141343117,155.701850056648,0,1.23760604858398,0,25.8507878780365,54.225097745657,413.060077190399,232.344149827957,2620.63548085093,422.439175486565,0,290.461204707623,2265.02240982652,6.38008579611778,13.4136082231998,258.247243225574,677.658694535494,10.4172795414925,84.4949077367783,0,0,0,0.516178369522095,0,0,1.03708446025848,17.4247623383999,0,0,0,0,0,0.924530863761902,0,0,0,0,0,0,0,0,0,0,0,0,0,0,0,0,0,0,0,0,0,0,286.003930360079,700.370322793722,15.6015622019768,297.411466002464,0,25.7204529941082,0,35.5515584945679,0,0,0,0.379949867725372,0,0.921880960464478,0,1.73537114262581,0,0,0,0,0,0,0,0,0,0,0,0,0,0,0,0,0,0,0,0,0,0,0,0,0,0,0,0,0,0
0,0,22.5126528441906,35.7065476179123,883.657090723515,69.1189194917679,1.5859808921814,3.99960887432098,196.992435187101,10.6587502360344,0,0,0,0,693.848718196154,23.844933539629,0,0,6.63407695293427,2.01884698867798,1140.36072036624,77.6560116708279,382.45057529211,171.619142323732,1336.23675128818,290.461204707623,0,271.764682948589,162.749694019556,0.707538902759552,655.616347908974,316.425725758076,28.1845323741436,1.96758371591568,2.75791376829147,0,36.0366974473,5.56644064188004,9.43810093402863,0,19.0342884659767,1.03328573703766,0.47924867272377,0,0,0,0,0,0,0,0,0,0,0,0,0,0,0,0,0,0,0,0,0,0,0,0,0,0,0,568.365116089582,105.418006569147,166.04095697403,9.91484767198563,6.55590564012527,0,4.91304296255112,0,0,0,0,0,8.58171993494034,0,1.07950115203857,0,12.0737591981888,0,6.89998406171799,0,0,0,0,0,0.61223578453064,0,0.849037826061249,0,0,0,0,0,0,0,0,0,0,0,0,0,0,0,0,0,0,0
0,0,2.22959244251251,48.8072898387909,51.735799074173,1930.74925285578,0,6.54720336198807,26.904952943325,374.928326964378,0,2.26252013444901,0,7.36983984708786,25.7571322619915,527.550703346729,0,0,0,1.11638832092285,32.9721922576427,2593.3872693181,44.7657819092274,318.916398644447,127.958865910769,2265.02240982652,271.764682948589,0,8.54861626029015,73.1929417848587,55.4961445629597,383.962224751711,0.606508910655975,25.8941705226898,0,0.359998881816864,3.89965534210205,33.7616770863533,2.47017073631287,0,3.35225999355316,128.567067354918,0,1.0589314699173,0,0,0.87739223241806,1.92184871435165,0,0,0,0,0,0,0,0,0,0,0,0,0,0,0,0,0,0,0,0.59049528837204,0,0,209.047608822584,860.794821590185,5.05245321989059,615.081909418106,2.04855626821518,21.6167952716351,1.05278325080872,31.0637392103672,0,0,0,3.80920970439911,0,40.8297739326954,0,6.70337414741516,0.905491054058075,6.82111096382141,0,5.44119656085968,0,0,0,0,0,0,0,0,0,0,0,0,0,0,0,0,0,0,0,0,0,0,0,0,0,0
534.707421243191,2.94555634260178,497.622894138098,70.2567571103573,356.558227270842,4.71183478832245,235.867778778076,27.1970196962357,227.904371440411,0.539573013782501,670.92992156744,3.74033725261688,2533.13637566566,4.37815898656845,2173.45701575279,1.74534744024277,2659.53590545058,0,617.779803216457,152.221712589264,37.7900660037994,7.64076554775238,189.311841458082,91.8406717479229,68.7492174804211,6.38008579611778,162.749694019556,8.54861626029015,0,0.588987350463867,105.476127684116,87.082257270813,35.4449220001698,78.7262912392616,17.6261867880821,15.3232644796371,195.288709253073,10.8379082679749,26.1847867965698,0,521.570940226316,0,132.626816630363,3.27526533603668,85.7914863228798,0,178.665494710207,0,155.288320362568,0,237.942772120237,0,62.2051775753498,0,43.3076823651791,0,864.263708561659,4.37090665102005,433.155265808105,1.75206756591797,308.941751807928,1.52661633491516,975.458872139454,0,65.5687849223614,0,204.466703146696,14.1947308778763,157.580372095108,3.06618213653564,825.874182909727,66.4378560781479,1842.63739666343,7.54839310050011,107.593132138252,1.87769150733948,636.994430154562,10.6511212587357,366.85822480917,0,1315.36622202396,0,2141.1062592864,0,666.120958507061,0,542.865292876959,0,411.565450906754,0,0.882050216197968,0,1.88818073272705,0,31.1034203767776,2.34625542163849,4.12521743774414,0,11.5830805301666,0,1.94905805587769,0,1.96541488170624,0,4.71449017524719,0,1.50367975234985,0,4.17354792356491,0,0,0,0,0,0,0
0,96.6084151268005,0.902742981910706,118.005773365498,0.704922556877136,219.296719640493,1.46611404418945,140.408736616373,0.964629828929901,88.0309900045395,0,1077.21208691597,0,980.214488685131,0,2732.87385076284,0,2492.0792850554,1.90804249048233,60.6677735447884,0.824159443378448,179.243667185307,2.67034149169922,61.6090754568577,1.4345144033432,13.4136082231998,0.707538902759552,73.1929417848587,0.588987350463867,0,6.13584780693054,17.6859623193741,1.38405549526215,8.41577070951462,3.63001990318298,4.26155596971512,0.968932330608368,50.0818493664265,0,9.68480348587036,0,463.36672359705,4.44279396533966,44.406775534153,0,26.8312873244286,0,59.7594926655293,0,25.1991653442383,0,34.2979425787926,0,19.8429826498032,0,15.2934952974319,0,141.051252484322,0,50.8151288330555,0,78.9161032140255,0,390.901846200228,0,59.827992528677,0,32.6874330937862,0,9.82361328601837,18.632576584816,259.679990202188,1.05364096164703,4780.66143086553,0,40.2808493077755,7.44387501478195,75.2000996172428,0,213.813775807619,0,742.103851377964,0,867.877153426409,0,209.400036245584,0,89.3080206513405,0,44.8201018571854,0,1.61439788341522,0,0,0,2.68800699710846,0,0,0,1.35828047990799,0,0,0,0,0,0,0,0,0,0,0,0,0,0,0,0
8.87055552005768,5.48765367269516,258.746303349733,247.778878480196,166.994891136885,75.135593265295,133.251423329115,89.8840111494064,108.103426665068,15.7309454083443,33.9265239238739,19.1013860106468,103.574349522591,23.9502060413361,117.953156143427,13.0915067791939,2.20506644248962,5.77823251485825,913.077236115932,357.362423539162,1188.55814471841,64.3377613425255,4035.22882091999,781.450349807739,577.987928509712,258.247243225574,655.616347908974,55.4961445629597,105.476127684116,6.13584780693054,0,805.106259584427,1423.79550233483,294.072999686003,248.504251003265,0.980911165475845,3.30765742063522,1.42336940765381,11.1022864580154,0,4.38554120063782,0,132.885667353868,0,43.9402730464935,0,42.9698944687843,1.34013223648071,0,0,0,0,0,0,0,0,2.1279770731926,3.45209282636642,4.15021505951881,2.00102174282074,0,0,0.696133702993393,0,0,0,700.146942585707,31.5847815573215,16.8228470683098,2.65143668651581,1182.55581051111,220.929740101099,297.16613265872,56.6370347738266,21.2160603404045,19.3445594906807,223.947889834642,77.0319613218307,0,0,0,0,4.22091224789619,0,1.57427096366882,0,1.5243564248085,0,0.769189119338989,0,0,0,0,0,4.04153862595558,4.80586683750153,0,0,0,0,0,0,0,0,0,0,0,0,0,0.543853223323822,0,0,0,0,0,0
2.37862241268158,21.2421829104424,271.687955617905,358.13822889328,186.642817437649,227.120836764574,154.508026778698,123.327287167311,155.953179806471,70.0908771157265,41.7868219017982,18.3868624567986,114.99802583456,34.8748693168163,96.2469650804996,123.592728227377,0,1.40182545781136,482.451153039932,457.601273357868,168.322367668152,1207.48592355847,1037.54434725642,2739.89207920432,305.581429839134,677.658694535494,316.425725758076,383.962224751711,87.082257270813,17.6859623193741,805.106259584427,0,119.201861768961,2561.24216538668,2.2480154633522,97.5995338559151,1.18002474308014,5.10921424627304,0,10.450985044241,2.74811434745789,7.0479422211647,1.87075710296631,34.3781952857971,0,8.10399278998375,3.09759116172791,140.070991873741,0,0,0,0,0,0,0,0,2.59057652950287,1.78836509585381,0,0.333690285682678,0,1.77009475231171,0,4.49306571483612,0,0,26.4943433403969,363.049557358027,4.64661359786987,1.41510945558548,627.468555212021,631.919876754284,253.845874577761,127.949580430984,29.3153558373451,29.2408893704414,189.305247306824,92.9397831857204,0,0.841305553913116,0,0,10.9820839166641,0.672231018543243,0.817653715610504,0,0.676405847072601,0.468821674585342,0.757515668869019,1.23307305574417,0,0,0,0,0,0.68313866853714,0,0,0,0,0,0,0,0,0,0,0,0,0.637154638767242,0,0,0,0,0,0,0
18.6448490619659,68.5836854875088,85.6315370202065,64.0596339702606,17.4648318588734,1.69963586330414,23.4217078387737,16.3650951981544,14.6401882171631,0,12.1666312217712,3.53985035419464,31.4014039337635,0,14.0803845226765,0,4.36461174488068,4.63517385721207,2873.17883899808,394.496918320656,37.6446806192398,3.94717693328857,1206.78646457195,59.5440907478333,42.228313267231,10.4172795414925,28.1845323741436,0.606508910655975,35.4449220001698,1.38405549526215,1423.79550233483,119.201861768961,0,306.696957170963,794.337415486574,3.34429651498795,24.1735516190529,7.62548232078552,27.4820776581764,0,0,0,256.087229788303,1.73505932092667,200.639618545771,0,60.370944082737,2.34880179166794,0,0,0,0,0,0,4.72998428344727,0,73.1991259753704,83.3303790092468,99.3530080616474,11.8391903042793,2.16596555709839,2.19447463750839,4.38122773170471,3.09863567352295,0.64446234703064,1.25298738479614,6014.77444547415,84.3469300866127,1254.11744335294,148.160604953766,247.568199336529,54.4225193858147,136.430025160313,30.0637418925762,25.503365278244,9.79082661867142,182.264279454947,139.144149631262,0.60334450006485,0,5.17029446363449,1.51926791667938,2.17870455980301,0,5.33666586875916,0,0,0,0,0,0,0,0,0,5.49153789877892,3.598648250103,4.43794977664948,0,0,0,0,0,0,0,2.43816578388214,0,0,0,0.52688068151474,0,0,0,0,0,0,1.14636027812958
142.473345249891,101.154343336821,184.827298492193,244.386794626713,16.4251292943954,8.60241904854774,126.924844801426,32.3704417943954,26.5145396590233,5.84135085344315,42.6460845470428,34.4284663200378,63.549616754055,27.3064432740211,5.38637220859528,1.6459059715271,11.7611941099167,18.0592635571957,1192.2362613976,5923.53177678585,2.27320620417595,6.9842541217804,346.731478154659,1833.80832573771,8.71223485469818,84.4949077367783,1.96758371591568,25.8941705226898,78.7262912392616,8.41577070951462,294.072999686003,2561.24216538668,306.696957170963,0,52.1998077630997,835.369336605072,76.1289422214031,54.2003583610058,22.195155531168,45.1782414913177,1.72911667823792,1.08768355846405,23.7727438807487,213.028696864843,11.6340399384499,36.5687669813633,25.9423622488976,390.835266381502,1.16741502285004,2.5061656832695,10.602340221405,16.5184540748596,3.43135070800781,0,1.68891757726669,9.11981445550919,85.5761505365372,491.807450592518,204.744807451963,134.563537538052,28.9211499094963,10.899478495121,27.6280928850174,20.2165102362633,11.144120156765,9.81919598579407,1004.45035716891,5543.13111522794,804.798477590084,1099.16131317616,340.712684243917,267.934998631477,285.131906837225,167.643128842115,55.0553202331066,95.7482801377773,506.199966341257,561.177072316408,1.34269058704376,6.63598144054413,44.7196438312531,53.9987853467464,12.2366577982903,0.431066542863846,46.6929357051849,36.3507641553879,0,0,13.825989484787,0.753259479999542,0,0,0,0,9.79747754335403,23.6084222197533,0.621269047260284,0.91027820110321,0,0,0,0,0,0,0,0.479147970676422,2.14586853981018,2.69811058044434,2.05328422784805,6.26062160730362,0,0,0,0,0,0
2.09240162372589,0,5.82690760493279,5.58921760320663,2.19948107004166,0,4.39436066150665,0,1.6440142095089,0,2.41460788249969,0,2.69371104240417,0,0,0,0.464586198329926,2.4408455491066,31.4316418766975,3.81254237890244,12.5752404630184,0.550733208656311,176.557060688734,0,2.6135665178299,0,2.75791376829147,0,17.6261867880821,3.63001990318298,248.504251003265,2.2480154633522,794.337415486574,52.1998077630997,0,125.566290438175,204.432303190231,119.039979249239,64.6107068061829,9.87148842215538,12.8898369669914,9.70188474655151,561.151215285063,183.581245720387,308.818340986967,146.863607496023,192.413104206324,50.913561463356,111.988967180252,54.7494811117649,64.0611886382103,17.8670487701893,13.3103148341179,0,26.3412421345711,15.4429976642132,1.34558379650116,32.7539514899254,82.1144270896912,84.7346160411835,14.4165740609169,5.99776703119278,11.0380270183086,3.75865870714188,2.22464263439178,11.2461404204369,2326.4480985105,346.08414670825,1.5912059545517,7.713045835495,45.4357163310051,0,135.344647705555,34.4192389249802,7.66915464401245,13.8262295126915,201.489606499672,59.7649476230145,2.21590757369995,1.6424788236618,24.5680315792561,10.9324991703033,8.42427155375481,0,105.550881266594,22.0123614668846,5.13164627552032,1.97926878929138,159.522064387798,4.21509402990341,0,0,0,0,10.8859146535397,0,4.21298450231552,0,0.525752246379852,0,0,0,0,0,1.99454265832901,0,1.15189981460571,0,0,1.5768449306488,0,0,0,0,0,0
1.24519503116608,3.3070342540741,0.868411421775818,1.70063638687134,0,0.558925986289978,0,0,0,0,0.798895001411438,0,0,0,0,0,1.41456633806229,0,5.79494297504425,5.1503227353096,0,3.35355365276337,0,7.37842503190041,0,0,0,0.359998881816864,15.3232644796371,4.26155596971512,0.980911165475845,97.5995338559151,3.34429651498795,835.369336605072,125.566290438175,0,194.734566658735,231.423029392958,25.5078991055489,73.7764195501804,24.8727987408638,18.6444063782692,415.923217117786,483.119757473469,448.524753034115,450.856392234564,167.510249614716,228.898856729269,185.560078799725,157.591036081314,72.6059157848358,53.0633262395859,10.9191291332245,6.28881752490997,13.2688335776329,34.800145894289,5.84558397531509,4.60695141553879,170.011060863733,79.8959246873856,27.9848004579544,5.68724119663239,11.1899932026863,5.82610726356506,4.06378680467606,4.91771671175957,651.208170264959,1570.48734298348,10.1543848514557,0,6.22341519594193,5.19440773129463,176.454493165016,39.2854746878147,4.54339396953583,10.5060235261917,164.902615338564,108.660721093416,0,3.26501893997192,14.1574825644493,17.7379249334335,0,1.61887234449387,72.1168023347855,53.2750419378281,1.28032422065735,4.30976033210754,154.506099671125,24.427891343832,0,0,0,0,5.40993684530258,4.02929991483688,2.06479740142822,1.0595235824585,2.22814881801605,0,0,0,0,0,0,0,0,0,0,0,0,0,0,0,0,0
524.233080625534,1.04571890830994,62.666495680809,1.51787972450256,18.2625998854637,0,37.6544933021069,0,10.1240137517452,0,24.9103296995163,0,13.7724083662033,0,39.5018673539162,0,10.0881970524788,0,117.919652611017,7.25907737016678,27.9269160032272,1.34216129779816,2.61200404167175,1.17564964294434,3.65257322788239,0,36.0366974473,3.89965534210205,195.288709253073,0.968932330608368,3.30765742063522,1.18002474308014,24.1735516190529,76.1289422214031,204.432303190231,194.734566658735,0,337.283383458853,2316.09270742536,26.3591212034225,832.999424904585,11.2867119908333,573.17037409544,326.489847689867,441.418690979481,191.350633978844,1220.7077293694,86.5669920742512,565.127815961838,63.4177512228489,535.393374234438,24.1446198225021,137.941204994917,2.8649268746376,1076.23233693838,23.3120700120926,254.676659584045,16.9523997306824,427.771103739738,105.800744771957,172.541862338781,0,35.4936256408691,0,66.2162100076675,4.34967446327209,585.030604273081,640.266960501671,243.361375212669,0,468.668777346611,38.8902180790901,927.839491784573,40.3874073624611,1049.88691470027,74.9402360916138,4322.95010870695,190.329348027706,1.70326071977615,1.7736508846283,34.1493180692196,1.60477387905121,294.870164126158,0,252.317593872547,4.09356707334518,1072.93618005514,0,1683.17044064403,1.12166422605515,155.086250841618,111.981640905142,74.1610004007816,59.5756157338619,225.349344670773,64.3959304988384,178.030550152063,13.7313602566719,93.2343201339245,36.014790058136,57.0898873209953,34.8842814862728,99.486387938261,97.1140692234039,82.3063034117222,50.7991693019867,60.7003866732121,15.461524605751,15.1167888045311,22.009694814682,9.04034435749054,4.06004029512405,7.55454802513123,1.94993305206299,0.312961250543594,6.83496069908142
3.5567963719368,96.815907895565,0,70.4853219389915,0.901886820793152,13.8886586725712,0,44.8216450810432,0,12.7150181531906,0,15.5734130144119,0,7.04754316806793,0,32.4938851594925,1.42562675476074,8.22405385971069,3.03581595420837,49.4965261816978,0.997969090938568,5.85369938611984,0,1.34012424945831,0,0.516178369522095,5.56644064188004,33.7616770863533,10.8379082679749,50.0818493664265,1.42336940765381,5.10921424627304,7.62548232078552,54.2003583610058,119.039979249239,231.423029392958,337.283383458853,0,55.4105842411518,1561.476857692,2.55377972126007,778.207794696093,170.173912137747,322.240325927734,75.8850540220737,285.676270246506,85.240932226181,898.877330452204,27.7797203361988,210.762147963047,12.927869617939,292.153310924768,1.34714353084564,116.493441104889,7.94066172838211,1411.95286229253,13.7653301656246,91.8852481842041,258.964260846376,496.007379919291,52.5979600846767,111.123212188482,17.6425559222698,90.0499069392681,23.4574912190437,282.897018641233,668.807659566402,928.235500574112,8.18085193634033,20.5787718296051,15.4579613506794,172.866217404604,63.8227935433388,424.783098638058,19.1505581140518,572.806037902832,254.103257775307,3668.00336578488,2.12980079650879,1.91504645347595,7.28559547662735,131.209335118532,0,300.041773885489,10.6597241163254,763.433467149734,0,1157.77349790931,2.55551928281784,1409.34000015259,33.2821272909641,104.510599195957,22.2869854569435,59.5396095812321,22.5678247213364,267.021105498075,30.3527054488659,6.7319467663765,7.05300945043564,47.9366962313652,23.1837556362152,27.5607852935791,51.110271692276,81.0770217180252,18.1943316459656,27.2552193105221,19.534449249506,4.12430733442307,3.75370281934738,23.0144261717796,11.8346536755562,2.82450538873672,0.504241347312927,0,1.23556113243103,2.4173995256424
92.4014002680779,0,1.60116362571716,0,0,0,6.78404951095581,0,0,0,0,0,3.00930953025818,0,6.35619455575943,0,0,0,16.7937000989914,0,2.01861280202866,0,0,0,0,0,9.43810093402863,2.47017073631287,26.1847867965698,0,11.1022864580154,0,27.4820776581764,22.195155531168,64.6107068061829,25.5078991055489,2316.09270742536,55.4105842411518,0,13.9921209216118,875.124859690666,1.37992626428604,458.525065928698,27.4348971843719,223.122091084719,2.64922666549683,872.301078170538,8.25355017185211,89.2991038560867,0,178.060224622488,0,80.9452525675297,0,1820.90473297238,2.15004587173462,103.979441165924,0,200.087494552135,0,43.4803698658943,0,28.1201542019844,0,8.83640772104263,0,459.937782585621,88.5841376781464,91.1326275467873,0,58.2471233308315,14.2953863143921,158.849107950926,1.42839843034744,127.776915580034,37.1948627829552,238.779036819935,50.4289102554321,0,0,7.65067994594574,0,52.7591541111469,0,65.0276070535183,0,279.549561172724,0,461.306679695845,0,208.296617358923,96.9591173231602,76.7922545969486,53.364811450243,77.937851190567,77.2468313574791,132.974661558867,10.3136426210403,62.2456475496292,45.5746321380138,62.3818269371986,24.9885956645012,103.044752538204,63.8218816518784,46.8889411985874,33.4232376515865,34.4296961426735,9.01428464055061,3.49704617261887,0,10.7062011063099,2.0498006939888,7.29325550794601,0.478865116834641,0,5.49798038601875
0,106.265930950642,0,11.961291372776,0,0,0,17.1459687948227,0,0,0,1.93576419353485,0,1.88531410694122,0,0.557385921478271,0,1.11544764041901,1.86153197288513,6.99524700641632,0,2.74179553985596,0,0.541519582271576,0,0,0,0,0,9.68480348587036,0,10.450985044241,0,45.1782414913177,9.87148842215538,73.7764195501804,26.3591212034225,1561.476857692,13.9921209216118,0,0,1323.43244346976,58.2536761760712,443.674377977848,16.2463541030884,269.403493374586,13.3157445788383,614.812612771988,0,88.4628445804119,0,225.187526613474,0,86.8064541816711,0,2003.72116428614,0,107.773626059294,0,75.1810805797577,0,8.09721887111664,0,18.1730008721352,0,17.5280304849148,45.2965438961983,577.903125792742,0,46.2199407219887,4.4273470044136,66.1136427521706,2.29928940534592,79.0542095303535,4.34592345356941,79.4461549520493,25.9483863115311,299.406178236008,0,0,0,15.1546795368195,0,87.1785019040108,0,145.416367441416,0,655.343399405479,0,393.957330867648,12.4769436120987,53.8106220364571,6.07458087801933,28.2823451459408,8.71537852287292,57.3412336409092,23.6197974979877,3.15363931655884,4.07667708396912,26.1664413511753,7.34450587630272,7.18881994485855,28.3912246823311,33.114675283432,11.9132877588272,19.5675100684166,11.3482532203197,3.92264395952225,2.24365794658661,0.741015315055847,0.443174958229065,2.27476680278778,1.22405785322189,0,0,3.7137057185173
0.749360799789429,0,0.985911846160889,0,55.5026469826698,1.07035887241364,0,0,22.3495045900345,0,0,0,1.42781203985214,0,94.7542028129101,0.631364762783051,0,0,0,0,122.061926484108,1.03470277786255,4.45744624733925,0,12.4200661182404,1.03708446025848,19.0342884659767,3.35225999355316,521.570940226316,0,4.38554120063782,2.74811434745789,0,1.72911667823792,12.8898369669914,24.8727987408638,832.999424904585,2.55377972126007,875.124859690666,0,0,15.8589373826981,79.6769136786461,0,9.4778391122818,0,146.5101801157,0,12.6392124891281,0,46.6502041518688,0,23.3663292229176,0,65.1242877542973,0,2.1184309720993,0,23.445245474577,0,12.8045026659966,0,0,0,5.41991305351257,0,35.822195738554,0,0,0,207.110439628363,25.279854118824,406.312183737755,5.94906002283096,310.727359473705,28.054617524147,326.587504416704,0.726190030574799,0,0,4.32384431362152,0,640.928647458553,0,138.207304030657,0,890.41244199872,1.39509046077728,394.373819440603,0.557348787784576,4.8076776266098,0,0.920600205659866,0,7.6980220079422,0,3.7623855471611,0,6.63796484470367,0,0,0,0.5341756939888,0.751413285732269,0,0,0,0,2.76596701145172,0,0,0,0,0,0,0.622137725353241
0,1.81331765651703,0,1.93158918619156,1.04974627494812,226.607455581427,0,3.8247674703598,0,50.2967662513256,0,0,0,2.60426038503647,0,222.66207587719,0,0,0,1.61238861083984,5.31235104799271,285.098269939423,0,2.79198718070984,0,17.4247623383999,1.03328573703766,128.567067354918,0,463.36672359705,0,7.0479422211647,0,1.08768355846405,9.70188474655151,18.6444063782692,11.2867119908333,778.207794696093,1.37992626428604,1323.43244346976,15.8589373826981,0,5.41615772247314,99.7309759259224,0,28.9756897985935,0.800226390361786,219.80546694994,0,33.2758247852325,0,64.5949645042419,0,26.7234089374542,0,510.296424090862,0,3.37202489376068,0,60.9474039971828,0,10.7039663493633,0,2.26770091056824,0,42.3090143799782,4.66564750671387,117.072302132845,0,0,39.9703834652901,198.724217027426,42.5773481726646,1367.24626252055,12.4867721199989,411.956824302673,7.51940447092056,164.784983187914,0,0,0,89.5860471427441,0,2423.06921947002,0,345.477427214384,1.36388003826141,2193.30249422789,3.78893423080444,447.071774065495,0,10.2613494992256,0,2.54510831832886,0,23.2717859148979,1.07458591461182,2.08773684501648,0,11.9870864152908,0,0.608830034732819,0.469042152166367,2.26401722431183,0,2.8483521938324,2.76181471347809,1.2002032995224,0,2.22473537921906,1.25871151685715,0,0,0,0,0
1.85005211830139,0,0,0,0,0,0,0,0,0,0,0,0,0,0,0,1.06111025810242,0,16.9762533605099,0,2.8253276348114,0,24.0778775215149,0,0,0,0.47924867272377,0,132.626816630363,4.44279396533966,132.885667353868,1.87075710296631,256.087229788303,23.7727438807487,561.151215285063,415.923217117786,573.17037409544,170.173912137747,458.525065928698,58.2536761760712,79.6769136786461,5.41615772247314,0,2612.49874603748,10083.0057271123,1450.11423173547,7129.22819888592,1216.99837946892,2969.11048918962,235.355804800987,2675.93471413851,36.2428659796715,556.82365244627,2.01519125699997,427.629287004471,36.7711109519005,0,13.4580261111259,258.527622312307,190.572021186352,3.75683131814003,0,2.84560602903366,0,2.66199088096619,22.3129131793976,3627.58268088102,1085.01239067316,0,0,10.3950354158878,3.58497965335846,586.443945586681,26.2748168110847,15.6201924085617,6.74422174692154,482.219796866179,88.2630487084389,0,0,80.094054967165,4.84343004226685,26.8634181916714,0,394.65170532465,26.5335544347763,14.2161245942116,0,769.372043579817,18.6642199456692,291.928212761879,0,0,0,11.1108756065369,0,8.58974367380142,0,453.352135419846,7.17057168483734,0,0,0,0,0,0,0,0,0,0,0,0,0,0,0,0
0,1.31345891952515,0,10.7214303016663,0,0,0,0,0,0,0,0,0,0,0,2.11590349674225,0,0,2.08777892589569,13.7244188189507,0,0,0,1.36685472726822,0,0,0,1.0589314699173,3.27526533603668,44.406775534153,0,34.3781952857971,1.73505932092667,213.028696864843,183.581245720387,483.119757473469,326.489847689867,322.240325927734,27.4348971843719,443.674377977848,0,99.7309759259224,2612.49874603748,0,1393.7426815331,8947.17470252514,78.3891410827637,7202.69294834137,174.657813608646,2525.29773119092,128.453205883503,2673.15927395225,6.3922523856163,592.535856723785,7.76155084371567,224.074046432972,2.61566126346588,8.28597295284271,165.674166083336,195.31773647666,4.16043603420258,0,1.76799118518829,3.70287263393402,0,34.6921029686928,1061.9056096971,3222.25421014428,0.876809120178223,1.42155623435974,3.34400051832199,6.17797344923019,10.629609644413,320.615067303181,0,76.6690127551556,159.655214935541,347.082149118185,0,0,2.14228630065918,187.826657950878,0,45.1466361880302,10.243180513382,625.052213102579,0,25.4111692905426,7.54526317119598,302.366597354412,0,6.90728402137756,0,0,0,14.458253890276,0,1.95564299821854,0,102.24124583602,0,0,0,0,0,1.33122396469116,0,1.59111988544464,0,2.22875487804413,0,0,0,0,0,0
2.27405977249146,0,0,0,0,0,0,0,0,0,0,0,0,0,0,0,5.92435908317566,0,6.11260229349136,0,0,0,3.8721267580986,0,0,0,0,0,85.7914863228798,0,43.9402730464935,0,200.639618545771,11.6340399384499,308.818340986967,448.524753034115,441.418690979481,75.8850540220737,223.122091084719,16.2463541030884,9.4778391122818,0,10083.0057271123,1393.7426815331,0,944.861146003008,2583.82285302877,77.79380017519,3343.48770013452,188.979195177555,859.174586445093,4.25117653608322,196.428510755301,4.44342058897018,187.370088785887,3.65575850009918,0.545840680599213,1.14639937877655,164.341017216444,9.60507601499557,3.65178865194321,0,1.32398119568825,0,0,2.12934064865112,1734.04033637047,482.654712975025,0,0,6.09880417585373,0,296.640433162451,7.79704660177231,35.6744413375854,1.16606336832047,569.422136574984,49.6069510579109,6.87186336517334,0,114.258404821157,2.101358294487,3.50065076351166,0,151.946393042803,2.81806093454361,1.78772699832916,0,66.2500216066837,1.42369043827057,15.9884414374828,0,0,0,13.1352338194847,0,11.5283208489418,0,25.3589134514332,0,0,0,0,0,0,0,0,0,0,1.71857666969299,0,0,0,0,0,0
0,3.7016407251358,0,0,0,0,0,0.754164040088654,0,0,0,0,0,0,0,0,0,0,0,2.42257517576218,0,0,0,0,0,0,0,0,0,26.8312873244286,0,8.10399278998375,0,36.5687669813633,146.863607496023,450.856392234564,191.350633978844,285.676270246506,2.64922666549683,269.403493374586,0,28.9756897985935,1450.11423173547,8947.17470252514,944.861146003008,0,24.4906807541847,714.941935747862,14.7704091072083,4676.31288200617,1.74345195293427,1403.99585741758,0,230.904596805573,0,282.786660373211,0,5.59947431087494,9.94780611991882,281.800861209631,0,0,0,1.2408971786499,0,18.3866911530495,573.348045557737,2370.8398925662,0,0.67790275812149,0,2.15715438127518,0,297.070999026299,0,115.186536729336,63.6373400092125,329.020219951868,0,2.60608649253845,0,144.563000380993,0,1.52942103147507,0,205.61866542697,0,2.31102448701859,0,90.5058282315731,0,7.67816382646561,0,0,0,14.5778516829014,0,0.878771781921387,0,8.57361742854118,0,0,0,0,0,0,0,0,0,1.44915282726288,0,0,0,0,0,0
29.8746146559715,1.58591258525848,22.1266501843929,0,4.31207025051117,0,20.7157656550407,0,1.21369072794914,0,4.65218248963356,0,11.4537940621376,0,12.1870076060295,0,0,0,48.5915403068066,0,4.02117085456848,0,7.88212883472443,0,0,0,0,0.87739223241806,178.665494710207,0,42.9698944687843,3.09759116172791,60.370944082737,25.9423622488976,192.413104206324,167.510249614716,1220.7077293694,85.240932226181,872.301078170538,13.3157445788383,146.5101801157,0.800226390361786,7129.22819888592,78.3891410827637,2583.82285302877,24.4906807541847,0,18.6013087630272,842.474724292755,6.28234347701073,1487.09058067203,0,1476.49232563376,0,3312.64321768284,9.64978206157684,9.79833167791367,3.22313296794891,110.125172972679,42.5580641031265,30.0436458289623,0.827698111534119,5.53169977664948,0.796855747699738,16.0040974020958,0,980.234231948853,430.030207961798,10.8351757526398,3.2635133266449,114.607378870249,11.269978582859,587.777073353529,14.7743448019028,39.0713692009449,4.49012064933777,743.001061558723,67.3322941660881,0,0,73.6762074828148,0,62.3087033629417,0,451.351443320513,0,133.343489378691,0,1497.42290911078,0,229.558088332415,0,1.37322896718979,0,64.2119522094727,1.94748604297638,65.8485493063927,0,615.894968390465,0,0.388353317975998,0,0,0,1.0891016125679,0.444097489118576,0.829732656478882,0,0,96.1525871157646,0,0,0,0,0,0
0,50.5119428038597,0,50.478814214468,0,1.65246546268463,0,63.5477866828442,0,1.57701104879379,0,12.0199341773987,0,15.1424001455307,0,3.8954553604126,0,4.68752437829971,1.69176307320595,43.2699965536594,0,1.20885261893272,0,14.9738389849663,0,0.924530863761902,0,1.92184871435165,0,59.7594926655293,1.34013223648071,140.070991873741,2.34880179166794,390.835266381502,50.913561463356,228.898856729269,86.5669920742512,898.877330452204,8.25355017185211,614.812612771988,0,219.80546694994,1216.99837946892,7202.69294834137,77.79380017519,714.941935747862,18.6013087630272,0,3.6380643248558,569.772767305374,2.15095996856689,1093.591724962,3.19966602325439,1592.39326143265,2.09995174407959,1896.01623409986,2.67273449897766,35.5842712521553,22.7222299575806,132.557456046343,4.12267136573792,17.7854418754578,0,27.2586974799633,0,67.6439204216003,192.151612758636,1809.32346442342,0,11.2424296140671,5.4958958029747,225.047271430492,6.02128446102142,609.303191572428,0.997790098190308,178.067549884319,68.3075545430183,1171.17127099633,0,1.91842293739319,0,219.394685328007,0,42.6718245446682,0,881.298861414194,0,71.8868394494057,0,716.743917003274,0.853153169155121,49.680341899395,0,1.24585145711899,4.5981724858284,49.0898134112358,0.922185897827148,11.0733637809753,0,290.381771534681,0.467411726713181,0,0,0.812965333461761,0.935759365558624,2.40247535705566,0,1.94197714328766,0,67.9788385033607,0,0,1.15555465221405,0,0,0.921473622322083
1.56678307056427,0,0,0,0.546173214912415,0,0,0,0,0,0,0,0,0,0,0,4.90883898735046,0,0,0,0,0,0,0,0,0,0,0,155.288320362568,0,0,0,0,1.16741502285004,111.988967180252,185.560078799725,565.127815961838,27.7797203361988,89.2991038560867,0,12.6392124891281,0,2969.11048918962,174.657813608646,3343.48770013452,14.7704091072083,842.474724292755,3.6380643248558,0,6.15243953466415,5803.0111694932,0,710.044668823481,0,384.031680971384,0,3.29933217167854,0,633.183684647083,0,3.60799205303192,0,8.13485085964203,0,0.691965699195862,0,528.061714172363,171.580775618553,0,0,6.07822260260582,0,452.789565652609,0,20.5903176665306,0,630.346906810999,15.5888343453407,3.02167290449142,0,213.527110993862,0,6.59107607603073,0,340.66932824254,0,1.31864190101624,0,181.621206283569,0,31.446933567524,0,0,0,31.9908792376518,0,18.5753723978996,0,56.4462586343288,0,0,0,0,0,0,0,0,0,0,0,0,0,0,0,0,0
0,2.98731291294098,0,4.11673223972321,0,0,0,0,0,0,0,0,0,0,0,0,0,0,0,5.91846007108688,0,0,0,0,0,0,0,0,0,25.1991653442383,0,0,0,2.5061656832695,54.7494811117649,157.591036081314,63.4177512228489,210.762147963047,0,88.4628445804119,0,33.2758247852325,235.355804800987,2525.29773119092,188.979195177555,4676.31288200617,6.28234347701073,569.772767305374,6.15243953466415,0,1.59001386165619,5740.43524754047,0,577.527092903852,0,595.998300343752,0,10.306608080864,6.59415829181671,677.350651234388,0,1.71230918169022,0,1.73359507322311,0,94.6338903307915,159.540057122707,509.62750646472,0,0,0,0,0,279.6495475173,0,88.4477035105228,29.3187286257744,265.746878921986,0,2.85686779022217,0,193.132635295391,0,9.8046837747097,0,460.443366825581,0,0.584837138652802,0,171.873688161373,0,26.2556373476982,0,0,0,6.9580352306366,0,0,0,47.4083614647388,0,0,0,0,0,0,0,0,0,0.829165518283844,0,0,0,0,0,0
123.458726853132,0,10.0647695064545,0,1.80618190765381,0,105.252227425575,0,0,0,0,0,0,0,0,0,21.7035135924816,0,6.32963049411774,0,0,0,0,0,0,0,0,0,237.942772120237,0,0,0,0,10.602340221405,64.0611886382103,72.6059157848358,535.393374234438,12.927869617939,178.060224622488,0,46.6502041518688,0,2675.93471413851,128.453205883503,859.174586445093,1.74345195293427,1487.09058067203,2.15095996856689,5803.0111694932,1.59001386165619,0,0,5718.18433085084,0,1431.79492452741,0,127.944361180067,0,2921.00329813361,1.81883990764618,554.198967963457,0,22.6668571233749,0,780.342406511307,0,892.336771428585,70.0849514901638,10.3221427798271,0,39.3455127477646,0.981202244758606,667.190528184175,0,43.2601692676544,0,627.550548106432,11.3075023889542,14.5006591379642,0,487.875805974007,0,62.599971562624,0,3009.50513964891,0,11.9449538290501,0,1529.71198770404,0,79.3566484153271,0,0,0,46.2038068473339,0,21.1496653556824,0,48.1647704839706,0,0,0,0,0,0,0,0,0,0,2.24409306049347,0,0,0,0,0,0
0,11.1688565611839,0,33.0989751815796,0,0,0,7.51031178236008,0,0,0,0,0,0.689049065113068,0,0,0,0,0,29.1565387248993,0,0,0,0,0,0,0,0,0,34.2979425787926,0,0,0,16.5184540748596,17.8670487701893,53.0633262395859,24.1446198225021,292.153310924768,0,225.187526613474,0,64.5949645042419,36.2428659796715,2673.15927395225,4.25117653608322,1403.99585741758,0,1093.591724962,0,5740.43524754047,0,0,0,3396.33621844649,0,1618.61876696348,0,58.19747787714,0,1524.22356233001,0,13.2570669054985,0,12.3965637683868,0,635.575178533792,37.2788425087929,663.30957826972,0,0,0,6.33736705780029,0,359.731710523367,0,115.517475455999,20.7457346022129,296.024876087904,0,10.2882551848888,0,343.342671215534,0,34.3108217716217,0,6179.4412766695,0,3.38997289538383,0,1278.71967494488,0,68.2285744249821,0,0,0,23.2224517166615,0,0,0,124.755193173885,0,0,0,0,0,0,0,0,0,0,0,0,0,0,0,0
197.092744171619,0,7.94976139068604,0,0,0,83.8202317357063,0,0,0,5.19187635183334,0,0,0,0,0,2.93098056316376,0,1.07971227169037,0,3.37618732452393,0,0,0,0,0,0,0,62.2051775753498,0,0,0,0,3.43135070800781,13.3103148341179,10.9191291332245,137.941204994917,1.34714353084564,80.9452525675297,0,23.3663292229176,0,556.82365244627,6.3922523856163,196.428510755301,0,1476.49232563376,3.19966602325439,710.044668823481,0,5718.18433085084,0,0,0,2447.54450455308,0,167.418408572674,0,107.108783751726,0,92.3034034371376,0,9.86619582772255,0,136.627718061209,0,52.5346034765244,4.55510365962982,2.90444993972778,0,45.0964299142361,0,169.677619248629,0,9.79852211475372,0,94.2321882247925,3.9230055809021,2.44925022125244,0,99.028503537178,0,12.2605742514133,0,1236.16519492865,0,20.4856365919113,0,2095.80760914087,0,21.4466536939144,0,0,0,1.54143834114075,0,0,0,49.1247128844261,0,0,0,0,0,0,0,0,0,0,0,0,0,0,0,0,0
0,0,0,0,0,0,0,0,0,0,0,0,0,0,0,0,0,0,0,0,0,0,0,0,0,0,0,0,0,19.8429826498032,0,0,0,0,0,6.28881752490997,2.8649268746376,116.493441104889,0,86.8064541816711,0,26.7234089374542,2.01519125699997,592.535856723785,4.44342058897018,230.904596805573,0,1592.39326143265,0,577.527092903852,0,3396.33621844649,0,0,0,2150.05241712928,0,0.767424702644348,0,12.1269426941872,0,0,0,0,0,6.05811005830765,4.20622742176056,69.6269952058792,0,0,0,0,0,128.041974484921,0,25.4626167416573,1.39727085828781,67.6332187652588,0,0,0,59.7169460058212,0,7.15238267183304,0,825.091572910547,0,3.3501518368721,0,1180.69530984759,0,52.1955661177635,0,0,0,0.620498895645142,0,0,0,70.5070948302746,0,0,0,0,0,0,0,0,0,0,0,0,0,0,0,0
6.36070150136948,0,0,0,0,0,0,0,0,0,0,0,0,0,3.12721198797226,0,1.76404762268066,0,0,0,0,0,0,0,0,0,0,0,43.3076823651791,0,0,0,4.72998428344727,1.68891757726669,26.3412421345711,13.2688335776329,1076.23233693838,7.94066172838211,1820.90473297238,0,65.1242877542973,0,427.629287004471,7.76155084371567,187.370088785887,0,3312.64321768284,2.09995174407959,384.031680971384,0,1431.79492452741,0,2447.54450455308,0,0,0.994732618331909,8.54385888576508,0,36.566608607769,0,10.6696645915508,0,2.58317506313324,0,8.20129138231277,0,177.532618403435,11.2125248908997,1.26835560798645,0,4.94252154231071,0.711623668670654,118.591194868088,0,6.66940486431122,0,116.351492345333,15.3034902215004,0.483487993478775,0,32.425156056881,0,32.0234026610851,0,254.335057526827,0,282.410788446665,0,2990.57991287112,0,60.7206991314888,0,0,0,0.593321621417999,0,2.41324806213379,0,275.208776772022,0,0,0,0,0,0,0,0,0,0,0,0,0,0,0,0,0
0,2.36173415184021,0,2.87679576873779,0,1.93973010778427,0,0,0,0.695804417133331,0,0,0,0,0,4.81747901439667,0,0,0,0,0.827350318431854,0,0,0,0,0,0,0,0,15.2934952974319,0,0,0,9.11981445550919,15.4429976642132,34.800145894289,23.3120700120926,1411.95286229253,2.15004587173462,2003.72116428614,0,510.296424090862,36.7711109519005,224.074046432972,3.65575850009918,282.786660373211,9.64978206157684,1896.01623409986,0,595.998300343752,0,1618.61876696348,0,2150.05241712928,0.994732618331909,0,0,8.72969868779182,5.33742022514343,85.3702371120453,0,4.54097294807434,0,2.49207663536072,0,72.8702247142792,50.0130282640457,206.261400908232,0,0,3.0141978263855,5.57974576950073,1.88278341293335,164.91220626235,0,38.8160584867001,12.0449184775352,165.91383972764,0,1.28810676932335,0,60.8038254678249,0,51.7272545099258,0,912.441992759705,0,901.621819853783,0,3027.9623478055,0,81.3813124895096,0,0,0,6.57959288358688,0,0,0,143.917792975903,0,0,0,0,0,0.56613302230835,0,0,0,0,0,0,0,0,0,0
9309.0163680017,7.84650871157646,143.769634127617,3.45562720298767,0,0,132.653226852417,0.688026428222656,0,0,227.742634356022,0,80.4550215005875,0,0.663417637348175,0,1597.64580652118,0,176.119943618774,37.6545333266258,0,0,0,0,0,0,0,0,864.263708561659,0,2.1279770731926,2.59057652950287,73.1991259753704,85.5761505365372,1.34558379650116,5.84558397531509,254.676659584045,13.7653301656246,103.979441165924,0,2.1184309720993,0,0,2.61566126346588,0.545840680599213,0,9.79833167791367,2.67273449897766,3.29933217167854,0,127.944361180067,0,167.418408572674,0,8.54385888576508,0,0,3.8822974562645,2162.09727069736,2.33303731679916,6399.35775586963,0,2980.84057509899,0,514.639441430569,0,204.289805114269,41.3249879479408,997.459776252508,18.3588808178902,564.323756963015,15.1978220045567,1436.90738871694,3.96127772331238,508.827104926109,1.0149188041687,2139.70865496993,65.2507181763649,284.835939913988,0,380.499086588621,0,62.7677945792675,0,809.37133410573,0,0,0,287.281067967415,0,0,0,0,0,176.47806429863,0,58.7537094950676,0,0,0,0,0,0,0,0.455058306455612,0,3.35403335094452,0,2.05618441104889,2.3221298456192,0,0,0,0,0,0.798932313919067
6.57353186607361,10379.7920877337,0,555.866552561522,0,0,0,418.53873282671,0,0,0,154.288511991501,0,28.7924639582634,0,6.50898307561874,0,2375.98648843169,17.0686954259872,844.555393248796,0,0,0,9.89705848693848,0,0,0,0,4.37090665102005,141.051252484322,3.45209282636642,1.78836509585381,83.3303790092468,491.807450592518,32.7539514899254,4.60695141553879,16.9523997306824,91.8852481842041,0,107.773626059294,0,3.37202489376068,13.4580261111259,8.28597295284271,1.14639937877655,5.59947431087494,3.22313296794891,35.5842712521553,0,10.306608080864,0,58.19747787714,0,0.767424702644348,0,8.72969868779182,3.8822974562645,0,10.2356849908829,1762.85038673878,2.63825970888138,3484.1841801703,1.70225751399994,3065.76376160979,0,807.937201738358,173.720479905605,396.264768928289,106.125263750553,1657.21269240975,73.490659058094,816.738752990961,6.21701526641846,1759.95550179482,0,409.64580053091,495.565942406654,2463.0549775064,0,42.8379672169685,2.27426517009735,227.215470254421,0,2.14070338010788,0,410.030146092176,0,0,0,52.0766983032227,0,0,0,0,0,188.81801378727,1.86349868774414,0,0,0,0,0,0,0,0,0,0,0,2.5386815071106,3.6079483628273,0,0,0,0,0,0
397.776716351509,0,108.981992304325,0,0,0,36.940871566534,0,0,0,23.7222063839436,0,11.4215272665024,0,0,0,84.5545604526997,0,423.374323278666,2.64078164100647,0,0,0.84934788942337,0,0,0,0,0,433.155265808105,0,4.15021505951881,0,99.3530080616474,204.744807451963,82.1144270896912,170.011060863733,427.771103739738,258.964260846376,200.087494552135,0,23.445245474577,0,258.527622312307,165.674166083336,164.341017216444,9.94780611991882,110.125172972679,22.7222299575806,633.183684647083,6.59415829181671,2921.00329813361,0,107.108783751726,0,36.566608607769,5.33742022514343,2162.09727069736,10.2356849908829,0,13.4053165018559,6367.45315894485,0,235.056185752153,0,1628.15572014451,0,2361.00974100828,372.860910177231,517.404928982258,15.0124737620354,92.4556068778038,5.83758956193924,699.632113218307,3.98455810546875,142.422364413738,0,1305.29263675213,126.282371491194,42.8617314398289,1.30495262145996,262.882901549339,0,15.5186921954155,0,381.879759043455,0,0,0,246.377777278423,0,0,0,0,0,100.152016371489,0,37.992888957262,0,0,0,0,0,0,0,0.608488082885742,0,0,0,0,5.23283916711807,0,0,0,0,0,0
0,389.64956125617,0,184.786373704672,0,0,0,131.791169404984,0,0,0,36.7061587274075,0,0.842924535274506,0,0,0,46.362298220396,0.770730137825012,225.577527552843,0,0,0,1.90997844934464,0,0,0,0,1.75206756591797,50.8151288330555,2.00102174282074,0.333690285682678,11.8391903042793,134.563537538052,84.7346160411835,79.8959246873856,105.800744771957,496.007379919291,0,75.1810805797577,0,60.9474039971828,190.572021186352,195.31773647666,9.60507601499557,281.800861209631,42.5580641031265,132.557456046343,0,677.350651234388,1.81883990764618,1524.22356233001,0,12.1269426941872,0,85.3702371120453,2.33303731679916,1762.85038673878,13.4053165018559,0,1.36153161525726,2850.91542801261,0,486.109703153372,0,2071.21132552624,250.607332378626,3051.26236647367,4.70043581724167,31.8154559135437,16.8945483565331,78.1582117378712,3.71371519565582,624.938181638718,0,197.822329878807,135.021386265755,802.700375258923,0,75.7164638340473,0,285.952811360359,0,13.1099717617035,0,394.103719085455,0,0,0,119.056293100119,0,0,0,0,0,78.8684188425541,0,0,0,0,0,0,0,0,0,0,0,0,0,4.50029271841049,0,0,0,0,0,0
2294.99448591471,0,62.4111917614937,0,0,0,338.860690414906,0,0,0,495.906577080488,0,44.1300747394562,0,0,0,591.691726118326,0,28.2293704152107,0,2.64602106809616,0,0,0,0,0,0,0,308.941751807928,0,0,0,2.16596555709839,28.9211499094963,14.4165740609169,27.9848004579544,172.541862338781,52.5979600846767,43.4803698658943,0,12.8045026659966,0,3.75683131814003,4.16043603420258,3.65178865194321,0,30.0436458289623,4.12267136573792,3.60799205303192,0,554.198967963457,0,92.3034034371376,0,10.6696645915508,0,6399.35775586963,2.63825970888138,6367.45315894485,1.36153161525726,0,0.595862030982971,2324.20423445106,0,1986.84540167451,0,314.777198284864,37.4178911447525,32.3009147644043,0,150.360994517803,0.722203373908997,405.765699774027,0,80.6976890563965,0,738.559824109077,25.2235404849052,31.8503114581108,0,203.861551374197,0,156.110337615013,0,3082.05162775517,0,1.78810453414917,0,339.61574691534,0,0,0,0,0,42.2489708662033,0,9.66489189863205,0,0,0,0,0,0,0,1.88211131095886,0,0,0,0,0.583103895187378,0,0,0,0,0,0
0,2362.80077981949,0,88.9149916768074,0,0,0,878.850626081228,0,0,0,794.674678325653,0,189.797363102436,0,0.613136649131775,0,508.709271192551,0,17.1257944107056,0,0,0,0,0,0,0,0,1.52661633491516,78.9161032140255,0,1.77009475231171,2.19447463750839,10.899478495121,5.99776703119278,5.68724119663239,0,111.123212188482,0,8.09721887111664,0,10.7039663493633,0,0,0,0,0.827698111534119,17.7854418754578,0,1.71230918169022,0,13.2570669054985,0,0,0,4.54097294807434,0,3484.1841801703,0,2850.91542801261,0.595862030982971,0,0,3686.93335086107,0,2162.16615441442,9.35099506378174,83.0883597135544,0,4.77180153131485,2.05718725919724,265.497340857983,0,284.067918747663,0,62.8511688709259,26.0813178420067,298.757079035044,0,14.6704621911049,0,115.283582419157,0,2.48362618684769,0,226.4457654953,0,0,0,28.8620611131191,0,0,0,0,0,15.3852707445621,0,0,0,0,0,0,0,0,0,0,0,0,0,0,0,0,0,0,0,0
214.182583391666,0,15.6675091981888,0,0,0,21.214674115181,0,0,0,496.776263803244,0,126.318427890539,0,0.741570353507996,0,1797.17866665125,0,15.0046064257622,0,0,0,0,0,0,0,0,0,975.458872139454,0,0.696133702993393,0,4.38122773170471,27.6280928850174,11.0380270183086,11.1899932026863,35.4936256408691,17.6425559222698,28.1201542019844,0,0,0,2.84560602903366,1.76799118518829,1.32398119568825,0,5.53169977664948,0,8.13485085964203,0,22.6668571233749,0,9.86619582772255,0,2.58317506313324,0,2980.84057509899,1.70225751399994,235.056185752153,0,2324.20423445106,0,0,0,545.740588515997,0,99.6764474511147,12.8584177494049,47.3502321839333,6.53516930341721,81.7402017116547,2.25180923938751,286.986955553293,0,37.7954167723656,0,282.254787027836,22.0153566896915,221.550809890032,0,2699.22023445368,0,173.870535224676,0,2689.7424492836,0,1.38267731666565,0,64.4434651136398,0,0,0,0,0,41.9400730133057,0,6.56715643405914,0,0,0,0,0,0,0,0,0,3.12797343730927,0,0,0,0,0,0,0,0,0
0,875.637768954039,0,95.7621668577194,0,0,0,277.218421280384,0,5.19879776239395,0,916.425057053566,0,363.321337521076,0,11.330844938755,0,3500.23320263624,0,33.0917986631393,0,0,0,9.46406590938568,0,0,0,0,0,390.901846200228,0,4.49306571483612,3.09863567352295,20.2165102362633,3.75865870714188,5.82610726356506,0,90.0499069392681,0,18.1730008721352,0,2.26770091056824,0,3.70287263393402,0,1.2408971786499,0.796855747699738,27.2586974799633,0,1.73359507322311,0,12.3965637683868,0,0,0,2.49207663536072,0,3065.76376160979,0,486.109703153372,0,3686.93335086107,0,0,0,929.205092728138,5.73209691047668,111.384765684605,1.9273020029068,21.8555936217308,4.14459723234177,261.249963849783,0,838.637759596109,0,73.2629444301128,51.1235836148262,442.357849806547,0,133.283566921949,0,2874.82970386744,0,11.4838790297508,0,1849.96392294765,0,0,0,18.3972776830196,0,0,0,0,0,30.6773864328861,1.46318542957306,0,0,0,0,0,0,0,0,0,0,0,0,0.672746896743774,0,0,0,0,0,0
301.725901186466,0,49.7270179390907,0,0,0,210.289938181639,0,0,0,5.25689202547073,0,0,0,0,0,11.1895421147346,0,26.6068540215492,0,0,0,0,0,0,0,0,0,65.5687849223614,0,0,0,0.64446234703064,11.144120156765,2.22464263439178,4.06378680467606,66.2162100076675,23.4574912190437,8.83640772104263,0,5.41991305351257,0,2.66199088096619,0,0,0,16.0040974020958,0,0.691965699195862,0,780.342406511307,0,136.627718061209,0,8.20129138231277,0,514.639441430569,0,1628.15572014451,0,1986.84540167451,0,545.740588515997,0,0,0,79.0171877741814,14.7118561267853,21.774130821228,0,74.3370425105095,1.72857192158699,151.823145270348,0,26.3506590723991,0,212.677637398243,8.05802685022354,7.84999316930771,0,77.3194384276867,0,1.93272241950035,0,4976.89758449793,0,1.16443198919296,0,232.133853286505,0,0,0,0,0,8.84321057796478,0,4.87992930412292,0,0,0,0,0,0,0,0,0,0,0,0,0,0,0,0,0,0,0
0,744.312604695559,0,90.3914890289307,0,0,0,600.405188828707,0,0,0,225.319472432137,0,68.1549270153046,0,0,0,61.7503867447376,0,49.644115537405,0,0,0,0,0,0,0,0,0,59.827992528677,0,0,1.25298738479614,9.81919598579407,11.2461404204369,4.91771671175957,4.34967446327209,282.897018641233,0,17.5280304849148,0,42.3090143799782,22.3129131793976,34.6921029686928,2.12934064865112,18.3866911530495,0,67.6439204216003,0,94.6338903307915,0,635.575178533792,0,6.05811005830765,0,72.8702247142792,0,807.937201738358,0,2071.21132552624,0,2162.16615441442,0,929.205092728138,0,0,7.35536903142929,168.012692093849,0,4.42991334199905,0.837774991989136,129.811931878328,0,472.694817960262,0,144.398753374815,28.269592165947,486.889724612236,0,37.7923230826855,0,1440.45507791638,0,70.5706025958061,0,5315.60932439566,0,0.400199711322784,0,615.65782225132,0,0,0,0,0,65.8099237084389,0,0,0,0,0,0,0,0,0,0,0,0,0,6.87974035739899,0,0,0,0,0,0
137.192664265633,20.7906947135925,76.4448908269405,0.727115511894226,0,0,8.7135511636734,0,0.281213253736496,0,6.14987403154373,0,9.77562654018402,0,0,0,18.6174284219742,0,1662.55179521441,37.2023898363113,5.46979039907455,0,228.428557872772,0,0,0,0,0,204.466703146696,0,700.146942585707,26.4943433403969,6014.77444547415,1004.45035716891,2326.4480985105,651.208170264959,585.030604273081,668.807659566402,459.937782585621,45.2965438961983,35.822195738554,4.66564750671387,3627.58268088102,1061.9056096971,1734.04033637047,573.348045557737,980.234231948853,192.151612758636,528.061714172363,159.540057122707,892.336771428585,37.2788425087929,52.5346034765244,4.20622742176056,177.532618403435,50.0130282640457,204.289805114269,173.720479905605,2361.00974100828,250.607332378626,314.777198284864,9.35099506378174,99.6764474511147,5.73209691047668,79.0171877741814,7.35536903142929,0,2433.24833372235,1965.56540670991,185.515453875065,198.377024024725,45.244198679924,511.180703759193,58.2810803055763,59.2131891548634,12.1005797982216,1299.38299080729,432.127884864807,4.54446259140968,0,108.796917796135,6.4658277630806,13.685863673687,0,282.724745720625,1.66878592967987,16.6224684417248,0.541341722011566,447.27371904254,3.53713151812553,4.73901742696762,0,0,0,60.4652813673019,0,16.1499289274216,0,9.82232493162155,1.00614631175995,0,0,0,0,0,0,2.03024816513062,0,0,1.09227108955383,0,0,0,0,0,0
5.96005296707153,39.2063081264496,0,216.342840701342,0,0,0,38.8844012022018,0,3.33335447311401,0,20.2186999320984,0,9.76895606517792,0,3.75827008485794,2.77455067634583,12.1331520080566,48.7813859581947,1294.00950545073,0,2.78990650177002,0,87.9531258642673,0,0,0,0.59049528837204,14.1947308778763,32.6874330937862,31.5847815573215,363.049557358027,84.3469300866127,5543.13111522794,346.08414670825,1570.48734298348,640.266960501671,928.235500574112,88.5841376781464,577.903125792742,0,117.072302132845,1085.01239067316,3222.25421014428,482.654712975025,2370.8398925662,430.030207961798,1809.32346442342,171.580775618553,509.62750646472,70.0849514901638,663.30957826972,4.55510365962982,69.6269952058792,11.2125248908997,206.261400908232,41.3249879479408,396.264768928289,372.860910177231,3051.26236647367,37.4178911447525,83.0883597135544,12.8584177494049,111.384765684605,14.7118561267853,168.012692093849,2433.24833372235,0,82.6662897467613,549.991740167141,101.479617416859,214.085962504148,119.250215172768,444.580431699753,15.7432736158371,168.972177296877,675.182878732681,782.14966571331,0.647922337055206,15.4935315847397,8.7651070356369,158.252312779427,0,24.6997746527195,20.7087746858597,473.453473955393,0,57.8006476759911,29.2699156403542,164.088179856539,1.98983883857727,0.480889916419983,0,0,1.65768575668335,51.877091050148,0,1.17569053173065,0,5.63912391662598,0,0,0,0,0,0,0,0,0.992592036724091,2.89780604839325,0,0,0,0,0,1.09523558616638
1914.39450234175,187.571394473314,144.448605656624,54.6854514479637,0,0,30.5256459414959,15.2732625007629,0,0,98.9580653011799,0,67.4300483465195,0,0,0,39.0444467365742,0,2716.36396431923,602.088208884001,0,0,5.76706326007843,0,0,0,0,0,157.580372095108,0,16.8228470683098,4.64661359786987,1254.11744335294,804.798477590084,1.5912059545517,10.1543848514557,243.361375212669,8.18085193634033,91.1326275467873,0,0,0,0,0.876809120178223,0,0,10.8351757526398,0,0,0,10.3221427798271,0,2.90444993972778,0,1.26835560798645,0,997.459776252508,106.125263750553,517.404928982258,4.70043581724167,32.3009147644043,0,47.3502321839333,1.9273020029068,21.774130821228,0,1965.56540670991,82.6662897467613,0,476.257172465324,467.064219743013,102.442380398512,605.471072226763,19.1497629284859,322.384109318256,0.760650038719177,2963.73278921843,412.707773864269,5.88702803850174,0,7.89796358346939,0.92763090133667,34.1962834000587,0,9.43973037600517,0,0,0,3.8679004907608,0,0,0,0,0,146.10709130764,0,48.376711666584,0,0,0,0,0,0,0,0,0,0,0,2.31328743696213,6.61993944644928,0,0,0,0,0,0
52.6331850886345,570.811128795147,0.694654643535614,79.6928797364235,0,0,0,10.7838210463524,0,0,0,7.4729700088501,0,1.71361780166626,0,0,1.97099903225899,44.7399623692036,107.267172604799,3272.08702814579,0,0,0,2.35284924507141,0,0,0,0,3.06618213653564,9.82361328601837,2.65143668651581,1.41510945558548,148.160604953766,1099.16131317616,7.713045835495,0,0,20.5787718296051,0,46.2199407219887,0,0,0,1.42155623435974,0,0.67790275812149,3.2635133266449,11.2424296140671,0,0,0,0,0,0,0,0,18.3588808178902,1657.21269240975,15.0124737620354,31.8154559135437,0,4.77180153131485,6.53516930341721,21.8555936217308,0,4.42991334199905,185.515453875065,549.991740167141,476.257172465324,0,72.3326425552368,576.614927053452,36.7675957679749,198.156313747168,0.664747953414917,84.9614521861076,374.545356273651,1123.38317507505,0,3.85389125347137,0,18.5745590031147,0,0,0,2.11012542247772,0,0,0,0,0,0,0,0,0,63.8521477878094,0,0,0,0,0,0,0,0,0,0,0,0,0,0,0,0,0,0,0,0
2804.66399672627,136.674904853106,2045.73278710246,937.843532264233,770.659266144037,193.869868844748,3287.55751159787,652.707442700863,1189.90952208638,73.9428677558899,864.882735997438,88.3760778903961,2354.13162013888,83.0637794733047,1208.66543960571,49.0293732881546,92.6515244841576,18.5947837233543,2140.09819826484,1023.22298794985,797.722390770912,158.345638781786,1474.79584786296,1238.78290933371,425.847083479166,286.003930360079,568.365116089582,209.047608822584,825.874182909727,18.632576584816,1182.55581051111,627.468555212021,247.568199336529,340.712684243917,45.4357163310051,6.22341519594193,468.668777346611,15.4579613506794,58.2471233308315,4.4273470044136,207.110439628363,39.9703834652901,10.3950354158878,3.34400051832199,6.09880417585373,0,114.607378870249,5.4958958029747,6.07822260260582,0,39.3455127477646,0,45.0964299142361,0,4.94252154231071,3.0141978263855,564.323756963015,73.490659058094,92.4556068778038,16.8945483565331,150.360994517803,2.05718725919724,81.7402017116547,4.14459723234177,74.3370425105095,0.837774991989136,198.377024024725,101.479617416859,467.064219743013,72.3326425552368,0,819.659226834774,6944.78312778473,167.686325728893,3164.42252361774,109.232659816742,6034.29783701897,236.229870647192,2.91861528158188,3.37144458293915,40.1526391506195,2.24041169881821,193.792127937078,1.07647085189819,300.249615311623,0,18.6378496289253,3.48191940784454,142.464117854834,2.14625322818756,22.0154649019241,4.43347877264023,4.42305433750153,2.41307657957077,167.244134247303,19.3150944113731,27.4743622541428,2.70522332191467,13.0713180303574,0,20.1092578470707,0.817378461360931,30.4199600815773,5.86290776729584,34.5686087906361,2.5329612493515,21.9341337680817,2.01011419296265,34.3674023747444,12.765769392252,0,0,0,0,0,13.5260702669621
104.444342464209,3839.88970220089,305.360773473978,2670.55907869339,89.2380784451962,1117.07967093587,329.785520404577,4634.41805133224,95.648212313652,970.476775288582,54.3536873459816,1383.4256786406,133.137155950069,1139.82450866699,33.8087566494942,791.577994465828,6.45405369997025,373.244494825602,859.528484880924,1412.10822477937,32.1901654005051,371.781694293022,419.078164756298,1526.30710920691,124.006972074509,700.370322793722,105.418006569147,860.794821590185,66.4378560781479,259.679990202188,220.929740101099,631.919876754284,54.4225193858147,267.934998631477,0,5.19440773129463,38.8902180790901,172.866217404604,14.2953863143921,66.1136427521706,25.279854118824,198.724217027426,3.58497965335846,6.17797344923019,0,2.15715438127518,11.269978582859,225.047271430492,0,0,0.981202244758606,6.33736705780029,0,0,0.711623668670654,5.57974576950073,15.1978220045567,816.738752990961,5.83758956193924,78.1582117378712,0.722203373908997,265.497340857983,2.25180923938751,261.249963849783,1.72857192158699,129.811931878328,45.244198679924,214.085962504148,102.442380398512,576.614927053452,819.659226834774,0,238.382161945105,5120.5680693388,60.2182282805443,3504.09428906441,284.646579742432,8306.94020470977,0,17.1254407167435,3.1225334405899,235.415198475122,7.2017297744751,5.5972785949707,2.78400510549545,442.38948366046,3.00429129600525,11.5054947137833,5.52506810426712,38.5430057644844,14.6603766083717,69.2614717483521,0,47.548644900322,21.544719606638,313.161803781986,46.0836922228336,10.1849674582481,7.55986845493317,18.0871735811234,10.3876970410347,17.1714220046997,19.5082907676697,56.2949364185333,23.9435048699379,48.9027515053749,34.3520939946175,9.32830256223679,54.73888027668,31.1952039003372,2.68403273820877,1.33253645896912,3.36793273687363,0,0,12.1220400333405
1670.20386597514,48.2039108872414,1118.18187353015,330.727357029915,652.527116626501,6.03724122047424,569.368375301361,179.962425857782,986.439937412739,7.48491591215134,299.918404698372,9.41958296298981,1187.31403854489,4.72786295413971,2707.99628657103,1.12533581256866,179.801360368729,0,1362.7500872314,550.93859910965,85.5873355567455,7.93567842245102,544.728005409241,609.775633215904,178.170090764761,15.6015622019768,166.04095697403,5.05245321989059,1842.63739666343,1.05364096164703,297.16613265872,253.845874577761,136.430025160313,285.131906837225,135.344647705555,176.454493165016,927.839491784573,63.8227935433388,158.849107950926,2.29928940534592,406.312183737755,42.5773481726646,586.443945586681,10.629609644413,296.640433162451,0,587.777073353529,6.02128446102142,452.789565652609,0,667.190528184175,0,169.677619248629,0,118.591194868088,1.88278341293335,1436.90738871694,6.21701526641846,699.632113218307,3.71371519565582,405.765699774027,0,286.986955553293,0,151.823145270348,0,511.180703759193,119.250215172768,605.471072226763,36.7675957679749,6944.78312778473,238.382161945105,0,30.9574475884438,2197.56444495916,50.8417106568813,4113.97607818246,120.68101426959,26.3472428023815,0,370.894038498402,0,513.000913441181,0.650261998176575,454.658799499273,0.691868543624878,190.263152480125,0,365.060367405415,1.95103091001511,73.6503873467445,16.5461432337761,32.3572838008404,6.43963950872421,226.495038866997,32.0023159384727,100.39082056284,3.77427136898041,61.7614154219627,7.32798421382904,23.9856951832771,5.12947821617126,47.4987650513649,23.3360432088375,42.8193905949593,22.3622813820839,26.0434172749519,3.89412903785706,31.7792810201645,17.3721241354942,2.52911418676376,1.05646121501923,0,0,0,11.5248382091522
10.4398247599602,1926.36470499635,59.1604970097542,1588.37613987923,15.5838112235069,1064.92320561409,33.9001886844635,1497.18367090821,18.3358927071095,1199.4557184577,3.10356497764587,883.329458445311,8.79408144950867,1309.45152696967,2.3555888235569,3149.67248901725,0,1685.59011724591,248.332118153572,694.306389570236,4.829410135746,228.589632511139,81.1801812648773,699.598255485296,14.528239607811,297.411466002464,9.91484767198563,615.081909418106,7.54839310050011,4780.66143086553,56.6370347738266,127.949580430984,30.0637418925762,167.643128842115,34.4192389249802,39.2854746878147,40.3874073624611,424.783098638058,1.42839843034744,79.0542095303535,5.94906002283096,1367.24626252055,26.2748168110847,320.615067303181,7.79704660177231,297.070999026299,14.7743448019028,609.303191572428,0,279.6495475173,0,359.731710523367,0,128.041974484921,0,164.91220626235,3.96127772331238,1759.95550179482,3.98455810546875,624.938181638718,0,284.067918747663,0,838.637759596109,0,472.694817960262,58.2810803055763,444.580431699753,19.1497629284859,198.156313747168,167.686325728893,5120.5680693388,30.9574475884438,0,7.6927387714386,1306.76117578149,105.890666931868,1491.35080429912,0,322.051712185144,0,1571.26961860061,0,735.293857365847,0,1105.0055898428,0.856448352336884,258.985946267843,2.92306697368622,216.329066246748,1.28951859474182,21.5812438130379,0,3.70557963848114,5.96680271625519,123.505730837584,10.5689074993134,9.51988250017166,0.763911187648773,31.9002050757408,1.16880869865417,4.80797404050827,6.1489725112915,22.2320442795753,5.4438601732254,7.56663197278976,4.37012979388237,3.8346756696701,6.22123321890831,9.81175714731216,0,0,0,0,0,0
867.115506768227,4.95567122101784,229.401122391224,24.5279039740562,11.0826130211353,0,118.617399424314,23.8200110793114,36.6329782009125,1.41603493690491,63.785710722208,0,100.463399797678,0,81.5953591763973,0,26.3375257849693,0,411.931761234999,113.821783065796,50.316247522831,0,46.908479064703,25.2868320345879,3.35588133335114,0,6.55590564012527,2.04855626821518,107.593132138252,0,21.2160603404045,29.3153558373451,25.503365278244,55.0553202331066,7.66915464401245,4.54339396953583,1049.88691470027,19.1505581140518,127.776915580034,4.34592345356941,310.727359473705,12.4867721199989,15.6201924085617,0,35.6744413375854,0,39.0713692009449,0.997790098190308,20.5903176665306,0,43.2601692676544,0,9.79852211475372,0,6.66940486431122,0,508.827104926109,0,142.422364413738,0,80.6976890563965,0,37.7954167723656,0,26.3506590723991,0,59.2131891548634,15.7432736158371,322.384109318256,0.664747953414917,3164.42252361774,60.2182282805443,2197.56444495916,7.6927387714386,0,71.5073057413101,2470.09631624818,60.7379766404629,0.737319946289062,0,16.7075736522675,0,22.2433530688286,0,31.5473253726959,0,17.9081989228725,0,41.9068903923035,0.659738421440125,119.430835992098,110.289828509092,72.0487105548382,45.8721542060375,406.923236817122,81.7377764582634,136.98213544488,25.1559289097786,42.1263232827187,31.2108394801617,51.1827899515629,31.1375040411949,121.510073214769,129.250045359135,91.1878725588322,51.6630093455315,65.3729619681835,17.7594120502472,81.6747414171696,19.3636334240437,14.9578868150711,1.34325933456421,1.8485631942749,0.404416024684906,0,22.4710636734962
0.841937303543091,668.192936420441,8.47375863790512,550.187735617161,0,59.6739956438541,2.87089049816132,539.820903688669,0,138.475421965122,1.43412482738495,153.04162466526,4.21421313285828,212.051565736532,0,160.411863923073,0,57.8524503111839,86.5683459937572,421.081955969334,0,12.4948946833611,5.06917589902878,197.517987936735,0,25.7204529941082,0,21.6167952716351,1.87769150733948,40.2808493077755,19.3445594906807,29.2408893704414,9.79082661867142,95.7482801377773,13.8262295126915,10.5060235261917,74.9402360916138,572.806037902832,37.1948627829552,79.4461549520493,28.054617524147,411.956824302673,6.74422174692154,76.6690127551556,1.16606336832047,115.186536729336,4.49012064933777,178.067549884319,0,88.4477035105228,0,115.517475455999,0,25.4626167416573,0,38.8160584867001,1.0149188041687,409.64580053091,0,197.822329878807,0,62.8511688709259,0,73.2629444301128,0,144.398753374815,12.1005797982216,168.972177296877,0.760650038719177,84.9614521861076,109.232659816742,3504.09428906441,50.8417106568813,1306.76117578149,71.5073057413101,0,49.9647327065468,1492.46795493364,0,7.35366559028625,0,64.9561839997768,1.83563131093979,4.7251441180706,2.79521358013153,103.487188011408,2.3442177772522,23.730087429285,8.40919291973114,49.992056697607,92.2263900637627,125.406478375196,48.2399055957794,73.1660631895065,44.7214747369289,400.663127362728,114.071782171726,32.242461591959,38.8967520296574,79.0345102846622,47.3339407742023,41.0029193758965,119.970016270876,119.923656731844,65.9389221072197,62.939931511879,48.2600715756416,18.1437294483185,30.6675451099873,31.9483434855938,10.9592913389206,2.22399052977562,3.055988073349,0.448430389165878,0.379063218832016,12.2900266647339
3604.2583103776,452.790081769228,1326.89152902365,200.71005859971,34.4278923273087,0,891.916823685169,123.109461098909,177.468969583511,0,410.778901964426,13.2721588611603,892.582342654467,0,401.522698462009,0,137.335534214973,9.29296109080315,2613.55732163787,878.662064313889,25.9221624135971,0,228.598437786102,45.1613924205303,2.4630623459816,0,4.91304296255112,1.05278325080872,636.994430154562,7.44387501478195,223.947889834642,189.305247306824,182.264279454947,506.199966341257,201.489606499672,164.902615338564,4322.95010870695,254.103257775307,238.779036819935,25.9483863115311,326.587504416704,7.51940447092056,482.219796866179,159.655214935541,569.422136574984,63.6373400092125,743.001061558723,68.3075545430183,630.346906810999,29.3187286257744,627.550548106432,20.7457346022129,94.2321882247925,1.39727085828781,116.351492345333,12.0449184775352,2139.70865496993,495.565942406654,1305.29263675213,135.021386265755,738.559824109077,26.0813178420067,282.254787027836,51.1235836148262,212.677637398243,28.269592165947,1299.38299080729,675.182878732681,2963.73278921843,374.545356273651,6034.29783701897,284.646579742432,4113.97607818246,105.890666931868,2470.09631624818,49.9647327065468,0,708.134394049644,6.94948667287827,0.788027346134186,136.624695450068,69.7026507854462,138.663843482733,4.23704624176025,389.608941227198,48.3732451498508,111.448534429073,0,395.823676794767,2.04698616266251,106.363374382257,29.1012344360352,117.874081581831,14.6986123323441,1232.45853120089,89.8082478642464,413.444503903389,5.7414311170578,47.4505812525749,5.19082546234131,62.2719780802727,12.2222484350204,107.233911365271,45.5626212358475,290.085109740496,74.6196439862251,66.3178858458996,6.91063499450684,810.465785980225,850.595233261585,21.0856711566448,0.502500295639038,7.39397999644279,7.36964195966721,2.50106018781662,96.671284288168
251.90763348341,4735.88012987375,46.1205520629883,2349.70487767458,0,115.669614315033,24.0639210939407,2812.81099629402,0,293.57010397315,14.3583323955536,554.384865611792,2.39344537258148,492.261205226183,0,229.180209368467,7.08332365751266,231.927578568459,764.351247936487,1966.40112510324,0,15.2521200180054,6.10855263471603,708.894461929798,0,35.5515584945679,0,31.0637392103672,10.6511212587357,75.2000996172428,77.0319613218307,92.9397831857204,139.144149631262,561.177072316408,59.7649476230145,108.660721093416,190.329348027706,3668.00336578488,50.4289102554321,299.406178236008,0.726190030574799,164.784983187914,88.2630487084389,347.082149118185,49.6069510579109,329.020219951868,67.3322941660881,1171.17127099633,15.5888343453407,265.746878921986,11.3075023889542,296.024876087904,3.9230055809021,67.6332187652588,15.3034902215004,165.91383972764,65.2507181763649,2463.0549775064,126.282371491194,802.700375258923,25.2235404849052,298.757079035044,22.0153566896915,442.357849806547,8.05802685022354,486.889724612236,432.127884864807,782.14966571331,412.707773864269,1123.38317507505,236.229870647192,8306.94020470977,120.68101426959,1491.35080429912,60.7379766404629,1492.46795493364,708.134394049644,0,0.844105660915375,23.3636376559734,10.4659876823425,349.832265943289,3.43462818861008,41.5583737492561,12.3093592524529,604.016624867916,0.602575719356537,140.665790379047,2.60334295034409,232.459476590157,60.999292910099,215.579153478146,35.7240171134472,238.353460758924,177.72795984149,1384.28994739056,86.7111770510674,29.3384532034397,17.98599588871,55.0288628637791,24.0543220639229,77.6495561599731,83.0436275303364,238.078671067953,128.162722080946,339.254590988159,65.0193613767624,56.5655011832714,780.491305917501,1161.71850004792,27.7854890227318,3.42672294378281,6.38834419846535,12.4310159981251,4.24922770261765,126.701367557049
7.93255358934402,0,1.17693692445755,0,0,0,0,0,0,0,19.1476527452469,0,3.58322066068649,0,0,0,648.323260068893,0,0.582852482795715,0,0,0,0,0,0,0,0,0,366.85822480917,0,0,0,0.60334450006485,1.34269058704376,2.21590757369995,0,1.70326071977615,2.12980079650879,0,0,0,0,0,0,6.87186336517334,0,0,0,3.02167290449142,0,14.5006591379642,0,2.44925022125244,0,0.483487993478775,0,284.835939913988,0,42.8617314398289,0,31.8503114581108,0,221.550809890032,0,7.84999316930771,0,4.54446259140968,0.647922337055206,5.88702803850174,0,2.91861528158188,0,26.3472428023815,0,0.737319946289062,0,6.94948667287827,0.844105660915375,0,0,829.055146872997,0,30.0195287764072,0,28.7757928371429,0,0,0,6.99733126163483,0,0,0,0,0,0,0,0,0,0,0,0,0,0,0,0,0,0,0,0,0,0,0,0,0,0,0
0,4.46816504001617,0,8.02453112602234,0,0,0,6.48840397596359,0,0,0,3.90962696075439,0,5.9821725487709,0,1.03644442558289,0,142.775182574987,0,3.70450639724731,0,0,0,0,0,0,0,0,0,213.813775807619,0,0.841305553913116,0,6.63598144054413,1.6424788236618,3.26501893997192,1.7736508846283,1.91504645347595,0,0,0,0,0,0,0,2.60608649253845,0,1.91842293739319,0,2.85686779022217,0,10.2882551848888,0,0,0,1.28810676932335,0,42.8379672169685,1.30495262145996,75.7164638340473,0,14.6704621911049,0,133.283566921949,0,37.7923230826855,0,15.4935315847397,0,3.85389125347137,3.37144458293915,17.1254407167435,0,322.051712185144,0,7.35366559028625,0.788027346134186,23.3636376559734,0,0,0,1724.83135014772,0,17.3008424639702,0,42.4132140874863,0,0,0,4.81977778673172,0,0,0,0,0,1.46614277362823,0,0,0,0,0,0,0,0,0,0,0,0,0,0,0,0,0,0,0,0
96.1533405184746,0,14.9476321041584,0,2.61346489191055,0,10.6499267816544,0,1.35674893856049,0,383.942169547081,0,99.9686141908169,0,8.96385091543198,0,1445.26324984431,0,6.70516955852509,0,0,0,0,0,0,0,0,0,1315.36622202396,0,0,0,5.17029446363449,44.7196438312531,24.5680315792561,14.1574825644493,34.1493180692196,7.28559547662735,7.65067994594574,0,4.32384431362152,0,80.094054967165,2.14228630065918,114.258404821157,0,73.6762074828148,0,213.527110993862,0,487.875805974007,0,99.028503537178,0,32.425156056881,0,380.499086588621,2.27426517009735,262.882901549339,0,203.861551374197,0,2699.22023445368,0,77.3194384276867,0,108.796917796135,8.7651070356369,7.89796358346939,0,40.1526391506195,3.1225334405899,370.894038498402,0,16.7075736522675,0,136.624695450068,10.4659876823425,829.055146872997,0,0,0,1216.78951743245,0,4690.25647702813,0,50.7425748407841,0,80.612613350153,0,0,0,0,0,0.586573481559753,0,3.09589636325836,0,8.08012849092484,0,0,0,0,0,0,0,0,0,0,1.7248260974884,0,0,0,0,0,0.529085278511047
0,118.957682013512,0,19.7411454617977,0,6.77362638711929,0,37.0875195264816,0,2.71448081731796,0,228.161535263062,0,112.140349686146,0,27.9764557182789,1.2052766084671,838.582577943802,0,10.6171343922615,0,0.751840651035309,0,4.0018362402916,0,0.379949867725372,0,3.80920970439911,0,742.103851377964,0,0,1.51926791667938,53.9987853467464,10.9324991703033,17.7379249334335,1.60477387905121,131.209335118532,0,15.1546795368195,0,89.5860471427441,4.84343004226685,187.826657950878,2.101358294487,144.563000380993,0,219.394685328007,0,193.132635295391,0,343.342671215534,0,59.7169460058212,0,60.8038254678249,0,227.215470254421,0,285.952811360359,0,115.283582419157,0,2874.82970386744,0,1440.45507791638,6.4658277630806,158.252312779427,0.92763090133667,18.5745590031147,2.24041169881821,235.415198475122,0,1571.26961860061,0,64.9561839997768,69.7026507854462,349.832265943289,0,1724.83135014772,0,0,0,3129.41253876686,0,7694.74779292941,0,131.56049913168,0,67.9436201155186,0,3.62440711259842,0,0,0,24.0503926873207,0,0,0,7.87425357103348,0,0,0,0,0,0,0,0,0,0,0,0,0,0,0,0
63.8474597930908,0,109.717161506414,4.46039545536041,40.400956004858,0,42.9287732243538,0,38.9534986615181,0,180.448280930519,0,74.4021181762218,0,256.346769988537,0,324.491943597794,0,161.400247514248,15.4708547592163,4.2887334227562,0,2.56009584665298,1.15534043312073,5.25969907641411,0,8.58171993494034,0,2141.1062592864,0,4.22091224789619,10.9820839166641,2.17870455980301,12.2366577982903,8.42427155375481,0,294.870164126158,0,52.7591541111469,0,640.928647458553,0,26.8634181916714,0,3.50065076351166,0,62.3087033629417,0,6.59107607603073,0,62.599971562624,0,12.2605742514133,0,32.0234026610851,0,62.7677945792675,0,15.5186921954155,0,156.110337615013,0,173.870535224676,0,1.93272241950035,0,13.685863673687,0,34.1962834000587,0,193.792127937078,7.2017297744751,513.000913441181,0,22.2433530688286,1.83563131093979,138.663843482733,3.43462818861008,30.0195287764072,0,1216.78951743245,0,0,0,711.553421467543,0,732.126113861799,0,215.413535803556,0,0,0,0,0,4.62176287174225,0,2.21260529756546,0,0,0,0,0,0,0,0,0,0,0,0,0,0,0,0,0,0,0
0,0,0,0,0,94.6033547818661,0,0,0,8.76927277445793,0,0,0,0,0,134.611779630184,0,3.93608474731445,0,0,0,84.1978428065777,0,0.820920705795288,0,0.921880960464478,0,40.8297739326954,0,867.877153426409,0,0.672231018543243,0,0.431066542863846,0,1.61887234449387,0,300.041773885489,0,87.1785019040108,0,2423.06921947002,0,45.1466361880302,0,1.52942103147507,0,42.6718245446682,0,9.8046837747097,0,34.3108217716217,0,7.15238267183304,0,51.7272545099258,0,2.14070338010788,0,13.1099717617035,0,2.48362618684769,0,11.4838790297508,0,70.5706025958061,0,24.6997746527195,0,0,1.07647085189819,5.5972785949707,0.650261998176575,735.293857365847,0,4.7251441180706,4.23704624176025,41.5583737492561,0,17.3008424639702,0,3129.41253876686,0,0,0,971.806325852871,0,1264.05965480208,0,205.761803686619,0,0,0,0,0,1.9894634783268,0,0,0,0.512361347675323,0,0,0,0,0,0,0,0,0,0,0,0,0,0,0,0
1957.33322930336,0,79.5402891039848,0,16.8970076739788,0,603.516242802143,0,6.40413582324982,0,1175.21661743522,0,205.788947761059,0,58.7574884295464,0,365.07041156292,0,18.6290792524815,0,6.22114640474319,0,0,0,1.82012212276459,0,1.07950115203857,0,666.120958507061,0,1.57427096366882,0.817653715610504,5.33666586875916,46.6929357051849,105.550881266594,72.1168023347855,252.317593872547,10.6597241163254,65.0276070535183,0,138.207304030657,0,394.65170532465,10.243180513382,151.946393042803,0,451.351443320513,0,340.66932824254,0,3009.50513964891,0,1236.16519492865,0,254.335057526827,0,809.37133410573,0,381.879759043455,0,3082.05162775517,0,2689.7424492836,0,4976.89758449793,0,282.724745720625,20.7087746858597,9.43973037600517,0,300.249615311623,2.78400510549545,454.658799499273,0,31.5473253726959,2.79521358013153,389.608941227198,12.3093592524529,28.7757928371429,0,4690.25647702813,0,711.553421467543,0,0,0,588.686263233423,0,5009.57538819313,0,13.0652871727943,0,0,0,12.3025175631046,0,3.40471839904785,0,36.7856895923615,0,0,0,0,0,0,0,0,0,0,0,0,0,0,0,0,0
0,588.088203042746,0,22.3579797744751,0,20.6107591986656,0,364.319397866726,0,5.9793564081192,0,335.797577798367,0,57.2065172791481,0,51.2275287508965,0,265.137050688267,0,7.01042115688324,0,3.28288292884827,0,0,0,1.73537114262581,0,6.70337414741516,0,209.400036245584,0,0,0,36.3507641553879,22.0123614668846,53.2750419378281,4.09356707334518,763.433467149734,0,145.416367441416,0,345.477427214384,26.5335544347763,625.052213102579,2.81806093454361,205.61866542697,0,881.298861414194,0,460.443366825581,0,6179.4412766695,0,825.091572910547,0,912.441992759705,0,410.030146092176,0,394.103719085455,0,226.4457654953,0,1849.96392294765,0,5315.60932439566,1.66878592967987,473.453473955393,0,2.11012542247772,0,442.38948366046,0.691868543624878,1105.0055898428,0,103.487188011408,48.3732451498508,604.016624867916,0,42.4132140874863,0,7694.74779292941,0,971.806325852871,0,0,0,1296.1778576076,0,4541.44455476105,0,6.85704332590103,0,0,0,27.0259085595608,0,0,0,47.5418006181717,0,0,0,0,0,0.451825231313705,0,1.87223243713379,0,0,0,0,0,0,0,0
0,0,0.589778780937195,0,32.4080242812634,0,0,0,22.6652061343193,0,0,0,7.60063233971596,0,130.194910258055,0,0.584378898143768,0,0,0,7.45965319871902,0.577248811721802,0,0,2.41478928923607,0,12.0737591981888,0.905491054058075,542.865292876959,0,1.5243564248085,0.676405847072601,0,0,5.13164627552032,1.28032422065735,1072.93618005514,0,279.549561172724,0,890.41244199872,1.36388003826141,14.2161245942116,0,1.78772699832916,0,133.343489378691,0,1.31864190101624,0,11.9449538290501,0,20.4856365919113,0,282.410788446665,0,0,0,0,0,1.78810453414917,0,1.38267731666565,0,1.16443198919296,0,16.6224684417248,0,0,0,18.6378496289253,3.00429129600525,190.263152480125,0.856448352336884,17.9081989228725,2.3442177772522,111.448534429073,0.602575719356537,0,0,50.7425748407841,0,732.126113861799,0,588.686263233423,0,0,0,1482.47994121909,0,0,0,0,0,4.76881957054138,0,2.8577521443367,0,0.392945140600204,0,0,0,0,0,0,0,0.49216502904892,0,0,0,0,0,0,0,0,0
0,0,0,0,0,23.7980045080185,0,0,0,6.52821123600006,0,0,0,0.436898618936539,0,52.0597998201847,0,0,0,0,0,10.9291982650757,0,0,0,0,0,6.82111096382141,0,89.3080206513405,0,0.468821674585342,0,0,1.97926878929138,4.30976033210754,0,1157.77349790931,0,655.343399405479,1.39509046077728,2193.30249422789,0,25.4111692905426,0,2.31102448701859,0,71.8868394494057,0,0.584837138652802,0,3.38997289538383,0,3.3501518368721,0,901.621819853783,0,0,0,0,0,0,0,0,0,0.400199711322784,0.541341722011566,57.8006476759911,0,0,3.48191940784454,11.5054947137833,0,258.985946267843,0,23.730087429285,0,140.665790379047,0,0,0,131.56049913168,0,1264.05965480208,0,1296.1778576076,0,0,0,1863.74754217267,0,0,0,0,0,10.5456230044365,0,0,0,1.48652589321136,0,0,0,0,0,0,0,0,0,0,0,0,0,0,0,0
566.00868833065,0,8.07634201645851,0,31.4460145235062,0,243.66329434514,0,23.3029510378838,0,59.5035561323166,0,6.8082572221756,0,128.465042114258,0,23.2404906749725,0,0,0,25.987396389246,0,0.349792033433914,0,2.23963588476181,0,6.89998406171799,0,411.565450906754,0,0.769189119338989,0.757515668869019,0,13.825989484787,159.522064387798,154.506099671125,1683.17044064403,2.55551928281784,461.306679695845,0,394.373819440603,3.78893423080444,769.372043579817,7.54526317119598,66.2500216066837,0,1497.42290911078,0,181.621206283569,0,1529.71198770404,0,2095.80760914087,0,2990.57991287112,0,287.281067967415,0,246.377777278423,0,339.61574691534,0,64.4434651136398,0,232.133853286505,0,447.27371904254,29.2699156403542,3.8679004907608,0,142.464117854834,5.52506810426712,365.060367405415,2.92306697368622,41.9068903923035,8.40919291973114,395.823676794767,2.60334295034409,6.99733126163483,0,80.612613350153,0,215.413535803556,0,5009.57538819313,0,1482.47994121909,0,0,0,34.7675274014473,0,0,0,13.0104308128357,0,4.15400326251984,0,83.2600001394749,0,0,0,0,0,0,0,0,0,0,0,0,0,0,0,0,0
0,56.2723127007484,0,0,0,7.83159449696541,0,29.2290675640106,0,0.628551542758942,0,5.36042630672455,0,0,0,19.6546530425549,0,1.84492921829224,0,0,0,2.25910574197769,0,0,0,0,0,5.44119656085968,0,44.8201018571854,0,1.23307305574417,0,0.753259479999542,4.21509402990341,24.427891343832,1.12166422605515,1409.34000015259,0,393.957330867648,0.557348787784576,447.071774065495,18.6642199456692,302.366597354412,1.42369043827057,90.5058282315731,0,716.743917003274,0,171.873688161373,0,1278.71967494488,0,1180.69530984759,0,3027.9623478055,0,52.0766983032227,0,119.056293100119,0,28.8620611131191,0,18.3972776830196,0,615.65782225132,3.53713151812553,164.088179856539,0,0,2.14625322818756,38.5430057644844,1.95103091001511,216.329066246748,0.659738421440125,49.992056697607,2.04698616266251,232.459476590157,0,4.81977778673172,0,67.9436201155186,0,205.761803686619,0,4541.44455476105,0,1863.74754217267,0,0,0,8.87295573949814,0,0,0,11.6225174069405,0,0,0,24.3366107940674,0,0,0,0,0,0,0,0,0,0,0,0,0,0,0,0
0,0,0,0,0,0,0,0,0,0,0,0,0,0,0,0,0,0,0,0,1.04054963588715,0,0,0,0,0,0,0,0.882050216197968,0,0,0,0,0,0,0,155.086250841618,33.2821272909641,208.296617358923,12.4769436120987,4.8076776266098,0,291.928212761879,0,15.9884414374828,0,229.558088332415,0.853153169155121,31.446933567524,0,79.3566484153271,0,21.4466536939144,0,60.7206991314888,0,0,0,0,0,0,0,0,0,0,0,4.73901742696762,1.98983883857727,0,0,22.0154649019241,14.6603766083717,73.6503873467445,1.28951859474182,119.430835992098,92.2263900637627,106.363374382257,60.999292910099,0,0,0,0,0,0,13.0652871727943,0,0,0,34.7675274014473,0,0,184.588246315718,2327.93373444676,47.5883184373379,649.239805191755,262.973617225885,1903.73414573073,45.3705649673939,2351.93125927448,108.019991278648,552.780913293362,47.3440140783787,420.187130212784,187.71185708046,519.686425358057,107.876024514437,248.085659921169,46.7124341130257,30.1259343624115,8.10103887319565,91.9340665638447,48.77975872159,52.9442433714867,15.8101696968079,3.05467355251312,16.9477045238018
0,0,0,0,0,0,0,0,0,0,0,0,0,0,0,0,0,0,0,0,0,0,0,0,0,0,0,0,0,1.61439788341522,0,0,0,0,0,0,111.981640905142,104.510599195957,96.9591173231602,53.8106220364571,0,10.2613494992256,0,6.90728402137756,0,7.67816382646561,0,49.680341899395,0,26.2556373476982,0,68.2285744249821,0,52.1955661177635,0,81.3813124895096,0,0,0,0,0,0,0,0,0,0,0,0.480889916419983,0,0,4.43347877264023,69.2614717483521,16.5461432337761,21.5812438130379,110.289828509092,125.406478375196,29.1012344360352,215.579153478146,0,0,0,3.62440711259842,0,0,0,6.85704332590103,0,0,0,8.87295573949814,184.588246315718,0,41.5869704186916,2035.18440702558,93.1110349595547,940.638656884432,484.059605717659,382.594444602728,110.751605600119,1911.46679604053,69.3300453126431,190.999190866947,142.82968878746,528.371538728476,107.447356671095,543.706766933203,79.2312252521515,397.154347956181,151.8733279109,57.1346465647221,313.496072739363,50.0437367856503,129.998997300863,11.5252680182457,13.0688285529613,35.5127657651901
0,0,0,0,0,0,0,0,0,0,0,0,0,0,0,0,0,0,0,0,0,0,0,0,0,0,0,0,1.88818073272705,0,0,0,0,0,0,0,74.1610004007816,22.2869854569435,76.7922545969486,6.07458087801933,0.920600205659866,0,0,0,0,0,1.37322896718979,0,0,0,0,0,0,0,0,0,0,0,0,0,0,0,0,0,0,0,0,0,0,0,4.42305433750153,0,32.3572838008404,0,72.0487105548382,48.2399055957794,117.874081581831,35.7240171134472,0,0,0,0,0,0,0,0,0,0,0,0,2327.93373444676,41.5869704186916,0,11.6522162854671,838.399383842945,125.858722388744,930.601428806782,29.0087306201458,310.453636854887,33.9768745005131,943.581901937723,11.0931247472763,964.862731814384,67.2834442555904,992.861157208681,58.5882660448551,229.100840985775,25.1286319792271,80.930684953928,16.1005842685699,223.186624884605,40.3057169020176,176.451616495848,49.065767198801,5.41090971231461,31.4267061650753
0,0,0,0,0,0,0,0,0,0,0,0,0,0,0,0,0,0,0,0,0,0,0,0,0,0,0,0,0,0,0,0,0,0,0,0,59.5756157338619,59.5396095812321,53.364811450243,28.2823451459408,0,2.54510831832886,0,0,0,0,0,1.24585145711899,0,0,0,0,0,0,0,0,0,0,0,0,0,0,0,0,0,0,0,0,0,0,2.41307657957077,47.548644900322,6.43963950872421,3.70557963848114,45.8721542060375,73.1660631895065,14.6986123323441,238.353460758924,0,0,0,0,0,0,0,0,0,0,0,0,47.5883184373379,2035.18440702558,11.6522162854671,0,51.9570621550083,663.5568151474,237.438257187605,186.288690567017,30.582360714674,306.406410604715,22.7440223693848,1124.99710303545,76.4324063062668,1039.76026123762,72.2699256539345,1130.47090473771,54.9984151124954,199.896675735712,392.179698497057,140.573498904705,595.561643213034,41.39521920681,191.416563123465,66.150599360466,88.4701466560364,105.346039891243
173.232598721981,1.95348119735718,29.6869060099125,0,0,0,14.3110427260399,0,0.518350481987,0,8.72160112857819,0,11.1732189357281,0,2.58409529924393,0,12.7076990008354,0,79.0392570495605,0,0.542584538459778,0,3.03011161088943,0,0,0,0.61223578453064,0,31.1034203767776,0,4.04153862595558,0,5.49153789877892,9.79747754335403,10.8859146535397,5.40993684530258,225.349344670773,22.5678247213364,77.937851190567,8.71537852287292,7.6980220079422,0,11.1108756065369,0,13.1352338194847,0,64.2119522094727,4.5981724858284,31.9908792376518,0,46.2038068473339,0,1.54143834114075,0,0.593321621417999,0,176.47806429863,0,100.152016371489,0,42.2489708662033,0,41.9400730133057,0,8.84321057796478,0,60.4652813673019,1.65768575668335,146.10709130764,0,167.244134247303,21.544719606638,226.495038866997,5.96680271625519,406.923236817122,44.7214747369289,1232.45853120089,177.72795984149,0,0,0.586573481559753,0,4.62176287174225,0,12.3025175631046,0,4.76881957054138,0,13.0104308128357,0,649.239805191755,93.1110349595547,838.399383842945,51.9570621550083,0,175.055069446564,1730.66919249296,26.0113525390625,267.73829048872,36.2549070417881,378.475796461105,19.3966042995453,500.508718907833,105.479184091091,1039.51348531246,104.704262048006,247.188881367445,19.199219763279,234.629091799259,680.525272727013,508.213776797056,42.2608778774738,95.9078413546085,147.43408665061,31.2498617172241,94.5038208961487
1.46263062953949,234.41871419549,0,87.7853724956512,0,0.418427169322968,1.5838109254837,50.2284557521343,0,2.01933422684669,0,14.8431271016598,0,6.61737442016602,0,4.93367031216621,0,4.95429265499115,0,93.1851884126663,0,1.20904910564423,0,9.17046111822128,0,0,0,0,2.34625542163849,2.68800699710846,4.80586683750153,0.68313866853714,3.598648250103,23.6084222197533,0,4.02929991483688,64.3959304988384,267.021105498075,77.2468313574791,57.3412336409092,0,23.2717859148979,0,14.458253890276,0,14.5778516829014,1.94748604297638,49.0898134112358,0,6.9580352306366,0,23.2224517166615,0,0.620498895645142,0,6.57959288358688,0,188.81801378727,0,78.8684188425541,0,15.3852707445621,0,30.6773864328861,0,65.8099237084389,0,51.877091050148,0,63.8521477878094,19.3150944113731,313.161803781986,32.0023159384727,123.505730837584,81.7377764582634,400.663127362728,89.8082478642464,1384.28994739056,0,1.46614277362823,0,24.0503926873207,0,1.9894634783268,0,27.0259085595608,0,10.5456230044365,0,11.6225174069405,262.973617225885,940.638656884432,125.858722388744,663.5568151474,175.055069446564,0,292.798841118813,963.38193705678,59.8292950689793,641.351669192314,68.1339236497879,166.535296142101,127.365373790264,449.133537262678,136.19314032793,757.389738351107,68.8969300687313,147.236505299807,152.822245836258,284.373134791851,324.312688350677,37.5346086323261,58.1076622009277,37.2851943969727,21.2402880489826,45.803307145834
43.981348156929,9.08304059505463,0,0,0,0,0,0,0,0,0,0,0,0,0,0,0,0,8.2165624499321,0,0,0,0,0,0,0,0.849037826061249,0,4.12521743774414,0,0,0,4.43794977664948,0.621269047260284,4.21298450231552,2.06479740142822,178.030550152063,30.3527054488659,132.974661558867,23.6197974979877,3.7623855471611,1.07458591461182,8.58974367380142,0,11.5283208489418,0,65.8485493063927,0.922185897827148,18.5753723978996,0,21.1496653556824,0,0,0,2.41324806213379,0,58.7537094950676,1.86349868774414,37.992888957262,0,9.66489189863205,0,6.56715643405914,1.46318542957306,4.87992930412292,0,16.1499289274216,0,48.376711666584,0,27.4743622541428,46.0836922228336,100.39082056284,10.5689074993134,136.98213544488,114.071782171726,413.444503903389,86.7111770510674,0,0,3.09589636325836,0,2.21260529756546,0,3.40471839904785,0,2.8577521443367,0,4.15400326251984,0,1903.73414573073,484.059605717659,930.601428806782,237.438257187605,1730.66919249296,292.798841118813,0,77.4931220710278,2523.27772986889,199.425477415323,358.93576413393,86.5054487884045,544.188796877861,278.448146790266,916.319972246885,118.306126177311,261.836451500654,28.4197643399239,64.5628505647182,117.389579057693,920.984509766102,132.68125012517,158.985619217157,90.8105385899544,8.6086767911911,31.8804747462273
0,3.43102657794952,0,0,0,0,0,0,0,0,0,0,0,0,0,0,0,0,0,0,0,0,0,0,0,0,0,0,0,0,0,0,0,0.91027820110321,0,1.0595235824585,13.7313602566719,6.7319467663765,10.3136426210403,3.15363931655884,0,2.08773684501648,0,1.95564299821854,0,0.878771781921387,0,11.0733637809753,0,0,0,0,0,0,0,0,0,0,0,0,0,0,0,0,0,0,0,1.17569053173065,0,0,2.70522332191467,10.1849674582481,3.77427136898041,9.51988250017166,25.1559289097786,32.242461591959,5.7414311170578,29.3384532034397,0,0,0,0,0,0,0,0,0,0,0,0,45.3705649673939,382.594444602728,29.0087306201458,186.288690567017,26.0113525390625,963.38193705678,77.4931220710278,0,23.5229408740997,1645.33663320541,27.1729252338409,42.335717856884,52.7791446149349,135.555474638939,38.5470834970474,222.803975790739,28.2957811355591,123.301354169846,22.2640217840672,16.9729363322258,625.711908131838,35.9725930094719,68.5139282345772,13.4390270709991,4.88627684116364,7.73717564344406
1.81910479068756,0,0,0,0,0,0,0,0,0,0,0,0,0,0,0,0,0,0,0,2.69529497623444,0,0,0,0,0,0,0,11.5830805301666,0,0,0,0,0,0.525752246379852,2.22814881801605,93.2343201339245,7.05300945043564,62.2456475496292,4.07667708396912,6.63796484470367,0,453.352135419846,0,25.3589134514332,0,615.894968390465,0,56.4462586343288,0,48.1647704839706,0,49.1247128844261,0,275.208776772022,0,0,0,0,0,0,0,0,0,0,0,9.82232493162155,0,0,0,13.0713180303574,7.55986845493317,61.7614154219627,0.763911187648773,42.1263232827187,38.8967520296574,47.4505812525749,17.98599588871,0,0,8.08012849092484,0,0,0,36.7856895923615,0,0.392945140600204,0,83.2600001394749,0,2351.93125927448,110.751605600119,310.453636854887,30.582360714674,267.73829048872,59.8292950689793,2523.27772986889,23.5229408740997,0,49.126983165741,82.6619850695133,19.9889458119869,103.917822390795,92.9422596395016,159.884401410818,31.3374110162258,120.209305763245,7.46868291497231,11.6101938784122,1.45441794395447,85.6483959853649,59.0198953747749,25.9040532708168,11.532872736454,0.602943658828735,0.959022909402847
0,0,0,0,0,0,0,0,0,0,0,0,0,0,0,0,0,0,0,0,0,0,0,0,0,0,0,0,0,1.35828047990799,0,0,0,0,0,0,36.014790058136,47.9366962313652,45.5746321380138,26.1664413511753,0,11.9870864152908,7.17057168483734,102.24124583602,0,8.57361742854118,0,290.381771534681,0,47.4083614647388,0,124.755193173885,0,70.5070948302746,0,143.917792975903,0,0,0,0,0,0,0,0,0,0,1.00614631175995,5.63912391662598,0,0,0,18.0871735811234,7.32798421382904,31.9002050757408,31.2108394801617,79.0345102846622,5.19082546234131,55.0288628637791,0,0,0,7.87425357103348,0,0.512361347675323,0,47.5418006181717,0,1.48652589321136,0,24.3366107940674,108.019991278648,1911.46679604053,33.9768745005131,306.406410604715,36.2549070417881,641.351669192314,199.425477415323,1645.33663320541,49.126983165741,0,38.3475320935249,49.7603651881218,76.6304697990417,194.856501400471,51.5266568958759,185.321184456348,29.0324530899525,420.598778128624,13.1423991322517,9.94300451874733,136.024871498346,119.209242641926,135.700570583344,13.3697708845139,1.78529000282288,6.08789053559303
0,0,0,0,0,0,0,0,0,0,0,0,0,0,0,0,0,0,0,0,0,0,0,0,0,0,0,0,1.94905805587769,0,0,0,0,0,0,0,57.0898873209953,23.1837556362152,62.3818269371986,7.34450587630272,0,0,0,0,0,0,0.388353317975998,0.467411726713181,0,0,0,0,0,0,0,0,0,0,0,0,0,0,0,0,0,0,0,0,0,0,20.1092578470707,10.3876970410347,23.9856951832771,1.16880869865417,51.1827899515629,47.3339407742023,62.2719780802727,24.0543220639229,0,0,0,0,0,0,0,0,0,0,0,0,552.780913293362,69.3300453126431,943.581901937723,22.7440223693848,378.475796461105,68.1339236497879,358.93576413393,27.1729252338409,82.6619850695133,38.3475320935249,0,26.9599853157997,2378.5761808455,120.266074180603,651.841742396355,64.5647632777691,193.5771458745,29.6491143107414,32.5234054923058,4.62799108028412,71.8887524902821,13.6130399703979,36.9358367621899,21.6518478691578,7.5089091360569,14.6412815749645
0,0,0,0,0,0,0,0,0,0,0,0,0,0,0,0,0,0,0,0,0,0,0,0,0,0,0,0,0,0,0,0,0,0,0,0,34.8842814862728,27.5607852935791,24.9885956645012,7.18881994485855,0,0.608830034732819,0,0,0,0,0,0,0,0,0,0,0,0,0,0,0,0,0,0,0,0,0,0,0,0,0,0,0,0,0.817378461360931,17.1714220046997,5.12947821617126,4.80797404050827,31.1375040411949,41.0029193758965,12.2222484350204,77.6495561599731,0,0,0,0,0,0,0,0,0,0,0,0,47.3440140783787,190.999190866947,11.0931247472763,1124.99710303545,19.3966042995453,166.535296142101,86.5054487884045,42.335717856884,19.9889458119869,49.7603651881218,26.9599853157997,0,70.3372770249844,1230.95626789331,38.2940884530544,463.739786148071,26.6274053454399,96.7823463976383,61.364260405302,24.5619636774063,79.6188240945339,3.31768590211868,8.26547062397003,18.3546431064606,20.250461101532,18.7114470005035
0,0,0,0,0,0,0,0,0,0,0,0,0,0,0,0,0,0,0,0,0,0,0,0,0,0,0,0,1.96541488170624,0,0,0,0,0,0,0,99.486387938261,51.110271692276,103.044752538204,28.3912246823311,0.5341756939888,0.469042152166367,0,0,0,0,0,0,0,0,0,0,0,0,0,0,0,0,0,0,0,0,0,0,0,0,0,0,0,0,30.4199600815773,19.5082907676697,47.4987650513649,6.1489725112915,121.510073214769,119.970016270876,107.233911365271,83.0436275303364,0,0,0,0,0,0,0,0,0,0,0,0,420.187130212784,142.82968878746,964.862731814384,76.4324063062668,500.508718907833,127.365373790264,544.188796877861,52.7791446149349,103.917822390795,76.6304697990417,2378.5761808455,70.3372770249844,0,350.341250061989,5376.11181890965,147.649584978819,433.776681661606,43.3104085326195,102.413274288177,26.0907083749771,286.117947310209,41.885721385479,85.5177954137325,340.184254795313,119.796202242374,73.4755331277847
0,0,0,0,0,0,0,0,0,0,0,0,0,0,0,0,0,0,0,0,0,0,0,0,0,0,0,0,0,0,0,0,0,0,0,0,97.1140692234039,81.0770217180252,63.8218816518784,33.114675283432,0.751413285732269,2.26401722431183,0,0,0,0,0,0.812965333461761,0,0,0,0,0,0,0,0,0,0,0,0,0,0,0,0,0,0,0,0,0,0,5.86290776729584,56.2949364185333,23.3360432088375,22.2320442795753,129.250045359135,119.923656731844,45.5626212358475,238.078671067953,0,0,0,0,0,0,0,0,0,0,0,0,187.71185708046,528.371538728476,67.2834442555904,1039.76026123762,105.479184091091,449.133537262678,278.448146790266,135.555474638939,92.9422596395016,194.856501400471,120.266074180603,1230.95626789331,350.341250061989,0,179.212778896093,5867.24919262528,131.5508248806,406.564650446177,151.654943495989,83.8429265916348,308.200076341629,27.9265031218529,64.0350363850594,229.400749266148,62.4147845804691,55.2035875022411
3.78958034515381,0,0,0,0,0,0,0,0,0,0,0,0,0,0,0,0,0,0,0,0,0,0,0,0,0,0,0,4.71449017524719,0,0,0,2.43816578388214,0,1.99454265832901,0,82.3063034117222,18.1943316459656,46.8889411985874,11.9132877588272,0,0,0,0,0,0,1.0891016125679,0.935759365558624,0,0,0,0,0,0,0,0,0.455058306455612,0,0.608488082885742,0,1.88211131095886,0,0,0,0,0,0,0,0,0,34.5686087906361,23.9435048699379,42.8193905949593,5.4438601732254,91.1878725588322,65.9389221072197,290.085109740496,128.162722080946,0,0,0,0,0,0,0,0,0,0,0,0,519.686425358057,107.447356671095,992.861157208681,72.2699256539345,1039.51348531246,136.19314032793,916.319972246885,38.5470834970474,159.884401410818,51.5266568958759,651.841742396355,38.2940884530544,5376.11181890965,179.212778896093,0,192.376010268927,731.12810716033,31.2023467719555,162.607725650072,26.145352512598,269.883506089449,38.7932384312153,52.0569411218166,71.2327244281769,108.002946138382,559.799285829067
0,0,0,0,0,0,0,1.27200877666473,0,0,0,0,0,0,0,0.384276628494263,0,0,0,0,0.688052833080292,0,0,0,0,0,0,0,0,0,0,0,0,0.479147970676422,0,0,50.7991693019867,27.2552193105221,33.4232376515865,19.5675100684166,0,2.8483521938324,0,1.33122396469116,0,0,0.444097489118576,2.40247535705566,0,0,0,0,0,0,0,0.56613302230835,0,0,0,0,0,0,0,0,0,0,0,0,0,0,2.5329612493515,48.9027515053749,22.3622813820839,7.56663197278976,51.6630093455315,62.939931511879,74.6196439862251,339.254590988159,0,0,0,0,0,0,0,0.451825231313705,0,0,0,0,107.876024514437,543.706766933203,58.5882660448551,1130.47090473771,104.704262048006,757.389738351107,118.306126177311,222.803975790739,31.3374110162258,185.321184456348,64.5647632777691,463.739786148071,147.649584978819,5867.24919262528,192.376010268927,0,71.4304005801678,550.771186411381,308.102219879627,141.348106205463,430.734330564737,45.6235134005547,63.7982870936394,94.373921751976,327.627262026072,539.482026010752
3.66515815258026,0,0,0,0,0,0,0,0,0,0,0,0,0,0,0,0,0,0,0,0,0,0,0,0,0,0,0,1.50367975234985,0,0,0,0,2.14586853981018,1.15189981460571,0,60.7003866732121,19.534449249506,34.4296961426735,11.3482532203197,0,2.76181471347809,0,0,0,0,0.829732656478882,0,0,0,0,0,0,0,0,0,3.35403335094452,0,0,0,0,0,3.12797343730927,0,0,0,2.03024816513062,0,0,0,21.9341337680817,34.3520939946175,26.0434172749519,4.37012979388237,65.3729619681835,48.2600715756416,66.3178858458996,65.0193613767624,0,0,0,0,0,0,0,0,0.49216502904892,0,0,0,248.085659921169,79.2312252521515,229.100840985775,54.9984151124954,247.188881367445,68.8969300687313,261.836451500654,28.2957811355591,120.209305763245,29.0324530899525,193.5771458745,26.6274053454399,433.776681661606,131.5508248806,731.12810716033,71.4304005801678,0,17.7603011131287,14.5472742021084,7.11802300810814,79.7524960637093,9.47945356369019,16.2823586761951,12.3949338793755,0.740388989448547,30.2907247245312
0,0.438210338354111,0,0,0,0,0,0,0,0,0,0,0,0,0,0,0,0,0,0,0,0,0,0,0,0,0,0,0,0,0,0,0,2.69811058044434,0,0,15.461524605751,4.12430733442307,9.01428464055061,3.92264395952225,0,1.2002032995224,0,1.59111988544464,0,0,0,1.94197714328766,0,0,0,0,0,0,0,0,0,0,0,0,0,0,0,0,0,0,0,0,0,0,2.01011419296265,9.32830256223679,3.89412903785706,3.8346756696701,17.7594120502472,18.1437294483185,6.91063499450684,56.5655011832714,0,0,0,0,0,0,0,1.87223243713379,0,0,0,0,46.7124341130257,397.154347956181,25.1286319792271,199.896675735712,19.199219763279,147.236505299807,28.4197643399239,123.301354169846,7.46868291497231,420.598778128624,29.6491143107414,96.7823463976383,43.3104085326195,406.564650446177,31.2023467719555,550.771186411381,17.7603011131287,0,20.0784674286842,12.5491888225079,73.6711431145668,5.27590149641037,10.2703197300434,5.67289644479752,5.73177576065063,36.18194642663
12.0906866788864,5.19698345661163,3.1854459643364,1.88112691044807,0,0,2.61030930280685,5.65174621343613,1.31698337197304,0,0,0,0.655182182788849,0,1.53839534521103,0.469158738851547,0,0,4.39459580183029,3.99413096904755,0.706850111484528,0,0,0,0,0,0,0,4.17354792356491,0,0,0.637154638767242,0.52688068151474,2.05328422784805,0,0,15.1167888045311,3.75370281934738,3.49704617261887,2.24365794658661,2.76596701145172,0,0,0,0,0,0,0,0,0,0,0,0,0,0,0,2.05618441104889,2.5386815071106,0,0,0,0,0,0,0,0,0,0.992592036724091,2.31328743696213,0,34.3674023747444,54.73888027668,31.7792810201645,6.22123321890831,81.6747414171696,30.6675451099873,810.465785980225,780.491305917501,0,0,0,0,0,0,0,0,0,0,0,0,30.1259343624115,151.8733279109,80.930684953928,392.179698497057,234.629091799259,152.822245836258,64.5628505647182,22.2640217840672,11.6101938784122,13.1423991322517,32.5234054923058,61.364260405302,102.413274288177,151.654943495989,162.607725650072,308.102219879627,14.5472742021084,20.0784674286842,0,293.862306803465,218.462291002274,21.5964714288712,99.8055219054222,414.751109331846,117.795358806849,239.899961858988
12.6961125135422,11.5741934776306,5.21078914403915,12.1780806779861,0,0,0,7.79033440351486,0.717622756958008,0.919307470321655,1.27228808403015,6.86933732032776,0,0,0,0,0,0,5.94818812608719,9.74652814865112,0,0,0,0,0,0,0,0,0,0,0.543853223323822,0,0,6.26062160730362,1.5768449306488,0,22.009694814682,23.0144261717796,0,0.741015315055847,0,2.22473537921906,0,2.22875487804413,1.71857666969299,1.44915282726288,96.1525871157646,67.9788385033607,0,0.829165518283844,2.24409306049347,0,0,0,0,0,2.3221298456192,3.6079483628273,5.23283916711807,4.50029271841049,0.583103895187378,0,0,0.672746896743774,0,6.87974035739899,1.09227108955383,2.89780604839325,6.61993944644928,0,12.765769392252,31.1952039003372,17.3721241354942,9.81175714731216,19.3636334240437,31.9483434855938,850.595233261585,1161.71850004792,0,0,1.7248260974884,0,0,0,0,0,0,0,0,0,8.10103887319565,57.1346465647221,16.1005842685699,140.573498904705,680.525272727013,284.373134791851,117.389579057693,16.9729363322258,1.45441794395447,9.94300451874733,4.62799108028412,24.5619636774063,26.0907083749771,83.8429265916348,26.145352512598,141.348106205463,7.11802300810814,12.5491888225079,293.862306803465,0,202.329304516315,3.17338716983795,54.0888457894325,191.034885823727,58.739254206419,160.61495423317
0,0,0,0,0,0,0,0,0,0,0,0,0,0,0,0,0,0,0,0,0,0,0,0,0,0,0,0,0,0,0,0,0,0,0,0,9.04034435749054,11.8346536755562,10.7062011063099,0.443174958229065,0,1.25871151685715,0,0,0,0,0,0,0,0,0,0,0,0,0,0,0,0,0,0,0,0,0,0,0,0,0,0,0,0,0,2.68403273820877,2.52911418676376,0,14.9578868150711,10.9592913389206,21.0856711566448,27.7854890227318,0,0,0,0,0,0,0,0,0,0,0,0,91.9340665638447,313.496072739363,223.186624884605,595.561643213034,508.213776797056,324.312688350677,920.984509766102,625.711908131838,85.6483959853649,136.024871498346,71.8887524902821,79.6188240945339,286.117947310209,308.200076341629,269.883506089449,430.734330564737,79.7524960637093,73.6711431145668,218.462291002274,202.329304516315,0,353.795561313629,419.945015460253,676.19203555584,121.208735734224,222.037113279104
0,0,0,0,0,0,0,0,0,0,0,0,0,0,0,0,0,0,0,0,0,0,0,0,0,0,0,0,0,0,0,0,0,0,0,0,4.06004029512405,2.82450538873672,2.0498006939888,2.27476680278778,0,0,0,0,0,0,0,0,0,0,0,0,0,0,0,0,0,0,0,0,0,0,0,0,0,0,0,0,0,0,0,1.33253645896912,1.05646121501923,0,1.34325933456421,2.22399052977562,0.502500295639038,3.42672294378281,0,0,0,0,0,0,0,0,0,0,0,0,48.77975872159,50.0437367856503,40.3057169020176,41.39521920681,42.2608778774738,37.5346086323261,132.68125012517,35.9725930094719,59.0198953747749,119.209242641926,13.6130399703979,3.31768590211868,41.885721385479,27.9265031218529,38.7932384312153,45.6235134005547,9.47945356369019,5.27590149641037,21.5964714288712,3.17338716983795,353.795561313629,0,128.709842443466,91.4613909721375,8.91999739408493,23.1527760624886
0,0,0,0,0,0,0,0,0,0,0,0,0,0,0,0,0,0,0,0,0,0,0,0,0,0,0,0,0,0,0,0,0,0,0,0,7.55454802513123,0.504241347312927,7.29325550794601,1.22405785322189,0,0,0,0,0,0,0,1.15555465221405,0,0,0,0,0,0,0,0,0,0,0,0,0,0,0,0,0,0,0,0,0,0,0,3.36793273687363,0,0,1.8485631942749,3.055988073349,7.39397999644279,6.38834419846535,0,0,0,0,0,0,0,0,0,0,0,0,52.9442433714867,129.998997300863,176.451616495848,191.416563123465,95.9078413546085,58.1076622009277,158.985619217157,68.5139282345772,25.9040532708168,135.700570583344,36.9358367621899,8.26547062397003,85.5177954137325,64.0350363850594,52.0569411218166,63.7982870936394,16.2823586761951,10.2703197300434,99.8055219054222,54.0888457894325,419.945015460253,128.709842443466,0,237.120573222637,28.8847251534462,74.1089789271355
0,0,0,0,0,0,0,0,0,0,0,0,0,0,0,0,0,0,0,0,0,0,0,0,0,0,0,0,0,0,0,0,0,0,0,0,1.94993305206299,0,0.478865116834641,0,0,0,0,0,0,0,0,0,0,0,0,0,0,0,0,0,0,0,0,0,0,0,0,0,0,0,0,0,0,0,0,0,0,0,0.404416024684906,0.448430389165878,7.36964195966721,12.4310159981251,0,0,0,0,0,0,0,0,0,0,0,0,15.8101696968079,11.5252680182457,49.065767198801,66.150599360466,147.43408665061,37.2851943969727,90.8105385899544,13.4390270709991,11.532872736454,13.3697708845139,21.6518478691578,18.3546431064606,340.184254795313,229.400749266148,71.2327244281769,94.373921751976,12.3949338793755,5.67289644479752,414.751109331846,191.034885823727,676.19203555584,91.4613909721375,237.120573222637,0,236.402408242226,369.408916532993
0,0,0,0,0,0,0,0,0,0,0,0,0,0,0,0,0,0,0,0,0,0,0,0,0,0,0,0,0,0,0,0,0,0,0,0,0.312961250543594,1.23556113243103,0,0,0,0,0,0,0,0,0,0,0,0,0,0,0,0,0,0,0,0,0,0,0,0,0,0,0,0,0,0,0,0,0,0,0,0,0,0.379063218832016,2.50106018781662,4.24922770261765,0,0,0,0,0,0,0,0,0,0,0,0,3.05467355251312,13.0688285529613,5.41090971231461,88.4701466560364,31.2498617172241,21.2402880489826,8.6086767911911,4.88627684116364,0.602943658828735,1.78529000282288,7.5089091360569,20.250461101532,119.796202242374,62.4147845804691,108.002946138382,327.627262026072,0.740388989448547,5.73177576065063,117.795358806849,58.739254206419,121.208735734224,8.91999739408493,28.8847251534462,236.402408242226,0,153.517084300518
5.81266897916794,0,0,0,0,0,0,0,0,0,0,0,0,0,0,0,0,0,0,0,0,0,0,0,0,0,0,0,0,0,0,0,1.14636027812958,0,0,0,6.83496069908142,2.4173995256424,5.49798038601875,3.7137057185173,0.622137725353241,0,0,0,0,0,0,0.921473622322083,0,0,0,0,0,0,0,0,0.798932313919067,0,0,0,0,0,0,0,0,0,0,1.09523558616638,0,0,13.5260702669621,12.1220400333405,11.5248382091522,0,22.4710636734962,12.2900266647339,96.671284288168,126.701367557049,0,0,0.529085278511047,0,0,0,0,0,0,0,0,0,16.9477045238018,35.5127657651901,31.4267061650753,105.346039891243,94.5038208961487,45.803307145834,31.8804747462273,7.73717564344406,0.959022909402847,6.08789053559303,14.6412815749645,18.7114470005035,73.4755331277847,55.2035875022411,559.799285829067,539.482026010752,30.2907247245312,36.18194642663,239.899961858988,160.61495423317,222.037113279104,23.1527760624886,74.1089789271355,369.408916532993,153.517084300518,0
