0,559.111144453287,2913.39115971327,274.163928955793,0.454944580793381,0,4738.20453500748,436.70987033844,13.4019928574562,0,3305.289586097,76.4429230391979,1530.11602601409,8.57363224029541,37.3680709600449,0,780.138239532709,22.2610653340816,1480.92543751001,1816.13367295265,0.837406516075134,0,17.1039656996727,2.00788015127182,0,0,0,0,1147.066750139,2.75520414113998,11.5105075240135,8.88564950227737,71.0608129799366,263.017982274294,11.6199983358383,3.86895674467087,367.885573744774,4.96750611066818,104.826727807522,0,6.68073892593384,0,2.29588058590889,0,3.04511141777039,0,5.17913085222244,0,22.1807475984097,0,558.019384533167,0,129.159509450197,0,43.2159682512283,0,10635.2770278156,26.6995879411697,461.055364221334,0,1874.19478142262,0,432.402828276157,2.3074061870575,694.724965155125,0,227.104710817337,13.8895995020866,1109.06675481796,76.9554863870144,2208.52146449685,240.310555547476,2215.7715780735,165.234937727451,788.386427283287,11.7438395023346,3563.49048534036,279.811892956495,6.04615098237991,0,96.7337065339088,0.656307637691498,46.5921297073364,0,846.18095356226,0,0,0,576.276803910732,0,0,0,0.830154895782471,0,229.935544580221,3.52525019645691,26.678956001997,0,0,0,0,0,0.568741023540497,0,25.1809840202332,0,8.21593102812767,0,11.0241529941559,10.0260526537895,0,0,0,1.18032705783844,0,19.2884513735771
559.111144453287,0,124.071815669537,4408.42757934332,0,1.16718137264252,98.2886195778847,4790.96296006441,0,5.59568175673485,33.4140789210796,2387.90785369277,4.78425985574722,1336.2701946795,0,37.5672928094864,12.4722638130188,908.998881548643,938.659012764692,2814.46360301971,0,0.53593498468399,0.531110763549805,11.5314446091652,0,0,0,0,64.3854687511921,99.7756707072258,18.9783613085747,6.05085647106171,147.668682187796,221.097992122173,4.66120094060898,1.6841407418251,12.1157228648663,336.133282363415,12.7121865749359,28.450366795063,0,0,0.546819448471069,1.01553452014923,0,0,0,2.39365494251251,0,42.9466827213764,0,317.572611957788,0,2.31553521752357,0,44.8629148602486,166.478601574898,11608.9024917185,2.88230553269386,1285.69011488557,10.647330313921,1092.85819149017,18.1306751966476,368.029473394156,0,706.085080862045,62.6038759350777,254.439060866833,418.374505370855,774.546969592571,162.700088441372,1705.60563778877,113.266678839922,2877.77727854252,27.9676195085049,382.168773531914,344.950199723244,4770.17748841643,1.32740747928619,8.5902351140976,2.03093063831329,39.3211036026478,2.04862236976624,0,0,432.867927998304,0,0,0,275.690314650536,0,0,0,0,18.2386997938156,236.602682232857,6.55832767486572,0,0,0,0,0,0,1.99183934926987,2.08471369743347,16.0481224060059,1.95461404323578,2.78399437665939,43.8945024609566,35.6960088610649,0,0,0,0,2.12754195928574,43.0916163027287
2913.39115971327,124.071815669537,0,1055.28041517735,777.895200997591,205.500035583973,9360.73228952289,918.370832681656,466.906261175871,299.130641341209,681.736897319555,142.313457667828,1037.69670346379,274.16971334815,492.857027500868,255.626372218132,163.037263691425,8.76820188760757,2433.06411778927,747.502440780401,12.2729730606079,31.1505659222603,3214.10978204012,2323.43382748961,64.9562413692474,292.77116510272,18.7557667791843,83.3078123629093,1490.34372958541,21.0472010374069,138.879095345736,800.906836628914,92.5708160698414,253.869138240814,13.2904760539532,4.75286665558815,118.487973570824,1.35702508687973,8.97254192829132,0,10.910173624754,1.59300827980042,1.58589762449265,0,8.75945249199867,0,0.993694663047791,0,28.2009119689465,0,108.914956837893,0,6.46234041452408,0,1.83150041103363,0,199.35057130456,0.651870489120483,168.212603121996,0,91.9019355773926,0,11.6379575133324,0,50.5940353870392,0,235.13333556056,6.50503569841385,77.1183908581734,0.652670562267303,1939.44447761774,353.859134763479,2332.70377376676,202.907143592834,595.223274260759,28.0840342342854,2224.81264764071,145.208999246359,0,0,3.79363608360291,0,123.579936355352,0,31.7564170956612,0,1.73382467031479,0,20.6147639155388,0,0,0,0,0,247.331428945065,7.73038280010223,3.02724012732506,0,0,0,0,0,0,0,17.7772073447704,1.93131124973297,4.73819541931152,0,15.3449704647064,5.1760950088501,0,0,0,0,0,14.0755222439766
274.163928955793,4408.42757934332,1055.28041517735,0,35.6150796711445,245.051015526056,1142.94755393267,12639.582996279,92.4513612091541,934.604430109262,57.9635449945927,1158.39429086447,405.666502743959,1665.97293829918,94.9677556455135,872.590876281261,16.4023085534573,351.555210709572,1015.62102726102,2920.28399354219,0,7.04192847013474,1131.2329492867,2185.23032304645,17.6473541259766,35.9274834990501,11.8400030732155,7.54041701555252,67.6456151604652,250.97155585885,87.7546563744545,273.067794293165,160.639431148767,156.3097422719,4.10216999053955,5.03487980365753,5.01815640926361,73.114070057869,10.7629590034485,2.89868780970573,0,27.7083632349968,1.13685989379883,1.5405045747757,0,0,0.99946129322052,21.1604200005531,0,19.0104964971542,0,63.9491299986839,0,2.14382493495941,0,2.98278301954269,50.3354884982109,457.147007703781,0,501.991620033979,0,131.617387115955,0.657088398933411,46.2960867583752,0,89.5680660903454,8.71912482380867,350.493975698948,48.2647807002068,71.1570827364922,324.733270168304,2276.71663612127,169.481735944748,3472.76779747009,29.5294770002365,945.146584391594,217.636103093624,3576.22865220904,1.50625371932983,4.91834396123886,0,54.0590069890022,5.78140091896057,3.30648636817932,0,60.3458765745163,0,1.34937959909439,0,13.4788389503956,0,0,0,0,19.9744164347649,179.41061899066,13.8671375513077,0,0,0,0,0,0,0,3.61632663011551,6.96141827106476,0,0,93.5150471329689,21.6866519451141,0,0,0,0,0,55.4322002828121
0.454944580793381,0,777.895200997591,35.6150796711445,0,118.001519858837,1295.63662788272,6.91179156303406,1128.88469132781,89.9533791840076,0,0,5.67856872081757,0,1765.82546073198,77.3480723798275,0.581612944602966,0,3.75251603126526,1.6350634098053,163.810409426689,127.851415991783,185.758880794048,303.933914780617,129.363869905472,386.956206262112,373.101132124662,248.533348500729,663.823576718569,7.1949275135994,128.99150633812,255.898423522711,58.1880423128605,9.95064443349838,4.50893384218216,0,20.3211359977722,1.05657362937927,1.10304379463196,0,27.0818901658058,1.3787100315094,0,0,0,0,7.6391509771347,0,0,0,0,0,0,0,2.02356380224228,0,0,0,0,0,0,0,0,0,0.897784531116486,0,2.76515936851501,0,0,0,985.252639561892,53.7182745337486,515.868196994066,21.1577970385551,14.0113560259342,0,94.1790587902069,0,0,0,5.63955515623093,0,85.5423446893692,0,6.17671597003937,0,11.3130257129669,0,6.05213707685471,0,0,0,0,0,3.77964803576469,0,0,0,0,0,0,0,0,0,0.509246230125427,0,0,0,0,0.402676910161972,0,0,0,0,0,0.393028736114502
0,1.16718137264252,205.500035583973,245.051015526056,118.001519858837,0,45.9268114566803,173.10439491272,79.6892234385014,1830.62306818366,0,0,9.67311385273933,13.2735705077648,105.037563949823,2030.30379980803,0,0.892760217189789,0,1.42329454421997,13.6131955385208,311.497157007456,141.263229250908,52.1093853414059,69.0474184453487,594.433356940746,92.8411858975887,1166.0726082027,6.70190823078156,106.252264738083,45.3568938970566,70.2389005124569,3.34542739391327,1.36628389358521,0,0,0,26.1305796504021,0,2.62513267993927,0.546280443668365,74.2442239820957,0,0,0,0,0,0,0,0,0,0,0,0,0,1.33848905563354,0,0.702662467956543,0,0,0,0,0,0,0,0,0,0,0,0,299.630856812,513.441463917494,6.34367913007736,416.5318775177,0,13.0059727430344,0,22.2271156907082,0,0,0,0,1.63243019580841,7.78589856624603,0,3.70931655168533,0,5.13531857728958,0,3.9051251411438,0,0,0,0,0,0.589634954929352,0,0,0,0,0,0,0,0,0,0,0,0,1.07186150550842,1.03344571590424,0,0,0,0,0,0
4738.20453500748,98.2886195778847,9360.73228952289,1142.94755393267,1295.63662788272,45.9268114566803,0,1480.65424382687,1720.27432772517,95.2385154366493,1325.29024660587,265.452541023493,5444.48716169596,567.232905268669,526.443021386862,94.5328666269779,70.3660949468613,17.5444159507751,525.458436340094,984.455099225044,0,0.877968907356262,273.432918429375,1342.42755284905,1.8226301074028,51.1255912780762,0,9.82530844211578,605.708982288837,25.5696761012077,30.395844399929,212.2685072124,25.4954109787941,384.761427551508,2.29188448190689,4.20831233263016,58.8063024878502,1.68865251541138,2.73314142227173,0,4.52639484405518,1.4917665719986,1.49022674560547,0,2.01096296310425,0,10.0800535082817,0,23.7390415668488,0,1420.55874425173,0,94.7601980865002,0,33.0107175409794,0,300.514351904392,2.71616524457932,133.928856790066,0,905.625097483397,0,38.0062218904495,0,781.094909489155,0,53.4546256661415,0.963415801525116,53.4513913989067,1.84203624725342,2409.19970083237,315.173356086016,942.069963365793,169.441605180502,215.558176726103,26.1060845553875,1288.70961368084,205.753602176905,0,0,19.3747949004173,0,45.0951044559479,0,356.351665556431,0,0.934013187885284,0,275.702355623245,0,0,0,0.828098654747009,0,80.8719602227211,3.06506419181824,2.32541656494141,0,0.897395551204681,0,0,0,0,0,10.2929373085499,2.16108155250549,3.2965886592865,0,4.78958374261856,3.24598014354706,0,0,0,0,1.18244028091431,4.00359332561493
436.70987033844,4790.96296006441,918.370832681656,12639.582996279,6.91179156303406,173.10439491272,1480.65424382687,0,53.4014747440815,1808.85982248187,80.5436007082462,1269.68668204546,477.940220892429,4967.29960358143,47.4692091345787,640.906875699759,9.6976563334465,93.5731738805771,1509.51276630163,863.288924008608,0,2.41552698612213,720.976689219475,316.243313968182,1.10417091846466,8.77130395174026,0,0,96.7958856225014,57.0921608507633,57.7636600732803,85.9214374423027,162.871116012335,136.050085216761,2.24509328603745,2.52416682243347,10.5838477909565,35.912749171257,0,5.4895201921463,0,1.21003997325897,1.36910736560822,1.49234652519226,0,0,0,6.54806870222092,0,45.0616580545902,0,452.033403277397,0,5.37710738182068,0,56.9300930798054,83.5958978235722,320.19732400775,0.981474995613098,749.361710608006,1.30265146493912,773.367944508791,0,189.988555312157,0,843.169589668512,5.53423225879669,52.6440814137459,63.9241401553154,4.86679923534393,377.815457552671,2664.13394540548,176.55457085371,907.54510936141,43.8374940156937,167.165229201317,277.890029937029,953.660984426737,0,0,0,43.7835671007633,6.99635702371597,0,0,790.367602258921,0,0,0,600.261760056019,0,0,0,0,5.0275507569313,14.8820968270302,2.95532023906708,0,0,0,0,0,0,0,0,3.41960495710373,0,0,12.534650683403,1.53147196769714,0,0,0,0,0,7.24099045991898
13.4019928574562,0,466.906261175871,92.4513612091541,1128.88469132781,79.6892234385014,1720.27432772517,53.4014747440815,0,64.3347833156586,4.72185465693474,0,363.530972361565,7.77323859930038,2597.3607763052,43.6737541854382,0,0,9.79290133714676,2.58618396520615,10.489875972271,12.2072797417641,46.2452246844769,243.075051426888,37.0212607681751,127.672358900309,59.0439780950546,51.8818135261536,402.418715834618,0.443976879119873,32.5221955776215,100.475985765457,15.526375234127,12.9003401398659,1.94544088840485,0,7.6414395570755,0,1.58957242965698,0,16.9674517810345,0,0,0,0,0,3.15151682496071,0,0,0,0,0,0,0,0,0,1.6543048620224,0,0,0,0,0,1.45034515857697,0,0,0,0,0,0,0,596.487327039242,38.0753221809864,432.508318811655,14.7191931009293,39.6478482484818,0,184.59238293767,0,0,0,1.4814281463623,0,169.346606642008,0,2.32209464907646,0,2.45648789405823,0,0,0,0,0,0,0,4.63986685872078,0,0,0,0,0,0,0,0,0,0,0.43230128288269,0,0,1.39323461055756,0.545440256595612,0,0,0,0,0,0.575555026531219
0,5.59568175673485,299.130641341209,934.604430109262,89.9533791840076,1830.62306818366,95.2385154366493,1808.85982248187,64.3347833156586,0,0,8.24280196428299,34.9103963375092,65.587673842907,61.2831602394581,2293.49125182629,0,2.82571321725845,12.1463510096073,4.32423993945122,1.57894843816757,71.4787073731422,166.593571037054,118.055717289448,37.9961282014847,214.166611731052,20.5851451158524,127.046393483877,6.40546581149101,130.4880002141,27.9761281609535,42.9321620166302,1.64177393913269,5.06701076030731,0,0,0,18.0559836030006,0,0,0,47.0639325380325,0,0,0,0,0,0,0,0,0,0,0,0,0,2.00468444824219,0,0,0,0,0,0,0,7.57401990890503,0,0,0,2.02713215351105,0,0,201.416406571865,950.026748597622,4.0161966085434,514.380386739969,0.813606977462769,26.9789039492607,0,45.4702036380768,0,0,0,9.48892664909363,1.58611387014389,5.58394891023636,0,4.27874648571014,0,3.49960660934448,0,1.13541984558105,0,0,0,0,0.539364814758301,3.72029799222946,0,0,0,0,0,0,0,0,0,0,0,0,1.14531111717224,0,0,0,0,0,0,1.11157557368279
3305.289586097,33.4140789210796,681.736897319555,57.9635449945927,0,0,1325.29024660587,80.5436007082462,4.72185465693474,0,0,18.3452361822128,1804.86709970236,25.3588823974133,17.6411256492138,0,453.690181910992,4.61220490932465,492.109780520201,241.239068239927,0,0,12.5773067474365,11.0751346349716,0,0,0,0,1120.08641600609,2.14097619056702,23.3253213763237,20.3138288259506,31.7145746946335,67.7756713330746,16.1831036806107,2.74410593509674,25.5686545968056,0,2.39986062049866,0,0,0,1.62134295701981,0,2.68609148263931,0,5.01918566226959,0,3.4383299946785,0,49.596039712429,0,35.412106603384,0,16.0581769943237,0,358.05687224865,0,49.6390567421913,0,448.470433115959,0,553.562026232481,0,100.169875442982,0,87.7346149086952,0.437639951705933,69.7315309643745,0,374.421081721783,35.1839614808559,246.450431138277,26.3993246257305,40.988148868084,2.1664674282074,182.438490062952,25.409921079874,13.101784825325,0,522.999266088009,0,47.7019785642624,0,1192.54668390751,0,0,0,530.337967097759,0,0,0,0,0,19.5371940732002,0,0,0,0,0,0,0,0,0,0.657773196697235,1.14148890972137,0,0,0,0,0,0,0,0,0,0.864562273025513
76.4429230391979,2387.90785369277,142.313457667828,1158.39429086447,0,0,265.452541023493,1269.68668204546,0,8.24280196428299,18.3452361822128,0,58.6691371500492,2486.75358003378,0.901750028133392,27.3473081290722,1.20387125015259,764.194284141064,394.069933205843,684.197720676661,0,0,29.8698448836803,102.778311640024,0,0,0,0,25.1982051730156,491.903122931719,16.3646703958511,21.4593330621719,36.4125118255615,59.7943046987057,0,4.48695456981659,0,11.5304258465767,0,0,0,0,0,0,0,0,0,1.14037036895752,0,0.794023871421814,0,38.2837425172329,0,0,0,17.2073674201965,2.08597189188004,198.183788925409,0,143.443900078535,0,553.107831180096,0,482.323718607426,0,306.375635057688,0,39.7352249622345,1.23428797721863,8.99085050821304,79.9071376621723,421.504453420639,41.5197283923626,1011.20326378942,7.18075004220009,39.9314532279968,44.1394574344158,188.641054570675,0,4.18966162204742,0,199.098542869091,2.53825461864471,0,0,432.221278458834,0,0,0,227.56336170435,0,0,0,0,4.0218254327774,10.7554384768009,0,0,0,0,0,0,0,0,0,1.23178374767303,0,0,0.701818108558655,2.18165147304535,0,0,0,0,0,0.885525822639465
1530.11602601409,4.78425985574722,1037.69670346379,405.666502743959,5.67856872081757,9.67311385273933,5444.48716169596,477.940220892429,363.530972361565,34.9103963375092,1804.86709970236,58.6691371500492,0,211.670196771622,2125.60928040743,31.976698577404,69.6760687828064,0,539.398955464363,344.171851307154,0.757707715034485,0,137.473668158054,420.796407669783,0,8.17596912384033,0,3.52681058645248,2487.62012931705,3.75728288292885,35.9989625811577,92.4250682592392,37.7910435795784,155.41888704896,5.3248216509819,1.07878646254539,23.578565955162,0,1.63547098636627,0,4.96514731645584,0,1.91871041059494,0,0,0,0.952242851257324,0,1.17422795295715,0,69.0698330998421,0,32.8712280094624,0,11.1060419678688,0,270.533220797777,0,21.3022427558899,0,117.662210643291,0,249.758215248585,0,95.8187818527222,0,32.4589392244816,0,130.313206553459,0,1889.40605184436,128.236382007599,1111.14256578684,56.386411190033,188.06381303072,9.90072393417358,1014.21145710349,28.9095370769501,10.1613144278526,0,373.853521078825,0,39.92539909482,0,866.437654197216,0,0,0,524.08467015624,0,0,0,0,0,30.2250281572342,1.49359947443008,4.20050811767578,0,0,0,0,0,0,0,1.23585200309753,0,0,0,4.43436962366104,2.94477963447571,0,0,0,0.561930000782013,0,5.38048446178436
8.57363224029541,1336.2701946795,274.16971334815,1665.97293829918,0,13.2735705077648,567.232905268669,4967.29960358143,7.77323859930038,65.587673842907,25.3588823974133,2486.75358003378,211.670196771622,0,10.4759102165699,1438.55192729831,0,108.089522957802,338.530802369118,342.704393386841,0,5.84272015094757,242.585024237633,395.482789129019,1.00426435470581,3.49206352233887,0.73129940032959,3.39881634712219,11.1803394556046,994.042065083981,29.3324600756168,26.1879749298096,40.2068630158901,87.4155322909355,1.21596229076385,2.41142904758453,0,16.1460143625736,0,0,0,21.656249165535,0,2.11197733879089,0,0,0,1.39676231145859,0,1.95107686519623,0,31.2165338993073,0,0,0,10.7267277240753,0,63.941348284483,0,70.5137584209442,0,435.906829506159,0,614.241769611835,0,350.563039332628,0,11.3800537586212,0,9.33688414096832,131.402559816837,2407.29306763411,41.0369510054588,1676.01545038819,9.51994597911835,213.817082166672,25.5088283419609,431.63508233428,0,1.80610632896423,0,379.569872945547,0,1.07351976633072,0,558.018138796091,0,0,0,241.688919335604,0,0,0,0,3.98881435394287,13.1500419080257,0.716106414794922,1.1102728843689,0,0,0,0,0,0,0,3.6467427611351,0,0,3.50825729966164,4.59471261501312,0,0,0,0,0,0.606811940670013
37.3680709600449,0,492.857027500868,94.9677556455135,1765.82546073198,105.037563949823,526.443021386862,47.4692091345787,2597.3607763052,61.2831602394581,17.6411256492138,0.901750028133392,2125.60928040743,10.4759102165699,0,57.4790004193783,3.41362875699997,0,28.4295786619186,5.47896018624306,204.886148840189,121.922106146812,132.174889802933,286.120911151171,112.377881020308,204.625866383314,245.56455501914,198.578614741564,2873.68191742897,2.87221294641495,108.561237156391,132.372215658426,31.9305673837662,13.4837416410446,0.989597141742706,0,35.1312967538834,0,3.45669734477997,0,38.3615047931671,0,1.53540253639221,0,0,0,3.78607726097107,0,0,0,0.832740068435669,0,0,0,3.62003684043884,0,19.9787010252476,0,0,0,0,0,6.12714922428131,0,0,0,0,0,6.77405154705048,0,2421.67999094725,68.0067639052868,2476.42468756437,24.0202895402908,150.029498249292,0.431659400463104,941.523240864277,0,0,0,20.5954105854034,0,1529.20821970701,0,12.2050179243088,0,6.09059804677963,0,16.2193298339844,0,0,0,0,0,38.737473398447,1.20630544424057,0,0,0,0,0,0,0,0,4.46162280440331,1.44393408298492,0.882780909538269,0,3.40245535969734,2.79110562801361,0,0,0,0,0,3.00156697630882
0,37.5672928094864,255.626372218132,872.590876281261,77.3480723798275,2030.30379980803,94.5328666269779,640.906875699759,43.6737541854382,2293.49125182629,0,27.3473081290722,31.976698577404,1438.55192729831,57.4790004193783,0,0,34.6079670786858,0.857064098119736,16.2169635295868,2.91359955072403,442.337499201298,148.073488682508,301.497031658888,33.3224387764931,362.759127676487,36.4057275354862,463.945669233799,5.70385146141052,1411.08107188344,13.118435561657,64.4541013836861,1.63819307088852,4.84089064598083,0,1.43484234809875,0,47.5871005058289,2.08890438079834,5.61013525724411,0,178.598348975182,0,0,0,0,0,1.48346656560898,0,0,0,0,0,0,0,9.01943451166153,0,17.8723895549774,0,2.02206820249557,0,10.3264353871346,0,90.3057008385658,0,5.47768944501877,0,0,0,4.4931932091713,261.578859388828,2390.71288913488,7.78082397580147,2098.50431507826,0,163.687258988619,0,226.717630684376,0,3.13776433467865,0,130.98950523138,1.03004470467567,15.8001826703548,0,43.437557220459,0,2.74882537126541,0,3.14611613750458,0,0,0,0,2.71136540174484,13.6552877724171,1.24342310428619,0,0,0,0,0,0,0,0,0,0,0,5.59908330440521,1.3579403758049,0,0,0,0,0,1.96799045801163
780.138239532709,12.4722638130188,163.037263691425,16.4023085534573,0.581612944602966,0,70.3660949468613,9.6976563334465,0,0,453.690181910992,1.20387125015259,69.6760687828064,0,3.41362875699997,0,0,3.17397552728653,129.708951711655,64.2871513366699,0,0,0,0,0,0,0,0,3048.12659779191,0,11.8808290958405,1.11553037166595,20.6407154202461,25.9747595191002,5.06603652238846,0,11.2658320665359,3.48528975248337,5.00748097896576,0,1.2570264339447,0,1.33042204380035,0,0,0,1.67004120349884,0,1.30758827924728,0,6.52496480941772,0,3.36337602138519,0,0.611641705036163,0,1403.29807937145,16.2446261942387,55.9594576656818,2.02391946315765,386.794019520283,3.45611166954041,1402.35513046384,10.4709866642952,35.197615146637,0,82.4908018112183,19.9732075929642,74.8302003443241,6.65810513496399,79.2970076501369,15.5274235606194,248.230347812176,2.76709461212158,32.6568034887314,1.15031826496124,80.4133411049843,15.1684798002243,73.1888199746609,0,1095.9412715137,0,47.0172427892685,0,249.295882821083,0,0,0,39.2378312349319,0,0,0,0,0,2.29974114894867,0,0,0,0,0,0,0,0,0,0,0,0,0,1.5711133480072,0,0,0,0,0,0,0
22.2610653340816,908.998881548643,8.76820188760757,351.555210709572,0,0.892760217189789,17.5444159507751,93.5731738805771,0,2.82571321725845,4.61220490932465,764.194284141064,0,108.089522957802,0,34.6079670786858,3.17397552728653,0,77.1687124073505,293.722622334957,0,0,0.362007975578308,8.64847856760025,0,0,0,0,4.23571014404297,2306.4610158205,3.46769243478775,0,14.0669981837273,49.5760383605957,1.9446507692337,0.692890882492065,1.69840174913406,8.04375270009041,1.74945986270905,2.42567819356918,0,4.62912034988403,0,0.521166205406189,0,0,0,0,0,1.36683094501495,0,5.93215075135231,0,0,0,0,10.729488492012,2135.621897012,1.50849622488022,119.200457185507,4.00360837578773,223.451723843813,4.10801696777344,1647.10257589817,0,50.8181684911251,16.7782310247421,83.7153027951717,19.9233453273773,30.3386706709862,16.8582764863968,149.211811155081,6.97435343265533,2070.68006530404,9.22719883918762,56.1643488407135,36.0251564979553,209.098944723606,0,205.860273420811,1.36914932727814,919.84989258647,0,0.780791699886322,0,83.2690482139587,0,0,0,18.7458826601505,0,0.578721940517426,0,0,1.88469839096069,7.95243915915489,0,0,0,1.1206032037735,0,0,0,0,1.39522099494934,0.990182518959045,0,0,1.25040030479431,3.27801668643951,0,0,0,0,0,2.88657492399216
1480.92543751001,938.659012764692,2433.06411778927,1015.62102726102,3.75251603126526,0,525.458436340094,1509.51276630163,9.79290133714676,12.1463510096073,492.109780520201,394.069933205843,539.398955464363,338.530802369118,28.4295786619186,0.857064098119736,129.708951711655,77.1687124073505,0,4924.43181809783,5.71786397695541,3.29422736167908,1359.17736598849,660.615757226944,2.79443925619125,8.25051715970039,0.809734165668488,1.11947286128998,567.673581510782,20.8937255740166,637.108079314232,545.749504804611,3998.54025003314,1534.17332071066,126.120369195938,18.4013397991657,135.385821074247,9.97473126649857,14.8363958597183,0,8.74509871006012,0,57.8570713102818,0.594269096851349,37.6237432956696,0,27.3398404121399,5.069580078125,54.5401486158371,0,74.2034283876419,0,0.502514183521271,0,0.97706151008606,0,337.480052858591,50.7105376124382,243.92357057333,2.0568842291832,45.1316622793674,0.460231900215149,13.685329169035,0.648688852787018,26.6446372866631,0,2314.4936055541,64.9266894459724,1448.95966300368,122.721367686987,1069.02244645357,554.356088340282,1041.06401926279,403.089868992567,413.008074343204,83.7569530904293,2183.02744287252,692.435132950544,0,0,4.07123047113419,0,73.1653738021851,0,5.24500489234924,0,0,0,2.60982835292816,0,0,0,0,0,183.135421425104,10.6877189278603,3.89956444501877,0,0,0,0,0,0,0,11.1043961644173,0,0,0,14.3351717889309,5.19183266162872,0,0,0,0,1.65730726718903,17.0233732461929
1816.13367295265,2814.46360301971,747.502440780401,2920.28399354219,1.6350634098053,1.42329454421997,984.455099225044,863.288924008608,2.58618396520615,4.32423993945122,241.239068239927,684.197720676661,344.171851307154,342.704393386841,5.47896018624306,16.2169635295868,64.2871513366699,293.722622334957,4924.43181809783,0,0,0,337.215452253819,784.294891297817,0,4.03194206953049,0,0,306.927618473768,39.3931441307068,287.458071678877,428.662626862526,850.167718082666,5627.89863601327,7.46795526146889,37.074731618166,36.7380016446114,78.7969905138016,11.1407904624939,10.4470603764057,0,0.727475583553314,6.66549295186996,27.0476945638657,1.34576010704041,5.40428113937378,1.55118441581726,106.705307096243,0,1.71098309755325,0,7.74727362394333,0,0,0,0.599944353103638,558.242685168982,968.34330868721,5.25641345977783,497.780362844467,24.0425780713558,31.9725735783577,29.8347427248955,30.3132105767727,0,20.8179156184196,203.354907482862,2102.80556744337,1018.43749421835,2550.02778628469,642.396976739168,1188.71534273028,579.785864859819,1224.52114319801,172.12705719471,258.88545435667,1297.07054957747,3144.75240346789,0,1.17960914969444,1.0971816778183,7.89100474119186,19.1460391581059,0,0,13.0248585343361,0,0,0,4.90166914463043,0,0,0,0,23.2575365304947,133.276506066322,2.68206489086151,0,0,0,0,0,0,0,4.1517179608345,4.81286334991455,0,0,50.8965655565262,19.4662766456604,0,0,0,0.775319874286652,0,22.9620186090469
0.837406516075134,0,12.2729730606079,0,163.810409426689,13.6131955385208,0,0,10.489875972271,1.57894843816757,0,0,0.757707715034485,0,204.886148840189,2.91359955072403,0,0,5.71786397695541,0,0,91.1528069376945,122.0013705194,12.9304283261299,248.315656632185,23.4347597062588,696.819337457418,46.468003153801,67.1068412065506,0,1022.83469614387,20.0533766746521,152.943733692169,0,23.2743946313858,0,38.0904534459114,11.7271046042442,3.60929650068283,1.45833259820938,63.0020124316216,44.2155836820602,6.96693599224091,0,0,0,14.349467754364,2.43982410430908,0,0,5.25427752733231,0,1.14137867093086,0,6.63962918519974,5.8722864985466,0,0,0.616949081420898,0,0,0,0,0,0,0,23.5869836211205,0,0,0,854.241608679295,167.276947200298,131.834050178528,8.71036124229431,7.15796184539795,17.400292634964,24.0371509790421,7.31274724006653,0,0,4.09489989280701,0,1.92505332827568,0,1.40633738040924,2.51442444324493,8.77717924118042,1.79514288902283,9.03414613008499,2.35879588127136,0,0,0,0,1.38620889186859,0,0,0,0,0,0,0,0,0,0,0,0,0,0,0.781666100025177,0,0,0,0,0,0
0,0.53593498468399,31.1505659222603,7.04192847013474,127.851415991783,311.497157007456,0.877968907356262,2.41552698612213,12.2072797417641,71.4787073731422,0,0,0,5.84272015094757,121.922106146812,442.337499201298,0,0,3.29422736167908,0,91.1528069376945,0,73.4619204699993,21.17312759161,167.31446531415,853.313666492701,241.722974210978,1583.66754609346,13.4330746531487,227.961908280849,69.0728365778923,677.003055691719,15.1585847735405,22.9510846734047,0,0.467234313488007,31.5331429243088,165.381437957287,9.59430742263794,0.975250601768494,1.28972709178925,425.635566055775,0,2.71270477771759,0,0,0,4.78657561540604,0,0,0,4.44087117910385,0,0,0,3.28442126512527,0,0,0,0,0,0,0,0,0,0.623907148838043,0.878372371196747,3.90177738666534,0,0,361.00176051259,576.77838024497,13.1371074318886,241.209824502468,0,3.3226118683815,0,31.5070753097534,0,0,0,0,4.68151766061783,14.0047371387482,2.23122382164001,2.04076743125916,0,1.53364646434784,0,0,0,0,0,0,0.78573751449585,7.00992262363434,0,0,0,1.16583126783371,0,0,0,0,0,0,0,0,0.684751033782959,0,0,0,0,0,0,0
17.1039656996727,0.531110763549805,3214.10978204012,1131.2329492867,185.758880794048,141.263229250908,273.432918429375,720.976689219475,46.2452246844769,166.593571037054,12.5773067474365,29.8698448836803,137.473668158054,242.585024237633,132.174889802933,148.073488682508,0,0.362007975578308,1359.17736598849,337.215452253819,122.0013705194,73.4619204699993,0,3370.54303261638,574.304897665977,441.155186295509,106.420299708843,141.082425415516,278.435756772757,4.28988119959831,2860.75322580338,1827.00674414635,926.426430702209,361.792840391397,189.885382860899,0.835706412792206,4.9800271987915,0,0.94682765007019,0,7.47134798765182,1.67849493026733,30.8395838737488,0,12.5190994739532,0,3.48821347951889,0,0.695663809776306,0,0,0,0,0,0,0,9.31442505121231,0,1.52943754196167,0,0,0,2.4248321056366,0,0,0,565.932387679815,0,3.08308506011963,0,867.163040220737,293.608778059483,714.413312405348,111.996118158102,110.197515934706,23.3221043944359,550.228119492531,40.98082447052,0,0,3.33371520042419,0,4.06615734100342,0,0,0,0,0,0,0,0,0,0,0,18.6953905820847,0,0,0,0,0,0,0,0,0,1.35719680786133,0,0,0,2.80909067392349,1.66190302371979,0,0,0,0,0,3.49751806259155
2.00788015127182,11.5314446091652,2323.43382748961,2185.23032304645,303.933914780617,52.1093853414059,1342.42755284905,316.243313968182,243.075051426888,118.055717289448,11.0751346349716,102.778311640024,420.796407669783,395.482789129019,286.120911151171,301.497031658888,0,8.64847856760025,660.615757226944,784.294891297817,12.9304283261299,21.17312759161,3370.54303261638,0,181.386441528797,2006.01957267523,37.7876735031605,82.0030689239502,57.8378902673721,108.261100292206,378.102611601353,2532.10549917817,218.742166697979,1241.97669562697,0.533181726932526,38.785461306572,0,11.3951305747032,0,0,0,23.9593986868858,0,10.1107379198074,0,0,0,31.9807939529419,0,0,0,0,0,0,0,0,0,8.59698742628098,0,0.791150033473969,0,2.12749099731445,0,8.27222090959549,0,0,0.785629689693451,146.367471456528,0,0,658.579327374697,1506.79113155603,203.018171012402,1273.71832931042,39.5015282332897,376.301204830408,100.772624015808,757.035283148289,0,1.30836856365204,0,10.750137090683,9.8879805803299,1.20340263843536,0,2.39610815048218,0,0,0,0,0,0,0,0,2.06464564800262,45.162117600441,3.4320160150528,0,0,0,0,0,0,0,0,0.471779525279999,0,0,14.728809773922,5.92461949586868,0,0,0,0,0,7.75078046321869
0,0,64.9562413692474,17.6473541259766,129.363869905472,69.0474184453487,1.8226301074028,1.10417091846466,37.0212607681751,37.9961282014847,0,0,0,1.00426435470581,112.377881020308,33.3224387764931,0,0,2.79443925619125,0,248.315656632185,167.31446531415,574.304897665977,181.386441528797,0,286.841788202524,933.724755257368,163.130357295275,45.8390086591244,2.6110457777977,429.960353642702,247.706842362881,21.0291497707367,5.63679206371307,1.52516251802444,0,0.982394993305206,0,0,0,6.26348733901978,0,0,0,0,0,0,0,0,0,0,0,0,0,0,0,0,0,0,0,0,0,0,0,0,0,0,0,0,0,250.397143155336,23.0900243520737,44.2397877275944,9.37695664167404,2.22824776172638,0,5.9759769141674,0,0,0,0,0,2.1979772746563,0,0,0,0,0,0.856370329856873,0,0,0,0,0,0,0,0,0,0,0,0,0,0,0,0,0,0,0,0,0,0,0,0,0,0,0
0,0,292.77116510272,35.9274834990501,386.956206262112,594.433356940746,51.1255912780762,8.77130395174026,127.672358900309,214.166611731052,0,0,8.17596912384033,3.49206352233887,204.625866383314,362.759127676487,0,0,8.25051715970039,4.03194206953049,23.4347597062588,853.313666492701,441.155186295509,2006.01957267523,286.841788202524,0,149.987977385521,1670.31385609508,19.4286412596703,54.9807941317558,131.265710353851,770.75569319725,19.3156336545944,4.52279570698738,1.9757873415947,0,0,8.62527590990067,0,0,0,39.3115907907486,0,0,0,0,0,0,0,0,0,0,0,0,0,2.81576120853424,0,0,0,0,0,0,0,0,0,0,0,0.758833765983582,0,0,590.073335438967,329.433921813965,14.7878232300282,236.645677089691,0,12.5798260569572,0.696533203125,7.31964999437332,0,0,0,0,8.4947130382061,1.39196002483368,0,0.630757689476013,0,1.22189313173294,0,3.65355384349823,0,0,0,0,0,0.864422827959061,0,0,0,0,0,0,0,0,0,0.63185840845108,0,0,0,0,0,0,0,0,0,0
0,0,18.7557667791843,11.8400030732155,373.101132124662,92.8411858975887,0,0,59.0439780950546,20.5851451158524,0,0,0,0.73129940032959,245.56455501914,36.4057275354862,0,0,0.809734165668488,0,696.819337457418,241.722974210978,106.420299708843,37.7876735031605,933.724755257368,149.987977385521,0,285.573774337769,26.7053226828575,0.491407096385956,154.507576704025,87.2783074378967,26.0171856880188,4.23335331678391,4.01021373271942,0,228.07075881958,34.0812636613846,45.8646959066391,1.52418464422226,12.2315160632133,1.82757979631424,0,0,1.35000777244568,0,2.32337594032288,0,0,0,5.36545103788376,1.27171742916107,0,0,1.14296591281891,0,0,0,2.63470506668091,0,0,0,0,0,0,0,2.49576798081398,1.08320546150208,0,0,403.419675707817,36.8608741462231,43.5978954732418,9.7681390941143,18.7637407779694,0,14.3360030651093,5.85918110609055,0,0,0,0,3.65260791778564,0,0,0,0.716995120048523,0,0,0,0,0,0,0,11.0522705614567,0.651224672794342,2.54475069046021,0,0,0,0,0,0,0,2.26020014286041,0,0,0,0,4.27976667881012,0,0,0,0,0,0
0,0,83.3078123629093,7.54041701555252,248.533348500729,1166.0726082027,9.82530844211578,0,51.8818135261536,127.046393483877,0,0,3.52681058645248,3.39881634712219,198.578614741564,463.945669233799,0,0,1.11947286128998,0,46.468003153801,1583.66754609346,141.082425415516,82.0030689239502,163.130357295275,1670.31385609508,285.573774337769,0,22.415373980999,27.8178460001945,76.9427050054073,179.912055015564,6.68054747581482,2.64538019895554,0,1.676433801651,15.7113519906998,95.1785251498222,4.78875470161438,6.00309038162231,0,51.7844198644161,0,0,0,0,0,2.98865556716919,0,0.78999936580658,0,0.725140452384949,0,0,0,2.12823677062988,0,0,0,0,0,0,0,0,0,0,0,0,0,0,536.967243313789,348.274772524834,6.75654518604279,185.000936120749,0.910042703151703,1.95465707778931,0,21.0852351784706,0,0,0,0,1.79601961374283,0,0,6.0628120303154,0,5.08197259902954,0,3.40180200338364,0,0.807419896125793,0,0,0,6.4571778178215,0,0,0,0.75252902507782,0,0,0,0,0,0,0,0,0,0,0,0,0,0,0,0
1147.066750139,64.3854687511921,1490.34372958541,67.6456151604652,663.823576718569,6.70190823078156,605.708982288837,96.7958856225014,402.418715834618,6.40546581149101,1120.08641600609,25.1982051730156,2487.62012931705,11.1803394556046,2873.68191742897,5.70385146141052,3048.12659779191,4.23571014404297,567.673581510782,306.927618473768,67.1068412065506,13.4330746531487,278.435756772757,57.8378902673721,45.8390086591244,19.4286412596703,26.7053226828575,22.415373980999,0,4.95933157205582,86.3425747156143,53.7818213701248,70.6277610063553,133.022602796555,44.1629123091698,39.6400119662285,469.005565881729,58.8262183070183,129.388974994421,1.34237396717072,244.115237444639,3.51870572566986,185.511808305979,10.1572225689888,64.041891425848,3.01904022693634,556.88056525588,2.44677519798279,143.067833274603,0,359.532982736826,0,95.3933344483376,0,121.723913371563,0,1739.15028864145,45.756324917078,513.753431171179,17.6006854772568,303.388321638107,12.6455745697021,751.943413436413,22.20415610075,72.5043669939041,0,569.961276471615,132.112095654011,248.419864445925,14.9493392705917,857.628034830093,57.378986954689,2061.6099087894,36.4958292841911,108.161300241947,14.4421823620796,625.863062053919,81.6693974137306,188.303758949041,1.66460239887238,1512.04515868425,10.3373435735703,1463.29024448991,0,484.185301482677,0,442.509117811918,0,284.017317742109,0,6.5412250161171,0,0,0,35.599217236042,1.86538732051849,2.07195252180099,0,12.5499141812325,0,0,0,1.44384050369263,0,8.37071257829666,6.23923754692078,2.18701934814453,0,4.24324750900269,4.9803062081337,0,0,0,0,0,2.53934854269028
2.75520414113998,99.7756707072258,21.0472010374069,250.97155585885,7.1949275135994,106.252264738083,25.5696761012077,57.0921608507633,0.443976879119873,130.4880002141,2.14097619056702,491.903122931719,3.75728288292885,994.042065083981,2.87221294641495,1411.08107188344,0,2306.4610158205,20.8937255740166,39.3931441307068,0,227.961908280849,4.28988119959831,108.261100292206,2.6110457777977,54.9807941317558,0.491407096385956,27.8178460001945,4.95933157205582,0,0,7.2875896692276,2.50878855586052,14.9413504898548,3.45175391435623,2.63410520553589,5.46984374523163,109.707342147827,0,3.73913064599037,0,597.134981840849,3.5950074493885,27.8164086341858,0,26.9960962533951,0,53.3923956155777,0,53.3495510518551,0,66.7510409653187,0,22.3093102872372,0,34.3531482815742,7.11252281069756,351.472968399525,3.16549748182297,126.665925532579,6.57482945919037,55.8087266385555,2.55726945400238,328.188897401094,0,28.0104259550571,34.3146423101425,109.867468029261,5.04420971870422,5.79766660928726,19.2944190502167,271.122895598412,1.93292999267578,5354.3944824934,0,44.4998903274536,9.6780059337616,96.2975797653198,0,311.077290117741,2.31773173809052,654.689390808344,0,328.045163869858,0,170.586405158043,0,10.9398275017738,0,26.4457125365734,0,4.82815873622894,0,0,0,5.77237844467163,0,0,0,8.96950089931488,0,0,0,0,0,1.41535556316376,0.546475946903229,0,1.25922989845276,0,0,0,0,0,0,1.71980202198029
11.5105075240135,18.9783613085747,138.879095345736,87.7546563744545,128.99150633812,45.3568938970566,30.395844399929,57.7636600732803,32.5221955776215,27.9761281609535,23.3253213763237,16.3646703958511,35.9989625811577,29.3324600756168,108.561237156391,13.118435561657,11.8808290958405,3.46769243478775,637.108079314232,287.458071678877,1022.83469614387,69.0728365778923,2860.75322580338,378.102611601353,429.960353642702,131.265710353851,154.507576704025,76.9427050054073,86.3425747156143,0,0,473.593228757381,852.31389772892,273.506437987089,64.4577907323837,4.13206189870834,7.67375665903091,1.39071553945541,1.25114321708679,0.503060400485992,2.94701099395752,0,16.3139142692089,1.37145084142685,10.2839889228344,0.530009806156158,4.56598377227783,6.70843315124512,2.67515367269516,0,2.68056374788284,0,0.987406313419342,0,1.81512498855591,0,1.66617614030838,0.986283540725708,0,1.42610788345337,1.12187421321869,0,1.43737506866455,0,0.672560393810272,0,330.407016992569,15.6721398532391,8.06677711009979,1.54217255115509,918.343105405569,42.9523900449276,115.301007956266,29.1499924063683,43.061555147171,2.02830475568771,163.851844847202,42.135558784008,0,0,0,0,5.27985054254532,0,0.681097745895386,0,0,0,1.94209265708923,0,0,0,0,0,7.52788922190666,1.73920953273773,0,0,0,0,0,0,0,0,5.8895677626133,0,0.41040500998497,0,2.6712828874588,0.950261235237122,0,0,0,0,0,1.49459862709045
8.88564950227737,6.05085647106171,800.906836628914,273.067794293165,255.898423522711,70.2389005124569,212.2685072124,85.9214374423027,100.475985765457,42.9321620166302,20.3138288259506,21.4593330621719,92.4250682592392,26.1879749298096,132.372215658426,64.4541013836861,1.11553037166595,0,545.749504804611,428.662626862526,20.0533766746521,677.003055691719,1827.00674414635,2532.10549917817,247.706842362881,770.75569319725,87.2783074378967,179.912055015564,53.7818213701248,7.2875896692276,473.593228757381,0,233.221827626228,1776.14146175981,12.8730849027634,87.7681715786457,1.6178994178772,4.21852797269821,0,0.600531339645386,0,3.75908952951431,2.66999459266663,28.0452348589897,0,0.50080281496048,0,30.0308733582497,0,0,0,0,0,0,0,0,0.941313683986664,1.63684850931168,0.545597016811371,0,0,0,0.528372049331665,1.97573840618134,1.07845652103424,0,33.1043517291546,348.24322989583,0.496177732944489,0.627577424049377,566.376387000084,301.918435871601,107.344602495432,99.4917644262314,25.1299897134304,13.1735073924065,156.721188783646,62.8712021112442,0,0,0,2.37188363075256,10.5844250917435,0,0,0,0,0.99858170747757,0,0.82507187128067,0,0,0,0,13.5533636808395,3.62395566701889,0,0,0,0,0,0,0,0,1.17250835895538,1.09476754069328,0.782990157604218,0,1.57735443115234,0,0,0,0,0,0,0
71.0608129799366,147.668682187796,92.5708160698414,160.639431148767,58.1880423128605,3.34542739391327,25.4954109787941,162.871116012335,15.526375234127,1.64177393913269,31.7145746946335,36.4125118255615,37.7910435795784,40.2068630158901,31.9305673837662,1.63819307088852,20.6407154202461,14.0669981837273,3998.54025003314,850.167718082666,152.943733692169,15.1585847735405,926.426430702209,218.742166697979,21.0291497707367,19.3156336545944,26.0171856880188,6.68054747581482,70.6277610063553,2.50878855586052,852.31389772892,233.221827626228,0,461.447282016277,641.830242186785,6.45516782999039,14.3527719974518,27.6623208522797,17.6602472662926,5.70934388041496,1.33873403072357,0,88.1023438870907,4.7347412109375,55.0979168713093,1.21368837356567,45.6560653448105,12.2420306503773,5.70743298530579,0,2.66646391153336,0,0.518059730529785,0,3.69745755195618,0,150.279092133045,123.562127947807,35.8866041898727,57.0959794223309,15.2338356673717,14.4172235131264,29.1082353591919,35.5355179011822,6.8176731467247,1.1079905629158,4449.90238320827,181.366883188486,1075.53382205963,107.049193620682,432.849601596594,108.508798509836,133.776751250029,68.3905972242355,41.8352466225624,17.216710627079,306.391117364168,150.048895061016,2.69766855239868,1.02165114879608,17.5339605808258,30.4429926872253,8.1803827881813,0,5.62157088518143,0.44583198428154,0,0,0,0,0,0,0,0,25.5305092632771,4.1801121532917,1.39661347866058,0,0,0,0,0,0,0,3.71837097406387,0,2.71698731184006,0,0,0.670571446418762,0,0,0,0,0,4.01758897304535
263.017982274294,221.097992122173,253.869138240814,156.3097422719,9.95064443349838,1.36628389358521,384.761427551508,136.050085216761,12.9003401398659,5.06701076030731,67.7756713330746,59.7943046987057,155.41888704896,87.4155322909355,13.4837416410446,4.84089064598083,25.9747595191002,49.5760383605957,1534.17332071066,5627.89863601327,0,22.9510846734047,361.792840391397,1241.97669562697,5.63679206371307,4.52279570698738,4.23335331678391,2.64538019895554,133.022602796555,14.9413504898548,273.506437987089,1776.14146175981,461.447282016277,0,94.9864003658295,719.659952908754,58.1346780359745,36.8560486733913,34.6093307137489,27.0843317210674,1.41064882278442,2.76934802532196,35.1083333790302,156.23511248827,22.8648799359798,19.2681966125965,33.5370221734047,203.754512786865,7.59847211837769,0.612381517887115,21.9896256029606,0.632445096969604,0.521050631999969,0,2.12070631980896,0.854836106300354,225.029653936625,460.919828921556,70.8133395910263,81.8227232098579,78.0408464372158,23.8375087678432,93.0026126503944,85.2590694725513,10.7710933685303,3.15099057555199,743.520453333855,5019.40145292878,404.939174681902,715.795236378908,271.391775608063,317.888113379478,182.266110152006,197.159103989601,74.191766679287,39.5788082778454,578.745100617409,523.085926055908,6.02507847547531,12.8516901135445,40.9009477496147,79.6708353459835,14.196682870388,0.949160933494568,22.1236354708672,17.3194934129715,0,0,3.06330844759941,9.87148457765579,0,0.680880069732666,0,0,35.4943971931934,40.8172412216663,8.18794894218445,2.61380207538605,0,0,0,0,0,0.511508762836456,3.01177167892456,7.71037930250168,3.46682351827621,3.18358969688416,4.2433420419693,3.2790219783783,0,0,0,1.11009001731873,0,12.9219298064709
11.6199983358383,4.66120094060898,13.2904760539532,4.10216999053955,4.50893384218216,0,2.29188448190689,2.24509328603745,1.94544088840485,0,16.1831036806107,0,5.3248216509819,1.21596229076385,0.989597141742706,0,5.06603652238846,1.9446507692337,126.120369195938,7.46795526146889,23.2743946313858,0,189.885382860899,0.533181726932526,1.52516251802444,1.9757873415947,4.01021373271942,0,44.1629123091698,3.45175391435623,64.4577907323837,12.8730849027634,641.830242186785,94.9864003658295,0,318.403178960085,127.041086494923,88.252126455307,117.149099618196,18.5335018932819,9.50744450092316,7.99649280309677,531.376098096371,237.723923206329,259.4767537117,198.187982231379,392.56551271677,110.250566422939,124.343471854925,106.067055702209,132.283738970757,22.8037540912628,16.1943070292473,3.37886875867844,16.452950656414,15.7880439460278,9.06525722146034,22.9985428750515,14.0418887138367,82.5248807668686,61.0110376179218,11.0058962702751,34.9920362532139,20.2972921133041,21.1452307701111,3.00322920084,1668.38074615598,666.854216486216,2.83563005924225,4.48231136798859,98.8330963551998,6.75371727347374,40.8954829573631,27.586010992527,8.79598993062973,5.98500639200211,148.438821971416,107.029096245766,4.08083975315094,2.23878437280655,53.0416821241379,68.1182407140732,5.24106514453888,0,37.7258436977863,36.8078048527241,0,1.98829197883606,21.0929338335991,30.771559804678,10.1982213258743,3.75929778814316,0,0,10.4905846714973,21.926693379879,4.6654999256134,0,2.94219332933426,10.3610505461693,0,0,0,0,0.428767085075378,0,1.30017757415771,1.97922039031982,0,0,5.751429438591,0,0,0,0,0
3.86895674467087,1.6841407418251,4.75286665558815,5.03487980365753,0,0,4.20831233263016,2.52416682243347,0,0,2.74410593509674,4.48695456981659,1.07878646254539,2.41142904758453,0,1.43484234809875,0,0.692890882492065,18.4013397991657,37.074731618166,0,0.467234313488007,0.835706412792206,38.785461306572,0,0,0,1.676433801651,39.6400119662285,2.63410520553589,4.13206189870834,87.7681715786457,6.45516782999039,719.659952908754,318.403178960085,0,77.066154897213,163.634804576635,84.7535203099251,91.3118784725666,9.99418914318085,3.4070982336998,734.181055188179,639.726309299469,396.220888912678,352.943652540445,388.540124088526,424.933882296085,244.312020778656,208.9007858634,215.455715686083,61.4752591252327,48.9249096512794,8.17283284664154,31.0693088471889,49.6047586500645,1.55208453536034,0,23.8325858414173,57.3519322872162,20.9763980507851,5.27984058856964,6.96568048000336,11.1465713083744,4.79780602455139,3.33959332108498,515.724669128656,1518.9763045311,0,0,7.54364004731178,10.948490858078,17.8029129505157,19.8089751601219,8.19452428817749,5.54746729135513,94.2779770195484,62.5454186201096,1.37413334846497,2.71762895584106,24.082227408886,30.4394255876541,0.681638240814209,2.12123948335648,15.0266225934029,13.9310860931873,0.794629812240601,0,23.5521020293236,25.6545500457287,8.21360874176025,4.57004308700562,0,0,4.17220836877823,4.01486992835999,0,2.10692191123962,2.40648108720779,20.3537782430649,0,0,0,0,0,0,0,0,0,0.899389326572418,7.36419689655304,0,0,0,0,0
367.885573744774,12.1157228648663,118.487973570824,5.01815640926361,20.3211359977722,0,58.8063024878502,10.5838477909565,7.6414395570755,0,25.5686545968056,0,23.578565955162,0,35.1312967538834,0,11.2658320665359,1.69840174913406,135.385821074247,36.7380016446114,38.0904534459114,31.5331429243088,4.9800271987915,0,0.982394993305206,0,228.07075881958,15.7113519906998,469.005565881729,5.46984374523163,7.67375665903091,1.6178994178772,14.3527719974518,58.1346780359745,127.041086494923,77.066154897213,0,529.263872295618,2925.70555326343,18.5138910412788,523.944102168083,61.9167509078979,528.181537657976,238.505233198404,304.631756067276,160.136508733034,1332.62104699016,95.2478045225143,448.431605041027,97.5380236208439,831.470209151506,50.0984083116055,207.022107958794,4.71794337034225,1470.64178594947,33.6706831157207,308.826279938221,10.9895586371422,340.904741764069,103.135510206223,121.697427690029,15.7557682394981,29.5162575244904,15.4639843702316,141.343142688274,7.42521411180496,990.143283933401,1002.58300343156,181.171306967735,3.6139859855175,527.215097516775,53.60063585639,393.702423840761,59.6035854518414,1182.9570428431,51.7499489784241,2892.76250717044,197.62640529871,3.91440320014954,7.55535596609116,166.439035713673,24.2648574113846,515.287080287933,0,170.045045763254,9.48658365011215,857.632906138897,0,840.808387130499,25.446389913559,69.1309232711792,106.539703905582,41.03690508008,34.4888994693756,268.170016855001,51.0189149081707,115.451464921236,29.1242927610874,55.2097082138062,48.0543904006481,20.6139890551567,6.85248672962189,38.3195967972279,72.0546142458916,68.7962956130505,35.7062499821186,24.2322644591331,14.6883375644684,10.0006830394268,52.0835126936436,19.9659763276577,2.59446501731873,6.34264519810677,2.66184616088867,9.57798373699188,12.7527257800102
4.96750611066818,336.133282363415,1.35702508687973,73.114070057869,1.05657362937927,26.1305796504021,1.68865251541138,35.912749171257,0,18.0559836030006,0,11.5304258465767,0,16.1460143625736,0,47.5871005058289,3.48528975248337,8.04375270009041,9.97473126649857,78.7969905138016,11.7271046042442,165.381437957287,0,11.3951305747032,0,8.62527590990067,34.0812636613846,95.1785251498222,58.8262183070183,109.707342147827,1.39071553945541,4.21852797269821,27.6623208522797,36.8560486733913,88.252126455307,163.634804576635,529.263872295618,0,80.4266526699066,1834.01443210244,18.0839681625366,883.553023636341,144.183344841003,482.894400954247,208.120907515287,275.464868098497,136.317353636026,1351.29642316699,80.0818232595921,389.411995321512,130.269784063101,499.969771176577,9.64700478315353,161.501110047102,11.3848539590836,2367.6038209796,14.332325220108,152.737843930721,318.060445308685,406.427824765444,299.686660081148,102.777587980032,38.3993258476257,39.2569280564785,229.635637670755,170.798796147108,1398.33574205637,1496.86131408811,5.15760698914528,53.3116725087166,32.3029227256775,286.453766256571,91.2977440953255,702.838295966387,41.3972593545914,193.068652391434,335.566470086575,3885.29372441769,7.1355819106102,4.6462636590004,61.2636484205723,127.727340131998,0,260.059064805508,48.8302317857742,648.836819320917,6.27326154708862,329.066503018141,32.8881948590279,1034.50190275908,11.16438382864,73.7287852466106,3.6573343873024,17.7596030235291,35.3533985614777,267.971224009991,29.1535242497921,13.024395108223,17.7895228266716,122.727510511875,2.0443919301033,4.0964016020298,11.2637474536896,33.9374603033066,8.38860094547272,20.1488442420959,8.00656855106354,20.4458417892456,5.1721870303154,14.7071888446808,10.3253036737442,4.89244168996811,3.77783465385437,0,2.44898492097855,1.29693728685379
104.826727807522,12.7121865749359,8.97254192829132,10.7629590034485,1.10304379463196,0,2.73314142227173,0,1.58957242965698,0,2.39986062049866,0,1.63547098636627,0,3.45669734477997,2.08890438079834,5.00748097896576,1.74945986270905,14.8363958597183,11.1407904624939,3.60929650068283,9.59430742263794,0.94682765007019,0,0,0,45.8646959066391,4.78875470161438,129.388974994421,0,1.25114321708679,0,17.6602472662926,34.6093307137489,117.149099618196,84.7535203099251,2925.70555326343,80.4266526699066,0,14.2806200385094,835.178923368454,8.0071873664856,528.194909751415,50.3277271389961,258.241555094719,13.3730751872063,1596.54487010837,18.9637125134468,135.148250728846,3.15821921825409,118.672173023224,2.62638688087463,43.1417691707611,0,1000.37584155798,0,141.57497304678,2.3491153717041,132.035713225603,4.9316211938858,24.6999753415585,2.18910098075867,22.8527467250824,0,21.3692302703857,1.81472289562225,515.213009923697,260.335386067629,55.3290577530861,1.15792739391327,68.333779156208,23.4434258937836,69.8745563030243,7.11388546228409,76.4904241263866,29.3861303329468,167.483859032393,73.8159368336201,5.14829748868942,0,29.8623150289059,2.03863894939423,194.682340860367,0,32.1245852708817,0,69.6022249758244,0,217.046538680792,1.26320385932922,130.575485050678,415.207009017467,30.6894792318344,73.9313557744026,84.3143029510975,101.004378169775,228.958335161209,24.0395782887936,65.9214298427105,173.587291032076,18.4666886329651,7.26626831293106,30.0229752659798,71.5951718389988,17.6397541165352,34.5036717951298,16.0904909968376,12.6117454767227,2.7106499671936,2.35437667369843,15.7697298526764,3.51796692609787,8.35279688239098,2.22184437513351,4.37602636218071,7.10710602998734
0,28.450366795063,0,2.89868780970573,0,2.62513267993927,0,5.4895201921463,0,0,0,0,0,0,0,5.61013525724411,0,2.42567819356918,0,10.4470603764057,1.45833259820938,0.975250601768494,0,0,0,0,1.52418464422226,6.00309038162231,1.34237396717072,3.73913064599037,0.503060400485992,0.600531339645386,5.70934388041496,27.0843317210674,18.5335018932819,91.3118784725666,18.5138910412788,1834.01443210244,14.2806200385094,0,1.15492415428162,1635.08812206984,34.6307111084461,604.0307289958,29.2913763523102,192.598584234715,9.40367716550827,911.633596837521,8.47820824384689,52.5824074149132,1.26599860191345,62.2180320322514,1.21129322052002,47.0357101857662,0,1196.4908619523,2.27976667881012,58.9418013691902,3.66363072395325,70.746076464653,0,3.36971336603165,0.777738690376282,7.54673752188683,0,4.06784290075302,70.7193453609943,884.413461953402,0,6.17232447862625,3.46731680631638,21.2743384838104,4.07393455505371,50.2942745685577,0,11.0139194130898,8.64794707298279,95.8363478183746,0,1.68518894910812,0,9.09677588939667,0,144.878123611212,0,46.7194098234177,0,170.304648309946,0,166.931530624628,1.31037104129791,11.1899380683899,0,1.69311898946762,2.08638143539429,28.2513398230076,2.0667040348053,11.5241612195969,1.14881020784378,15.4294866919518,0,1.17024779319763,0,3.87479707598686,0,0.847038149833679,0,0,1.30259466171265,1.63420617580414,0.550788283348083,0.608266413211823,1.00148546695709,0,0,0
6.68073892593384,0,10.910173624754,0,27.0818901658058,0.546280443668365,4.52639484405518,0,16.9674517810345,0,0,0,4.96514731645584,0,38.3615047931671,0,1.2570264339447,0,8.74509871006012,0,63.0020124316216,1.28972709178925,7.47134798765182,0,6.26348733901978,0,12.2315160632133,0,244.115237444639,0,2.94701099395752,0,1.33873403072357,1.41064882278442,9.50744450092316,9.99418914318085,523.944102168083,18.0839681625366,835.178923368454,1.15492415428162,0,51.1787614524364,63.5174342691898,0,15.1435183286667,0,239.82847648859,0,20.4750660359859,0,78.8478764295578,0,30.8243954479694,0,111.394313782454,1.13869953155518,4.26626026630402,0,29.3049395978451,0,14.3451328277588,0,1.10560953617096,0,25.6011524200439,0,126.584998577833,1.59952998161316,2.44173115491867,0,650.180089175701,15.9338519573212,384.447770893574,6.98107028007507,134.17918035388,17.6090470552444,266.03702929616,2.47495126724243,1.4172670841217,0,17.015972495079,0,836.659067362547,0,60.3197726011276,0.945622146129608,504.012063384056,0.904469728469849,149.050796985626,2.42922520637512,2.64863985776901,0.91696310043335,1.75207588076591,0.537798523902893,28.909274160862,2.48512506484985,5.66862833499908,0,3.85143947601318,0.662481367588043,2.04718095064163,0,2.6245573759079,0.498964905738831,20.5039508342743,5.19847565889359,3.11563786864281,0,2.59679159522057,2.50546503067017,0.51533305644989,0,0.408550173044205,0.924472838640213,0,7.38951301574707
0,0,1.59300827980042,27.7083632349968,1.3787100315094,74.2442239820957,1.4917665719986,1.21003997325897,0,47.0639325380325,0,0,0,21.656249165535,0,178.598348975182,0,4.62912034988403,0,0.727475583553314,44.2155836820602,425.635566055775,1.67849493026733,23.9593986868858,0,39.3115907907486,1.82757979631424,51.7844198644161,3.51870572566986,597.134981840849,0,3.75908952951431,0,2.76934802532196,7.99649280309677,3.4070982336998,61.9167509078979,883.553023636341,8.0071873664856,1635.08812206984,51.1787614524364,0,12.4624824523926,113.058900773525,0,31.9023920893669,3.92904955148697,311.889226078987,0,47.1862819194794,0,91.5308851599693,0,53.4327181875706,19.6208968758583,726.432551681995,0,0.958331167697906,0,36.7991180419922,0,2.42498105764389,0,2.94107967615128,0,22.8896573781967,0.857973396778107,92.2004210948944,0,0,43.4755792319775,417.072450637817,149.059636235237,2276.22124904394,62.5611191391945,234.791363835335,7.52211463451385,178.105030238628,0,3.35610753297806,0,49.8209621310234,3.13588017225266,1511.43405836821,3.07927811145782,430.06576949358,26.888131737709,1183.56925970316,25.8382675349712,365.864668011665,2.66356664896011,7.11775314807892,0,0.625437319278717,4.32730329036713,21.9320598840714,0,0.493695706129074,0,15.3908421993256,0,0,0,2.14555358886719,2.54453301429749,2.04113668203354,1.1932817697525,1.14458441734314,0.722973525524139,0.683840036392212,1.24814343452454,0,1.67161926627159,0.854653537273407,0,1.31991744041443
2.29588058590889,0.546819448471069,1.58589762449265,1.13685989379883,0,0,1.49022674560547,1.36910736560822,0,0,1.62134295701981,0,1.91871041059494,0,1.53540253639221,0,1.33042204380035,0,57.8570713102818,6.66549295186996,6.96693599224091,0,30.8395838737488,0,0,0,0,0,185.511808305979,3.5950074493885,16.3139142692089,2.66999459266663,88.1023438870907,35.1083333790302,531.376098096371,734.181055188179,528.181537657976,144.183344841003,528.194909751415,34.6307111084461,63.5174342691898,12.4624824523926,0,1488.29559785128,7059.56725689769,1479.13922461867,6824.92916154861,1549.75339522958,3576.27189812064,626.121999502182,2306.76717489958,56.0346029102802,860.085434317589,17.5579812824726,335.76810324192,101.2163669765,0,6.74607375264168,9.43587845563889,118.801336169243,2.57659763097763,3.9234864115715,3.97624704241753,3.68157690763474,3.7530152797699,1.02572467923164,1837.81367224455,1503.3332478106,1.26879799365997,2.14283335208893,5.82791203260422,3.3767397403717,181.588688015938,46.4863532781601,14.1215685009956,4.50865042209625,401.595124214888,103.686019212008,0,1.06288623809814,116.58823466301,19.2938176691532,34.731221139431,2.06826329231262,226.799464970827,20.1917231082916,10.4605436623096,0,428.424901455641,30.9748822152615,312.14687281847,16.6992563903332,0,0,31.2359499335289,2.18908703327179,8.42427730560303,1.06162875890732,53.2585316300392,106.86910289526,0,0,0,0,0,0,1.65665340423584,0,0,3.39434617757797,29.5337834358215,0,0,0,0,0
0,1.01553452014923,0,1.5405045747757,0,0,0,1.49234652519226,0,0,0,0,0,2.11197733879089,0,0,0,0.521166205406189,0.594269096851349,27.0476945638657,0,2.71270477771759,0,10.1107379198074,0,0,0,0,10.1572225689888,27.8164086341858,1.37145084142685,28.0452348589897,4.7347412109375,156.23511248827,237.723923206329,639.726309299469,238.505233198404,482.894400954247,50.3277271389961,604.0307289958,0,113.058900773525,1488.29559785128,0,725.073857009411,6081.08811867237,235.747777163982,7228.60286724567,350.837777137756,2433.62876141071,229.218093514442,1275.08156657219,33.2280589938164,587.054352164268,34.607075214386,788.705684185028,1.28880256414413,0,51.1694836914539,202.232953727245,7.80452316999435,3.22180271148682,0,9.55001497268677,7.10125690698624,10.4427047967911,884.722974121571,3076.76860794425,0.357576280832291,0,0.58440089225769,2.70315507054329,19.3325508236885,219.283106088638,2.78005695343018,29.4978055357933,91.7765152454376,215.782894074917,0,0.571397066116333,0,123.496516764164,0,13.0871554017067,2.69271671772003,216.806652367115,0,13.404413074255,22.0370564162731,185.470004558563,1.56925243139267,184.936016738415,0,0,0,41.8297537565231,1.36968100070953,48.047443062067,0.593253970146179,433.569629132748,0,0,0,0.515058279037476,0,0,0,1.54706811904907,2.39985072612762,0,5.43798732757568,0,0,0,0,0
3.04511141777039,0,8.75945249199867,0,0,0,2.01096296310425,0,0,0,2.68609148263931,0,0,0,0,0,0,0,37.6237432956696,1.34576010704041,0,0,12.5190994739532,0,0,0,1.35000777244568,0,64.041891425848,0,10.2839889228344,0,55.0979168713093,22.8648799359798,259.4767537117,396.220888912678,304.631756067276,208.120907515287,258.241555094719,29.2913763523102,15.1435183286667,0,7059.56725689769,725.073857009411,0,562.721834689379,2065.96690911055,81.4528019428253,3577.55996921659,197.813361376524,802.993162572384,70.2647909224033,77.4379836320877,3.54432854056358,105.361844152212,27.0183258056641,1.32528102397919,3.36789658665657,120.028030246496,75.8680645227432,9.85803407430649,2.43326690793037,7.35040056705475,6.15025275945663,8.49970126152039,14.1327033042908,2299.23713430762,2278.33705815673,3.30250746011734,0,11.7114319205284,0.549678266048431,79.861184835434,22.8910619616508,14.414543479681,4.61148336529732,297.933610200882,96.450662791729,5.34112417697906,1.41865852475166,87.9631044566631,14.4219750165939,3.8356386423111,0,115.807692587376,8.45869410037994,1.97404104471207,0,83.5158057808876,14.2224072217941,1.44334232807159,0,0,0,28.0478538572788,1.47861468791962,4.19956171512604,0,4.84484070539474,0,0,0,0,0,0,0,0,0,0,3.75216630101204,7.83020776510239,0,0,0,0,0
0,0,0,0,0,0,0,0,0,0,0,0,0,0,0,0,0,0,0,5.40428113937378,0,0,0,0,0,0,0,0,3.01904022693634,26.9960962533951,0.530009806156158,0.50080281496048,1.21368837356567,19.2681966125965,198.187982231379,352.943652540445,160.136508733034,275.464868098497,13.3730751872063,192.598584234715,0,31.9023920893669,1479.13922461867,6081.08811867237,562.721834689379,0,42.7957897186279,1459.7429291904,120.170989871025,3877.9211499691,68.0350524187088,1609.97024664283,10.0904340744019,302.88634455204,4.24297028779984,335.642752081156,0,0,10.9818421602249,517.273901432753,0.58680933713913,1.77557572722435,0,1.38031294941902,0.599802792072296,0.690719485282898,490.190487056971,1783.91060820222,0,0,0,0.498685657978058,1.44222056865692,154.49541798234,0,24.4437994658947,55.8565215170383,204.990939319134,0.742562532424927,0,0.690539717674255,117.098991781473,0,3.27485901117325,0,151.057645648718,0,0.537922978401184,5.99594217538834,116.305115282536,0,61.9863022565842,0,0,0,31.2942364513874,0,35.8516821563244,0,64.7776563167572,0,0,0,0,0,0,0,0,0,1.86593329906464,0,0,0,0,0,0
5.17913085222244,0,0.993694663047791,0.99946129322052,7.6391509771347,0,10.0800535082817,0,3.15151682496071,0,5.01918566226959,0,0.952242851257324,0,3.78607726097107,0,1.67004120349884,0,27.3398404121399,1.55118441581726,14.349467754364,0,3.48821347951889,0,0,0,2.32337594032288,0,556.88056525588,0,4.56598377227783,0,45.6560653448105,33.5370221734047,392.56551271677,388.540124088526,1332.62104699016,136.317353636026,1596.54487010837,9.40367716550827,239.82847648859,3.92904955148697,6824.92916154861,235.747777163982,2065.96690911055,42.7957897186279,0,56.2279029488564,639.270044595003,22.3399816155434,2664.66556659341,10.8153516054153,2859.59663629532,2.81514883041382,3334.41408240795,4.37942731380463,1.23274421691895,5.49108529090881,61.1267763972282,40.270639538765,13.2850855588913,4.02566426992416,3.27374404668808,9.47756785154343,12.0603181123734,5.71652394533157,1261.21689766645,783.463744997978,0,4.47824931144714,36.4698332548141,4.32164835929871,315.42082542181,11.799291908741,18.8906969130039,11.8760353922844,558.891414612532,109.195060253143,0.669618189334869,1.12791550159454,197.827342182398,11.4078502058983,129.956870228052,0,540.642833530903,6.23487222194672,113.750159204006,0,1399.00373914838,4.44073110818863,293.755170166492,0,0,0,76.6768598854542,2.41458302736282,14.6109009087086,0,305.591307520866,0,0,0,1.29677200317383,0.648843348026276,0,0.528390288352966,0,0,0,33.3965188860893,30.1963636279106,0,0,0,0,0.659668922424316
0,2.39365494251251,0,21.1604200005531,0,0,0,6.54806870222092,0,0,0,1.14037036895752,0,1.39676231145859,0,1.48346656560898,0,0,5.069580078125,106.705307096243,2.43982410430908,4.78657561540604,0,31.9807939529419,0,0,0,2.98865556716919,2.44677519798279,53.3923956155777,6.70843315124512,30.0308733582497,12.2420306503773,203.754512786865,110.250566422939,424.933882296085,95.2478045225143,1351.29642316699,18.9637125134468,911.633596837521,0,311.889226078987,1549.75339522958,7228.60286724567,81.4528019428253,1459.7429291904,56.2279029488564,0,32.6413757801056,467.828966468573,14.6671553254128,716.172578334808,4.43770408630371,1548.60775527358,6.70081627368927,3475.21932163835,4.29522734880447,3.3031450510025,18.2629121541977,111.374211758375,2.88032281398773,12.5622382760048,4.79893523454666,6.06415474414825,3.04581725597382,14.0392518043518,372.551974684,1775.85438448191,11.6051062643528,3.23780810832977,3.85761335492134,61.6882463097572,9.10058331489563,545.752997338772,1.9739630818367,57.4540343880653,85.9422623515129,489.644677191973,0,0.788077652454376,1.70231199264526,145.847642123699,0,61.4630384147167,3.41718733310699,493.012352585793,0,48.588926255703,4.62254011631012,473.523769468069,0,361.549310833216,0,0,2.17904484272003,49.9164399504662,0,223.432492256165,0,841.679727882147,0,0,0,0,0.506561875343323,0,0.590914607048035,0.540161967277527,0.530646502971649,36.034459233284,3.11805933713913,0,0,1.61883175373077,0,1.22271752357483
22.1807475984097,0,28.2009119689465,0,0,0,23.7390415668488,0,0,0,3.4383299946785,0,1.17422795295715,0,0,0,1.30758827924728,0,54.5401486158371,0,0,0,0.695663809776306,0,0,0,0,0,143.067833274603,0,2.67515367269516,0,5.70743298530579,7.59847211837769,124.343471854925,244.312020778656,448.431605041027,80.0818232595921,135.148250728846,8.47820824384689,20.4750660359859,0,3576.27189812064,350.837777137756,3577.55996921659,120.170989871025,639.270044595003,32.6413757801056,0,55.4459356069565,5962.15854477882,26.6316366195679,254.492504298687,0,157.038183778524,10.2068856954575,34.0519781708717,1.83632317185402,751.695458590984,43.0225587487221,117.171976745129,0,13.3330948352814,1.28425347805023,29.9054228961468,3.11099916696548,964.04784271121,997.118024528027,12.0878544449806,0,25.5123876929283,0,189.090084314346,2.91415852308273,30.1399865448475,0,566.112540781498,28.6210603117943,12.0348038673401,0.66977322101593,199.444220483303,1.45229816436768,27.3696739077568,0,383.983929634094,1.48533058166504,2.12756463885307,0,184.966326087713,1.64516961574554,2.57792407274246,0,0,0,100.756161361933,0,23.1291385889053,0,7.52009347081184,0,0,0,0,0,0,0,0.660778880119324,0,0,8.6031049489975,2.38287550210953,0,0,0,0,0
0,42.9466827213764,0,19.0104964971542,0,0,0,45.0616580545902,0,0,0,0.794023871421814,0,1.95107686519623,0,0,0,1.36683094501495,0,1.71098309755325,0,0,0,0,0,0,0,0.78999936580658,0,53.3495510518551,0,0,0,0.612381517887115,106.067055702209,208.9007858634,97.5380236208439,389.411995321512,3.15821921825409,52.5824074149132,0,47.1862819194794,626.121999502182,2433.62876141071,197.813361376524,3877.9211499691,22.3399816155434,467.828966468573,55.4459356069565,0,30.3060790300369,5381.85689219832,1.41740548610687,366.448111057281,2.43640828132629,333.565611511469,0,13.8508129119873,9.36274027824402,1470.52284833789,0,38.0404669642448,0,10.4579330682755,0,229.762898981571,327.631914287806,1098.18541511893,0,0,0,3.94479873776436,0,276.79134106636,0,69.2443580925465,26.9700747132301,288.968067854643,0,4.51919734477997,0,335.670302271843,0,5.65251615643501,0,334.212894022465,0,10.0158017277718,0,236.091427832842,0,13.2465166449547,0,0,0.694762349128723,83.7130748033524,0,3.91728800535202,0,25.5517182648182,0,0,0,0,0,0,0,0,0,4.34184515476227,0,0,0,0,0,0
558.019384533167,0,108.914956837893,0,0,0,1420.55874425173,0,0,0,49.596039712429,0,69.0698330998421,0,0.832740068435669,0,6.52496480941772,0,74.2034283876419,0,5.25427752733231,0,0,0,0,0,5.36545103788376,0,359.532982736826,0,2.68056374788284,0,2.66646391153336,21.9896256029606,132.283738970757,215.455715686083,831.470209151506,130.269784063101,118.672173023224,1.26599860191345,78.8478764295578,0,2306.76717489958,229.218093514442,802.993162572384,68.0350524187088,2664.66556659341,14.6671553254128,5962.15854477882,30.3060790300369,0,5.31135559082031,4496.22775426507,0,1103.12936866283,1.58218848705292,521.37766045332,0,2143.6034912467,6.91572540998459,1423.8896265626,0,56.2715714275837,0,1256.62399062514,0,777.817474842072,519.321486622095,17.412203669548,0,137.310931652784,2.01092672348022,420.869833678007,0,77.5052663683891,0,908.328184574842,28.9444451332092,13.5041587352753,0,571.118661493063,0,146.035021007061,0,5367.30529737473,0,29.1725938022137,0,1725.84862104058,0,29.7882226407528,0,0,0,152.907425820827,0,34.8611009418964,0,22.9154615700245,0,0,0,0,0,3.20030355453491,0,1.47371256351471,0,0,7.82119712233543,1.14231264591217,0,0,0,0,0
0,317.572611957788,0,63.9491299986839,0,0,0,452.033403277397,0,0,0,38.2837425172329,0,31.2165338993073,0,0,0,5.93215075135231,0,7.74727362394333,0,4.44087117910385,0,0,0,0,1.27171742916107,0.725140452384949,0,66.7510409653187,0,0,0,0.632445096969604,22.8037540912628,61.4752591252327,50.0984083116055,499.969771176577,2.62638688087463,62.2180320322514,0,91.5308851599693,56.0346029102802,1275.08156657219,70.2647909224033,1609.97024664283,10.8153516054153,716.172578334808,26.6316366195679,5381.85689219832,5.31135559082031,0,0,2824.77308687568,0,921.164124011993,0,48.5496181249619,4.81588459014893,2381.67999634147,1.79600727558136,53.7958380579948,0,24.0848679244518,0,756.57296821475,155.707644760609,1093.5810341239,0,0,0.46562185883522,17.3680909276009,0,478.419573515654,0,91.0839284360409,12.1044041514397,355.012372463942,0,21.2421378493309,0,814.268835544586,0,27.4295639097691,0,3516.58713233471,0,29.083516985178,0,996.397094607353,0,22.9696452617645,0,0,0,119.128210276365,0,1.27317756414413,0,14.540674418211,0,0,0,0,0,1.29824805259705,0,0,1.18600571155548,6.66728067398071,0,0,0,0,0,0
129.159509450197,0,6.46234041452408,0,0,0,94.7601980865002,0,0,0,35.412106603384,0,32.8712280094624,0,0,0,3.36337602138519,0,0.502514183521271,0,1.14137867093086,0,0,0,0,0,0,0,95.3933344483376,0,0.987406313419342,0,0.518059730529785,0.521050631999969,16.1943070292473,48.9249096512794,207.022107958794,9.64700478315353,43.1417691707611,1.21129322052002,30.8243954479694,0,860.085434317589,33.2280589938164,77.4379836320877,10.0904340744019,2859.59663629532,4.43770408630371,254.492504298687,1.41740548610687,4496.22775426507,0,0,0,1729.513756603,0,90.0168037414551,0,23.2065941095352,0,42.6786344349384,0,22.0138197541237,0,56.4946777820587,0,146.681504666805,94.1014292836189,0,0,13.6661940813065,0,73.6081750094891,0,8.51726683974266,0,159.63318747282,4.60424274206161,0.907885432243347,0,72.9236382246017,0,37.6259765028954,0,697.540923595428,0,16.5839366316795,0,834.024759024382,0,60.0594152510166,0,0,0,19.8535868227482,0,7.1792279779911,0,38.943405777216,0,0,0,0,0,0,0,0,0,0,1.27387380599976,1.51346635818481,0,0,0,0,0
0,2.31553521752357,0,2.14382493495941,0,0,0,5.37710738182068,0,0,0,0,0,0,0,0,0,0,0,0,0,0,0,0,0,0,0,0,0,22.3093102872372,0,0,0,0,3.37886875867844,8.17283284664154,4.71794337034225,161.501110047102,0,47.0357101857662,0,53.4327181875706,17.5579812824726,587.054352164268,3.54432854056358,302.88634455204,2.81514883041382,1548.60775527358,0,366.448111057281,0,2824.77308687568,0,0,0,2677.85615721345,0,0,0,47.4832804203033,0,0,0,0,0,1.68628644943237,7.01980692148209,62.7110486030579,0,0,0,0.558240711688995,0,110.750047683716,0,6.77271968126297,2.17489802837372,49.0726252198219,0,0,0,97.5902155339718,0,9.08855718374252,0,343.644634217024,0,8.70778679847717,0,1079.5316092968,0,42.5662650465965,0,0,0,9.16695341467857,0,1.33629858493805,0,63.7466681003571,0,0,0,0,0,0,0,0,0,0,0,0,0,0,0,0
43.2159682512283,0,1.83150041103363,0,2.02356380224228,0,33.0107175409794,0,0,0,16.0581769943237,0,11.1060419678688,0,3.62003684043884,0,0.611641705036163,0,0.97706151008606,0,6.63962918519974,0,0,0,0,0,1.14296591281891,0,121.723913371563,0,1.81512498855591,0,3.69745755195618,2.12070631980896,16.452950656414,31.0693088471889,1470.64178594947,11.3848539590836,1000.37584155798,0,111.394313782454,19.6208968758583,335.76810324192,34.607075214386,105.361844152212,4.24297028779984,3334.41408240795,6.70081627368927,157.038183778524,2.43640828132629,1103.12936866283,0,1729.513756603,0,0,0,31.810797393322,0,23.0992780029774,0,19.6037146151066,0,14.693587243557,0,18.7171168327332,0,227.185429871082,67.4341749250889,0,0,48.5633758306503,10.9682291150093,69.2313337028027,0.772647082805634,16.2386518120766,12.8076143264771,175.91433608532,0.733579337596893,0,0,54.6732488572598,0,38.889002263546,0,279.97089111805,0,265.373091638088,0,3015.11111846566,1.90235733985901,19.8241370022297,0,0,0,25.8735553622246,0,6.55788293480873,0,37.5593664050102,0,0,0,0,0,0.442445874214172,0,0,0,0,4.78955268859863,0,0,0,0,0,0
0,44.8629148602486,0,2.98278301954269,0,1.33848905563354,0,56.9300930798054,0,2.00468444824219,0,17.2073674201965,0,10.7267277240753,0,9.01943451166153,0,0,0,0.599944353103638,5.8722864985466,3.28442126512527,0,0,0,2.81576120853424,0,2.12823677062988,0,34.3531482815742,0,0,0,0.854836106300354,15.7880439460278,49.6047586500645,33.6706831157207,2367.6038209796,0,1196.4908619523,1.13869953155518,726.432551681995,101.2163669765,788.705684185028,27.0183258056641,335.642752081156,4.37942731380463,3475.21932163835,10.2068856954575,333.565611511469,1.58218848705292,921.164124011993,0,2677.85615721345,0,0,0,10.174913674593,8.62241661548615,105.609577685595,1.4928013086319,6.73248660564423,0,11.9056169390678,0,51.0477736592293,65.7577757239342,335.96354290843,0,0,4.11777210235596,20.5796154737473,4.35525625944138,374.291969567537,5.41118678450584,39.717969417572,14.5124180018902,211.740532428026,0,0.979363739490509,0,151.572041094303,0,68.7174504101276,0,837.06812748313,0,147.953917175531,1.24638772010803,3516.54602903128,0,76.0042292773724,0,0,0,55.8404709994793,0,11.3816918730736,0,209.648238390684,0,0,0,0,0,0,0,0,0,2.00284814834595,0,0,0,0,0,0
10635.2770278156,166.478601574898,199.35057130456,50.3354884982109,0,0,300.514351904392,83.5958978235722,1.6543048620224,0,358.05687224865,2.08597189188004,270.533220797777,0,19.9787010252476,0,1403.29807937145,10.729488492012,337.480052858591,558.242685168982,0,0,9.31442505121231,0,0,0,0,0,1739.15028864145,7.11252281069756,1.66617614030838,0.941313683986664,150.279092133045,225.029653936625,9.06525722146034,1.55208453536034,308.826279938221,14.332325220108,141.57497304678,2.27976667881012,4.26626026630402,0,0,1.28880256414413,1.32528102397919,0,1.23274421691895,4.29522734880447,34.0519781708717,0,521.37766045332,0,90.0168037414551,0,31.810797393322,0,0,219.839811235666,1471.04859521985,66.9479977190495,6691.82942774892,34.0580918192863,3868.73681348562,59.8119694590569,829.423463881016,0,631.020835667849,141.487346410751,1626.75542464852,111.398050665855,998.710844695568,210.705467045307,1993.26981648803,89.0134622752666,515.082001805305,8.76185297966003,2944.37864479423,220.11710613966,16.6127023994923,3.87479031085968,512.301764160395,14.8253104090691,46.8403282165527,0,523.009404242039,0,0,0,291.037694334984,0,1.11273300647736,0,0,0,207.528608769178,1.82191181182861,17.680269241333,0,0.464598625898361,0,0,0,1.9221054315567,0,24.0982165038586,0.685375034809113,9.40420496463776,0,3.56300842761993,9.72303360700607,0,0,0,0,0,8.38705569505692
26.6995879411697,11608.9024917185,0.651870489120483,457.147007703781,0,0.702662467956543,2.71616524457932,320.19732400775,0,0,0,198.183788925409,0,63.941348284483,0,17.8723895549774,16.2446261942387,2135.621897012,50.7105376124382,968.34330868721,0,0,0,8.59698742628098,0,0,0,0,45.756324917078,351.472968399525,0.986283540725708,1.63684850931168,123.562127947807,460.919828921556,22.9985428750515,0,10.9895586371422,152.737843930721,2.3491153717041,58.9418013691902,0,0.958331167697906,6.74607375264168,0,3.36789658665657,0,5.49108529090881,3.3031450510025,1.83632317185402,13.8508129119873,0,48.5496181249619,0,0,0,10.174913674593,219.839811235666,0,24.5025712251663,1761.43394419551,56.087183713913,2494.11283457279,59.1865463852882,3671.83339419961,2.50496304035187,219.695760458708,343.736722409725,384.529026925564,285.028567582369,1514.56847736239,100.161622524261,569.032283067703,57.7769614160061,2257.66822189093,17.9476641118526,285.7399482131,356.696531832218,2202.81825864315,2.37048780918121,44.8567023277283,33.2442580461502,207.266884177923,0,0,3.7597468495369,70.2992824614048,0,1.38518488407135,0,28.5208575725555,0,0,0,0,7.14314094185829,145.670241653919,1.7945853471756,1.13406503200531,0,0,0,0,0,0,0.921019852161407,7.57471024990082,1.17765808105469,2.27237290143967,9.3177717924118,11.3484851121902,0,0,0,0,0,10.7841885089874
461.055364221334,2.88230553269386,168.212603121996,0,0,0,133.928856790066,0.981474995613098,0,0,49.6390567421913,0,21.3022427558899,0,0,0,55.9594576656818,1.50849622488022,243.92357057333,5.25641345977783,0.616949081420898,0,1.52943754196167,0,0,0,2.63470506668091,0,513.753431171179,3.16549748182297,0,0.545597016811371,35.8866041898727,70.8133395910263,14.0418887138367,23.8325858414173,340.904741764069,318.060445308685,132.035713225603,3.66363072395325,29.3049395978451,0,9.43587845563889,51.1694836914539,120.028030246496,10.9818421602249,61.1267763972282,18.2629121541977,751.695458590984,9.36274027824402,2143.6034912467,4.81588459014893,23.2065941095352,0,23.0992780029774,8.62241661548615,1471.04859521985,24.5025712251663,0,63.5518071651459,4721.76945644617,12.1457316577435,247.462771505117,12.4733856022358,1377.44642090797,3.57142251729965,2913.35631334782,596.011188924313,314.9128049016,4.68412399291992,123.601527810097,17.1028912067413,353.873742520809,15.9688847661018,79.5173035264015,6.05095827579498,771.456793248653,93.5808773338795,67.8979263901711,1.06845438480377,660.581605166197,18.9942339062691,33.3087463080883,0,364.420185565948,2.06650713086128,3.43856850266457,0,125.975086301565,0,0,0,0,0,145.501495569944,0.458159416913986,29.7362109720707,0,0,0,0,0,0,0,8.59303632378578,0,4.36818593740463,0,0,18.1728506684303,0,0,0,0,0,0.557703912258148
0,1285.69011488557,0,501.991620033979,0,0,0,749.361710608006,0,0,0,143.443900078535,0,70.5137584209442,0,2.02206820249557,2.02391946315765,119.200457185507,2.0568842291832,497.780362844467,0,0,0,0.791150033473969,0,0,0,0,17.6006854772568,126.665925532579,1.42610788345337,0,57.0959794223309,81.8227232098579,82.5248807668686,57.3519322872162,103.135510206223,406.427824765444,4.9316211938858,70.746076464653,0,36.7991180419922,118.801336169243,202.232953727245,75.8680645227432,517.273901432753,40.270639538765,111.374211758375,43.0225587487221,1470.52284833789,6.91572540998459,2381.67999634147,0,47.4832804203033,0,105.609577685595,66.9479977190495,1761.43394419551,63.5518071651459,0,79.7598646879196,2849.81476104259,22.4404928088188,845.410180360079,10.7607011795044,1582.5730497539,554.337408512831,2367.32082211971,15.6558306217194,106.15806183219,33.9668055772781,79.5134952664375,30.9746956825256,812.452440142632,6.03095453977585,169.162291765213,172.097689777613,1106.83341959119,2.81136530637741,128.344287633896,21.2465404272079,973.563101023436,0,7.20041760802269,6.65266835689545,446.759885519743,0,3.73406860232353,1.50637674331665,255.720079779625,0,2.64517152309418,0,0,1.4531529545784,202.558166056871,0,0,0,1.82425975799561,0,0,0,0,0,1.50307953357697,0,0,6.88399964570999,13.2441359758377,0,0,0,0,0,0
1874.19478142262,10.647330313921,91.9019355773926,0,0,0,905.625097483397,1.30265146493912,0,0,448.470433115959,0,117.662210643291,0,0,0,386.794019520283,4.00360837578773,45.1316622793674,24.0425780713558,0,0,0,0,0,0,0,0,303.388321638107,6.57482945919037,1.12187421321869,0,15.2338356673717,78.0408464372158,61.0110376179218,20.9763980507851,121.697427690029,299.686660081148,24.6999753415585,0,14.3451328277588,0,2.57659763097763,7.80452316999435,9.85803407430649,0.58680933713913,13.2850855588913,2.88032281398773,117.171976745129,0,1423.8896265626,1.79600727558136,42.6786344349384,0,19.6037146151066,1.4928013086319,6691.82942774892,56.087183713913,4721.76945644617,79.7598646879196,0,5.90363126993179,3080.98759400845,13.5666487812996,4259.95102462173,0.497781425714493,653.333574295044,471.347011238337,103.26908621192,20.4085203409195,154.944932967424,44.9973348975182,203.464942067862,25.5747099518776,63.0674188733101,6.80887943506241,480.733427137136,177.469207912683,14.0355450510979,3.50380098819733,238.546622365713,16.2031346559525,53.9366456866264,0,1066.40643927455,2.69654130935669,0.424019455909729,0,346.151262938976,0.954180598258972,0,0,0,0,33.4844637513161,0,9.32744348049164,0,0,0,0,0,0,0,3.09893989562988,0,1.43004202842712,0,0,6.17223769426346,0,0,0,0,0,0
0,1092.85819149017,0,131.617387115955,0,0,0,773.367944508791,0,0,0,553.107831180096,0,435.906829506159,0,10.3264353871346,3.45611166954041,223.451723843813,0.460231900215149,31.9725735783577,0,0,0,2.12749099731445,0,0,0,0,12.6455745697021,55.8087266385555,0,0,14.4172235131264,23.8375087678432,11.0058962702751,5.27984058856964,15.7557682394981,102.777587980032,2.18910098075867,3.36971336603165,0,2.42498105764389,3.9234864115715,3.22180271148682,2.43326690793037,1.77557572722435,4.02566426992416,12.5622382760048,0,38.0404669642448,0,53.7958380579948,0,0,0,6.73248660564423,34.0580918192863,2494.11283457279,12.1457316577435,2849.81476104259,5.90363126993179,0,1.12050476670265,3926.78109684587,0,1844.36041739583,110.817205697298,430.652737736702,8.85082226991653,4.92045611143112,13.8670409917831,67.4002085328102,11.1500472426414,156.904887348413,3.13114774227142,22.7206060886383,83.4206458330154,124.573401302099,0,13.610522210598,8.30734848976135,132.866809815168,0,0.675880610942841,2.11084538698196,355.067388981581,0,0.503380000591278,0,154.375931501389,0,0,0,0,0,9.87841802835464,0,0,0,0,0,0,0,0,0,0,0,0,0,0,0,0,0,0,0,0
432.402828276157,18.1306751966476,11.6379575133324,0.657088398933411,0,0,38.0062218904495,0,1.45034515857697,0,553.562026232481,0,249.758215248585,0,6.12714922428131,0,1402.35513046384,4.10801696777344,13.685329169035,29.8347427248955,0,0,2.4248321056366,0,0,0,0,0,751.943413436413,2.55726945400238,1.43737506866455,0.528372049331665,29.1082353591919,93.0026126503944,34.9920362532139,6.96568048000336,29.5162575244904,38.3993258476257,22.8527467250824,0.777738690376282,1.10560953617096,0,3.97624704241753,0,7.35040056705475,0,3.27374404668808,4.79893523454666,13.3330948352814,0,56.2715714275837,0,22.0138197541237,0,14.693587243557,0,3868.73681348562,59.1865463852882,247.462771505117,22.4404928088188,3080.98759400845,1.12050476670265,0,21.8513543009758,582.486081600189,0,392.188485592604,95.6020196378231,229.103083372116,25.0864526331425,81.2425339818001,76.1006427407265,280.372799515724,18.2573084235191,56.5018105506897,2.68336498737335,341.706848561764,90.0026526749134,64.9797382354736,0.92807525396347,2589.39444446564,7.85430580377579,66.8667532205582,0,1577.2184638679,0,3.04032468795776,0,292.779812633991,0,0,0,0,0,22.3765743076801,0,2.79215478897095,0,0,0,0,0,0,0,1.42903780937195,0,0,0,1.50297439098358,0,0,0,0,0,0,0
2.3074061870575,368.029473394156,0,46.2960867583752,0,0,0,189.988555312157,0,7.57401990890503,0,482.323718607426,0,614.241769611835,0,90.3057008385658,10.4709866642952,1647.10257589817,0.648688852787018,30.3132105767727,0,0,0,8.27222090959549,0,0,0,0,22.20415610075,328.188897401094,0,1.97573840618134,35.5355179011822,85.2590694725513,20.2972921133041,11.1465713083744,15.4639843702316,39.2569280564785,0,7.54673752188683,0,2.94107967615128,3.68157690763474,9.55001497268677,6.15025275945663,1.38031294941902,9.47756785154343,6.06415474414825,1.28425347805023,10.4579330682755,0,24.0848679244518,0,0,0,11.9056169390678,59.8119694590569,3671.83339419961,12.4733856022358,845.410180360079,13.5666487812996,3926.78109684587,21.8513543009758,0,0,1229.33329766989,138.814004033804,568.810859650373,38.229076385498,23.732053399086,23.5185543000698,101.951242893934,19.0937956571579,561.770356446505,2.95264822244644,25.775498688221,140.991222113371,158.874352037907,5.63998347520828,65.5865703225136,13.4168969988823,2080.63675191998,0,2.98749929666519,0,672.799054741859,0,3.80823266506195,0,156.73579955101,0,0,0,0,1.13167476654053,9.10447570681572,0,0,0,0,0,0,0,0,0,0,0,0,0,1.8691993355751,0,0,0,0,0,0.510444819927216
694.724965155125,0,50.5940353870392,0,0.897784531116486,0,781.094909489155,0,0,0,100.169875442982,0,95.8187818527222,0,0,0,35.197615146637,0,26.6446372866631,0,0,0,0,0,0,0,0,0,72.5043669939041,0,0.672560393810272,1.07845652103424,6.8176731467247,10.7710933685303,21.1452307701111,4.79780602455139,141.343142688274,229.635637670755,21.3692302703857,0,25.6011524200439,0,3.7530152797699,7.10125690698624,8.49970126152039,0.599802792072296,12.0603181123734,3.04581725597382,29.9054228961468,0,1256.62399062514,0,56.4946777820587,0,18.7171168327332,0,829.423463881016,2.50496304035187,1377.44642090797,10.7607011795044,4259.95102462173,0,582.486081600189,0,0,0,262.56465908885,203.395644187927,5.75667488574982,0,56.4968548715115,2.51312312483788,72.4078894257545,1.72514891624451,15.1952969431877,2.40204679965973,194.339271247387,40.7305203676224,4.17431801557541,0.876868605613708,141.558894336224,2.55666923522949,10.2564232945442,0,2792.88455510139,0,4.44084829092026,0,410.919809222221,0,0,0,0,0,8.58741188049316,0.480598777532578,3.53139573335648,0,0,0,0,0,0,0,0,0,0,0,0,1.60315591096878,0,0,0,0,0,0
0,706.085080862045,0,89.5680660903454,0,0,0,843.169589668512,0,0,0,306.375635057688,0,350.563039332628,0,5.47768944501877,0,50.8181684911251,0,20.8179156184196,0,0.623907148838043,0,0,0,0,0,0,0,28.0104259550571,0,0,1.1079905629158,3.15099057555199,3.00322920084,3.33959332108498,7.42521411180496,170.798796147108,1.81472289562225,4.06784290075302,0,22.8896573781967,1.02572467923164,10.4427047967911,14.1327033042908,0.690719485282898,5.71652394533157,14.0392518043518,3.11099916696548,229.762898981571,0,756.57296821475,0,1.68628644943237,0,51.0477736592293,0,219.695760458708,3.57142251729965,1582.5730497539,0.497781425714493,1844.36041739583,0,1229.33329766989,0,0,42.1934141516685,196.398690372705,0,0,0.43310210108757,32.6272613108158,0,175.662204355001,0,26.4398535192013,2.403200507164,106.47656416893,0,10.8658784031868,0,870.866239666939,0,11.4132139086723,0,3869.78230926394,0,9.03029084205627,0,772.276047021151,0,0,0,0,0,23.5820483863354,0,0,0,0,0,0,0,0,0,0,0,0,0,1.84185492992401,0,0,0,0,0,0
227.104710817337,62.6038759350777,235.13333556056,8.71912482380867,2.76515936851501,0,53.4546256661415,5.53423225879669,0,0,87.7346149086952,0,32.4589392244816,0,0,0,82.4908018112183,16.7782310247421,2314.4936055541,203.354907482862,23.5869836211205,0.878372371196747,565.932387679815,0.785629689693451,0,0,2.49576798081398,0,569.961276471615,34.3146423101425,330.407016992569,33.1043517291546,4449.90238320827,743.520453333855,1668.38074615598,515.724669128656,990.143283933401,1398.33574205637,515.213009923697,70.7193453609943,126.584998577833,0.857973396778107,1837.81367224455,884.722974121571,2299.23713430762,490.190487056971,1261.21689766645,372.551974684,964.04784271121,327.631914287806,777.817474842072,155.707644760609,146.681504666805,7.01980692148209,227.185429871082,65.7577757239342,631.020835667849,343.736722409725,2913.35631334782,554.337408512831,653.333574295044,110.817205697298,392.188485592604,138.814004033804,262.56465908885,42.1934141516685,0,4951.62390395999,1752.92791962624,109.907870382071,304.514881014824,113.888712376356,552.475772678852,230.749868363142,122.036859184504,51.0296744406223,1688.34486851096,823.671957015991,51.892652630806,18.8140626549721,838.189850211143,204.481167435646,45.6616954803467,0,470.851016402245,42.428123652935,9.84730398654938,0,402.391349941492,61.8222241103649,15.6464158892632,9.97404700517654,0,0,195.807685166597,6.51256826519966,49.75807762146,2.79831886291504,5.87863409519196,8.33379083871841,0,0,0,0,7.35650587081909,0,4.42216604948044,0,0.600809931755066,20.006739705801,33.2031156420708,0,0,0,0,0.412663578987122
13.8895995020866,254.439060866833,6.50503569841385,350.493975698948,0,0,0.963415801525116,52.6440814137459,0,2.02713215351105,0.437639951705933,39.7352249622345,0,11.3800537586212,0,0,19.9732075929642,83.7153027951717,64.9266894459724,2102.80556744337,0,3.90177738666534,0,146.367471456528,0,0.758833765983582,1.08320546150208,0,132.112095654011,109.867468029261,15.6721398532391,348.24322989583,181.366883188486,5019.40145292878,666.854216486216,1518.9763045311,1002.58300343156,1496.86131408811,260.335386067629,884.413461953402,1.59952998161316,92.2004210948944,1503.3332478106,3076.76860794425,2278.33705815673,1783.91060820222,783.463744997978,1775.85438448191,997.118024528027,1098.18541511893,519.321486622095,1093.5810341239,94.1014292836189,62.7110486030579,67.4341749250889,335.96354290843,141.487346410751,384.529026925564,596.011188924313,2367.32082211971,471.347011238337,430.652737736702,95.6020196378231,568.810859650373,203.395644187927,196.398690372705,4951.62390395999,0,99.9595993757248,301.175825357437,104.061060518026,120.800163656473,168.467601448298,839.477871358395,44.8877240419388,225.169817566872,915.922305881977,1688.52258983254,13.9410436153412,99.2025589644909,121.540878236294,1255.57771813869,0,15.1789408624172,61.8375564515591,472.244607716799,0,12.5364587306976,58.2305768430233,548.003309607506,3.81744015216827,31.4298086166382,0,0,20.8048967421055,305.37802568078,5.86215287446976,12.2281082868576,0.907923579216003,51.5521636009216,0,0,0,0,0,1.77089601755142,0,0.865250945091248,8.25548982620239,19.0871375799179,3.39764827489853,0,0,0,0,7.80425333976746
1109.06675481796,418.374505370855,77.1183908581734,48.2647807002068,0,0,53.4513913989067,63.9241401553154,0,0,69.7315309643745,1.23428797721863,130.313206553459,0,6.77405154705048,0,74.8302003443241,19.9233453273773,1448.95966300368,1018.43749421835,0,0,3.08308506011963,0,0,0,0,0,248.419864445925,5.04420971870422,8.06677711009979,0.496177732944489,1075.53382205963,404.939174681902,2.83563005924225,0,181.171306967735,5.15760698914528,55.3290577530861,0,2.44173115491867,0,1.26879799365997,0.357576280832291,3.30250746011734,0,0,11.6051062643528,12.0878544449806,0,17.412203669548,0,0,0,0,0,1626.75542464852,285.028567582369,314.9128049016,15.6558306217194,103.26908621192,8.85082226991653,229.103083372116,38.229076385498,5.75667488574982,0,1752.92791962624,99.9595993757248,0,331.178644061089,544.181244283915,212.453862190247,530.218714088202,75.0536315441132,267.326072096825,10.3095324039459,2352.95930936933,286.533141076565,0,3.24388951063156,44.4386555552483,11.2537688314915,8.27423131465912,0,0.629542648792267,0,0,0,0,0,0,0,0,0,115.105041533709,6.36049109697342,9.6624498963356,0,0,0,0,0,0,0,7.79408738017082,0,4.07526528835297,0,2.56262174248695,7.80104994773865,0,0,0,0,0,4.58206593990326
76.9554863870144,774.546969592571,0.652670562267303,71.1570827364922,0,0,1.84203624725342,4.86679923534393,0,0,0,8.99085050821304,0,9.33688414096832,0,4.4931932091713,6.65810513496399,30.3386706709862,122.721367686987,2550.02778628469,0,0,0,0,0,0,0,0,14.9493392705917,5.79766660928726,1.54217255115509,0.627577424049377,107.049193620682,715.795236378908,4.48231136798859,0,3.6139859855175,53.3116725087166,1.15792739391327,6.17232447862625,0,0,2.14283335208893,0,0,0,4.47824931144714,3.23780810832977,0,0,0,0,0,0,0,0,111.398050665855,1514.56847736239,4.68412399291992,106.15806183219,20.4085203409195,4.92045611143112,25.0864526331425,23.732053399086,0,0,109.907870382071,301.175825357437,331.178644061089,0,50.2067813873291,282.900683194399,23.3443962931633,189.951909899712,11.1936773061752,38.1215881109238,133.839169293642,888.427433073521,0,0,5.90648126602173,10.195474088192,0,0,0,0.656086981296539,0,0,0,1.98594892024994,0,0,0,0,5.71166455745697,21.7134219110012,0,0,0,0,0,0,0,0,0,0.758561491966248,0,1.88889729976654,8.11177331209183,0.87321811914444,0,0,0,0,1.27682018280029,3.92693841457367
2208.52146449685,162.700088441372,1939.44447761774,324.733270168304,985.252639561892,299.630856812,2409.19970083237,377.815457552671,596.487327039242,201.416406571865,374.421081721783,79.9071376621723,1889.40605184436,131.402559816837,2421.67999094725,261.578859388828,79.2970076501369,16.8582764863968,1069.02244645357,642.396976739168,854.241608679295,361.00176051259,867.163040220737,658.579327374697,250.397143155336,590.073335438967,403.419675707817,536.967243313789,857.628034830093,19.2944190502167,918.343105405569,566.376387000084,432.849601596594,271.391775608063,98.8330963551998,7.54364004731178,527.215097516775,32.3029227256775,68.333779156208,3.46731680631638,650.180089175701,43.4755792319775,5.82791203260422,0.58440089225769,11.7114319205284,0,36.4698332548141,3.85761335492134,25.5123876929283,0,137.310931652784,0.46562185883522,13.6661940813065,0,48.5633758306503,4.11777210235596,998.710844695568,100.161622524261,123.601527810097,33.9668055772781,154.944932967424,13.8670409917831,81.2425339818001,23.5185543000698,56.4968548715115,0.43310210108757,304.514881014824,104.061060518026,544.181244283915,50.2067813873291,0,334.490310192108,2233.77828916907,137.747406452894,2553.61947464943,30.7359938621521,5174.55593764782,193.840841114521,1.93361741304398,1.06526052951813,20.7255864143372,19.8947977423668,267.967329025269,2.50814568996429,66.0597243309021,2.97496694326401,25.7741242647171,0.936408162117004,52.631845086813,1.55575311183929,21.7296549081802,17.6888481378555,13.8796846270561,4.7939110994339,359.293749332428,23.8652563691139,27.8269557356834,3.62305629253387,6.58110085129738,0.55284857749939,4.6759666800499,1.27016019821167,16.7118616402149,2.13925164937973,114.749149024487,27.5239800810814,23.7491981685162,4.20110285282135,26.5897373855114,24.9702404141426,3.30279141664505,0.352276057004929,4.78690975904465,3.03801974654198,1.55654460191727,52.0837829113007
240.310555547476,1705.60563778877,353.859134763479,2276.71663612127,53.7182745337486,513.441463917494,315.173356086016,2664.13394540548,38.0753221809864,950.026748597622,35.1839614808559,421.504453420639,128.236382007599,2407.29306763411,68.0067639052868,2390.71288913488,15.5274235606194,149.211811155081,554.356088340282,1188.71534273028,167.276947200298,576.77838024497,293.608778059483,1506.79113155603,23.0900243520737,329.433921813965,36.8608741462231,348.274772524834,57.378986954689,271.122895598412,42.9523900449276,301.918435871601,108.508798509836,317.888113379478,6.75371727347374,10.948490858078,53.60063585639,286.453766256571,23.4434258937836,21.2743384838104,15.9338519573212,417.072450637817,3.3767397403717,2.70315507054329,0.549678266048431,0.498685657978058,4.32164835929871,61.6882463097572,0,3.94479873776436,2.01092672348022,17.3680909276009,0,0.558240711688995,10.9682291150093,20.5796154737473,210.705467045307,569.032283067703,17.1028912067413,79.5134952664375,44.9973348975182,67.4002085328102,76.1006427407265,101.951242893934,2.51312312483788,32.6272613108158,113.888712376356,120.800163656473,212.453862190247,282.900683194399,334.490310192108,0,151.715057641268,2784.9736174345,50.9880746901035,2398.76550844312,269.565717488527,10712.4415631592,0,1.56500315666199,12.7270805239677,32.7722308933735,4.51939678192139,9.07723754644394,4.19936001300812,45.0531806647778,9.37059962749481,13.0199088454247,9.61173820495605,36.226166844368,6.8930849134922,46.8307900130749,7.70558062195778,31.9626660346985,79.6050337851048,245.442226469517,38.7689816355705,5.94601768255234,3.777980864048,23.4308040440083,2.02010291814804,2.38990157842636,9.13154196739197,44.918080508709,63.1722595095634,100.579559534788,20.6337163448334,13.2405574023724,111.980676800013,44.4389025568962,12.8389717936516,6.32924634218216,12.8926441371441,3.53940063714981,13.0122356712818,105.171911239624
2215.7715780735,113.266678839922,2332.70377376676,169.481735944748,515.868196994066,6.34367913007736,942.069963365793,176.55457085371,432.508318811655,4.0161966085434,246.450431138277,41.5197283923626,1111.14256578684,41.0369510054588,2476.42468756437,7.78082397580147,248.230347812176,6.97435343265533,1041.06401926279,579.785864859819,131.834050178528,13.1371074318886,714.413312405348,203.018171012402,44.2397877275944,14.7878232300282,43.5978954732418,6.75654518604279,2061.6099087894,1.93292999267578,115.301007956266,107.344602495432,133.776751250029,182.266110152006,40.8954829573631,17.8029129505157,393.702423840761,91.2977440953255,69.8745563030243,4.07393455505371,384.447770893574,149.059636235237,181.588688015938,19.3325508236885,79.861184835434,1.44222056865692,315.42082542181,9.10058331489563,189.090084314346,0,420.869833678007,0,73.6081750094891,0,69.2313337028027,4.35525625944138,1993.26981648803,57.7769614160061,353.873742520809,30.9746956825256,203.464942067862,11.1500472426414,280.372799515724,19.0937956571579,72.4078894257545,0,552.475772678852,168.467601448298,530.218714088202,23.3443962931633,2233.77828916907,151.715057641268,0,73.479367941618,3049.48024979234,82.8008013963699,1977.77390745282,121.998066395521,15.4383248090744,0,336.714356333017,9.32418006658554,439.065930724144,2.67598623037338,124.58493283391,5.59691059589386,54.0536560416222,0.698945224285126,72.8893262147903,5.86527347564697,35.2234226465225,19.5782343447208,17.458972454071,6.35327273607254,251.046313732862,24.9106856882572,32.2500269114971,1.02642178535461,10.6996676325798,13.1916930675507,10.5685781538486,3.17960494756699,13.2571723461151,6.30678451061249,80.2539708912373,36.4802314341068,9.87374585866928,6.63066983222961,27.1642605960369,19.6590678095818,10.6207748055458,0.780293107032776,5.31576630473137,4.69706156849861,2.21437644958496,46.8377354443073
165.234937727451,2877.77727854252,202.907143592834,3472.76779747009,21.1577970385551,416.5318775177,169.441605180502,907.54510936141,14.7191931009293,514.380386739969,26.3993246257305,1011.20326378942,56.386411190033,1676.01545038819,24.0202895402908,2098.50431507826,2.76709461212158,2070.68006530404,403.089868992567,1224.52114319801,8.71036124229431,241.209824502468,111.996118158102,1273.71832931042,9.37695664167404,236.645677089691,9.7681390941143,185.000936120749,36.4958292841911,5354.3944824934,29.1499924063683,99.4917644262314,68.3905972242355,197.159103989601,27.586010992527,19.8089751601219,59.6035854518414,702.838295966387,7.11388546228409,50.2942745685577,6.98107028007507,2276.22124904394,46.4863532781601,219.283106088638,22.8910619616508,154.49541798234,11.799291908741,545.752997338772,2.91415852308273,276.79134106636,0,478.419573515654,0,110.750047683716,0.772647082805634,374.291969567537,89.0134622752666,2257.66822189093,15.9688847661018,812.452440142632,25.5747099518776,156.904887348413,18.2573084235191,561.770356446505,1.72514891624451,175.662204355001,230.749868363142,839.477871358395,75.0536315441132,189.951909899712,137.747406452894,2784.9736174345,73.479367941618,0,20.3271614313126,1347.26113554835,138.604723840952,972.804262131453,0,477.381514459848,6.80149999260902,957.660678237677,6.11238664388657,599.764854431152,1.75280022621155,511.554566562176,0.637085795402527,75.82622641325,0,181.569426685572,5.98477077484131,43.4782264828682,0,4.04715794324875,12.0124494433403,92.2216861844063,6.51515239477158,1.57233607769012,3.65285575389862,45.4795072674751,0.974318444728851,0,1.70545428991318,8.9304621219635,9.52014535665512,6.65970009565353,2.16702401638031,2.38670501112938,22.0944284200668,10.5696127712727,0,0.73407107591629,0,0,0.558389127254486,17.1329345107079
788.386427283287,27.9676195085049,595.223274260759,29.5294770002365,14.0113560259342,0,215.558176726103,43.8374940156937,39.6478482484818,0.813606977462769,40.988148868084,7.18075004220009,188.06381303072,9.51994597911835,150.029498249292,0,32.6568034887314,9.22719883918762,413.008074343204,172.12705719471,7.15796184539795,0,110.197515934706,39.5015282332897,2.22824776172638,0,18.7637407779694,0.910042703151703,108.161300241947,0,43.061555147171,25.1299897134304,41.8352466225624,74.191766679287,8.79598993062973,8.19452428817749,1182.9570428431,41.3972593545914,76.4904241263866,0,134.17918035388,62.5611191391945,14.1215685009956,2.78005695343018,14.414543479681,0,18.8906969130039,1.9739630818367,30.1399865448475,0,77.5052663683891,0,8.51726683974266,0,16.2386518120766,5.41118678450584,515.082001805305,17.9476641118526,79.5173035264015,6.03095453977585,63.0674188733101,3.13114774227142,56.5018105506897,2.95264822244644,15.1952969431877,0,122.036859184504,44.8877240419388,267.326072096825,11.1936773061752,2553.61947464943,50.9880746901035,3049.48024979234,20.3271614313126,0,51.8703782856464,638.026454895735,66.1701712012291,2.75812327861786,1.50569939613342,12.5375351905823,0.540570139884949,26.2049040794373,0.846172571182251,7.63486647605896,0.965819776058197,24.5539375543594,0,24.7605628073215,2.52700793743134,69.9262632727623,161.140414983034,43.4407970607281,56.9098045229912,400.683436393738,72.6299957633018,101.164210349321,29.6960207819939,40.2333917319775,109.41336581111,24.2149404585361,13.1636254191399,52.2550341486931,85.0869746804237,114.732250034809,53.5330755114555,31.5863288640976,11.9502467215061,18.5377518236637,22.5471057891846,18.5656178593636,6.48722761869431,12.8487636446953,4.37577110528946,10.8867354094982,43.2084124386311
11.7438395023346,382.168773531914,28.0840342342854,945.146584391594,0,13.0059727430344,26.1060845553875,167.165229201317,0,26.9789039492607,2.1664674282074,39.9314532279968,9.90072393417358,213.817082166672,0.431659400463104,163.687258988619,1.15031826496124,56.1643488407135,83.7569530904293,258.88545435667,17.400292634964,3.3226118683815,23.3221043944359,376.301204830408,0,12.5798260569572,0,1.95465707778931,14.4421823620796,44.4998903274536,2.02830475568771,13.1735073924065,17.216710627079,39.5788082778454,5.98500639200211,5.54746729135513,51.7499489784241,193.068652391434,29.3861303329468,11.0139194130898,17.6090470552444,234.791363835335,4.50865042209625,29.4978055357933,4.61148336529732,24.4437994658947,11.8760353922844,57.4540343880653,0,69.2443580925465,0,91.0839284360409,0,6.77271968126297,12.8076143264771,39.717969417572,8.76185297966003,285.7399482131,6.05095827579498,169.162291765213,6.80887943506241,22.7206060886383,2.68336498737335,25.775498688221,2.40204679965973,26.4398535192013,51.0296744406223,225.169817566872,10.3095324039459,38.1215881109238,30.7359938621521,2398.76550844312,82.8008013963699,1347.26113554835,51.8703782856464,0,38.0664984583855,629.927626460791,0,5.10083794593811,2.44678741693497,25.6551125049591,3.45629322528839,3.35428303480148,2.65819573402405,37.6721901297569,10.0278364419937,5.76513946056366,12.0777243971825,16.322565972805,20.2396236360073,25.5799398124218,8.13539296388626,26.0306967794895,26.9549939036369,136.952330112457,30.6492169201374,4.64686664938927,9.37046232819557,31.290364831686,3.73071527481079,1.96171176433563,9.63883480429649,23.3200202286243,16.6753092110157,28.311986207962,11.1533685624599,9.00460031628609,34.418198376894,17.2072951495647,9.33850538730621,5.53492575883865,3.17631307244301,3.32703065872192,3.81132608652115,28.3840523064137
3563.49048534036,344.950199723244,2224.81264764071,217.636103093624,94.1790587902069,0,1288.70961368084,277.890029937029,184.59238293767,0,182.438490062952,44.1394574344158,1014.21145710349,25.5088283419609,941.523240864277,0,80.4133411049843,36.0251564979553,2183.02744287252,1297.07054957747,24.0371509790421,0,550.228119492531,100.772624015808,5.9759769141674,0.696533203125,14.3360030651093,0,625.863062053919,9.6780059337616,163.851844847202,156.721188783646,306.391117364168,578.745100617409,148.438821971416,94.2779770195484,2892.76250717044,335.566470086575,167.483859032393,8.64794707298279,266.03702929616,7.52211463451385,401.595124214888,91.7765152454376,297.933610200882,55.8565215170383,558.891414612532,85.9422623515129,566.112540781498,26.9700747132301,908.328184574842,12.1044041514397,159.63318747282,2.17489802837372,175.91433608532,14.5124180018902,2944.37864479423,356.696531832218,771.456793248653,172.097689777613,480.733427137136,83.4206458330154,341.706848561764,140.991222113371,194.339271247387,2.403200507164,1688.34486851096,915.922305881977,2352.95930936933,133.839169293642,5174.55593764782,269.565717488527,1977.77390745282,138.604723840952,638.026454895735,38.0664984583855,0,693.824666023254,5.76475203037262,6.39944905042648,126.164693802595,64.3169029653072,185.255592495203,0.628596127033234,94.5722976922989,13.0395945310593,45.0379945337772,0,143.773786067963,8.22966146469116,143.215974241495,44.1594167351723,131.520398586988,40.1327405869961,792.871438294649,82.021294772625,204.617712080479,11.4932695031166,36.3314593434334,20.4885526299477,52.9479347467422,7.9422110915184,113.416978538036,40.4869402348995,375.62365424633,100.991997361183,89.3856419026852,6.31513258814812,156.013058006763,541.906417459249,49.5464567840099,10.9763824939728,36.9251843392849,31.6920171976089,17.0139943361282,147.066856741905
279.811892956495,4770.17748841643,145.208999246359,3576.22865220904,0,22.2271156907082,205.753602176905,953.660984426737,0,45.4702036380768,25.409921079874,188.641054570675,28.9095370769501,431.63508233428,0,226.717630684376,15.1684798002243,209.098944723606,692.435132950544,3144.75240346789,7.31274724006653,31.5070753097534,40.98082447052,757.035283148289,0,7.31964999437332,5.85918110609055,21.0852351784706,81.6693974137306,96.2975797653198,42.135558784008,62.8712021112442,150.048895061016,523.085926055908,107.029096245766,62.5454186201096,197.62640529871,3885.29372441769,73.8159368336201,95.8363478183746,2.47495126724243,178.105030238628,103.686019212008,215.782894074917,96.450662791729,204.990939319134,109.195060253143,489.644677191973,28.6210603117943,288.968067854643,28.9444451332092,355.012372463942,4.60424274206161,49.0726252198219,0.733579337596893,211.740532428026,220.11710613966,2202.81825864315,93.5808773338795,1106.83341959119,177.469207912683,124.573401302099,90.0026526749134,158.874352037907,40.7305203676224,106.47656416893,823.671957015991,1688.52258983254,286.533141076565,888.427433073521,193.840841114521,10712.4415631592,121.998066395521,972.804262131453,66.1701712012291,629.927626460791,693.824666023254,0,4.90601873397827,10.2714369893074,42.72288402915,172.344869077206,3.00308096408844,27.71747392416,6.46312719583511,189.305193781853,0,41.088784635067,2.41171312332153,124.528382331133,44.9061631858349,168.014323920012,36.8115339875221,132.998853355646,193.897112488747,673.239775061607,101.436322003603,24.9763794243336,27.4618040323257,87.0243617594242,13.5983817875385,22.3230242729187,39.8107647001743,146.466417521238,199.187538802624,277.355566501617,45.7460063099861,45.3146260976791,383.559653967619,541.314999043941,58.5519075393677,16.6879885494709,35.2487525939941,35.4186718165874,58.790724158287,242.540426433086
6.04615098237991,1.32740747928619,0,1.50625371932983,0,0,0,0,0,0,13.101784825325,0,10.1613144278526,0,0,0,73.1888199746609,0,0,0,0,0,0,0,0,0,0,0,188.303758949041,0,0,0,2.69766855239868,6.02507847547531,4.08083975315094,1.37413334846497,3.91440320014954,7.1355819106102,5.14829748868942,0,1.4172670841217,0,0,0,5.34112417697906,0.742562532424927,0.669618189334869,0,12.0348038673401,0,13.5041587352753,0,0.907885432243347,0,0,0,16.6127023994923,2.37048780918121,67.8979263901711,2.81136530637741,14.0355450510979,0,64.9797382354736,5.63998347520828,4.17431801557541,0,51.892652630806,13.9410436153412,0,0,1.93361741304398,0,15.4383248090744,0,2.75812327861786,0,5.76475203037262,4.90601873397827,0,0,739.556870639324,0.963064193725586,5.98767524957657,0,22.0103072524071,0,0,0,2.77518117427826,0,0,0,0,0,2.56960850954056,0,0,0,0,0,0,0,0,0,0,0,0,0,0,0,0,0,0,0,0,0
0,8.5902351140976,0,4.91834396123886,0,0,0,0,0,0,0,4.18966162204742,0,1.80610632896423,0,3.13776433467865,0,205.860273420811,0,1.17960914969444,0,0,0,1.30836856365204,0,0,0,0,1.66460239887238,311.077290117741,0,0,1.02165114879608,12.8516901135445,2.23878437280655,2.71762895584106,7.55535596609116,4.6462636590004,0,1.68518894910812,0,3.35610753297806,1.06288623809814,0.571397066116333,1.41865852475166,0,1.12791550159454,0.788077652454376,0.66977322101593,4.51919734477997,0,21.2421378493309,0,0,0,0.979363739490509,3.87479031085968,44.8567023277283,1.06845438480377,128.344287633896,3.50380098819733,13.610522210598,0.92807525396347,65.5865703225136,0.876868605613708,10.8658784031868,18.8140626549721,99.2025589644909,3.24388951063156,0,1.06526052951813,1.56500315666199,0,477.381514459848,1.50569939613342,5.10083794593811,6.39944905042648,10.2714369893074,0,0,0.565861582756042,1459.76460844278,0,1.6910994052887,0,3.80522447824478,0,0,0,4.76207274198532,0,0,0,0,0,0,0,0,0,0,0,0,0,0,0,0,0,0,0,0,0,0,0,0,0,0
96.7337065339088,2.03093063831329,3.79363608360291,0,5.63955515623093,0,19.3747949004173,0,1.4814281463623,0,522.999266088009,0,373.853521078825,0,20.5954105854034,0,1095.9412715137,1.36914932727814,4.07123047113419,1.0971816778183,4.09489989280701,0,3.33371520042419,0,0,0,0,0,1512.04515868425,2.31773173809052,0,0,17.5339605808258,40.9009477496147,53.0416821241379,24.082227408886,166.439035713673,61.2636484205723,29.8623150289059,0,17.015972495079,0,116.58823466301,0,87.9631044566631,0.690539717674255,197.827342182398,1.70231199264526,199.444220483303,0,571.118661493063,0,72.9236382246017,0,54.6732488572598,0,512.301764160395,33.2442580461502,660.581605166197,21.2465404272079,238.546622365713,8.30734848976135,2589.39444446564,13.4168969988823,141.558894336224,0,838.189850211143,121.540878236294,44.4386555552483,5.90648126602173,20.7255864143372,12.7270805239677,336.714356333017,6.80149999260902,12.5375351905823,2.44678741693497,126.164693802595,42.72288402915,739.556870639324,0.565861582756042,0,3.78969633579254,1081.42119795084,0,4340.56159541011,0,35.8414413332939,0,155.208437949419,0,6.36922085285187,0,0,0,12.0979890823364,0,3.56075632572174,0,0,0,0.611559510231018,0,0,0,2.43755781650543,0,0,0,0,0.727601528167725,0,0,0,0,0,0
0.656307637691498,39.3211036026478,0,54.0590069890022,0,0,0,43.7835671007633,0,9.48892664909363,0,199.098542869091,0,379.569872945547,0,130.98950523138,0,919.84989258647,0,7.89100474119186,0,0,0,10.750137090683,0,0,0,0,10.3373435735703,654.689390808344,0,2.37188363075256,30.4429926872253,79.6708353459835,68.1182407140732,30.4394255876541,24.2648574113846,127.727340131998,2.03863894939423,9.09677588939667,0,49.8209621310234,19.2938176691532,123.496516764164,14.4219750165939,117.098991781473,11.4078502058983,145.847642123699,1.45229816436768,335.670302271843,0,814.268835544586,0,97.5902155339718,0,151.572041094303,14.8253104090691,207.266884177923,18.9942339062691,973.563101023436,16.2031346559525,132.866809815168,7.85430580377579,2080.63675191998,2.55666923522949,870.866239666939,204.481167435646,1255.57771813869,11.2537688314915,10.195474088192,19.8947977423668,32.7722308933735,9.32418006658554,957.660678237677,0.540570139884949,25.6551125049591,64.3169029653072,172.344869077206,0.963064193725586,1459.76460844278,3.78969633579254,0,0,1863.24319082499,0,5480.62429469824,0,231.438189387321,0,357.983632266521,0,7.5403613448143,0,0,0,6.32321363687515,0,0.497270941734314,0,20.4293373525143,0,0,0,0,0,0,1.39905226230621,0,0,0,0,0,0,0,0,0
46.5921297073364,2.04862236976624,123.579936355352,5.78140091896057,85.5423446893692,1.63243019580841,45.0951044559479,6.99635702371597,169.346606642008,1.58611387014389,47.7019785642624,2.53825461864471,39.92539909482,0,1529.20821970701,1.03004470467567,47.0172427892685,0,73.1653738021851,19.1460391581059,1.92505332827568,4.68151766061783,4.06615734100342,9.8879805803299,2.1979772746563,8.4947130382061,3.65260791778564,1.79601961374283,1463.29024448991,0,5.27985054254532,10.5844250917435,8.1803827881813,14.196682870388,5.24106514453888,0.681638240814209,515.287080287933,0,194.682340860367,0,836.659067362547,3.13588017225266,34.731221139431,0,3.8356386423111,0,129.956870228052,0,27.3696739077568,0,146.035021007061,0,37.6259765028954,0,38.889002263546,0,46.8403282165527,0,33.3087463080883,0,53.9366456866264,0,66.8667532205582,0,10.2564232945442,0,45.6616954803467,0,8.27423131465912,0,267.967329025269,4.51939678192139,439.065930724144,6.11238664388657,26.2049040794373,3.45629322528839,185.255592495203,3.00308096408844,5.98767524957657,0,1081.42119795084,0,0,0,722.655422687531,0,565.995431184769,0,128.756939649582,0,0,0,0,0,15.1762661039829,0,4.15864390134811,0,3.5428004860878,0,0,0,0,0,1.13962891697884,0,0,0,0,1.31429207324982,0,0,0,0,0,1.44435942173004
0,0,0,3.30648636817932,0,7.78589856624603,0,0,0,5.58394891023636,0,0,0,1.07351976633072,0,15.8001826703548,0,0.780791699886322,0,0,0,14.0047371387482,0,1.20340263843536,0,1.39196002483368,0,0,0,328.045163869858,0,0,0,0.949160933494568,0,2.12123948335648,0,260.059064805508,0,144.878123611212,0,1511.43405836821,2.06826329231262,13.0871554017067,0,3.27485901117325,0,61.4630384147167,0,5.65251615643501,0,27.4295639097691,0,9.08855718374252,0,68.7174504101276,0,0,0,7.20041760802269,0,0.675880610942841,0,2.98749929666519,0,11.4132139086723,0,15.1789408624172,0,0,2.50814568996429,9.07723754644394,2.67598623037338,599.764854431152,0.846172571182251,3.35428303480148,0.628596127033234,27.71747392416,0,1.6910994052887,0,1863.24319082499,0,0,0,461.425928324461,0,713.967592716217,0,184.437619835138,0,0,0,0,0,4.76611310243607,0,0,0,1.61441707611084,0,0,0,0,0,0,0,0,0,0,0,0,0,0,0,0
846.18095356226,0,31.7564170956612,0,6.17671597003937,0,356.351665556431,0,2.32209464907646,0,1192.54668390751,0,866.437654197216,0,12.2050179243088,0,249.295882821083,0,5.24500489234924,0,1.40633738040924,2.23122382164001,0,0,0,0,0,0,484.185301482677,0,0.681097745895386,0,5.62157088518143,22.1236354708672,37.7258436977863,15.0266225934029,170.045045763254,48.8302317857742,32.1245852708817,0,60.3197726011276,3.07927811145782,226.799464970827,2.69271671772003,115.807692587376,0,540.642833530903,3.41718733310699,383.983929634094,0,5367.30529737473,0,697.540923595428,0,279.97089111805,0,523.009404242039,3.7597468495369,364.420185565948,6.65266835689545,1066.40643927455,2.11084538698196,1577.2184638679,0,2792.88455510139,0,470.851016402245,61.8375564515591,0.629542648792267,0,66.0597243309021,4.19936001300812,124.58493283391,1.75280022621155,7.63486647605896,2.65819573402405,94.5722976922989,6.46312719583511,22.0103072524071,0,4340.56159541011,0,722.655422687531,0,0,0,406.955055803061,0,4876.68156793714,0,7.8796506524086,0,0,0,5.74671316146851,0,0,0,7.44353854656219,0,0,0,0,0,0,0,0,0,0,1.01388454437256,0,0,0,0,0,0
0,432.867927998304,0,60.3458765745163,0,3.70931655168533,0,790.367602258921,0,4.27874648571014,0,432.221278458834,0,558.018138796091,0,43.437557220459,0,83.2690482139587,0,13.0248585343361,2.51442444324493,2.04076743125916,0,2.39610815048218,0,0.630757689476013,0,6.0628120303154,0,170.586405158043,0,0,0.44583198428154,17.3194934129715,36.8078048527241,13.9310860931873,9.48658365011215,648.836819320917,0,46.7194098234177,0.945622146129608,430.06576949358,20.1917231082916,216.806652367115,8.45869410037994,151.057645648718,6.23487222194672,493.012352585793,1.48533058166504,334.212894022465,0,3516.58713233471,0,343.644634217024,0,837.06812748313,0,70.2992824614048,2.06650713086128,446.759885519743,2.69654130935669,355.067388981581,0,672.799054741859,0,3869.78230926394,42.428123652935,472.244607716799,0,0.656086981296539,2.97496694326401,45.0531806647778,5.59691059589386,511.554566562176,0.965819776058197,37.6721901297569,13.0395945310593,189.305193781853,0,3.80522447824478,0,5480.62429469824,0,461.425928324461,0,0,0,1210.02133372426,0,7557.82324403524,0,27.8184069395065,0,0,0,39.5533304810524,0,0,0,47.4812566041946,0,0,0,1.84740257263184,0,0,0,0,0,1.08590579032898,0,0,0,0,0,1.04248833656311
0,0,1.73382467031479,0,11.3130257129669,0,0.934013187885284,0,2.45648789405823,0,0,0,0,0,6.09059804677963,0,0,0,0,0,8.77717924118042,0,0,0,0,0,0.716995120048523,0,442.509117811918,0,0,0,0,0,0,0.794629812240601,857.632906138897,6.27326154708862,69.6022249758244,0,504.012063384056,26.888131737709,10.4605436623096,0,1.97404104471207,0,113.750159204006,0,2.12756463885307,0,29.1725938022137,0,16.5839366316795,0,265.373091638088,0,0,0,3.43856850266457,0,0.424019455909729,0,3.04032468795776,0,4.44084829092026,0,9.84730398654938,0,0,0,25.7741242647171,9.37059962749481,54.0536560416222,0.637085795402527,24.5539375543594,10.0278364419937,45.0379945337772,0,0,0,35.8414413332939,0,565.995431184769,0,406.955055803061,0,0,0,682.55805465579,0,0,0,0,0,11.6426775157452,0,1.39218473434448,0,1.45590204000473,0,0,0,0,0,0.981772184371948,0,0,0,0,0,0,0,0,0,0,0
0,0,0,1.34937959909439,0,5.13531857728958,0,0,0,3.49960660934448,0,0,0,0,0,2.74882537126541,0,0,0,0,1.79514288902283,1.53364646434784,0,0,0,1.22189313173294,0,5.08197259902954,0,10.9398275017738,0,0.99858170747757,0,0,1.98829197883606,0,0,329.066503018141,0,170.304648309946,0.904469728469849,1183.56925970316,0,13.404413074255,0,0.537922978401184,0,48.588926255703,0,10.0158017277718,0,29.083516985178,0,8.70778679847717,0,147.953917175531,0,1.38518488407135,0,3.73406860232353,0,0.503380000591278,0,3.80823266506195,0,9.03029084205627,0,12.5364587306976,0,0,0.936408162117004,13.0199088454247,0.698945224285126,75.82622641325,0,5.76513946056366,0,41.088784635067,0,0,0,231.438189387321,0,713.967592716217,0,1210.02133372426,0,0,0,767.095607161522,0,0,0,0,0,1.68598148226738,0,0,0,1.36094808578491,0,0,0,0,0,0,0,0,0,0,0,0,0,0,0,0
576.276803910732,0,20.6147639155388,0,6.05213707685471,0,275.702355623245,0,0,0,530.337967097759,0,524.08467015624,0,16.2193298339844,0,39.2378312349319,0,2.60982835292816,0,9.03414613008499,0,0,0,0.856370329856873,0,0,0,284.017317742109,0,1.94209265708923,0,0,3.06330844759941,21.0929338335991,23.5521020293236,840.808387130499,32.8881948590279,217.046538680792,0,149.050796985626,25.8382675349712,428.424901455641,22.0370564162731,83.5158057808876,5.99594217538834,1399.00373914838,4.62254011631012,184.966326087713,0,1725.84862104058,0,834.024759024382,0,3015.11111846566,1.24638772010803,291.037694334984,0,125.975086301565,1.50637674331665,346.151262938976,0,292.779812633991,0,410.919809222221,0,402.391349941492,58.2305768430233,0,0,52.631845086813,9.61173820495605,72.8893262147903,0,24.7605628073215,12.0777243971825,143.773786067963,2.41171312332153,2.77518117427826,0,155.208437949419,0,128.756939649582,0,4876.68156793714,0,682.55805465579,0,0,0,18.8699375987053,0,0,0,17.9063931703568,0.714608907699585,2.09472554922104,0,28.3298809826374,0,0,0,0,0,3.61463356018066,0,4.45714294910431,0,0,1.23012882471085,0,0,0,0,0,0.452795386314392
0,275.690314650536,0,13.4788389503956,0,3.9051251411438,0,600.261760056019,0,1.13541984558105,0,227.56336170435,0,241.688919335604,0,3.14611613750458,0,18.7458826601505,0,4.90166914463043,2.35879588127136,0,0,0,0,3.65355384349823,0,3.40180200338364,0,26.4457125365734,0,0.82507187128067,0,9.87148457765579,30.771559804678,25.6545500457287,25.446389913559,1034.50190275908,1.26320385932922,166.931530624628,2.42922520637512,365.864668011665,30.9748822152615,185.470004558563,14.2224072217941,116.305115282536,4.44073110818863,473.523769468069,1.64516961574554,236.091427832842,0,996.397094607353,0,1079.5316092968,1.90235733985901,3516.54602903128,0,28.5208575725555,0,255.720079779625,0.954180598258972,154.375931501389,0,156.73579955101,0,772.276047021151,61.8222241103649,548.003309607506,0,1.98594892024994,1.55575311183929,36.226166844368,5.86527347564697,181.569426685572,2.52700793743134,16.322565972805,8.22966146469116,124.528382331133,0,4.76207274198532,0,357.983632266521,0,184.437619835138,0,7557.82324403524,0,767.095607161522,0,0,0,12.5664612650871,0,0,0,14.8058840036392,0,1.22213053703308,0,28.2042895257473,0,0,0,0,0,1.19863903522491,0,0,0,0,0,0,0,0,0,0
0,0,0,0,0,0,0,0,0,0,0,0,0,0,0,0,0,0,0,0,0,0,0,0,0,0,0,0,6.5412250161171,0,0,0,0,0,10.1982213258743,8.21360874176025,69.1309232711792,11.16438382864,130.575485050678,1.31037104129791,2.64863985776901,2.66356664896011,312.14687281847,1.56925243139267,1.44334232807159,0,293.755170166492,0,2.57792407274246,0,29.7882226407528,0,60.0594152510166,0,19.8241370022297,0,1.11273300647736,0,0,0,0,0,0,0,0,0,15.6464158892632,3.81744015216827,0,0,21.7296549081802,6.8930849134922,35.2234226465225,5.98477077484131,69.9262632727623,20.2396236360073,143.215974241495,44.9061631858349,0,0,6.36922085285187,0,0,0,7.8796506524086,0,0,0,18.8699375987053,0,0,315.120049387217,1556.48565542698,73.8961164951324,543.552240908146,176.525393038988,3061.47056797147,67.3911111652851,2811.90254056454,241.797835528851,372.544194191694,26.0271873474121,415.059155791998,164.599089443684,861.60159599781,107.656764626503,687.067213714123,58.358431994915,19.1060253977776,25.2931764423847,185.277844011784,65.8617103099823,76.1369442939758,21.2480219006538,19.0097413063049,51.3668371140957
0,0,0,0,0,0,0,0,0,0,0,0,0,0,0,0,0,0.578721940517426,0,0,0,0,0,0,0,0,0,0.807419896125793,0,4.82815873622894,0,0,0,0.680880069732666,3.75929778814316,4.57004308700562,106.539703905582,73.7287852466106,415.207009017467,11.1899380683899,0.91696310043335,7.11775314807892,16.6992563903332,184.936016738415,0,61.9863022565842,0,361.549310833216,0,13.2465166449547,0,22.9696452617645,0,42.5662650465965,0,76.0042292773724,0,0,0,2.64517152309418,0,0,0,0,0,0,9.97404700517654,31.4298086166382,0,0,17.6888481378555,46.8307900130749,19.5782343447208,43.4782264828682,161.140414983034,25.5799398124218,44.1594167351723,168.014323920012,0,0,0,7.5403613448143,0,0,0,27.8184069395065,0,0,0,12.5664612650871,315.120049387217,0,59.5037017762661,2246.76199230552,200.604395389557,594.108161896467,818.266350746155,310.725661575794,294.049545288086,1830.04547259212,107.907640188932,150.958452641964,208.172890156507,931.513346672058,91.6618703603745,1110.5978987813,142.160786896944,330.908667832613,49.0214190483093,69.1801133751869,447.809205025434,90.4240344166756,209.229065358639,23.8955838382244,196.530192583799,97.6400537788868
0.830154895782471,0,0,0,0,0,0.828098654747009,0,0,0,0,0,0,0,0,0,0,0,0,0,0,0,0,0,0,0,0,0,0,0,0,0,0,0,0,0,41.03690508008,3.6573343873024,30.6894792318344,0,1.75207588076591,0,0,0,0,0,0,0,0,0,0,0,0,0,0,0,0,0,0,0,0,0,0,0,0,0,0,0,0,0,13.8796846270561,7.70558062195778,17.458972454071,0,43.4407970607281,8.13539296388626,131.520398586988,36.8115339875221,0,0,0,0,0,0,0,0,0,0,0,0,1556.48565542698,59.5037017762661,0,17.2570510208607,500.099635601044,56.2756547927856,725.764618337154,32.5573256313801,224.035896152258,61.8297881186008,1546.21366271377,7.55963385105133,1194.73923957348,89.9513244330883,1083.19217163324,46.4219288825989,478.569451540709,28.893501073122,21.3727619051933,61.1852943301201,228.872431457043,48.446311622858,215.757856160402,93.617583155632,33.6280836164951,66.3440894186497
0,0,0,0,0,0,0,0,0,0,0,0,0,0,0,0,0,0,0,0,0,0,0,0,0,0,0,0,0,0,0,0,0,0,0,0,34.4888994693756,17.7596030235291,73.9313557744026,1.69311898946762,0.537798523902893,0.625437319278717,0,0,0,0,0,0,0,0,0,0,0,0,0,0,0,0,0,0,0,0,0,0,0,0,0,0,0,0,4.7939110994339,31.9626660346985,6.35327273607254,4.04715794324875,56.9098045229912,26.0306967794895,40.1327405869961,132.998853355646,0,0,0,0,0,0,0,0,0,0,0,0,73.8961164951324,2246.76199230552,17.2570510208607,0,92.9311619997025,171.522014409304,196.208026945591,97.6955242156982,58.8942599892616,160.989815920591,21.2970596551895,790.497725009918,72.1983073949814,1169.16313162446,44.0440019071102,943.74710637331,60.9739369153976,121.062636345625,59.7522711157799,103.386965960264,376.951849877834,44.9606565833092,231.397947579622,69.3799775540829,240.873451143503,91.78249335289
229.935544580221,18.2386997938156,247.331428945065,19.9744164347649,3.77964803576469,0,80.8719602227211,5.0275507569313,4.63986685872078,0.539364814758301,19.5371940732002,4.0218254327774,30.2250281572342,3.98881435394287,38.737473398447,2.71136540174484,2.29974114894867,1.88469839096069,183.135421425104,23.2575365304947,1.38620889186859,0.78573751449585,18.6953905820847,2.06464564800262,0,0,11.0522705614567,0,35.599217236042,0,7.52788922190666,13.5533636808395,25.5305092632771,35.4943971931934,10.4905846714973,4.17220836877823,268.170016855001,35.3533985614777,84.3143029510975,2.08638143539429,28.909274160862,4.32730329036713,31.2359499335289,0,28.0478538572788,0,76.6768598854542,2.17904484272003,100.756161361933,0.694762349128723,152.907425820827,0,19.8535868227482,0,25.8735553622246,0,207.528608769178,7.14314094185829,145.501495569944,1.4531529545784,33.4844637513161,0,22.3765743076801,1.13167476654053,8.58741188049316,0,195.807685166597,20.8048967421055,115.105041533709,5.71166455745697,359.293749332428,79.6050337851048,251.046313732862,12.0124494433403,400.683436393738,26.9549939036369,792.871438294649,193.897112488747,2.56960850954056,0,12.0979890823364,0,15.1762661039829,0,5.74671316146851,0,11.6426775157452,0,17.9063931703568,0,543.552240908146,200.604395389557,500.099635601044,92.9311619997025,0,247.202721178532,1705.08273401856,50.306955575943,301.264519125223,138.304509580135,233.515243947506,17.7979778051376,381.736149579287,133.652353674173,1066.15096491575,189.130888730288,370.882858872414,28.5306494235992,447.701683908701,913.444018244743,493.513286709785,87.1160172820091,145.527584522963,165.783596009016,62.2299865186214,325.795888662338
3.52525019645691,236.602682232857,7.73038280010223,179.41061899066,0,0.589634954929352,3.06506419181824,14.8820968270302,0,3.72029799222946,0,10.7554384768009,1.49359947443008,13.1500419080257,1.20630544424057,13.6552877724171,0,7.95243915915489,10.6877189278603,133.276506066322,0,7.00992262363434,0,45.162117600441,0,0.864422827959061,0.651224672794342,6.4571778178215,1.86538732051849,5.77237844467163,1.73920953273773,3.62395566701889,4.1801121532917,40.8172412216663,21.926693379879,4.01486992835999,51.0189149081707,267.971224009991,101.004378169775,28.2513398230076,2.48512506484985,21.9320598840714,2.18908703327179,41.8297537565231,1.47861468791962,31.2942364513874,2.41458302736282,49.9164399504662,0,83.7130748033524,0,119.128210276365,0,9.16695341467857,0,55.8404709994793,1.82191181182861,145.670241653919,0.458159416913986,202.558166056871,0,9.87841802835464,0,9.10447570681572,0.480598777532578,23.5820483863354,6.51256826519966,305.37802568078,6.36049109697342,21.7134219110012,23.8652563691139,245.442226469517,24.9106856882572,92.2216861844063,72.6299957633018,136.952330112457,82.021294772625,673.239775061607,0,0,0,6.32321363687515,0,4.76611310243607,0,39.5533304810524,0,1.68598148226738,0.714608907699585,14.8058840036392,176.525393038988,594.108161896467,56.2756547927856,171.522014409304,247.202721178532,0,340.781605124474,1914.17126569152,117.532838463783,884.122442871332,42.3280555903912,36.4799343049526,57.6576219499111,151.586531728506,148.355790674686,301.671786606312,82.6796973347664,129.143050670624,75.2414419054985,797.385388225317,720.606790870428,47.3957968652248,58.6334421336651,27.2185581922531,35.4259062111378,47.0195758938789
26.678956001997,6.55832767486572,3.02724012732506,13.8671375513077,0,0,2.32541656494141,2.95532023906708,0,0,0,0,4.20050811767578,0.716106414794922,0,1.24342310428619,0,0,3.89956444501877,2.68206489086151,0,0,0,3.4320160150528,0,0,2.54475069046021,0,2.07195252180099,0,0,0,1.39661347866058,8.18794894218445,4.6654999256134,0,115.451464921236,29.1535242497921,228.958335161209,2.0667040348053,5.66862833499908,0,8.42427730560303,1.36968100070953,4.19956171512604,0,14.6109009087086,0,23.1291385889053,0,34.8611009418964,0,7.1792279779911,0,6.55788293480873,0,17.680269241333,1.7945853471756,29.7362109720707,0,9.32744348049164,0,2.79215478897095,0,3.53139573335648,0,49.75807762146,5.86215287446976,9.6624498963356,0,27.8269557356834,38.7689816355705,32.2500269114971,6.51515239477158,101.164210349321,30.6492169201374,204.617712080479,101.436322003603,0,0,3.56075632572174,0,4.15864390134811,0,0,0,1.39218473434448,0,2.09472554922104,0,3061.47056797147,818.266350746155,725.764618337154,196.208026945591,1705.08273401856,340.781605124474,0,111.428846269846,4458.96451941133,447.812237679958,295.215220451355,44.8300090432167,304.210093766451,380.342893749475,898.982317686081,188.229280591011,684.181191772223,73.5506047606468,60.495758831501,107.837971568108,1458.41705438495,157.861751556396,187.785397619009,60.1131111383438,43.7797970175743,61.6019608080387
0,0,0,0,0,0,0,0,0,0,0,0,0,1.1102728843689,0,0,0,0,0,0,0,0,0,0,0,0,0,0,0,0,0,0,0,2.61380207538605,0,2.10692191123962,29.1242927610874,13.024395108223,24.0395782887936,11.5241612195969,0,0.493695706129074,1.06162875890732,48.047443062067,0,35.8516821563244,0,223.432492256165,0,3.91728800535202,0,1.27317756414413,0,1.33629858493805,0,11.3816918730736,0,1.13406503200531,0,0,0,0,0,0,0,0,2.79831886291504,12.2281082868576,0,0,3.62305629253387,5.94601768255234,1.02642178535461,1.57233607769012,29.6960207819939,4.64686664938927,11.4932695031166,24.9763794243336,0,0,0,0.497270941734314,0,0,0,0,0,0,0,1.22213053703308,67.3911111652851,310.725661575794,32.5573256313801,97.6955242156982,50.306955575943,1914.17126569152,111.428846269846,0,46.427797794342,2696.12043565512,22.6797088086605,11.1310278773308,28.7897443473339,62.2224236428738,24.6345292925835,190.290339320898,36.3102809488773,233.728157758713,4.03115463256836,27.8573507368565,536.496586740017,239.63549682498,68.7487441599369,20.43158608675,16.9353191256523,4.22974270582199
0,0,0,0,0,0,0.897395551204681,0,0,0,0,0,0,0,0,0,0,0,0,0,0,0,0,0,0,0,0,0,12.5499141812325,0,0,0,0,0,2.94219332933426,2.40648108720779,55.2097082138062,17.7895228266716,65.9214298427105,1.14881020784378,3.85143947601318,0,53.2585316300392,0.593253970146179,4.84484070539474,0,305.591307520866,0,7.52009347081184,0,22.9154615700245,0,38.943405777216,0,37.5593664050102,0,0.464598625898361,0,0,0,0,0,0,0,0,0,5.87863409519196,0.907923579216003,0,0,6.58110085129738,3.777980864048,10.6996676325798,3.65285575389862,40.2333917319775,9.37046232819557,36.3314593434334,27.4618040323257,0,0,0,0,3.5428004860878,0,7.44353854656219,0,1.45590204000473,0,28.3298809826374,0,2811.90254056454,294.049545288086,224.035896152258,58.8942599892616,301.264519125223,117.532838463783,4458.96451941133,46.427797794342,0,186.129601031542,119.452226608992,31.4998831450939,111.459354311228,198.097491770983,192.213087707758,68.6337319612503,369.249812602997,46.1140910089016,0.823558509349823,3.99355089664459,149.939750403166,132.610155254602,34.6807587146759,5.49602878093719,17.1535819172859,10.4387644827366
0,0,0,0,0,0,0,0,0,0,0,0,0,0,0,0,0,1.1206032037735,0,0,0,1.16583126783371,0,0,0,0,0,0.75252902507782,0,8.96950089931488,0,0,0,0,10.3610505461693,20.3537782430649,48.0543904006481,122.727510511875,173.587291032076,15.4294866919518,0.662481367588043,15.3908421993256,106.86910289526,433.569629132748,0,64.7776563167572,0,841.679727882147,0,25.5517182648182,0,14.540674418211,0,63.7466681003571,0,209.648238390684,0,0,0,1.82425975799561,0,0,0,0,0,0,8.33379083871841,51.5521636009216,0,0,0.55284857749939,23.4308040440083,13.1916930675507,45.4795072674751,109.41336581111,31.290364831686,20.4885526299477,87.0243617594242,0,0,0,20.4293373525143,0,1.61441707611084,0,47.4812566041946,0,1.36094808578491,0,28.2042895257473,241.797835528851,1830.04547259212,61.8297881186008,160.989815920591,138.304509580135,884.122442871332,447.812237679958,2696.12043565512,186.129601031542,0,55.9505204260349,42.4252747893333,98.9860776662827,244.041903287172,50.4270007610321,306.665416032076,71.9464066922665,496.521613389254,10.7737445533276,22.894156396389,467.313639372587,203.723212689161,246.643153369427,35.1325572729111,21.7480933666229,9.55018395185471
0,0,0,0,0,0,0,0,0,0,0,0,0,0,0,0,0,0,0,0,0,0,0,0,0,0,0,0,0,0,0,0,0,0,0,0,20.6139890551567,2.0443919301033,18.4666886329651,0,2.04718095064163,0,0,0,0,0,0,0,0,0,0,0,0,0,0,0,0,0,0,0,0,0,0,0,0,0,0,0,0,0,4.6759666800499,2.02010291814804,10.5685781538486,0.974318444728851,24.2149404585361,3.73071527481079,52.9479347467422,13.5983817875385,0,0,0.611559510231018,0,0,0,0,0,0,0,0,0,372.544194191694,107.907640188932,1546.21366271377,21.2970596551895,233.515243947506,42.3280555903912,295.215220451355,22.6797088086605,119.452226608992,55.9505204260349,0,18.0804093778133,3353.3898242712,78.4728842377663,753.542533576488,36.1300888061523,570.741742879152,22.448898255825,8.25600633025169,24.9931471645832,66.7187195122242,10.6245608329773,36.0462145805359,48.7805081605911,36.8875342011452,28.2278962731361
0,0,0,0,0,0,0,0,0,0,0,0,0,0,0,0,0,0,0,0,0,0,0,0,0,0,0,0,0,0,0,0,0,0,0,0,6.85248672962189,4.0964016020298,7.26626831293106,1.17024779319763,0,0,0,0,0,0,0,0,0,0,0,0,0,0,0,0,0,0,0,0,0,0,0,0,0,0,0,0,0,0,1.27016019821167,2.38990157842636,3.17960494756699,0,13.1636254191399,1.96171176433563,7.9422110915184,22.3230242729187,0,0,0,0,0,0,0,0,0,0,0,0,26.0271873474121,150.958452641964,7.55963385105133,790.497725009918,17.7979778051376,36.4799343049526,44.8300090432167,11.1310278773308,31.4998831450939,42.4252747893333,18.0804093778133,0,29.2778722941875,946.591760665178,10.0288367569447,272.666838496923,23.6574610173702,53.1675477027893,3.17727944254875,7.79938092827797,23.1072372496128,4.6052314043045,5.25083750486374,5.21336209774017,32.1220828294754,9.45222789049149
0.568741023540497,0,0,0,0,0,0,0,0,0,0,0,0,0,0,0,0,0,0,0,0,0,0,0,0,0,0,0,1.44384050369263,0,0,0,0,0,0,0,38.3195967972279,11.2637474536896,30.0229752659798,0,2.6245573759079,0,0,0,0,0,1.29677200317383,0,0,0,0,0,0,0,0,0,1.9221054315567,0,0,0,0,0,0,0,0,0,0,0,0,0,16.7118616402149,9.13154196739197,13.2571723461151,1.70545428991318,52.2550341486931,9.63883480429649,113.416978538036,39.8107647001743,0,0,0,0,0,0,0,0,0,0,0,0,415.059155791998,208.172890156507,1194.73923957348,72.1983073949814,381.736149579287,57.6576219499111,304.210093766451,28.7897443473339,111.459354311228,98.9860776662827,3353.3898242712,29.2778722941875,0,235.174767762423,8366.31221458316,187.727410882711,1064.86651787162,52.0093055069447,58.3274327814579,116.565526604652,273.237763851881,79.9206098914146,96.7271476984024,722.350666463375,781.146070063114,116.208986669779
0,1.99183934926987,0,0,0,0,0,0,0,0,0,0,0,0,0,0,0,0,0,0,0,0,0,0,0,0,0,0,0,0,0,0,0,0.511508762836456,0,0,72.0546142458916,33.9374603033066,71.5951718389988,3.87479707598686,0.498964905738831,2.14555358886719,0,0.515058279037476,0,0,0.648843348026276,0,0,0,0,0,0,0,0,0,0,0,0,0,0,0,0,0,0,0,0,0,0,0,2.13925164937973,44.918080508709,6.30678451061249,8.9304621219635,85.0869746804237,23.3200202286243,40.4869402348995,146.466417521238,0,0,0,0,0,0,0,1.84740257263184,0,0,0,0,164.599089443684,931.513346672058,89.9513244330883,1169.16313162446,133.652353674173,151.586531728506,380.342893749475,62.2224236428738,198.097491770983,244.041903287172,78.4728842377663,946.591760665178,235.174767762423,0,116.259439706802,8192.74299633503,143.091157197952,330.053820848465,69.4925499260426,132.650090783834,330.706201851368,34.5203340947628,155.718331217766,465.076367884874,381.80742931366,68.5916420817375
25.1809840202332,2.08471369743347,17.7772073447704,3.61632663011551,0.509246230125427,0,10.2929373085499,0,0,0,0.657773196697235,0,1.23585200309753,0,4.46162280440331,0,0,1.39522099494934,11.1043961644173,4.1517179608345,0,0,1.35719680786133,0,0,0,2.26020014286041,0,8.37071257829666,0,5.8895677626133,1.17250835895538,3.71837097406387,3.01177167892456,0.428767085075378,0,68.7962956130505,8.38860094547272,17.6397541165352,0,20.5039508342743,2.54453301429749,0,0,0,0,0,0.506561875343323,0,0,3.20030355453491,0,0,0,0.442445874214172,0,24.0982165038586,0.921019852161407,8.59303632378578,0,3.09893989562988,0,1.42903780937195,0,0,0,7.35650587081909,0,7.79408738017082,0,114.749149024487,63.1722595095634,80.2539708912373,9.52014535665512,114.732250034809,16.6753092110157,375.62365424633,199.187538802624,0,0,2.43755781650543,0,1.13962891697884,0,0,0,0.981772184371948,0,3.61463356018066,0,861.60159599781,91.6618703603745,1083.19217163324,44.0440019071102,1066.15096491575,148.355790674686,898.982317686081,24.6345292925835,192.213087707758,50.4270007610321,753.542533576488,10.0288367569447,8366.31221458316,116.259439706802,0,1866.94683465362,1077.46497902274,38.9633912444115,87.0634313821793,142.84195497632,412.002532690763,98.5176759362221,161.633732736111,136.547859340906,1394.41121593118,243.809781640768
0,16.0481224060059,1.93131124973297,6.96141827106476,0,0,2.16108155250549,3.41960495710373,0.43230128288269,0,1.14148890972137,1.23178374767303,0,3.6467427611351,1.44393408298492,0,0,0.990182518959045,0,4.81286334991455,0,0,0,0.471779525279999,0,0.63185840845108,0,0,6.23923754692078,1.41535556316376,0,1.09476754069328,0,7.71037930250168,0,0,35.7062499821186,20.1488442420959,34.5036717951298,0.847038149833679,5.19847565889359,2.04113668203354,0,0,0,0,0.528390288352966,0,0,0,0,1.29824805259705,0,0,0,0,0.685375034809113,7.57471024990082,0,1.50307953357697,0,0,0,0,0,0,0,1.77089601755142,0,0.758561491966248,27.5239800810814,100.579559534788,36.4802314341068,6.65970009565353,53.5330755114555,28.311986207962,100.991997361183,277.355566501617,0,0,0,0,0,0,0,0,0,0,0,1.19863903522491,107.656764626503,1110.5978987813,46.4219288825989,943.74710637331,189.130888730288,301.671786606312,188.229280591011,190.290339320898,68.6337319612503,306.665416032076,36.1300888061523,272.666838496923,187.727410882711,8192.74299633503,1866.94683465362,0,110.282312661409,651.394977897406,142.909922003746,191.787359774113,688.432975620031,88.144703745842,167.810172438622,193.646810263395,1059.96863904595,237.351669609547
8.21593102812767,1.95461404323578,4.73819541931152,0,0,0,3.2965886592865,0,0,0,0,0,0,0,0.882780909538269,0,0,0,0,0,0,0,0,0,0,0,0,0,2.18701934814453,0.546475946903229,0.41040500998497,0.782990157604218,2.71698731184006,3.46682351827621,1.30017757415771,0,24.2322644591331,8.00656855106354,16.0904909968376,0,3.11563786864281,1.1932817697525,1.65665340423584,0,0,0,0,0.590914607048035,0.660778880119324,0,1.47371256351471,0,0,0,0,0,9.40420496463776,1.17765808105469,4.36818593740463,0,1.43004202842712,0,0,0,0,0,4.42216604948044,0,4.07526528835297,0,23.7491981685162,20.6337163448334,9.87374585866928,2.16702401638031,31.5863288640976,11.1533685624599,89.3856419026852,45.7460063099861,0,0,0,1.39905226230621,0,0,0,0,0,0,4.45714294910431,0,687.067213714123,142.160786896944,478.569451540709,60.9739369153976,370.882858872414,82.6796973347664,684.181191772223,36.3102809488773,369.249812602997,71.9464066922665,570.741742879152,23.6574610173702,1064.86651787162,143.091157197952,1077.46497902274,110.282312661409,0,48.306403696537,19.0363787412643,25.9827770292759,161.056163161993,33.9172016382217,53.6644083559513,32.4231769740582,51.5997939407825,47.13809466362
0,2.78399437665939,0,0,0,0,0,0,0,0,0,0,0,0,0,0,0,0,0,0,0,0,0,0,0,0,0,0,0,0,0,0,0,3.18358969688416,1.97922039031982,0,14.6883375644684,20.4458417892456,12.6117454767227,0,0,1.14458441734314,0,1.54706811904907,0,0,0,0.540161967277527,0,0,0,0,0,0,0,0,0,2.27237290143967,0,0,0,0,0,0,0,0,0,0.865250945091248,0,1.88889729976654,4.20110285282135,13.2405574023724,6.63066983222961,2.38670501112938,11.9502467215061,9.00460031628609,6.31513258814812,45.3146260976791,0,0,0,0,0,0,0,0,0,0,0,0,58.358431994915,330.908667832613,28.893501073122,121.062636345625,28.5306494235992,129.143050670624,73.5506047606468,233.728157758713,46.1140910089016,496.521613389254,22.448898255825,53.1675477027893,52.0093055069447,330.053820848465,38.9633912444115,651.394977897406,48.306403696537,0,9.34363913536072,28.2488375604153,92.19701141119,20.3258526623249,19.405785292387,11.8008227348328,22.1618348360062,22.6350484490395
11.0241529941559,43.8945024609566,15.3449704647064,93.5150471329689,0,1.07186150550842,4.78958374261856,12.534650683403,1.39323461055756,1.14531111717224,0,0.701818108558655,4.43436962366104,3.50825729966164,3.40245535969734,5.59908330440521,1.5711133480072,1.25040030479431,14.3351717889309,50.8965655565262,0,0.684751033782959,2.80909067392349,14.728809773922,0,0,0,0,4.24324750900269,1.25922989845276,2.6712828874588,1.57735443115234,0,4.2433420419693,0,0,10.0006830394268,5.1721870303154,2.7106499671936,1.30259466171265,2.59679159522057,0.722973525524139,0,2.39985072612762,0,0,0,0.530646502971649,0,0,0,1.18600571155548,0,0,0,0,3.56300842761993,9.3177717924118,0,6.88399964570999,0,0,1.50297439098358,0,0,0,0.600809931755066,8.25548982620239,2.56262174248695,8.11177331209183,26.5897373855114,111.980676800013,27.1642605960369,22.0944284200668,18.5377518236637,34.418198376894,156.013058006763,383.559653967619,0,0,0,0,0,0,0,0,0,0,0,0,19.1060253977776,49.0214190483093,21.3727619051933,59.7522711157799,447.701683908701,75.2414419054985,60.495758831501,4.03115463256836,0.823558509349823,10.7737445533276,8.25600633025169,3.17727944254875,58.3274327814579,69.4925499260426,87.0634313821793,142.909922003746,19.0363787412643,9.34363913536072,0,314.207093238831,319.811549782753,58.0620292723179,60.1901588439941,230.530741721392,53.9485091865063,338.501723051071
10.0260526537895,35.6960088610649,5.1760950088501,21.6866519451141,0.402676910161972,1.03344571590424,3.24598014354706,1.53147196769714,0.545440256595612,0,0,2.18165147304535,2.94477963447571,4.59471261501312,2.79110562801361,1.3579403758049,0,3.27801668643951,5.19183266162872,19.4662766456604,0.781666100025177,0,1.66190302371979,5.92461949586868,0,0,4.27976667881012,0,4.9803062081337,0,0.950261235237122,0,0.670571446418762,3.2790219783783,0,0.899389326572418,52.0835126936436,14.7071888446808,2.35437667369843,1.63420617580414,2.50546503067017,0.683840036392212,3.39434617757797,0,3.75216630101204,1.86593329906464,33.3965188860893,36.034459233284,8.6031049489975,4.34184515476227,7.82119712233543,6.66728067398071,1.27387380599976,0,4.78955268859863,2.00284814834595,9.72303360700607,11.3484851121902,18.1728506684303,13.2441359758377,6.17223769426346,0,0,1.8691993355751,1.60315591096878,1.84185492992401,20.006739705801,19.0871375799179,7.80104994773865,0.87321811914444,24.9702404141426,44.4389025568962,19.6590678095818,10.5696127712727,22.5471057891846,17.2072951495647,541.906417459249,541.314999043941,0,0,0.727601528167725,0,1.31429207324982,0,1.01388454437256,1.08590579032898,0,0,1.23012882471085,0,25.2931764423847,69.1801133751869,61.1852943301201,103.386965960264,913.444018244743,797.385388225317,107.837971568108,27.8573507368565,3.99355089664459,22.894156396389,24.9931471645832,7.79938092827797,116.565526604652,132.650090783834,142.84195497632,191.787359774113,25.9827770292759,28.2488375604153,314.207093238831,0,765.845180809498,94.162134706974,217.068245619535,366.616394251585,106.321486622095,219.29761660099
0,0,0,0,0,0,0,0,0,0,0,0,0,0,0,0,0,0,0,0,0,0,0,0,0,0,0,0,0,0,0,0,0,0,5.751429438591,7.36419689655304,19.9659763276577,10.3253036737442,15.7697298526764,0.550788283348083,0.51533305644989,1.24814343452454,29.5337834358215,5.43798732757568,7.83020776510239,0,30.1963636279106,3.11805933713913,2.38287550210953,0,1.14231264591217,0,1.51346635818481,0,0,0,0,0,0,0,0,0,0,0,0,0,33.2031156420708,3.39764827489853,0,0,3.30279141664505,12.8389717936516,10.6207748055458,0,18.5656178593636,9.33850538730621,49.5464567840099,58.5519075393677,0,0,0,0,0,0,0,0,0,0,0,0,185.277844011784,447.809205025434,228.872431457043,376.951849877834,493.513286709785,720.606790870428,1458.41705438495,536.496586740017,149.939750403166,467.313639372587,66.7187195122242,23.1072372496128,273.237763851881,330.706201851368,412.002532690763,688.432975620031,161.056163161993,92.19701141119,319.811549782753,765.845180809498,0,692.671336591244,664.270175129175,611.091681480408,176.339569330215,246.821960985661
0,0,0,0,0,0,0,0,0,0,0,0,0,0,0,0,0,0,0,0,0,0,0,0,0,0,0,0,0,0,0,0,0,0,0,0,2.59446501731873,4.89244168996811,3.51796692609787,0.608266413211823,0,0,0,0,0,0,0,0,0,0,0,0,0,0,0,0,0,0,0,0,0,0,0,0,0,0,0,0,0,0,0.352276057004929,6.32924634218216,0.780293107032776,0.73407107591629,6.48722761869431,5.53492575883865,10.9763824939728,16.6879885494709,0,0,0,0,0,0,0,0,0,0,0,0,65.8617103099823,90.4240344166756,48.446311622858,44.9606565833092,87.1160172820091,47.3957968652248,157.861751556396,239.63549682498,132.610155254602,203.723212689161,10.6245608329773,4.6052314043045,79.9206098914146,34.5203340947628,98.5176759362221,88.144703745842,33.9172016382217,20.3258526623249,58.0620292723179,94.162134706974,692.671336591244,0,289.881944477558,284.410772800446,68.0326985120773,37.9450993537903
0,0,0,0,0,0,0,0,0,0,0,0,0,0,0,0,0,0,0,0,0,0,0,0,0,0,0,0,0,0,0,0,0,0,0,0,6.34264519810677,3.77783465385437,8.35279688239098,1.00148546695709,0.408550173044205,1.67161926627159,0,0,0,0,0,0,0,0,0,0,0,0,0,0,0,0,0,0,0,0,0,0,0,0,0,0,0,0,4.78690975904465,12.8926441371441,5.31576630473137,0,12.8487636446953,3.17631307244301,36.9251843392849,35.2487525939941,0,0,0,0,0,0,0,0,0,0,0,0,76.1369442939758,209.229065358639,215.757856160402,231.397947579622,145.527584522963,58.6334421336651,187.785397619009,68.7487441599369,34.6807587146759,246.643153369427,36.0462145805359,5.25083750486374,96.7271476984024,155.718331217766,161.633732736111,167.810172438622,53.6644083559513,19.405785292387,60.1901588439941,217.068245619535,664.270175129175,289.881944477558,0,209.146497488022,94.6956059336662,65.897302955389
1.18032705783844,0,0,0,0,0,0,0,0,0,0,0,0.561930000782013,0,0,0,0,0,0,0.775319874286652,0,0,0,0,0,0,0,0,0,0,0,0,0,1.11009001731873,0,0,2.66184616088867,0,2.22184437513351,0,0.924472838640213,0.854653537273407,0,0,0,0,0,1.61883175373077,0,0,0,0,0,0,0,0,0,0,0,0,0,0,0,0,0,0,0,0,0,0,3.03801974654198,3.53940063714981,4.69706156849861,0,4.37577110528946,3.32703065872192,31.6920171976089,35.4186718165874,0,0,0,0,0,0,0,0,0,0,0,0,21.2480219006538,23.8955838382244,93.617583155632,69.3799775540829,165.783596009016,27.2185581922531,60.1131111383438,20.43158608675,5.49602878093719,35.1325572729111,48.7805081605911,5.21336209774017,722.350666463375,465.076367884874,136.547859340906,193.646810263395,32.4231769740582,11.8008227348328,230.530741721392,366.616394251585,611.091681480408,284.410772800446,209.146497488022,0,627.504922509193,151.098793625832
0,2.12754195928574,0,0,0,0,1.18244028091431,0,0,0,0,0,0,0,0,0,0,0,1.65730726718903,0,0,0,0,0,0,0,0,0,0,0,0,0,0,0,0,0,9.57798373699188,2.44898492097855,4.37602636218071,0,0,0,0,0,0,0,0,0,0,0,0,0,0,0,0,0,0,0,0,0,0,0,0,0,0,0,0,0,0,1.27682018280029,1.55654460191727,13.0122356712818,2.21437644958496,0.558389127254486,10.8867354094982,3.81132608652115,17.0139943361282,58.790724158287,0,0,0,0,0,0,0,0,0,0,0,0,19.0097413063049,196.530192583799,33.6280836164951,240.873451143503,62.2299865186214,35.4259062111378,43.7797970175743,16.9353191256523,17.1535819172859,21.7480933666229,36.8875342011452,32.1220828294754,781.146070063114,381.80742931366,1394.41121593118,1059.96863904595,51.5997939407825,22.1618348360062,53.9485091865063,106.321486622095,176.339569330215,68.0326985120773,94.6956059336662,627.504922509193,0,231.87274569273
19.2884513735771,43.0916163027287,14.0755222439766,55.4322002828121,0.393028736114502,0,4.00359332561493,7.24099045991898,0.575555026531219,1.11157557368279,0.864562273025513,0.885525822639465,5.38048446178436,0.606811940670013,3.00156697630882,1.96799045801163,0,2.88657492399216,17.0233732461929,22.9620186090469,0,0,3.49751806259155,7.75078046321869,0,0,0,0,2.53934854269028,1.71980202198029,1.49459862709045,0,4.01758897304535,12.9219298064709,0,0,12.7527257800102,1.29693728685379,7.10710602998734,0,7.38951301574707,1.31991744041443,0,0,0,0,0.659668922424316,1.22271752357483,0,0,0,0,0,0,0,0,8.38705569505692,10.7841885089874,0.557703912258148,0,0,0,0,0.510444819927216,0,0,0.412663578987122,7.80425333976746,4.58206593990326,3.92693841457367,52.0837829113007,105.171911239624,46.8377354443073,17.1329345107079,43.2084124386311,28.3840523064137,147.066856741905,242.540426433086,0,0,0,0,1.44435942173004,0,0,1.04248833656311,0,0,0.452795386314392,0,51.3668371140957,97.6400537788868,66.3440894186497,91.78249335289,325.795888662338,47.0195758938789,61.6019608080387,4.22974270582199,10.4387644827366,9.55018395185471,28.2278962731361,9.45222789049149,116.208986669779,68.5916420817375,243.809781640768,237.351669609547,47.13809466362,22.6350484490395,338.501723051071,219.29761660099,246.821960985661,37.9450993537903,65.897302955389,151.098793625832,231.87274569273,0
