0,265.524455100298,2847.19410932064,190.877100527287,0.949979484081268,0,4525.71150708199,150.080528557301,1.79497015476227,0,2139.31439161301,15.352516323328,855.20727995038,1.1660190820694,4.48587012290955,0,745.692116528749,5.24711665511131,2005.00478827953,638.883037984371,0,0,27.3995596170425,0.915483415126801,0,0,0,0,952.536946803331,0,15.582039296627,9.83072012662888,12.0094211399555,114.1961632967,0,0,485.70210441947,1.01658236980438,16.1879531145096,0,0.944146513938904,0,0,0,0,0,2.04651570320129,0,0.826903402805328,0,65.6985155940056,0,22.6124533712864,0,28.3214113414288,0,8808.18294551969,5.72794252634048,322.010025322437,0,629.317748039961,0,562.740446865559,0,271.047325730324,0,82.3759361505508,3.76170194149017,1902.80020096898,20.2235228121281,1903.01461306214,109.711668908596,2632.9646306932,69.7820367217064,920.505150109529,30.3402245938778,2493.98982387781,132.137233674526,34.9149614572525,0,364.467251598835,0,5.76820027828217,0,1320.67279231548,0,0,0,458.76827904582,0,0.61140763759613,0,0,0,199.497991979122,1.369389295578,28.2653715014458,0,0.410659939050674,0,0,0,0,0,4.51201206445694,0,3.42416310310364,0,17.3765381574631,8.93320262432098,0,0,0,0,0,2.03146427869797
265.524455100298,0,39.8423971831799,4911.44496774673,0,0,17.0978420972824,5031.10446238518,0,0,4.32983577251434,2111.31646254659,1.95082783699036,410.246234893799,0,5.70863831043243,0,608.252859205008,711.43169939518,1551.79253235459,0,0,6.26647001504898,20.3012262582779,0,0,0,0,26.5666934251785,176.171613126993,21.4172429740429,2.85670930147171,46.801824003458,118.495178222656,0,0,2.4651135802269,379.210839390755,2.52624726295471,20.2609847187996,0,0,0,0,0,0,0,3.03920096158981,0,16.3575192689896,0,116.447834938765,0,0,0,15.0983568131924,41.7030535936356,11004.0829670131,0,388.803967446089,0,1314.35828655958,0,739.59346356988,0,792.760316699743,32.2484598755836,149.82501244545,383.571050584316,760.365318894386,72.4258841276169,1908.77982082963,60.6116681993008,3068.92342793941,13.5206361413002,600.262180089951,392.755053460598,3524.1585752964,1.26972198486328,11.5075817704201,0,145.49522382021,0,0,0,691.242701351643,0,0,0,161.137223929167,0,0,0,0,12.2304893136024,189.421075195074,0,0,0,0,0,0,0,0.554793834686279,0,10.8485399484634,0,0,27.8505650162697,14.0068365335464,1.28415429592133,0,0,0,0,13.0460245609283
2847.19410932064,39.8423971831799,0,433.141990542412,678.425206363201,45.7352506816387,13467.3412966132,588.393742382526,751.329763203859,99.7781950235367,734.226595461369,101.867046386003,1193.19458341599,95.4639173746109,410.349969625473,41.8883120417595,139.579180836678,20.2146499156952,1199.46251341701,565.768226891756,3.22193908691406,1.63388973474503,2698.92060923576,653.591131031513,107.392261177301,46.389972358942,29.7727968990803,29.5422732234001,968.279977172613,27.2780827581882,230.196645528078,509.892665952444,31.8916681110859,142.388214826584,6.59751760959625,0,59.143085449934,0,3.48481678962708,0,1.22126114368439,0,0,0,0,0,0.566402971744537,0,0,0,21.6812610328197,0,0,0,1.42175498604774,0,147.580324321985,0,212.444716304541,0,76.7901079654694,0,28.8923048377037,0,86.4912872314453,0,152.382843822241,1.00724470615387,119.005245625973,2.45668512582779,1410.08943811059,470.243789553642,1716.74998909235,215.933815777302,386.08187186718,63.3219346702099,1505.45662480593,88.6934334039688,12.9261281788349,0,51.203740298748,0,24.7618806958199,0,50.8179010748863,0,1.92998540401459,0,13.0887321233749,0,0,0,0,0,69.0479600727558,0,0,0,0,0,0,0,0,0,2.25122040510178,0,0,0,11.0981584787369,6.42209625244141,0,0,0,0,0,1.67621129751205
190.877100527287,4911.44496774673,433.141990542412,0,127.558354228735,912.65850174427,535.893172502518,13580.7657690048,96.9636178016663,428.922559559345,51.8798559308052,1759.39656051993,134.351667732,932.740575164557,44.8200681209564,125.37576559186,4.09733122587204,377.852752804756,643.817514151335,3339.44721186161,1.61148291826248,4.77300506830215,585.003858149052,3066.83006814122,115.63561630249,260.979518383741,48.4682721495628,110.93527624011,96.4691469967365,180.233863800764,161.207982748747,207.177504062653,63.9892894327641,166.562126159668,0.648594617843628,0.327332198619843,1.76855278015137,39.0857620835304,0,5.8640633225441,0,6.50778949260712,0,0,0,0,0,5.65789413452148,0,4.52596580982208,0,60.7191717624664,0,0,0,0,23.5608559846878,542.677709251642,0,104.528559803963,0,104.71035566926,0,93.310577660799,0,127.361421048641,4.67004603147507,586.891801893711,116.9965903759,278.40999725461,414.735731780529,1550.05817228556,228.603661596775,1994.76651254296,57.6477112472057,707.743167102337,199.254701942205,2352.45846921206,0,7.9286453127861,0,29.4455140829086,0,0.455031037330627,0,25.2535906434059,0,0,0,3.43121027946472,0,0,0,0,6.60482531785965,66.672073662281,0,0,0,0,0,0,0,1.18063926696777,0,4.37212008237839,0,0,34.2877382338047,9.99497312307358,0,0,0,0,0,0
0.949979484081268,0,678.425206363201,127.558354228735,0,182.731801480055,371.620660990477,44.0798354744911,3381.94380277395,133.070694595575,0.655394554138184,0,11.0611241161823,12.6317687630653,2980.76317107677,37.83273178339,0,0,2.53266906738281,2.11217904090881,220.861778259277,65.0111085176468,318.542531579733,300.346435546875,400.028214126825,325.752657234669,1854.49199277163,281.568656206131,750.228817999363,1.19888156652451,198.265910327435,269.396367490292,20.1052065491676,11.7943271994591,0,0,36.9350444972515,0,5.32420146465302,0,177.002338320017,0,0,0,0,0,11.8702001571655,0,0,0,0.425099849700928,0,1.47895300388336,0,5.49565649032593,0,0,0,0,0,0,0,0,0,0,0,0.920999765396118,0,0,0,1131.90405118465,160.789371728897,748.328439831734,61.8517048358917,44.5647280812263,1.11721247434616,56.6089685559273,0,0,0,0.680079400539398,0,49.3202837109566,0.438420921564102,18.8462524414062,0,95.3038880228996,0,35.1895240843296,0,0,0,0,0,2.39110466837883,0,0,0,0,0,0,0,0,0,0,0,0,0,0,0,0,0,0,0,0,0
0,0,45.7352506816387,912.65850174427,182.731801480055,0,30.1112275421619,479.539411842823,81.8782553076744,3677.87358009815,0,0.545669138431549,5.66800940036774,13.1008237302303,53.1179386377335,1501.01824006438,0,0,0,2.5851628780365,3.13529339432716,365.279333114624,114.332019090652,176.406931549311,138.596639484167,449.519592672586,135.336644351482,2484.69915938377,15.4373795390129,180.923800498247,65.2345080971718,84.9924336075783,1.52606594562531,8.47916525602341,0,0.859166920185089,0,7.271104991436,0,0,0,205.710853248835,0,0,0,0,0,0,0,0,0,0,0,0,0,5.84497731924057,0,0,0,0,0,0,0,0,0,0,0,0,0,0,308.888976633549,906.771312206984,34.8075631260872,806.314409792423,1.44015145301819,18.4075430929661,0,12.9035096168518,0,0,0,1.73888897895813,0,121.034435629845,0,4.25595465302467,0,23.2257039248943,0,0,0,0,0,0,0,0.472753465175629,0,0,0,0,0,0,0,0,0,0,0,0,0,0,0,0,0,0,0,0
4525.71150708199,17.0978420972824,13467.3412966132,535.893172502518,371.620660990477,30.1112275421619,0,886.126620203257,1931.43289476633,54.8458137512207,1305.45649895072,225.059553414583,4257.8100835681,165.881462574005,405.417754352093,24.8028117120266,74.7004741430283,28.078073322773,397.072939902544,729.379213243723,0,1.08529770374298,1020.21311828494,637.721395671368,9.70001611113548,40.9448240399361,4.73505520820618,14.863465577364,551.77599799633,34.3614509701729,124.54729861021,369.409403324127,15.1911541819572,133.603755831718,2.37902760505676,0,39.5222565829754,0,7.02795845270157,0,2.06246072053909,0,0,0,0,0,0.444392293691635,0,0,0,70.6258622705936,0,5.62010854482651,0,11.6763381958008,0,252.858263671398,0,95.030783444643,0,247.710466623306,0,81.8325718641281,0,219.794899523258,0,7.76517495512962,0,18.2701688408852,0,2258.47377231717,602.45277094841,996.223583489656,236.433909088373,205.779032558203,71.2217989861965,971.456142425537,88.0849172174931,7.2510547041893,0,82.1369599103928,0,18.770175755024,0,265.679248481989,0,3.15654367208481,0,63.4723118245602,0,0,0,0,0,27.2894513607025,0,3.81544309854507,0,0,0,0,0,0,0,0,0,0.769719481468201,0,8.54678338766098,0,0,0,0,0,0,2.31244456768036
150.080528557301,5031.10446238518,588.393742382526,13580.7657690048,44.0798354744911,479.539411842823,886.126620203257,0,36.1630852520466,1548.12282556295,69.8688170611858,2666.91935053468,236.98102375865,5694.22812876105,17.5703677535057,273.429852068424,7.86586791276932,111.248616009951,665.508663594723,636.082399338484,0,0,780.417553782463,717.164367884398,35.3272134661674,34.1007408797741,9.58139127492905,16.5603119432926,139.317869693041,112.29574495554,198.17074239254,131.481324106455,38.3271073400974,62.1432076096535,0,0,0.96397739648819,23.4744906425476,0,1.62766945362091,0,0,0,1.81669306755066,0,0,0,1.9275107383728,0,8.94738614559174,0,154.124302178621,0,0.580549538135529,0,18.0268907248974,17.7060996890068,543.072580248117,0,140.650667011738,0,584.499523758888,0,159.244428902864,0,504.421185970306,1.63528168201447,139.128887623549,76.2454439997673,38.2891795635223,503.175471931696,2624.07840329409,250.023052364588,1191.63449516892,42.4732054769993,283.378411322832,227.277055591345,1002.32280108333,0,1.56561440229416,0,31.5782171487808,2.13951045274734,0.588053524494171,0,423.405815303326,0,0,0,111.162619113922,0,0,0,0,0,17.9119432270527,0,0,0,0,0,0,0,0,0,3.30961292982101,0,0,1.17738831043243,5.03167980909348,0,0,0,0,0,0
1.79497015476227,0,751.329763203859,96.9636178016663,3381.94380277395,81.8782553076744,1931.43289476633,36.1630852520466,0,94.3968445062637,17.4070212841034,0,856.333778142929,9.66134524345398,2237.75169175863,36.9957420229912,0,0,10.0338460505009,2.89981180429459,44.0633170306683,7.11887541413307,137.577454209328,163.763483524323,53.90403175354,117.796615034342,343.199175745249,73.8390826284885,340.178736031055,0,48.2629466354847,110.29086086154,5.1072484254837,2.6478858590126,0,0,25.1555333137512,0,4.08224880695343,0,41.610181838274,0.461578160524368,0,0,0,0,2.3267834186554,0,0,0,0,0,0,0,0,0,0,0,0,0,0,0,0,0,0,0,0,0,0,0,852.709680974483,92.300292044878,761.19997176528,37.6190245747566,66.2901104986668,0,157.104066729546,0,0,0,0,0,27.1484506428242,0,13.6065707504749,0,53.0714850723743,0,16.2317399084568,0,0,0,0,0,3.71988597512245,0,0,0,0,0,0,0,0,0,0,0,0,0,0.52116072177887,0.435710817575455,0,0,0,0,0,0
0,0,99.7781950235367,428.922559559345,133.070694595575,3677.87358009815,54.8458137512207,1548.12282556295,94.3968445062637,0,0.641826927661896,7.59592270851135,10.0597751438618,285.664878487587,36.8805763423443,1275.82594892383,0,0.530802190303802,0,3.48552817106247,0.612633466720581,53.0299045741558,122.472122788429,120.282086968422,147.714404195547,136.93778949976,67.3183422386646,674.721316069365,5.07518804073334,114.956309467554,47.0211116671562,64.1059395372868,0,5.26316785812378,0,0,0,5.24684059619904,0,0.433228075504303,0,75.106862872839,0,0,0,0,0,0,0,0,0,0,0,0,0,0.969737440347672,0,0,0,0,0,0,0,0,0,0,0,0,0,0,185.701281547546,1100.8960968256,32.2231515347958,789.545032441616,0.630389511585236,59.2832981348038,0,56.9347841143608,0,0,0,0,0,34.7598763108253,0,0.690364897251129,0,9.56700912117958,0,0.76489245891571,0,0,0,0,0,0.496290147304535,0,0,0,0,0,0,0,0,0,0,0,0,0,0,0,0,0,0,0,0
2139.31439161301,4.32983577251434,734.226595461369,51.8798559308052,0.655394554138184,0,1305.45649895072,69.8688170611858,17.4070212841034,0.641826927661896,0,14.9663012623787,2918.54661539197,15.1587818264961,52.0987093448639,0,1099.29651197791,3.93541049957275,639.708014219999,140.190084934235,0,0,159.606603682041,14.9685583412647,0,0,0,0,1259.11881905794,0,30.6379835009575,26.6438906788826,7.42004662752151,34.9241651594639,0.716294407844543,0,31.733980178833,0,5.78670942783356,0,1.55866277217865,0,0,0,0,0,0,0,0,0,1.66415101289749,0,0,0,0,0,279.747184425592,0,23.7897551953793,0,76.3593255281448,0,282.330340206623,0,8.54046860337257,0,7.99940824508667,0,65.3053598403931,0,407.952392071486,46.8278432488441,450.209241569042,14.167475104332,98.1022118926048,2.99023818969727,263.502526670694,9.94196236133575,92.4902317225933,0,602.205990314484,0,18.5734524130821,0,410.749734461308,0,0,0,26.9828819334507,0,0,0,0,0,9.85768228769302,0,0,0,0,0,0,0,0,0,0,0,0,0,1.21335649490356,0,0,0,0,0,0,0
15.352516323328,2111.31646254659,101.867046386003,1759.39656051993,0,0.545669138431549,225.059553414583,2666.91935053468,0,7.59592270851135,14.9663012623787,0,40.6568870544434,3012.36740621924,0,119.371511697769,0,1152.51409456134,152.688827604055,1208.21510931849,0,0,189.734990477562,391.877075344324,0,0,0,0,25.4423336386681,791.184557586908,27.3203676342964,35.5949151515961,7.89828312397003,64.9287027716637,0,0,0,6.68896025419235,0,0,0,2.41839647293091,0,0,0,0,0,0,0,0,0,4.01580786705017,0,0,0,2.09397172927856,0,283.649810284376,0,29.9791576266289,0,421.218714803457,0,799.590251028538,0,216.112031638622,0,34.4925806224346,0.732046186923981,32.2868089079857,103.206272631884,924.08973684907,49.2494711875916,1317.82874155045,10.6033266186714,180.029470831156,25.7673447430134,340.164441108704,0,15.8560796976089,0,425.233436375856,0,0.466456025838852,0,210.100351214409,0,0,0,7.90017235279083,0,0,0,0,0.539112448692322,10.6624518334866,0,0,0,0,0,0,0,0,0,0,0,0,7.83622264862061,0,0,0,0,0,0,0
855.20727995038,1.95082783699036,1193.19458341599,134.351667732,11.0611241161823,5.66800940036774,4257.8100835681,236.98102375865,856.333778142929,10.0597751438618,2918.54661539197,40.6568870544434,0,44.7967244982719,2540.86133944988,0.638785660266876,202.493020653725,1.69993835687637,543.008217126131,173.554047465324,0,0,625.625037491322,201.230883002281,6.22645384073257,9.79494285583496,2.05753529071808,4.82753163576126,2661.20525625348,5.82121378183365,50.4292775988579,128.575235426426,12.7405216991901,64.2348455488682,0,0,20.7125079035759,0,0,0,0.901795446872711,0,0,0,0,0,0,0,0,0,0,0,0,0,0,0,96.8640638291836,0,3.10466820001602,0,13.9356328845024,0,83.1663624048233,0,0,0,4.5210388302803,0,66.3383840322495,0,1257.16069841385,239.653859198093,1113.75810682774,69.8132102787495,191.698293745518,15.3614618480206,663.173380464315,15.5686430931091,41.9324250817299,0,379.981167584658,0,28.4875002503395,0,200.283187448978,0,0.65907347202301,0,10.0751838088036,0,0,0,0,0,21.4642327129841,0,2.29417622089386,0,0,0,0,0,0,0,0,0,0,0,4.2120178937912,0,0,0,0,0,0,0
1.1660190820694,410.246234893799,95.4639173746109,932.740575164557,12.6317687630653,13.1008237302303,165.881462574005,5694.22812876105,9.66134524345398,285.664878487587,15.1587818264961,3012.36740621924,44.7967244982719,0,10.0634639263153,2502.27034732699,0,124.840903192759,18.0477394163609,256.297440111637,0,0,180.917927920818,464.626544833183,9.29461634159088,4.0794370174408,1.77388960123062,5.71538087725639,21.3698410987854,1374.73472240567,23.2274879813194,57.3038411140442,7.05446833372116,26.9495160579681,0,0,0,2.90331739187241,0,1.24998438358307,0,8.81259495019913,0,0,0,0,0,0,0,0,0,2.59759324789047,0,0,0,1.59418481588364,0,44.6370482444763,0,2.18734216690063,0,49.5481345653534,0,127.57841026783,0,43.3694423437119,0,3.09387785196304,0,2.29572874307632,117.522114872932,1258.76125359535,48.3627244830132,1658.11489963531,3.68089807033539,152.844810664654,14.981427282095,249.560306966305,0,2.51852178573608,0,71.993595957756,0,5.82087180018425,0,30.4357179403305,0,0.780690252780914,0,2.78168988227844,0,0,0,0,0,4.44167548418045,0,0,0,0,0,0,0,0,0,0,0,0,1.64797204732895,1.30428230762482,0,0,0,0,0,0
4.48587012290955,0,410.349969625473,44.8200681209564,2980.76317107677,53.1179386377335,405.417754352093,17.5703677535057,2237.75169175863,36.8805763423443,52.0987093448639,0,2540.86133944988,10.0634639263153,0,8.8162345290184,2.34313249588013,0,12.0135280489922,3.06800502538681,155.280305743217,39.6534105539322,204.544057011604,104.178983867168,160.486479371786,104.360784888268,963.974621802568,84.0970396995544,3886.44617235661,0.729763865470886,182.15500959754,108.556452214718,13.3841705918312,5.78801363706589,0,0,73.156248986721,0,12.6336445212364,0,93.9510890543461,1.30600798130035,0,0,0,0,33.2560381889343,0,0,0,0,0,0,0,4.37167608737946,0,0.886524260044098,0,0,0,0,0,0,0,0,0,0,0,1.08471035957336,0,1482.89887884259,111.419668227434,2403.87824198604,23.9684223532677,199.193779617548,0.885467827320099,475.5392164886,0,1.24823015928268,0,5.69008642435074,0,87.8570629060268,0,41.0857501924038,0,183.478425711393,0,70.2354601025581,0,0,0,0,0,16.4664676785469,0,0,0,0,0,0,0,0,0,0,0,0,0,0.553699791431427,0.973731875419617,0,0,0,0,0,0
0,5.70863831043243,41.8883120417595,125.37576559186,37.83273178339,1501.01824006438,24.8028117120266,273.429852068424,36.9957420229912,1275.82594892383,0,119.371511697769,0.638785660266876,2502.27034732699,8.8162345290184,0,0,14.2009224891663,0,8.58188891410828,0.65457409620285,180.893916875124,55.1452502608299,109.943566948175,50.668852865696,83.1766500771046,33.0581216216087,516.987884432077,4.80903100967407,1716.98683017492,20.0845512151718,45.8476461172104,0,4.32611429691315,0,0.635288655757904,0,35.9903748929501,0,2.33655667304993,1.34942054748535,318.713078826666,0,0,0,0,0,1.79640558362007,0,0,0,0,0,0,0,5.04077491164207,0,1.71105521917343,0,0,0,0,0,0.520245730876923,0,0,0,0,0,0,89.478979319334,1459.24546986818,16.8526604175568,3236.82935211062,1.25309580564499,171.938614964485,0,152.888244152069,0,4.90966784954071,0,14.261719673872,0,209.74989131093,0,16.7530556023121,0,36.4422751665115,0,0.928170919418335,0,0,0,0,0,0.862721890211105,0,0,0,0,0,0,0,0,0,0,0,0,0,0.767664074897766,0,0,0,0,0,0
745.692116528749,0,139.579180836678,4.09733122587204,0,0,74.7004741430283,7.86586791276932,0,0,1099.29651197791,0,202.493020653725,0,2.34313249588013,0,0,0,161.48553314805,26.4355280101299,0,0,9.5272244811058,0,0,0,0,0,3349.41708645225,0,2.35195207595825,7.63600182533264,1.20083034038544,7.28771609067917,0,0,9.82145121693611,0,1.72405934333801,0,0,0,0,0,0,0,3.43620604276657,0,1.50026229023933,0,3.06204059720039,0,0.734060049057007,0,2.5546293258667,0,2240.1650031805,0,73.6205845177174,0,68.865312308073,0,1364.53882995248,0,5.87259098887444,0,26.7464194297791,0.801963984966278,19.66761302948,0,98.6358249783516,1.6074110865593,303.055696904659,0,40.7730495631695,0,87.0848143696785,0,588.989165335894,0,1874.54144147038,0,78.3218327462673,0,178.407995820045,0,1.43252462148666,0,10.5546148121357,0,0,0,0,0,8.02758198976517,0,0,0,0,0,0,0,0,0,1.20713612437248,0,0,0,0,1.02723705768585,0,0,0,0,0,0
5.24711665511131,608.252859205008,20.2146499156952,377.852752804756,0,0,28.078073322773,111.248616009951,0,0.530802190303802,3.93541049957275,1152.51409456134,1.69993835687637,124.840903192759,0,14.2009224891663,0,0,58.176271289587,375.252325087786,0,0,7.08017468452454,39.8729881048203,0,0,0,0,4.10702532529831,2463.31904122233,18.4398674368858,17.8240235447884,0,17.3820222020149,0.785918176174164,0.593988478183746,0,1.48241174221039,0,0.753159582614899,0,0,0,0,0,0,0,0,0,2.32746773958206,0,3.70040559768677,0,0,0,0,0,1201.21594628692,0,53.8062068223953,0,330.362860947847,0,1866.43461498618,0,93.6196046769619,2.76327538490295,42.2607759833336,0,47.4920659661293,19.3898131847382,179.008429646492,11.7296788692474,2049.3437063098,0.844551742076874,93.9555557966232,22.082592189312,123.89954289794,0,274.701043963432,0,1129.20353001356,0,11.8667500317097,0,92.4464066326618,0,0,0,1.70937293767929,0,0,0,0,0,2.65442967414856,0,0,0,0,0,0,0,0,0,0,0,0,1.55988848209381,0,0,0,0,0,0,0.747311949729919
2005.00478827953,711.43169939518,1199.46251341701,643.817514151335,2.53266906738281,0,397.072939902544,665.508663594723,10.0338460505009,0,639.708014219999,152.688827604055,543.008217126131,18.0477394163609,12.0135280489922,0,161.48553314805,58.176271289587,0,3757.31368422508,0,0,1724.58129146695,71.6973577439785,4.82715100049973,0,0,0,664.460483968258,11.898234307766,702.115775287151,449.66089451313,2346.99939957261,1054.5457149446,37.5294741988182,1.93753951787949,124.813110053539,8.50788593292236,4.76696163415909,0,1.88277578353882,0,16.7595174908638,0,4.25576132535934,0,16.3602991104126,0,0,0,24.3014690876007,0,0,0,0.870310068130493,0,403.831137746572,42.3495344519615,323.033967345953,1.32706385850906,67.565385133028,0,18.0654144883156,0,45.667227357626,0,1852.51816958189,24.3059429526329,2635.65254369378,159.868516325951,836.994855135679,404.393357157707,1166.31416216493,264.986655145884,508.759875208139,121.63642591238,2114.41513192654,503.87018558383,3.41459500789642,0,19.3793610036373,0,29.3801892101765,0,10.5421018302441,0,0,0,2.94833481311798,0,0,0,0,0,128.843381583691,1.24182999134064,4.85662204027176,0,0,0,0,0,0,0,0,0,0,0,19.2116553783417,5.6692715883255,0,0,0,0,0,4.20449370145798
638.883037984371,1551.79253235459,565.768226891756,3339.44721186161,2.11217904090881,2.5851628780365,729.379213243723,636.082399338484,2.89981180429459,3.48552817106247,140.190084934235,1208.21510931849,173.554047465324,256.297440111637,3.06800502538681,8.58188891410828,26.4355280101299,375.252325087786,3757.31368422508,0,0,0.613492071628571,1000.5060261488,1664.79332986474,0.933390140533447,4.45410394668579,0.841886162757874,3.31198531389236,250.329657882452,144.14295655489,349.051951229572,866.523360580206,360.615687817335,3824.91373360157,2.60972154140472,3.61490917205811,30.1770844757557,91.5765897333622,0,5.78323018550873,0,0,0,0,0,0,1.39946675300598,9.78793868422508,0,0,0,1.91653001308441,0,0,0,0,90.169984459877,304.685197800398,1.21812438964844,22.9699862897396,2.53370368480682,45.1729404330254,0,49.31328317523,1.56284239888191,28.8844976425171,106.051511824131,566.303393930197,890.474703758955,1771.45715531707,430.04317805171,1349.801243186,455.515772908926,1412.88716599345,141.250646680593,537.826818466187,833.162758737803,3350.42966163158,0,0.953614413738251,0,17.5196378529072,7.43959009647369,0,0,18.4984817802906,0,0,0,0,0,0,0,0,18.8344054222107,109.954396337271,0,0,0,0,0,0,0,0,0,5.15410122275352,0,0,35.5452215969563,11.2010034620762,1.15591144561768,0,0,0,0,2.18280363082886
0,0,3.22193908691406,1.61148291826248,220.861778259277,3.13529339432716,0,0,44.0633170306683,0.612633466720581,0,0,0,0,155.280305743217,0.65457409620285,0,0,0,0,0,35.69191634655,28.1629554629326,11.178703546524,182.870801687241,24.283358335495,1248.86781662703,34.4890528619289,74.6680886745453,0,716.362264424562,22.3655951619148,16.2068643271923,2.61316061019897,1.4629225730896,0,20.4379226565361,2.80397999286652,5.32531663775444,0,187.539542794228,14.3863301277161,1.30993235111237,0,0,0,8.94088929891586,0,0,0,0.754179716110229,0,0.582526803016663,0,5.25081798434258,0,0,0,0.989571750164032,0,1.0680867433548,0,0,0,0,0,0,0,0,0,690.099519103765,49.855035841465,199.058105558157,4.77749085426331,14.4613792300224,3.65827238559723,8.7025163769722,3.4577624797821,0,0,0,0,4.26059257984161,0,1.95237147808075,0,8.38799947500229,0,5.5153306722641,0,0,0,0,0,0,0,0,0,0,0,0,0,0,0,1.2114155292511,0,0,0,0,0,0,0,0,0,0,0
0,0,1.63388973474503,4.77300506830215,65.0111085176468,365.279333114624,1.08529770374298,0,7.11887541413307,53.0299045741558,0,0,0,0,39.6534105539322,180.893916875124,0,0,0,0.613492071628571,35.69191634655,0,9.68569219112396,31.5768549442291,57.3168145418167,423.065919518471,223.755893707275,2276.43428403139,3.25143587589264,130.357042491436,98.9640865325928,422.104908019304,2.13127613067627,11.9119315743446,0,0,1.69451129436493,13.7999984622002,0,0,2.97124713659286,147.322047829628,0,0,0,0,0,1.93357270956039,0,0,0,0,0,0,0,0,0,0,0,0,0,0,0,0,0,0,0,0.475586801767349,0,0,295.448066115379,805.455653190613,6.40429443120956,229.818199902773,0,5.44433200359344,0,0,0,0,0,0.854101598262787,0,35.9077707231045,0,0,1.92675304412842,3.55938351154327,0.984979927539825,0,0,0,0,0,0,0,0,0,0,0,0,0,0,0,0,0,0,0,0,0,0,0,0,0,0,0
27.3995596170425,6.26647001504898,2698.92060923576,585.003858149052,318.542531579733,114.332019090652,1020.21311828494,780.417553782463,137.577454209328,122.472122788429,159.606603682041,189.734990477562,625.625037491322,180.917927920818,204.544057011604,55.1452502608299,9.5272244811058,7.08017468452454,1724.58129146695,1000.5060261488,28.1629554629326,9.68569219112396,0,1335.45071282983,1127.43526235223,127.120647996664,163.988611638546,71.7630575299263,508.512449741364,28.7341901659966,3518.32136237621,1388.23828318715,893.041801571846,415.331151157618,175.025619029999,1.82898473739624,21.6393155455589,0,0,0,1.91791886091232,0,26.933106482029,0,8.8628688454628,0,12.642675280571,0,0,0,0,0,0,0,0,0,3.13825976848602,0,0,0,0.495529651641846,0,0.685084819793701,0,0,0,179.168606698513,1.58319878578186,29.2348121702671,0,962.027589440346,717.8223310709,939.623026490211,359.383297532797,186.292036145926,71.5945558547974,585.381909519434,121.720188587904,0,0,3.27033293247223,0,10.2121291160583,0,1.10160779953003,0,5.05770057439804,0,0.954703748226166,0,0,0,0,0,14.2650270164013,0,1.57635653018951,0,0,0,0,0,0,0,0,0,0,0,2.1283563375473,0.782921254634857,0,0,0,0,0,0
0.915483415126801,20.3012262582779,653.591131031513,3066.83006814122,300.346435546875,176.406931549311,637.721395671368,717.164367884398,163.763483524323,120.282086968422,14.9685583412647,391.877075344324,201.230883002281,464.626544833183,104.178983867168,109.943566948175,0,39.8729881048203,71.6973577439785,1664.79332986474,11.178703546524,31.5768549442291,1335.45071282983,0,411.233226388693,1054.54444357753,193.140424579382,223.656267106533,93.8878637254238,66.7509379386902,416.117054730654,2340.76635202765,42.6026787161827,853.599477231503,0,4.23243981599808,0,5.34453618526459,0,0.762726783752441,0,5.99481981992722,0,0,0,0,0,0,0,0,0,0,0,0,0,0,0,10.3358772993088,0,0,0,0,0,2.46992558240891,0,0,0,31.541986182332,0,7.16823464632034,554.534164011478,1141.0300346911,271.635602384806,1043.86662179232,42.1640890538692,298.55580085516,30.6359106004238,620.423621416092,0,0.985901415348053,0,3.97659492492676,0,1.49799960851669,0,0,0,1.08807849884033,0,0,0,0,0,0,0.630109250545502,10.2865355014801,0,0,0,0,0,0,0,0,0,0,0,0,1.94198942184448,1.84281623363495,0,0,0,0,0,0
0,0,107.392261177301,115.63561630249,400.028214126825,138.596639484167,9.70001611113548,35.3272134661674,53.90403175354,147.714404195547,0,0,6.22645384073257,9.29461634159088,160.486479371786,50.668852865696,0,0,4.82715100049973,0.933390140533447,182.870801687241,57.3168145418167,1127.43526235223,411.233226388693,0,428.709225833416,1230.87702772021,216.441623091698,40.448677867651,1.40316736698151,945.525393456221,399.603239089251,40.0726068913937,13.8149099349976,4.81149780750275,0,3.3196833729744,0,0,0,2.96040290594101,0.502515316009521,0,0,0,0,0,0,0,0,0,0,0,0,0,0,0,0,0,0,0,0,0,0,0,0,0,0,0,0,328.098169386387,105.397982925177,119.826905101538,47.4989911913872,12.6855896711349,0.804496347904205,16.376108288765,0,0,0,0,0,5.33943462371826,0,0.937989413738251,0,4.03838765621185,0,0.664067625999451,0,0,0,0,0,0.331135183572769,0,0,0,0,0,0,0,0,0,0,0,0,0,0,0,0,0,0,0,0,0
0,0,46.389972358942,260.979518383741,325.752657234669,449.519592672586,40.9448240399361,34.1007408797741,117.796615034342,136.93778949976,0,0,9.79494285583496,4.0794370174408,104.360784888268,83.1766500771046,0,0,0,4.45410394668579,24.283358335495,423.065919518471,127.120647996664,1054.54444357753,428.709225833416,0,531.495517611504,2305.87066492438,18.2511324584484,10.2796156406403,203.202561706305,481.967422455549,1.42489379644394,6.18154656887054,0,0,0.794958770275116,0.703556835651398,0,0,1.95279985666275,12.1114200651646,0,0,0,0,0,0,0,0,0,0,0,0,0,0,0,0,0,0,0,0,0,0,0,0,0,0.463626980781555,0,0,399.765415251255,341.092884391546,59.3174071907997,140.415396749973,3.56108105182648,9.11217460036278,1.12678587436676,2.24479705095291,0,0,0,0,0.987619936466217,2.41738259792328,0,0,0,1.03883865475655,0,0,0,0,0,0,0,0,0,0,0,0,0,0,0,0,0,0,0,0,0,0,0,0,0,0,0,0
0,0,29.7727968990803,48.4682721495628,1854.49199277163,135.336644351482,4.73505520820618,9.58139127492905,343.199175745249,67.3183422386646,0,0,2.05753529071808,1.77388960123062,963.974621802568,33.0581216216087,0,0,0,0.841886162757874,1248.86781662703,223.755893707275,163.988611638546,193.140424579382,1230.87702772021,531.495517611504,0,453.153884470463,126.375647425652,1.8737864792347,674.552845448256,360.761023432016,27.1910143196583,5.83584475517273,3.17014017701149,0,27.7159378230572,10.1089326739311,1.10869026184082,0,42.8299305737019,1.68843644857407,0,0,0,0,0.744849979877472,0,0,0,0,0,0,0,1.7979257106781,0,0,0,0,0,0,0,0,0,0,0,0,0,0,0,1160.46368360519,143.719577223063,265.117591589689,35.0200274884701,13.8876819014549,0.53453654050827,10.9581135213375,1.46116316318512,0,0,1.26757943630219,0,9.10810995101929,0,3.65610319375992,0,17.1096778213978,0,1.35399135947227,0,0,0,0,0,0,0,0,0,0,0,0,0,0,0,0,0,0,0,0,0,0,0,0,0,0,0
0,0,29.5422732234001,110.93527624011,281.568656206131,2484.69915938377,14.863465577364,16.5603119432926,73.8390826284885,674.721316069365,0,0,4.82753163576126,5.71538087725639,84.0970396995544,516.987884432077,0,0,0,3.31198531389236,34.4890528619289,2276.43428403139,71.7630575299263,223.656267106533,216.441623091698,2305.87066492438,453.153884470463,0,12.2370663881302,60.2156074941158,113.071721792221,307.157772988081,1.85426908731461,14.6817918419838,0,1.75043165683746,0.823148012161255,4.23949706554413,0.595513999462128,0,0,91.7029404044151,0,0,0,0,0,0,0,0,0,0,0,0,0,0,0,0,0,0,0,0,0,0,0,0,0,0,0,0,521.809746563435,778.228871822357,30.9892100393772,572.084396064281,0.589932858943939,13.3702397346497,0.907783478498459,1.5582839846611,0,0,0,0,0.526111841201782,34.4665087163448,0,0.947149753570557,2.6751321554184,8.6824959218502,0,0,0,0,0,0,0,0,0,0,0,0,0,0,0,0,0,0,0,0,0,0,0,0,0,0,0,0
952.536946803331,26.5666934251785,968.279977172613,96.4691469967365,750.228817999363,15.4373795390129,551.77599799633,139.317869693041,340.178736031055,5.07518804073334,1259.11881905794,25.4423336386681,2661.20525625348,21.3698410987854,3886.44617235661,4.80903100967407,3349.41708645225,4.10702532529831,664.460483968258,250.329657882452,74.6680886745453,3.25143587589264,508.512449741364,93.8878637254238,40.448677867651,18.2511324584484,126.375647425652,12.2370663881302,0,0,75.725043296814,92.8412810266018,22.737542539835,71.5428294837475,26.6570577919483,22.3972330093384,195.864334374666,17.2295624017715,61.0553424060345,0,339.026852786541,0,51.8626739680767,8.13952505588531,19.520474255085,2.42252022027969,282.342544138432,0,52.6371985375881,0,237.946305632591,0,83.1848637461662,0,146.969106525183,0,1626.1938470006,0.687291741371155,447.68437770009,0,219.508252471685,0,764.59378644824,0,92.9401243627071,0,265.543039083481,41.511011838913,142.236329138279,3.02993959188461,775.977112978697,107.658535540104,2359.87070465088,58.2351008057594,116.010323375463,11.0144966244698,542.714050024748,29.747326374054,319.161535710096,0,924.579554378986,0,1332.89729762077,0,499.141573995352,1.90594041347504,630.63418135047,0,287.780372709036,0,11.9145172834396,2.43160676956177,2.8758556842804,0,23.949090898037,0,8.85324376821518,0,9.84379863739014,0,0,0,0,0,1.13082134723663,0,1.56399071216583,0,1.66612464189529,4.4269380569458,0,0,0,0,0,1.10581922531128
0,176.171613126993,27.2780827581882,180.233863800764,1.19888156652451,180.923800498247,34.3614509701729,112.29574495554,0,114.956309467554,0,791.184557586908,5.82121378183365,1374.73472240567,0.729763865470886,1716.98683017492,0,2463.31904122233,11.898234307766,144.14295655489,0,130.357042491436,28.7341901659966,66.7509379386902,1.40316736698151,10.2796156406403,1.8737864792347,60.2156074941158,0,0,6.5446771979332,17.172647356987,4.24353903532028,13.6628885269165,4.75057479739189,18.6091206371784,0,63.1303962469101,0,13.9495220184326,0,446.387811422348,11.586659014225,50.2801832854748,0.909757554531097,12.2985356450081,4.68238496780396,126.971905827522,0,56.7153719067574,2.89458930492401,205.68177229166,0,44.0166517496109,0,88.6124264597893,0,415.064352691174,0.525637269020081,184.197442740202,0.823916494846344,33.4415904581547,0,211.125548005104,0,68.9180974960327,44.1634030342102,222.247443288565,0.939049422740936,11.8091561794281,22.2990973889828,215.448147237301,8.83360460400581,5226.30438292027,0.825617969036102,25.2010074257851,10.1468893289566,68.4882059395313,0,395.817864567041,0,731.6263872087,0,1073.79786884785,0,127.022946059704,0,58.221728682518,0,18.0582083463669,0,0,0,0,0,2.90626141428947,0,0,0,1.4667906165123,0,0,0,2.01234436035156,0,3.89357280731201,0.769389450550079,0,0,0,0,0,0,0,0,0
15.582039296627,21.4172429740429,230.196645528078,161.207982748747,198.265910327435,65.2345080971718,124.54729861021,198.17074239254,48.2629466354847,47.0211116671562,30.6379835009575,27.3203676342964,50.4292775988579,23.2274879813194,182.15500959754,20.0845512151718,2.35195207595825,18.4398674368858,702.115775287151,349.051951229572,716.362264424562,98.9640865325928,3518.32136237621,416.117054730654,945.525393456221,203.202561706305,674.552845448256,113.071721792221,75.725043296814,6.5446771979332,0,808.050860196352,1270.61029019952,215.684407770634,309.833553463221,0,3.65674078464508,3.30884128808975,2.63247549533844,0,4.49811547994614,0,65.2923937141895,0,18.3271358907223,0,20.8814094364643,0.646328210830688,0,0,0,1.41070133447647,0.75470769405365,0,0,0,4.55460101366043,1.89160335063934,1.02915841341019,0,0,7.7764567732811,1.25579369068146,5.67917507886887,1.75506848096848,3.22952747344971,459.236030846834,3.92043101787567,18.4261694550514,2.67775923013687,835.244714796543,211.394421190023,194.352890908718,105.32757806778,31.152638733387,31.6424411535263,124.88200712204,116.924627512693,0,0,0,1.50460660457611,4.06209647655487,0,0,2.76765656471252,0.432321757078171,0,1.03104424476624,0,0,0,0,0,5.20454129576683,2.19287317991257,0,0,0,0,0,0,0,0,0.611430108547211,1.23793172836304,0,0,2.76336789131165,0.890122830867767,0,0,0,0,0,2.21406650543213
9.83072012662888,2.85670930147171,509.892665952444,207.177504062653,269.396367490292,84.9924336075783,369.409403324127,131.481324106455,110.29086086154,64.1059395372868,26.6438906788826,35.5949151515961,128.575235426426,57.3038411140442,108.556452214718,45.8476461172104,7.63600182533264,17.8240235447884,449.66089451313,866.523360580206,22.3655951619148,422.104908019304,1388.23828318715,2340.76635202765,399.603239089251,481.967422455549,360.761023432016,307.157772988081,92.8412810266018,17.172647356987,808.050860196352,0,140.557749807835,2303.06907039881,4.08267575502396,111.036210745573,4.43375533819199,0.796586632728577,0,5.8337242603302,5.87677097320557,2.27468633651733,0,0,0,0,1.11744546890259,10.0163786411285,0,0,0,0,0,0,0,0,1.1597193479538,7.51032134890556,0,0,2.93384993076324,1.33663719892502,0,4.23949420452118,0,0.512822508811951,11.0056437253952,253.499562889338,0,27.5394488275051,499.305371522903,354.145759493113,295.723487049341,227.246138244867,58.6844975650311,43.2421495318413,149.735570341349,127.408480465412,0,0,0,1.14935564994812,0.677627086639404,0,0,3.07080292701721,0,0,0.969582200050354,1.32010841369629,0,0,0,0,3.23310285806656,1.13257074356079,0,0,0,0,0,0,0,0,0,0,0,0,0,0,0,0,0,0,0,0.867223083972931
12.0094211399555,46.801824003458,31.8916681110859,63.9892894327641,20.1052065491676,1.52606594562531,15.1911541819572,38.3271073400974,5.1072484254837,0,7.42004662752151,7.89828312397003,12.7405216991901,7.05446833372116,13.3841705918312,0,1.20083034038544,0,2346.99939957261,360.615687817335,16.2068643271923,2.13127613067627,893.041801571846,42.6026787161827,40.0726068913937,1.42489379644394,27.1910143196583,1.85426908731461,22.737542539835,4.24353903532028,1270.61029019952,140.557749807835,0,365.242785662413,783.66671860218,16.5924232304096,9.16532915830612,10.8458380699158,21.271647632122,2.00595474243164,0,0,113.825204521418,2.97361874580383,106.178073137999,3.58473610877991,39.9192814826965,0,0.636101961135864,0,1.66465866565704,0,0,0,1.44802212715149,1.30691313743591,34.2766072750092,23.2292463779449,18.8613310456276,5.5504629611969,7.31294810771942,2.25027334690094,0,0,2.94192326068878,0,4011.23747485876,101.368250787258,613.886006087065,150.043802142143,85.5698905289173,67.0712695121765,39.3888106644154,38.0588221251965,13.9287995100021,5.78422558307648,77.5235211253166,59.1297696828842,0,0,1.97276413440704,4.11938047409058,0,0,0.998534202575684,2.07660937309265,0,0,0,0,0,0,0,0,5.12691286206245,0,1.52417230606079,0,0,0,0,0,0,0,0,0,0,0,0,0,0,0,0,0,0,0
114.1961632967,118.495178222656,142.388214826584,166.562126159668,11.7943271994591,8.47916525602341,133.603755831718,62.1432076096535,2.6478858590126,5.26316785812378,34.9241651594639,64.9287027716637,64.2348455488682,26.9495160579681,5.78801363706589,4.32611429691315,7.28771609067917,17.3820222020149,1054.5457149446,3824.91373360157,2.61316061019897,11.9119315743446,415.331151157618,853.599477231503,13.8149099349976,6.18154656887054,5.83584475517273,14.6817918419838,71.5428294837475,13.6628885269165,215.684407770634,2303.06907039881,365.242785662413,0,41.5309690237045,1254.36390781403,12.876490175724,44.3823304474354,10.732073366642,88.5763927698135,0,1.7791520357132,23.5974096655846,6.30995571613312,11.1916524469852,0,7.28110182285309,98.6893942952156,4.23700892925262,0,8.24846214056015,1.86936175823212,0,0,3.86147952079773,7.27195078134537,86.245706230402,172.832286864519,31.2987388670444,6.70587411522865,8.29455834627151,9.32061240077019,1.23881959915161,26.7772845625877,4.06165319681168,5.16218566894531,730.074934065342,3490.25986124575,589.980097025633,1419.88352659345,159.057751208544,220.024346768856,176.972340017557,185.024448812008,35.8807075619698,53.9268787503242,355.699159801006,389.451067477465,0.6809321641922,3.6226858496666,8.26336312294006,64.4588208794594,0.506692707538605,6.6101388335228,8.24169686436653,21.192833006382,0,0,5.35487991571426,3.47771519422531,0,0,0,0,13.6799595355988,36.3584548532963,1.73518931865692,2.84643548727036,0,0,0,0,0,0,1.16391956806183,1.52481508255005,0,0.664057314395905,1.60310164093971,1.27599382400513,0.710440278053284,0,0,0,0,0.839615225791931
0,0,6.59751760959625,0.648594617843628,0,0,2.37902760505676,0,0,0,0.716294407844543,0,0,0,0,0,0,0.785918176174164,37.5294741988182,2.60972154140472,1.4629225730896,0,175.025619029999,0,4.81149780750275,0,3.17014017701149,0,26.6570577919483,4.75057479739189,309.833553463221,4.08267575502396,783.66671860218,41.5309690237045,0,179.668099164963,104.614650309086,111.000012636185,64.8141232430935,18.4557773470879,4.75657242536545,1.70549449324608,402.124916851521,414.625267714262,260.44549959898,278.760268449783,243.57672521472,98.3711938261986,153.28035223484,298.613708525896,96.9632917642593,132.407609403133,30.1480297446251,29.0671696960926,61.4158138930798,41.1628697514534,2.14853957295418,1.8361801803112,126.671550542116,57.5189609825611,6.8242449760437,2.04467940330505,3.32085084915161,0.783832669258118,5.60414350032806,1.89931333065033,2747.77225115895,398.046106994152,0.715064883232117,1.25207597017288,9.44422635436058,3.20793300867081,41.0746435523033,57.1839284598827,2.4585819542408,9.31092071533203,78.7827833294868,56.6688737571239,2.58486348390579,2.90611863136292,30.56027546525,28.638765335083,4.92765393853188,1.11645865440369,49.3889104127884,9.64549472928047,3.69174334406853,1.5197948217392,58.7878124415874,14.8484941720963,5.02451390028,0,0,0,4.19796234369278,10.3505935072899,3.36047899723053,0,1.16691911220551,1.38778495788574,0,0,0,0,0,0,0,0,0,0.475605428218842,0,0,0,0,0,0
0,0,0,0.327332198619843,0,0.859166920185089,0,0,0,0,0,0,0,0,0,0.635288655757904,0,0.593988478183746,1.93753951787949,3.61490917205811,0,0,1.82898473739624,4.23243981599808,0,0,0,1.75043165683746,22.3972330093384,18.6091206371784,0,111.036210745573,16.5924232304096,1254.36390781403,179.668099164963,0,72.0423006117344,179.693172395229,34.7432349920273,159.840795695782,1.95624983310699,6.91260212659836,180.835786104202,477.467560470104,160.48816883564,274.830929160118,203.287269830704,386.920614182949,195.603275358677,248.04664504528,147.784653306007,106.636247456074,34.4201793670654,17.2956495881081,57.2671349346638,90.5849353373051,0,0,160.366728544235,66.755875825882,9.99147969484329,1.69782170653343,0,3.40589347481728,8.37097841501236,3.60973048210144,624.99997395277,2118.68839561939,0,3.59369724988937,2.24167585372925,2.56709322333336,65.8069252967834,90.6912569403648,4.12036821246147,8.37199175357819,90.4078144729137,91.5011484324932,1.64749911427498,1.01704841852188,33.7618796229362,96.8640075325966,4.16261187195778,15.6565445363522,33.1079293489456,43.4672673642635,0.540078997612,8.18149414658546,63.8129897117615,14.4289077222347,1.63803029060364,0,0,0,6.32729467749596,11.3473092913628,2.29006063938141,0,0,1.75640308856964,0,0,0,0,0,0,0,0,0,0.971625804901123,0,0,0,0,0,0.849445462226868
485.70210441947,2.4651135802269,59.143085449934,1.76855278015137,36.9350444972515,0,39.5222565829754,0.96397739648819,25.1555333137512,0,31.733980178833,0,20.7125079035759,0,73.156248986721,0,9.82145121693611,0,124.813110053539,30.1770844757557,20.4379226565361,1.69451129436493,21.6393155455589,0,3.3196833729744,0.794958770275116,27.7159378230572,0.823148012161255,195.864334374666,0,3.65674078464508,4.43375533819199,9.16532915830612,12.876490175724,104.614650309086,72.0423006117344,0,235.479274988174,2351.97684583068,24.5518387556076,1010.26807567477,22.5490954816341,196.968942016363,113.96747854352,66.031670242548,62.5629847347736,1028.22089588642,46.0854930579662,159.636868059635,70.2568081021309,496.234823286533,35.7304440438747,185.621630847454,7.51188427209854,1136.33777573705,14.300271064043,404.393511682749,1.44400137662888,438.856660574675,16.5118538141251,172.883037269115,0,63.2261387705803,0.454405575990677,85.902191311121,0,523.655329793692,221.787730187178,522.042278409004,3.63465082645416,519.034363269806,41.8965597748756,817.626614868641,24.7530091106892,2119.17386636138,73.6277847886086,4281.80490887165,69.1975032687187,4.29212522506714,0,46.4767193198204,1.30466032028198,397.050944685936,0,236.450333505869,3.71811482310295,1118.4165623486,2.22781327366829,1199.70959439874,0.466989010572433,143.007655143738,147.362970203161,82.3278752565384,105.04940289259,336.042875885963,77.5005220770836,160.184554815292,44.7931513190269,60.1971800029278,61.1002892255783,68.1526134610176,54.6680937707424,94.6773166954517,291.618618071079,122.103133827448,76.6109570860863,74.876054674387,23.2032156586647,32.4618875682354,43.8680631518364,54.6074121892452,9.61290216445923,12.5486097335815,1.01088979840279,4.29179221391678,10.0928838849068
1.01658236980438,379.210839390755,0,39.0857620835304,0,7.271104991436,0,23.4744906425476,0,5.24684059619904,0,6.68896025419235,0,2.90331739187241,0,35.9903748929501,0,1.48241174221039,8.50788593292236,91.5765897333622,2.80397999286652,13.7999984622002,0,5.34453618526459,0,0.703556835651398,10.1089326739311,4.23949706554413,17.2295624017715,63.1303962469101,3.30884128808975,0.796586632728577,10.8458380699158,44.3823304474354,111.000012636185,179.693172395229,235.479274988174,0,95.5991985201836,2070.21944829822,7.28058809041977,731.51536744833,59.8541695177555,272.305570930243,47.7577875852585,73.9896047115326,98.7156740128994,888.578655093908,16.8649948239326,147.897541046143,33.4433983266354,445.506222933531,12.3271583914757,147.890823185444,61.4790843129158,1842.49915191531,2.46914875507355,264.89634886384,256.806139647961,197.180495619774,28.9674876332283,7.48602426052094,0.736765384674072,10.5302421450615,8.65300244092941,96.6986254453659,769.607355117798,780.743530958891,5.27490818500519,215.396381109953,28.0766792297363,427.098387271166,80.7879901826382,510.564738720655,41.5335487723351,838.984362751245,190.269443273544,4004.43172067404,0,1.83323007822037,3.65710246562958,71.6043840646744,0,471.731271624565,27.9005169868469,535.69302469492,0,1361.69414666295,68.6288995146751,686.461293458939,62.3046304285526,144.643855661154,31.6727261841297,68.2536517083645,26.1696724295616,312.700466632843,67.4692612886429,49.0177379250526,27.7458987534046,77.5738073587418,26.2755158543587,27.2894134521484,50.0532127022743,200.411216169596,35.2061216235161,68.3025653958321,31.5941331386566,20.8683887720108,12.2214608490467,48.3231217861176,32.5147984921932,5.15945947170258,5.09905791282654,1.16459512710571,9.95946085453033,11.0370672047138
16.1879531145096,2.52624726295471,3.48481678962708,0,5.32420146465302,0,7.02795845270157,0,4.08224880695343,0,5.78670942783356,0,0,0,12.6336445212364,0,1.72405934333801,0,4.76696163415909,0,5.32531663775444,0,0,0,0,0,1.10869026184082,0.595513999462128,61.0553424060345,0,2.63247549533844,0,21.271647632122,10.732073366642,64.8141232430935,34.7432349920273,2351.97684583068,95.5991985201836,0,37.6243444085121,667.509646385908,1.72156083583832,349.743658185005,27.541644513607,221.369921863079,8.74416893720627,1547.33093383908,27.2468023896217,92.4494186937809,3.64973473548889,57.7476828098297,0.752369225025177,32.5860972702503,0,1750.79026979208,2.88793110847473,56.3337377309799,1.83960580825806,210.404642224312,0,44.856184720993,0,5.74674218893051,0,26.2049204111099,2.14734101295471,502.565161198378,61.820595562458,47.7442581057549,1.51596581935883,31.3952351212502,5.94885951280594,123.190170913935,2.35001266002655,72.506438434124,23.6983805298805,128.694982558489,21.7892841696739,0,0,17.0777058005333,0,176.837750017643,0,55.9012806415558,0,151.472148418427,0,295.162376761436,0,158.121044754982,187.13127592206,155.458406627178,135.543507248163,28.4873828291893,69.1304247379303,114.256889671087,49.9957474172115,84.8515970408916,67.7925042510033,81.2024210393429,58.6645377278328,159.40363624692,226.798024982214,62.3305450081825,44.7641778588295,42.2467142343521,18.4985489845276,2.11824080348015,3.0724039375782,21.4475950300694,4.14006918668747,5.97497323155403,4.02281522750854,2.56783738732338,3.20688211917877
0,20.2609847187996,0,5.8640633225441,0,0,0,1.62766945362091,0,0.433228075504303,0,0,0,1.24998438358307,0,2.33655667304993,0,0.753159582614899,0,5.78323018550873,0,0,0,0.762726783752441,0,0,0,0,0,13.9495220184326,0,5.8337242603302,2.00595474243164,88.5763927698135,18.4557773470879,159.840795695782,24.5518387556076,2070.21944829822,37.6243444085121,0,0.819983780384064,1473.50216633081,14.3428790569305,403.602466315031,1.7097801566124,90.4306274652481,21.0217790305614,1199.31141775846,1.21521484851837,33.5371254086494,0,57.8987893164158,0,15.6650587320328,0,1246.67269057035,1.28966403007507,42.8762064576149,3.10172986984253,74.4753907322884,0,3.63539099693298,0,2.18024879693985,0,17.7771040201187,25.9254031479359,1041.92311522365,0,44.6529118418694,3.20122718811035,31.0305662155151,3.79318898916245,66.4497113525867,14.5905095338821,64.1628955006599,11.0617516636848,111.580491125584,0,1.11107605695724,0,25.3930222690105,0,173.022919088602,0,81.5686314702034,0,454.838456004858,0.606786489486694,137.795440226793,22.4246001839638,80.0716277658939,21.6535586118698,58.2897669970989,11.2797525525093,69.9648245573044,34.8360380828381,21.1745804846287,12.4936890304089,37.4715748727322,18.8392201960087,11.7238517999649,38.4745941460133,128.846559375525,16.7710507810116,34.1432086229324,9.94770231842995,19.6173675656319,2.23968267440796,0,24.4090492725372,0,4.40176779031754,1.49239858984947,2.28496262431145,1.405657351017
0.944146513938904,0,1.22126114368439,0,177.002338320017,0,2.06246072053909,0,41.610181838274,0,1.55866277217865,0,0.901795446872711,0,93.9510890543461,1.34942054748535,0,0,1.88277578353882,0,187.539542794228,2.97124713659286,1.91791886091232,0,2.96040290594101,1.95279985666275,42.8299305737019,0,339.026852786541,0,4.49811547994614,5.87677097320557,0,0,4.75657242536545,1.95624983310699,1010.26807567477,7.28058809041977,667.509646385908,0.819983780384064,0,42.7874249219894,15.1985099613667,0,1.74528750777245,0,106.037173390388,0,3.63487663865089,0,31.5160335600376,0,16.7600927650928,0,197.028542995453,0.516069114208221,0,0,10.5167180299759,0,8.40346056222916,0,0.604868531227112,0,12.0311325788498,0,9.14689314365387,0,0.727577328681946,0,180.522838324308,42.6141649484634,604.470664769411,7.49717861413956,491.546383976936,37.4372961521149,193.731950819492,2.00147980451584,0,0,1.26443600654602,0,744.982756346464,0,53.0575017929077,0,780.24077013135,3.49197769165039,275.824985772371,1.56273716688156,4.10605657100677,0,1.34451985359192,0,16.531625777483,0,5.79708582162857,0,3.9314529299736,0,0,0.621841847896576,0,0,6.80940622091293,0.8414106965065,0.475006520748138,0,3.67513597011566,1.59749448299408,0,0,0.509548425674438,0,0,1.16692286729813
0,0,0,6.50778949260712,0,205.710853248835,0,0,0.461578160524368,75.106862872839,0,2.41839647293091,0,8.81259495019913,1.30600798130035,318.713078826666,0,0,0,0,14.3863301277161,147.322047829628,0,5.99481981992722,0.502515316009521,12.1114200651646,1.68843644857407,91.7029404044151,0,446.387811422348,0,2.27468633651733,0,1.7791520357132,1.70549449324608,6.91260212659836,22.5490954816341,731.51536744833,1.72156083583832,1473.50216633081,42.7874249219894,0,6.11700937151909,58.6539247334003,1.07947909832001,10.8086123168468,3.26840901374817,212.279133915901,0,20.1247944831848,0,57.6070105433464,0,62.2509196698666,2.53793954849243,258.998738527298,0,0,0,2.5997206568718,0,0,0,0,0,3.44663351774216,1.46612831950188,33.8125523030758,0,0,38.8733685016632,310.090734869242,35.4628365039825,1543.116130054,71.2201645970345,451.858721554279,2.20170915126801,216.853374809027,0,0,0,33.4799395501614,3.80601555109024,2229.97070023417,2.52881300449371,186.063920199871,13.2598273158073,1501.25869199634,16.9054743647575,136.908490508795,0,4.87356889247894,0,0,0,11.2129529714584,0,0,0,5.83537620306015,0,0,0,2.99478799104691,0,0,0.528615713119507,0,0,2.31286835670471,0,0,0,0,0,0
0,0,0,0,0,0,0,0,0,0,0,0,0,0,0,0,0,0,16.7595174908638,0,1.30993235111237,0,26.933106482029,0,0,0,0,0,51.8626739680767,11.586659014225,65.2923937141895,0,113.825204521418,23.5974096655846,402.124916851521,180.835786104202,196.968942016363,59.8541695177555,349.743658185005,14.3428790569305,15.1985099613667,6.11700937151909,0,2011.03378349543,5209.49532565475,1203.54848870635,6034.99539577961,1315.69420427084,2312.88532933593,555.972513794899,1638.80543270707,108.503545254469,366.388885080814,10.0157963633537,223.32945650816,47.0501626133919,0,1.6295006275177,395.626654565334,52.4046542048454,3.49691879749298,0,0,0,0,0,2264.90014359355,605.177255779505,0,1.68035960197449,7.83260989189148,2.29362434148788,133.132014840841,41.4977467358112,10.1240264177322,3.38729000091553,220.702937990427,35.2395037710667,0.409489989280701,2.13563203811646,73.2179526090622,11.1694951355457,9.32789930701256,1.79199457168579,92.5342122614384,16.9235523641109,2.4432524740696,0.379634499549866,122.376656830311,14.4227783977985,74.4441406726837,0.802559196949005,0,0,14.2068817317486,0,5.14844793081284,0,78.7587564885616,7.91188424825668,0,0,0,0,0,0,0,0,0,0,0,0.734094262123108,0,0,0,0
0,0,0,0,0,0,0,1.81669306755066,0,0,0,0,0,0,0,0,0,0,0,0,0,0,0,0,0,0,0,0,8.13952505588531,50.2801832854748,0,0,2.97361874580383,6.30995571613312,414.625267714262,477.467560470104,113.96747854352,272.305570930243,27.541644513607,403.602466315031,0,58.6539247334003,2011.03378349543,0,775.492391735315,6979.8284829855,397.635447263718,7986.97951439023,602.133895307779,2563.08958628774,390.012520849705,1393.67617505789,88.2149372696877,612.394659101963,131.8548617661,194.24328532815,0,0,264.561247318983,98.2966481745243,0,0,0,0,0,4.4267144203186,643.093271881342,2041.2876880765,0,1.24224448204041,0.683577716350555,2.33462375402451,21.7324400246143,181.473246246576,3.05830439925194,15.865188062191,46.3946377933025,144.681736558676,0,0,2.46121484041214,90.5936013758183,0,40.6498075425625,36.7995516657829,140.182740271091,0,20.789539039135,51.0502492487431,85.1785050034523,5.08401799201965,15.506334066391,0,0,0,14.2057254314423,0,1.22598171234131,0,38.8594692349434,0,0,0,0,0,1.85414731502533,0,0,0,1.35953187942505,0,0,0,0,0,0
0,0,0,0,0,0,0,0,0,0,0,0,0,0,0,0,0,0,4.25576132535934,0,0,0,8.8628688454628,0,0,0,0,0,19.520474255085,0.909757554531097,18.3271358907223,0,106.178073137999,11.1916524469852,260.44549959898,160.48816883564,66.031670242548,47.7577875852585,221.369921863079,1.7097801566124,1.74528750777245,1.07947909832001,5209.49532565475,775.492391735315,0,737.564263641834,956.852895408869,47.603682756424,1674.62832865119,151.651449352503,364.69153419137,21.4721338152885,20.4308709800243,1.42618080973625,70.7330877482891,15.3711199760437,0,0.505590081214905,314.940046191216,13.2774921655655,5.81840431690216,0,0,0,0.316200196743011,0,1760.44912394881,483.425282001495,0,0,2.6845925450325,0,51.557896733284,27.4017288386822,3.42502355575562,0.500083267688751,69.8910168707371,24.5511447787285,2.37584042549133,0,29.0275394916534,1.13166177272797,2.06024965643883,0,32.2253578305244,0,1.90199109911919,0,31.8346290886402,0,1.00728952884674,0,0,0,8.67241340875626,0,7.29542362689972,0,3.31012767553329,0.658597588539124,0,0,0,0,0,0,0,0,0,0,0,0,0,0,0,0
0,0,0,0,0,0,0,0,0,0,0,0,0,0,0,0,0,0,0,0,0,0,0,0,0,0,0,0,2.42252022027969,12.2985356450081,0,0,3.58473610877991,0,278.760268449783,274.830929160118,62.5629847347736,73.9896047115326,8.74416893720627,90.4306274652481,0,10.8086123168468,1203.54848870635,6979.8284829855,737.564263641834,0,70.8046371638775,844.667433589697,92.5805642604828,3259.26134929061,40.4283470511436,905.169556319714,8.9490761756897,105.664935857058,10.5425131320953,76.8559902310371,0,2.1518828868866,39.8213314414024,293.40932226181,0,0,0,0.446935564279556,0,3.59996008872986,365.349308788776,1153.09799262881,0,0,0.419783622026443,0,7.53397279977798,70.2078315019608,0,11.2518454194069,5.51339513063431,54.9158660173416,0,0,0,31.6398952305317,0,1.29656356573105,1.28497648239136,63.9586569964886,0,0,6.00158160924911,34.44602227211,0,0,0,0,0,3.18234741687775,0,0,0,0.491621762514114,0,0,0,0,0,0,0,0,0,1.43179082870483,0,0,0,0,0,0
2.04651570320129,0,0.566402971744537,0,11.8702001571655,0,0.444392293691635,0,2.3267834186554,0,0,0,0,0,33.2560381889343,0,3.43620604276657,0,16.3602991104126,1.39946675300598,8.94088929891586,0,12.642675280571,0,0,0,0.744849979877472,0,282.342544138432,4.68238496780396,20.8814094364643,1.11744546890259,39.9192814826965,7.28110182285309,243.57672521472,203.287269830704,1028.22089588642,98.7156740128994,1547.33093383908,21.0217790305614,106.037173390388,3.26840901374817,6034.99539577961,397.635447263718,956.852895408869,70.8046371638775,0,523.198343545198,238.64854747057,62.2153620421886,1865.01346260309,21.847349524498,1715.68062889576,3.5843049287796,3290.46456837654,28.2353690862656,7.31788301467896,0,142.92010936141,3.15967804193497,8.08860415220261,0,5.68503269553185,0.71820867061615,17.5852656960487,0,1643.89078041911,396.587955713272,1.24516254663467,0,17.1526421606541,0.526822865009308,503.22599247098,20.2383351922035,19.8332785964012,3.86933970451355,525.627423524857,34.6944757699966,1.01602664589882,0,157.065553754568,2.64121007919312,73.8459340631962,2.19257581233978,304.391585439444,1.59593868255615,177.989818781614,0,755.03767323494,4.73958402872086,361.415555655956,0,0,0,46.0774100720882,0,17.8229814171791,0,681.670496210456,2.44017624855042,0,0,2.51102960109711,0,1.96353828907013,0,0.638715088367462,0,0,67.048751950264,0,51.1505030989647,0,0,0,0.845631718635559
0,3.03920096158981,0,5.65789413452148,0,0,0,1.9275107383728,0,0,0,0,0,0,0,1.79640558362007,0,0,0,9.78793868422508,0,1.93357270956039,0,0,0,0,0,0,0,126.971905827522,0.646328210830688,10.0163786411285,0,98.6893942952156,98.3711938261986,386.920614182949,46.0854930579662,888.578655093908,27.2468023896217,1199.31141775846,0,212.279133915901,1315.69420427084,7986.97951439023,47.603682756424,844.667433589697,523.198343545198,0,21.5704790353775,277.69470629096,1.67625069618225,594.664775133133,0,2024.21027541161,2.31625306606293,3070.88448181748,0,4.48306673765182,6.5439487695694,48.6514907777309,0,2.98087513446808,0,0.360099494457245,0,9.42858943343163,130.41609442234,1451.30445447564,0,5.59994268417358,0,20.1271236538887,0,394.746678501368,0,26.7654460668564,3.7431948184967,414.325495034456,0,0.474940955638885,0,230.017455548048,0,121.562095522881,0,376.013131171465,0,88.6367321908474,0,333.482898116112,0,71.3518425524235,0,2.34401333332062,1.19768410921097,55.3034336268902,0.36513090133667,4.52518725395203,0,385.562185049057,0,0.449722826480865,0,1.46616184711456,1.26802533864975,5.28010779619217,0,0,1.75530076026917,63.486230134964,0,0,2.27839934825897,0,0,1.8611689209938
0.826903402805328,0,0,0,0,0,0,0,0,0,0,0,0,0,0,0,1.50026229023933,0,0,0,0,0,0,0,0,0,0,0,52.6371985375881,0,0,0,0.636101961135864,4.23700892925262,153.28035223484,195.603275358677,159.636868059635,16.8649948239326,92.4494186937809,1.21521484851837,3.63487663865089,0,2312.88532933593,602.133895307779,1674.62832865119,92.5805642604828,238.64854747057,21.5704790353775,0,104.212250053883,5200.41680783033,15.0841599702835,145.348999649286,0,84.3695158958435,6.61791294813156,0.440804183483124,0,1075.50244751573,16.1067264080048,120.538935929537,0,2.315809071064,0,20.0736308097839,0.709119498729706,555.864958822727,492.019367843866,0,0,8.13787677884102,0,135.629634380341,0,17.2062459886074,0,235.19872635603,2.45287179946899,4.80224621295929,0,126.007088184357,0,11.6489925384521,0,198.695796638727,2.03434896469116,3.94711580872536,0,98.8382284641266,0,0.980273187160492,0,0,0,27.2772727906704,0,3.1058601140976,0,0,0,0,0,0,0,0,0,0,0,0,0.58926260471344,0,0,0,0,0,0.466809093952179
0,16.3575192689896,0,4.52596580982208,0,0,0,8.94738614559174,0,0,0,0,0,0,0,0,0,2.32746773958206,0,0,0,0,0,0,0,0,0,0,0,56.7153719067574,0,0,0,0,298.613708525896,248.04664504528,70.2568081021309,147.897541046143,3.64973473548889,33.5371254086494,0,20.1247944831848,555.972513794899,2563.08958628774,151.651449352503,3259.26134929061,62.2153620421886,277.69470629096,104.212250053883,0,53.1950387954712,4019.79922631383,6.47856885194778,346.458739072084,5.79252028465271,217.514153212309,0,19.4960774183273,42.8851116299629,965.705738455057,0,10.4981741905212,0,3.10910305380821,0,335.469491750002,352.933848083019,634.35268548131,0,0,0,0,2.7891606092453,218.109338909388,0,30.5615007281303,7.52924537658691,159.07657378912,0.486771732568741,5.30318939685822,0,178.449355751276,0,12.0994206666946,2.0123695731163,277.349284589291,0,0,0.948689937591553,137.208246827126,0,1.80685079097748,0,0,0,12.8292140960693,0,1.73956286907196,0,1.12856674194336,0,0,0,0,0,0,0,0,0,0,0,0,0,0,0,0
65.6985155940056,0,21.6812610328197,0,0.425099849700928,0,70.6258622705936,0,0,0,1.66415101289749,0,0,0,0,0,3.06204059720039,0,24.3014690876007,0,0.754179716110229,0,0,0,0,0,0,0,237.946305632591,2.89458930492401,0,0,1.66465866565704,8.24846214056015,96.9632917642593,147.784653306007,496.234823286533,33.4433983266354,57.7476828098297,0,31.5160335600376,0,1638.80543270707,390.012520849705,364.69153419137,40.4283470511436,1865.01346260309,1.67625069618225,5200.41680783033,53.1950387954712,0,14.1316293478012,4289.44858157635,0,1037.89551475644,1.69447374343872,88.4258015751839,0.648336708545685,2602.91669559479,5.90247189998627,631.704593509436,0,10.6307107806206,0,585.899240523577,0,681.60800614953,406.861258149147,3.0086378455162,0,59.5207896828651,0,561.472548127174,8.0875069797039,46.842035651207,0,687.492664039135,5.01987940073013,13.5603353381157,0,526.291854590178,0,124.450033247471,0,5059.62579408288,6.25062263011932,40.1544248461723,0,845.208924561739,0,34.4685654044151,0,0,0,77.1770806312561,0,8.61250787973404,0,5.23846399784088,0,0,0,0,0,0,0,0,0,0,0.69026643037796,0,0,0,0,0,0
0,116.447834938765,0,60.7191717624664,0,0,0,154.124302178621,0,0,0,4.01580786705017,0,2.59759324789047,0,0,0,3.70040559768677,0,1.91653001308441,0,0,0,0,0,0,0,0,0,205.68177229166,1.41070133447647,0,0,1.86936175823212,132.407609403133,106.636247456074,35.7304440438747,445.506222933531,0.752369225025177,57.8987893164158,0,57.6070105433464,108.503545254469,1393.67617505789,21.4721338152885,905.169556319714,21.847349524498,594.664775133133,15.0841599702835,4019.79922631383,14.1316293478012,0,0,4709.74077245593,1.74718594551086,975.757344633341,0,146.151628136635,4.81085181236267,1567.30721220374,0,27.916145414114,0,39.7358688116074,0,1242.6623313427,169.34261521697,779.57217541337,0,0.725980460643768,0,19.5780938267708,0,750.308182030916,0,79.2730383872986,5.77498519420624,405.084111839533,0,12.5697593688965,0,737.035304158926,0,86.5150237977505,0,4525.9177415967,0,5.71185591816902,0,1310.01441478729,0,22.9296250343323,0,0,0,67.2529953420162,0,0,0,13.2299074530602,0,0,0,0,0,0,0,0,0.821693480014801,4.72806692123413,0,0,0,0,0,0
22.6124533712864,0,0,0,1.47895300388336,0,5.62010854482651,0,0,0,0,0,0,0,0,0,0.734060049057007,0,0,0,0.582526803016663,0,0,0,0,0,0,0,83.1848637461662,0,0.75470769405365,0,0,0,30.1480297446251,34.4201793670654,185.621630847454,12.3271583914757,32.5860972702503,0,16.7600927650928,0,366.388885080814,88.2149372696877,20.4308709800243,8.9490761756897,1715.68062889576,0,145.348999649286,6.47856885194778,4289.44858157635,0,0,0,1799.53224468231,0,22.3368662893772,0,31.8412076830864,0,31.4101667106152,0,10.4826592504978,0,50.6136873662472,0,204.332925230265,118.812980949879,0.409291714429855,0,10.5089714229107,0,184.425427049398,0,10.4157154262066,0,211.961561173201,0,0.658348262310028,0,85.2360584139824,0,26.0853209495544,0,649.706996560097,0,27.0298823416233,0,587.579310953617,0,26.2639344334602,0,0,0,14.7794114649296,0,2.29994109272957,0,7.10567045211792,0,0,0,0,0,0,0,0,0,0,0,0,0,0,0,0,0
0,0,0,0,0,0,0,0.580549538135529,0,0,0,0,0,0,0,0,0,0,0,0,0,0,0,0,0,0,0,0,0,44.0166517496109,0,0,0,0,29.0671696960926,17.2956495881081,7.51188427209854,147.890823185444,0,15.6650587320328,0,62.2509196698666,10.0157963633537,612.394659101963,1.42618080973625,105.664935857058,3.5843049287796,2024.21027541161,0,346.458739072084,0,4709.74077245593,0,0,0,1998.21843472123,0,2.57304400205612,0,30.0597540438175,0,0,0,0,0,4.44712376594543,28.74262586236,36.9139951765537,0,0,0,1.00232282280922,0,185.690997540951,0,11.0811367630959,0,85.8410598039627,0,0,0,89.7748841047287,0,26.5829940736294,0,1398.55298626423,0,15.6289394795895,0,805.269473433495,0,35.3894093036652,0,0,0,3.64717572927475,0,0,0,36.9504067599773,0,0,0,0,0,0,0,0,0,0.657404541969299,0,0,0,0,0,0
28.3214113414288,0,1.42175498604774,0,5.49565649032593,0,11.6763381958008,0,0,0,0,0,0,0,4.37167608737946,0,2.5546293258667,0,0.870310068130493,0,5.25081798434258,0,0,0,0,0,1.7979257106781,0,146.969106525183,0,0,0,1.44802212715149,3.86147952079773,61.4158138930798,57.2671349346638,1136.33777573705,61.4790843129158,1750.79026979208,0,197.028542995453,2.53793954849243,223.32945650816,131.8548617661,70.7330877482891,10.5425131320953,3290.46456837654,2.31625306606293,84.3695158958435,5.79252028465271,1037.89551475644,1.74718594551086,1799.53224468231,0,0,10.6736705303192,43.6792512536049,0,49.3923596441746,3.86292135715485,38.1643287837505,0,7.84964409470558,0,57.6097664535046,0,282.90677189827,233.42974832654,0,0,13.2336800694466,1.95083618164062,191.00893881917,0.953691065311432,21.5286622345448,0.681833028793335,151.854585796595,1.35340344905853,0,0,57.5705577135086,0,145.182418704033,0,594.788174360991,0,522.455656468868,0,4400.58491253853,0,68.1942124664783,0,0,0,6.76641869544983,0,1.56394380331039,0,71.436608672142,0,0,0,0,0,0,0,0,0,0,0,0,0,0,0,0,0
0,15.0983568131924,0,0,0,5.84497731924057,0,18.0268907248974,0,0.969737440347672,0,2.09397172927856,0,1.59418481588364,0,5.04077491164207,0,0,0,0,0,0,0,0,0,0,0,0,0,88.6124264597893,0,0,1.30691313743591,7.27195078134537,41.1628697514534,90.5849353373051,14.300271064043,1842.49915191531,2.88793110847473,1246.67269057035,0.516069114208221,258.998738527298,47.0501626133919,194.24328532815,15.3711199760437,76.8559902310371,28.2353690862656,3070.88448181748,6.61791294813156,217.514153212309,1.69447374343872,975.757344633341,0,1998.21843472123,10.6736705303192,0,0,8.20584183931351,11.5979785919189,58.2459522783756,0.941702306270599,3.97976839542389,0,2.95913156867027,0,76.1899894475937,119.172518610954,174.491500169039,0,0,1.66529130935669,7.88992410898209,3.32419925928116,169.753797322512,2.04161429405212,14.1587681174278,7.21581158041954,166.74725189805,0,0.767452776432037,0,136.377117186785,0,195.464836716652,1.65464174747467,1494.29746353626,0,1019.69393306971,6.96153891086578,2629.44613727927,0,24.8732820749283,0,0,0,8.06154128909111,0,0,0,41.3403541743755,0,0,0,0,0,0,0,0,1.13867425918579,0,0,0,0,0,0,0
8808.18294551969,41.7030535936356,147.580324321985,23.5608559846878,0,0,252.858263671398,17.7060996890068,0,0,279.747184425592,0,96.8640638291836,0,0.886524260044098,0,2240.1650031805,0,403.831137746572,90.169984459877,0,0,3.13825976848602,0,0,0,0,0,1626.1938470006,0,4.55460101366043,1.1597193479538,34.2766072750092,86.245706230402,2.14853957295418,0,404.393511682749,2.46914875507355,56.3337377309799,1.28966403007507,0,0,0,0,0,0,7.31788301467896,0,0.440804183483124,0,88.4258015751839,0,22.3368662893772,0,43.6792512536049,0,0,14.164031624794,2661.94166532159,1.09467446804047,3166.84923347831,0,2501.3973479569,0,448.560219794512,0,370.7892395854,35.7904213070869,1122.09045791626,38.9568172693253,619.109647065401,29.7597064375877,2032.57453358173,12.7985823154449,470.609719544649,1.527253895998,1712.59710612893,34.6773889660835,229.661883383989,0,336.324510842562,0,11.6355687975883,0,876.731929928064,0,0,0,379.007962793112,0,0,0,0,0,149.501471877098,0,17.5914096236229,0,3.79443717002869,0,0,0,0,0,6.84038549661636,0,5.91870033740997,0,2.13203060626984,7.18982416391373,0,0,0,0,0,0.447650343179703
5.72794252634048,11004.0829670131,0,542.677709251642,0,0,0,543.072580248117,0,0,0,283.649810284376,0,44.6370482444763,0,1.71105521917343,0,1201.21594628692,42.3495344519615,304.685197800398,0,0,0,10.3358772993088,0,0,0,0,0.687291741371155,415.064352691174,1.89160335063934,7.51032134890556,23.2292463779449,172.832286864519,1.8361801803112,0,1.44400137662888,264.89634886384,1.83960580825806,42.8762064576149,0,0,1.6295006275177,0,0.505590081214905,2.1518828868866,0,4.48306673765182,0,19.4960774183273,0.648336708545685,146.151628136635,0,2.57304400205612,0,8.20584183931351,14.164031624794,0,11.2026876211166,2321.82578444481,0.538835048675537,2007.45293554664,0,3112.39399129152,0,711.164838850498,141.93596380949,892.824626803398,42.4346409440041,1652.74915260077,15.5494464039803,373.112243682146,4.96558439731598,2483.77293914557,1.91168934106827,244.339214801788,202.718386530876,1148.57116577029,1.08426105976105,42.8806878626347,5.10482150316238,242.882607609034,0,1.80355453491211,0,366.846620589495,0,0,0,124.528065830469,0,0,0,0,1.87681579589844,70.6072445809841,0,0,0,0,0,0,0,0,0,0.997526884078979,0,0,6.13171610236168,3.7634893655777,0,0,0,0,0,0
322.010025322437,0,212.444716304541,0,0,0,95.030783444643,0,0,0,23.7897551953793,0,3.10466820001602,0,0,0,73.6205845177174,0,323.033967345953,1.21812438964844,0.989571750164032,0,0,0,0,0,0,0,447.68437770009,0.525637269020081,1.02915841341019,0,18.8613310456276,31.2987388670444,126.671550542116,160.366728544235,438.856660574675,256.806139647961,210.404642224312,3.10172986984253,10.5167180299759,0,395.626654565334,264.561247318983,314.940046191216,39.8213314414024,142.92010936141,6.5439487695694,1075.50244751573,42.8851116299629,2602.91669559479,4.81085181236267,31.8412076830864,0,49.3923596441746,11.5979785919189,2661.94166532159,11.2026876211166,0,22.4031046032906,6232.75272461772,0.642898976802826,629.859959363937,1.37522506713867,887.595620602369,0,2333.29229328036,691.625394523144,66.6109003126621,13.2446203827858,107.394865810871,9.61629745364189,548.311293333769,26.2870816588402,110.561935782433,4.00521802902222,1061.83299353719,86.0420289933681,162.119590163231,1.04702055454254,936.617195010185,4.46866983175278,43.698842972517,0,470.059135705233,3.81367909908295,4.11408632993698,0,166.50898039341,0,4.12162697315216,0,0,0,80.2999320328236,0,13.287288248539,0,1.17868852615356,0,0,0,0,0,1.72430598735809,0,1.36919832229614,0,0.551016867160797,3.56860119104385,0,0,0,0,0,0
0,388.803967446089,0,104.528559803963,0,0,0,140.650667011738,0,0,0,29.9791576266289,0,2.18734216690063,0,0,0,53.8062068223953,1.32706385850906,22.9699862897396,0,0,0,0,0,0,0,0,0,184.197442740202,0,0,5.5504629611969,6.70587411522865,57.5189609825611,66.755875825882,16.5118538141251,197.180495619774,0,74.4753907322884,0,2.5997206568718,52.4046542048454,98.2966481745243,13.2774921655655,293.40932226181,3.15967804193497,48.6514907777309,16.1067264080048,965.705738455057,5.90247189998627,1567.30721220374,0,30.0597540438175,3.86292135715485,58.2459522783756,1.09467446804047,2321.82578444481,22.4031046032906,0,1.89552980661392,3009.86743718386,0,759.569756239653,0.791726529598236,2652.74232771993,148.862004995346,2518.00907114148,0.692804098129272,23.0207488834858,3.3086017370224,22.9229572415352,1.72594714164734,623.494370102882,1.93933415412903,114.782961636782,24.2468982934952,374.78578466177,0,71.3551185131073,0,884.216535329819,0,53.4099655747414,0,424.009227991104,0,0,2.4040921330452,111.002363681793,0,0,0,0,0,38.4268941283226,0,0,0,0,0,0,0,0,0,0,0,0,1.15252095460892,4.25675657391548,0,0,0,0,0,0
629.317748039961,0,76.7901079654694,0,0,0,247.710466623306,0,0,0,76.3593255281448,0,13.9356328845024,0,0,0,68.865312308073,0,67.565385133028,2.53370368480682,1.0680867433548,0,0.495529651641846,0,0,0,0,0,219.508252471685,0.823916494846344,0,2.93384993076324,7.31294810771942,8.29455834627151,6.8242449760437,9.99147969484329,172.883037269115,28.9674876332283,44.856184720993,0,8.40346056222916,0,3.49691879749298,0,5.81840431690216,0,8.08860415220261,0,120.538935929537,0,631.704593509436,0,31.4101667106152,0,38.1643287837505,0.941702306270599,3166.84923347831,0.538835048675537,6232.75272461772,1.89552980661392,0,0,3245.85846805573,0,2647.9704080224,0,272.080011874437,43.6626101732254,17.193062543869,4.42170435190201,125.138676524162,1.57663023471832,394.825926482677,0,65.7811657488346,0,611.474391341209,13.9004421830177,49.560045003891,0,508.990151554346,0,24.1000541746616,0,1120.93130639195,0,3.68135198950768,0,284.657523959875,0,1.82363748550415,0,0,0,45.075337678194,0,5.80966031551361,0,0,0,0,0,0,0,0,0,0,0,0.566929399967194,1.44484519958496,0,0,0,0,0,0
0,1314.35828655958,0,104.71035566926,0,0,0,584.499523758888,0,0,0,421.218714803457,0,49.5481345653534,0,0,0,330.362860947847,0,45.1729404330254,0,0,0,0,0,0,0,0,0,33.4415904581547,7.7764567732811,1.33663719892502,2.25027334690094,9.32061240077019,2.04467940330505,1.69782170653343,0,7.48602426052094,0,3.63539099693298,0,0,0,0,0,0,0,2.98087513446808,0,10.4981741905212,0,27.916145414114,0,0,0,3.97976839542389,0,2007.45293554664,0.642898976802826,3009.86743718386,0,0,0,3569.91130253673,0,3086.66497468948,2.65776336193085,166.288967579603,0,6.59817504882812,9.84670776128769,65.108656257391,0,182.513426750898,0,23.5663192868233,4.77842843532562,55.1393170058727,0,6.25518941879272,0,149.591261833906,0,1.97338497638702,0,178.62485447526,0,0,0,23.3964747786522,0,0,0,0,0,1.44678235054016,0,0,0,0,0,0,0,0,0,0,0,0,0,0,0,0,0,0,0,0
562.740446865559,0,28.8923048377037,0,0,0,81.8325718641281,0,0,0,282.330340206623,0,83.1663624048233,0,0,0,1364.53882995248,0,18.0654144883156,0,0,0,0.685084819793701,0,0,0,0,0,764.59378644824,0,1.25579369068146,0,0,1.23881959915161,3.32085084915161,0,63.2261387705803,0.736765384674072,5.74674218893051,0,0.604868531227112,0,0,0,0,0,5.68503269553185,0,2.315809071064,0,10.6307107806206,0,10.4826592504978,0,7.84964409470558,0,2501.3973479569,0,629.859959363937,0,3245.85846805573,0,0,0,623.654092609882,0,91.0952967703342,2.52386736869812,9.82466739416122,1.14379179477692,33.6769854724407,0,256.523186415434,0,39.5079209208488,0,201.794718712568,1.60408675670624,138.483404278755,0,2901.19509238005,0,13.8354261517525,0,1414.68424135447,0,6.7798787355423,0,226.505271881819,0,0,0,0,0,14.1796600222588,0,0.886974155902863,0,0,0,0,0,0,0,0.902895331382751,0,0,0,0,2.27503848075867,0,0,0,0,0,0
0,739.59346356988,0,93.310577660799,0,0,0,159.244428902864,0,0,0,799.590251028538,0,127.57841026783,0,0.520245730876923,0,1866.43461498618,0,49.31328317523,0,0,0,2.46992558240891,0,0,0,0,0,211.125548005104,5.67917507886887,4.23949420452118,0,26.7772845625877,0.783832669258118,3.40589347481728,0.454405575990677,10.5302421450615,0,2.18024879693985,0,0,0,0,0,0.446935564279556,0.71820867061615,0.360099494457245,0,3.10910305380821,0,39.7358688116074,0,0,0,2.95913156867027,0,3112.39399129152,1.37522506713867,759.569756239653,0,3569.91130253673,0,0,0,854.283158123493,26.0245018303394,364.365143299103,0.976860344409943,51.4725380539894,7.50359508395195,75.4127984642982,0.856613636016846,373.598466873169,0,31.2137005031109,20.7495145201683,41.3502842187881,0,63.1452271044254,0,2517.11961999536,0,13.5276410281658,0,1127.50583568215,0,1.81496804952621,0,44.8487961888313,0,0,0,0,0,0,0,0,0,0,0,0,0,0,0,0,0,0,0,0,0,0,0,0,0,0
271.047325730324,0,86.4912872314453,0,0,0,219.794899523258,0,0,0,8.54046860337257,0,0,0,0,0,5.87259098887444,0,45.667227357626,1.56284239888191,0,0,0,0,0,0,0,0,92.9401243627071,0,1.75506848096848,0,2.94192326068878,4.06165319681168,5.60414350032806,8.37097841501236,85.902191311121,8.65300244092941,26.2049204111099,0,12.0311325788498,0,0,0,0.316200196743011,0,17.5852656960487,0,20.0736308097839,0,585.899240523577,0,50.6136873662472,0,57.6097664535046,0,448.560219794512,0,887.595620602369,0.791726529598236,2647.9704080224,0,623.654092609882,0,0,0,85.4852635264397,25.408790230751,15.9503032565117,2.3417729139328,77.0039867162704,3.41155436635017,169.716140925884,0,25.214783936739,0,256.7750479877,3.2439181804657,7.41421812772751,0,273.082553476095,0,26.5139609873295,0,3634.31439962983,0,11.8710001111031,0,675.361379176378,0,0,0,0,0,18.7638747692108,0,7.23801136016846,0,0,0,0,0,0,0,0,0,0.537169754505157,0,0,1.32531970739365,0,0,0,0,0,0
0,792.760316699743,0,127.361421048641,0,0,0,504.421185970306,0,0,0,216.112031638622,0,43.3694423437119,0,0,0,93.6196046769619,0,28.8844976425171,0,0,0,0,0,0,0,0,0,68.9180974960327,3.22952747344971,0.512822508811951,0,5.16218566894531,1.89931333065033,3.60973048210144,0,96.6986254453659,2.14734101295471,17.7771040201187,0,3.44663351774216,0,4.4267144203186,0,3.59996008872986,0,9.42858943343163,0.709119498729706,335.469491750002,0,1242.6623313427,0,4.44712376594543,0,76.1899894475937,0,711.164838850498,0,2652.74232771993,0,3086.66497468948,0,854.283158123493,0,0,7.26482370495796,456.484589457512,0,1.69673407077789,3.88628777861595,51.1077952682972,0.517690777778625,335.065716594458,0,59.4440416693687,3.58285081386566,116.050626903772,0,12.4110118746758,0,765.168503880501,0,36.804256439209,0,3383.2446308434,0,4.10767659544945,0,473.212751895189,0,0,0,0,0,10.8909231126308,0,0,0,0,0,0,0,0,0,0,0,0,0,0.964975237846375,0,0,0,0,0,0
82.3759361505508,32.2484598755836,152.382843822241,4.67004603147507,0.920999765396118,0,7.76517495512962,1.63528168201447,0,0,7.99940824508667,0,4.5210388302803,0,0,0,26.7464194297791,2.76327538490295,1852.51816958189,106.051511824131,0,0,179.168606698513,0,0,0,0,0,265.543039083481,44.1634030342102,459.236030846834,11.0056437253952,4011.23747485876,730.074934065342,2747.77225115895,624.99997395277,523.655329793692,769.607355117798,502.565161198378,25.9254031479359,9.14689314365387,1.46612831950188,2264.90014359355,643.093271881342,1760.44912394881,365.349308788776,1643.89078041911,130.41609442234,555.864958822727,352.933848083019,681.60800614953,169.34261521697,204.332925230265,28.74262586236,282.90677189827,119.172518610954,370.7892395854,141.93596380949,2333.29229328036,148.862004995346,272.080011874437,2.65776336193085,91.0952967703342,26.0245018303394,85.4852635264397,7.26482370495796,0,3457.38809666038,1430.54899334908,354.421356290579,185.408673137426,135.21177187562,479.036516726017,302.755581021309,141.221968919039,46.9093047976494,1482.31782108545,572.959005713463,68.229007601738,10.5431031882763,588.886802375317,51.7274242043495,36.0808963477612,0,340.01574036479,20.7585009038448,6.38486149907112,0,176.542293429375,13.6846100091934,17.9417480230331,0,0,0,129.303034693003,1.36578643321991,28.4382212460041,2.21875578165054,7.61708998680115,3.03009343147278,0,0,0,0,1.32134068012238,0,0,0,1.22816073894501,4.88411277532578,0,0,0,0,0,0
3.76170194149017,149.82501244545,1.00724470615387,586.891801893711,0,0,0,139.128887623549,0,0,0,34.4925806224346,0,3.09387785196304,0,0,0.801963984966278,42.2607759833336,24.3059429526329,566.303393930197,0,0.475586801767349,1.58319878578186,31.541986182332,0,0.463626980781555,0,0,41.511011838913,222.247443288565,3.92043101787567,253.499562889338,101.368250787258,3490.25986124575,398.046106994152,2118.68839561939,221.787730187178,780.743530958891,61.820595562458,1041.92311522365,0,33.8125523030758,605.177255779505,2041.2876880765,483.425282001495,1153.09799262881,396.587955713272,1451.30445447564,492.019367843866,634.35268548131,406.861258149147,779.57217541337,118.812980949879,36.9139951765537,233.42974832654,174.491500169039,35.7904213070869,892.824626803398,691.625394523144,2518.00907114148,43.6626101732254,166.288967579603,2.52386736869812,364.365143299103,25.408790230751,456.484589457512,3457.38809666038,0,42.2488439083099,463.1274702847,62.8525572419167,121.900926738977,139.094558447599,1198.30023536086,18.1674725413322,279.974677711725,628.778456926346,1488.4545160532,5.20032715797424,110.780026912689,34.96059897542,1429.71304219961,0.473713546991348,105.606914937496,68.1401745676994,531.96792986989,0,12.5987982451916,160.826731204987,128.925079658628,0.39084580540657,0.744505226612091,0,0,2.15185391902924,121.273038059473,1.93478339910507,4.35919672250748,1.51471698284149,2.03258639574051,0,0,0,0,0,1.95779475569725,0,0,6.25235104560852,12.700105458498,3.0669207572937,0,0,0,0,0
1902.80020096898,383.571050584316,119.005245625973,116.9965903759,0,0,18.2701688408852,76.2454439997673,0,0,65.3053598403931,0.732046186923981,66.3383840322495,0,1.08471035957336,0,19.66761302948,0,2635.65254369378,890.474703758955,0,0,29.2348121702671,0,0,0,0,0,142.236329138279,0.939049422740936,18.4261694550514,0,613.886006087065,589.980097025633,0.715064883232117,0,522.042278409004,5.27490818500519,47.7442581057549,0,0.727577328681946,0,0,0,0,0,1.24516254663467,0,0,0,3.0086378455162,0,0.409291714429855,0,0,0,1122.09045791626,42.4346409440041,66.6109003126621,0.692804098129272,17.193062543869,0,9.82466739416122,0.976860344409943,15.9503032565117,0,1430.54899334908,42.2488439083099,0,566.962478160858,744.449806332588,152.753028720617,881.985863357782,93.2065259516239,535.670570701361,22.0767349004745,3086.81779792905,211.929156333208,1.70537739992142,0,4.82413858175278,0,2.53508180379868,0,2.16251856088638,0,0,0,0.480078846216202,0,0,0,0,0,193.687013298273,3.00092989206314,43.8486760556698,0,1.13162660598755,0,0,0,0,0,2.96169036626816,0,3.57015466690063,0,12.5249349474907,10.8060504198074,0,0,0,0,0,3.4335580766201
20.2235228121281,760.365318894386,2.45668512582779,278.40999725461,0,0,0,38.2891795635223,0,0,0,32.2868089079857,0,2.29572874307632,0,0,0,47.4920659661293,159.868516325951,1771.45715531707,0,0,0,7.16823464632034,0,0,0,0,3.02993959188461,11.8091561794281,2.67775923013687,27.5394488275051,150.043802142143,1419.88352659345,1.25207597017288,3.59369724988937,3.63465082645416,215.396381109953,1.51596581935883,44.6529118418694,0,0,1.68035960197449,1.24224448204041,0,0,0,5.59994268417358,0,0,0,0.725980460643768,0,0,0,0,38.9568172693253,1652.74915260077,13.2446203827858,23.0207488834858,4.42170435190201,6.59817504882812,1.14379179477692,51.4725380539894,2.3417729139328,1.69673407077789,354.421356290579,463.1274702847,566.962478160858,0,42.0194175839424,528.198139876127,8.78910487890244,438.360923230648,5.13938197493553,123.899575799704,418.559854328632,1271.06556096673,1.49223625659943,1.63858431577682,0.462745487689972,31.0369411110878,0,0,2.78957724571228,4.34313017129898,0,0,0,0.468106359243393,0,0,0,0,0,63.2504423260689,0,0,0,0,0,0,0,0,0,2.11458301544189,0,0,1.50934851169586,4.7373873591423,0,0,0,0,0,1.65011584758759
1903.01461306214,72.4258841276169,1410.08943811059,414.735731780529,1131.90405118465,308.888976633549,2258.47377231717,503.175471931696,852.709680974483,185.701281547546,407.952392071486,103.206272631884,1257.16069841385,117.522114872932,1482.89887884259,89.478979319334,98.6358249783516,19.3898131847382,836.994855135679,430.04317805171,690.099519103765,295.448066115379,962.027589440346,554.534164011478,328.098169386387,399.765415251255,1160.46368360519,521.809746563435,775.977112978697,22.2990973889828,835.244714796543,499.305371522903,85.5698905289173,159.057751208544,9.44422635436058,2.24167585372925,519.034363269806,28.0766792297363,31.3952351212502,3.20122718811035,180.522838324308,38.8733685016632,7.83260989189148,0.683577716350555,2.6845925450325,0.419783622026443,17.1526421606541,0,8.13787677884102,0,59.5207896828651,0,10.5089714229107,0,13.2336800694466,1.66529130935669,619.109647065401,15.5494464039803,107.394865810871,3.3086017370224,125.138676524162,9.84670776128769,33.6769854724407,7.50359508395195,77.0039867162704,3.88628777861595,185.408673137426,62.8525572419167,744.449806332588,42.0194175839424,0,594.715074568987,5926.24504745007,242.803491830826,4048.34062564373,75.081855982542,6459.0602697432,307.731495767832,4.73389339447021,0,38.3501602113247,2.06915497779846,23.1833236217499,2.62451678514481,81.0303519666195,0.612709999084473,29.9635780751705,2.85574012994766,46.7302574813366,0,13.1801948845387,7.81478267908096,5.60735368728638,1.26481682062149,300.806103944778,21.7219417989254,29.8519841134548,5.19650572538376,14.255952835083,4.58886283636093,6.3811668753624,1.35012423992157,4.43666714429855,7.9047150015831,101.290711373091,21.3206589221954,10.8632414937019,5.87085503339767,68.5654932558537,17.5140810906887,3.43847584724426,2.47692114114761,0,1.35095238685608,0.428950667381287,15.0335368812084
109.711668908596,1908.77982082963,470.243789553642,1550.05817228556,160.789371728897,906.771312206984,602.45277094841,2624.07840329409,92.300292044878,1100.8960968256,46.8278432488441,924.08973684907,239.653859198093,1258.76125359535,111.419668227434,1459.24546986818,1.6074110865593,179.008429646492,404.393357157707,1349.801243186,49.855035841465,805.455653190613,717.8223310709,1141.0300346911,105.397982925177,341.092884391546,143.719577223063,778.228871822357,107.658535540104,215.448147237301,211.394421190023,354.145759493113,67.0712695121765,220.024346768856,3.20793300867081,2.56709322333336,41.8965597748756,427.098387271166,5.94885951280594,31.0305662155151,42.6141649484634,310.090734869242,2.29362434148788,2.33462375402451,0,0,0.526822865009308,20.1271236538887,0,0,0,19.5780938267708,0,1.00232282280922,1.95083618164062,7.88992410898209,29.7597064375877,373.112243682146,9.61629745364189,22.9229572415352,1.57663023471832,65.108656257391,0,75.4127984642982,3.41155436635017,51.1077952682972,135.21177187562,121.900926738977,152.753028720617,528.198139876127,594.715074568987,0,256.011358678341,4505.92916241288,76.6053013801575,4260.73144838214,341.292467653751,11652.923099488,0.902157425880432,4.30378675460815,0,76.6456603109837,1.69025450944901,14.4765516519547,1.08739125728607,104.59563061595,11.6679023504257,18.5649690628052,11.984389603138,31.2080488801003,11.4597009420395,63.4823140799999,3.85251671075821,21.1005598604679,63.1310504674911,308.789257317781,30.2118402123451,14.3999797701836,10.6892966032028,32.6267630457878,8.46075013279915,9.96268507838249,0.853084981441498,42.1725088059902,54.5916866958141,119.964833110571,26.7135321497917,15.5820264816284,96.1422107815742,43.5503097176552,21.8767577111721,1.34981200098991,0.559979736804962,2.21998566389084,12.6732966601849,44.2240097522736
2632.9646306932,60.6116681993008,1716.74998909235,228.603661596775,748.328439831734,34.8075631260872,996.223583489656,250.023052364588,761.19997176528,32.2231515347958,450.209241569042,49.2494711875916,1113.75810682774,48.3627244830132,2403.87824198604,16.8526604175568,303.055696904659,11.7296788692474,1166.31416216493,455.515772908926,199.058105558157,6.40429443120956,939.623026490211,271.635602384806,119.826905101538,59.3174071907997,265.117591589689,30.9892100393772,2359.87070465088,8.83360460400581,194.352890908718,295.723487049341,39.3888106644154,176.972340017557,41.0746435523033,65.8069252967834,817.626614868641,80.7879901826382,123.190170913935,3.79318898916245,604.470664769411,35.4628365039825,133.132014840841,21.7324400246143,51.557896733284,7.53397279977798,503.22599247098,0,135.629634380341,2.7891606092453,561.472548127174,0,184.425427049398,0,191.00893881917,3.32419925928116,2032.57453358173,4.96558439731598,548.311293333769,1.72594714164734,394.825926482677,0,256.523186415434,0.856613636016846,169.716140925884,0.517690777778625,479.036516726017,139.094558447599,881.985863357782,8.78910487890244,5926.24504745007,256.011358678341,0,112.58688506484,3261.76598376036,51.9855622053146,3063.88500601053,90.109168857336,28.0673326849937,1.43079936504364,211.658225446939,1.80603682994843,125.365245878696,0,283.540956526995,0,171.013086855412,0,225.436469644308,0.867528438568115,64.6827760338783,12.0577038526535,20.263160854578,3.39519608020782,273.682267934084,12.6002465486526,39.6057632565498,3.08210295438766,37.9227215349674,12.4653728604317,6.38909518718719,1.09880232810974,15.4497459828854,13.673145711422,113.205401778221,15.0918926596642,18.5806160569191,9.02641493082047,37.9594617187977,20.0028051137924,7.4698634147644,0,0,0.557093381881714,0.608665525913239,22.0249920785427
69.7820367217064,3068.92342793941,215.933815777302,1994.76651254296,61.8517048358917,806.314409792423,236.433909088373,1191.63449516892,37.6190245747566,789.545032441616,14.167475104332,1317.82874155045,69.8132102787495,1658.11489963531,23.9684223532677,3236.82935211062,0,2049.3437063098,264.986655145884,1412.88716599345,4.77749085426331,229.818199902773,359.383297532797,1043.86662179232,47.4989911913872,140.415396749973,35.0200274884701,572.084396064281,58.2351008057594,5226.30438292027,105.32757806778,227.246138244867,38.0588221251965,185.024448812008,57.1839284598827,90.6912569403648,24.7530091106892,510.564738720655,2.35001266002655,66.4497113525867,7.49717861413956,1543.116130054,41.4977467358112,181.473246246576,27.4017288386822,70.2078315019608,20.2383351922035,394.746678501368,0,218.109338909388,8.0875069797039,750.308182030916,0,185.690997540951,0.953691065311432,169.753797322512,12.7985823154449,2483.77293914557,26.2870816588402,623.494370102882,0,182.513426750898,0,373.598466873169,0,335.065716594458,302.755581021309,1198.30023536086,93.2065259516239,438.360923230648,242.803491830826,4505.92916241288,112.58688506484,0,33.2829242944717,1685.94028830528,211.752297908068,1270.22969421744,1.35424363613129,193.784213125706,0,838.726805448532,0,510.478158891201,0,438.489709556103,3.4708154797554,92.0906288027763,2.27015799283981,95.5777009129524,7.72780966758728,29.4912522137165,0,10.3883851468563,13.9790279865265,97.4819965958595,10.4510002732277,5.75607311725616,2.54041719436646,28.1750208735466,2.65926837921143,0.665415823459625,0,25.0913643836975,12.0062740445137,22.5560679733753,6.04729175567627,4.20888927578926,15.1601822376251,11.2686526179314,6.44754594564438,0,0.808833539485931,0.623500227928162,2.33027940988541,9.49880242347717
920.505150109529,13.5206361413002,386.08187186718,57.6477112472057,44.5647280812263,1.44015145301819,205.779032558203,42.4732054769993,66.2901104986668,0.630389511585236,98.1022118926048,10.6033266186714,191.698293745518,3.68089807033539,199.193779617548,1.25309580564499,40.7730495631695,0.844551742076874,508.759875208139,141.250646680593,14.4613792300224,0,186.292036145926,42.1640890538692,12.6855896711349,3.56108105182648,13.8876819014549,0.589932858943939,116.010323375463,0.825617969036102,31.152638733387,58.6844975650311,13.9287995100021,35.8807075619698,2.4585819542408,4.12036821246147,2119.17386636138,41.5335487723351,72.506438434124,14.5905095338821,491.546383976936,71.2201645970345,10.1240264177322,3.05830439925194,3.42502355575562,0,19.8332785964012,0,17.2062459886074,0,46.842035651207,0,10.4157154262066,0,21.5286622345448,2.04161429405212,470.609719544649,1.91168934106827,110.561935782433,1.93933415412903,65.7811657488346,0,39.5079209208488,0,25.214783936739,0,141.221968919039,18.1674725413322,535.670570701361,5.13938197493553,4048.34062564373,76.6053013801575,3261.76598376036,33.2829242944717,0,82.098620057106,1566.39041042328,65.9577948153019,4.33554291725159,0,14.6731967329979,0,13.7682273983955,0,45.3711709678173,2.02204543352127,92.6079460382462,3.2276137471199,93.0433059334755,0,65.8457739651203,96.9565588533878,39.0186207592487,43.7364509701729,429.566267669201,41.2770082950592,89.6473960876465,33.9969608485699,39.7761510312557,57.8182520568371,25.1310760378838,18.3638867735863,40.8087769150734,163.978200554848,190.989407449961,47.1270821988583,45.9222275912762,9.93551957607269,91.0539504885674,39.2493619024754,32.1530101001263,3.60432100296021,5.3507553935051,6.635229408741,3.60332798957825,35.4227536320686
30.3402245938778,600.262180089951,63.3219346702099,707.743167102337,1.11721247434616,18.4075430929661,71.2217989861965,283.378411322832,0,59.2832981348038,2.99023818969727,180.029470831156,15.3614618480206,152.844810664654,0.885467827320099,171.938614964485,0,93.9555557966232,121.63642591238,537.826818466187,3.65827238559723,5.44433200359344,71.5945558547974,298.55580085516,0.804496347904205,9.11217460036278,0.53453654050827,13.3702397346497,11.0144966244698,25.2010074257851,31.6424411535263,43.2421495318413,5.78422558307648,53.9268787503242,9.31092071533203,8.37199175357819,73.6277847886086,838.984362751245,23.6983805298805,64.1628955006599,37.4372961521149,451.858721554279,3.38729000091553,15.865188062191,0.500083267688751,11.2518454194069,3.86933970451355,26.7654460668564,0,30.5615007281303,0,79.2730383872986,0,11.0811367630959,0.681833028793335,14.1587681174278,1.527253895998,244.339214801788,4.00521802902222,114.782961636782,0,23.5663192868233,0,31.2137005031109,0,59.4440416693687,46.9093047976494,279.974677711725,22.0767349004745,123.899575799704,75.081855982542,4260.73144838214,51.9855622053146,1685.94028830528,82.098620057106,0,62.4352562129498,1089.38548272848,0,1.76003023982048,2.18214726448059,22.5353512763977,2.03525632619858,5.53869479894638,1.86280679702759,51.2634792923927,13.9359235167503,9.90062475204468,8.49375981092453,22.5522648990154,57.4675210416317,90.1541484296322,35.6447957158089,58.6263988316059,49.9175665080547,220.635152131319,62.3888727128506,23.4001570343971,22.1174547672272,46.4295337796211,29.2443176805973,23.7820139229298,37.7627677619457,163.035731315613,35.123152256012,108.07691052556,31.0813930630684,27.0364689826965,43.8248238265514,17.9203529953957,31.3167780339718,4.04309266805649,6.86611169576645,1.68556717038155,8.92416971921921,30.3460859656334
2493.98982387781,392.755053460598,1505.45662480593,199.254701942205,56.6089685559273,0,971.456142425537,227.277055591345,157.104066729546,0,263.502526670694,25.7673447430134,663.173380464315,14.981427282095,475.5392164886,0,87.0848143696785,22.082592189312,2114.41513192654,833.162758737803,8.7025163769722,0,585.381909519434,30.6359106004238,16.376108288765,1.12678587436676,10.9581135213375,0.907783478498459,542.714050024748,10.1468893289566,124.88200712204,149.735570341349,77.5235211253166,355.699159801006,78.7827833294868,90.4078144729137,4281.80490887165,190.269443273544,128.694982558489,11.0617516636848,193.731950819492,2.20170915126801,220.702937990427,46.3946377933025,69.8910168707371,5.51339513063431,525.627423524857,3.7431948184967,235.19872635603,7.52924537658691,687.492664039135,5.77498519420624,211.961561173201,0,151.854585796595,7.21581158041954,1712.59710612893,202.718386530876,1061.83299353719,24.2468982934952,611.474391341209,4.77842843532562,201.794718712568,20.7495145201683,256.7750479877,3.58285081386566,1482.31782108545,628.778456926346,3086.81779792905,418.559854328632,6459.0602697432,341.292467653751,3063.88500601053,211.752297908068,1566.39041042328,62.4352562129498,0,620.31540709734,11.8335180878639,0,172.333336442709,29.6321712434292,72.6333800554276,2.56528723239899,272.232604920864,9.67431604862213,158.652110934258,0,286.317465484142,0,153.244526147842,24.070138156414,132.79612082243,10.2229428887367,1544.21702319384,50.828292876482,391.109245717525,9.2091825902462,55.720428943634,13.4271754026413,44.4311645925045,9.43817228078842,80.1672900617123,52.3435154855251,870.390655130148,88.0848622322083,63.5953657031059,11.4632042646408,470.004346638918,735.912072002888,48.8422811627388,12.0331820249557,23.8313554525375,43.8893735706806,10.7967278957367,97.8504908084869
132.137233674526,3524.1585752964,88.6934334039688,2352.45846921206,0,12.9035096168518,88.0849172174931,1002.32280108333,0,56.9347841143608,9.94196236133575,340.164441108704,15.5686430931091,249.560306966305,0,152.888244152069,0,123.89954289794,503.87018558383,3350.42966163158,3.4577624797821,0,121.720188587904,620.423621416092,0,2.24479705095291,1.46116316318512,1.5582839846611,29.747326374054,68.4882059395313,116.924627512693,127.408480465412,59.1297696828842,389.451067477465,56.6688737571239,91.5011484324932,69.1975032687187,4004.43172067404,21.7892841696739,111.580491125584,2.00147980451584,216.853374809027,35.2395037710667,144.681736558676,24.5511447787285,54.9158660173416,34.6944757699966,414.325495034456,2.45287179946899,159.07657378912,5.01987940073013,405.084111839533,0,85.8410598039627,1.35340344905853,166.74725189805,34.6773889660835,1148.57116577029,86.0420289933681,374.78578466177,13.9004421830177,55.1393170058727,1.60408675670624,41.3502842187881,3.2439181804657,116.050626903772,572.959005713463,1488.4545160532,211.929156333208,1271.06556096673,307.731495767832,11652.923099488,90.109168857336,1270.22969421744,65.9577948153019,1089.38548272848,620.31540709734,0,0,5.4257709980011,3.51604890823364,32.2862165868282,1.2523205280304,63.3927837610245,0,152.358637452126,0,208.200921207666,0,102.558905094862,54.925330966711,210.799032360315,22.8413334786892,160.297481656075,252.691667765379,751.113984137774,79.3185691535473,30.4861437082291,16.3102613687515,60.6046803891659,23.7728180289268,32.7856960296631,34.8313648402691,258.675292372704,220.425909131765,535.225318640471,40.7582160234451,37.4015082716942,670.905953079462,1660.42962139845,141.239707559347,15.4615544378757,23.6712736487389,43.3521680235863,99.8242090046406,235.99260494113
34.9149614572525,1.26972198486328,12.9261281788349,0,0,0,7.2510547041893,0,0,0,92.4902317225933,0,41.9324250817299,0,1.24823015928268,0,588.989165335894,0,3.41459500789642,0,0,0,0,0,0,0,0,0,319.161535710096,0,0,0,0,0.6809321641922,2.58486348390579,1.64749911427498,4.29212522506714,0,0,0,0,0,0.409489989280701,0,2.37584042549133,0,1.01602664589882,0,4.80224621295929,0.486771732568741,13.5603353381157,0,0.658348262310028,0,0,0,229.661883383989,1.08426105976105,162.119590163231,0,49.560045003891,0,138.483404278755,0,7.41421812772751,0,68.229007601738,5.20032715797424,1.70537739992142,1.49223625659943,4.73389339447021,0.902157425880432,28.0673326849937,1.35424363613129,4.33554291725159,0,11.8335180878639,0,0,0,1256.46759337187,0,19.3802570104599,0,37.340189665556,0,0.534958004951477,0,3.5615049302578,0,0.675808131694794,0,0,0,0,0,0,0,0,0,0,0,0,0,0,0,0,0,0,0,0,0,0,0,0,0
0,11.5075817704201,0,7.9286453127861,0,0,0,1.56561440229416,0,0,0,15.8560796976089,0,2.51852178573608,0,4.90966784954071,0,274.701043963432,0,0.953614413738251,0,0,0,0.985901415348053,0,0,0,0,0,395.817864567041,0,0,0,3.6226858496666,2.90611863136292,1.01704841852188,0,1.83323007822037,0,1.11107605695724,0,0,2.13563203811646,0,0,0,0,0.474940955638885,0,5.30318939685822,0,12.5697593688965,0,0,0,0.767452776432037,0,42.8806878626347,1.04702055454254,71.3551185131073,0,6.25518941879272,0,63.1452271044254,0,12.4110118746758,10.5431031882763,110.780026912689,0,1.63858431577682,0,4.30378675460815,1.43079936504364,193.784213125706,0,1.76003023982048,0,5.4257709980011,0,0,0,756.396634429693,0,22.0778152644634,0,6.38036596775055,0,0,0,1.35331594944,0,0,0,0,0,0,0,0,0,0,0,0,0,0,0,0,0,0,0,0,0,0,0,0,0,0
364.467251598835,0,51.203740298748,0,0.680079400539398,0,82.1369599103928,0,0,0,602.205990314484,0,379.981167584658,0,5.69008642435074,0,1874.54144147038,0,19.3793610036373,0,0,0,3.27033293247223,0,0,0,1.26757943630219,0,924.579554378986,0,0,0,1.97276413440704,8.26336312294006,30.56027546525,33.7618796229362,46.4767193198204,3.65710246562958,17.0777058005333,0,1.26443600654602,0,73.2179526090622,2.46121484041214,29.0275394916534,0,157.065553754568,0,126.007088184357,0,526.291854590178,0,85.2360584139824,0,57.5705577135086,0,336.324510842562,5.10482150316238,936.617195010185,0,508.990151554346,0,2901.19509238005,0,273.082553476095,0,588.886802375317,34.96059897542,4.82413858175278,0.462745487689972,38.3501602113247,0,211.658225446939,0,14.6731967329979,2.18214726448059,172.333336442709,3.51604890823364,1256.46759337187,0,0,3.15034770965576,1600.82784602046,0,5451.33407899737,0,145.123964369297,0,116.956458568573,0,4.76514449715614,0,0,0,5.71131232380867,0,1.52123957872391,0,5.20254415273666,0,1.14238214492798,0,0,0,0,0,0,0,0,0.664905905723572,0,0,0,1.2751499414444,0,0
0,145.49522382021,0,29.4455140829086,0,1.73888897895813,0,31.5782171487808,0,0,0,425.233436375856,0,71.993595957756,0,14.261719673872,0,1129.20353001356,0,17.5196378529072,0,0.854101598262787,0,3.97659492492676,0,0,0,0,0,731.6263872087,1.50460660457611,1.14935564994812,4.11938047409058,64.4588208794594,28.638765335083,96.8640075325966,1.30466032028198,71.6043840646744,0,25.3930222690105,0,33.4799395501614,11.1694951355457,90.5936013758183,1.13166177272797,31.6398952305317,2.64121007919312,230.017455548048,0,178.449355751276,0,737.035304158926,0,89.7748841047287,0,136.377117186785,0,242.882607609034,4.46866983175278,884.216535329819,0,149.591261833906,0,2517.11961999536,0,765.168503880501,51.7274242043495,1429.71304219961,0,31.0369411110878,2.06915497779846,76.6456603109837,1.80603682994843,838.726805448532,0,22.5353512763977,29.6321712434292,32.2862165868282,0,756.396634429693,3.15034770965576,0,0,2989.08984914422,0,6732.72030773759,0,151.880126148462,0,206.687548696995,0,0.383813560009003,0,0,0,1.5463328063488,0,0,0,5.04457998275757,0,0,0,0,0,0,0,0,0,0,0.50738537311554,0,0,0,0,0
5.76820027828217,0,24.7618806958199,0,49.3202837109566,0,18.770175755024,2.13951045274734,27.1484506428242,0,18.5734524130821,0,28.4875002503395,0,87.8570629060268,0,78.3218327462673,0,29.3801892101765,7.43959009647369,4.26059257984161,0,10.2121291160583,0,5.33943462371826,0.987619936466217,9.10810995101929,0.526111841201782,1332.89729762077,0,4.06209647655487,0.677627086639404,0,0.506692707538605,4.92765393853188,4.16261187195778,397.050944685936,0,176.837750017643,0,744.982756346464,3.80601555109024,9.32789930701256,0,2.06024965643883,0,73.8459340631962,0,11.6489925384521,0,124.450033247471,0,26.0853209495544,0,145.182418704033,0,11.6355687975883,0,43.698842972517,0,24.1000541746616,0,13.8354261517525,0,26.5139609873295,0,36.0808963477612,0.473713546991348,2.53508180379868,0,23.1833236217499,1.69025450944901,125.365245878696,0,13.7682273983955,2.03525632619858,72.6333800554276,1.2523205280304,19.3802570104599,0,1600.82784602046,0,0,0,517.03791564703,0,518.899185091257,0,88.3804320394993,0,1.23115801811218,0,0,0,4.45696496963501,0,0,0,2.74456006288528,0,0,0,0,0,2.42024600505829,0,0,0,0,0,0,0,0,0,0,0
0,0,0,0.455031037330627,0.438420921564102,121.034435629845,0,0.588053524494171,0,34.7598763108253,0,0.466456025838852,0,5.82087180018425,0,209.74989131093,0,11.8667500317097,0,0,0,35.9077707231045,0,1.49799960851669,0,2.41738259792328,0,34.4665087163448,0,1073.79786884785,0,0,0,6.6101388335228,1.11645865440369,15.6565445363522,0,471.731271624565,0,173.022919088602,0,2229.97070023417,1.79199457168579,40.6498075425625,0,1.29656356573105,2.19257581233978,121.562095522881,0,12.0994206666946,0,86.5150237977505,0,26.5829940736294,0,195.464836716652,0,1.80355453491211,0,53.4099655747414,0,1.97338497638702,0,13.5276410281658,0,36.804256439209,0,105.606914937496,0,0,2.62451678514481,14.4765516519547,0,510.478158891201,0,5.53869479894638,2.56528723239899,63.3927837610245,0,22.0778152644634,0,2989.08984914422,0,0,0,528.287490457296,0,923.086798012257,0,82.6984267532825,0,1.33671522140503,0,0,0,2.13409808278084,0,0,0,1.06488144397736,0,0,0,0,0,0.422047793865204,0,0,0,0,0,0,0,0,0,0
1320.67279231548,0,50.8179010748863,0,18.8462524414062,0,265.679248481989,0,13.6065707504749,0,410.749734461308,0,200.283187448978,0,41.0857501924038,0,178.407995820045,0,10.5421018302441,0,1.95237147808075,0,1.10160779953003,0,0.937989413738251,0,3.65610319375992,0,499.141573995352,0,0,0,0.998534202575684,8.24169686436653,49.3889104127884,33.1079293489456,236.450333505869,27.9005169868469,55.9012806415558,0,53.0575017929077,2.52881300449371,92.5342122614384,36.7995516657829,32.2253578305244,1.28497648239136,304.391585439444,0,198.695796638727,2.0123695731163,5059.62579408288,0,649.706996560097,0,594.788174360991,1.65464174747467,876.731929928064,0,470.059135705233,0,1120.93130639195,0,1414.68424135447,0,3634.31439962983,0,340.01574036479,68.1401745676994,2.16251856088638,2.78957724571228,81.0303519666195,1.08739125728607,283.540956526995,0,45.3711709678173,1.86280679702759,272.232604920864,0,37.340189665556,0,5451.33407899737,0,517.03791564703,0,0,0,869.414800822735,0,5144.63933649659,0,12.2068407833576,0,0,0,16.9918145239353,0,2.45716434717178,0,4.70283603668213,0,0,0,0,0,0,0,0,0,0,0.877090215682983,0,0,0,0,0,0
0,691.242701351643,0,25.2535906434059,0,4.25595465302467,0,423.405815303326,0,0.690364897251129,0,210.100351214409,0,30.4357179403305,0,16.7530556023121,0,92.4464066326618,0,18.4984817802906,0,0,0,0,0,0,0,0.947149753570557,1.90594041347504,127.022946059704,2.76765656471252,3.07080292701721,2.07660937309265,21.192833006382,9.64549472928047,43.4672673642635,3.71811482310295,535.69302469492,0,81.5686314702034,0,186.063920199871,16.9235523641109,140.182740271091,0,63.9586569964886,1.59593868255615,376.013131171465,2.03434896469116,277.349284589291,6.25062263011932,4525.9177415967,0,1398.55298626423,0,1494.29746353626,0,366.846620589495,3.81367909908295,424.009227991104,0,178.62485447526,0,1127.50583568215,0,3383.2446308434,20.7585009038448,531.96792986989,0,4.34313017129898,0.612709999084473,104.59563061595,0,438.489709556103,2.02204543352127,51.2634792923927,9.67431604862213,152.358637452126,0,6.38036596775055,0,6732.72030773759,0,528.287490457296,0,0,0,965.074797213078,0,6278.83778622746,0,4.76115876436234,0,0,0,7.6559431552887,0,0,0,3.23341459035873,0,0,0,0,0,0,0,0,0,0,0,0,0,0,0,0
0,0,1.92998540401459,0,95.3038880228996,0,3.15654367208481,0,53.0714850723743,0,0,0,0.65907347202301,0,183.478425711393,0,1.43252462148666,0,0,0,8.38799947500229,1.92675304412842,5.05770057439804,0,4.03838765621185,0,17.1096778213978,2.6751321554184,630.63418135047,0,0.432321757078171,0,0,0,3.69174334406853,0.540078997612,1118.4165623486,0,151.472148418427,0,780.24077013135,13.2598273158073,2.4432524740696,0,1.90199109911919,0,177.989818781614,0,3.94711580872536,0,40.1544248461723,0,27.0298823416233,0,522.455656468868,0,0,0,4.11408632993698,0,3.68135198950768,0,6.7798787355423,0,11.8710001111031,0,6.38486149907112,0,0,0,29.9635780751705,11.6679023504257,171.013086855412,3.4708154797554,92.6079460382462,13.9359235167503,158.652110934258,0,0.534958004951477,0,145.123964369297,0,518.899185091257,0,869.414800822735,0,0,0,1848.0054871738,0,0,0,0,0,4.07201352715492,0,1.91571378707886,0,0.94058421254158,0,0,0,0,0,0,0,0,0,0,0,0,0,0,0,0,0
0,0,0,0,0,23.2257039248943,0,0,0,9.56700912117958,0,0,0,0.780690252780914,0,36.4422751665115,0,0,0,0,0,3.55938351154327,0,1.08807849884033,0,1.03883865475655,0,8.6824959218502,0,58.221728682518,0,0,0,0,1.5197948217392,8.18149414658546,2.22781327366829,1361.69414666295,0,454.838456004858,3.49197769165039,1501.25869199634,0.379634499549866,20.789539039135,0,0,0,88.6367321908474,0,0,0,5.71185591816902,0,15.6289394795895,0,1019.69393306971,0,0,0,0,0,0,0,1.81496804952621,0,4.10767659544945,0,12.5987982451916,0,0,2.85574012994766,18.5649690628052,0,92.0906288027763,3.2276137471199,9.90062475204468,0,208.200921207666,0,0,0,151.880126148462,0,923.086798012257,0,965.074797213078,0,0,0,1777.15530616045,0,0,0,0,0,4.16607049107552,0,0,0,0.519637763500214,0,0,0,0,0.963173270225525,0,0,0,0,0,0,0,0,0,0,0
458.76827904582,0,13.0887321233749,0,35.1895240843296,0,63.4723118245602,0,16.2317399084568,0,26.9828819334507,0,10.0751838088036,0,70.2354601025581,0,10.5546148121357,0,2.94833481311798,0,5.5153306722641,0.984979927539825,0.954703748226166,0,0.664067625999451,0,1.35399135947227,0,287.780372709036,0,1.03104424476624,0.969582200050354,0,5.35487991571426,58.7878124415874,63.8129897117615,1199.70959439874,68.6288995146751,295.162376761436,0.606786489486694,275.824985772371,16.9054743647575,122.376656830311,51.0502492487431,31.8346290886402,6.00158160924911,755.03767323494,0,98.8382284641266,0.948689937591553,845.208924561739,0,587.579310953617,0,4400.58491253853,6.96153891086578,379.007962793112,0,166.50898039341,2.4040921330452,284.657523959875,0,226.505271881819,0,675.361379176378,0,176.542293429375,160.826731204987,0.480078846216202,0,46.7302574813366,11.984389603138,225.436469644308,2.27015799283981,93.0433059334755,8.49375981092453,286.317465484142,0,3.5615049302578,0,116.956458568573,0,88.3804320394993,0,5144.63933649659,0,1848.0054871738,0,0,0,23.1750249862671,0,0,0,10.4106342196465,0,6.8980712890625,0,24.3858086466789,0,0,0,0,0,1.85863995552063,0,0,0,0,0,0,0,0,0,0,0
0,161.137223929167,0,3.43121027946472,0,0,0,111.162619113922,0,0.76489245891571,0,7.90017235279083,0,2.78168988227844,0,0.928170919418335,0,1.70937293767929,0,0,0,0,0,0,0,0,0,0,0,18.0582083463669,0,1.32010841369629,0,3.47771519422531,14.8484941720963,14.4289077222347,0.466989010572433,686.461293458939,0,137.795440226793,1.56273716688156,136.908490508795,14.4227783977985,85.1785050034523,0,34.44602227211,4.73958402872086,333.482898116112,0,137.208246827126,0,1310.01441478729,0,805.269473433495,0,2629.44613727927,0,124.528065830469,0,111.002363681793,0,23.3964747786522,0,44.8487961888313,0,473.212751895189,13.6846100091934,128.925079658628,0,0.468106359243393,0,31.2080488801003,0.867528438568115,95.5777009129524,0,22.5522648990154,0,102.558905094862,0,1.35331594944,0,206.687548696995,0,82.6984267532825,0,6278.83778622746,0,1777.15530616045,0,0,0,0.466058373451233,0,0,0,2.14131307601929,0,0,0,5.62770393490791,0,0.575906932353973,0,0,0,0,0,0,0,0.826633870601654,0,0,0,0,0,0
0.61140763759613,0,0,0,0,0,0,0,0,0,0,0,0,0,0,0,0,0,0,0,0,0,0,0,0,0,0,0,11.9145172834396,0,0,0,0,0,5.02451390028,1.63803029060364,143.007655143738,62.3046304285526,158.121044754982,22.4246001839638,4.10605657100677,0,74.4441406726837,5.08401799201965,1.00728952884674,0,361.415555655956,0,0.980273187160492,0,34.4685654044151,0,26.2639344334602,0,68.1942124664783,0,0,0,4.12162697315216,0,1.82363748550415,0,0,0,0,0,17.9417480230331,0.39084580540657,0,0,13.1801948845387,11.4597009420395,64.6827760338783,7.72780966758728,65.8457739651203,57.4675210416317,153.244526147842,54.925330966711,0.675808131694794,0,4.76514449715614,0,1.23115801811218,0,12.2068407833576,0,0,0,23.1750249862671,0,0,354.665223121643,2334.28802394867,107.871308594942,501.522958695889,154.6879786551,2191.16960546374,115.306034594774,3469.6056586206,151.092479526997,794.509819477797,47.4719432294369,481.378246814013,325.129822522402,693.972190916538,120.589433729649,441.228566646576,54.9048385620117,18.9959715604782,14.1633159518242,143.482697695494,93.140664845705,111.805652081966,12.0023635029793,5.43391832709312,14.0882595777512
0,0,0,0,0,0,0,0,0,0,0,0,0,0,0,0,0,0,0,0,0,0,0,0,0,0,0,0,2.43160676956177,0,0,0,0,0,0,0,147.362970203161,144.643855661154,187.13127592206,80.0716277658939,0,4.87356889247894,0.802559196949005,15.506334066391,0,0,0,71.3518425524235,0,1.80685079097748,0,22.9296250343323,0,35.3894093036652,0,24.8732820749283,0,0,0,0,0,0,0,0,0,0,0,0.744505226612091,0,0,7.81478267908096,63.4823140799999,12.0577038526535,29.4912522137165,96.9565588533878,90.1541484296322,24.070138156414,210.799032360315,0,0,0,0.383813560009003,0,1.33671522140503,0,4.76115876436234,0,0,0,0.466058373451233,354.665223121643,0,104.251144886017,3290.65174359083,131.583012968302,582.477721095085,493.969020873308,546.104905843735,192.722146779299,2425.28708103299,173.701515436172,254.389443784952,207.477627128363,721.007344663143,82.6732541322708,1106.13303026557,87.0286101698875,273.649843245745,57.2758182883263,38.4830378890038,332.448797225952,58.41608273983,224.04243439436,13.3007571399212,70.1665704548359,39.7321613729
0,0,0,0,0,0,0,0,0,0,0,0,0,0,0,0,0,0,0,0,0,0,0,0,0,0,0,0,2.8758556842804,0,0,0,0,0,0,0,82.3278752565384,31.6727261841297,155.458406627178,21.6535586118698,1.34451985359192,0,0,0,0,0,0,0,0,0,0,0,0,0,0,0,0,0,0,0,0,0,0,0,0,0,0,0,0,0,5.60735368728638,3.85251671075821,20.263160854578,0,39.0186207592487,35.6447957158089,132.79612082243,22.8413334786892,0,0,0,0,0,0,0,0,0,0,0,0,2334.28802394867,104.251144886017,0,19.6061017513275,527.865130454302,76.3369429707527,1341.09186667204,66.7548843622208,289.121030926704,73.7196477353573,2592.53953355551,20.1470031440258,1577.55681183934,100.522705405951,1263.53914800286,73.7917639911175,362.745462834835,44.6766771674156,34.5758989155293,26.8183009624481,183.387489825487,34.7078658044338,143.927519530058,26.6390235424042,4.8862022459507,26.3811601698399
0,0,0,0,0,0,0,0,0,0,0,0,0,0,0,0,0,0,0,0,0,0,0,0,0,0,0,0,0,0,0,0,0,0,0,0,105.04940289259,68.2536517083645,135.543507248163,58.2897669970989,0,0,0,0,0,0,0,2.34401333332062,0,0,0,0,0,0,0,0,0,0,0,0,0,0,0,0,0,0,0,0,0,0,1.26481682062149,21.1005598604679,3.39519608020782,10.3883851468563,43.7364509701729,58.6263988316059,10.2229428887367,160.297481656075,0,0,0,0,0,0,0,0,0,0,0,0,107.871308594942,3290.65174359083,19.6061017513275,0,45.2279029786587,228.031066387892,309.011420816183,178.451010882854,96.6380774378777,186.988883584738,46.2347423434258,2508.10786026716,72.4364238083363,1457.90665721893,49.6923723816872,1191.41255116463,67.9101368188858,157.551178365946,101.660598784685,91.3153932988644,365.696806937456,75.5711041688919,305.68735703826,52.2742414772511,149.496681988239,84.4980434179306
199.497991979122,12.2304893136024,69.0479600727558,6.60482531785965,2.39110466837883,0,27.2894513607025,0,3.71988597512245,0,9.85768228769302,0.539112448692322,21.4642327129841,0,16.4664676785469,0,8.02758198976517,0,128.843381583691,18.8344054222107,0,0,14.2650270164013,0.630109250545502,0.331135183572769,0,0,0,23.949090898037,0,5.20454129576683,3.23310285806656,5.12691286206245,13.6799595355988,4.19796234369278,6.32729467749596,336.042875885963,26.1696724295616,28.4873828291893,11.2797525525093,16.531625777483,0,14.2068817317486,0,8.67241340875626,0,46.0774100720882,1.19768410921097,27.2772727906704,0,77.1770806312561,0,14.7794114649296,0,6.76641869544983,0,149.501471877098,1.87681579589844,80.2999320328236,0,45.075337678194,0,14.1796600222588,0,18.7638747692108,0,129.303034693003,2.15185391902924,193.687013298273,0,300.806103944778,63.1310504674911,273.682267934084,13.9790279865265,429.566267669201,49.9175665080547,1544.21702319384,252.691667765379,0,0,5.71131232380867,0,4.45696496963501,0,16.9918145239353,0,4.07201352715492,0,10.4106342196465,0,501.522958695889,131.583012968302,527.865130454302,45.2279029786587,0,103.009155362844,1786.5773281455,40.5621612370014,252.820961385965,53.6218376457691,138.73061478138,19.3124763965607,289.75718832016,114.328205615282,1896.68130674958,99.3898096680641,341.591113716364,13.2650457620621,169.602369815111,1078.31590825319,411.252331703901,68.6201510131359,106.872543692589,128.938357204199,21.5225156545639,135.741922676563
1.369389295578,189.421075195074,0,66.672073662281,0,0.472753465175629,0,17.9119432270527,0,0.496290147304535,0,10.6624518334866,0,4.44167548418045,0,0.862721890211105,0,2.65442967414856,1.24182999134064,109.954396337271,0,0,0,10.2865355014801,0,0,0,0,0,2.90626141428947,2.19287317991257,1.13257074356079,0,36.3584548532963,10.3505935072899,11.3473092913628,77.5005220770836,312.700466632843,69.1304247379303,69.9648245573044,0,11.2129529714584,0,14.2057254314423,0,3.18234741687775,0,55.3034336268902,0,12.8292140960693,0,67.2529953420162,0,3.64717572927475,0,8.06154128909111,0,70.6072445809841,0,38.4268941283226,0,1.44678235054016,0,0,0,10.8909231126308,1.36578643321991,121.273038059473,3.00092989206314,63.2504423260689,21.7219417989254,308.789257317781,12.6002465486526,97.4819965958595,41.2770082950592,220.635152131319,50.828292876482,751.113984137774,0,0,0,1.5463328063488,0,2.13409808278084,0,7.6559431552887,0,4.16607049107552,0,2.14131307601929,154.6879786551,582.477721095085,76.3369429707527,228.031066387892,103.009155362844,0,205.515467733145,1582.82427883148,74.5332730710506,538.330401003361,53.8607723712921,51.7513718307018,88.1213143467903,152.538232803345,94.7577824294567,391.840607494116,43.1524375379086,52.8552213013172,127.545430779457,511.104826718569,841.49799656868,36.7073551118374,38.2856912910938,15.9139283895493,25.3879632651806,47.7354647517204
28.2653715014458,0,0,0,0,0,3.81544309854507,0,0,0,0,0,2.29417622089386,0,0,0,0,0,4.85662204027176,0,0,0,1.57635653018951,0,0,0,0,0,8.85324376821518,0,0,0,1.52417230606079,1.73518931865692,3.36047899723053,2.29006063938141,160.184554815292,67.4692612886429,114.256889671087,34.8360380828381,5.79708582162857,0,5.14844793081284,0,7.29542362689972,0,17.8229814171791,0.36513090133667,3.1058601140976,0,8.61250787973404,0,2.29994109272957,0,1.56394380331039,0,17.5914096236229,0,13.287288248539,0,5.80966031551361,0,0.886974155902863,0,7.23801136016846,0,28.4382212460041,1.93478339910507,43.8486760556698,0,29.8519841134548,30.2118402123451,39.6057632565498,10.4510002732277,89.6473960876465,62.3888727128506,391.109245717525,79.3185691535473,0,0,1.52123957872391,0,0,0,2.45716434717178,0,1.91571378707886,0,6.8980712890625,0,2191.16960546374,493.969020873308,1341.09186667204,309.011420816183,1786.5773281455,205.515467733145,0,133.811853736639,3258.9768358469,186.691609293222,705.360400319099,134.554308801889,830.434378236532,539.79171860218,1245.18402457237,167.179009318352,660.263470113277,52.3496963977814,24.2106953561306,246.562104612589,2186.69698244333,129.687807589769,135.460239082575,54.3431078195572,13.6857199668884,51.6318558752537
0,0,0,0,0,0,0,0,0,0,0,0,0,0,0,0,0,0,0,0,0,0,0,0,0,0,0,0,0,0,0,0,0,2.84643548727036,0,0,44.7931513190269,49.0177379250526,49.9957474172115,21.1745804846287,0,0,0,1.22598171234131,0,0,0,4.52518725395203,0,1.73956286907196,0,0,0,0,0,0,0,0,0,0,0,0,0,0,0,0,2.21875578165054,4.35919672250748,0,0,5.19650572538376,14.3999797701836,3.08210295438766,5.75607311725616,33.9969608485699,23.4001570343971,9.2091825902462,30.4861437082291,0,0,0,0,0,0,0,0,0,0,0,0,115.306034594774,546.104905843735,66.7548843622208,178.451010882854,40.5621612370014,1582.82427883148,133.811853736639,0,66.2464750409126,2425.51714670658,45.2778602540493,21.1518453061581,82.3660208284855,95.4325572252274,56.3254542052746,306.167918682098,45.1190730929375,116.999834060669,8.51188409328461,73.4971430003643,2019.6487518847,310.369746059179,107.798640370369,9.30550271272659,21.4433486163616,10.089275509119
0.410659939050674,0,0,0,0,0,0,0,0,0,0,0,0,0,0,0,0,0,0,0,0,0,0,0,0,0,0,0,9.84379863739014,0,0,0,0,0,1.16691911220551,0,60.1971800029278,27.7458987534046,84.8515970408916,12.4936890304089,3.9314529299736,0,78.7587564885616,0,3.31012767553329,0,681.670496210456,0,0,0,5.23846399784088,0,7.10567045211792,0,71.436608672142,0,3.79443717002869,0,1.17868852615356,0,0,0,0,0,0,0,7.61708998680115,1.51471698284149,1.13162660598755,0,14.255952835083,10.6892966032028,37.9227215349674,2.54041719436646,39.7761510312557,22.1174547672272,55.720428943634,16.3102613687515,0,0,5.20254415273666,0,2.74456006288528,0,4.70283603668213,0,0.94058421254158,0,24.3858086466789,0,3469.6056586206,192.722146779299,289.121030926704,96.6380774378777,252.820961385965,74.5332730710506,3258.9768358469,66.2464750409126,0,105.920106112957,231.311115264893,59.260972648859,126.847459405661,259.602534085512,245.163457095623,79.5111025571823,240.531056284904,28.5443606078625,4.50333565473557,3.73071902990341,278.649539887905,149.879139125347,60.9482452273369,14.8220906853676,2.52243560552597,10.6759284734726
0,0,0,0,0,0,0,0,0,0,0,0,0,0,0,0,0,0,0,0,0,0,0,0,0,0,0,0,0,1.4667906165123,0,0,0,0,1.38778495788574,1.75640308856964,61.1002892255783,77.5738073587418,67.7925042510033,37.4715748727322,0,5.83537620306015,7.91188424825668,38.8594692349434,0.658597588539124,0.491621762514114,2.44017624855042,385.562185049057,0,1.12856674194336,0,13.2299074530602,0,36.9504067599773,0,41.3403541743755,0,0,0,0,0,0,0,0,0,0,3.03009343147278,2.03258639574051,0,0,4.58886283636093,32.6267630457878,12.4653728604317,28.1750208735466,57.8182520568371,46.4295337796211,13.4271754026413,60.6046803891659,0,0,0,5.04457998275757,0,1.06488144397736,0,3.23341459035873,0,0.519637763500214,0,5.62770393490791,151.092479526997,2425.28708103299,73.7196477353573,186.988883584738,53.6218376457691,538.330401003361,186.691609293222,2425.51714670658,105.920106112957,0,75.0890208184719,25.8403533101082,122.65463963151,190.231465786695,66.2310651838779,330.839154064655,58.2282348275185,314.094361037016,4.32777798175812,2.1616325378418,454.006690174341,512.991675436497,413.382287323475,4.53457480669022,6.26941066980362,4.24854761362076
0,0,0,0,0,0,0,0,0,0,0,0,0,0,0,0,0,0,0,0,0,0,0,0,0,0,0,0,0,0,0,0,0,0,0,0,68.1526134610176,26.2755158543587,81.2024210393429,18.8392201960087,0,0,0,0,0,0,0,0,0,0,0,0,0,0,0,0,0,0,0,0,0,0,0,0,0,0,0,0,0,0,6.3811668753624,8.46075013279915,6.38909518718719,2.65926837921143,25.1310760378838,29.2443176805973,44.4311645925045,23.7728180289268,0,0,1.14238214492798,0,0,0,0,0,0,0,0,0,794.509819477797,173.701515436172,2592.53953355551,46.2347423434258,138.73061478138,53.8607723712921,705.360400319099,45.2778602540493,231.311115264893,75.0890208184719,0,30.9209313690662,2606.55755186081,149.979884028435,554.576707750559,67.205624550581,217.218617200851,33.4028087258339,5.66776618361473,8.10095196962357,49.9460979104042,2.96799612045288,47.2066763937473,4.82320848107338,5.60863149166107,4.82512256503105
0,0,0,0,0,0,0,0,0,0,0,0,0,0,0,0,0,0,0,0,0,0,0,0,0,0,0,0,0,0,0,0,0,0,0,0,54.6680937707424,27.2894134521484,58.6645377278328,11.7238517999649,0.621841847896576,0,0,0,0,0,0,0.449722826480865,0,0,0,0,0,0,0,0,0,0,0,0,0,0,0,0,0,0,0,0,0,0,1.35012423992157,9.96268507838249,1.09880232810974,0.665415823459625,18.3638867735863,23.7820139229298,9.43817228078842,32.7856960296631,0,0,0,0,0,0,0,0,0,0,0,0.575906932353973,47.4719432294369,254.389443784952,20.1470031440258,2508.10786026716,19.3124763965607,51.7513718307018,134.554308801889,21.1518453061581,59.260972648859,25.8403533101082,30.9209313690662,0,54.5472304821014,2379.28588688374,19.8258471786976,325.450342655182,29.2980656325817,63.3526586890221,10.807703524828,4.33072879910469,25.324460119009,3.31396716833115,32.6463597416878,6.68706321716309,23.8737120628357,7.71818518638611
0,0,0,0,0,0,0,0,0,0,0,0,0,0,0,0,0,0,0,0,0,0,0,0,0,0,0,0,0,0,0,0,0,0,0,0,94.6773166954517,50.0532127022743,159.40363624692,38.4745941460133,0,0,0,0,0,0,2.51102960109711,0,0,0,0,0,0,0,0,0,0,0,0,0,0,0,0,0,0,0,0,0,0,0,4.43666714429855,0.853084981441498,15.4497459828854,0,40.8087769150734,37.7627677619457,80.1672900617123,34.8313648402691,0,0,0,0,0,0,0,0,0,0,0,0,481.378246814013,207.477627128363,1577.55681183934,72.4364238083363,289.75718832016,88.1213143467903,830.434378236532,82.3660208284855,126.847459405661,122.65463963151,2606.55755186081,54.5472304821014,0,452.085066974163,5665.76330474019,114.099988132715,453.205996841192,64.2858370840549,99.6637419462204,46.4637160003185,297.776792228222,57.8886694014072,144.479741752148,704.45716047287,574.166710555553,80.2589444518089
0,0.554793834686279,0,1.18063926696777,0,0,0,0,0,0,0,0,0,0,0,0,0,0,0,0,0,0,0,0,0,0,0,0,0,2.01234436035156,0,0,0,0,0,0,291.618618071079,200.411216169596,226.798024982214,128.846559375525,0,2.99478799104691,0,0,0,0,0,1.46616184711456,0,0,0,0,0,0,0,0,0,0,0,0,0,0,0,0,0,0,0,0,0,0,7.9047150015831,42.1725088059902,13.673145711422,25.0913643836975,163.978200554848,163.035731315613,52.3435154855251,258.675292372704,0,0,0,0,0,0,0,0,0,0,0,0,325.129822522402,721.007344663143,100.522705405951,1457.90665721893,114.328205615282,152.538232803345,539.79171860218,95.4325572252274,259.602534085512,190.231465786695,149.979884028435,2379.28588688374,452.085066974163,0,186.023086816072,6465.20491805673,182.189778625965,514.964734971523,123.501530945301,83.627015799284,304.194113343954,29.589436352253,145.321575075388,411.919214427471,204.726530373096,69.9885496795177
4.51201206445694,0,2.25122040510178,0,0,0,0,0,0,0,0,0,0,0,0,0,1.20713612437248,0,0,0,1.2114155292511,0,0,0,0,0,0,0,1.13082134723663,0,0.611430108547211,0,0,1.16391956806183,0,0,122.103133827448,35.2061216235161,62.3305450081825,16.7710507810116,6.80940622091293,0,0,0,0,0,1.96353828907013,1.26802533864975,0,0,0,0,0,0,0,0,6.84038549661636,0,1.72430598735809,0,0,0,0.902895331382751,0,0,0,1.32134068012238,0,2.96169036626816,0,101.290711373091,54.5916866958141,113.205401778221,12.0062740445137,190.989407449961,35.123152256012,870.390655130148,220.425909131765,0,0,0,0,2.42024600505829,0,0,0,0,0.963173270225525,1.85863995552063,0,693.972190916538,82.6732541322708,1263.53914800286,49.6923723816872,1896.68130674958,94.7577824294567,1245.18402457237,56.3254542052746,245.163457095623,66.2310651838779,554.576707750559,19.8258471786976,5665.76330474019,186.023086816072,0,367.944819122553,786.990611195564,30.6293193399906,465.934431612492,113.50711274147,459.524391442537,89.7929331660271,151.690165042877,130.660604029894,770.635344445705,424.045577853918
0,10.8485399484634,0,4.37212008237839,0,0,0,3.30961292982101,0,0,0,0,0,0,0,0,0,0,0,5.15410122275352,0,0,0,0,0,0,0,0,0,3.89357280731201,1.23793172836304,0,0,1.52481508255005,0,0,76.6109570860863,68.3025653958321,44.7641778588295,34.1432086229324,0.8414106965065,0,0,1.85414731502533,0,0,0,5.28010779619217,0,0,0,0,0,0,0,0,0,0.997526884078979,0,0,0,0,0,0,0,0,0,1.95779475569725,0,2.11458301544189,21.3206589221954,119.964833110571,15.0918926596642,22.5560679733753,47.1270821988583,108.07691052556,88.0848622322083,535.225318640471,0,0,0,0,0,0.422047793865204,0,0,0,0,0,0,120.589433729649,1106.13303026557,73.7917639911175,1191.41255116463,99.3898096680641,391.840607494116,167.179009318352,306.167918682098,79.5111025571823,330.839154064655,67.205624550581,325.450342655182,114.099988132715,6465.20491805673,367.944819122553,0,81.1421754062176,529.188963294029,403.274086833,82.9166904091835,951.155765712261,174.543750077486,209.718457967043,135.544369250536,803.91052493453,856.565344840288
3.42416310310364,0,0,0,0,0,0.769719481468201,0,0,0,0,0,0,0,0,0,0,0,0,0,0,0,0,0,0,0,0,0,1.56399071216583,0.769389450550079,0,0,0,0,0,0,74.876054674387,31.5941331386566,42.2467142343521,9.94770231842995,0.475006520748138,0.528615713119507,0,0,0,0,0.638715088367462,0,0,0,0,0,0,0,0,0,5.91870033740997,0,1.36919832229614,0,0,0,0,0,0.537169754505157,0,0,0,3.57015466690063,0,10.8632414937019,26.7135321497917,18.5806160569191,6.04729175567627,45.9222275912762,31.0813930630684,63.5953657031059,40.7582160234451,0,0,0,0,0,0,0,0,0,0,0,0,441.228566646576,87.0286101698875,362.745462834835,67.9101368188858,341.591113716364,43.1524375379086,660.263470113277,45.1190730929375,240.531056284904,58.2282348275185,217.218617200851,29.2980656325817,453.205996841192,182.189778625965,786.990611195564,81.1421754062176,0,32.3542021811008,13.5331895053387,10.8002786934376,148.330596029758,22.5448234975338,29.7186308503151,5.64917820692062,7.28178352117538,19.1776123642921
0,0,0,0,0,0,0,0,0,0,0,0,0,0,0,0,0,0,0,0,0,0,0,0,0,0,0,0,0,0,0,0,0,0.664057314395905,0,0,23.2032156586647,20.8683887720108,18.4985489845276,19.6173675656319,0,0,0,0,0,0,0,0,0,0,0,0,0,0,0,0,0,0,0,0,0,0,0,0,0,0,0,0,0,0,5.87085503339767,15.5820264816284,9.02641493082047,4.20888927578926,9.93551957607269,27.0364689826965,11.4632042646408,37.4015082716942,0,0,0,0,0,0,0,0,0,0,0,0,54.9048385620117,273.649843245745,44.6766771674156,157.551178365946,13.2650457620621,52.8552213013172,52.3496963977814,116.999834060669,28.5443606078625,314.094361037016,33.4028087258339,63.3526586890221,64.2858370840549,514.964734971523,30.6293193399906,529.188963294029,32.3542021811008,0,16.8669738769531,6.89500164985657,93.5001027286053,19.5636068582535,15.1816734075546,6.10919415950775,7.91100603342056,24.5218457579613
17.3765381574631,27.8505650162697,11.0981584787369,34.2877382338047,0,0,8.54678338766098,1.17738831043243,0.52116072177887,0,1.21335649490356,7.83622264862061,4.2120178937912,1.64797204732895,0.553699791431427,0,0,1.55988848209381,19.2116553783417,35.5452215969563,0,0,2.1283563375473,1.94198942184448,0,0,0,0,1.66612464189529,0,2.76336789131165,0,0,1.60310164093971,0,0,32.4618875682354,12.2214608490467,2.11824080348015,2.23968267440796,3.67513597011566,0,0,0,0,0,0,1.75530076026917,0,0,0,0.821693480014801,0,0,0,1.13867425918579,2.13203060626984,6.13171610236168,0.551016867160797,1.15252095460892,0.566929399967194,0,0,0,0,0,1.22816073894501,6.25235104560852,12.5249349474907,1.50934851169586,68.5654932558537,96.1422107815742,37.9594617187977,15.1601822376251,91.0539504885674,43.8248238265514,470.004346638918,670.905953079462,0,0,0,0,0,0,0,0,0,0,0,0,18.9959715604782,57.2758182883263,34.5758989155293,101.660598784685,169.602369815111,127.545430779457,24.2106953561306,8.51188409328461,4.50333565473557,4.32777798175812,5.66776618361473,10.807703524828,99.6637419462204,123.501530945301,465.934431612492,403.274086833,13.5331895053387,16.8669738769531,0,427.602049976587,320.382782757282,76.8202854394913,152.001502782106,352.131945967674,181.683255404234,289.390519380569
8.93320262432098,14.0068365335464,6.42209625244141,9.99497312307358,0,0,0,5.03167980909348,0.435710817575455,0,0,0,0,1.30428230762482,0.973731875419617,0.767664074897766,1.02723705768585,0,5.6692715883255,11.2010034620762,0,0,0.782921254634857,1.84281623363495,0,0,0,0,4.4269380569458,0,0.890122830867767,0,0,1.27599382400513,0.475605428218842,0.971625804901123,43.8680631518364,48.3231217861176,3.0724039375782,0,1.59749448299408,2.31286835670471,0,1.35953187942505,0,1.43179082870483,67.048751950264,63.486230134964,0.58926260471344,0,0.69026643037796,4.72806692123413,0,0.657404541969299,0,0,7.18982416391373,3.7634893655777,3.56860119104385,4.25675657391548,1.44484519958496,0,2.27503848075867,0,1.32531970739365,0.964975237846375,4.88411277532578,12.700105458498,10.8060504198074,4.7373873591423,17.5140810906887,43.5503097176552,20.0028051137924,11.2686526179314,39.2493619024754,17.9203529953957,735.912072002888,1660.42962139845,0,0,0.664905905723572,0,0,0,0.877090215682983,0,0,0,0,0.826633870601654,14.1633159518242,38.4830378890038,26.8183009624481,91.3153932988644,1078.31590825319,511.104826718569,246.562104612589,73.4971430003643,3.73071902990341,2.1616325378418,8.10095196962357,4.33072879910469,46.4637160003185,83.627015799284,113.50711274147,82.9166904091835,10.8002786934376,6.89500164985657,427.602049976587,0,1150.42723971605,60.5987414419651,151.047266483307,310.879816710949,129.527256280184,276.699737370014
0,1.28415429592133,0,0,0,0,0,0,0,0,0,0,0,0,0,0,0,0,0,1.15591144561768,0,0,0,0,0,0,0,0,0,0,0,0,0,0.710440278053284,0,0,54.6074121892452,32.5147984921932,21.4475950300694,24.4090492725372,0,0,0,0,0,0,0,0,0,0,0,0,0,0,0,0,0,0,0,0,0,0,0,0,0,0,0,3.0669207572937,0,0,3.43847584724426,21.8767577111721,7.4698634147644,6.44754594564438,32.1530101001263,31.3167780339718,48.8422811627388,141.239707559347,0,0,0,0.50738537311554,0,0,0,0,0,0,0,0,143.482697695494,332.448797225952,183.387489825487,365.696806937456,411.252331703901,841.49799656868,2186.69698244333,2019.6487518847,278.649539887905,454.006690174341,49.9460979104042,25.324460119009,297.776792228222,304.194113343954,459.524391442537,951.155765712261,148.330596029758,93.5001027286053,320.382782757282,1150.42723971605,0,1113.81629401445,836.814587593079,694.451688915491,349.46177187562,412.399051427841
0,0,0,0,0,0,0,0,0,0,0,0,0,0,0,0,0,0,0,0,0,0,0,0,0,0,0,0,0,0,0,0,0,0,0,0,9.61290216445923,5.15945947170258,4.14006918668747,0,0,0,0.734094262123108,0,0,0,51.1505030989647,0,0,0,0,0,0,0,0,0,0,0,0,0,0,0,0,0,0,0,0,0,0,0,2.47692114114761,1.34981200098991,0,0,3.60432100296021,4.04309266805649,12.0331820249557,15.4615544378757,0,0,0,0,0,0,0,0,0,0,0,0,93.140664845705,58.41608273983,34.7078658044338,75.5711041688919,68.6201510131359,36.7073551118374,129.687807589769,310.369746059179,149.879139125347,512.991675436497,2.96799612045288,3.31396716833115,57.8886694014072,29.589436352253,89.7929331660271,174.543750077486,22.5448234975338,19.5636068582535,76.8202854394913,60.5987414419651,1113.81629401445,0,343.394189149141,201.363057017326,21.2545304596424,65.6989225149155
0,0,0,0,0,0,0,0,0,0,0,0,0,0,0,0,0,0,0,0,0,0,0,0,0,0,0,0,0,0,0,0,0,0,0,0,12.5486097335815,5.09905791282654,5.97497323155403,4.40176779031754,0.509548425674438,0,0,0,0,0,0,2.27839934825897,0,0,0,0,0,0,0,0,0,0,0,0,0,0,0,0,0,0,0,0,0,0,0,0.559979736804962,0,0.808833539485931,5.3507553935051,6.86611169576645,23.8313554525375,23.6712736487389,0,0,0,0,0,0,0,0,0,0,0,0,111.805652081966,224.04243439436,143.927519530058,305.68735703826,106.872543692589,38.2856912910938,135.460239082575,107.798640370369,60.9482452273369,413.382287323475,47.2066763937473,32.6463597416878,144.479741752148,145.321575075388,151.690165042877,209.718457967043,29.7186308503151,15.1816734075546,152.001502782106,151.047266483307,836.814587593079,343.394189149141,0,520.364411652088,75.2943204939365,135.573817521334
0,0,0,0,0,0,0,0,0,0,0,0,0,0,0,0,0,0,0,0,0,0,0,0,0,0,0,0,0,0,0,0,0,0,0,0,1.01088979840279,1.16459512710571,4.02281522750854,1.49239858984947,0,0,0,0,0,0,0,0,0,0,0,0,0,0,0,0,0,0,0,0,0,0,0,0,0,0,0,0,0,0,1.35095238685608,2.21998566389084,0.557093381881714,0.623500227928162,6.635229408741,1.68556717038155,43.8893735706806,43.3521680235863,0,0,1.2751499414444,0,0,0,0,0,0,0,0,0,12.0023635029793,13.3007571399212,26.6390235424042,52.2742414772511,128.938357204199,15.9139283895493,54.3431078195572,9.30550271272659,14.8220906853676,4.53457480669022,4.82320848107338,6.68706321716309,704.45716047287,411.919214427471,130.660604029894,135.544369250536,5.64917820692062,6.10919415950775,352.131945967674,310.879816710949,694.451688915491,201.363057017326,520.364411652088,0,463.80502936244,375.997677147388
0,0,0,0,0,0,0,0,0,0,0,0,0,0,0,0,0,0,0,0,0,0,0,0,0,0,0,0,0,0,0,0,0,0,0,0,4.29179221391678,9.95946085453033,2.56783738732338,2.28496262431145,0,0,0,0,0,0,0,0,0,0,0,0,0,0,0,0,0,0,0,0,0,0,0,0,0,0,0,0,0,0,0.428950667381287,12.6732966601849,0.608665525913239,2.33027940988541,3.60332798957825,8.92416971921921,10.7967278957367,99.8242090046406,0,0,0,0,0,0,0,0,0,0,0,0,5.43391832709312,70.1665704548359,4.8862022459507,149.496681988239,21.5225156545639,25.3879632651806,13.6857199668884,21.4433486163616,2.52243560552597,6.26941066980362,5.60863149166107,23.8737120628357,574.166710555553,204.726530373096,770.635344445705,803.91052493453,7.28178352117538,7.91100603342056,181.683255404234,129.527256280184,349.46177187562,21.2545304596424,75.2943204939365,463.80502936244,0,241.723491370678
2.03146427869797,13.0460245609283,1.67621129751205,0,0,0,2.31244456768036,0,0,0,0,0,0,0,0,0,0,0.747311949729919,4.20449370145798,2.18280363082886,0,0,0,0,0,0,0,0,1.10581922531128,0,2.21406650543213,0.867223083972931,0,0.839615225791931,0,0.849445462226868,10.0928838849068,11.0370672047138,3.20688211917877,1.405657351017,1.16692286729813,0,0,0,0,0,0.845631718635559,1.8611689209938,0.466809093952179,0,0,0,0,0,0,0,0.447650343179703,0,0,0,0,0,0,0,0,0,0,0,3.4335580766201,1.65011584758759,15.0335368812084,44.2240097522736,22.0249920785427,9.49880242347717,35.4227536320686,30.3460859656334,97.8504908084869,235.99260494113,0,0,0,0,0,0,0,0,0,0,0,0,14.0882595777512,39.7321613729,26.3811601698399,84.4980434179306,135.741922676563,47.7354647517204,51.6318558752537,10.089275509119,10.6759284734726,4.24854761362076,4.82512256503105,7.71818518638611,80.2589444518089,69.9885496795177,424.045577853918,856.565344840288,19.1776123642921,24.5218457579613,289.390519380569,276.699737370014,412.399051427841,65.6989225149155,135.573817521334,375.997677147388,241.723491370678,0
