0,161.75748822093,5649.79109054804,216.016547948122,0,0,4256.86724838614,173.94514170289,5.38034182786942,0,3718.11943888664,52.1925451755524,820.28609764576,3.0340793132782,0.854417204856873,0,995.601367592812,5.8053771853447,1064.77641037107,715.276268452406,0,0,6.15721017122269,4.16445195674896,0,0,0,0.642186224460602,810.635746508837,4.46196895837784,8.03291064500809,1.41546940803528,4.90755584836006,155.42667606473,0,1.0732239484787,466.519517064095,2.43337392807007,82.7171113491058,0,5.71447646617889,0,0,0.962484180927277,0,0,4.35407328605652,0,3.21814578771591,0,159.656131982803,0,30.6644230782986,0,10.8673278689384,0,11794.6782558262,14.8960821628571,581.009923219681,0.763411939144135,771.334142923355,0,239.60783213377,0,329.478841036558,0,270.347547829151,11.1621899604797,1637.38605311513,42.3318983316422,3231.91064217687,116.017324864864,1964.16946163774,42.4543238580227,1000.79043653607,14.9942942261696,4094.25261697173,96.5391854941845,9.77727270126343,0,191.110139787197,0,1.35995483398438,0,1540.45568019152,0,0,0,594.786824554205,0,0,0,0,0,84.1419026255608,0,3.71480637788773,0,0,0,0,0,0,0,5.35072895884514,0,13.3478328585625,0,17.1607931852341,12.8131479024887,0,0,0,0,0,3.49142056703568
161.75748822093,0,156.562537103891,3484.23202854395,0,0,7.13910949230194,5849.23845216632,0,3.53793030977249,6.42888087034225,1378.90621203184,0,749.031023532152,0,76.3942843079567,5.52108591794968,1105.48298093677,648.644738614559,1112.51999682188,0,0,0,2.89557281136513,0,0,0,0,3.22470885515213,293.969197839499,3.48212260007858,2.60631787776947,118.35683837533,171.496894747019,0,0,2.79747140407562,257.336660534143,0,51.487219452858,0,1.98308962583542,0,0,0,0,1.21852481365204,21.6601866483688,0,0,0,101.87173473835,0,1.30598795413971,0,9.84843599796295,58.7250799536705,11145.3717460334,1.00098872184753,382.243584245443,0,769.230540603399,0,336.422626614571,0,247.022705584764,90.9551366567612,101.241316974163,246.275551378727,919.789905637503,89.7652152478695,1727.62038075924,9.38278758525848,2632.23857396841,6.79826870560646,690.141807943583,229.91336402297,3896.88584184647,0.975324273109436,2.69629433751106,0,60.8035669326782,0,0,0,357.57965824008,0,0,0,372.898660182953,0,0,0,0,0,93.6961934268475,0,0,0,0,0,0,0,0,0,4.01511746644974,0,0,7.43877655267715,9.80117273330688,0,0,0,0,0,2.73324203491211
5649.79109054804,156.562537103891,0,647.497343987226,843.310908824205,44.0629062652588,11587.4314733446,1084.01746672392,507.638502955437,41.2605538964272,679.110670566559,63.2433495819569,815.7859788239,147.314343035221,240.648348867893,26.1450219154358,338.731679588556,11.1973868012428,2198.74947038293,1123.44327223301,6.77773118019104,1.94545364379883,2808.33432528377,1267.78894707561,237.293430268764,118.670332640409,35.0424862205982,16.755214869976,720.373260855675,7.03359273076057,159.18503716588,300.952386558056,71.2513768970966,309.274154722691,2.01468271017075,3.08682888746262,82.4552575945854,0,18.0851671695709,0,2.81567215919495,0,1.71226680278778,0,0.602854311466217,0,1.49132567644119,0,0,0,5.84367704391479,0,0,0,0,0,426.9878680408,0,643.424595296383,0,15.7823207378387,0,6.90336954593658,0,3.82431036233902,0,1325.83546751738,9.77387002110481,466.439350157976,8.46084594726562,2331.56586915255,536.172159731388,1861.45551869273,153.036154597998,780.464970856905,43.7538603544235,2399.43092620373,164.745432496071,2.27128812670708,0,8.04186084866524,0,10.181189596653,0,6.62244686484337,0,0.646968603134155,0,0,0,0,0,0,0,59.9569723010063,0.872883021831512,1.37583184242249,0,0,0,0,0,0.731786847114563,0,0.598760485649109,0,0,0,16.5118670463562,2.76210552453995,0,0,0,0,0,1.41916364431381
216.016547948122,3484.23202854395,647.497343987226,0,96.1427260041237,315.527546674013,670.153943747282,13827.3830341697,126.839757859707,158.642068505287,63.8764183521271,1331.6511939168,167.104205965996,1115.1586714685,75.8803913593292,341.292321592569,14.5729929804802,280.974625259638,1040.86587551236,2702.69772979617,5.95110160112381,3.21100676059723,1143.91334503889,3065.44035997987,166.839709937572,703.73049467802,23.3904253840446,125.699149012566,56.0211620330811,239.554272890091,245.852754145861,134.729648888111,121.417536854744,173.5391305089,0,8.36028838157654,0,101.408374011517,0,10.8839473724365,3.84928968548775,63.1296929717064,0,3.33344233036041,0,7.20521634817123,0,13.4592081308365,0,12.0799386501312,0,267.111291646957,0,0,0,1.0047105550766,23.402620613575,365.824279785156,0,206.516965091228,0.934496521949768,60.8037063777447,0,76.697035908699,0,67.7521810531616,10.429728448391,434.979755759239,58.8983617424965,50.8429979979992,576.546262234449,2373.10506570339,230.045016884804,3155.53176772594,39.018963009119,864.757033079863,85.3638899922371,2820.97639510036,0,1.32392871379852,0,22.6646257042885,3.11502593755722,8.42461174726486,0,149.309061527252,0,3.25808793306351,0,54.1346091032028,0,0,0,0,4.81719958782196,95.3958156406879,0,0,0,0,0,0,0,0,0,0.517749190330505,0,0,15.6711974740028,14.7926717996597,0,0,0,0,0,2.58495366573334
0,0,843.310908824205,96.1427260041237,0,83.2103829681873,107.688050627708,35.6615450382233,1794.70848345757,40.9398701786995,3.96034049987793,0,46.5258171856403,3.16364657878876,2254.74088326097,36.2922267913818,0,0,1.1426328420639,0,115.129502445459,110.234976053238,150.215814650059,137.067524969578,408.559138655663,210.640938192606,939.230492562056,172.972938269377,379.147797882557,3.52710604667664,142.566590845585,43.7597836256027,18.353571087122,4.10804957151413,0.803667962551117,0,33.2981608510017,11.9943715333939,22.082927942276,0,12.5979167222977,1.3431168794632,0,0,0,0,7.58619821071625,0,0,0,0,0,0,0,0,0,0,0,0,0,0,0,0,0,0,0,0,0,0.740286648273468,0,539.494207412004,126.359990656376,466.216383785009,18.1782794296741,38.1437613070011,3.68063652515411,28.3975334465504,0,0,0,1.37434524297714,0,48.4266001880169,1.65141546726227,6.80119299888611,0,15.6456354856491,0,2.03808504343033,0,0,0,0,0,0,0,0,0,0,0,0,0,0,0,0,0,0,0,0.491708070039749,0,0,0,0,0,0,0
0,0,44.0629062652588,315.527546674013,83.2103829681873,0,8.46613126993179,609.50903943181,58.0609417259693,2083.29008457065,0,1.02583634853363,5.33832234144211,6.68580484390259,96.4293170273304,2510.58276709914,0,0,0,0,19.657480597496,364.627810716629,140.54064193368,23.7159240245819,211.797134846449,405.229548960924,120.67104113102,676.401846975088,12.7427116036415,268.917948335409,64.2867432832718,30.5351319909096,1.45357501506805,7.31161516904831,0,0.731963932514191,0,15.9292861819267,0,5.04201191663742,3.58815681934357,185.316087007523,0,0,0,0,0,0.466218709945679,0,0,0,0,0,1.17727088928223,0,9.26962727308273,0,0,0,0,0,0,0,0,0,0,0,2.35652601718903,0,0,180.334767580032,877.324801266193,33.8862932324409,539.98185646534,2.16767418384552,19.4137301445007,0,22.3280726671219,0,0,0.846492826938629,2.78682458400726,8.46107280254364,49.8576616048813,0,12.718934327364,0,37.3519111275673,0,17.1600664258003,0,0,0,0,0,0.428647756576538,0,0,0,0,0,0,0,0,0,0,0,0,1.24000895023346,1.31493282318115,0,0,0,0,0,0
4256.86724838614,7.13910949230194,11587.4314733446,670.153943747282,107.688050627708,8.46613126993179,0,1592.87431359291,922.232020139694,13.4377197027206,1483.16114550829,84.5996395051479,5251.66435447335,238.650367349386,110.788263678551,15.7417458891869,144.437942445278,3.97321903705597,821.603385269642,717.312254428864,1.05175232887268,3.45449662208557,628.972767740488,1217.05360549688,41.2144593894482,35.5087271332741,7.51729273796082,5.84205460548401,408.048673838377,7.28444766998291,81.2897934317589,213.680020213127,10.4286283254623,182.247278034687,0.443464756011963,1.63011932373047,38.2778729200363,0.857120871543884,5.22788035869598,0,6.12076687812805,0,1.46643000841141,0,1.09895324707031,0,0,0,23.1942390799522,0,176.472086966038,0,5.76213705539703,0,7.80549710988998,0,432.618841707706,1.00755333900452,231.90612795949,0,255.007100969553,0,60.0682306885719,0,296.186276108027,0,264.097175985575,0,31.0533134937286,0.932623326778412,4231.00253176689,601.306510210037,1004.08319461346,116.778365761042,401.980960488319,48.4681987166405,1267.24944895506,82.0074595808983,5.77736693620682,0,53.8930304944515,0,13.2041652798653,0,627.953703314066,0,0,0,153.176200032234,0,0,0,0,0,31.2164787650108,1.79293137788773,0.71779453754425,0,0,0,0,0,0,0,1.42560452222824,0,0,0,14.8742830753326,4.14362877607346,0,0,0,0,0,3.3828392624855
173.94514170289,5849.23845216632,1084.01746672392,13827.3830341697,35.6615450382233,609.50903943181,1592.87431359291,0,81.8064796030521,446.487404346466,97.2537788450718,2686.88802957535,365.295450985432,6425.83962282538,52.5839469432831,301.201985776424,20.9989141523838,141.501199781895,1311.74183398485,616.553854256868,0.869393527507782,0,1566.91932919621,643.218209892511,79.4035541415215,48.2916212379932,8.19818872213364,16.3610218167305,68.8362739682198,174.22027605772,198.799878776073,92.2033200860023,85.4002604186535,75.7924430966377,0,1.34535902738571,1.21104753017426,58.4637587666512,0,9.05254408717155,0.991512835025787,15.2607424259186,0,1.163614153862,0,2.21961581707001,0,9.2943502664566,0,9.05371224880219,0,453.42628544569,0,1.15498423576355,0,3.98130667209625,15.4402156472206,781.46528711915,0,202.38551518321,1.59788405895233,721.144873380661,0,433.583938956261,0,498.689913123846,6.43946105241776,143.014420926571,26.1545995771885,13.3732099533081,770.708291471004,6146.72425305843,282.413245081902,2097.81189647317,62.0170280337334,701.328050523996,96.079726934433,2663.66411858797,0,3.16080617904663,0,237.88864505291,4.94207102060318,0.869765818119049,0,1832.80062633753,0,0,0,1318.33947274089,0,0,0,0,4.64894789457321,63.380473524332,0,0,0,0,0,0,0,0,0.628852069377899,6.30918139219284,0,0,21.890408039093,8.04024618864059,0,0,0,0,0,5.85790956020355
5.38034182786942,0,507.638502955437,126.839757859707,1794.70848345757,58.0609417259693,922.232020139694,81.8064796030521,0,45.1213473677635,35.9439803361893,0,1505.02846902609,8.44393599033356,2743.43926373124,26.4955967068672,4.6715435385704,0,8.21630954742432,0,14.0117138326168,14.2193646430969,141.709496319294,210.689143538475,139.598914116621,145.396668612957,133.470958292484,47.6932709217072,338.004332959652,3.3465301990509,52.0596824586391,52.8144356012344,8.84994894266129,6.61568534374237,0,0,13.6441077589989,0,0.766585946083069,0,8.34448373317719,0,0,0,0,0,0.754567563533783,0,0,0,0,0,0,0,0,0,0,0,0,0,0,0,0.528992235660553,0,0,0,0,0,0,0,818.594002306461,123.200913012028,872.866077065468,40.3505932092667,82.2280126214027,1.26426291465759,147.504471719265,0,0,0,0.663400113582611,0,99.4090205132961,0,9.50862914323807,0,9.77423831820488,0,1.08508384227753,0,0,0,0,0,0.530665993690491,0,0,0,0,0,0,0,0,0,0,0,0,0,0,0,0,0,0,0,0,0
0,3.53793030977249,41.2605538964272,158.642068505287,40.9398701786995,2083.29008457065,13.4377197027206,446.487404346466,45.1213473677635,0,0,1.57795774936676,5.45894414186478,362.69963145256,39.532590508461,3027.27018153667,0,1.2845356464386,0,1.42167663574219,3.33255654573441,90.5766602158546,100.479890525341,17.6082377433777,122.077743887901,59.6132451593876,19.8501390218735,144.763040184975,13.2620524168015,197.320549458265,44.5235185027122,8.9863828420639,1.72921538352966,0.962761700153351,0,0,0,26.3692613244057,0,6.27060043811798,1.45000350475311,176.858031213284,0,0.579168677330017,0,0,0,0.485086500644684,0,0,0,0,0,0,0,14.2998186349869,0,1.74160408973694,0,0,0,0,0,0,0,0,0,0.741865694522858,0,0,105.035877406597,988.162147641182,28.3896788954735,794.818515002728,2.44772279262543,73.1263494491577,0,101.21789753437,0,0,0,3.032575070858,0.541823983192444,54.9531171023846,0,5.23613733053207,0,26.9258460998535,0,8.33091747760773,0,0,0,0,0,3.71689900755882,0,0,0,0,0,0,0,0,0,0.862725645303726,0,0,3.81734323501587,0.550946474075317,0,0,0,0,0,0
3718.11943888664,6.42888087034225,679.110670566559,63.8764183521271,3.96034049987793,0,1483.16114550829,97.2537788450718,35.9439803361893,0,0,5.11044323444366,2468.56856742501,3.96909934282303,100.389258742332,0,1233.81631052494,0,815.541198849678,205.07212471962,0,0,42.1075142323971,38.612640619278,0.885266184806824,0,3.32483744621277,0,1443.07978314161,0,45.9871918261051,30.1871374249458,25.3818864226341,33.7315998673439,1.90244960784912,0,66.913890182972,0,15.5101017355919,0,0,0,0,0,0,0,3.37754064798355,0,0,0,4.16406404972076,0,7.4025502204895,0,0,0,523.131993353367,0,21.5974198579788,0,125.72891420126,0,345.469060778618,0,24.6674535870552,0,51.8883376717567,0,101.761371403933,0,1827.97931915522,70.1104924678802,736.444050729275,8.5065044760704,214.774744302034,0,957.830951839685,10.7692058682442,64.7313356995583,0,910.199949294329,0,8.46233135461807,0,822.850677013397,0,0,0,176.330013394356,0,0,0,0,0,14.642969250679,0,0.981527507305145,0,0,0,0,0,0,0,2.44676637649536,0,0,0,5.42160928249359,1.31072914600372,0,0,0,0,0,1.49959641695023
52.1925451755524,1378.90621203184,63.2433495819569,1331.6511939168,0,1.02583634853363,84.5996395051479,2686.88802957535,0,1.57795774936676,5.11044323444366,0,0.54374498128891,3191.29988086224,0,59.8741295933723,2.61315077543259,844.594325840473,336.258076101542,814.082711905241,0,0,11.6887788772583,70.3891110420227,0,0,0,0,1.53294378519058,775.509797215462,13.7808108925819,14.8747316002846,32.4356603622437,89.257219851017,1.48618817329407,1.85383123159409,0,10.8734855949879,0,1.63605129718781,0,0,0,0,0,0.983886420726776,0,0,0,0,0,22.1007552146912,0,0,0,0,0,413.084078043699,0,98.6809191405773,0,662.692978471518,0,655.624615520239,0,126.744228422642,2.04438799619675,43.9057507812977,1.01757645606995,21.0767053365707,50.1151688694954,1327.87986728549,8.41803842782974,735.491957902908,0.669804871082306,62.8730000257492,19.2435436844826,348.629185318947,0,2.70696216821671,0,284.331781178713,0,0,0,295.54421710968,0,0,0,111.04825168848,0,0,0,0,0,10.5199626088142,0,0,0,0,0,0,0,0,0,3.33819544315338,0,0,1.66823828220367,3.10498714447021,0,0,0,0,0,0.460490137338638
820.28609764576,0,815.7859788239,167.104205965996,46.5258171856403,5.33832234144211,5251.66435447335,365.295450985432,1505.02846902609,5.45894414186478,2468.56856742501,0.54374498128891,0,58.0109416544437,2619.40372478962,5.32277202606201,189.866418331861,0,308.578564584255,64.5252482295036,0,1.0179660320282,393.428771644831,371.958281159401,31.0163650512695,10.2316111326218,2.25065010786057,0,2974.69923114777,1.32066720724106,47.1917466521263,100.507342338562,27.0360117554665,33.032626748085,0,0,24.1473186016083,0,11.4278277754784,0,7.19195359945297,0,0,0,0,0,1.64864057302475,0,0,0,1.34412655234337,0,0,0,0,0,144.980849981308,0,6.29798483848572,0,18.5332369804382,0,42.15919226408,0,3.14454820752144,0,9.86707210540771,0,52.0923025608063,0,2572.22646784782,168.985666334629,1754.10479187965,33.5833312273026,430.105107545853,14.5133366584778,1038.0072337687,7.83598226308823,21.936891078949,0,175.55498957634,0,38.5752394795418,0,75.0545107126236,0,1.43659019470215,0,12.3772358298302,0,0,0,0,0,14.4382948875427,0,1.53085422515869,0,0,0,0,0,0,0,1.85911983251572,1.24532806873322,0,0,9.68011999130249,2.86967760324478,0,0,0,0,0,2.08169117569923
3.0340793132782,749.031023532152,147.314343035221,1115.1586714685,3.16364657878876,6.68580484390259,238.650367349386,6425.83962282538,8.44393599033356,362.69963145256,3.96909934282303,3191.29988086224,58.0109416544437,0,4.11851400136948,2089.49406433105,0,334.724501430988,86.6777732074261,303.104422271252,0,0,248.461218297482,417.416792333126,7.21619927883148,14.4026903510094,2.52923595905304,3.21756941080093,4.40497213602066,1334.93431046605,26.2072404026985,33.1977106928825,10.229641020298,34.0373522043228,1.47277355194092,1.49573773145676,0,12.7644774615765,0,1.38336998224258,0,14.2136326432228,0,0,0,0,0,0,0,0,0,0.982154726982117,0,0,0,0.7589231133461,0,286.681749641895,0,12.8786482214928,0,265.027854919434,0,910.14385125041,0,51.5619445443153,0,19.3650335669518,0,22.8049500882626,126.963557213545,2656.68986961246,33.2438725233078,1342.64299204946,4.92613714933395,163.639397472143,14.5070479512215,523.785718023777,0,5.7028004527092,0,1140.56382712722,0,1.26371479034424,0,325.677034467459,0,3.04204666614532,0,34.1287296414375,0,0,0,0,1.2634950876236,6.01267993450165,1.48042988777161,0,0,0,0,0,0,0,0.52789044380188,0,0,0,2.6102329492569,0,0,0,0,0,0,0
0.854417204856873,0,240.648348867893,75.8803913593292,2254.74088326097,96.4293170273304,110.788263678551,52.5839469432831,2743.43926373124,39.532590508461,100.389258742332,0,2619.40372478962,4.11851400136948,0,21.9153941273689,16.2421427965164,0,8.169443577528,0,94.9253775179386,126.602707117796,238.454087078571,142.21022939682,397.146851718426,235.762915879488,951.989858686924,188.165261745453,2599.15828496218,3.38470470905304,266.09717670083,74.0897149443626,31.9398031234741,3.30647242069244,1.96324306726456,0,32.8946691155434,0,2.35503494739532,0,29.1081385016441,4.53899776935577,0,0,0,0,5.92774474620819,0,0,0,0.983344197273254,0,0,0,0,0,1.79653829336166,0,0,0,0,0,0,0,0,0,0,0,0,0,1272.13580015302,207.594718784094,1982.24012288451,27.2996698319912,221.083889305592,1.30242788791656,288.780846714973,0.746337294578552,0,0,26.435498714447,0,720.214538931847,0,22.7422828674316,0,20.7407037615776,0,5.07674306631088,0,0,0,0,0,1.59825494885445,0,0,0,0,0,0,0,0,0,0,0.868161678314209,0,0,3.74131655693054,0,0,0,0,0,0,1.09932804107666
0,76.3942843079567,26.1450219154358,341.292321592569,36.2922267913818,2510.58276709914,15.7417458891869,301.201985776424,26.4955967068672,3027.27018153667,0,59.8741295933723,5.32277202606201,2089.49406433105,21.9153941273689,0,0,45.371702849865,0,8.12728095054626,4.16027700901031,269.171652674675,69.0715899765491,118.8892788589,80.5245936214924,218.803568392992,30.296104580164,304.453785896301,4.48165619373322,2255.45676243305,21.8298312425613,11.7351064682007,0,3.98935347795486,0,0,0,46.3376351892948,0,10.5423560738564,0,396.097918629646,0,0.607909679412842,0,0,0,8.72707164287567,0,0,0,0,0,0,0,34.1812313497066,0,40.3267308473587,0,0,0,1.41247248649597,0,19.925239443779,0,0,0,0,0,0,101.064248621464,1627.25828751922,13.887922257185,2921.29608166218,0,213.50506234169,3.88640975952148,260.583147019148,0,0.962199807167053,0,34.4273298382759,0,190.480133712292,0,25.1006596088409,0,67.3593750596046,0,34.7880210280418,0,0,0,0,0,9.70789873600006,0,0,0,0,0,0,0,0,0.861814796924591,0,0,0,0,2.48835420608521,0,0,0,0,0,0.693109512329102
995.601367592812,5.52108591794968,338.731679588556,14.5729929804802,0,0,144.437942445278,20.9989141523838,4.6715435385704,0,1233.81631052494,2.61315077543259,189.866418331861,0,16.2421427965164,0,0,0.767129242420197,421.506239414215,94.6427526473999,0,0,7.17998087406158,1.29668807983398,0,0,0,0,5119.93023136258,0,14.6032223105431,6.78803443908691,6.11374282836914,36.8770599365234,1.74407345056534,1.06061100959778,48.1075745522976,0,10.3875492811203,0,0,0,3.76221567392349,0,3.42298871278763,0,2.27457648515701,0,12.4326912164688,0,27.0801301598549,0,1.79023337364197,0,0.541935503482819,0,3118.35068875551,6.7499937415123,108.584978163242,1.432313144207,287.518365234137,2.95700120925903,2242.81159514189,0,14.4773139953613,0,74.1613442897797,11.10988676548,44.6134734749794,3.30302321910858,524.186144351959,14.400219976902,985.818356394768,1.30966985225677,196.994588196278,0,602.117764204741,5.96968424320221,944.68056422472,0,3235.27283388376,0,25.39147529006,0,366.916385680437,0,0.655931115150452,0,86.3478253483772,0,0,0,0,0,12.598356127739,1.33176004886627,0,0,0,0,0,0,0,0,4.50531941652298,0,2.03743100166321,0,0,1.64063370227814,0,0,0,0,0,0
5.8053771853447,1105.48298093677,11.1973868012428,280.974625259638,0,0,3.97321903705597,141.501199781895,0,1.2845356464386,0,844.594325840473,0,334.724501430988,0,45.371702849865,0.767129242420197,0,53.0918462276459,204.276354759932,0,0,0,7.25349798798561,0,0,0,0,1.45748484134674,3015.99747431278,3.38751703500748,3.15279340744019,24.0518954992294,65.243621468544,0,1.46422898769379,0.940518438816071,6.12295845150948,0,3.74521440267563,0,0,0,0,0.761510252952576,0,0.763524293899536,0,0,2.30383032560349,0,3.55524522066116,0,0,0,0,28.0847209990025,2913.48327478766,3.02519857883453,186.635455578566,0,593.639349162579,0,2300.6377582252,0,15.3868770003319,80.075823366642,69.9772526025772,32.3118683099747,110.815977305174,17.6165541410446,211.827497839928,2.52765786647797,1165.70180302858,1.16563522815704,65.8765004575253,64.0823545455933,155.545706361532,0,248.832879513502,0,1521.18391224742,0,7.68580716848373,0,70.5719597041607,0,0,0,17.0007873177528,0,0,0,0,0,1.87665337324142,0,0,0,0,0,0,0,0,0,0.970068693161011,0,0,1.75408709049225,0,0,0,0,0,0,0
1064.77641037107,648.644738614559,2198.74947038293,1040.86587551236,1.1426328420639,0,821.603385269642,1311.74183398485,8.21630954742432,0,815.541198849678,336.258076101542,308.578564584255,86.6777732074261,8.169443577528,0,421.506239414215,53.0918462276459,0,5639.12860268354,0.724941909313202,0,1486.10370329022,819.821323245764,3.10968136787415,2.46531397104263,3.6839594244957,0,457.751589804888,24.91162109375,630.232413768768,376.729231715202,2412.8707947731,1771.23475044966,13.9087620377541,13.6154888570309,110.611197441816,3.95767951011658,21.5831624865532,0,5.29696720838547,0,11.8635022938251,0.730592668056488,25.5900350809097,0,9.38999751210213,5.35974323749542,0,0,0.565612077713013,0,0,0,0,0,154.79370290041,39.8967641592026,171.022032976151,2.00228136777878,3.9072008728981,0.8468177318573,7.84181380271912,0.629796862602234,1.37983930110931,0,1846.73499158025,116.922712564468,2753.61821681261,138.755443394184,1554.79534524679,810.490855515003,1123.20587417483,387.367297083139,665.469385743141,137.348143160343,2400.44184282422,796.152685403824,2.00456809997559,0,6.18505072593689,0,5.79584527015686,0,2.22003477811813,0,0,0,0,0,0,0,0,0,58.7484892308712,0,0,0,0,0,0,0,0,0,0,1.14367640018463,0,0,22.9958830177784,9.95886373519897,0,0,0,0,0,0
715.276268452406,1112.51999682188,1123.44327223301,2702.69772979617,0,0,717.312254428864,616.553854256868,0,1.42167663574219,205.07212471962,814.082711905241,64.5252482295036,303.104422271252,0,8.12728095054626,94.6427526473999,204.276354759932,5639.12860268354,0,1.07697701454163,0,271.327120512724,1276.86966019869,0.532255589962006,11.198409974575,0,0.806106686592102,82.6187807321548,75.2619961202145,209.404614686966,350.785172134638,840.994468182325,5267.22303062677,5.10861575603485,31.3650900125504,2.16583824157715,82.8625268936157,0,23.6246230006218,0,0,0,5.99205192923546,0,11.6786652207375,0,28.3920496702194,0,15.674556016922,0,15.2627943754196,0,0,0,0,143.008721888065,414.699790775776,1.26160109043121,220.39200758934,0,17.5426496267319,0,39.2010469436646,0,5.89345389604568,238.657496750355,1210.25547799468,623.210056066513,2339.57280141115,569.611110329628,1189.7906614542,253.905442804098,1085.33219587803,91.6208047270775,450.295368432999,491.24883878231,2461.49227035046,0,0.986643016338348,0,10.3220595121384,0.730488419532776,0,0,6.31308460235596,0,0,0,1.40237712860107,0,0,0,0,1.37614762783051,62.5332200229168,0,0,0,0,0,0,0,0,0,1.11169266700745,0,0,11.7921420931816,6.45743960142136,0,0,0,0,0,0
0,0,6.77773118019104,5.95110160112381,115.129502445459,19.657480597496,1.05175232887268,0.869393527507782,14.0117138326168,3.33255654573441,0,0,0,0,94.9253775179386,4.16027700901031,0,0,0.724941909313202,1.07697701454163,0,83.4754528701305,31.1051823198795,14.1136465072632,166.723731786013,70.4818336963654,495.384311795235,75.0324351489544,14.7660611271858,0,339.651986598969,20.070775270462,28.3657494485378,2.12539517879486,6.27046409249306,0,21.6067034602165,9.39019274711609,9.53971880674362,0,27.8865658044815,12.6002827882767,0,0.590471982955933,0,0,2.40653383731842,0,0,0,0,0,0,0,3.38262087106705,2.11483708024025,0,0,0,0,0,0,0,0,0,0,0,0,0,0,779.000898033381,76.0244651436806,119.084470957518,4.06980723142624,12.7662333846092,7.07305270433426,4.77517080307007,13.8719072937965,0,0,0,0,2.24016040563583,3.06264591217041,1.55897736549377,0,3.58262288570404,4.7990825176239,8.16021293401718,3.3171848654747,0,0,0,0,0,0,0,0.668553948402405,0,0,0,0,0,0,0,0.641517102718353,0,0,0,0,0,0,0,0,0,0
0,0,1.94545364379883,3.21100676059723,110.234976053238,364.627810716629,3.45449662208557,0,14.2193646430969,90.5766602158546,0,0,1.0179660320282,0,126.602707117796,269.171652674675,0,0,0,0,83.4754528701305,0,21.7869721651077,40.6959245502949,64.6702271997929,732.683542281389,206.746708214283,1385.45442825556,21.4422642588615,69.0639214515686,48.5845031142235,594.853084921837,0.937413334846497,72.0181815028191,0.468755513429642,21.1203801035881,4.30830138921738,50.5287234187126,1.40264177322388,6.22818577289581,0.514457643032074,534.984665155411,0,0,0,0,0,2.44195294380188,0,0,0,1.25200057029724,0,0,0,1.01192557811737,0,0,0,0,0,0,0,0,0,0,0,0,0,0,418.726547449827,922.570485264063,25.7273975014687,59.9627639651299,0,1.03622853755951,0,4.49161130189896,0,0,0,0,3.98622161149979,149.704974621534,1.14502048492432,1.70159465074539,0,16.0721659064293,0,1.82766318321228,0,0,0,0,0,1.59776258468628,0,0,0,0,0,0,0,0,0,0,0,0,0,0,0,0,0,0,0,0
6.15721017122269,0,2808.33432528377,1143.91334503889,150.215814650059,140.54064193368,628.972767740488,1566.91932919621,141.709496319294,100.479890525341,42.1075142323971,11.6887788772583,393.428771644831,248.461218297482,238.454087078571,69.0715899765491,7.17998087406158,0,1486.10370329022,271.327120512724,31.1051823198795,21.7869721651077,0,3586.7785564661,1301.82918426394,550.934098422527,206.235433399677,99.4374442100525,317.155659258366,10.5847669243813,3935.20794031024,1373.15399193764,918.673061341047,423.579139024019,116.943348616362,1.07156044244766,7.30301117897034,0,1.61860346794128,0,2.84904587268829,2.84158229827881,36.1128416061401,0,11.1247413158417,0,5.40303492546082,0,0,0,0,0,0,0,0,0,1.41722571849823,0,1.18943560123444,0,0,0,0,0,0,0,263.360116034746,0,10.8330217003822,0,1420.9070610404,912.433865815401,796.205622673035,264.63013407588,202.928403198719,61.1499022245407,390.062210351229,63.4648424386978,0,0,1.98214465379715,0,17.0780820250511,0,1.3287969827652,0,0,0,0.622974336147308,0,0,0,0,0,2.88808852434158,0,0,0,0,0,0,0,0,0,0,0,0,0,1.32062256336212,1.1643807888031,0,0,0,0,0,0
4.16445195674896,2.89557281136513,1267.78894707561,3065.44035997987,137.067524969578,23.7159240245819,1217.05360549688,643.218209892511,210.689143538475,17.6082377433777,38.612640619278,70.3891110420227,371.958281159401,417.416792333126,142.21022939682,118.8892788589,1.29668807983398,7.25349798798561,819.821323245764,1276.86966019869,14.1136465072632,40.6959245502949,3586.7785564661,0,502.397121787071,1546.52920457721,85.3746014237404,140.194201469421,149.344376832247,64.5891246795654,893.607425361872,2446.03760531545,154.135110586882,1883.56514662504,0,115.803646624088,0,12.9960218667984,0,1.04698419570923,1.50716614723206,19.20763194561,0,2.43727642297745,0,0.606591820716858,0,22.1773388385773,0,0,0,0,0,0,0,0,0,3.90098768472672,0,6.80723804235458,0,0,0,3.05338335037231,0,0,0,282.469163745642,0,12.8353183865547,1030.36152890325,1617.40528088808,563.804153770208,1280.12845763564,60.8150541484356,468.534847855568,49.2163299322128,950.230825841427,0,0,0,1.89050400257111,12.4066851735115,0,0,0,0,0,0,1.37617874145508,0,0,0,0,1.67162191867828,17.7757169604301,0,0,0,0,0,0,0,0,0,0,0,0,3.43272125720978,3.31363958120346,0,0,0,0,0,0
0,0,237.293430268764,166.839709937572,408.559138655663,211.797134846449,41.2144593894482,79.4035541415215,139.598914116621,122.077743887901,0.885266184806824,0,31.0163650512695,7.21619927883148,397.146851718426,80.5245936214924,0,0,3.10968136787415,0.532255589962006,166.723731786013,64.6702271997929,1301.82918426394,502.397121787071,0,804.414383739233,1146.28554728627,216.427339762449,121.305766642094,9.7542690038681,1002.64673510194,186.98039907217,30.7916580438614,10.699867606163,4.75671830773354,0,1.58508116006851,0,0.732058644294739,0,10.9746325612068,3.87670892477036,0,0,0,0,0,0,0,0,0,0,0,0,0,0,0,0,0,0,0,0,0,0,0,0,0,0,0,0,374.317594796419,237.544354110956,250.293747246265,39.6144010126591,13.3852905631065,4.21925991773605,15.2413337230682,0,0,0,1.24565559625626,0,28.2493772506714,0,2.67583701014519,0,6.76075831055641,0,0,0,0,0,0,0,0.399815946817398,0,0,0,0,0,0,0,0,0,0,0,0,0,0.51129412651062,0,0,0,0,0,0,0
0,0,118.670332640409,703.73049467802,210.640938192606,405.229548960924,35.5087271332741,48.2916212379932,145.396668612957,59.6132451593876,0,0,10.2316111326218,14.4026903510094,235.762915879488,218.803568392992,0,0,2.46531397104263,11.198409974575,70.4818336963654,732.683542281389,550.934098422527,1546.52920457721,804.414383739233,0,349.812285631895,1894.56565538049,52.8186659216881,37.7024840712547,293.790909081697,995.645270586014,2.89303004741669,90.8782490491867,0,7.3765019774437,0,3.53979760408401,0,0.654819011688232,5.16307574510574,59.1408313512802,0,0,0,0,0,0,0,0,0,0,0,0,0,2.08894497156143,0,0,0,0,0,0,0,0,0,0,0,1.45663547515869,0,0,388.419188082218,703.280861675739,155.521079003811,273.407025635242,3.00745677947998,29.5028671324253,1.67691707611084,13.686128616333,0,0,0,0,11.3187482953072,8.08551704883575,0,1.78514456748962,0.514310479164124,6.7245080769062,0,3.47870284318924,0,0,0,0,0,0,0,0,0,0,0,0,0,0,0,0,0,0,0,0,0,0,0,0,0,0
0,0,35.0424862205982,23.3904253840446,939.230492562056,120.67104113102,7.51729273796082,8.19818872213364,133.470958292484,19.8501390218735,3.32483744621277,0,2.25065010786057,2.52923595905304,951.989858686924,30.296104580164,0,0,3.6839594244957,0,495.384311795235,206.746708214283,206.235433399677,85.3746014237404,1146.28554728627,349.812285631895,0,456.282818257809,129.711637616158,1.30819189548492,561.371331393719,93.7198854088783,47.9525070488453,7.28298202157021,10.7773486077785,0,124.318522751331,83.3951380252838,55.4027662277222,3.52397584915161,13.2681142091751,0,0,0,0,0,0.685239851474762,0,0,0,0,0,0,0,0,0,0,0,0,0,0,0,0,0,0,0,0,0,0,0,541.977581262589,190.934806168079,155.416341990232,11.4392604231834,51.7868521809578,1.41118970513344,13.9755561947823,9.6703964471817,0,0,0,0,14.6510458886623,0,0,0,2.71155679225922,0,1.10010918974876,0,0,0,0,0,1.17784243822098,0,0.420383274555206,0,0,0,0,0,0,0,0,0,0,0,0.637264013290405,0,0,0,0,0,0,0
0.642186224460602,0,16.755214869976,125.699149012566,172.972938269377,676.401846975088,5.84205460548401,16.3610218167305,47.6932709217072,144.763040184975,0,0,0,3.21756941080093,188.165261745453,304.453785896301,0,0,0,0.806106686592102,75.0324351489544,1385.45442825556,99.4374442100525,140.194201469421,216.427339762449,1894.56565538049,456.282818257809,0,30.7641513347626,31.7297560572624,130.032556504011,166.891012012959,0.432001501321793,15.2678973674774,0,0,78.2050949335098,230.357931673527,40.4918814897537,10.1103855371475,3.87091839313507,43.7815226018429,0,1.9444060921669,0,0,1.95232117176056,5.58809506893158,0,0,0,0,0,0,0,0.702762961387634,0,0,0,0,0,0,0,0,0,0,0,0,0,0,308.400909006596,732.379700452089,37.7199021875858,170.646969586611,20.4553220868111,11.0993156731129,12.3197610974312,28.3219623565674,0,0,0,0,3.56534999608994,10.8658371269703,0,0,0,2.67068335413933,0.733619332313538,2.00071841478348,0,0,0,0,0,0,0,0,0,0,0,0,0,0,0.784891128540039,1.2912665605545,0,0,0,0,0,0,0,0,0,0
810.635746508837,3.22470885515213,720.373260855675,56.0211620330811,379.147797882557,12.7427116036415,408.048673838377,68.8362739682198,338.004332959652,13.2620524168015,1443.07978314161,1.53294378519058,2974.69923114777,4.40497213602066,2599.15828496218,4.48165619373322,5119.93023136258,1.45748484134674,457.751589804888,82.6187807321548,14.7660611271858,21.4422642588615,317.155659258366,149.344376832247,121.305766642094,52.8186659216881,129.711637616158,30.7641513347626,0,0,125.405889749527,79.8345198631287,46.9583034813404,26.9594333767891,39.3582282960415,22.4885159134865,160.436638474464,1.65910339355469,51.6786244511604,0,156.953129351139,2.97306764125824,163.749767780304,3.6457896232605,43.3207243084908,1.69193249940872,204.94614058733,0,86.0025635957718,0,283.456141233444,0,48.4273416697979,0,87.0823949277401,1.55882680416107,1757.96158125997,6.59614664316177,392.431169986725,4.95617890357971,213.936246752739,1.35524165630341,838.453673481941,1.92951655387878,71.9443534016609,0,259.368889570236,27.573159635067,144.494140475988,3.1334855556488,767.866888910532,85.6264416873455,2632.87914890051,23.2665293514729,172.809586107731,6.82365947961807,498.907262414694,6.86907732486725,411.783582240343,0,1371.730448246,0,1053.14780458808,0,362.924659341574,0,289.356111556292,0,109.819127231836,0,1.33107733726501,0,2.33108574151993,0,18.9670370519161,0,2.54365879297256,1.38959181308746,6.52746820449829,0,0,0,0,0,7.28751915693283,3.21153378486633,4.00667941570282,0,3.16855162382126,3.14112585783005,0,0,0,0.812268614768982,0,2.00745683908463
4.46196895837784,293.969197839499,7.03359273076057,239.554272890091,3.52710604667664,268.917948335409,7.28444766998291,174.22027605772,3.3465301990509,197.320549458265,0,775.509797215462,1.32066720724106,1334.93431046605,3.38470470905304,2255.45676243305,0,3015.99747431278,24.91162109375,75.2619961202145,0,69.0639214515686,10.5847669243813,64.5891246795654,9.7542690038681,37.7024840712547,1.30819189548492,31.7297560572624,0,0,2.79641789197922,5.81968700885773,7.29183000326157,20.6118476986885,3.00325205922127,2.25405418872833,2.06971406936646,54.7220900654793,0,31.1373965740204,0,341.877167761326,7.77168709039688,51.8634781837463,0,69.8032013773918,4.59810924530029,109.859126985073,0,67.8311357498169,0,80.4028675854206,0,20.3285947442055,0,73.0837306082249,4.04987841844559,951.175226420164,2.79118740558624,350.944943487644,0.902473092079163,151.686541736126,1.98008370399475,242.36890745163,0,37.4721517860889,27.6381106674671,101.818440407515,9.7345632314682,49.8143861889839,24.1672592461109,255.619469195604,3.87108546495438,2750.92683979869,1.82136511802673,40.8955084085464,12.3047453463078,108.627262681723,0,346.168317437172,1.41066467761993,1346.98249897361,0,988.24697509408,0,148.805385679007,0,76.5828884840012,0,51.6517467498779,0,0,0,0,0,7.01774156093597,0,0,0,6.44998919963837,0,0,0,0,0,3.3929488658905,0,1.24492526054382,1.79135584831238,0,0,0,0,0,0,0
8.03291064500809,3.48212260007858,159.18503716588,245.852754145861,142.566590845585,64.2867432832718,81.2897934317589,198.799878776073,52.0596824586391,44.5235185027122,45.9871918261051,13.7808108925819,47.1917466521263,26.2072404026985,266.09717670083,21.8298312425613,14.6032223105431,3.38751703500748,630.232413768768,209.404614686966,339.651986598969,48.5845031142235,3935.20794031024,893.607425361872,1002.64673510194,293.790909081697,561.371331393719,130.032556504011,125.405889749527,2.79641789197922,0,567.307441830635,1499.62390658259,164.755623042583,326.199430167675,7.04238986968994,0.761655151844025,0,4.76532772183418,1.76079726219177,0,5.65419125556946,118.712313592434,0.648345589637756,30.4276522994041,0.655898690223694,53.0983422994614,1.7697606086731,0,0,0,0,0,0,0,0,0.679055392742157,1.5757417678833,4.63272297382355,1.79331767559052,0,0,0.702253580093384,1.69394218921661,0,0,610.714961647987,14.0920469462872,11.2820802927017,3.24265843629837,980.669283270836,294.249047577381,241.625079214573,93.7863282561302,45.5144164562225,24.7982320785522,113.995051532984,58.4504051804543,0,0,0.832174599170685,0,2.29483565688133,0,2.68830180168152,0,0.691206276416779,1.24179923534393,0,0,0,0,0,0,5.0059500336647,0,0,0,0,0,0,0,0,0,1.78325992822647,0.92355078458786,0,0,1.14685523509979,1.49297058582306,0,0,0,0,0,0
1.41546940803528,2.60631787776947,300.952386558056,134.729648888111,43.7597836256027,30.5351319909096,213.680020213127,92.2033200860023,52.8144356012344,8.9863828420639,30.1871374249458,14.8747316002846,100.507342338562,33.1977106928825,74.0897149443626,11.7351064682007,6.78803443908691,3.15279340744019,376.729231715202,350.785172134638,20.070775270462,594.853084921837,1373.15399193764,2446.03760531545,186.98039907217,995.645270586014,93.7198854088783,166.891012012959,79.8345198631287,5.81968700885773,567.307441830635,0,133.659076780081,2115.74230143428,2.56069281697273,275.430720299482,0,5.05991929769516,1.02074491977692,0,1.05040502548218,0,3.49209177494049,7.88246729969978,1.390465259552,2.30847454071045,0,64.3231686353683,0,0,0,0,0,0,0,0,0.794322788715363,0,1.50687527656555,2.27021324634552,0,0.812710225582123,0,0.870427131652832,0,0,56.9105172157288,372.729761809111,5.76425808668137,1.65125560760498,327.823020756245,339.166858673096,224.801856398582,66.8128114938736,50.5525184869766,25.1564170718193,135.957296341658,105.665174901485,0,0,0,0,3.83190530538559,0,0,0,0,0,0,0,0,0,0,0,0.596745371818542,0,0,0,0,0,0,0,0,0,0,0.593891620635986,0,0,0,0,0,0,0,0,0,0.829478621482849
4.90755584836006,118.35683837533,71.2513768970966,121.417536854744,18.353571087122,1.45357501506805,10.4286283254623,85.4002604186535,8.84994894266129,1.72921538352966,25.3818864226341,32.4356603622437,27.0360117554665,10.229641020298,31.9398031234741,0,6.11374282836914,24.0518954992294,2412.8707947731,840.994468182325,28.3657494485378,0.937413334846497,918.673061341047,154.135110586882,30.7916580438614,2.89303004741669,47.9525070488453,0.432001501321793,46.9583034813404,7.29183000326157,1499.62390658259,133.659076780081,0,794.972112238407,746.720614254475,26.6412727236748,40.2039606273174,46.9706916213036,44.9636978507042,4.27098298072815,5.22046232223511,0.509088158607483,152.254285305738,10.8322658240795,147.69487798214,11.7317718267441,105.940924465656,10.7481470108032,1.79679930210114,4.00178253650665,0,1.01608467102051,0,0,7.86309599876404,1.85886359214783,10.5426638126373,113.460453927517,54.9502648115158,90.6801154613495,7.93217951059341,15.5366718173027,2.23467648029327,6.68596374988556,0.537078976631165,0,3231.25736859441,434.821694850922,344.103365898132,174.925729334354,180.810196250677,119.17835816741,98.6096372008324,61.0046877861023,36.1031537652016,20.3844577074051,87.4719276130199,147.505301296711,0,0,0.566746056079865,9.54219746589661,1.51109337806702,0,4.03052484989166,0,0,0,15.6781458854675,0,0,0,0,0,1.91459485888481,0.957205235958099,1.71223711967468,0,0.71156507730484,0,0,0,0,0,0,0,0,0,0,0,0,0,0,0,0,0
155.42667606473,171.496894747019,309.274154722691,173.5391305089,4.10804957151413,7.31161516904831,182.247278034687,75.7924430966377,6.61568534374237,0.962761700153351,33.7315998673439,89.257219851017,33.032626748085,34.0373522043228,3.30647242069244,3.98935347795486,36.8770599365234,65.243621468544,1771.23475044966,5267.22303062677,2.12539517879486,72.0181815028191,423.579139024019,1883.56514662504,10.699867606163,90.8782490491867,7.28298202157021,15.2678973674774,26.9594333767891,20.6118476986885,164.755623042583,2115.74230143428,794.972112238407,0,40.8747504353523,919.188921868801,23.3677784204483,33.9589985609055,7.66423463821411,47.1821747422218,0,0,16.3140696287155,26.575342208147,22.6090822517872,23.6616967022419,20.1621505320072,166.345564424992,2.0962843298912,5.38621586561203,3.47697925567627,2.36357998847961,0,0,0.406707584857941,3.8941810131073,96.4301626980305,239.575055062771,138.973072171211,132.324273228645,10.440424323082,12.985862493515,24.4817189574242,28.6051989793777,0,0,1392.88348656893,4275.34791007638,757.301673769951,997.884606331587,233.330530136824,398.448697328568,96.7297665774822,208.725193887949,30.5340361595154,72.4505649805069,218.058603942394,499.808957517147,0,1.29212212562561,15.3737858533859,16.6397258043289,0,1.37288445234299,3.97544324398041,4.45952948927879,0,0,5.65927577018738,4.37285327911377,0,0,0,0,3.72627210617065,15.3689193725586,0,0.926628172397614,0,0,0,0,0,0,0,2.69575679302216,1.80410516262054,0,1.96657431125641,7.84379589557648,0,0,0,0,0,3.14586693048477
0,0,2.01468271017075,0,0.803667962551117,0,0.443464756011963,0,0,0,1.90244960784912,1.48618817329407,0,1.47277355194092,1.96324306726456,0,1.74407345056534,0,13.9087620377541,5.10861575603485,6.27046409249306,0.468755513429642,116.943348616362,0,4.75671830773354,0,10.7773486077785,0,39.3582282960415,3.00325205922127,326.199430167675,2.56069281697273,746.720614254475,40.8747504353523,0,244.420393824577,184.836712121964,113.01131144166,102.621545672417,57.5752708613873,18.7144793570042,4.47399526834488,308.308405220509,465.472283482552,295.475816458464,474.685813784599,337.098437428474,266.274359345436,217.149729728699,177.47122079134,151.545284152031,24.054204761982,30.8430523872375,9.16931712627411,103.815903991461,44.1112216711044,2.51940679550171,2.72316640615463,133.024895489216,99.41163367033,27.9128077626228,5.61521631479263,1.61793452501297,10.9878559112549,3.96072715520859,10.1398282051086,2230.10803490877,639.918247818947,0.710297346115112,0.79294753074646,45.1835763156414,0,48.9646100997925,47.3678420186043,6.24348986148834,0,192.017258763313,59.7666181325912,0.736026108264923,0,27.9660605490208,39.046579003334,12.4085164666176,2.01899600028992,34.9397433996201,7.13466143608093,7.00747609138489,0.398336559534073,127.374570727348,9.43219354748726,0,0,0,0,0,0.533025026321411,0,3.35447907447815,4.28153884410858,3.97067475318909,0,0,0,0,0,0,1.56780397891998,0,0,0,0,0,0,0,0,0
1.0732239484787,0,3.08682888746262,8.36028838157654,0,0.731963932514191,1.63011932373047,1.34535902738571,0,0,0,1.85383123159409,0,1.49573773145676,0,0,1.06061100959778,1.46422898769379,13.6154888570309,31.3650900125504,0,21.1203801035881,1.07156044244766,115.803646624088,0,7.3765019774437,0,0,22.4885159134865,2.25405418872833,7.04238986968994,275.430720299482,26.6412727236748,919.188921868801,244.420393824577,0,172.619100064039,146.389313668013,51.9435455799103,132.486724972725,18.0146141648293,10.3570934534073,120.560547232628,338.236832231283,87.7738843560219,388.481940001249,179.179397165775,333.73886090517,98.3168106973171,120.327108502388,47.5074311494827,22.4044151902199,9.29669827222824,3.33789789676666,24.0249452888966,73.9762406945229,1.0084331035614,1.68571346998215,184.551898211241,41.0171229839325,29.6644519269466,3.07699924707413,3.59962701797485,10.3138838112354,3.39740025997162,2.76393288373947,504.125708013773,2027.45026007295,1.17818963527679,0,6.39722272753716,10.5895259976387,42.714522600174,31.6049947738647,2.6110508441925,5.02043747901917,106.997983366251,44.4032593071461,1.77678418159485,0.525431871414185,29.6252302825451,53.8880990445614,9.77293336391449,3.89728248119354,20.6148377656937,23.3054310679436,1.65332269668579,6.86411479115486,110.745254278183,31.2313069701195,0,0,0,0,0,5.90362060070038,0,2.28098577260971,0,3.17194902896881,0,0,0,0,0,0,0,0,0,0,0,0,0,0,0,0
466.519517064095,2.79747140407562,82.4552575945854,0,33.2981608510017,0,38.2778729200363,1.21104753017426,13.6441077589989,0,66.913890182972,0,24.1473186016083,0,32.8946691155434,0,48.1075745522976,0.940518438816071,110.611197441816,2.16583824157715,21.6067034602165,4.30830138921738,7.30301117897034,0,1.58508116006851,0,124.318522751331,78.2050949335098,160.436638474464,2.06971406936646,0.761655151844025,0,40.2039606273174,23.3677784204483,184.836712121964,172.619100064039,0,265.694449216127,1915.17513868213,113.605293303728,507.421474337578,28.3501697480679,424.583830416203,360.510766625404,262.797132492065,175.092427134514,1426.69480326772,209.788512021303,444.887503832579,110.323889702559,653.1996512115,22.619762390852,153.150671392679,13.9056082367897,1558.61999121308,68.8964462578297,461.056374430656,13.6698218584061,679.94860586524,106.493825495243,416.827173054218,0,174.622619360685,2.74043634533882,122.216841071844,3.07937568426132,654.73069742322,764.384126424789,219.770008206367,5.52128797769547,492.616240203381,40.1818957924843,547.12625259161,28.1471922695637,1127.48245862126,69.9050162136555,4501.69687592983,94.2388750314713,5.23345986008644,0.891123414039612,266.783189594746,3.96732717752457,368.966726899147,1.33297753334045,391.336296349764,3.6550840139389,850.419347941875,10.7813121080399,1678.89146175981,7.10001170635223,51.3170330822468,89.4825579226017,20.7821946442127,19.9876050949097,99.81129565835,42.8348603248596,61.2532630860806,16.4706993699074,38.0356630384922,28.2088577747345,7.10939872264862,12.3375899493694,14.7735271751881,77.8421077430248,52.3722967505455,30.9989515841007,31.0139859318733,6.80325770378113,18.8364946842194,19.893368601799,5.47259894013405,4.52358168363571,3.34183421730995,1.06120669841766,4.57872194051743,11.6108765602112
2.43337392807007,257.336660534143,0,101.408374011517,11.9943715333939,15.9292861819267,0.857120871543884,58.4637587666512,0,26.3692613244057,0,10.8734855949879,0,12.7644774615765,0,46.3376351892948,0,6.12295845150948,3.95767951011658,82.8625268936157,9.39019274711609,50.5287234187126,0,12.9960218667984,0,3.53979760408401,83.3951380252838,230.357931673527,1.65910339355469,54.7220900654793,0,5.05991929769516,46.9706916213036,33.9589985609055,113.01131144166,146.389313668013,265.694449216127,0,76.0318365693092,1766.12756407261,14.1218493580818,439.340010493994,73.40025344491,369.706391960382,25.0915488600731,424.515401691198,164.947198003531,801.42547544837,7.05878442525864,363.599988251925,18.4540198147297,293.473294556141,0,55.6094104647636,21.7161521315575,1836.34832188487,21.6461065411568,168.981629908085,237.111364364624,376.292113900185,35.1735289990902,220.447065025568,17.0218290686607,61.8002786934376,4.35941880941391,218.388866961002,445.429642528296,680.560297131538,5.70552384853363,59.8048689961433,29.3132319450378,345.401418358088,39.527356505394,402.095244169235,29.7003509700298,454.234332501888,75.3690043389797,4091.71777951717,0,0.731536507606506,11.5677703022957,96.0869996845722,0.885720193386078,285.542504996061,8.41465991735458,210.26564720273,0.729509949684143,519.779449492693,18.0038955211639,947.841305702925,26.992122232914,32.05712428689,11.2823298573494,9.63837030529976,14.8621824383736,185.623414337635,7.83720433712006,43.8680757284164,22.2939339280128,59.0604295730591,19.1763499379158,5.32063955068588,24.7858681082726,46.7326516807079,13.8594954609871,45.664928406477,14.041297763586,8.61926609277725,9.75201481580734,24.5382041335106,17.6897448897362,0,2.67627412080765,0.596469759941101,4.37438416481018,2.67319214344025
82.7171113491058,0,18.0851671695709,0,22.082927942276,0,5.22788035869598,0,0.766585946083069,0,15.5101017355919,0,11.4278277754784,0,2.35503494739532,0,10.3875492811203,0,21.5831624865532,0,9.53971880674362,1.40264177322388,1.61860346794128,0,0.732058644294739,0,55.4027662277222,40.4918814897537,51.6786244511604,0,4.76532772183418,1.02074491977692,44.9636978507042,7.66423463821411,102.621545672417,51.9435455799103,1915.17513868213,76.0318365693092,0,97.4608291387558,406.999230086803,2.61460453271866,279.561004638672,40.2655434608459,136.753053724766,12.9777019023895,1180.0995965004,76.3135831952095,185.998136729002,6.65629875659943,172.243583321571,0,44.7290637791157,0,2113.50515085459,20.562940210104,130.055407762527,0,275.828127503395,10.0928030014038,99.1871963739395,2.17773103713989,62.2215833961964,0,16.1272456645966,0,381.911619842052,135.447154372931,63.1310610175133,0,58.5213301181793,9.94315844774246,126.088436156511,9.89809775352478,237.71164765954,27.6566454470158,326.990301460028,50.3173306584358,4.32619535923004,0,46.1541159152985,0,132.474131494761,0,45.7013266086578,0,94.1361705064774,0,482.829799413681,0,182.7354567945,206.178719103336,28.6971268355846,36.6391645073891,29.1824091672897,81.573731303215,45.7801208496094,21.1637201905251,48.9269675910473,43.7833143472672,30.7475952506065,27.3329285383224,27.7349384427071,72.0556885004044,23.4682109057903,36.1670370995998,18.0563012957573,4.38021570444107,3.41510248184204,2.53697693347931,6.37688398361206,3.2403262257576,2.80909383296967,1.7365100979805,3.70812526345253,2.08195012807846
0,51.487219452858,0,10.8839473724365,0,5.04201191663742,0,9.05254408717155,0,6.27060043811798,0,1.63605129718781,0,1.38336998224258,0,10.5423560738564,0,3.74521440267563,0,23.6246230006218,0,6.22818577289581,0,1.04698419570923,0,0.654819011688232,3.52397584915161,10.1103855371475,0,31.1373965740204,1.76079726219177,0,4.27098298072815,47.1821747422218,57.5752708613873,132.486724972725,113.605293303728,1766.12756407261,97.4608291387558,0,1.31686002016068,2252.54329949617,18.849400639534,425.372740417719,12.9220378994942,195.62479186058,122.783367753029,881.936080813408,5.24950337409973,106.919454783201,7.31739187240601,87.0273988246918,0,35.638250797987,27.856789290905,1851.28218892217,3.33084535598755,91.8901036381721,3.18120104074478,127.985585480928,0,39.426783144474,0,8.42905482649803,0,20.4429096877575,78.9106836616993,443.468522578478,0,42.6363074183464,7.16255724430084,47.7923746109009,5.24598830938339,54.4137379229069,21.5113312602043,59.6690100729465,5.84721624851227,147.807794451714,0,0,0,17.4430813491344,0,463.720934987068,0,59.9439607262611,0,152.152941167355,0,309.343408972025,53.612546980381,75.4233006536961,11.7014490365982,16.1181622445583,15.8696015775204,41.9755691885948,14.0611529946327,97.5817932188511,10.7641007304192,37.0825732052326,8.07712349295616,6.88884609937668,16.5150214731693,40.0832651257515,2.15460294485092,28.92286413908,5.58139115571976,4.93133628368378,2.03716605901718,1.26565217971802,10.7345096468925,4.86383074522018,3.28376579284668,0.748820185661316,2.40210899710655,1.16982591152191
5.71447646617889,0,2.81567215919495,3.84928968548775,12.5979167222977,3.58815681934357,6.12076687812805,0.991512835025787,8.34448373317719,1.45000350475311,0,0,7.19195359945297,0,29.1081385016441,0,0,0,5.29696720838547,0,27.8865658044815,0.514457643032074,2.84904587268829,1.50716614723206,10.9746325612068,5.16307574510574,13.2681142091751,3.87091839313507,156.953129351139,0,0,1.05040502548218,5.22046232223511,0,18.7144793570042,18.0146141648293,507.421474337578,14.1218493580818,406.999230086803,1.31686002016068,0,45.445296049118,62.1477806866169,0,9.06526580452919,0,176.950473695993,0,16.3024230003357,0,88.5794381797314,0,25.0376486182213,0,560.460388600826,8.28400999307632,2.07357537746429,0,29.0915611386299,0,43.9942033588886,0,4.87116035819054,0,16.1411180496216,0,63.3795742988586,0.888837039470673,0.967522501945496,0,229.547309100628,35.6793797016144,563.724842250347,18.3786140084267,300.568837076426,35.2723404765129,267.581730186939,3.66030257940292,0,0,17.2145941853523,0,777.927421540022,3.33359122276306,91.8467904031277,0,676.252695173025,11.8838450312614,260.374848872423,12.1942997574806,3.50546711683273,0.326676726341248,2.4098853468895,0,8.62261587381363,0,1.9214468896389,0,2.32356581091881,0,1.54791796207428,0.977774143218994,2.91275224089622,1.17468178272247,10.5845151245594,5.30717757344246,0.452639877796173,1.02477264404297,4.42388984560966,2.86237037181854,3.21015378832817,0,0.601189970970154,0.575931072235107,0.426395356655121,5.71620577573776
0,1.98308962583542,0,63.1296929717064,1.3431168794632,185.316087007523,0,15.2607424259186,0,176.858031213284,0,0,0,14.2136326432228,4.53899776935577,396.097918629646,0,0,0,0,12.6002827882767,534.984665155411,2.84158229827881,19.20763194561,3.87670892477036,59.1408313512802,0,43.7815226018429,2.97306764125824,341.877167761326,5.65419125556946,0,0.509088158607483,0,4.47399526834488,10.3570934534073,28.3501697480679,439.340010493994,2.61460453271866,2252.54329949617,45.445296049118,0,5.9221248626709,74.1111907660961,0.888223350048065,23.9593391418457,6.63278913497925,187.153921753168,0,33.1869769394398,0,74.0824396908283,0,36.2534741461277,8.92169553041458,761.580694645643,0,1.09075200557709,0,21.0950436294079,0,10.1151730120182,0,2.04093885421753,0,18.0026524066925,2.50736290216446,54.7320330440998,0,0,40.2358015179634,283.851376533508,68.5114041566849,1199.3843613565,47.5068628787994,232.086027979851,3.14448070526123,189.554046332836,0,0,0,13.9718234241009,7.92541283369064,1549.40998727083,9.13280302286148,132.388325452805,22.3090451955795,1512.96868848801,21.2076094150543,301.521696180105,2.04633674025536,1.00955590605736,0.486023753881454,0.859453201293945,0,3.81667876243591,0,4.85389775037766,0,7.44791504740715,0,0.412343174219131,0,0.828037321567535,2.08740520477295,4.31079617142677,0,0,2.80439037084579,0.675156593322754,0,0,0,0,0,1.18174737691879
0,0,1.71226680278778,0,0,0,1.46643000841141,0,0,0,0,0,0,0,0,0,3.76221567392349,0,11.8635022938251,0,0,0,36.1128416061401,0,0,0,0,0,163.749767780304,7.77168709039688,118.712313592434,3.49209177494049,152.254285305738,16.3140696287155,308.308405220509,120.560547232628,424.583830416203,73.40025344491,279.561004638672,18.849400639534,62.1477806866169,5.9221248626709,0,1641.74987149239,8913.33731630445,2248.97167214751,7078.77474588156,1397.74886518717,2888.40820467472,325.549647152424,2293.73067224026,58.6513399481773,581.251430630684,3.17332381010056,424.582801550627,46.8052573800087,0,5.81996113061905,551.56320092082,69.5723052620888,46.9733170568943,0,3.52383244037628,0.804138898849487,2.38013589382172,4.33708417415619,2201.1770812273,705.118707984686,0.481757909059525,1.45861387252808,1.07585120201111,0,241.785945385695,79.8700802922249,9.29012298583984,3.6024956703186,360.153416216373,68.6142671406269,2.72328495979309,0,117.361525863409,21.5645631849766,40.6989631056786,6.72119301557541,159.655575573444,33.6923271119595,7.15328329801559,0.666159152984619,579.679798841476,28.5503244400024,8.74056190252304,0,0,0,5.68167912960052,0,0.809281826019287,4.01765137910843,294.753578901291,62.7794695496559,0,0,0,0,0,0,0,0,0,0,0,0,0,0,0,0
0.962484180927277,0,0,3.33344233036041,0,0,0,1.163614153862,0,0.579168677330017,0,0,0,0,0,0.607909679412842,0,0,0.730592668056488,5.99205192923546,0.590471982955933,0,0,2.43727642297745,0,0,0,1.9444060921669,3.6457896232605,51.8634781837463,0.648345589637756,7.88246729969978,10.8322658240795,26.575342208147,465.472283482552,338.236832231283,360.510766625404,369.706391960382,40.2655434608459,425.372740417719,0,74.1111907660961,1641.74987149239,0,1027.5589659214,14172.946181953,309.671013504267,9158.33471029997,896.584071844816,2599.08308807015,864.723782330751,1489.59347236156,80.0583970546722,760.46358114481,116.246525764465,400.139523595572,0,0,494.489808917046,71.6941587924957,133.509960383177,1.25904634594917,0,2.94811177253723,14.1593722105026,2.46199524402618,1088.05943888426,3049.30970293283,0,0,0,1.23963052034378,17.3129211068153,332.392255187035,1.77006584405899,27.5224102437496,98.7636228203773,227.333742797375,0,2.6117479801178,8.86715370416641,171.338000059128,0,135.111633777618,25.2836753726006,288.01740822196,0,37.8677287995815,87.9392306506634,286.506395727396,0,0,0,0,0,12.9816736578941,0,67.8422761559486,0,111.390102267265,0,0,0,0,0,0,0,0,0,0,0,0,0,0,0,0
0,0,0.602854311466217,0,0,0,1.09895324707031,0,0,0,0,0,0,0,0,0,3.42298871278763,0.761510252952576,25.5900350809097,0,0,0,11.1247413158417,0,0,0,0,0,43.3207243084908,0,30.4276522994041,1.390465259552,147.69487798214,22.6090822517872,295.475816458464,87.7738843560219,262.797132492065,25.0915488600731,136.753053724766,12.9220378994942,9.06526580452919,0.888223350048065,8913.33731630445,1027.5589659214,0,1114.70736679435,1770.68107810616,114.420037269592,3212.9316214323,160.952017664909,649.129506468773,9.25409090518951,67.77746078372,0.572268784046173,145.231576472521,7.9064416885376,0,6.28281432390213,484.91615524888,31.3513242304325,78.9746438264847,2.70336902141571,3.33823591470718,1.82165861129761,1.03887179493904,3.67731788754463,1649.92326977849,549.349271357059,0,0.644390642642975,1.26248317956924,1.43033146858215,112.34473747015,6.44181925058365,8.49148532748222,2.52008882164955,218.890683084726,22.0444157719612,1.56908616423607,0.850102961063385,81.9849579930305,4.62660181522369,1.78938686847687,0,61.925610512495,6.65136644244194,0,0,138.591032207012,2.53593349456787,1.34839534759521,0,0,0,1.24456799030304,0,1.40665829181671,1.26639246940613,31.4083008468151,4.20675724744797,0,0,0,0,0,0,0.597781717777252,0,0,1.09985327720642,0,0,0,0,0,0
0,0,0,7.20521634817123,0,0,0,2.21961581707001,0,0,0,0.983886420726776,0,0,0,0,0,0,0,11.6786652207375,0,0,0,0.606591820716858,0,0,0,0,1.69193249940872,69.8032013773918,0.655898690223694,2.30847454071045,11.7317718267441,23.6616967022419,474.685813784599,388.481940001249,175.092427134514,424.515401691198,12.9777019023895,195.62479186058,0,23.9593391418457,2248.97167214751,14172.946181953,1114.70736679435,0,92.0141472220421,2005.2055131197,381.053281605244,5929.90427362919,518.978466331959,1695.28495287895,11.0570878982544,478.611109614372,22.9630418419838,795.909566938877,2.27172923088074,2.25860285758972,280.409758031368,304.234064996243,66.2814637124538,2.22645223140717,0,9.11273920536041,1.36490178108215,11.1729148626328,1037.27025350928,2223.05040454865,1.10324108600616,1.48366558551788,0,1.73597377538681,0,575.623689085245,0,68.9950375258923,16.7961140871048,438.719762921333,0,1.12977510690689,0.631200134754181,377.943038910627,0,16.1163105666637,26.2978813052177,321.05107074976,0,2.44491481781006,9.00988084077835,323.43807387352,0,0,0,0,0,13.7611157894135,0,12.5948381125927,0,77.3734571039677,0,0,0,0,0,0,0,0,0,0,0,0,0,0,0,0
4.35407328605652,1.21852481365204,1.49132567644119,0,7.58619821071625,0,0,0,0.754567563533783,0,3.37754064798355,0,1.64864057302475,0,5.92774474620819,0,2.27457648515701,0.763524293899536,9.38999751210213,0,2.40653383731842,0,5.40303492546082,0,0,0,0.685239851474762,1.95232117176056,204.94614058733,4.59810924530029,53.0983422994614,0,105.940924465656,20.1621505320072,337.098437428474,179.179397165775,1426.69480326772,164.947198003531,1180.0995965004,122.783367753029,176.950473695993,6.63278913497925,7078.77474588156,309.671013504267,1770.68107810616,92.0141472220421,0,309.894924402237,628.942915707827,41.320565700531,2013.69280365109,7.16316139698029,2296.05517578125,1.73093658685684,3830.73072615266,99.2143571376801,1.75661998987198,1.46245205402374,197.841582119465,50.050406396389,70.2680403292179,0,5.97379130125046,2.902184009552,19.493383616209,7.40586173534393,1848.8444313705,721.834185898304,0,2.01197123527527,8.95469760894775,10.0337995886803,289.655389845371,6.21317285299301,29.7968933582306,7.07105040550232,655.242248922586,81.1568589806557,0,0,80.7069999575615,9.12823188304901,107.272096157074,0,209.583658784628,3.10992038249969,181.781281799078,0,1302.92558795214,2.99899399280548,10.2681733369827,0.762365102767944,1.0248017013073,0,58.5328988134861,0.620123088359833,28.8676122128963,9.76480519771576,652.67560878396,2.24067854881287,0.41387814283371,0,1.80171847343445,0,9.5383452475071,2.37238693237305,0,0.443215936422348,4.4197793006897,21.0830098390579,0.667472660541534,0,1.21924048662186,0,0,0.752576947212219
0,21.6601866483688,0,13.4592081308365,0,0.466218709945679,0,9.2943502664566,0,0.485086500644684,0,0,0,0,0,8.72707164287567,0,0,5.35974323749542,28.3920496702194,0,2.44195294380188,0,22.1773388385773,0,0,0,5.58809506893158,0,109.859126985073,1.7697606086731,64.3231686353683,10.7481470108032,166.345564424992,266.274359345436,333.73886090517,209.788512021303,801.42547544837,76.3135831952095,881.936080813408,0,187.153921753168,1397.74886518717,9158.33471029997,114.420037269592,2005.2055131197,309.894924402237,0,58.3195192813873,970.700430959463,100.619075596333,626.3714389503,5.90994095802307,1274.68408668041,30.2136062085629,2824.53595378995,0.770469009876251,32.4717615842819,82.0621889531612,64.9234529435635,7.77447861433029,14.2274734377861,1.47995269298553,11.479094684124,0,16.2896617352962,498.880442619324,1440.80244579911,0,6.80332976579666,7.11028170585632,43.8198000192642,3.68695437908173,417.786073565483,0.675383031368256,56.9017691910267,34.8839664757252,959.562638431787,0,0.658040046691895,1.73659443855286,138.036126226187,0,224.303916752338,5.85926693677902,436.155176460743,0,108.087922990322,7.40976947546005,676.390696048737,0,14.8751251399517,0,0.507973432540894,9.31699645519257,114.181796967983,1.18792706727982,431.800115287304,0.404552549123764,263.60774102807,0.48416942358017,4.31479132175446,1.59196031093597,6.82432281970978,4.39791628718376,30.0475737452507,1.02193188667297,0,4.05394521355629,111.148651003838,0,1.26051497459412,1.40730768442154,1.94732803106308,1.23292845487595,0.450246065855026
3.21814578771591,0,0,0,0,0,23.1942390799522,0,0,0,0,0,0,0,0,0,12.4326912164688,0,0,0,0,0,0,0,0,0,0,0,86.0025635957718,0,0,0,1.79679930210114,2.0962843298912,217.149729728699,98.3168106973171,444.887503832579,7.05878442525864,185.998136729002,5.24950337409973,16.3024230003357,0,2888.40820467472,896.584071844816,3212.9316214323,381.053281605244,628.942915707827,58.3195192813873,0,247.975213319063,4849.79170158505,19.1781848371029,290.469007760286,0,303.799376070499,7.68195003271103,5.91887119412422,0,915.326043516397,15.4767321944237,386.928686469793,0,3.57283079624176,0,33.0642596483231,0,690.814038544893,502.209134161472,0,0,11.0336353480816,0,238.683313161135,0,16.1996825933456,0,490.697649687529,3.97744846343994,1.21841496229172,0,271.905805796385,0,10.3386208415031,0,205.675713151693,1.21358335018158,0,0,306.977103471756,0,0,0,0,0,6.85549506545067,0,9.08095842599869,1.2994658946991,6.49643379449844,0,0,0,0,0,0.658827185630798,0,0,0,0,0.617622315883636,0,0,0,0,0,0
0,0,0,12.0799386501312,0,0,0,9.05371224880219,0,0,0,0,0,0,0,0,0,2.30383032560349,0,15.674556016922,0,0,0,0,0,0,0,0,0,67.8311357498169,0,0,4.00178253650665,5.38621586561203,177.47122079134,120.327108502388,110.323889702559,363.599988251925,6.65629875659943,106.919454783201,0,33.1869769394398,325.549647152424,2599.08308807015,160.952017664909,5929.90427362919,41.320565700531,970.700430959463,247.975213319063,0,277.718231976032,6809.43253958225,15.7819595336914,979.059023827314,13.392613530159,1196.06630957127,0,2.22939705848694,191.388839095831,1440.36636775732,55.4493012428284,18.255753070116,0,14.0924558639526,1.98460265994072,422.535708755255,424.422203570604,739.323047578335,0,1.41439354419708,0,5.18295705318451,0.729315519332886,446.874003440142,0,55.121433287859,17.5104787349701,342.991821229458,0,2.65866822004318,0,445.4487593472,0,37.1672892272472,10.5315644741058,594.601173222065,0,3.80421453714371,3.44724190235138,464.183038771152,0,0,0,0,0,38.2391061484814,0,9.62456941604614,0,20.0470662713051,0,0,0,0,0,0,0,0,0,0.908307552337646,0,0,0,0,0,0
159.656131982803,0,5.84367704391479,0,0,0,176.472086966038,0,0,0,4.16406404972076,0,1.34412655234337,0,0.983344197273254,0,27.0801301598549,0,0.565612077713013,0,0,0,0,0,0,0,0,0,283.456141233444,0,0,0,0,3.47697925567627,151.545284152031,47.5074311494827,653.1996512115,18.4540198147297,172.243583321571,7.31739187240601,88.5794381797314,0,2293.73067224026,864.723782330751,649.129506468773,518.978466331959,2013.69280365109,100.619075596333,4849.79170158505,277.718231976032,0,15.3082804679871,5399.3400824368,0,2783.28822606802,6.58610963821411,231.940263539553,0,1388.84703877568,26.2745830416679,2229.89952400327,0,20.8293538987637,0,910.493808418512,0,595.597988814116,417.15094512701,0,0,45.0374028384686,1.8530797958374,583.133129119873,2.22751545906067,38.5630417764187,0,735.907013595104,8.09746181964874,18.5171109437943,0,615.91967061162,0,171.206590116024,0,3671.68477582932,0,36.6624616980553,0,2040.47034037113,1.15179967880249,0,0,0,0,26.2955702841282,0,9.17963570356369,1.02803874015808,7.09611946344376,0,0,0,0,0,0,0,2.10112577676773,0,0,0,0,0,0,0,0,0
0,101.87173473835,0,267.111291646957,0,0,0,453.42628544569,0,0,0,22.1007552146912,0,0.982154726982117,0,0,0,3.55524522066116,0,15.2627943754196,0,1.25200057029724,0,0,0,0,0,0,0,80.4028675854206,0,0,1.01608467102051,2.36357998847961,24.054204761982,22.4044151902199,22.619762390852,293.473294556141,0,87.0273988246918,0,74.0824396908283,58.6513399481773,1489.59347236156,9.25409090518951,1695.28495287895,7.16316139698029,626.3714389503,19.1781848371029,6809.43253958225,15.3082804679871,0,0,4447.31634443998,0,1756.17882245779,0,76.1315892338753,11.9435588121414,1973.67586615682,3.22429424524307,326.979140907526,0,24.4082059264183,2.16736364364624,2036.56026041508,70.8614911437035,456.210536330938,0,2.90811097621918,0,24.7195419967175,0,472.666628181934,0,55.3803724348545,8.41883316636086,285.445305764675,0,3.84707021713257,0,680.902837663889,0,166.86547935009,0,3876.62752428651,0,46.1529058814049,0,1323.3993499279,0,0,0,0,0,21.6937474012375,0,4.06768465042114,0,2.75266233086586,0,0,0,0,0,0,0,0,0,1.46260297298431,0,0,0,0,0,0
30.6644230782986,0,0,0,0,0,5.76213705539703,0,0,0,7.4025502204895,0,0,0,0,0,1.79023337364197,0,0,0,0,0,0,0,0,0,0,0,48.4273416697979,0,0,0,0,0,30.8430523872375,9.29669827222824,153.150671392679,0,44.7290637791157,0,25.0376486182213,0,581.251430630684,80.0583970546722,67.77746078372,11.0570878982544,2296.05517578125,5.90994095802307,290.469007760286,15.7819595336914,5399.3400824368,0,0,0,2869.88932272792,1.57464343309402,21.9992927908897,0,43.8920822441578,0,28.2780116200447,0,2.56952261924744,0,26.7159865498543,0,90.2627353966236,71.3862353563309,0,0,2.50240778923035,0,103.298743784428,0,5.56434851884842,0,107.327635735273,1.18480610847473,1.055968105793,0,44.7686890661716,0,14.917592048645,0,374.305930763483,0,19.5414099395275,0,1057.99566745758,0,0,0,0,0,1.24086177349091,0,0.901786804199219,0,12.0589865446091,0,0,0,0,0,0,0,0,0,0,0,0,0,0,0,0,0
0,1.30598795413971,0,0,0,1.17727088928223,0,1.15498423576355,0,0,0,0,0,0,0,0,0,0,0,0,0,0,0,0,0,0,0,0,0,20.3285947442055,0,0,0,0,9.16931712627411,3.33789789676666,13.9056082367897,55.6094104647636,0,35.638250797987,0,36.2534741461277,3.17332381010056,760.46358114481,0.572268784046173,478.611109614372,1.73093658685684,1274.68408668041,0,979.059023827314,0,4447.31634443998,0,0,0,3271.43151944876,0,0,0,3.27817958593369,0,0,0,0,0,3.62848305702209,8.0224472284317,23.7053722143173,0,0,0,0,0,64.9468055069447,0,2.53013914823532,1.29264199733734,23.6804124116898,0,0,0,27.0327579677105,0,20.6134423017502,0,865.104833215475,0,17.3282256126404,0,786.6299251616,0,0,0,0,0,0,0,1.15844330191612,0,3.73186218738556,0,0,0,0,0,0,0,0,0,0,0,0,0,0,0,0
10.8673278689384,0,0,0,0,0,7.80549710988998,0,0,0,0,0,0,0,0,0,0.541935503482819,0,0,0,3.38262087106705,0,0,0,0,0,0,0,87.0823949277401,0,0,0,7.86309599876404,0.406707584857941,103.815903991461,24.0249452888966,1558.61999121308,21.7161521315575,2113.50515085459,27.856789290905,560.460388600826,8.92169553041458,424.582801550627,116.246525764465,145.231576472521,22.9630418419838,3830.73072615266,30.2136062085629,303.799376070499,13.392613530159,2783.28822606802,0,2869.88932272792,0,0,16.4578194618225,15.6378398835659,0,101.974749386311,0,53.5557236671448,0,3.58299142122269,0,29.6787662506104,0,251.73160392046,131.958319544792,0,0,10.662152826786,2.76838195323944,79.1821458339691,2.3152357339859,21.8867506086826,5.97986114025116,143.50249004364,14.3959610462189,0.514014184474945,0,22.7960895895958,0,179.6871547997,0,497.731270700693,0,421.71380853653,0,3098.85280960798,0,2.61375963687897,0,0,0,4.48623329401016,1.92688226699829,3.9247864484787,0,37.8365871012211,0,0,0,0,0,0.821660041809082,0,0,0,0,1.41572952270508,0,0,0,0,0,0
0,9.84843599796295,0,1.0047105550766,0,9.26962727308273,0,3.98130667209625,0,14.2998186349869,0,0,0,0.7589231133461,0,34.1812313497066,0,0,0,0,2.11483708024025,1.01192557811737,0,0,0,2.08894497156143,0,0.702762961387634,1.55882680416107,73.0837306082249,0,0,1.85886359214783,3.8941810131073,44.1112216711044,73.9762406945229,68.8964462578297,1836.34832188487,20.562940210104,1851.28218892217,8.28400999307632,761.580694645643,46.8052573800087,400.139523595572,7.9064416885376,795.909566938877,99.2143571376801,2824.53595378995,7.68195003271103,1196.06630957127,6.58610963821411,1756.17882245779,1.57464343309402,3271.43151944876,16.4578194618225,0,0,4.22936642169952,5.60013651847839,17.1066863536835,0,5.92994505167007,0,1.97850131988525,0,14.8550566136837,83.4432018399239,219.346867233515,0,0.810855269432068,8.40056705474854,37.4244901835918,24.4377530813217,255.790629267693,9.43823283910751,39.2147133946419,11.2587958872318,265.748717516661,0,0,0,64.2145718038082,0,295.89037796855,0,738.170012831688,0,657.268607854843,0,3479.05590829253,0,0,0,0,0.916730284690857,21.512240588665,1.64539396762848,124.827473789454,0,45.6066351532936,0,1.00132513046265,0,0,0,0,0,0,0.701075792312622,0,0,0,0,0,0,0
11794.6782558262,58.7250799536705,426.9878680408,23.402620613575,0,0,432.618841707706,15.4402156472206,0,0,523.131993353367,0,144.980849981308,0,1.79653829336166,0,3118.35068875551,28.0847209990025,154.79370290041,143.008721888065,0,0,1.41722571849823,0,0,0,0,0,1757.96158125997,4.04987841844559,0.679055392742157,0.794322788715363,10.5426638126373,96.4301626980305,2.51940679550171,1.0084331035614,461.056374430656,21.6461065411568,130.055407762527,3.33084535598755,2.07357537746429,0,0,0,0,2.27172923088074,1.75661998987198,0.770469009876251,5.91887119412422,0,231.940263539553,0,21.9992927908897,0,15.6378398835659,0,0,143.862353563309,1987.36743563414,67.8877964615822,6402.91607651114,17.9483890533447,2630.8899589479,27.8579069972038,780.912777155638,0,449.407810777426,180.431139707565,1407.16524928808,55.0988799035549,1532.9065734446,71.1889896392822,2031.98502865434,30.3463217616081,761.295537799597,4.6625936627388,4156.2451967895,121.771040052176,118.351142704487,0.562182307243347,833.01424998045,7.18143165111542,4.02437007427216,0,702.13462126255,0,0,0,260.071728438139,0,0,0,0,0,95.7350652813911,0,14.917857080698,0,0,0,0,0,0,0,6.05356732010841,0,11.2530473470688,0,3.83993452787399,9.6693959236145,0,0,0,0,0,0
14.8960821628571,11145.3717460334,0,365.824279785156,0,0,1.00755333900452,781.46528711915,0,1.74160408973694,0,413.084078043699,0,286.681749641895,0,40.3267308473587,6.7499937415123,2913.48327478766,39.8967641592026,414.699790775776,0,0,0,3.90098768472672,0,0,0,0,6.59614664316177,951.175226420164,1.5757417678833,0,113.460453927517,239.575055062771,2.72316640615463,1.68571346998215,13.6698218584061,168.981629908085,0,91.8901036381721,0,1.09075200557709,5.81996113061905,0,6.28281432390213,2.25860285758972,1.46245205402374,32.4717615842819,0,2.22939705848694,0,76.1315892338753,0,0,0,4.22936642169952,143.862353563309,0,65.0739619135857,1471.64089018106,4.49070370197296,1989.37434309721,16.0998842716217,2815.63324853778,0,154.872250586748,383.167518496513,618.028634428978,156.831029653549,2029.48382771015,65.7626665830612,579.988794773817,3.53024142980576,2591.62997359037,0,476.265234977007,322.003547132015,2106.00197729468,6.15736091136932,55.3162853121758,11.8887655138969,304.07874327898,0,1.27224200963974,0,141.329670161009,0,0,0,120.389196664095,0,0,0,0,0,87.3609107136726,0,0.560352444648743,0,0,0,0,0,0,0,1.17513567209244,0,0,2.51595914363861,6.67390319705009,0,0,0,0,0,0
581.009923219681,1.00098872184753,643.424595296383,0,0,0,231.90612795949,0,0,0,21.5974198579788,0,6.29798483848572,0,0,0,108.584978163242,3.02519857883453,171.022032976151,1.26160109043121,0,0,1.18943560123444,0,0,0,0,0,392.431169986725,2.79118740558624,4.63272297382355,1.50687527656555,54.9502648115158,138.973072171211,133.024895489216,184.551898211241,679.94860586524,237.111364364624,275.828127503395,3.18120104074478,29.0915611386299,0,551.56320092082,494.489808917046,484.91615524888,280.409758031368,197.841582119465,82.0621889531612,915.326043516397,191.388839095831,1388.84703877568,11.9435588121414,43.8920822441578,0,101.974749386311,5.60013651847839,1987.36743563414,65.0739619135857,0,199.227304756641,4638.62367814779,27.1043322682381,329.760104000568,7.26842027902603,1596.13682201505,0,2283.60787370801,1036.1476636827,117.261006832123,14.8265492320061,236.431437522173,22.1720596551895,609.041363954544,17.8691662549973,136.444909989834,1.54555320739746,1773.76620313525,163.823946207762,45.572785705328,0,702.309246271849,5.4805993437767,1.9818018078804,0,274.200629353523,2.01771235466003,0,0,233.811981827021,0,0,0,0,0,80.6876718401909,0,29.6067745089531,0,0,0,0,0,0,0,0,0,1.61053144931793,0,0.615300178527832,7.5983567237854,0,0,0,0,0,0
0.763411939144135,382.243584245443,0,206.516965091228,0,0,0,202.38551518321,0,0,0,98.6809191405773,0,12.8786482214928,0,0,1.432313144207,186.635455578566,2.00228136777878,220.39200758934,0,0,0,6.80723804235458,0,0,0,0,4.95617890357971,350.944943487644,1.79331767559052,2.27021324634552,90.6801154613495,132.324273228645,99.41163367033,41.0171229839325,106.493825495243,376.292113900185,10.0928030014038,127.985585480928,0,21.0950436294079,69.5723052620888,71.6941587924957,31.3513242304325,304.234064996243,50.050406396389,64.9234529435635,15.4767321944237,1440.36636775732,26.2745830416679,1973.67586615682,0,3.27817958593369,0,17.1066863536835,67.8877964615822,1471.64089018106,199.227304756641,0,21.1752585172653,2556.53268700838,22.0368273258209,792.657541245222,0,1390.28415685892,625.198205649853,1964.47053167224,13.2405685782433,122.890004634857,26.885037779808,99.2576765418053,3.77569115161896,846.661464005709,0.850919783115387,192.815857678652,147.063910126686,1141.96026155353,2.73683369159698,109.79857891798,8.13316142559052,1349.57833725214,0,19.363618016243,7.96359133720398,367.443942606449,0,2.07010316848755,0,164.039560556412,0,0,0,0,0,80.3002147376537,0,0,0,0,0,0,0,0,0,0,0,0,0,1.29703179001808,0,0,0,0,0,0
771.334142923355,0,15.7823207378387,0.934496521949768,0,0,255.007100969553,1.59788405895233,0,0,125.72891420126,0,18.5332369804382,0,0,0,287.518365234137,0,3.9072008728981,0,0,0,0,0,0,0,0,0,213.936246752739,0.902473092079163,0,0,7.93217951059341,10.440424323082,27.9128077626228,29.6644519269466,416.827173054218,35.1735289990902,99.1871963739395,0,43.9942033588886,0,46.9733170568943,133.509960383177,78.9746438264847,66.2814637124538,70.2680403292179,7.77447861433029,386.928686469793,55.4493012428284,2229.89952400327,3.22429424524307,28.2780116200447,0,53.5557236671448,0,6402.91607651114,4.49070370197296,4638.62367814779,21.1752585172653,0,4.06677007675171,4031.41459968686,1.07555496692657,3610.95972180367,0,238.201245009899,176.291828989983,1.98412036895752,0.879934430122375,106.412851780653,1.33561432361603,282.811768084764,5.4336941242218,43.3188183307648,0,692.528168171644,14.6285800337791,30.8434943556786,0,543.420250415802,1.3519332408905,14.3409252762794,0,1849.49644684792,0,0.804884433746338,0,428.923301100731,0,0,0,0,0,12.0573104023933,2.10224580764771,14.392884850502,0,0,0,0,0,0,0,0,0,1.63063609600067,0,0,3.44706523418427,0,0,0,0,0,0
0,769.230540603399,0,60.8037063777447,0,0,0,721.144873380661,0,0,0,662.692978471518,0,265.027854919434,0,1.41247248649597,2.95700120925903,593.639349162579,0.8468177318573,17.5426496267319,0,0,0,0,0,0,0,0,1.35524165630341,151.686541736126,0,0.812710225582123,15.5366718173027,12.985862493515,5.61521631479263,3.07699924707413,0,220.447065025568,2.17773103713989,39.426783144474,0,10.1151730120182,0,1.25904634594917,2.70336902141571,2.22645223140717,0,14.2274734377861,0,18.255753070116,0,326.979140907526,0,0,0,5.92994505167007,17.9483890533447,1989.37434309721,27.1043322682381,2556.53268700838,4.06677007675171,0,1.56389820575714,5260.78064739704,0,3346.7186409831,66.7409800887108,118.13055101037,3.30689489841461,4.94872918725014,2.54557824134827,87.9771788418293,1.15800726413727,322.38409486413,0,66.8451303243637,50.7875033020973,369.555591315031,0,32.5400762557983,0,636.305265784264,0,23.2932713031769,0,748.485282868147,0,1.38640093803406,0,257.683147758245,0,0,0,0,0,26.6853050291538,0,0,0,0,0,0,0,0,0,0,0,0,0,2.02472966909409,0,0,0,0,0,0
239.60783213377,0,6.90336954593658,0,0,0,60.0682306885719,0,0.528992235660553,0,345.469060778618,0,42.15919226408,0,0,0,2242.81159514189,0,7.84181380271912,0,0,0,0,0,0,0,0,0,838.453673481941,1.98008370399475,0.702253580093384,0,2.23467648029327,24.4817189574242,1.61793452501297,3.59962701797485,174.622619360685,17.0218290686607,62.2215833961964,0,4.87116035819054,0,3.52383244037628,0,3.33823591470718,0,5.97379130125046,1.47995269298553,3.57283079624176,0,20.8293538987637,0,2.56952261924744,0,3.58299142122269,0,2630.8899589479,16.0998842716217,329.760104000568,22.0368273258209,4031.41459968686,1.56389820575714,0,0,269.4811591506,0,120.070009618998,52.5060997009277,16.7645903527737,2.96386766433716,108.89382904768,8.11349511146545,328.459626674652,5.01991891860962,90.3432832360268,0,744.992642730474,24.5652139186859,102.260816633701,0,3876.43371358514,0,23.5844326019287,0,1356.86560043693,0,6.56574314832687,0,353.850525081158,0,0,0,0,0,22.1112608015537,1.94526767730713,9.0881239771843,0,0,0,0,0,0,0,0.668468475341797,0,6.75480955839157,0,0,5.53065425157547,0,0,0,0,0,0
0,336.422626614571,0,76.697035908699,0,0,0,433.583938956261,0,0,0,655.624615520239,0,910.14385125041,0,19.925239443779,0,2300.6377582252,0.629796862602234,39.2010469436646,0,0,0,3.05338335037231,0,0,0,0,1.92951655387878,242.36890745163,1.69394218921661,0.870427131652832,6.68596374988556,28.6051989793777,10.9878559112549,10.3138838112354,2.74043634533882,61.8002786934376,0,8.42905482649803,0,2.04093885421753,0.804138898849487,2.94811177253723,1.82165861129761,9.11273920536041,2.902184009552,11.479094684124,0,14.0924558639526,0,24.4082059264183,0,0,0,1.97850131988525,27.8579069972038,2815.63324853778,7.26842027902603,792.657541245222,1.07555496692657,5260.78064739704,0,0,0,786.034193396568,58.5677634477615,245.922542899847,15.2337338328362,21.1744788885117,22.7385376095772,143.057191133499,0,202.596928298473,0,18.6501044929028,64.8390264511108,155.746183395386,2.01684975624084,21.4150125086308,1.46506810188293,2196.46602255106,0,3.41034328937531,0,974.534777015448,0,3.02317768335342,0,177.967739343643,0,0,0,0,0,4.26707524061203,0,0,0,0,0,0,0,0,0,0,0,3.10081553459167,0,0,0,0,0,0,0,0
329.478841036558,0,3.82431036233902,0,0,0,296.186276108027,0,0,0,24.6674535870552,0,3.14454820752144,0,0,0,14.4773139953613,0,1.37983930110931,0,0,0,0,0,0,0,0,0,71.9443534016609,0,0,0,0.537078976631165,0,3.96072715520859,3.39740025997162,122.216841071844,4.35941880941391,16.1272456645966,0,16.1411180496216,0,2.38013589382172,14.1593722105026,1.03887179493904,1.36490178108215,19.493383616209,0,33.0642596483231,1.98460265994072,910.493808418512,2.16736364364624,26.7159865498543,0,29.6787662506104,0,780.912777155638,0,1596.13682201505,0,3610.95972180367,0,269.4811591506,0,0,0,52.1211294531822,22.6136366128922,0.463423877954483,0,58.8393735289574,0,107.272294044495,0,25.5007731020451,0,184.475384235382,0,5.67160195112228,0,284.575008511543,0,21.7278088331223,0,3993.50160837173,0,4.48351138830185,0,377.806480705738,0,0,0,0,0,0.544119834899902,0,1.40378177165985,0,0,0,0,0,0,0,0,0,0,0,0,0,0,0,0,0,0,0
0,247.022705584764,0,67.7521810531616,0,0,0,498.689913123846,0,0,0,126.744228422642,0,51.5619445443153,0,0,0,15.3868770003319,0,5.89345389604568,0,0,0,0,0,0,0,0,0,37.4721517860889,0,0,0,0,10.1398282051086,2.76393288373947,3.07937568426132,218.388866961002,0,20.4429096877575,0,18.0026524066925,4.33708417415619,2.46199524402618,3.67731788754463,11.1729148626328,7.40586173534393,16.2896617352962,0,422.535708755255,0,2036.56026041508,0,3.62848305702209,0,14.8550566136837,0,154.872250586748,0,1390.28415685892,0,3346.7186409831,0,786.034193396568,0,0,11.5177770853043,151.949546009302,0,0.912801265716553,0,33.7716774940491,0,238.786194771528,0,33.8515731990337,1.05212616920471,222.851965487003,0,8.73929417133331,0,1113.06362897158,0,21.7798154354095,0,3550.03536036611,0,2.93387016654015,0,635.537512630224,0,0,0,0,0,7.75750797986984,0,0,0,0,0,0,0,0,0,0,0,0,0,0,0,0,0,0,0,0
270.347547829151,90.9551366567612,1325.83546751738,10.429728448391,0,0,264.097175985575,6.43946105241776,0,0,51.8883376717567,2.04438799619675,9.86707210540771,0,0,0,74.1613442897797,80.075823366642,1846.73499158025,238.657496750355,0,0,263.360116034746,0,0,0,0,0,259.368889570236,27.6381106674671,610.714961647987,56.9105172157288,3231.25736859441,1392.88348656893,2230.10803490877,504.125708013773,654.73069742322,445.429642528296,381.911619842052,78.9106836616993,63.3795742988586,2.50736290216446,2201.1770812273,1088.05943888426,1649.92326977849,1037.27025350928,1848.8444313705,498.880442619324,690.814038544893,424.422203570604,595.597988814116,70.8614911437035,90.2627353966236,8.0224472284317,251.73160392046,83.4432018399239,449.407810777426,383.167518496513,2283.60787370801,625.198205649853,238.201245009899,66.7409800887108,120.070009618998,58.5677634477615,52.1211294531822,11.5177770853043,0,3471.21345120668,1599.61499992013,325.231707841158,396.055462598801,218.683890938759,454.844143539667,178.939879238605,103.823568761349,20.4006679058075,1246.49920165539,514.813358604908,18.5219740569592,2.90989446640015,228.863902390003,53.1158002614975,21.3213929831982,0,140.0020391047,4.58182668685913,7.21769621968269,0,436.592161864042,11.2335000634193,0,0,0,0,29.5238227844238,0,7.13287925720215,12.8308336138725,19.6523483991623,5.46004778146744,0,0,0,0,0,0,0,0,0,1.31732583045959,0,0,0,0,0,0
11.1621899604797,101.241316974163,9.77387002110481,434.979755759239,0,2.35652601718903,0,143.014420926571,0,0.741865694522858,0,43.9057507812977,0,19.3650335669518,0,0,11.10988676548,69.9772526025772,116.922712564468,1210.25547799468,0,0,0,282.469163745642,0,1.45663547515869,0,0,27.573159635067,101.818440407515,14.0920469462872,372.729761809111,434.821694850922,4275.34791007638,639.918247818947,2027.45026007295,764.384126424789,680.560297131538,135.447154372931,443.468522578478,0.888837039470673,54.7320330440998,705.118707984686,3049.30970293283,549.349271357059,2223.05040454865,721.834185898304,1440.80244579911,502.209134161472,739.323047578335,417.15094512701,456.210536330938,71.3862353563309,23.7053722143173,131.958319544792,219.346867233515,180.431139707565,618.028634428978,1036.1476636827,1964.47053167224,176.291828989983,118.13055101037,52.5060997009277,245.922542899847,22.6136366128922,151.949546009302,3471.21345120668,0,160.595944315195,712.82079666853,93.3759990334511,214.401030391455,91.986581325531,598.401521384716,6.58850648999214,108.761724978685,525.97667118907,759.279406249523,10.5841693878174,14.5195164084435,63.9946735799313,599.106127381325,0,31.556340098381,46.6232898235321,163.284563362598,0,10.8592863976955,198.316785573959,162.811978787184,0,0,0,0,1.35871994495392,38.8886771500111,0,49.9785949587822,1.44370639324188,13.4393532276154,0,0,0,0,0,0.810830056667328,0,0,0,1.65896892547607,0,0,0,0,0,0
1637.38605311513,246.275551378727,466.439350157976,58.8983617424965,0.740286648273468,0,31.0533134937286,26.1545995771885,0,0,101.761371403933,1.01757645606995,52.0923025608063,0,0,0,44.6134734749794,32.3118683099747,2753.61821681261,623.210056066513,0,0,10.8330217003822,0,0,0,0,0,144.494140475988,9.7345632314682,11.2820802927017,5.76425808668137,344.103365898132,757.301673769951,0.710297346115112,1.17818963527679,219.770008206367,5.70552384853363,63.1310610175133,0,0.967522501945496,0,0.481757909059525,0,0,1.10324108600616,0,0,0,0,0,0,0,0,0,0,1407.16524928808,156.831029653549,117.261006832123,13.2405685782433,1.98412036895752,3.30689489841461,16.7645903527737,15.2337338328362,0.463423877954483,0,1599.61499992013,160.595944315195,0,396.042907953262,704.579696297646,219.255872547626,361.033522874117,64.7655473649502,269.0831618011,14.2978176474571,2385.64187705517,214.750253140926,7.17310070991516,0.967917680740356,11.5200564563274,0,0,0,0,0,0,0,0,0,0,0,0,0,27.0438908040524,0,2.49315655231476,0,0,0,0,0,0,0,0,0,1.14551568031311,0,2.22294437885284,4.60755300521851,0,0,0,0,0,0
42.3318983316422,919.789905637503,8.46084594726562,50.8429979979992,0,0,0.932623326778412,13.3732099533081,0,0,0,21.0767053365707,0,22.8049500882626,0,0,3.30302321910858,110.815977305174,138.755443394184,2339.57280141115,0,0,0,12.8353183865547,0,0,0,0,3.1334855556488,49.8143861889839,3.24265843629837,1.65125560760498,174.925729334354,997.884606331587,0.79294753074646,0,5.52128797769547,59.8048689961433,0,42.6363074183464,0,0,1.45861387252808,0,0.644390642642975,1.48366558551788,2.01197123527527,6.80332976579666,0,1.41439354419708,0,2.90811097621918,0,0,0,0.810855269432068,55.0988799035549,2029.48382771015,14.8265492320061,122.890004634857,0.879934430122375,4.94872918725014,2.96386766433716,21.1744788885117,0,0.912801265716553,325.231707841158,712.82079666853,396.042907953262,0,55.673591196537,388.692124396563,3.91870683431625,431.091898500919,10.3613866567612,143.918814569712,181.211256623268,1200.69499117136,0,0.535911738872528,0,2.8517889380455,0,0,0,0,0,0,0,0,0,0,0,0,0,17.8634175360203,0,0,0,0,0,0,0,0,0,0,0,0,0,4.31333649158478,0,0,0,0,0,0
3231.91064217687,89.7652152478695,2331.56586915255,576.546262234449,539.494207412004,180.334767580032,4231.00253176689,770.708291471004,818.594002306461,105.035877406597,1827.97931915522,50.1151688694954,2572.22646784782,126.963557213545,1272.13580015302,101.064248621464,524.186144351959,17.6165541410446,1554.79534524679,569.611110329628,779.000898033381,418.726547449827,1420.9070610404,1030.36152890325,374.317594796419,388.419188082218,541.977581262589,308.400909006596,767.866888910532,24.1672592461109,980.669283270836,327.823020756245,180.810196250677,233.330530136824,45.1835763156414,6.39722272753716,492.616240203381,29.3132319450378,58.5213301181793,7.16255724430084,229.547309100628,40.2358015179634,1.07585120201111,0,1.26248317956924,0,8.95469760894775,7.11028170585632,11.0336353480816,0,45.0374028384686,0,2.50240778923035,0,10.662152826786,8.40056705474854,1532.9065734446,65.7626665830612,236.431437522173,26.885037779808,106.412851780653,2.54557824134827,108.89382904768,22.7385376095772,58.8393735289574,0,396.055462598801,93.3759990334511,704.579696297646,55.673591196537,0,821.519653707743,4829.35894191265,174.853098273277,2907.0331864953,68.6672762036324,7058.84995698929,258.497830450535,7.54978227615356,0,56.8823801577091,5.170738697052,94.0513790249825,6.57597798109055,117.084322035313,0,27.7233258783817,17.2930508255959,81.3998826444149,15.7410735487938,30.2577324509621,28.7547252774239,12.9616357684135,8.55299991369247,188.060533881187,23.5979360938072,26.7969751358032,7.67965841293335,12.2098013460636,11.6130250096321,7.55913683772087,3.5524006485939,16.4447131156921,30.6457280516624,131.683657288551,61.4540418386459,12.5289963185787,6.83921149373055,73.8612450957298,23.0204561650753,10.7583870887756,2.81079077720642,1.9408076107502,2.60229924321175,1.56957721710205,39.3928405344486
116.017324864864,1727.62038075924,536.172159731388,2373.10506570339,126.359990656376,877.324801266193,601.306510210037,6146.72425305843,123.200913012028,988.162147641182,70.1104924678802,1327.87986728549,168.985666334629,2656.68986961246,207.594718784094,1627.25828751922,14.400219976902,211.827497839928,810.490855515003,1189.7906614542,76.0244651436806,922.570485264063,912.433865815401,1617.40528088808,237.544354110956,703.280861675739,190.934806168079,732.379700452089,85.6264416873455,255.619469195604,294.249047577381,339.166858673096,119.17835816741,398.448697328568,0,10.5895259976387,40.1818957924843,345.401418358088,9.94315844774246,47.7923746109009,35.6793797016144,283.851376533508,0,1.23963052034378,1.43033146858215,1.73597377538681,10.0337995886803,43.8198000192642,0,5.18295705318451,1.8530797958374,24.7195419967175,0,0,2.76838195323944,37.4244901835918,71.1889896392822,579.988794773817,22.1720596551895,99.2576765418053,1.33561432361603,87.9771788418293,8.11349511146545,143.057191133499,0,33.7716774940491,218.683890938759,214.401030391455,219.255872547626,388.692124396563,821.519653707743,0,260.43201687932,2677.50211003423,95.3439368605614,2998.50257837772,208.051387250423,8277.08640006185,0,0.803968250751495,2.20630037784576,82.0590807199478,12.0562831163406,22.3048746287823,3.19819766283035,237.468855619431,21.1361599564552,62.7486237287521,27.8659549355507,143.34385573864,35.4575560688972,42.0987811088562,17.8948890268803,12.952933460474,27.1587575078011,277.345617413521,20.6517065167427,9.49060788750648,19.7407128214836,15.8198215663433,9.46869963407516,6.90585291385651,21.3834927082062,34.0385109186172,56.5993233025074,136.878978312016,20.5613469481468,5.6878182888031,89.4250084757805,44.6576126813889,6.92255130410194,4.0032751262188,8.46171441674232,3.35378777980804,5.56504675745964,30.9878366589546
1964.16946163774,9.38278758525848,1861.45551869273,230.045016884804,466.216383785009,33.8862932324409,1004.08319461346,282.413245081902,872.866077065468,28.3896788954735,736.444050729275,8.41803842782974,1754.10479187965,33.2438725233078,1982.24012288451,13.887922257185,985.818356394768,2.52765786647797,1123.20587417483,253.905442804098,119.084470957518,25.7273975014687,796.205622673035,563.804153770208,250.293747246265,155.521079003811,155.416341990232,37.7199021875858,2632.87914890051,3.87108546495438,241.625079214573,224.801856398582,98.6096372008324,96.7297665774822,48.9646100997925,42.714522600174,547.12625259161,39.527356505394,126.088436156511,5.24598830938339,563.724842250347,68.5114041566849,241.785945385695,17.3129211068153,112.34473747015,0,289.655389845371,3.68695437908173,238.683313161135,0.729315519332886,583.133129119873,0,103.298743784428,0,79.1821458339691,24.4377530813217,2031.98502865434,3.53024142980576,609.041363954544,3.77569115161896,282.811768084764,1.15800726413727,328.459626674652,0,107.272294044495,0,454.844143539667,91.986581325531,361.033522874117,3.91870683431625,4829.35894191265,260.43201687932,0,86.1106132268906,2178.79071161151,50.0871687829494,2048.03401201963,60.5349107086658,33.8421022891998,0,529.685619264841,0,370.23375838995,9.48455667495728,292.732327401638,0.811063528060913,177.464581996202,34.6757650971413,164.487914144993,20.2534267306328,17.750280469656,16.852768599987,7.94451436400414,6.99744391441345,115.859099298716,11.7778062522411,43.8097732663155,6.85826313495636,21.3255851864815,4.47634506225586,8.2019976079464,3.51346707344055,17.4615117907524,33.3674306571484,64.1780517101288,32.4427850842476,22.9279216825962,3.41952407360077,34.3638880848885,6.43700388073921,5.00583761930466,0,1.28252112865448,4.33821934461594,0,9.24790269136429
42.4543238580227,2632.23857396841,153.036154597998,3155.53176772594,18.1782794296741,539.98185646534,116.778365761042,2097.81189647317,40.3505932092667,794.818515002728,8.5065044760704,735.491957902908,33.5833312273026,1342.64299204946,27.2996698319912,2921.29608166218,1.30966985225677,1165.70180302858,387.367297083139,1085.33219587803,4.06980723142624,59.9627639651299,264.63013407588,1280.12845763564,39.6144010126591,273.407025635242,11.4392604231834,170.646969586611,23.2665293514729,2750.92683979869,93.7863282561302,66.8128114938736,61.0046877861023,208.725193887949,47.3678420186043,31.6049947738647,28.1471922695637,402.095244169235,9.89809775352478,54.4137379229069,18.3786140084267,1199.3843613565,79.8700802922249,332.392255187035,6.44181925058365,575.623689085245,6.21317285299301,417.786073565483,0,446.874003440142,2.22751545906067,472.666628181934,0,64.9468055069447,2.3152357339859,255.790629267693,30.3463217616081,2591.62997359037,17.8691662549973,846.661464005709,5.4336941242218,322.38409486413,5.01991891860962,202.596928298473,0,238.786194771528,178.939879238605,598.401521384716,64.7655473649502,431.091898500919,174.853098273277,2677.50211003423,86.1106132268906,0,21.4296225905418,795.531857103109,59.7946598529816,1066.86754545569,1.65769255161285,77.2923929989338,0.755571782588959,1101.50298854709,1.86170828342438,749.738643050194,0,486.092647403479,4.57754856348038,253.65692538023,6.90710765123367,363.963863611221,6.05232954025269,10.7187471389771,0.531282484531403,5.94943755865097,6.03126531839371,78.0460731089115,0.659009218215942,8.92163819074631,6.29845771193504,25.5085373520851,4.05187219381332,0,4.98001933097839,13.1985040903091,7.53692942857742,30.4640702903271,5.35453253984451,2.65993618965149,8.52227476239204,5.74471801519394,0,2.43317067623138,2.92128527164459,1.76665389537811,2.11376675963402,8.28360170125961
1000.79043653607,6.79826870560646,780.464970856905,39.018963009119,38.1437613070011,2.16767418384552,401.980960488319,62.0170280337334,82.2280126214027,2.44772279262543,214.774744302034,0.669804871082306,430.105107545853,4.92613714933395,221.083889305592,0,196.994588196278,1.16563522815704,665.469385743141,91.6208047270775,12.7662333846092,0,202.928403198719,60.8150541484356,13.3852905631065,3.00745677947998,51.7868521809578,20.4553220868111,172.809586107731,1.82136511802673,45.5144164562225,50.5525184869766,36.1031537652016,30.5340361595154,6.24348986148834,2.6110508441925,1127.48245862126,29.7003509700298,237.71164765954,21.5113312602043,300.568837076426,47.5068628787994,9.29012298583984,1.77006584405899,8.49148532748222,0,29.7968933582306,0.675383031368256,16.1996825933456,0,38.5630417764187,0,5.56434851884842,0,21.8867506086826,9.43823283910751,761.295537799597,0,136.444909989834,0.850919783115387,43.3188183307648,0,90.3432832360268,0,25.5007731020451,0,103.823568761349,6.58850648999214,269.0831618011,10.3613866567612,2907.0331864953,95.3439368605614,2178.79071161151,21.4296225905418,0,67.833081305027,1336.6507383585,45.5588335990906,2.24944287538528,0,54.8840654492378,0,33.0840736627579,2.09318161010742,47.484140843153,1.14827466011047,68.7782289683819,22.2189952731133,74.5593885183334,9.36791169643402,109.788754552603,147.747341781855,35.5984269082546,67.3479247689247,208.059282869101,67.8138516545296,38.8439616858959,34.8356022238731,41.7664380669594,57.8176684379578,20.7228533327579,49.2740512490273,42.913805603981,191.011265128851,157.211932763457,122.425509721041,43.1195953786373,13.3851805329323,70.6981553286314,33.6474428474903,17.5131380856037,5.29784315824509,10.9519505500793,4.50941467285156,7.51855117082596,37.8250135779381
14.9942942261696,690.141807943583,43.7538603544235,864.757033079863,3.68063652515411,19.4137301445007,48.4681987166405,701.328050523996,1.26426291465759,73.1263494491577,0,62.8730000257492,14.5133366584778,163.639397472143,1.30242788791656,213.50506234169,0,65.8765004575253,137.348143160343,450.295368432999,7.07305270433426,1.03622853755951,61.1499022245407,468.534847855568,4.21925991773605,29.5028671324253,1.41118970513344,11.0993156731129,6.82365947961807,40.8955084085464,24.7982320785522,25.1564170718193,20.3844577074051,72.4505649805069,0,5.02043747901917,69.9050162136555,454.234332501888,27.6566454470158,59.6690100729465,35.2723404765129,232.086027979851,3.6024956703186,27.5224102437496,2.52008882164955,68.9950375258923,7.07105040550232,56.9017691910267,0,55.121433287859,0,55.3803724348545,0,2.53013914823532,5.97986114025116,39.2147133946419,4.6625936627388,476.265234977007,1.54555320739746,192.815857678652,0,66.8451303243637,0,18.6501044929028,0,33.8515731990337,20.4006679058075,108.761724978685,14.2978176474571,143.918814569712,68.6672762036324,2998.50257837772,50.0871687829494,795.531857103109,67.833081305027,0,45.1978107988834,915.819703519344,0,0.52106249332428,0,46.0465164482594,10.509734749794,14.8922623991966,3.76193529367447,59.52019110322,29.6270580887794,50.031281709671,24.0273490846157,53.0930333435535,136.322338461876,87.6941555440426,50.5077044069767,23.0721120238304,42.5723074674606,220.086156845093,50.2480081915855,19.7515752911568,60.0332188010216,58.2049789428711,77.1738542914391,16.7292437255383,75.3986399173737,68.6172911822796,61.26583096385,149.790914207697,47.5895349979401,13.0179058015347,44.9370784461498,30.3148520886898,26.9478993415833,4.78400793671608,5.66642284393311,6.30004051327705,8.36945110559464,17.9917207062244
4094.25261697173,229.91336402297,2399.43092620373,85.3638899922371,28.3975334465504,0,1267.24944895506,96.079726934433,147.504471719265,0,957.830951839685,19.2435436844826,1038.0072337687,14.5070479512215,288.780846714973,3.88640975952148,602.117764204741,64.0823545455933,2400.44184282422,491.24883878231,4.77517080307007,0,390.062210351229,49.2163299322128,15.2413337230682,1.67691707611084,13.9755561947823,12.3197610974312,498.907262414694,12.3047453463078,113.995051532984,135.957296341658,87.4719276130199,218.058603942394,192.017258763313,106.997983366251,4501.69687592983,75.3690043389797,326.990301460028,5.84721624851227,267.581730186939,3.14448070526123,360.153416216373,98.7636228203773,218.890683084726,16.7961140871048,655.242248922586,34.8839664757252,490.697649687529,17.5104787349701,735.907013595104,8.41883316636086,107.327635735273,1.29264199733734,143.50249004364,11.2587958872318,4156.2451967895,322.003547132015,1773.76620313525,147.063910126686,692.528168171644,50.7875033020973,744.992642730474,64.8390264511108,184.475384235382,1.05212616920471,1246.49920165539,525.97667118907,2385.64187705517,181.211256623268,7058.84995698929,208.051387250423,2048.03401201963,59.7946598529816,1336.6507383585,45.1978107988834,0,394.888968676329,16.8008921742439,3.9914858341217,531.034068673849,15.151607632637,148.211562395096,0.801496744155884,483.570858180523,2.9157320857048,173.816614210606,1.40102034807205,431.122474431992,3.42837929725647,263.138379380107,97.0145886838436,150.557704627514,18.7642284035683,1035.27390919626,78.1378028094769,474.978990465403,19.3754721879959,112.362779289484,31.7117440104485,62.1469531655312,27.2167081236839,107.336804538965,86.4612092375755,723.657948896289,211.225624382496,110.279293477535,14.8845282793045,406.867484882474,441.797257304192,67.7562472224236,11.4572355747223,35.7071454823017,40.6941975355148,9.40553346276283,144.098148226738
96.5391854941845,3896.88584184647,164.745432496071,2820.97639510036,0,22.3280726671219,82.0074595808983,2663.66411858797,0,101.21789753437,10.7692058682442,348.629185318947,7.83598226308823,523.785718023777,0.746337294578552,260.583147019148,5.96968424320221,155.545706361532,796.152685403824,2461.49227035046,13.8719072937965,4.49161130189896,63.4648424386978,950.230825841427,0,13.686128616333,9.6703964471817,28.3219623565674,6.86907732486725,108.627262681723,58.4504051804543,105.665174901485,147.505301296711,499.808957517147,59.7666181325912,44.4032593071461,94.2388750314713,4091.71777951717,50.3173306584358,147.807794451714,3.66030257940292,189.554046332836,68.6142671406269,227.333742797375,22.0444157719612,438.719762921333,81.1568589806557,959.562638431787,3.97744846343994,342.991821229458,8.09746181964874,285.445305764675,1.18480610847473,23.6804124116898,14.3959610462189,265.748717516661,121.771040052176,2106.00197729468,163.823946207762,1141.96026155353,14.6285800337791,369.555591315031,24.5652139186859,155.746183395386,0,222.851965487003,514.813358604908,759.279406249523,214.750253140926,1200.69499117136,258.497830450535,8277.08640006185,60.5349107086658,1066.86754545569,45.5588335990906,915.819703519344,394.888968676329,0,2.55767691135406,2.68051624298096,11.638316988945,112.779817044735,0,106.639709770679,0,153.940549373627,0.536783516407013,102.653442621231,3.49836605787277,202.293627917767,89.2969682514668,336.496518105268,38.2838622927666,96.8613722622395,150.29839387536,887.232937783003,56.5460490584373,44.6588788330555,33.4935283958912,109.922431915998,42.8701589405537,45.4919244647026,42.8545826673508,177.646223545074,208.878451496363,733.978234827518,48.2121405005455,36.0240316092968,447.474271863699,917.995414316654,87.2864115536213,21.3114222586155,48.9985667765141,42.3717378079891,48.0381956100464,123.612253963947
9.77727270126343,0.975324273109436,2.27128812670708,0,0,0,5.77736693620682,0,0,0,64.7313356995583,0,21.936891078949,0,0,0,944.68056422472,0,2.00456809997559,0,0,0,0,0,0,0,0,0,411.783582240343,0,0,0,0,0,0.736026108264923,1.77678418159485,5.23345986008644,0,4.32619535923004,0,0,0,2.72328495979309,0,1.56908616423607,0,0,0,1.21841496229172,0,18.5171109437943,0,1.055968105793,0,0.514014184474945,0,118.351142704487,6.15736091136932,45.572785705328,2.73683369159698,30.8434943556786,0,102.260816633701,2.01684975624084,5.67160195112228,0,18.5219740569592,10.5841693878174,7.17310070991516,0,7.54978227615356,0,33.8421022891998,1.65769255161285,2.24944287538528,0,16.8008921742439,2.55767691135406,0,0,817.857254892588,0,7.88324594497681,0,32.1724426150322,0,0,0,10.8210509419441,0,0,0,0,0,2.33913171291351,0,0,0,0,0,0,0,0,0,0,0,0,0,0,0,0,0,0,0,0,0
0,2.69629433751106,0,1.32392871379852,0,0,0,3.16080617904663,0,0,0,2.70696216821671,0,5.7028004527092,0,0.962199807167053,0,248.832879513502,0,0.986643016338348,0,0,0,0,0,0,0,0,0,346.168317437172,0,0,0,1.29212212562561,0,0.525431871414185,0.891123414039612,0.731536507606506,0,0,0,0,0,2.6117479801178,0.850102961063385,1.12977510690689,0,0.658040046691895,0,2.65866822004318,0,3.84707021713257,0,0,0,0,0.562182307243347,55.3162853121758,0,109.79857891798,0,32.5400762557983,0,21.4150125086308,0,8.73929417133331,2.90989446640015,14.5195164084435,0.967917680740356,0.535911738872528,0,0.803968250751495,0,77.2923929989338,0,0.52106249332428,3.9914858341217,2.68051624298096,0,0,0,1067.1341175437,0,27.7314820587635,0,0.838622033596039,0,0,0,1.35259187221527,0,0,0,0,0,0,0,0,0,0,0,0,0,0,0,0,0,0,0,0,0,0,0,0,0,0
191.110139787197,0,8.04186084866524,0,1.37434524297714,0.846492826938629,53.8930304944515,0,0.663400113582611,0,910.199949294329,0,175.55498957634,0,26.435498714447,0,3235.27283388376,0,6.18505072593689,0,0,0,1.98214465379715,0,1.24565559625626,0,0,0,1371.730448246,1.41066467761993,0.832174599170685,0,0.566746056079865,15.3737858533859,27.9660605490208,29.6252302825451,266.783189594746,11.5677703022957,46.1541159152985,0,17.2145941853523,0,117.361525863409,8.86715370416641,81.9849579930305,0.631200134754181,80.7069999575615,1.73659443855286,271.905805796385,0,615.91967061162,0,44.7686890661716,0,22.7960895895958,0,833.01424998045,11.8887655138969,702.309246271849,8.13316142559052,543.420250415802,0,3876.43371358514,1.46506810188293,284.575008511543,0,228.863902390003,63.9946735799313,11.5200564563274,0,56.8823801577091,2.20630037784576,529.685619264841,0.755571782588959,54.8840654492378,0,531.034068673849,11.638316988945,817.857254892588,0,0,0,1187.93126320839,0,6063.13612908125,0,82.7933509945869,0,402.989855319262,0,0,0,0,0,29.9841681718826,0.78424996137619,8.44214725494385,0,1.66111218929291,0,0,0,0.881554067134857,0,2.34108501672745,0,11.0477442741394,2.71994304656982,0,0,1.53558099269867,0,0,0,0,0
0,60.8035669326782,0,22.6646257042885,0,2.78682458400726,0,237.88864505291,0,3.032575070858,0,284.331781178713,0,1140.56382712722,0,34.4273298382759,0,1521.18391224742,0,10.3220595121384,0,0,0,1.89050400257111,0,0,0,0,0,1346.98249897361,0,0,9.54219746589661,16.6397258043289,39.046579003334,53.8880990445614,3.96732717752457,96.0869996845722,0,17.4430813491344,0,13.9718234241009,21.5645631849766,171.338000059128,4.62660181522369,377.943038910627,9.12823188304901,138.036126226187,0,445.4487593472,0,680.902837663889,0,27.0327579677105,0,64.2145718038082,7.18143165111542,304.07874327898,5.4805993437767,1349.57833725214,1.3519332408905,636.305265784264,0,2196.46602255106,0,1113.06362897158,53.1158002614975,599.106127381325,0,2.8517889380455,5.170738697052,82.0590807199478,0,1101.50298854709,0,46.0465164482594,15.151607632637,112.779817044735,0,1067.1341175437,0,0,0,2094.25683945417,0,4863.14894622564,0,82.3993534147739,0,286.45313256979,0,0,0,0,0,6.69788879156113,2.39477324485779,0.695145487785339,0,10.2298321127892,0,0,0,0,0,0,0,0,0,1.67304992675781,0,0,0,0,0,0
1.35995483398438,0,10.181189596653,3.11502593755722,48.4266001880169,8.46107280254364,13.2041652798653,4.94207102060318,99.4090205132961,0.541823983192444,8.46233135461807,0,38.5752394795418,0,720.214538931847,0,25.39147529006,0,5.79584527015686,0.730488419532776,2.24016040563583,3.98622161149979,17.0780820250511,12.4066851735115,28.2493772506714,11.3187482953072,14.6510458886623,3.56534999608994,1053.14780458808,0,2.29483565688133,3.83190530538559,1.51109337806702,0,12.4085164666176,9.77293336391449,368.966726899147,0.885720193386078,132.474131494761,0,777.927421540022,7.92541283369064,40.6989631056786,0,1.78938686847687,0,107.272096157074,0,10.3386208415031,0,171.206590116024,0,14.917592048645,0,179.6871547997,0,4.02437007427216,0,1.9818018078804,0,14.3409252762794,0,23.5844326019287,0,21.7278088331223,0,21.3213929831982,0,0,0,94.0513790249825,12.0562831163406,370.23375838995,1.86170828342438,33.0840736627579,10.509734749794,148.211562395096,0,7.88324594497681,0,1187.93126320839,0,0,0,813.38834169507,0,407.794567406178,0,105.847761452198,0,0,0,0,0,1.95577794313431,0,2.17655575275421,0,0.841226607561111,0,0,0,0,0,0,0,0,0,0.838983237743378,0.739493668079376,0,0,0,0,0,0
0,0,0,8.42461174726486,1.65141546726227,49.8576616048813,0,0.869765818119049,0,54.9531171023846,0,0,0,1.26371479034424,0,190.480133712292,0,7.68580716848373,0,0,3.06264591217041,149.704974621534,0,0,0,8.08551704883575,0,10.8658371269703,0,988.24697509408,0,0,0,1.37288445234299,2.01899600028992,3.89728248119354,1.33297753334045,285.542504996061,0,463.720934987068,3.33359122276306,1549.40998727083,6.72119301557541,135.111633777618,0,16.1163105666637,0,224.303916752338,0,37.1672892272472,0,166.86547935009,0,20.6134423017502,0,295.89037796855,0,1.27224200963974,0,19.363618016243,0,23.2932713031769,0,3.41034328937531,0,21.7798154354095,0,31.556340098381,0,0,6.57597798109055,22.3048746287823,9.48455667495728,749.738643050194,2.09318161010742,14.8922623991966,0.801496744155884,106.639709770679,0,27.7314820587635,0,2094.25683945417,0,0,0,649.502770662308,0,1313.42992809415,0,135.633446723223,0,0,0,0,0,9.38206988573074,0,3.42532259225845,0,7.02931976318359,0,0,0,0,0,2.09864449501038,0,0,0,1.67659187316895,0,0,0,0,0,0
1540.45568019152,0,6.62244686484337,0,6.80119299888611,0,627.953703314066,0,9.50862914323807,0,822.850677013397,0,75.0545107126236,0,22.7422828674316,0,366.916385680437,0,2.22003477811813,0,1.55897736549377,1.14502048492432,1.3287969827652,0,2.67583701014519,0,0,0,362.924659341574,0,2.68830180168152,0,4.03052484989166,3.97544324398041,34.9397433996201,20.6148377656937,391.336296349764,8.41465991735458,45.7013266086578,0,91.8467904031277,9.13280302286148,159.655575573444,25.2836753726006,61.925610512495,26.2978813052177,209.583658784628,5.85926693677902,205.675713151693,10.5315644741058,3671.68477582932,0,374.305930763483,0,497.731270700693,0,702.13462126255,0,274.200629353523,7.96359133720398,1849.49644684792,0,1356.86560043693,0,3993.50160837173,0,140.0020391047,46.6232898235321,0,0,117.084322035313,3.19819766283035,292.732327401638,0,47.484140843153,3.76193529367447,483.570858180523,0,32.1724426150322,0,6063.13612908125,0,813.38834169507,0,0,0,621.454049170017,0,4997.04511138797,0,0,0,0,0,7.35534381866455,0,2.95425057411194,0,2.41147390007973,0,0,0,0,0,0,0,0,0,0,0,0,0,0,0,0,0
0,357.57965824008,0,149.309061527252,0,12.718934327364,0,1832.80062633753,0,5.23613733053207,0,295.54421710968,0,325.677034467459,0,25.1006596088409,0,70.5719597041607,0,6.31308460235596,0,1.70159465074539,0,0,0,1.78514456748962,0,0,0,148.805385679007,0,0,0,4.45952948927879,7.13466143608093,23.3054310679436,3.6550840139389,210.26564720273,0,59.9439607262611,0,132.388325452805,33.6923271119595,288.01740822196,6.65136644244194,321.05107074976,3.10992038249969,436.155176460743,1.21358335018158,594.601173222065,0,3876.62752428651,0,865.104833215475,0,738.170012831688,0,141.329670161009,2.01771235466003,367.443942606449,0,748.485282868147,0,974.534777015448,0,3550.03536036611,4.58182668685913,163.284563362598,0,0,0,237.468855619431,0.811063528060913,486.092647403479,1.14827466011047,59.52019110322,2.9157320857048,153.940549373627,0,0.838622033596039,0,4863.14894622564,0,649.502770662308,0,0,0,686.293475717306,0,5299.57818895578,0,0,0,0,0,6.83639580011368,0,1.33280223608017,0,10.9139127731323,0,0,0,0,0,0,0,0,0,0,0,0,0,0,0,0
0,0,0.646968603134155,0,15.6456354856491,0,0,0,9.77423831820488,0,0,0,1.43659019470215,0,20.7407037615776,0,0.655931115150452,0,0,0,3.58262288570404,0,0,0,6.76075831055641,0.514310479164124,2.71155679225922,0,289.356111556292,0,0.691206276416779,0,0,0,7.00747609138489,1.65332269668579,850.419347941875,0.729509949684143,94.1361705064774,0,676.252695173025,22.3090451955795,7.15328329801559,0,0,0,181.781281799078,0,0,0,36.6624616980553,0,19.5414099395275,0,421.71380853653,0,0,0,0,0,0.804884433746338,0,6.56574314832687,0,4.48351138830185,0,7.21769621968269,0,0,0,27.7233258783817,21.1361599564552,177.464581996202,4.57754856348038,68.7782289683819,29.6270580887794,173.816614210606,0.536783516407013,0,0,82.7933509945869,0,407.794567406178,0,621.454049170017,0,0,0,1411.08760976791,0,0,0,0,0,5.39617586135864,0,3.02196115255356,0,1.86722609400749,0,0,0,0,0,0.927308917045593,0,0.896400809288025,0,0,1.14981853961945,0,0,0,0,0,0
0,0,0,3.25808793306351,0,37.3519111275673,0,0,0,26.9258460998535,0,0,0,3.04204666614532,0,67.3593750596046,0,0,0,0,4.7990825176239,16.0721659064293,0,0,0,6.7245080769062,0,2.67068335413933,0,76.5828884840012,1.24179923534393,0,0,0,0.398336559534073,6.86411479115486,10.7813121080399,519.779449492693,0,152.152941167355,11.8838450312614,1512.96868848801,0.666159152984619,37.8677287995815,0,2.44491481781006,0,108.087922990322,0,3.80421453714371,0,46.1529058814049,0,17.3282256126404,0,657.268607854843,0,0,0,2.07010316848755,0,1.38640093803406,0,3.02317768335342,0,2.93387016654015,0,10.8592863976955,0,0,17.2930508255959,62.7486237287521,34.6757650971413,253.65692538023,22.2189952731133,50.031281709671,1.40102034807205,102.653442621231,0,0,0,82.3993534147739,0,1313.42992809415,0,686.293475717306,0,0,0,1198.59505873919,0,0,0,0,0,9.21084570884705,0,3.98105484247208,0,0,0,0,0,0,0,0.910722851753235,0,0,0,0,0.535905301570892,0,0,0,0,0
594.786824554205,0,0,0,2.03808504343033,0,153.176200032234,0,1.08508384227753,0,176.330013394356,0,12.3772358298302,0,5.07674306631088,0,86.3478253483772,0,0,0,8.16021293401718,0,0.622974336147308,0,0,0,1.10010918974876,0.733619332313538,109.819127231836,0,0,0,15.6781458854675,5.65927577018738,127.374570727348,110.745254278183,1678.89146175981,18.0038955211639,482.829799413681,0,260.374848872423,21.2076094150543,579.679798841476,87.9392306506634,138.591032207012,9.00988084077835,1302.92558795214,7.40976947546005,306.977103471756,3.44724190235138,2040.47034037113,0,1057.99566745758,0,3098.85280960798,0,260.071728438139,0,233.811981827021,0,428.923301100731,0,353.850525081158,0,377.806480705738,0,436.592161864042,198.316785573959,0,0,81.3998826444149,27.8659549355507,164.487914144993,6.90710765123367,74.5593885183334,24.0273490846157,431.122474431992,3.49836605787277,10.8210509419441,0,402.989855319262,0,105.847761452198,0,4997.04511138797,0,1411.08760976791,0,0,0,0,0,0,0,13.3373965024948,0,3.89599668979645,0,9.4114742577076,0,0,0,0,0,0,0,1.60306465625763,0,0,0,0,0,0,0,0,0
0,372.898660182953,0,54.1346091032028,0,17.1600664258003,0,1318.33947274089,0,8.33091747760773,0,111.04825168848,0,34.1287296414375,0,34.7880210280418,0,17.0007873177528,0,1.40237712860107,3.3171848654747,1.82766318321228,0,1.37617874145508,0,3.47870284318924,0,2.00071841478348,0,51.6517467498779,0,0,0,4.37285327911377,9.43219354748726,31.2313069701195,7.10001170635223,947.841305702925,0,309.343408972025,12.1942997574806,301.521696180105,28.5503244400024,286.506395727396,2.53593349456787,323.43807387352,2.99899399280548,676.390696048737,0,464.183038771152,1.15179967880249,1323.3993499279,0,786.6299251616,0,3479.05590829253,0,120.389196664095,0,164.039560556412,0,257.683147758245,0,177.967739343643,0,635.537512630224,11.2335000634193,162.811978787184,0,0,15.7410735487938,143.34385573864,20.2534267306328,363.963863611221,9.36791169643402,53.0930333435535,3.42837929725647,202.293627917767,0,1.35259187221527,0,286.45313256979,0,135.633446723223,0,5299.57818895578,0,1198.59505873919,0,0,0,0,0,0,0,5.47445526719093,0,9.54387471079826,0,20.8343504667282,0,0,0,0,0,0,0,0,0.719358682632446,1.31583845615387,0,0,0,0,0,0
0,0,0,0,0,0,0,0,0,0,0,0,0,0,0,0,0,0,0,0,0,0,0,0,0,0,0,0,1.33107733726501,0,0,0,0,0,0,0,51.3170330822468,26.992122232914,182.7354567945,53.612546980381,3.50546711683273,2.04633674025536,8.74056190252304,0,1.34839534759521,0,10.2681733369827,0,0,0,0,0,0,0,2.61375963687897,0,0,0,0,0,0,0,0,0,0,0,0,0,0,0,30.2577324509621,35.4575560688972,17.750280469656,6.05232954025269,109.788754552603,136.322338461876,263.138379380107,89.2969682514668,0,0,0,0,0,0,0,0,0,0,0,0,0,716.741512238979,3095.14555978775,166.127210497856,543.362869560719,315.129190862179,1456.02136638761,155.634205579758,3078.16946190596,276.96068662405,855.937170892954,183.57770472765,548.442127257586,696.590947061777,1035.27086812258,281.808470636606,600.316665112972,46.6280207335949,57.2664148807526,31.5372975766659,128.9604857862,21.8752890527248,57.4532973468304,16.3918063640594,33.96470656991,15.2370376288891
0,0,0,0,0,0,0,0,0,0,0,0,0,0,0,0,0,0,0,0,0,0,0,0,0,0,0,0,0,0,0,0,0,0,0,0,89.4825579226017,32.05712428689,206.178719103336,75.4233006536961,0.326676726341248,1.00955590605736,0,0,0,0,0.762365102767944,14.8751251399517,0,0,0,0,0,0,0,0,0,0,0,0,0,0,0,0,0,0,0,0,0,0,28.7547252774239,42.0987811088562,16.852768599987,10.7187471389771,147.747341781855,87.6941555440426,97.0145886838436,336.496518105268,0,0,0,0,0,0,0,0,0,0,0,0,716.741512238979,0,137.638750016689,3418.62814846635,110.953498244286,738.003797858953,326.002721905708,430.563752919436,280.608742505312,2298.44398617744,312.642119795084,485.704487919807,469.475502341986,1079.62720006704,147.395675718784,1283.12697210908,79.7037709057331,221.12880435586,151.694944053888,63.3255212008953,262.585664212704,64.9618511199951,241.421515196562,20.8553593754768,169.772822827101,49.9957957863808
0,0,0,0,0,0,0,0,0,0,0,0,0,0,0,0,0,0,0,0,0,0,0,0,0,0,0,0,2.33108574151993,0,0,0,0,0,0,0,20.7821946442127,11.2823298573494,28.6971268355846,11.7014490365982,2.4098853468895,0.486023753881454,0,0,0,0,1.0248017013073,0,0,0,0,0,0,0,0,0,0,0,0,0,0,0,0,0,0,0,0,0,0,0,12.9616357684135,17.8948890268803,7.94451436400414,0.531282484531403,35.5984269082546,50.5077044069767,150.557704627514,38.2838622927666,0,0,0,0,0,0,0,0,0,0,0,0,3095.14555978775,137.638750016689,0,43.7352741658688,286.093084931374,115.364270269871,373.79986473918,64.0553552210331,243.811025470495,103.927333831787,1238.36568537354,48.2200050055981,1055.47003573179,243.270663231611,861.772369146347,135.226871609688,217.033263355494,18.1011162698269,48.290315926075,35.5707440078259,79.0634505450726,10.1786982417107,66.8318914175034,25.1119282841682,24.2279091775417,17.5113449990749
0,0,0,0,0,0,0,0,0,0,0,0,0,0,0,0,0,0,0,0,0,0,0,0,0,0,0,0,0,0,0,0,0,0,0,0,19.9876050949097,9.63837030529976,36.6391645073891,16.1181622445583,0,0.859453201293945,0,0,0,0,0,0.507973432540894,0,0,0,0,0,0,0,0,0,0,0,0,0,0,0,0,0,0,0,0,0,0,8.55299991369247,12.952933460474,6.99744391441345,5.94943755865097,67.3479247689247,23.0721120238304,18.7642284035683,96.8613722622395,0,0,0,0,0,0,0,0,0,0,0,0,166.127210497856,3418.62814846635,43.7352741658688,0,36.4831611812115,142.448813527822,108.038671851158,59.9434123039246,90.6369148790836,179.05257588625,93.8145327568054,1129.56952184439,161.142172038555,1485.36415523291,55.2527944147587,635.182135522366,32.1408170759678,107.093790054321,73.2390527427197,48.3651221096516,210.832942456007,26.0392689406872,209.661325156689,33.2302218973637,122.738305538893,40.8446427583694
84.1419026255608,0,59.9569723010063,4.81719958782196,0,0,31.2164787650108,4.64894789457321,0.530665993690491,0,14.642969250679,0,14.4382948875427,1.2634950876236,1.59825494885445,0,12.598356127739,0,58.7484892308712,1.37614762783051,0,0,2.88808852434158,1.67162191867828,0.399815946817398,0,1.17784243822098,0,18.9670370519161,0,5.0059500336647,0.596745371818542,1.91459485888481,3.72627210617065,0,0,99.81129565835,14.8621824383736,29.1824091672897,15.8696015775204,8.62261587381363,0,5.68167912960052,0,1.24456799030304,0,58.5328988134861,9.31699645519257,6.85549506545067,0,26.2955702841282,0,1.24086177349091,0,4.48623329401016,0.916730284690857,95.7350652813911,0,80.6876718401909,0,12.0573104023933,0,22.1112608015537,0,0.544119834899902,0,29.5238227844238,1.35871994495392,27.0438908040524,0,188.060533881187,27.1587575078011,115.859099298716,6.03126531839371,208.059282869101,42.5723074674606,1035.27390919626,150.29839387536,2.33913171291351,0,29.9841681718826,0,1.95577794313431,0,7.35534381866455,0,5.39617586135864,0,13.3373965024948,0,543.362869560719,110.953498244286,286.093084931374,36.4831611812115,0,103.152058333158,1370.33038979769,38.0674923658371,234.530431240797,50.2919407188892,113.984136909246,22.3827753067017,201.748054385185,106.449263453484,798.550808399916,163.455574631691,166.231295406818,15.3715791106224,137.779935464263,504.534355342388,346.228036254644,41.0125963687897,85.8829649686813,79.6641008257866,26.9366134703159,141.149947136641
0,93.6961934268475,0.872883021831512,95.3958156406879,0,0.428647756576538,1.79293137788773,63.380473524332,0,3.71689900755882,0,10.5199626088142,0,6.01267993450165,0,9.70789873600006,1.33176004886627,1.87665337324142,0,62.5332200229168,0,1.59776258468628,0,17.7757169604301,0,0,0,0,0,7.01774156093597,0,0,0.957205235958099,15.3689193725586,0.533025026321411,5.90362060070038,42.8348603248596,185.623414337635,81.573731303215,41.9755691885948,0,3.81667876243591,0,12.9816736578941,0,13.7611157894135,0.620123088359833,114.181796967983,0,38.2391061484814,0,21.6937474012375,0,0,1.92688226699829,21.512240588665,0,87.3609107136726,0,80.3002147376537,2.10224580764771,26.6853050291538,1.94526767730713,4.26707524061203,0,7.75750797986984,0,38.8886771500111,0,17.8634175360203,23.5979360938072,277.345617413521,11.7778062522411,78.0460731089115,67.8138516545296,220.086156845093,78.1378028094769,887.232937783003,0,0,0.78424996137619,6.69788879156113,0,9.38206988573074,0,6.83639580011368,0,9.21084570884705,0,5.47445526719093,315.129190862179,738.003797858953,115.364270269871,142.448813527822,103.152058333158,0,141.794303238392,1001.41829133034,95.7369364798069,573.35247913003,114.076151043177,50.8113798201084,141.355623573065,196.967654377222,71.417443305254,554.416370123625,45.1625924110413,96.2800459861755,148.05890417099,373.364607572556,230.177848666906,27.5019285976887,25.2490759193897,16.1372219622135,33.3160253167152,20.7052353918552
3.71480637788773,0,1.37583184242249,0,0,0,0.71779453754425,0,0,0,0.981527507305145,0,1.53085422515869,1.48042988777161,0,0,0,0,0,0,0,0,0,0,0,0,0.420383274555206,0,2.54365879297256,0,0,0,1.71223711967468,0,0,0,61.2532630860806,7.83720433712006,45.7801208496094,14.0611529946327,1.9214468896389,0,0.809281826019287,0,1.40665829181671,0,28.8676122128963,1.18792706727982,9.08095842599869,0,9.17963570356369,0,0.901786804199219,0,3.9247864484787,1.64539396762848,14.917857080698,0,29.6067745089531,0,14.392884850502,0,9.0881239771843,0,1.40378177165985,0,7.13287925720215,0,2.49315655231476,0,26.7969751358032,20.6517065167427,43.8097732663155,0.659009218215942,38.8439616858959,50.2480081915855,474.978990465403,56.5460490584373,0,0,8.44214725494385,2.39477324485779,2.17655575275421,0,2.95425057411194,0,3.02196115255356,0,3.89599668979645,0,1456.02136638761,326.002721905708,373.79986473918,108.038671851158,1370.33038979769,141.794303238392,0,99.2196328043938,3033.18749248981,149.113210707903,148.413625180721,80.4100521802902,220.025855720043,365.675757110119,998.296578347683,221.235960066319,402.525346964598,22.3063278794289,64.3922231197357,180.932095497847,703.912508010864,164.723568379879,151.250523000956,36.7623034417629,29.2612284421921,38.220764875412
0,0,0,0,0,0,0,0,0,0,0,0,0,0,0,0,0,0,0,0,0.668553948402405,0,0,0,0,0,0,0,1.38959181308746,0,0,0,0,0.926628172397614,3.35447907447815,2.28098577260971,16.4706993699074,43.8680757284164,21.1637201905251,97.5817932188511,0,4.85389775037766,4.01765137910843,67.8422761559486,1.26639246940613,12.5948381125927,9.76480519771576,431.800115287304,1.2994658946991,9.62456941604614,1.02803874015808,4.06768465042114,0,1.15844330191612,0,124.827473789454,0,0.560352444648743,0,0,0,0,0,0,0,0,12.8308336138725,49.9785949587822,0,0,7.67965841293335,9.49060788750648,6.85826313495636,8.92163819074631,34.8356022238731,19.7515752911568,19.3754721879959,44.6588788330555,0,0,0,0.695145487785339,0,3.42532259225845,0,1.33280223608017,0,3.98105484247208,0,9.54387471079826,155.634205579758,430.563752919436,64.0553552210331,59.9434123039246,38.0674923658371,1001.41829133034,99.2196328043938,0,95.2494859099388,2081.13323950768,86.8733116686344,21.0358460843563,120.408652961254,95.319811552763,61.4084394872189,312.662676095963,55.7912856340408,129.172625273466,14.4171235859394,5.18991202116013,485.249607503414,139.045475661755,44.1123234629631,3.55786776542664,22.097835868597,5.78253635764122
0,0,0,0,0,0,0,0,0,0,0,0,0,0,0,0,0,0,0,0,0,0,0,0,0,0,0,0,6.52746820449829,0,0,0,0.71156507730484,0,4.28153884410858,0,38.0356630384922,22.2939339280128,48.9269675910473,10.7641007304192,2.32356581091881,0,294.753578901291,0,31.4083008468151,0,652.67560878396,0.404552549123764,6.49643379449844,0,7.09611946344376,0,12.0589865446091,0,37.8365871012211,0,0,0,0,0,0,0,0,0,0,0,19.6523483991623,1.44370639324188,0,0,12.2098013460636,19.7407128214836,21.3255851864815,6.29845771193504,41.7664380669594,60.0332188010216,112.362779289484,33.4935283958912,0,0,1.66111218929291,0,0.841226607561111,0,2.41147390007973,0,1.86722609400749,0,9.4114742577076,0,3078.16946190596,280.608742505312,243.811025470495,90.6369148790836,234.530431240797,95.7369364798069,3033.18749248981,95.2494859099388,0,169.451022237539,145.405662894249,86.5728089213371,100.083935528994,373.758609652519,592.83475124836,216.701533854008,402.893817067146,34.7839390337467,36.7459930181503,21.3596350550652,110.993540853262,117.508306086063,65.3067122995853,67.1014092862606,24.5671855807304,23.7273887991905
0,0,0,0,0,0,0,0,0,0,0,0,0,0,0,0,0,0,0,0,0,0,0,0,0,0,0,0,0,6.44998919963837,0,0,0,0,3.97067475318909,3.17194902896881,28.2088577747345,59.0604295730591,43.7833143472672,37.0825732052326,0,7.44791504740715,62.7794695496559,111.390102267265,4.20675724744797,77.3734571039677,2.24067854881287,263.60774102807,0,20.0470662713051,0,2.75266233086586,0,3.73186218738556,0,45.6066351532936,0,0,0,0,0,0,0,0,0,0,5.46004778146744,13.4393532276154,0,0,11.6130250096321,15.8198215663433,4.47634506225586,25.5085373520851,57.8176684379578,58.2049789428711,31.7117440104485,109.922431915998,0,0,0,10.2298321127892,0,7.02931976318359,0,10.9139127731323,0,0,0,20.8343504667282,276.96068662405,2298.44398617744,103.927333831787,179.05257588625,50.2919407188892,573.35247913003,149.113210707903,2081.13323950768,169.451022237539,0,137.771539151669,40.6083903610706,165.668380349874,170.933134078979,70.2352956533432,664.193750798702,107.320904195309,466.164703965187,34.3953405320644,19.0545100569725,307.88729929924,199.299619197845,387.522197425365,5.56463277339935,34.9362553358078,12.4677362143993
0,0,0,0,0,0,0,0,0,0,0,0,0,0,0,0,0,0,0,0,0,0,0,0,0,0,0,0,0,0,0,0,0,0,0,0,7.10939872264862,19.1763499379158,30.7475952506065,8.07712349295616,1.54791796207428,0,0,0,0,0,0.41387814283371,0.48416942358017,0,0,0,0,0,0,0,0,0,0,0,0,0,0,0,0,0,0,0,0,0,0,7.55913683772087,9.46869963407516,8.2019976079464,4.05187219381332,20.7228533327579,77.1738542914391,62.1469531655312,42.8701589405537,0,0,0,0,0,0,0,0,0,0,0,0,855.937170892954,312.642119795084,1238.36568537354,93.8145327568054,113.984136909246,114.076151043177,148.413625180721,86.8733116686344,145.405662894249,137.771539151669,0,90.3974461555481,1647.25773909688,411.33989956975,797.980297490954,145.729478001595,306.007926553488,19.4352715313435,23.8073324561119,7.59452149271965,22.9495350420475,10.2876718044281,27.1504085361958,7.53466528654099,21.7267024517059,9.06132814288139
0,0,0,0,0,0,0,0,0,0,0,0,0,0,0,0,0,0,0,0,0,0,0,0,0,0,0,0,0,0,0,0,0,0,0,0,12.3375899493694,5.32063955068588,27.3329285383224,6.88884609937668,0.977774143218994,0.412343174219131,0,0,0,0,0,4.31479132175446,0,0,0,0,0,0,0,1.00132513046265,0,0,0,0,0,0,0,0,0,0,0,0,0,0,3.5524006485939,6.90585291385651,3.51346707344055,0,49.2740512490273,16.7292437255383,27.2167081236839,45.4919244647026,0,0,0,0,0,0,0,0,0,0,0,0,183.57770472765,485.704487919807,48.2200050055981,1129.56952184439,22.3827753067017,50.8113798201084,80.4100521802902,21.0358460843563,86.5728089213371,40.6083903610706,90.3974461555481,0,166.838884055614,710.544273376465,34.6931073963642,476.529078394175,26.767299592495,73.3690687716007,11.5548929572105,5.44074234366417,25.7162081897259,6.3325954079628,10.1867071390152,5.69700044393539,29.272694259882,2.22393891215324
0,0,0.731786847114563,0,0,0,0,0,0,0,0,0,0,0,0,0,0,0,0,0,0,0,0,0,0,0,0,0,0,0,0,0,0,0,0,0,14.7735271751881,24.7858681082726,27.7349384427071,16.5150214731693,2.91275224089622,0,0,0,0,0,1.80171847343445,1.59196031093597,0,0,0,0,0,0,0,0,0,0,0,0,0,0,0,0,0,0,0,0,0,0,16.4447131156921,21.3834927082062,17.4615117907524,4.98001933097839,42.913805603981,75.3986399173737,107.336804538965,42.8545826673508,0,0,0.881554067134857,0,0,0,0,0,0,0,0,0,548.442127257586,469.475502341986,1055.47003573179,161.142172038555,201.748054385185,141.355623573065,220.025855720043,120.408652961254,100.083935528994,165.668380349874,1647.25773909688,166.838884055614,0,598.59402680397,4692.25351636112,235.760663032532,428.87003198266,28.5281137228012,71.4500846862793,86.3383356332779,209.603846788406,39.0316495001316,225.868461728096,431.735211551189,193.480944395065,43.7814097702503
0,0,0,0,0,0,0,0,0,0,0,0,0,0,0,0,0,0,0,0,0,0,0,0,0,0,0,0,0,0,0,0,0,0,0,0,77.8421077430248,46.7326516807079,72.0556885004044,40.0832651257515,1.17468178272247,0.828037321567535,0,0,0,0,0,6.82432281970978,0,0,0,0,0,0,0,0,0,0,0,0,0,0,0,0,0,0,0,0,0,0,30.6457280516624,34.0385109186172,33.3674306571484,13.1985040903091,191.011265128851,68.6172911822796,86.4612092375755,177.646223545074,0,0,0,0,0,0,0,0,0,0,0,0,696.590947061777,1079.62720006704,243.270663231611,1485.36415523291,106.449263453484,196.967654377222,365.675757110119,95.319811552763,373.758609652519,170.933134078979,411.33989956975,710.544273376465,598.59402680397,0,200.174512505531,4008.69772401452,121.061736911535,233.316095650196,103.740002065897,80.1861263215542,200.412611603737,32.2285645902157,111.915428251028,226.198437899351,220.716508030891,51.8503602445126
5.35072895884514,0,0.598760485649109,0,0,0,1.42560452222824,0.628852069377899,0,0,2.44676637649536,0,1.85911983251572,0.52789044380188,0,0.861814796924591,4.50531941652298,0,0,0,0,0,0,0,0,0,0,0.784891128540039,7.28751915693283,0,1.78325992822647,0,0,0,0,0,52.3722967505455,13.8594954609871,23.4682109057903,2.15460294485092,10.5845151245594,2.08740520477295,0,0,0,0,9.5383452475071,4.39791628718376,0.658827185630798,0,0,0,0,0,0.821660041809082,0,6.05356732010841,0,0,0,0,0,0.668468475341797,0,0,0,0,0,0,0,131.683657288551,56.5993233025074,64.1780517101288,7.53692942857742,157.211932763457,61.26583096385,723.657948896289,208.878451496363,0,0,2.34108501672745,0,0,0,0,0,0.927308917045593,0,0,0,1035.27086812258,147.395675718784,861.772369146347,55.2527944147587,798.550808399916,71.417443305254,998.296578347683,61.4084394872189,592.83475124836,70.2352956533432,797.980297490954,34.6931073963642,4692.25351636112,200.174512505531,0,348.183702588081,463.526281952858,25.382866948843,211.709583431482,127.663991838694,360.287428885698,108.587713569403,193.074365019798,157.899423629045,282.647180736065,312.747555762529
0,4.01511746644974,0,0.517749190330505,0,0,0,6.30918139219284,0,0.862725645303726,0,3.33819544315338,1.24532806873322,0,0.868161678314209,0,0,0.970068693161011,1.14367640018463,1.11169266700745,0.641517102718353,0,0,0,0,0,0,1.2912665605545,3.21153378486633,3.3929488658905,0.92355078458786,0.593891620635986,0,2.69575679302216,0,0,30.9989515841007,45.664928406477,36.1670370995998,28.92286413908,5.30717757344246,4.31079617142677,0,0,0,0,2.37238693237305,30.0475737452507,0,0,0,0,0,0,0,0,0,1.17513567209244,0,0,0,0,0,0,0,0,0,0.810830056667328,0,0,61.4540418386459,136.878978312016,32.4427850842476,30.4640702903271,122.425509721041,149.790914207697,211.225624382496,733.978234827518,0,0,0,0,0,2.09864449501038,0,0,0,0.910722851753235,0,0,281.808470636606,1283.12697210908,135.226871609688,635.182135522366,163.455574631691,554.416370123625,221.235960066319,312.662676095963,216.701533854008,664.193750798702,145.729478001595,476.529078394175,235.760663032532,4008.69772401452,348.183702588081,0,126.321936368942,593.075060874224,445.763245552778,205.081239014864,891.025403678417,200.253174751997,214.80112439394,192.789462924004,591.44801530242,558.198933780193
13.3478328585625,0,0,0,0,0,0,0,0,0,0,0,0,0,0,0,2.03743100166321,0,0,0,0,0,0,0,0,0,0,0,4.00667941570282,0,0,0,0,1.80410516262054,1.56780397891998,0,31.0139859318733,14.041297763586,18.0563012957573,5.58139115571976,0.452639877796173,0,0,0,0.597781717777252,0,0,1.02193188667297,0,0,2.10112577676773,0,0,0,0,0,11.2530473470688,0,1.61053144931793,0,1.63063609600067,0,6.75480955839157,0,0,0,0,0,1.14551568031311,0,12.5289963185787,20.5613469481468,22.9279216825962,5.35453253984451,43.1195953786373,47.5895349979401,110.279293477535,48.2121405005455,0,0,11.0477442741394,0,0,0,0,0,0.896400809288025,0,1.60306465625763,0,600.316665112972,79.7037709057331,217.033263355494,32.1408170759678,166.231295406818,45.1625924110413,402.525346964598,55.7912856340408,402.893817067146,107.320904195309,306.007926553488,26.767299592495,428.87003198266,121.061736911535,463.526281952858,126.321936368942,0,23.2353046834469,27.2280789017677,14.7753638029099,74.9534814655781,22.8217985630035,32.9258522987366,11.623612165451,27.250828653574,51.8019853234291
0,0,0,0,0,0,0,0,0,0,0,0,0,0,0,0,0,0,0,0,0,0,0,0,0,0,0,0,0,1.24492526054382,0,0,0,0,0,0,6.80325770378113,8.61926609277725,4.38021570444107,4.93133628368378,1.02477264404297,0,0,0,0,0,0.443215936422348,0,0,0,0,0,0,0,0,0,0,0,0,0,0,0,0,3.10081553459167,0,0,0,0,0,0,6.83921149373055,5.6878182888031,3.41952407360077,2.65993618965149,13.3851805329323,13.0179058015347,14.8845282793045,36.0240316092968,0,0,2.71994304656982,0,0,0,0,0,0,0,0,0,46.6280207335949,221.12880435586,18.1011162698269,107.093790054321,15.3715791106224,96.2800459861755,22.3063278794289,129.172625273466,34.7839390337467,466.164703965187,19.4352715313435,73.3690687716007,28.5281137228012,233.316095650196,25.382866948843,593.075060874224,23.2353046834469,0,18.834673255682,16.5736374855042,90.1018654704094,25.6665912270546,21.4401127398014,18.0891717076302,25.355360776186,17.1005227565765
17.1607931852341,7.43877655267715,16.5118670463562,15.6711974740028,0.491708070039749,1.24000895023346,14.8742830753326,21.890408039093,0,3.81734323501587,5.42160928249359,1.66823828220367,9.68011999130249,2.6102329492569,3.74131655693054,0,0,1.75408709049225,22.9958830177784,11.7921420931816,0,0,1.32062256336212,3.43272125720978,0.51129412651062,0,0.637264013290405,0,3.16855162382126,1.79135584831238,1.14685523509979,0,0,1.96657431125641,0,0,18.8364946842194,9.75201481580734,3.41510248184204,2.03716605901718,4.42388984560966,2.80439037084579,0,0,0,0,4.4197793006897,4.05394521355629,0,0,0,0,0,0,0,0.701075792312622,3.83993452787399,2.51595914363861,0.615300178527832,0,0,0,0,0,0,0,0,0,2.22294437885284,0,73.8612450957298,89.4250084757805,34.3638880848885,8.52227476239204,70.6981553286314,44.9370784461498,406.867484882474,447.474271863699,0,0,0,0,0.838983237743378,0,0,0,0,0,0,0.719358682632446,57.2664148807526,151.694944053888,48.290315926075,73.2390527427197,137.779935464263,148.05890417099,64.3922231197357,14.4171235859394,36.7459930181503,34.3953405320644,23.8073324561119,11.5548929572105,71.4500846862793,103.740002065897,211.709583431482,445.763245552778,27.2280789017677,18.834673255682,0,384.958518445492,394.555210471153,48.9559356868267,194.664062231779,322.210810989141,56.1953926384449,270.673311769962
12.8131479024887,9.80117273330688,2.76210552453995,14.7926717996597,0,1.31493282318115,4.14362877607346,8.04024618864059,0,0.550946474075317,1.31072914600372,3.10498714447021,2.86967760324478,0,0,2.48835420608521,1.64063370227814,0,9.95886373519897,6.45743960142136,0,0,1.1643807888031,3.31363958120346,0,0,0,0,3.14112585783005,0,1.49297058582306,0,0,7.84379589557648,0,0,19.893368601799,24.5382041335106,2.53697693347931,1.26565217971802,2.86237037181854,0.675156593322754,0,0,1.09985327720642,0,21.0830098390579,111.148651003838,0.617622315883636,0.908307552337646,0,1.46260297298431,0,0,1.41572952270508,0,9.6693959236145,6.67390319705009,7.5983567237854,1.29703179001808,3.44706523418427,2.02472966909409,5.53065425157547,0,0,0,1.31732583045959,1.65896892547607,4.60755300521851,4.31333649158478,23.0204561650753,44.6576126813889,6.43700388073921,5.74471801519394,33.6474428474903,30.3148520886898,441.797257304192,917.995414316654,0,0,0,1.67304992675781,0.739493668079376,1.67659187316895,0,0,1.14981853961945,0,0,1.31583845615387,31.5372975766659,63.3255212008953,35.5707440078259,48.3651221096516,504.534355342388,373.364607572556,180.932095497847,5.18991202116013,21.3596350550652,19.0545100569725,7.59452149271965,5.44074234366417,86.3383356332779,80.1861263215542,127.663991838694,205.081239014864,14.7753638029099,16.5736374855042,384.958518445492,0,683.24072560668,75.8474996685982,231.311567246914,368.925476819277,68.7547330260277,279.590298116207
0,0,0,0,0,0,0,0,0,0,0,0,0,0,0,0,0,0,0,0,0,0,0,0,0,0,0,0,0,0,0,0,0,0,0,0,5.47259894013405,17.6897448897362,6.37688398361206,10.7345096468925,3.21015378832817,0,0,0,0,0,0.667472660541534,0,0,0,0,0,0,0,0,0,0,0,0,0,0,0,0,0,0,0,0,0,0,0,10.7583870887756,6.92255130410194,5.00583761930466,0,17.5131380856037,26.9478993415833,67.7562472224236,87.2864115536213,0,0,1.53558099269867,0,0,0,0,0,0,0.535905301570892,0,0,128.9604857862,262.585664212704,79.0634505450726,210.832942456007,346.228036254644,230.177848666906,703.912508010864,485.249607503414,110.993540853262,307.88729929924,22.9495350420475,25.7162081897259,209.603846788406,200.412611603737,360.287428885698,891.025403678417,74.9534814655781,90.1018654704094,394.555210471153,683.24072560668,0,586.37217849493,583.174557507038,500.293976396322,156.269397705793,334.045459210873
0,0,0,0,0,0,0,0,0,0,0,0,0,0,0,0,0,0,0,0,0,0,0,0,0,0,0,0,0,0,0,0,0,0,0,0,4.52358168363571,0,3.2403262257576,4.86383074522018,0,0,0,0,0,0,0,1.26051497459412,0,0,0,0,0,0,0,0,0,0,0,0,0,0,0,0,0,0,0,0,0,0,2.81079077720642,4.0032751262188,0,2.43317067623138,5.29784315824509,4.78400793671608,11.4572355747223,21.3114222586155,0,0,0,0,0,0,0,0,0,0,0,0,21.8752890527248,64.9618511199951,10.1786982417107,26.0392689406872,41.0125963687897,27.5019285976887,164.723568379879,139.045475661755,117.508306086063,199.299619197845,10.2876718044281,6.3325954079628,39.0316495001316,32.2285645902157,108.587713569403,200.253174751997,22.8217985630035,25.6665912270546,48.9559356868267,75.8474996685982,586.37217849493,0,140.643962860107,170.569500654936,41.3979242444038,39.3233962059021
0,0,0,0,0,0,0,0,0,0,0,0,0,0,0,0,0,0,0,0,0,0,0,0,0,0,0,0,0,0,0,0,0,0,0,0,3.34183421730995,2.67627412080765,2.80909383296967,3.28376579284668,0.601189970970154,0,0,0,0,0,1.21924048662186,1.40730768442154,0,0,0,0,0,0,0,0,0,0,0,0,0,0,0,0,0,0,0,0,0,0,1.9408076107502,8.46171441674232,1.28252112865448,2.92128527164459,10.9519505500793,5.66642284393311,35.7071454823017,48.9985667765141,0,0,0,0,0,0,0,0,0,0,0,0,57.4532973468304,241.421515196562,66.8318914175034,209.661325156689,85.8829649686813,25.2490759193897,151.250523000956,44.1123234629631,65.3067122995853,387.522197425365,27.1504085361958,10.1867071390152,225.868461728096,111.915428251028,193.074365019798,214.80112439394,32.9258522987366,21.4401127398014,194.664062231779,231.311567246914,583.174557507038,140.643962860107,0,396.889980584383,190.755886375904,157.473820954561
0,0,0,0,0,0,0,0,0,0,0,0,0,0,0,0,0,0,0,0,0,0,0,0,0,0,0,0,0.812268614768982,0,0,0,0,0,0,0,1.06120669841766,0.596469759941101,1.7365100979805,0.748820185661316,0.575931072235107,0,0,0,0,0,0,1.94732803106308,0,0,0,0,0,0,0,0,0,0,0,0,0,0,0,0,0,0,0,0,0,0,2.60229924321175,3.35378777980804,4.33821934461594,1.76665389537811,4.50941467285156,6.30004051327705,40.6941975355148,42.3717378079891,0,0,0,0,0,0,0,0,0,0,0,0,16.3918063640594,20.8553593754768,25.1119282841682,33.2302218973637,79.6641008257866,16.1372219622135,36.7623034417629,3.55786776542664,67.1014092862606,5.56463277339935,7.53466528654099,5.69700044393539,431.735211551189,226.198437899351,157.899423629045,192.789462924004,11.623612165451,18.0891717076302,322.210810989141,368.925476819277,500.293976396322,170.569500654936,396.889980584383,0,496.233652710915,340.838967859745
0,0,0,0,0,0,0,0,0,0,0,0,0,0,0,0,0,0,0,0,0,0,0,0,0,0,0,0,0,0,0,0,0,0,0,0,4.57872194051743,4.37438416481018,3.70812526345253,2.40210899710655,0.426395356655121,0,0,0,0,0,0,1.23292845487595,0,0,0,0,0,0,0,0,0,0,0,0,0,0,0,0,0,0,0,0,0,0,1.56957721710205,5.56504675745964,0,2.11376675963402,7.51855117082596,8.36945110559464,9.40553346276283,48.0381956100464,0,0,0,0,0,0,0,0,0,0,0,0,33.96470656991,169.772822827101,24.2279091775417,122.738305538893,26.9366134703159,33.3160253167152,29.2612284421921,22.097835868597,24.5671855807304,34.9362553358078,21.7267024517059,29.272694259882,193.480944395065,220.716508030891,282.647180736065,591.44801530242,27.250828653574,25.355360776186,56.1953926384449,68.7547330260277,156.269397705793,41.3979242444038,190.755886375904,496.233652710915,0,67.5272733569145
3.49142056703568,2.73324203491211,1.41916364431381,2.58495366573334,0,0,3.3828392624855,5.85790956020355,0,0,1.49959641695023,0.460490137338638,2.08169117569923,0,1.09932804107666,0.693109512329102,0,0,0,0,0,0,0,0,0,0,0,0,2.00745683908463,0,0,0.829478621482849,0,3.14586693048477,0,0,11.6108765602112,2.67319214344025,2.08195012807846,1.16982591152191,5.71620577573776,1.18174737691879,0,0,0,0,0.752576947212219,0.450246065855026,0,0,0,0,0,0,0,0,0,0,0,0,0,0,0,0,0,0,0,0,0,0,39.3928405344486,30.9878366589546,9.24790269136429,8.28360170125961,37.8250135779381,17.9917207062244,144.098148226738,123.612253963947,0,0,0,0,0,0,0,0,0,0,0,0,15.2370376288891,49.9957957863808,17.5113449990749,40.8446427583694,141.149947136641,20.7052353918552,38.220764875412,5.78253635764122,23.7273887991905,12.4677362143993,9.06132814288139,2.22393891215324,43.7814097702503,51.8503602445126,312.747555762529,558.198933780193,51.8019853234291,17.1005227565765,270.673311769962,279.590298116207,334.045459210873,39.3233962059021,157.473820954561,340.838967859745,67.5272733569145,0
