0,666.071974366903,2089.71990045905,367.021320551634,2.3637747168541,0,6171.90774595737,307.586725652218,2.10542640089989,0,2166.54333254695,29.8634098172188,1317.70085576177,1.13270276784897,9.43159294128418,0,644.284309059381,19.325047492981,1269.78592520952,1655.881988585,0,0,24.1216753423214,18.7948762774467,0,0,0,0,499.920528590679,4.35528773069382,28.7865937948227,4.10640174150467,64.851035118103,189.459692060947,0.588429570198059,0.562096476554871,340.824497669935,0,29.789001584053,0,12.1746553778648,0,2.13604927062988,0,0.978972256183624,0,1.85676568746567,0.583897233009338,3.22159218788147,0,98.4606883525848,0,4.67912781238556,0,5.1557349562645,0,9814.11014285684,29.5561805665493,650.27195250988,0.851925909519196,1219.44831502438,0,199.815180838108,0,170.742233097553,0,90.225311845541,14.6486583650112,1626.65073180199,143.611568450928,3244.52925604582,185.011233955622,2829.07558807731,85.3953818380833,911.905445367098,27.3062125146389,3509.67105147243,185.677826106548,2.83094346523285,0,65.6158882975578,0,22.5403544008732,0,520.501592814922,0,0,0,183.826570689678,0,0,0,0,0,165.944310963154,0,28.6057417094707,0,0,0,0,0,0,0,9.28851503133774,0,8.00609302520752,0,19.7297438979149,21.3808327317238,0,0,0,0,0,3.71641206741333
666.071974366903,0,49.7282847464085,6121.82627236843,0,1.86750423908234,49.4352098703384,5932.70779001713,0,8.28655162453651,16.4127044677734,3670.97304588556,2.48985290527344,1280.95112559199,0,21.4430268406868,7.1909373998642,1513.98714971542,881.234433799982,2133.23790952563,0,0,6.62807875871658,62.8099867999554,0,0,0,0,13.3679622709751,129.084552437067,35.7230461239815,19.0394007563591,93.7378332912922,158.900593847036,1.48543065786362,1.66504871845245,4.80799186229706,208.969136893749,0,102.882691502571,0,0.548575401306152,0,0,0,3.25988364219666,0,31.0368291735649,0,18.9999439716339,0,71.0543433129787,0,3.39353877305984,0,13.5232681930065,159.944778054953,10824.7190442979,21.0852056145668,384.13053265214,4.55693754553795,1256.90504425764,0,600.350415289402,0,704.57361882925,73.1071946620941,165.124964594841,580.034981012344,1245.53549978137,249.904937773943,2797.52387592196,85.0280408263206,2976.46187996864,27.7065518498421,1049.92176350951,813.413599938154,5021.58274659514,0,6.62388128042221,1.09595215320587,106.512190490961,0,0,0,1237.1509718895,0,0,0,560.530453652143,0,0,0,0,3.93018609285355,102.587548553944,0,0,0,0,0,0,0,0,0,6.55846107006073,0,0,26.0989681482315,29.3699354231358,0,0,0,0,0.768395841121674,4.1520984172821
2089.71990045905,49.7282847464085,0,712.520388036966,437.670862436295,192.278449207544,8149.5264801085,612.318906486034,67.1739451289177,29.6439582705498,301.317550331354,48.0520596504211,1213.10403621197,119.305903375149,185.719245761633,9.17673182487488,61.9185571074486,0.621908247470856,1726.03444695473,458.244303941727,6.26100295782089,8.93458300828934,2539.81845012307,1506.97013792396,134.792476147413,112.660649180412,21.8086793720722,20.503301680088,629.046698510647,6.84187912940979,287.879535585642,523.030398219824,42.9331063330173,171.770957171917,5.168137550354,0,32.527408093214,0,4.04342436790466,2.7765925526619,8.50411891937256,0,0,0,1.33068180084229,0,5.86106836795807,0,1.31976473331451,0,13.452987074852,0,0,0,0,0,160.391136646271,0.797919154167175,239.121066808701,0,27.3994407653809,0,8.2057009935379,0,3.86605447530746,0,172.603602170944,0,206.390227049589,0.755392611026764,2660.12291613221,420.971184492111,1877.63865974545,106.405139923096,796.866463541985,36.3387424945831,1932.0179015696,95.3103433847427,0.873297035694122,0,11.6207249760628,0,4.95245844125748,0,4.94100958108902,0,0,0,1.08059442043304,0,0,0,0,0,48.3623863458633,0,3.67032265663147,0,0,0,0,0,0,0,5.83536851406097,0,0,0,11.6691855192184,12.84636464715,0,0,0,0,0,1.07819271087646
367.021320551634,6121.82627236843,712.520388036966,0,97.3737655580044,214.475454211235,503.181919842958,14808.2371609211,14.2656587362289,68.3078139424324,38.721238732338,1348.62779206038,69.7280520796776,1332.02410939336,3.83613348007202,173.076508104801,6.90263339877129,358.12836393714,930.956852853298,4139.23597401381,4.78723531961441,3.7524171769619,1093.61567413807,3674.87383288145,138.9158218503,67.8893143236637,41.5865189135075,44.8073494136333,6.95114153623581,96.37069439888,238.896273523569,218.396587431431,68.6447486281395,139.475193709135,0,1.51236188411713,2.31837576627731,45.8402798771858,3.33063042163849,15.4221470952034,0,3.87271457910538,0,0,0,5.93916076421738,0,15.6147169470787,0,22.6247394680977,0,68.9224288165569,0,0,0,1.38732028007507,48.5562528669834,663.371784389019,1.28304696083069,262.637215286493,0,142.314900398254,0,112.950530529022,0,146.872098445892,3.4727281332016,597.1164059937,70.0784593820572,198.11766564846,499.662170886993,2758.30834391713,81.4300128519535,2022.64904645085,26.6454375386238,844.017085015774,191.140968382359,3112.14875480533,0,0,0,20.1715788245201,0.652742207050323,0,0,134.043759077787,0,0,0,36.3854368329048,0,0,0,0,2.02905005216599,50.2422596514225,1.47641313076019,0,0,0,0,0,0,1.19523239135742,0,3.09779477119446,0,0,43.3009398281574,18.5261776447296,0,0,0,0,0,4.29458492994308
2.3637747168541,0,437.670862436295,97.3737655580044,0,123.549684911966,347.405915379524,8.72830659151077,1868.46213519573,13.7081705331802,0.990846693515778,0,55.0645459294319,0,1358.28832504153,5.29270941019058,0,0,0.466210246086121,0.912959814071655,192.206658750772,67.5278693437576,95.2041619122028,217.469067901373,267.588955521584,203.371746569872,980.28901964426,153.327410161495,632.850762754679,0,80.60752800107,129.94617331028,13.4747566878796,3.86644640564919,2.15303686261177,0,17.469675719738,10.2255618572235,8.44263833761215,0,31.6683892607689,0,2.44517374038696,0,0,0,13.6109191179276,0,0,0,0.820776641368866,0,1.21123141050339,0,2.53960788249969,0,0,0,0,0,1.4969162940979,0,0,0,0,0,0,0,0,0,1059.64318081737,112.270882278681,977.041641026735,8.36162877082825,70.4115217924118,0,117.572732746601,0,0,0,6.00671917200089,0,27.0368267595768,0,4.48478400707245,0,4.27577471733093,0,1.39337110519409,0,0,0,0,0,1.91022086143494,0,0,0,0,0,0,0,0,0,0,0,0,0,0.824200749397278,0.631205201148987,0,0,0,0,0,0
0,1.86750423908234,192.278449207544,214.475454211235,123.549684911966,0,49.1196712255478,245.04011875391,20.2047578692436,2410.71594277024,0,5.38641020655632,0,25.3660722076893,10.4533106386662,1233.25095719099,0,0.98028552532196,0,1.61352065205574,15.8138828277588,171.615309983492,396.896564036608,111.517541974783,214.596563696861,393.35909023881,118.001518219709,1066.8910215795,2.79889243841171,222.673840641975,96.5268656313419,87.1228792965412,2.62879014015198,4.24072122573853,0,0,0,33.7613627314568,0,2.02765071392059,0,260.122370392084,0,0,0,0,0,0,0,0,0,0,0,0,0,2.19842177629471,0,0.714287042617798,0,0,0,0,0,0,0,0,0,0,0,0,229.394822359085,1785.27472576499,9.42467141151428,1303.98850506544,0,67.9318148195744,0,146.789949953556,0,0,0,0,0,42.7738531529903,0,0,0,1.85975950956345,0,0.722988128662109,0,0,0,0,0.445919841527939,0.798429071903229,0,0,0,0,0,0,0,0,0,0,0,0,2.36145794391632,0.555259108543396,0,0,0,0,0,0
6171.90774595737,49.4352098703384,8149.5264801085,503.181919842958,347.405915379524,49.1196712255478,0,664.849365502596,508.440041333437,5.51928323507309,1462.3085642457,71.1944324970245,7842.53295001388,166.208020091057,351.155968099833,0,66.5333448648453,2.17112362384796,407.052488535643,471.639588177204,2.65785539150238,1.93688303232193,415.005682885647,1116.11592766643,4.94065541028976,13.8118355870247,1.18328905105591,2.78806519508362,510.998369455338,4.11276984214783,113.527726411819,214.61420917511,14.8253707885742,111.387460440397,0.763206839561462,0,37.0434257388115,0,8.52811807394028,2.71766805648804,9.65598219633102,0,1.69517767429352,0,1.29138046503067,0,4.20420813560486,0,16.3879451155663,0,433.784980416298,0,0,0,0,0,1062.39978483319,0,1107.37506833673,0,1741.30604785681,0,114.636629700661,0,454.671238899231,0,68.911002933979,0.653967380523682,89.2699801921844,1.94272133708,4772.31749212742,457.328511655331,1416.66448152065,152.763129353523,585.805292755365,40.2911288738251,1804.97426834702,126.103321820498,2.1957916021347,0,54.3982427716255,0,2.60062670707703,0,363.006170094013,0,0,0,96.0555858612061,0,0,0,0,0,40.4676831364632,1.91378206014633,2.80177339911461,0,1.73297953605652,0,0,0,0,0,3.71332746744156,0,0,0,14.2571046352386,5.50470346212387,0,0,0,0,0,1.44365525245667
307.586725652218,5932.70779001713,612.318906486034,14808.2371609211,8.72830659151077,245.04011875391,664.849365502596,0,0,810.34991723299,32.2522753477097,2017.68296313286,107.413863897324,6175.18911272287,0.870691001415253,307.225840091705,6.00162047147751,93.8087009191513,875.315665960312,293.378507733345,4.73910027742386,0,898.250726014376,1210.57876092196,9.00080490112305,1.58711898326874,4.55112212896347,3.03903436660767,20.8631859123707,76.602006405592,150.830790936947,119.968693047762,70.2904037535191,72.4398379325867,0,0.784585416316986,3.32950282096863,28.5641669034958,0,1.87627398967743,0,0.578601598739624,0,0,0,0,0,2.13556677103043,0,9.21104949712753,0,33.2272278666496,0,0.566575050354004,0,5.74138802289963,49.0746197402477,493.271357059479,0,68.5434415638447,0,349.369537621737,0,177.146774232388,0,258.421312987804,5.11956816911697,17.8966792523861,87.7991431355476,17.1204789280891,503.504189699888,4216.25265523791,98.3498165309429,1281.04852750897,27.4670725464821,431.789778321981,268.704353630543,2036.58396062255,0,0,0,29.1986839175224,0,0,0,737.196720480919,0,0,0,306.767793178558,0,0,0,0,2.32467699050903,14.7304525971413,0,0,0,0,0,0,0,0,0,0,0,0,18.0431977510452,10.798967063427,0,0,0,0,0,0.942369639873505
2.10542640089989,0,67.1739451289177,14.2656587362289,1868.46213519573,20.2047578692436,508.440041333437,0,0,1.24562001228333,2.04132521152496,0,514.72863945365,0,2999.53731489182,0,0.858346939086914,0,1.99698120355606,0,63.9069187343121,2.59860551357269,18.7636311650276,29.8735547959805,17.7263167798519,28.7933985590935,21.5629312992096,14.998221218586,464.587086588144,0,10.7258604168892,23.7357336878777,0,0,0,0,6.47880536317825,0,0.656316161155701,0,6.60525155067444,0,0,0,0,0,1.84203273057938,0,0,0,0,0,0,0,0,0,0,0,0,0,0,0,0,0,0,0,0,0,0,0,484.938228219748,12.2775707244873,1147.69434535503,0,74.4892691969872,0,169.011987000704,1.01299464702606,0,0,3.07541841268539,0,15.2634103894234,0,0.936995983123779,0,0.666904091835022,0,0,0,0,0,0,0,4.10325953364372,0.48687481880188,0.524558365345001,0,0,0,0,0,0,0,0,0,0,0,3.01156139373779,0.931177318096161,0,0,0,0,0,0
0,8.28655162453651,29.6439582705498,68.3078139424324,13.7081705331802,2410.71594277024,5.51928323507309,810.34991723299,1.24562001228333,0,0,28.304842710495,0,233.573480397463,0,2383.85402318835,0,12.6349546313286,1.21061277389526,9.30904960632324,4.14088648557663,40.1504952013493,32.6142719089985,47.1418739855289,15.9888989329338,61.4424063563347,12.1149642169476,234.751188099384,0,171.6946824193,12.1377542614937,16.0059618353844,0,3.69519847631454,0,0,0,10.7127877473831,0,0.45453205704689,0,77.4585588276386,0,0,0,0,0,0,0,0,0,0,0,0,0,0.97674548625946,0,2.02843815088272,0,0,0,1.05707347393036,0,6.13088494539261,0,0,0,0,0,0,32.3032132983208,1137.50775757432,1.06033384799957,1629.14397484064,0,129.11680328846,0.674595773220062,247.438175231218,0,0,0,0,0,5.17100697755814,0,0,0,0.892340242862701,0,0,0,0,0,0,0,2.47110497951508,0,0,0,0,0,0,0,0,0,0,0,0,3.71849370002747,3.47677394747734,0,0,0,0,0,0.77530163526535
2166.54333254695,16.4127044677734,301.317550331354,38.721238732338,0.990846693515778,0,1462.3085642457,32.2522753477097,2.04132521152496,0,0,5.55970418453217,2701.78336906433,4.19730204343796,3.93990540504456,0,502.783375203609,0.826711297035217,508.531251341105,227.0622638762,0,0,12.8179117441177,18.4428379535675,0,0,0,0,790.264212489128,0,20.8606361150742,9.87472188472748,35.6789467036724,40.7890617251396,0.540717899799347,0,10.4040345549583,0,0,0,0,0,0,0,0,0,0.790294945240021,0,0,0,25.6344968080521,0,0,0,0.466179728507996,0,287.282719910145,0,87.7763487398624,0,284.599822878838,0,397.013357937336,0,44.3823129534721,0,36.5247044861317,0,71.5509398877621,0,506.549941122532,29.3152577877045,340.854607284069,7.20065355300903,16.6074301600456,3.88076901435852,150.813014239073,15.2855240106583,6.12556791305542,0,162.795051336288,0,8.92864990234375,0,400.13758713007,0,0,0,102.118429005146,0,0,0,0,0,1.32304489612579,0,1.02933585643768,0,0,0,0,0,0,0,0,0,0,0,0,0,0,0,0,0,0,0
29.8634098172188,3670.97304588556,48.0520596504211,1348.62779206038,0,5.38641020655632,71.1944324970245,2017.68296313286,0,28.304842710495,5.55970418453217,0,5.66092574596405,3944.50545784831,0,139.75565803051,0,1032.63386261463,185.204260975122,870.807349026203,0,0,39.1419375538826,252.747041195631,0,0,0,0,0,917.248471677303,20.5759822130203,22.5341224074364,14.0266260504723,51.9443017840385,1.04817390441895,0.745009958744049,0,1.08858323097229,0,1.25247848033905,0,0,0,0,0,0,0,1.03941214084625,0,0.706517517566681,0,5.71628171205521,0,0,0,0,1.2574976682663,374.743551880121,0,44.5589688420296,0,471.59794408083,0,608.037933826447,0,136.674063831568,0,42.4490195214748,4.10299050807953,32.3260341584682,60.0843815207481,652.156832933426,10.5292407870293,1534.99652284384,2.33096706867218,79.097685277462,43.3998396992683,309.341021895409,0,3.8068675994873,0,74.7091522216797,0,1.58496785163879,0,198.408234119415,0,0,0,10.7445057034492,0,0,0,0,2.06373405456543,8.13117223978043,0,0,0,0,0,0,0,0,0,0.706166505813599,0,0,0,3.83585697412491,0,0,0,0,0,0.868808686733246
1317.70085576177,2.48985290527344,1213.10403621197,69.7280520796776,55.0645459294319,0,7842.53295001388,107.413863897324,514.72863945365,0,2701.78336906433,5.66092574596405,0,14.7585147619247,2497.81045246124,0,207.928352415562,0,524.959766209126,104.120064198971,0.901436388492584,0,344.580700606108,170.638292521238,1.38671162724495,0,0,0,4034.88462209702,0,34.2169263958931,45.9590957760811,19.9474413692951,22.0349118709564,1.04583132266998,0,36.9836776256561,0,6.11672675609589,0,2.23968535661697,0,0,0,0,0,2.03362396359444,0,0,0,6.20567381381989,0,0,0,0,0,288.869147837162,0,108.226130694151,0,347.586387753487,0,519.840940594673,0,47.7980578541756,0,34.3951380252838,0,78.0339052677155,0,1988.16773742437,84.5350198745728,1496.99288877845,22.4975036978722,305.543074548244,5.73743897676468,916.153908371925,7.66910755634308,20.0444652438164,0,580.207219064236,0,15.4977866411209,0,778.417873740196,0,0,0,122.204328656197,0,0,0,0,0,17.0820656120777,0,4.51853948831558,0,0,0,0,0,0,0,1.7960444688797,0,0,0,5.79490530490875,3.74138218164444,0,0,0,0,0,0
1.13270276784897,1280.95112559199,119.305903375149,1332.02410939336,0,25.3660722076893,166.208020091057,6175.18911272287,0,233.573480397463,4.19730204343796,3944.50545784831,14.7585147619247,0,0,2103.8622520268,0,134.199227690697,90.780057311058,323.179909199476,0,0,221.430360287428,605.194288820028,0,2.70682197809219,0,0,3.68939757347107,1092.278144449,45.4110470414162,60.682214140892,18.8958579897881,32.5800103545189,0,0.521983742713928,1.38425850868225,6.91685956716537,0,1.06528806686401,0,0.766387403011322,0,0,0,0,0,1.06822550296783,0,0,0,0,0,0,0,0,0,94.9038692712784,0,7.47301083803177,0,208.741496056318,0,289.457519561052,0,61.6311938166618,0,10.3035427331924,0,13.2493448257446,108.116527318954,1293.84733399749,15.6234472692013,1803.78528031707,2.43258500099182,195.305943578482,17.1311410367489,661.706685483456,0,2.05542039871216,0,42.0119602680206,0,0,0,69.2745561301708,0,0,0,3.88939046859741,0,0,0,0,0.905195355415344,3.01390790939331,0,0,0,0,0,0,0,0,0,0,0,0,8.76960456371307,5.18084967136383,0,0,0,0,0,0.599958002567291
9.43159294128418,0,185.719245761633,3.83613348007202,1358.28832504153,10.4533106386662,351.155968099833,0.870691001415253,2999.53731489182,0,3.93990540504456,0,2497.81045246124,0,0,1.13277518749237,6.6923006772995,0,8.90750730037689,0,123.879972189665,24.187633305788,98.3226887583733,19.7400181591511,107.735937744379,27.3514440655708,467.75719627738,29.1957327723503,2737.73364403844,0,56.5654750168324,20.9820448756218,10.9509331285954,2.4875116944313,0.805020809173584,0,21.44894272089,0,4.10000652074814,0.790045857429504,19.3011785149574,0,1.26248687505722,0,0,0,4.60588020086288,0,0,0,4.81611675024033,0,0,0,1.40009725093842,0,6.66276490688324,0,0,0,4.45845711231232,0,4.33778262138367,0,0.726866722106934,0,1.60648775100708,0,2.94973182678223,0,654.304762512445,15.2448242902756,1544.68117645383,2.50075364112854,151.118727385998,0,345.536899417639,0,0,0,17.5377771854401,0,30.0364503264427,0,6.63512289524078,0,3.1433886885643,0,1.45333003997803,0,0,0,0,0,6.17084148526192,0,0,0,0,0,0,0,0,0,0.560012876987457,0,0.581603467464447,0,5.38569524884224,1.30068731307983,0,0,0,0,0,0
0,21.4430268406868,9.17673182487488,173.076508104801,5.29270941019058,1233.25095719099,0,307.225840091705,0,2383.85402318835,0,139.75565803051,0,2103.8622520268,1.13277518749237,0,0,41.5823182165623,0,16.4768457710743,0,49.2170627713203,5.91423398256302,76.0932067036629,14.7942945957184,26.1825747489929,7.03152829408646,185.060148566961,0,1488.22759413719,3.06787288188934,17.6381613910198,0,2.73076069355011,0,0,0,28.3742184638977,0,2.24710011482239,0,126.914966762066,0,0,0,0,0,0.955572783946991,0,0,0,0,0,0,0,0.940861761569977,0,11.7135673165321,0,0,0,6.17631953954697,0,34.4672713577747,0,0,0,0,0,0,19.6402577161789,580.678386479616,0.75085175037384,3359.51802220941,0,161.880340844393,0.506637454032898,299.401052892208,0,0,0,2.39867603778839,0,17.2004596590996,0,0,0,0,0,0,0,0,0,0,1.13780128955841,2.44866260886192,0.623560845851898,0,0,0,0,0,0,0,0,0,0,0,8.500592648983,2.90355235338211,0,0,0,0,0,0
644.284309059381,7.1909373998642,61.9185571074486,6.90263339877129,0,0,66.5333448648453,6.00162047147751,0.858346939086914,0,502.783375203609,0,207.928352415562,0,6.6923006772995,0,0,0,158.077335178852,45.7101483047009,0,0,11.2086442708969,0.660970449447632,0,0,0,0,4311.20242747664,0,6.74805349111557,0,11.0801767110825,20.3239327967167,0.459225475788116,1.88859707117081,29.3540785610676,1.69597172737122,1.52685260772705,0,0,0,0,0,0.708118736743927,0,1.09521758556366,0,3.97412607073784,0,7.24318268895149,1.60285723209381,0,0,0,0,2427.8254866004,1.64491331577301,106.002804577351,3.85825741291046,201.721365630627,0,2105.66997697949,0.78068083524704,11.2760537862778,0,21.4638811945915,9.85679519176483,87.3240100443363,0,142.081874579191,13.0212510824203,727.23480412364,0.486029744148254,85.6316905021667,0,162.461181819439,3.73925817012787,427.085304319859,0,1635.94245585799,0,95.144751906395,0,153.353003799915,0,0.866456031799316,0,31.3193287849426,0,0,0,0,0,6.8477341234684,0,0.767869234085083,0,0,0,0,0,0,0,0,0,0,0,0,1.56503367424011,0,0,0,0,0,0
19.325047492981,1513.98714971542,0.621908247470856,358.12836393714,0,0.98028552532196,2.17112362384796,93.8087009191513,0,12.6349546313286,0.826711297035217,1032.63386261463,0,134.199227690697,0,41.5823182165623,0,0,41.6138341426849,260.385664343834,0,0,0,40.8862254023552,0,0,0,0,1.00158023834229,2074.28812041879,5.49952900409698,7.89967024326324,5.00712668895721,27.5361462235451,0,0,0.674296677112579,5.71104502677917,0,2.41452968120575,0,0,0,0,0,1.13829493522644,0,2.59652197360992,0,0,0,1.50143212080002,0,0,0,1.14098048210144,6.86450624465942,2583.70339223742,1.26274526119232,64.9318850934505,0,314.66618219018,0,2604.88644760847,0,64.4527680873871,4.51102334260941,61.4043363034725,13.2651089727879,52.6057222783566,9.05285549163818,240.615964233875,1.15801030397415,1920.42154717445,0,83.9821365475655,58.8886376619339,187.781812995672,0,19.2612645626068,0,189.78525531292,0,4.13081473112106,0,155.205118894577,0,0,0,29.0757790803909,0,0,0,0,2.13470840454102,2.2448742389679,0,0,0,0,0,0,0,0,0,1.24656784534454,0,0,1.45697438716888,0,0,0,0,0,0,1.08630406856537
1269.78592520952,881.234433799982,1726.03444695473,930.956852853298,0.466210246086121,0,407.052488535643,875.315665960312,1.99698120355606,1.21061277389526,508.531251341105,185.204260975122,524.959766209126,90.780057311058,8.90750730037689,0,158.077335178852,41.6138341426849,0,5451.26857322454,0,0,1534.84350833297,831.247769325972,1.8461925983429,0,0,0,193.634451538324,12.8541382551193,1079.16636380553,531.733661949635,3170.45754557848,1006.82472133636,79.7952296733856,3.2146680355072,55.730945110321,1.36098498106003,13.3584761619568,0,11.3056629896164,0,51.4852185547352,0,15.2729307711124,0,34.2758768498898,0,2.97123438119888,0,8.08296865224838,0,0,0,0,0,384.925539910793,55.4119043946266,623.176876813173,0.537861824035645,22.6990614533424,0,7.14390563964844,0,2.50422203540802,0,2139.46267047524,30.8934376835823,2219.29219028354,276.348352760077,1172.03232166171,531.514156877995,1042.27928283811,276.051011681557,622.018884569407,111.268285393715,2386.00580006838,509.444971680641,0.492052346467972,0,2.46130764484406,0,10.8090915679932,0,0,0,0,0,0,0,0,0,0,0,69.2614591419697,1.81755471229553,10.5983580946922,0,0,0,0,0,0,0,2.81022393703461,0,0,0,12.9872768521309,17.8778082728386,0,0,0,0,0,1.28193295001984
1655.881988585,2133.23790952563,458.244303941727,4139.23597401381,0.912959814071655,1.61352065205574,471.639588177204,293.378507733345,0,9.30904960632324,227.0622638762,870.807349026203,104.120064198971,323.179909199476,0,16.4768457710743,45.7101483047009,260.385664343834,5451.26857322454,0,0,0,340.349508702755,1321.62546250224,0.656913459300995,3.69068789482117,0,0.627936601638794,31.8981819450855,62.2236251831055,569.078047454357,713.726230531931,404.075250804424,6817.93872880936,2.96285372972488,35.2726328969002,12.2955148816109,43.0183030962944,1.68335711956024,15.1430509090424,0,0,0,10.7609859108925,0,6.91598302125931,0,54.0431340932846,0,7.76203453540802,0,13.1089111566544,0,0,0,0,245.77913865447,716.174794405699,10.2465450763702,125.737404376268,2.38567191362381,21.6897150874138,0,57.0555639863014,0,16.4340901970863,57.5230171382427,1763.01459476352,1061.41853949428,2678.1422984004,725.857126325369,1020.25399926305,315.447418838739,961.17232260108,115.912435084581,496.61917424202,814.119955897331,2576.09526064992,0,0.978109121322632,0,7.81996315717697,2.1594033241272,0,0,7.02328222990036,0,0,0,0,0,0,0,0,2.82492274045944,57.2390180528164,0,0,0,0,0,0,0,0,0.976989209651947,1.39891487360001,0,1.58011078834534,28.4434813261032,17.6236360371113,0,0,0,0,0,4.53538125753403
0,0,6.26100295782089,4.78723531961441,192.206658750772,15.8138828277588,2.65785539150238,4.73910027742386,63.9069187343121,4.14088648557663,0,0,0.901436388492584,0,123.879972189665,0,0,0,0,0,0,124.854777753353,35.3772355020046,13.7650241851807,134.171861022711,50.6763341426849,805.473485857248,80.1312654912472,320.091064840555,0,497.953159987926,30.2683495283127,72.7107633650303,2.11815392971039,4.11246579885483,0,11.1943001747131,7.9380350112915,17.2806537151337,0,79.0825724005699,2.64918923377991,0.552275955677032,0,0,0,1.26381683349609,0,0,0,2.85270059108734,0,0,0,0,0.727047681808472,0,0,0,0,0,0,0,0,0,0,2.72417011857033,0,0,0,699.444389224052,43.395792901516,143.936555922031,5.88662296533585,58.7543096542358,1.98287755250931,26.521025121212,0,0,0,0,0,13.8825000524521,0,0,0,0.862021625041962,0.69168496131897,0.699829697608948,0,0,0,0.51324075460434,0,0.538008093833923,0,0,0,0,0,0,0,0,0,0,0,0,0,0,0.627276659011841,0,0,0,0,0,0
0,0,8.93458300828934,3.7524171769619,67.5278693437576,171.615309983492,1.93688303232193,0,2.59860551357269,40.1504952013493,0,0,0,0,24.187633305788,49.2170627713203,0,0,0,0,124.854777753353,0,44.5190602242947,98.6011305451393,77.253371655941,518.216979026794,335.997754305601,1057.30142834783,3.1874263882637,88.0550587177277,97.154920399189,977.478020459414,5.70303446054459,21.8103318214417,1.13457930088043,1.73760885000229,23.9115269780159,109.665947377682,26.9628249406815,5.07469737529755,2.10879766941071,263.785773634911,0,0,0,0,0.85691237449646,0,0,0,0,0,0,0,0,0,0,0,0,0,0,2.45539057254791,0,1.75616300106049,0,0,0,7.222083568573,0,0,304.339552402496,368.370956003666,14.1736822724342,170.629874169827,3.84284162521362,8.69392645359039,0,25.5868343114853,0,0,0,0,0,70.478043794632,0,0,0,0.998906195163727,0,0,0,0,0,0,0,0,0,0,0,0,0,0,0,0,0,0.628803312778473,0,0,0,0,0,0,0,0,0,0
24.1216753423214,6.62807875871658,2539.81845012307,1093.61567413807,95.2041619122028,396.896564036608,415.005682885647,898.250726014376,18.7636311650276,32.6142719089985,12.8179117441177,39.1419375538826,344.580700606108,221.430360287428,98.3226887583733,5.91423398256302,11.2086442708969,0,1534.84350833297,340.349508702755,35.3772355020046,44.5190602242947,0,3365.72820964456,922.221367120743,358.287604510784,215.704097598791,128.112713605165,229.793455660343,5.12587523460388,4313.50439664721,1800.37933537364,990.470067769289,328.73970490694,163.653066515923,0.66208416223526,12.4884940087795,0,5.71225732564926,0,5.63677853345871,0,21.8801439404488,0,11.0429706573486,0,11.3012381792068,0,0,0,1.84690636396408,0,0,0,0,0,9.90364962816238,0,12.6022280454636,0,0,0,1.24177372455597,0,0,0,322.947019547224,0,15.6716761291027,1.76859211921692,2139.9028635323,706.327929317951,816.523326992989,211.968445241451,400.813191175461,67.0963768362999,868.773863226175,96.3155199885368,0,0,1.06078815460205,0,0,0,0,0,0,0,0,0,0,0,0,0,13.5061417818069,0,1.0466451048851,0,0,0,0,0,0,0,0,0,0,0,8.1162388920784,4.21378737688065,0,0,0,0,0,0
18.7948762774467,62.8099867999554,1506.97013792396,3674.87383288145,217.469067901373,111.517541974783,1116.11592766643,1210.57876092196,29.8735547959805,47.1418739855289,18.4428379535675,252.747041195631,170.638292521238,605.194288820028,19.7400181591511,76.0932067036629,0.660970449447632,40.8862254023552,831.247769325972,1321.62546250224,13.7650241851807,98.6011305451393,3365.72820964456,0,446.926931142807,981.585313737392,213.702870130539,304.17287504673,29.2420253157616,48.3235728740692,928.560639500618,3035.17045417428,169.684506475925,1942.03936594725,0,52.0217845439911,0,15.8482522368431,0,0.985803544521332,0,3.58915776014328,0,5.95698377490044,0,0,0,39.1604172289371,0,0,0,0,0,0,0,0,0,15.7748882174492,0,4.23247742652893,0,3.48984372615814,0,24.4315139651299,0,2.78160166740417,0,335.374385476112,0.702304661273956,40.9544148147106,928.870892286301,2171.25054335594,143.769257962704,1075.09210622311,39.1065769195557,427.402802705765,69.1178322732449,1367.19618216157,0,0,0,1.77054512500763,0,0,0,0.800414025783539,0,0,0,0,0,0,0,0,1.43515256047249,11.0852587819099,1.44782221317291,0,0,0,0,0,0,0,0,0,0,0,11.5454802215099,10.0311052203178,0,0,0,0,0,1.99654805660248
0,0,134.792476147413,138.9158218503,267.588955521584,214.596563696861,4.94065541028976,9.00080490112305,17.7263167798519,15.9888989329338,0,0,1.38671162724495,0,107.735937744379,14.7942945957184,0,0,1.8461925983429,0.656913459300995,134.171861022711,77.253371655941,922.221367120743,446.926931142807,0,436.668333470821,878.909349918365,185.072981625795,48.791535794735,1.4406156539917,893.474849313498,453.983696460724,122.793164342642,12.0391057133675,14.4666002094746,0,0,0,0,0,4.5679435133934,0,1.4566684961319,0,0,0,1.14630627632141,0,0,0,0,0,0,0,0,0,0,0,0,0,0,0,0,0,0,0,6.69687718153,0,0,0,562.629877120256,138.322245925665,188.825172960758,8.18875062465668,11.2493280768394,0,14.69109120965,0,0,0,0.62638646364212,0,0.581643044948578,0,0,0,0,0,0,0,0,0,0,0,0.54020631313324,0,0,0,0,0,0,0,0,0,0,0,0,0,0,0.500907361507416,0,0,0,0,0,0
0,0,112.660649180412,67.8893143236637,203.371746569872,393.35909023881,13.8118355870247,1.58711898326874,28.7933985590935,61.4424063563347,0,0,0,2.70682197809219,27.3514440655708,26.1825747489929,0,0,0,3.69068789482117,50.6763341426849,518.216979026794,358.287604510784,981.585313737392,436.668333470821,0,434.980381041765,1032.87467992306,5.07088196277618,5.98021465539932,201.723510235548,798.337633341551,5.03390383720398,21.0892302691936,0.427653819322586,1.01273250579834,0,2.71037504076958,0,0,1.18386268615723,11.284726947546,0,0,0,0,0,0,0,0,0,0,0,0,0,0,0,0,0,0,0,0,0,0,0,0,0,1.09656676650047,0,0,318.289257287979,597.348189264536,12.5193542838097,155.368889272213,0,5.06791180372238,0,9.32104983925819,0,0,0,0,0,0,0,0,0,0,0,0,0,0,0,0,0,0,0,0,0,0,0,0,0,0,0,0,0,0,0,0,0,0,0,0,0,0
0,0,21.8086793720722,41.5865189135075,980.28901964426,118.001518219709,1.18328905105591,4.55112212896347,21.5629312992096,12.1149642169476,0,0,0,0,467.75719627738,7.03152829408646,0,0,0,0,805.473485857248,335.997754305601,215.704097598791,213.702870130539,878.909349918365,434.980381041765,0,446.996267288923,146.142408192158,0,730.362062841654,251.120643466711,150.428041219711,8.83141577243805,16.6482567191124,0,112.828716874123,68.6043819189072,84.8045216202736,3.56723952293396,24.4470149278641,1.20608711242676,0,0,0,0,0.896342575550079,3.17114341259003,0,0,0.868811666965485,0,0,0,0,0.822211146354675,0,0,0,0,0,0,0,0,0,0,2.6766437292099,0.847586810588837,0,0,746.75776553154,144.357159435749,186.154061406851,16.6738910079002,3.23563975095749,2.24931669235229,16.4411218166351,10.4011856913567,0,0,0,0,6.2942408323288,0,2.66709345579147,0,3.66707009077072,0,0,0,0,0,0,0,1.12206101417542,0.758580803871155,0,0,0,0,0,0,0,0,0,0.981019020080566,0,0,0,0,0,0,0,0,0,0
0,0,20.503301680088,44.8073494136333,153.327410161495,1066.8910215795,2.78806519508362,3.03903436660767,14.998221218586,234.751188099384,0,0,0,0,29.1957327723503,185.060148566961,0,0,0,0.627936601638794,80.1312654912472,1057.30142834783,128.112713605165,304.17287504673,185.072981625795,1032.87467992306,446.996267288923,0,5.25653767585754,55.734932243824,90.495922267437,346.034408628941,2.12811845541,14.0070694684982,0,2.54125374555588,45.675325512886,113.779621958733,58.8704421520233,3.80465149879456,6.70313358306885,221.411031812429,0,0,0,0,0,0.829045712947845,0,0,0.771137893199921,1.28069084882736,0,0,0,0,0,0,0,0,0,0,0,0,0,0,0,1.00006994605064,0,0,332.917340964079,710.903408944607,13.5326523780823,523.139796942472,8.03910577297211,10.5078648924828,3.21873164176941,41.7393003106117,0,0,0,0,2.01230549812317,45.6792556941509,0,0.722888708114624,0,2.44478416442871,0,0,0,0,0,0,0,0,0,0,0,0,0,0,0,0,0,0,0,0,0,0,0,0,0,0,0,0
499.920528590679,13.3679622709751,629.046698510647,6.95114153623581,632.850762754679,2.79889243841171,510.998369455338,20.8631859123707,464.587086588144,0,790.264212489128,0,4034.88462209702,3.68939757347107,2737.73364403844,0,4311.20242747664,1.00158023834229,193.634451538324,31.8981819450855,320.091064840555,3.1874263882637,229.793455660343,29.2420253157616,48.791535794735,5.07088196277618,146.142408192158,5.25653767585754,0,3.59449166059494,43.1516963243484,24.3592839539051,12.4000183045864,15.6066041886806,14.6093075275421,16.9465501904488,264.100324481726,14.7099850773811,52.1202607154846,0,143.183658659458,0,83.6132927536964,5.73972606658936,65.0965813398361,0,286.673307031393,0.574280440807343,120.759401708841,0,362.69976246357,0,86.5492231249809,0,104.574857145548,0,1599.95642468333,15.423743724823,739.172222018242,6.89039698243141,548.095716297626,2.72592663764954,1120.04477849603,7.74343621730804,140.056761711836,0,197.664557158947,54.4966918230057,121.846774399281,9.10765990614891,448.616631567478,33.424577832222,2317.85236379504,7.29948973655701,114.077736228704,0.92414528131485,463.301350176334,19.3842535018921,545.427888125181,0,1278.87177455425,0.578699767589569,1060.91490799189,0,319.237884193659,0,175.014682292938,0,80.2731298208237,0,6.91946029663086,0,0.942832887172699,0,13.5874237418175,0,4.0456999540329,1.75779759883881,6.30068302154541,0,0,0,3.62532305717468,0,2.51718723773956,0.595390856266022,2.83747386932373,0,0,5.77236574888229,0,0,0,2.19341969490051,0,0.568866431713104
4.35528773069382,129.084552437067,6.84187912940979,96.37069439888,0,222.673840641975,4.11276984214783,76.602006405592,0,171.6946824193,0,917.248471677303,0,1092.278144449,0,1488.22759413719,0,2074.28812041879,12.8541382551193,62.2236251831055,0,88.0550587177277,5.12587523460388,48.3235728740692,1.4406156539917,5.98021465539932,0,55.734932243824,3.59449166059494,0,6.95738011598587,7.12627154588699,7.81127989292145,18.3197531104088,2.02848270535469,3.94131100177765,3.28743016719818,96.7626534700394,2.15878558158875,7.18768236041069,0,314.916778504848,3.68596082925797,20.2077738344669,4.89769160747528,76.056202173233,0,72.05656260252,0,59.3151725232601,3.04928267002106,102.002902567387,0,47.0185451209545,0,33.1740481257439,14.3109624385834,343.31739154458,12.6648859977722,308.004882752895,1.77514004707336,171.892757415771,0,833.128704071045,0,117.146468997002,41.6860603690147,114.467791646719,5.34088385105133,15.0470378398895,12.6500868797302,89.184621065855,2.41308856010437,4770.22167858481,0,31.0832073092461,24.4382750689983,99.807200551033,0,225.339234054089,0,787.006261259317,0,327.000681608915,0,123.546205043793,0,11.4636153578758,0,50.7304519712925,0,0,0,0,0,2.83412927389145,0,0,0,3.33891355991364,0,0,0,2.43574982881546,0,2.56218379735947,0,1.40145075321198,0,0,0,0,0,0,0,0
28.7865937948227,35.7230461239815,287.879535585642,238.896273523569,80.60752800107,96.5268656313419,113.527726411819,150.830790936947,10.7258604168892,12.1377542614937,20.8606361150742,20.5759822130203,34.2169263958931,45.4110470414162,56.5654750168324,3.06787288188934,6.74805349111557,5.49952900409698,1079.16636380553,569.078047454357,497.953159987926,97.154920399189,4313.50439664721,928.560639500618,893.474849313498,201.723510235548,730.362062841654,90.495922267437,43.1516963243484,6.95738011598587,0,1065.19378018379,2316.8424924314,289.674122989178,262.167848020792,0.636189758777618,1.35468918085098,0,2.77538108825684,0,4.80406773090363,0,40.4845008850098,0,24.4967560470104,0,10.8087995648384,0,0,0,0,0,0,0,0,0,4.21004557609558,10.0579832792282,1.23061978816986,1.21438300609589,1.2179948091507,0,0,1.20383191108704,1.42456066608429,0,689.72497600317,15.746281683445,13.0611047148705,10.6784995794296,1250.29606175423,233.823548674583,141.853827506304,74.8857938051224,43.2908689975739,29.7575822472572,181.702878117561,110.71624070406,0,0,1.43708217144012,0,0,0,1.26350378990173,0,0,0,0,0,0,0,0,0,3.18440753221512,1.0833888053894,0,0,0,0,0,0,0,0,1.18118417263031,0,0,0,2.63987004756927,0,0,0,0,0,0,0
4.10640174150467,19.0394007563591,523.030398219824,218.396587431431,129.94617331028,87.1228792965412,214.61420917511,119.968693047762,23.7357336878777,16.0059618353844,9.87472188472748,22.5341224074364,45.9590957760811,60.682214140892,20.9820448756218,17.6381613910198,0,7.89967024326324,531.733661949635,713.726230531931,30.2683495283127,977.478020459414,1800.37933537364,3035.17045417428,453.983696460724,798.337633341551,251.120643466711,346.034408628941,24.3592839539051,7.12627154588699,1065.19378018379,0,157.68490177393,2483.21146911383,5.97641611099243,149.991898328066,0,1.27675330638885,0,1.01269197463989,1.42840099334717,0.918682992458344,0,27.4803722500801,0.90742027759552,0.419307768344879,0,67.9888479709625,0,0,1.38259887695312,0,0,0,0,0,0,10.5704699158669,4.57259678840637,1.15694952011108,0.770433247089386,2.98109292984009,0,1.48431718349457,0,3.4247795343399,15.2860493063927,568.083637714386,0,20.8508919477463,534.476909071207,710.845691800117,70.5204629600048,138.629376202822,15.320238173008,42.3808373808861,47.6574313342571,157.892583876848,0,1.50425755977631,0,0,0,0,0,2.64182448387146,0,0,0,0,0,0,0,0,1.84249544143677,2.42745321989059,0,0,0,0,0,0,0,0,0,0,0,0,3.35591727495193,0.720017790794373,0,0,0,0,0,2.79330193996429
64.851035118103,93.7378332912922,42.9331063330173,68.6447486281395,13.4747566878796,2.62879014015198,14.8253707885742,70.2904037535191,0,0,35.6789467036724,14.0266260504723,19.9474413692951,18.8958579897881,10.9509331285954,0,11.0801767110825,5.00712668895721,3170.45754557848,404.075250804424,72.7107633650303,5.70303446054459,990.470067769289,169.684506475925,122.793164342642,5.03390383720398,150.428041219711,2.12811845541,12.4000183045864,7.81127989292145,2316.8424924314,157.68490177393,0,368.72875648737,1180.02654790878,12.2761144042015,12.1975204348564,15.6463341116905,21.5403895974159,0,1.40538144111633,0,74.3593511581421,1.84097528457642,102.74243965745,5.11951774358749,40.1300535202026,3.22488498687744,2.04712051153183,2.88550913333893,0,4.50769066810608,0,0,9.51089897751808,0,55.5347737073898,88.2043372988701,77.1784148812294,56.981583327055,1.49237513542175,12.3575963377953,0.78684937953949,18.8597783744335,0,4.3376100063324,4066.24170815945,232.880527168512,876.797587126493,160.65640360117,313.208979249001,45.9136890769005,85.8986398279667,60.2131541371346,40.5647526979446,8.34655666351318,233.327713131905,86.8028370141983,0,0,0,16.4632560610771,0,0,0.620802640914917,3.82352203130722,0,0,0,0,0,0,0,0,7.81068649888039,0,0.450014144182205,0,0,0,0,0,0,0,1.69966626167297,0,3.01008820533752,0,2.98247218132019,1.99549663066864,0,0,0,0,0,1.46619439125061
189.459692060947,158.900593847036,171.770957171917,139.475193709135,3.86644640564919,4.24072122573853,111.387460440397,72.4398379325867,0,3.69519847631454,40.7890617251396,51.9443017840385,22.0349118709564,32.5800103545189,2.4875116944313,2.73076069355011,20.3239327967167,27.5361462235451,1006.82472133636,6817.93872880936,2.11815392971039,21.8103318214417,328.73970490694,1942.03936594725,12.0391057133675,21.0892302691936,8.83141577243805,14.0070694684982,15.6066041886806,18.3197531104088,289.674122989178,2483.21146911383,368.72875648737,0,59.9566106796265,991.04339876771,32.7289883494377,39.5029653906822,4.46205019950867,64.4135746359825,0,0,2.75931483507156,100.636662185192,16.0715903043747,23.4850950241089,1.67775142192841,258.277039408684,4.74954497814178,8.23666650056839,20.0371515154839,19.1703793406487,0,0,1.28234922885895,2.66709864139557,239.939142256975,316.577680468559,199.13739284873,78.477362215519,30.0434330701828,40.326456785202,12.6241182088852,150.208946108818,3.55525374412537,20.16349619627,856.674363523722,5572.60579362512,803.179343193769,925.211274772882,253.359114706516,215.227849960327,109.139676243067,191.495546221733,43.0634881854057,74.9414460659027,348.260138064623,343.522145837545,0,5.32794380187988,9.79124885797501,116.400731295347,2.05086517333984,5.81645268201828,0.654306709766388,27.8301042318344,0,0,4.53496658802032,14.8687898814678,0,1.70427858829498,0,0,10.8835754394531,15.2298206686974,2.76516389846802,0.893345773220062,0,8.14982306957245,0,0,0,2.1397477388382,0.693446815013885,3.1991029381752,0.50234442949295,4.80264115333557,2.06552344560623,0.816310048103333,0,0,1.6645530462265,0,0,0
0.588429570198059,1.48543065786362,5.168137550354,0,2.15303686261177,0,0.763206839561462,0,0,0,0.540717899799347,1.04817390441895,1.04583132266998,0,0.805020809173584,0,0.459225475788116,0,79.7952296733856,2.96285372972488,4.11246579885483,1.13457930088043,163.653066515923,0,14.4666002094746,0.427653819322586,16.6482567191124,0,14.6093075275421,2.02848270535469,262.167848020792,5.97641611099243,1180.02654790878,59.9566106796265,0,231.233237862587,148.202545523643,89.3731849193573,48.5590794682503,47.6953015327454,1.85996448993683,1.29079282283783,189.524211645126,353.26684114337,523.053373515606,420.632344692945,182.260505080223,98.7693463861942,177.741081774235,136.484809696674,91.4706597626209,53.8934880495071,15.7566559910774,34.0607374310493,24.3828516602516,21.7453578710556,2.94748497009277,2.28265863656998,73.2743482291698,63.6035793125629,14.0732722878456,13.9700062870979,5.40982061624527,17.752414047718,1.27602469921112,15.8740719556808,2828.6025570035,506.640479654074,0,1.21290564537048,38.9637135863304,3.6216995716095,15.7358039021492,27.6297971308231,1.28312665224075,9.82451730966568,67.353575617075,59.690912425518,0.660144150257111,0.56461888551712,16.7787660062313,23.0508736073971,7.87943893671036,3.60561686754227,21.0316798985004,17.8397318720818,3.06685101985931,0,27.3826131820679,28.164860278368,0,0.563862860202789,0,0,0.583477675914764,3.5967845916748,3.64192986488342,0,0,1.58707338571548,0,0,0,0,0,0,0,0,0,0,0,0,0,0,0,0
0.562096476554871,1.66504871845245,0,1.51236188411713,0,0,0,0.784585416316986,0,0,0,0.745009958744049,0,0.521983742713928,0,0,1.88859707117081,0,3.2146680355072,35.2726328969002,0,1.73760885000229,0.66208416223526,52.0217845439911,0,1.01273250579834,0,2.54125374555588,16.9465501904488,3.94131100177765,0.636189758777618,149.991898328066,12.2761144042015,991.04339876771,231.233237862587,0,108.537681043148,172.783259451389,48.4240712225437,148.188926577568,1.56521368026733,9.48570173978806,204.792826652527,231.919784188271,551.569448202848,422.322286993265,106.158104360104,149.307179570198,274.28732702136,101.706810832024,148.48635327816,37.8694204092026,20.6437694132328,20.2070470452309,14.2839975953102,44.980856180191,2.03049343824387,1.57267963886261,123.892998933792,34.982486307621,27.8610990643501,7.62951695919037,4.78242588043213,13.6675205826759,6.51218283176422,2.39802795648575,751.905730098486,1932.89893728495,6.24354657530785,0,1.36572110652924,8.22929406166077,26.0749444365501,33.8708400130272,1.4337477684021,8.66770502924919,96.3021769225597,61.943067908287,1.75970304012299,0,24.753600358963,34.1108000278473,7.14714908599854,8.85881716012955,22.2389340400696,18.0590634942055,0.886751890182495,11.4013804793358,28.4579363763332,24.8861028552055,0,0,0,0,2.71229118108749,2.82984042167664,0,0,0,1.13954746723175,0,0,0,0,0,0,0,0,0,1.0200629234314,0,0,0,0,0,0
340.824497669935,4.80799186229706,32.527408093214,2.31837576627731,17.469675719738,0,37.0434257388115,3.32950282096863,6.47880536317825,0,10.4040345549583,0,36.9836776256561,1.38425850868225,21.44894272089,0,29.3540785610676,0.674296677112579,55.730945110321,12.2955148816109,11.1943001747131,23.9115269780159,12.4884940087795,0,0,0,112.828716874123,45.675325512886,264.100324481726,3.28743016719818,1.35468918085098,0,12.1975204348564,32.7289883494377,148.202545523643,108.537681043148,0,306.852398425341,2203.75346314907,108.828580141068,792.707291275263,5.31603592634201,317.446049869061,209.749667525291,444.888256341219,153.371246665716,1174.47594466805,92.5402053594589,616.751683026552,49.182237803936,988.363464295864,35.9321550726891,229.081099927425,27.9759160280228,1265.05770033598,36.7495575845242,513.314530044794,5.03385961055756,697.323147028685,125.735053837299,556.375657021999,23.7483385801315,100.127987980843,9.44065397977829,202.178921312094,16.1837720870972,560.246441692114,593.064994245768,246.423022001982,11.3357375860214,446.194557845592,18.4257168471813,815.244451105595,46.795416623354,1075.21093645692,61.7485892772675,4984.36020699143,104.040742844343,4.03219366073608,0,111.951425820589,8.59067749977112,577.487167060375,0.476335406303406,151.172913640738,6.47512477636337,1629.11184057593,0,1032.11235383153,6.88670688867569,98.4596587717533,79.1091041862965,20.8620578944683,26.4062911570072,119.61897367239,33.9100528657436,75.9889781475067,17.939555644989,52.1635177731514,43.0347419977188,10.5377004742622,5.92997202277184,35.9657386541367,43.6828845441341,55.5778376460075,43.3193980753422,29.0377532541752,19.2174502015114,15.7448706626892,27.5078504085541,9.69940450787544,3.50506040453911,4.84633612632751,2.12641483545303,3.87493231892586,9.08033654093742
0,208.969136893749,0,45.8402798771858,10.2255618572235,33.7613627314568,0,28.5641669034958,0,10.7127877473831,0,1.08858323097229,0,6.91685956716537,0,28.3742184638977,1.69597172737122,5.71104502677917,1.36098498106003,43.0183030962944,7.9380350112915,109.665947377682,0,15.8482522368431,0,2.71037504076958,68.6043819189072,113.779621958733,14.7099850773811,96.7626534700394,0,1.27675330638885,15.6463341116905,39.5029653906822,89.3731849193573,172.783259451389,306.852398425341,0,95.4272575974464,1645.07100304961,6.10351395606995,616.964162290096,77.7330747246742,331.89284864068,133.479832798243,688.780140221119,57.9011403918266,816.38748934865,53.3264709711075,395.421921670437,107.333054870367,548.768664091825,2.53117400407791,370.774669319391,6.37735867500305,1773.29410749674,4.16554749011993,138.907308846712,376.536418706179,320.14769628644,89.7075756192207,130.457825183868,7.45528304576874,21.8130303025246,12.3787221908569,245.368208825588,992.253109663725,672.125037431717,2.58455348014832,45.8736963272095,28.5967279672623,322.835224866867,40.9963430762291,297.021108776331,19.8580001294613,489.091152518988,161.906902641058,5318.85118752718,0,0.695332288742065,5.241530418396,72.9115313887596,0,876.722297370434,8.48360985517502,289.597832202911,0,1560.33165803552,10.7200579047203,800.578661710024,58.4296938478947,122.585904091597,15.0161563754082,32.6824537813663,17.367349922657,103.790594786406,25.1896671056747,9.47376623749733,18.3633898198605,54.9626684188843,8.4897329211235,11.4547040462494,23.8581762313843,50.9124283194542,17.1294759511948,46.3628457486629,22.0773408412933,21.3102266192436,8.1612506210804,30.9474844932556,12.9070001244545,1.56973588466644,2.55191135406494,2.72982335090637,2.00925874710083,4.22802716493607
29.789001584053,0,4.04342436790466,3.33063042163849,8.44263833761215,0,8.52811807394028,0,0.656316161155701,0,0,0,6.11672675609589,0,4.10000652074814,0,1.52685260772705,0,13.3584761619568,1.68335711956024,17.2806537151337,26.9628249406815,5.71225732564926,0,0,0,84.8045216202736,58.8704421520233,52.1202607154846,2.15878558158875,2.77538108825684,0,21.5403895974159,4.46205019950867,48.5590794682503,48.4240712225437,2203.75346314907,95.4272575974464,0,109.916180729866,865.898171722889,0,370.277819335461,65.518210709095,405.202564328909,14.0275519490242,1449.55559149384,33.4739083647728,199.243896812201,7.32537806034088,127.73855894804,2.16406655311584,45.2428068518639,4.42897480726242,1942.37654155493,15.0430546402931,90.4982079863548,2.71759963035583,138.237195909023,4.56694233417511,119.970671653748,0,45.6062665581703,0,36.8760324120522,3.32718729972839,442.539234995842,100.389059364796,52.3099738359451,0,46.4611423611641,13.0331659317017,107.061519742012,5.90879034996033,160.010631531477,32.2610913813114,229.043915778399,45.2529019415379,2.41731631755829,0,15.1911722123623,0,134.046043485403,0,43.7230744957924,0,375.619843006134,0,634.924283236265,0,155.120021313429,202.651411771774,15.9805330336094,28.005137950182,18.9026905894279,73.7334590554237,42.4512788057327,21.8918994069099,49.4246353805065,88.3685600161552,4.73088431358337,14.5780504345894,33.4214582741261,41.8023430109024,14.884431630373,37.2978084385395,15.9636318087578,17.6061262190342,2.97083225846291,3.51065665483475,18.5026747584343,1.49787139892578,2.16228711605072,0,0.984610348939896,2.68154519796371
0,102.882691502571,2.7765925526619,15.4221470952034,0,2.02765071392059,2.71766805648804,1.87627398967743,0,0.45453205704689,0,1.25247848033905,0,1.06528806686401,0.790045857429504,2.24710011482239,0,2.41452968120575,0,15.1430509090424,0,5.07469737529755,0,0.985803544521332,0,0,3.56723952293396,3.80465149879456,0,7.18768236041069,0,1.01269197463989,0,64.4135746359825,47.6953015327454,148.188926577568,108.828580141068,1645.07100304961,109.916180729866,0,0,1650.26156494021,30.1463340222836,952.716758817434,26.0829866528511,362.183709949255,77.2769874930382,1320.53594657779,11.0074715614319,81.6264723241329,11.7364972829819,92.3075279593468,0,123.886399179697,11.6672965288162,1692.07711976767,5.70950102806091,79.5641446709633,2.95956897735596,78.5045933127403,0,31.6201991438866,0,8.70232141017914,0,39.8934183120728,112.156211197376,720.209308564663,1.14907014369965,24.9367502331734,3.56361106038094,94.2240808010101,5.24942606687546,25.9826136827469,34.9094162583351,93.6269005537033,48.5512552559376,331.270971149206,0,0,0,14.7150936126709,0,177.799856543541,0,74.3976166844368,0,377.568951517344,1.53601610660553,202.50040307641,67.7436072528362,78.7809938192368,15.0996999442577,20.1482449173927,8.35627442598343,47.1234174370766,35.2735515832901,22.7041202783585,23.279297709465,33.9331174492836,13.6117711365223,10.2220835089684,23.0092070102692,36.4360418617725,9.82992285490036,30.4207328855991,9.57578253746033,5.29075366258621,0,2.87380051612854,4.64512819051743,0.667995035648346,2.75984644889832,0,0,0
12.1746553778648,0,8.50411891937256,0,31.6683892607689,0,9.65598219633102,0,6.60525155067444,0,0,0,2.23968535661697,0,19.3011785149574,0,0,0,11.3056629896164,0,79.0825724005699,2.10879766941071,5.63677853345871,0,4.5679435133934,1.18386268615723,24.4470149278641,6.70313358306885,143.183658659458,0,4.80406773090363,1.42840099334717,1.40538144111633,0,1.85996448993683,1.56521368026733,792.707291275263,6.10351395606995,865.898171722889,0,0,31.046465754509,19.8026687502861,0,6.57116895914078,0,97.3236137926579,0,9.56300109624863,0,34.5984752774239,0,11.7130951285362,0,56.9558089077473,0.608833909034729,0.695724666118622,0,26.8798635601997,0,14.0525751709938,0,0.560261130332947,0,10.8752452135086,0,26.8401312232018,2.11165952682495,3.89096766710281,0,318.777258574963,28.3904731869698,675.079048961401,4.31963992118835,277.178824007511,37.445481300354,463.225280702114,4.55998706817627,0,0,10.3226590156555,0,551.461755871773,1.06338655948639,18.5636171102524,0,711.737991690636,7.31500488519669,77.7465896308422,0,2.58913099765778,0,4.82212474942207,0,11.3614924252033,2.30053853988647,2.30814921855927,0,0.888980567455292,0,0,0,3.44441071152687,0,13.1222946345806,7.29292124509811,0.656713724136353,0.855187296867371,11.2983899712563,2.23562473058701,0,0,0,1.36459159851074,0,4.01750111579895
0,0.548575401306152,0,3.87271457910538,0,260.122370392084,0,0.578601598739624,0,77.4585588276386,0,0,0,0.766387403011322,0,126.914966762066,0,0,0,0,2.64918923377991,263.785773634911,0,3.58915776014328,0,11.284726947546,1.20608711242676,221.411031812429,0,314.916778504848,0,0.918682992458344,0,0,1.29079282283783,9.48570173978806,5.31603592634201,616.964162290096,0,1650.26156494021,31.046465754509,0,19.8674903213978,65.8845416307449,1.03363621234894,102.921254277229,4.24315500259399,272.582217335701,0,62.5814491212368,1.45924186706543,102.209386140108,0,113.613557845354,1.28294742107391,371.820303469896,0,0,0,12.7973263263702,0,5.95575320720673,0,0,0,23.0468150377274,7.10682255029678,53.8438085317612,0,0,38.1592762470245,292.38109344244,49.3763688206673,1672.99614775181,29.7091073989868,153.845862329006,2.32795262336731,302.751953303814,0,0,0,15.5730845332146,0.717417538166046,2424.21953722835,0,65.1546884179115,4.30326694250107,1913.98500809073,1.53826534748077,145.8054279387,0,3.24664944410324,0,0.585986495018005,0.73800390958786,6.32085829973221,2.70364356040955,1.76180839538574,0,7.7028266787529,0,1.10318613052368,1.71143448352814,2.97026252746582,0,4.78332221508026,1.99849832057953,0,0,1.19286632537842,0,0,0,0,0,0
2.13604927062988,0,0,0,2.44517374038696,0,1.69517767429352,0,0,0,0,0,0,0,1.26248687505722,0,0,0,51.4852185547352,0,0.552275955677032,0,21.8801439404488,0,1.4566684961319,0,0,0,83.6132927536964,3.68596082925797,40.4845008850098,0,74.3593511581421,2.75931483507156,189.524211645126,204.792826652527,317.446049869061,77.7330747246742,370.277819335461,30.1463340222836,19.8026687502861,19.8674903213978,0,2247.16504871845,7929.20471599698,762.337457090616,6628.23962447047,1885.56762614846,2608.49268993735,188.894433796406,1248.13774326444,38.4739010334015,523.399854838848,44.7101115584373,448.465205937624,65.6633769571781,0,0,23.3494338989258,11.3449161052704,3.45788592100143,1.33889877796173,1.37068769335747,0,4.07815200090408,5.35348004102707,1747.25107425451,606.448634594679,0,0,3.59279736876488,0,81.0596884191036,49.3619083464146,2.34823799133301,3.85570251941681,254.718256443739,39.8889642655849,0.583988070487976,0,53.8547886908054,7.08058401942253,52.4114807248116,1.52298247814178,102.628971546888,15.5417007505894,19.2754474878311,0,306.681033492088,22.0014104247093,362.864966213703,0,0,0,0.786242425441742,0,0.769291520118713,4.23692411184311,32.863363802433,19.9835565090179,0,0,0,0,0,0,0,0,0,0,0,0,0,0,0,0
0,0,0,0,0,0,0,0,0,0,0,0,0,0,0,0,0,0,0,10.7609859108925,0,0,0,5.95698377490044,0,0,0,0,5.73972606658936,20.2077738344669,0,27.4803722500801,1.84097528457642,100.636662185192,353.26684114337,231.919784188271,209.749667525291,331.89284864068,65.518210709095,952.716758817434,0,65.8845416307449,2247.16504871845,0,1858.92380955815,10046.2018121779,314.758951723576,8034.67391249537,789.466066241264,1451.59995815158,539.240121692419,509.355761617422,111.823506236076,1337.00968140364,46.4978778362274,575.495951205492,1.0304890871048,0,56.2223626971245,22.5571141242981,15.9100524187088,0.733331501483917,0,0,4.4421294927597,3.07884657382965,1219.25956204534,2311.56492048502,0.780203640460968,0,2.48893225193024,0.637277066707611,6.44184172153473,145.653826475143,0.96287202835083,16.6206882297993,93.6528642177582,179.764976143837,0,0.656781494617462,0.731702625751495,26.4679102301598,0,76.7114549875259,0,78.8823919594288,0,44.8864494264126,9.51175332069397,129.674796015024,0,0,0,0,0,3.03870683908463,0,70.7950797080994,0.613136112689972,53.8268513381481,0,0,0,0,0,0,0,0,0,0,0,0,0,0,0,0
0.978972256183624,0,1.33068180084229,0,0,0,1.29138046503067,0,0,0,0,0,0,0,0,0,0.708118736743927,0,15.2729307711124,0,0,0,11.0429706573486,0,0,0,0,0,65.0965813398361,4.89769160747528,24.4967560470104,0.90742027759552,102.74243965745,16.0715903043747,523.053373515606,551.569448202848,444.888256341219,133.479832798243,405.202564328909,26.0829866528511,6.57116895914078,1.03363621234894,7929.20471599698,1858.92380955815,0,1593.6603615284,1660.09781950712,86.3908128142357,3593.1234934926,187.960271775723,770.575804650784,75.7558558285236,108.369840443134,7.34183233976364,214.392303049564,18.4809759259224,1.66832876205444,0,307.856231361628,46.1355456709862,28.8614291846752,3.9545813202858,0.850957810878754,0,3.33351987600327,32.6501547694206,3282.89644515514,1690.68969023228,0,0,8.07830113172531,0,129.93616348505,32.5718719363213,13.99768191576,1.51506555080414,431.939073860645,30.9443717598915,1.79724276065826,0,68.1375050544739,5.98951125144958,19.3524011075497,0,105.434498697519,14.1903886198997,2.33993074297905,0,139.066757678986,10.8812565803528,18.4977937340736,0,0,0,2.63504266738892,0.656775712966919,5.2567218542099,0,3.48076158761978,0,0,0,0,0,0,0,0,0,0,0.607677817344666,0,0,0,0,0,0
0,3.25988364219666,0,5.93916076421738,0,0,0,0,0,0,0,0,0,0,0,0,0,1.13829493522644,0,6.91598302125931,0,0,0,0,0,0,0,0,0,76.056202173233,0,0.419307768344879,5.11951774358749,23.4850950241089,420.632344692945,422.322286993265,153.371246665716,688.780140221119,14.0275519490242,362.183709949255,0,102.921254277229,762.337457090616,10046.2018121779,1593.6603615284,0,83.760239392519,1308.77595990896,241.499104678631,4188.50873023272,122.854468256235,1956.06708177924,12.447916328907,430.929432868958,1.65860468149185,427.209484577179,1.01634073257446,3.10334855318069,65.4164810776711,245.341393738985,9.11318576335907,6.3191152215004,0,7.55947685241699,0,49.7431228756905,1409.91986951232,3353.39965727925,0,0,0.630266964435577,4.97132778167725,0.856019079685211,504.861038923264,0,87.6707081794739,60.2340325117111,486.462176412344,0,4.14641845226288,0,178.500555366278,0,33.1868757903576,1.55629014968872,239.878717809916,0,4.68000787496567,0,324.27507147193,0,0,0,0,0,14.9415871500969,0,38.1066609919071,0,2.0069771707058,0,0,0,0,0,0,0,0,0,0,0,0,0,0,0,0
1.85676568746567,0,5.86106836795807,0,13.6109191179276,0,4.20420813560486,0,1.84203273057938,0,0.790294945240021,0,2.03362396359444,0,4.60588020086288,0,1.09521758556366,0,34.2758768498898,0,1.26381683349609,0.85691237449646,11.3012381792068,0,1.14630627632141,0,0.896342575550079,0,286.673307031393,0,10.8087995648384,0,40.1300535202026,1.67775142192841,182.260505080223,106.158104360104,1174.47594466805,57.9011403918266,1449.55559149384,77.2769874930382,97.3236137926579,4.24315500259399,6628.23962447047,314.758951723576,1660.09781950712,83.760239392519,0,75.5578832626343,673.017663121223,19.3418560028076,1757.59847855568,1.88799291849136,2279.7701626718,5.6091735959053,3831.52992203832,30.8546597957611,3.94145721197128,0,35.4401601552963,9.6424149274826,25.9239598810673,2.46745157241821,2.64639794826508,0,14.7022465467453,4.17076146602631,1381.02315679193,276.354565829039,0,0,22.1327916383743,0,140.218102693558,7.12368714809418,12.704019010067,0,521.889813125134,39.3828635215759,0,0,104.097225874662,1.77706211805344,331.076113939285,0,321.032500475645,1.1232682466507,294.989908069372,0,1483.50754588842,2.6221216917038,428.139017879963,0,0,0,24.0768740475178,1.23663139343262,12.4345886707306,0,406.890899479389,0,0,0,0,0,0,3.15928691625595,0,0,0,24.8728963136673,0,0,0,0,0,0
0.583897233009338,31.0368291735649,0,15.6147169470787,0,0,0,2.13556677103043,0,0,0,1.03941214084625,0,1.06822550296783,0,0.955572783946991,0,2.59652197360992,0,54.0431340932846,0,0,0,39.1604172289371,0,0,3.17114341259003,0.829045712947845,0.574280440807343,72.05656260252,0,67.9888479709625,3.22488498687744,258.277039408684,98.7693463861942,149.307179570198,92.5402053594589,816.38748934865,33.4739083647728,1320.53594657779,0,272.582217335701,1885.56762614846,8034.67391249537,86.3908128142357,1308.77595990896,75.5578832626343,0,22.4374859929085,151.124592989683,16.1274796128273,326.469012200832,1.35772573947906,2043.66612827778,6.86992564797401,2879.72492215037,1.24642896652222,19.4492168426514,9.65283691883087,42.3248973786831,1.74906718730927,14.8641230463982,0,2.98351293802261,0,17.50532117486,300.230194360018,1040.74796721339,3.09807348251343,5.83896893262863,6.97770738601685,66.6107112765312,1.05597102642059,434.272105544806,1.13123881816864,67.055177628994,62.3250026702881,1001.38697341084,0,0,0,84.3191567063332,0,154.289184838533,2.18447756767273,206.171344578266,0,108.333167523146,0,291.686505436897,1.28759908676147,8.70262253284454,1.20655262470245,3.69204267859459,4.04722392559052,30.1471804976463,1.29346027970314,161.488513052464,1.14039522409439,339.055410563946,0,0,0,8.26979365944862,1.92155799269676,7.17756128311157,2.37156969308853,3.39347332715988,1.37215709686279,36.2829841971397,1.34411185979843,0,0,0,1.09991630911827,0
3.22159218788147,0,1.31976473331451,0,0,0,16.3879451155663,0,0,0,0,0,0,0,0,0,3.97412607073784,0,2.97123438119888,0,0,0,0,0,0,0,0,0,120.759401708841,0,0,0,2.04712051153183,4.74954497814178,177.741081774235,274.28732702136,616.751683026552,53.3264709711075,199.243896812201,11.0074715614319,9.56300109624863,0,2608.49268993735,789.466066241264,3593.1234934926,241.499104678631,673.017663121223,22.4374859929085,0,105.254983812571,5243.90446981788,52.6752460002899,342.740315824747,1.22010958194733,233.25860068202,8.52295196056366,2.43121576309204,0,1283.17032766342,11.7757875323296,305.275437086821,1.40874457359314,8.47600445151329,0.751183211803436,28.434818059206,4.12281465530396,1097.39995706081,1053.46962636709,0,0,13.1644985079765,0,259.7034727633,4.20907330513,18.1585096716881,0,706.151189535856,10.7249024510384,2.26357105374336,0,176.152138769627,2.56688022613525,57.180197507143,0,285.973610967398,4.46833431720734,2.12405461072922,0,235.877927780151,0,15.2191979885101,0,0,0,15.9645741283894,0,19.0116141736507,0,3.75722223520279,0,0,0,0,0,0,0,0,0,0,3.54737716913223,0,0,0,0,0,0
0,18.9999439716339,0,22.6247394680977,0,0,0,9.21104949712753,0,0,0,0.706517517566681,0,0,0,0,0,0,0,7.76203453540802,0,0,0,0,0,0,0,0,0,59.3151725232601,0,0,2.88550913333893,8.23666650056839,136.484809696674,101.706810832024,49.182237803936,395.421921670437,7.32537806034088,81.6264723241329,0,62.5814491212368,188.894433796406,1451.59995815158,187.960271775723,4188.50873023272,19.3418560028076,151.124592989683,105.254983812571,0,42.6073344945908,4677.01084762812,2.46066117286682,528.759377628565,2.148282289505,375.243709415197,2.91662263870239,45.0245223641396,24.9783009290695,1025.02933484316,4.92976403236389,46.5678538680077,0,29.2492293119431,0,485.329160273075,473.779387235641,834.667061090469,0,0.567394554615021,5.06261438131332,4.59123259782791,0.73916620016098,325.148688614368,0,68.3943946659565,18.5538020730019,341.243687540293,0,0.676745057106018,0,167.300899833441,0,84.4775311350822,0,308.896924048662,0,10.1454192698002,0,355.532652199268,0,0,0,0,0,4.66769766807556,0,0,0,1.81860429048538,0,0,0,0,0,0,0,0,0,1.59003835916519,0,0,0,0,0,0
98.4606883525848,0,13.452987074852,0,0.820776641368866,0,433.784980416298,0,0,0,25.6344968080521,0,6.20567381381989,0,4.81611675024033,0,7.24318268895149,0,8.08296865224838,0,2.85270059108734,0,1.84690636396408,0,0,0,0.868811666965485,0.771137893199921,362.69976246357,3.04928267002106,0,1.38259887695312,0,20.0371515154839,91.4706597626209,148.48635327816,988.363464295864,107.333054870367,127.73855894804,11.7364972829819,34.5984752774239,1.45924186706543,1248.13774326444,539.240121692419,770.575804650784,122.854468256235,1757.59847855568,16.1274796128273,5243.90446981788,42.6073344945908,0,11.0667879581451,5239.1813544631,0,1316.90051615238,2.26494383811951,84.4905463457108,5.12013041973114,1179.43884092569,62.9257950782776,908.893123477697,7.73994725942612,43.7678408622742,7.22672110795975,922.243492126465,3.48003923892975,969.210405051708,793.302726328373,1.67883068323135,0.610627710819244,80.1800093352795,1.22813808917999,552.120791643858,27.3698064088821,48.1014296114445,6.15650063753128,1234.63748463988,34.2066507339478,6.39769887924194,0,425.639395177364,5.79211169481277,377.356489658356,0,2749.83033716679,4.23385053873062,70.2610934972763,0,1625.75964698195,4.07569348812103,20.147788465023,0,0,0,37.3851674199104,0,17.2893672287464,0,4.69454550743103,0,0,0,0,0,0,0,0,0,0,10.8132616281509,0,0,0,0,0,0
0,71.0543433129787,0,68.9224288165569,0,0,0,33.2272278666496,0,0,0,5.71628171205521,0,0,0,0,1.60285723209381,1.50143212080002,0,13.1089111566544,0,0,0,0,0,0,0,1.28069084882736,0,102.002902567387,0,0,4.50769066810608,19.1703793406487,53.8934880495071,37.8694204092026,35.9321550726891,548.768664091825,2.16406655311584,92.3075279593468,0,102.209386140108,38.4739010334015,509.355761617422,75.7558558285236,1956.06708177924,1.88799291849136,326.469012200832,52.6752460002899,4677.01084762812,11.0667879581451,0,0,3641.22254654765,0,1069.49622297287,1.60692381858826,96.3519271910191,14.5237692594528,1213.88003280759,5.91989803314209,25.8920267820358,0,39.9605172276497,0,399.415728449821,248.735478997231,390.03923022747,0,2.88614517450333,1.60061860084534,12.7527320384979,0,591.234455168247,0,110.469426125288,24.0253873467445,527.131175041199,0,3.73148739337921,0,387.838262468576,0,266.011958390474,0,2205.35350593925,0,50.2151312828064,0,1300.65881854296,0,0,0,0,0,35.6858443617821,0,0.737222969532013,0,25.4010893702507,0,0,0,0,0,0,0,0,0,2.59262526035309,0,0,0,0,0,0
4.67912781238556,0,0,0,1.21123141050339,0,0,0,0,0,0,0,0,0,0,0,0,0,0,0,0,0,0,0,0,0,0,0,86.5492231249809,0,0,0,0,0,15.7566559910774,20.6437694132328,229.081099927425,2.53117400407791,45.2428068518639,0,11.7130951285362,0,523.399854838848,111.823506236076,108.369840443134,12.447916328907,2279.7701626718,1.35772573947906,342.740315824747,2.46066117286682,5239.1813544631,0,0,0,2141.40306431055,0,4.56973123550415,0,3.43960586190224,0,14.9950701296329,0,2.20882225036621,0,75.6476634740829,0,210.359375506639,129.410961508751,0,0,1.58364844322205,0,88.9696044027805,0,6.60064789652824,0,176.754323601723,0.767465233802795,0,0,44.946355432272,0,78.6713637411594,0,488.792284816504,3.01601815223694,29.2864872217178,0,901.248549878597,0,17.3657299876213,0,0,0,1.62297189235687,0,0.970427811145782,0,9.05682063102722,0,0,0,0,0,0,0,0,0,0,0,0,0,0,0,0,0
0,3.39353877305984,0,0,0,0,0,0.566575050354004,0,0,0,0,0,0,0,0,0,0,0,0,0,0,0,0,0,0,0,0,0,47.0185451209545,0,0,0,0,34.0607374310493,20.2070470452309,27.9759160280228,370.774669319391,4.42897480726242,123.886399179697,0,113.613557845354,44.7101115584373,1337.00968140364,7.34183233976364,430.929432868958,5.6091735959053,2043.66612827778,1.22010958194733,528.759377628565,0,3641.22254654765,0,0,0,3653.56817787886,0,3.64282244443893,0,7.78109532594681,0,0.800408124923706,0,0,0,27.2727923989296,89.020370811224,73.8701791763306,0,0,0,0,0,239.556284457445,0,21.9492157399654,2.85859227180481,175.314965993166,0,0,0,80.7777705192566,0,135.061518102884,0,477.506245940924,0,84.5230674147606,0,974.400428384542,0,4.51661026477814,0,0,0,4.85606247186661,0,2.45277839899063,0,224.686527729034,0,0,0,0,0,0,0,0,0,0,0,0,0,0,0,0
5.1557349562645,0,0,0,2.53960788249969,0,0,0,0,0,0.466179728507996,0,0,0,1.40009725093842,0,0,0,0,0,0,0,0,0,0,0,0,0,104.574857145548,0,0,0,9.51089897751808,1.28234922885895,24.3828516602516,14.2839975953102,1265.05770033598,6.37735867500305,1942.37654155493,11.6672965288162,56.9558089077473,1.28294742107391,448.465205937624,46.4978778362274,214.392303049564,1.65860468149185,3831.52992203832,6.86992564797401,233.25860068202,2.148282289505,1316.90051615238,0,2141.40306431055,0,0,2.80090630054474,3.80189841985703,0,9.32099714875221,0,16.3306978046894,0,3.9438134431839,0,101.824322462082,0,238.713949888945,43.9862952828407,0,0,7.83569845557213,2.33689379692078,49.965151488781,0,6.61469739675522,1.21813869476318,161.761130720377,1.80856257677078,0,0,37.8767411410809,0,188.274018526077,0,346.801343977451,0,607.635502934456,0,4362.52987593412,0,61.8781856000423,0,0,0,1.88960543274879,0,1.65992683172226,0,70.9943305552006,0,0,0,0,0,0,0,0,0,0,0,0,0,0,0,0,0
0,13.5232681930065,0,1.38732028007507,0,2.19842177629471,0,5.74138802289963,0,0.97674548625946,0,0,0,0,0,0.940861761569977,0,1.14098048210144,0,0,0.727047681808472,0,0,0,0,0,0.822211146354675,0,0,33.1740481257439,0,0,0,2.66709864139557,21.7453578710556,44.980856180191,36.7495575845242,1773.29410749674,15.0430546402931,1692.07711976767,0.608833909034729,371.820303469896,65.6633769571781,575.495951205492,18.4809759259224,427.209484577179,30.8546597957611,2879.72492215037,8.52295196056366,375.243709415197,2.26494383811951,1069.49622297287,0,3653.56817787886,2.80090630054474,0,0,19.5368012785912,1.57182896137238,19.2598715126514,1.04228329658508,8.03732821345329,0,0,0,44.8671706914902,51.7265352904797,195.067829072475,0,0,4.10653299093246,10.3319846391678,0,133.799703866243,0,13.436630576849,17.4843982756138,216.785362571478,0,0,0,41.7867871522903,0,230.21761032939,0,400.315390706062,0,1452.88948398829,0.905330240726471,2873.55983734131,0,1.22763252258301,0,0,0,3.31565394997597,0,14.3703665137291,0,151.173407495022,0,0,0,0,0,0,0,0,0.814037203788757,0,0,0,0,0,0,0
9814.11014285684,159.944778054953,160.391136646271,48.5562528669834,0,0,1062.39978483319,49.0746197402477,0,0,287.282719910145,1.2574976682663,288.869147837162,0,6.66276490688324,0,2427.8254866004,6.86450624465942,384.925539910793,245.77913865447,0,0,9.90364962816238,0,0,0,0,0,1599.95642468333,14.3109624385834,4.21004557609558,0,55.5347737073898,239.939142256975,2.94748497009277,2.03049343824387,513.314530044794,4.16554749011993,90.4982079863548,5.70950102806091,0.695724666118622,0,0,1.0304890871048,1.66832876205444,1.01634073257446,3.94145721197128,1.24642896652222,2.43121576309204,2.91662263870239,84.4905463457108,1.60692381858826,4.56973123550415,0,3.80189841985703,0,0,195.500251859426,2174.96191003919,29.7590530514717,4448.70806583762,21.6619083285332,2428.42332237959,80.7201282083988,145.848869740963,3.31095027923584,350.384023070335,240.166701853275,2060.44730871916,152.623789072037,1740.34832879901,123.231715261936,2677.96684214473,80.987979143858,599.835077285767,11.8390333652496,3201.34202349186,168.096649646759,28.5401913523674,6.646564245224,165.308382332325,36.5365126729012,38.9180669188499,0,186.004465937614,1.0689138174057,0,0,84.068834900856,0,2.3568377494812,0,0,0,120.993162482977,0.611234426498413,36.287007689476,0,3.71926468610764,0,0,0,0.661311388015747,0,7.67118868231773,0,14.9577464461327,1.36636030673981,6.46827816963196,10.6359921693802,0,0,0,0,0,1.75340533256531
29.5561805665493,10824.7190442979,0.797919154167175,663.371784389019,0,0.714287042617798,0,493.271357059479,0,2.02843815088272,0,374.743551880121,0,94.9038692712784,0,11.7135673165321,1.64491331577301,2583.70339223742,55.4119043946266,716.174794405699,0,0,0,15.7748882174492,0,0,0,0,15.423743724823,343.31739154458,10.0579832792282,10.5704699158669,88.2043372988701,316.577680468559,2.28265863656998,1.57267963886261,5.03385961055756,138.907308846712,2.71759963035583,79.5641446709633,0,0,0,0,0,3.10334855318069,0,19.4492168426514,0,45.0245223641396,5.12013041973114,96.3519271910191,0,3.64282244443893,0,19.5368012785912,195.500251859426,0,100.65308958292,1690.16094279289,16.955082654953,1951.11230283976,3.85669195652008,3333.23615196347,0,474.220162183046,305.361105948687,237.683467686176,248.786992639303,1264.29961630702,72.2199127972126,642.653031021357,14.9648901820183,2399.99337780476,2.6189723610878,469.820543766022,503.174757957458,1770.59998008609,4.17453742027283,8.50492632389069,0,213.074538379908,0,7.59907028079033,0,607.055384516716,0,0,0,342.418351024389,0,0,0,0,0,71.3995096981525,0,0,0,0.600857436656952,0,0,0,0,0,1.29132574796677,0,0,5.50870382785797,6.93117374181747,0,0.379362255334854,0,0,0,1.1120742559433
650.27195250988,21.0852056145668,239.121066808701,1.28304696083069,0,0,1107.37506833673,0,0,0,87.7763487398624,0,108.226130694151,0,0,0,106.002804577351,1.26274526119232,623.176876813173,10.2465450763702,0,0,12.6022280454636,0,0,0,0,0,739.172222018242,12.6648859977722,1.23061978816986,4.57259678840637,77.1784148812294,199.13739284873,73.2743482291698,123.892998933792,697.323147028685,376.536418706179,138.237195909023,2.95956897735596,26.8798635601997,0,23.3494338989258,56.2223626971245,307.856231361628,65.4164810776711,35.4401601552963,9.65283691883087,1283.17032766342,24.9783009290695,1179.43884092569,14.5237692594528,3.43960586190224,0,9.32099714875221,1.57182896137238,2174.96191003919,100.65308958292,0,295.132136076689,6530.38344207406,66.2729024291039,531.055849462748,59.5218222737312,381.291974425316,24.8403092026711,2736.40624731779,1309.11787384748,267.655897557735,29.4806100726128,448.524432867765,62.2474265396595,1147.88774931431,92.2756769657135,215.374256253242,11.6474812030792,1956.12992173433,278.675319910049,75.8177300691605,2.15347617864609,583.09400370717,46.8385531902313,65.4979491531849,0,437.973141014576,4.62010765075684,3.04971507191658,0,218.212691664696,0,0,0,0,0,98.7142670452595,0.416477918624878,38.4091273844242,0,1.81321179866791,0,0,0,0,0,0.471276849508286,0,1.18294179439545,0,0,7.04410475492477,0,0,0,0,0,1.36419486999512
0.851925909519196,384.13053265214,0,262.637215286493,0,0,0,68.5434415638447,0,0,0,44.5589688420296,0,7.47301083803177,0,0,3.85825741291046,64.9318850934505,0.537861824035645,125.737404376268,0,0,0,4.23247742652893,0,0,0,0,6.89039698243141,308.004882752895,1.21438300609589,1.15694952011108,56.981583327055,78.477362215519,63.6035793125629,34.982486307621,125.735053837299,320.14769628644,4.56694233417511,78.5045933127403,0,12.7973263263702,11.3449161052704,22.5571141242981,46.1355456709862,245.341393738985,9.6424149274826,42.3248973786831,11.7757875323296,1025.02933484316,62.9257950782776,1213.88003280759,0,7.78109532594681,0,19.2598715126514,29.7590530514717,1690.16094279289,295.132136076689,0,29.5128444433212,3386.72336447239,1.52303731441498,1124.50207710266,2.18355476856232,2741.80281984806,585.717629462481,2054.81863451004,8.67398309707642,28.6639361977577,35.7481231987476,49.9540545940399,9.79782253503799,1033.13509720564,0.678248524665833,217.782063394785,168.709798663855,759.020373910666,5.37238168716431,32.0280551612377,9.00719648599625,738.630079865456,0,84.0979805886745,0,264.958811402321,0,6.48663723468781,0,156.51618885994,0,0,0,0,0,85.6834202408791,0.788157105445862,0,0,0,0,0,0,0,0,0,0,2.09195566177368,0,4.24741387367249,0,0,0,0,0,0
1219.44831502438,4.55693754553795,27.3994407653809,0,1.4969162940979,0,1741.30604785681,0,0,0,284.599822878838,0,347.586387753487,0,4.45845711231232,0,201.721365630627,0,22.6990614533424,2.38567191362381,0,0,0,0,0,0,0,0,548.095716297626,1.77514004707336,1.2179948091507,0.770433247089386,1.49237513542175,30.0434330701828,14.0732722878456,27.8610990643501,556.375657021999,89.7075756192207,119.970671653748,0,14.0525751709938,0,3.45788592100143,15.9100524187088,28.8614291846752,9.11318576335907,25.9239598810673,1.74906718730927,305.275437086821,4.92976403236389,908.893123477697,5.91989803314209,14.9950701296329,0,16.3306978046894,1.04228329658508,4448.70806583762,16.955082654953,6530.38344207406,29.5128444433212,0,12.0460638403893,3041.75741714239,8.46592080593109,2915.06587332487,3.27230781316757,192.284175783396,196.641693294048,11.823672413826,3.55542084574699,354.688333839178,12.9873967170715,808.779416441917,15.1226396560669,94.3135216832161,2.06040596961975,1747.62377893925,37.483724206686,56.7378617823124,0,860.212521314621,10.1130009889603,120.963039696217,0,2269.22207316756,0,6.64887887239456,0,593.670846998692,0,0,0,0,0,86.038640499115,0,32.9299383163452,0,1.56906890869141,0,0,0,1.28467035293579,0,2.62692564725876,0,0,1.63573896884918,2.59147083759308,4.20362019538879,0,0,0,0,0,0
0,1256.90504425764,0,142.314900398254,0,0,0,349.369537621737,0,1.05707347393036,0,471.59794408083,0,208.741496056318,0,6.17631953954697,0,314.66618219018,0,21.6897150874138,0,2.45539057254791,0,3.48984372615814,0,0,0,0,2.72592663764954,171.892757415771,0,2.98109292984009,12.3575963377953,40.326456785202,13.9700062870979,7.62951695919037,23.7483385801315,130.457825183868,0,31.6201991438866,0,5.95575320720673,1.33889877796173,0.733331501483917,3.9545813202858,6.3191152215004,2.46745157241821,14.8641230463982,1.40874457359314,46.5678538680077,7.73994725942612,25.8920267820358,0,0.800408124923706,0,8.03732821345329,21.6619083285332,1951.11230283976,66.2729024291039,3386.72336447239,12.0460638403893,0,3.54497909545898,3840.65247297287,3.14981508255005,2901.30244910717,154.870481133461,143.215219795704,2.70591616630554,2.82595083117485,15.7244380414486,83.5000806748867,5.33594501018524,513.821638852358,0,105.996416121721,90.124093413353,320.264590829611,0,12.8543766140938,4.84742361307144,552.063483268023,0,74.1374853253365,0,487.430148839951,0,1.70908907055855,0,147.427836418152,0,0,0,0,0,23.4116439819336,0,0.729390144348145,0,0,0,0,0,0,0,0,0,1.51008629798889,0,0.531896531581879,0,0,0,0,0,0
199.815180838108,0,8.2057009935379,0,0,0,114.636629700661,0,0,0,397.013357937336,0,519.840940594673,0,4.33778262138367,0,2105.66997697949,0,7.14390563964844,0,0,0,1.24177372455597,0,0,0,0,0,1120.04477849603,0,0,0,0.78684937953949,12.6241182088852,5.40982061624527,4.78242588043213,100.127987980843,7.45528304576874,45.6062665581703,0,0.560261130332947,0,1.37068769335747,0,0.850957810878754,0,2.64639794826508,0,8.47600445151329,0,43.7678408622742,0,2.20882225036621,0,3.9438134431839,0,2428.42332237959,3.85669195652008,531.055849462748,1.52303731441498,3041.75741714239,3.54497909545898,0,3.74488830566406,657.52806776762,0,61.0517510175705,19.2991655468941,12.5847182273865,0.837189912796021,145.553534567356,15.899673640728,507.84932872653,3.02537214756012,46.6476898789406,0,609.667220681906,11.7001336216927,99.2291679978371,0,3172.98421284556,0,74.891448199749,0,2005.87642562389,0,1.70772558450699,0,264.393193095922,0,0,0,0,0,26.1795237064362,0.71271026134491,13.6480394899845,0,0,0,0,0,0,0,4.31538474559784,0,1.96231973171234,0,0,1.83382612466812,0,0,0,0,0,0
0,600.350415289402,0,112.950530529022,0,0,0,177.146774232388,0,6.13088494539261,0,608.037933826447,0,289.457519561052,0,34.4672713577747,0.78068083524704,2604.88644760847,0,57.0555639863014,0,1.75616300106049,0,24.4315139651299,0,0,0,0,7.74343621730804,833.128704071045,1.20383191108704,1.48431718349457,18.8597783744335,150.208946108818,17.752414047718,13.6675205826759,9.44065397977829,21.8130303025246,0,8.70232141017914,0,0,0,0,0,7.55947685241699,0,2.98351293802261,0.751183211803436,29.2492293119431,7.22672110795975,39.9605172276497,0,0,0,0,80.7201282083988,3333.23615196347,59.5218222737312,1124.50207710266,8.46592080593109,3840.65247297287,3.74488830566406,0,0,1252.72885867953,125.778747498989,262.520234525204,16.4964469075203,24.1508966088295,32.5544552206993,127.032558500767,7.96518343687057,1097.55670878291,1.50993871688843,66.5193866491318,154.397625088692,171.27218157053,5.21183907985687,56.0123080015182,3.48488289117813,2242.26027241349,0,34.6633757650852,0,2116.28181275725,0,2.55575704574585,0,200.981821358204,0,0,0,0,0,5.64263880252838,0,0,0,0,0,0,0,0,0,0,0,0,0,0,0,0,0,0,0,0
170.742233097553,0,3.86605447530746,0,0,0,454.671238899231,0,0,0,44.3823129534721,0,47.7980578541756,0,0.726866722106934,0,11.2760537862778,0,2.50422203540802,0,0,0,0,0,0,0,0,0,140.056761711836,0,1.42456066608429,0,0,3.55525374412537,1.27602469921112,6.51218283176422,202.178921312094,12.3787221908569,36.8760324120522,0,10.8752452135086,0,4.07815200090408,4.4421294927597,3.33351987600327,0,14.7022465467453,0,28.434818059206,0,922.243492126465,0,75.6476634740829,0,101.824322462082,0,145.848869740963,0,381.291974425316,2.18355476856232,2915.06587332487,3.14981508255005,657.52806776762,0,0,1.46316242218018,23.8188462853432,18.4720913767815,0.910087168216705,0,48.9748985171318,1.7490222454071,233.719511270523,1.51881742477417,21.4034370779991,0,344.313761532307,2.37447559833527,6.50566494464874,0,419.893609762192,0,120.2885594666,0,4098.79997947812,0,19.2324136793613,0,1036.98143318295,0,0,0,0,0,21.0112352371216,0,12.9649341702461,0,0,0,0,0,0,0,0,0,0,0,0,2.39383113384247,0,0,0,0,0,0
0,704.57361882925,0,146.872098445892,0,0,0,258.421312987804,0,0,0,136.674063831568,0,61.6311938166618,0,0,0,64.4527680873871,0,16.4340901970863,0,0,0,2.78160166740417,0,0,0,0,0,117.146468997002,0,3.4247795343399,4.3376100063324,20.16349619627,15.8740719556808,2.39802795648575,16.1837720870972,245.368208825588,3.32718729972839,39.8934183120728,0,23.0468150377274,5.35348004102707,3.07884657382965,32.6501547694206,49.7431228756905,4.17076146602631,17.50532117486,4.12281465530396,485.329160273075,3.48003923892975,399.415728449821,0,27.2727923989296,0,44.8671706914902,3.31095027923584,474.220162183046,24.8403092026711,2741.80281984806,3.27230781316757,2901.30244910717,0,1252.72885867953,1.46316242218018,0,70.0042413473129,330.280696570873,0,1.54590499401093,11.2059344053268,66.0548925995827,0,567.153592675924,0,75.1926198303699,23.1337097287178,357.979781329632,0,11.278249412775,2.25315427780151,1227.03940054774,0,210.109666883945,0,4061.53036004305,0,13.4569851756096,0,701.630791962147,0,0,0,0,0,24.4988176226616,0,0,0,0,0,0,0,0,0,0,0,1.56703507900238,0,1.55585008859634,0,0,0,0,0,0
90.225311845541,73.1071946620941,172.603602170944,3.4727281332016,0,0,68.911002933979,5.11956816911697,0,0,36.5247044861317,0,34.3951380252838,0,1.60648775100708,0,21.4638811945915,4.51102334260941,2139.46267047524,57.5230171382427,2.72417011857033,0,322.947019547224,0,6.69687718153,0,2.6766437292099,0,197.664557158947,41.6860603690147,689.72497600317,15.2860493063927,4066.24170815945,856.674363523722,2828.6025570035,751.905730098486,560.246441692114,992.253109663725,442.539234995842,112.156211197376,26.8401312232018,7.10682255029678,1747.25107425451,1219.25956204534,3282.89644515514,1409.91986951232,1381.02315679193,300.230194360018,1097.39995706081,473.779387235641,969.210405051708,248.735478997231,210.359375506639,89.020370811224,238.713949888945,51.7265352904797,350.384023070335,305.361105948687,2736.40624731779,585.717629462481,192.284175783396,154.870481133461,61.0517510175705,125.778747498989,23.8188462853432,70.0042413473129,0,4910.7138761878,1237.23348069191,151.569119304419,256.829292654991,127.469266921282,366.244710326195,314.210303902626,75.830557346344,50.920327603817,1078.40058508515,565.821879804134,17.1115109324455,8.24825662374496,211.101785451174,107.623110532761,56.062836587429,0,165.641399979591,27.6513321995735,19.3957790136337,0,198.472161591053,21.9857589006424,7.78745865821838,0,0,0,32.8032815754414,0,17.840594381094,3.18364536762238,10.8547387719154,2.71382117271423,0,0,0,0,0,0,1.33169043064117,0,0,2.0327222943306,0,0,0,0,0,0
14.6486583650112,165.124964594841,0,597.1164059937,0,0,0.653967380523682,17.8966792523861,0,0,0,42.4490195214748,0,10.3035427331924,0,0,9.85679519176483,61.4043363034725,30.8934376835823,1763.01459476352,0,7.222083568573,0,335.374385476112,0,1.09656676650047,0.847586810588837,1.00006994605064,54.4966918230057,114.467791646719,15.746281683445,568.083637714386,232.880527168512,5572.60579362512,506.640479654074,1932.89893728495,593.064994245768,672.125037431717,100.389059364796,720.209308564663,2.11165952682495,53.8438085317612,606.448634594679,2311.56492048502,1690.68969023228,3353.39965727925,276.354565829039,1040.74796721339,1053.46962636709,834.667061090469,793.302726328373,390.03923022747,129.410961508751,73.8701791763306,43.9862952828407,195.067829072475,240.166701853275,237.683467686176,1309.11787384748,2054.81863451004,196.641693294048,143.215219795704,19.2991655468941,262.520234525204,18.4720913767815,330.280696570873,4910.7138761878,0,204.89305627346,377.771562457085,126.222240060568,149.121117025614,116.380670696497,696.660895496607,4.02884021401405,188.628739506006,658.768073320389,835.547238141298,11.4305973947048,12.5222277641296,54.7900379896164,484.534754067659,1.20559668540955,81.2288629114628,14.6527222692966,265.648109525442,0,29.2166804075241,55.0882348418236,250.015457570553,3.12816852331161,0,0,0,0,52.5291998386383,0,4.32598900794983,0.589272379875183,2.38375461101532,0,0,0,0,0,0,0,1.59499752521515,0,0.74769526720047,0,0,0,0,0,0
1626.65073180199,580.034981012344,206.390227049589,70.0784593820572,0,0,89.2699801921844,87.7991431355476,0,0,71.5509398877621,4.10299050807953,78.0339052677155,0,2.94973182678223,0,87.3240100443363,13.2651089727879,2219.29219028354,1061.41853949428,0,0,15.6716761291027,0.702304661273956,0,0,0,0,121.846774399281,5.34088385105133,13.0611047148705,0,876.797587126493,803.179343193769,0,6.24354657530785,246.423022001982,2.58455348014832,52.3099738359451,1.14907014369965,3.89096766710281,0,0,0.780203640460968,0,0,0,3.09807348251343,0,0,1.67883068323135,0,0,0,0,0,2060.44730871916,248.786992639303,267.655897557735,8.67398309707642,11.823672413826,2.70591616630554,12.5847182273865,16.4964469075203,0.910087168216705,0,1237.23348069191,204.89305627346,0,901.001832693815,856.602182120085,146.894835740328,792.155962496996,86.8399186730385,361.352782815695,24.2357492446899,2324.28624215722,246.405218780041,0,0,0.648626625537872,5.6763459444046,7.78258574008942,0,0,0,0,0,0,0,0,0,0,0,84.2231046557426,0,10.0444713830948,0,0,0,0,0,0,0,2.44804793596268,0,0,0,7.60045212507248,9.81182950735092,0,0,0,0,0,0
143.611568450928,1245.53549978137,0.755392611026764,198.11766564846,0,0,1.94272133708,17.1204789280891,0,0,0,32.3260341584682,0,13.2493448257446,0,0,0,52.6057222783566,276.348352760077,2678.1422984004,0,0,1.76859211921692,40.9544148147106,0,0,0,0,9.10765990614891,15.0470378398895,10.6784995794296,20.8508919477463,160.65640360117,925.211274772882,1.21290564537048,0,11.3357375860214,45.8736963272095,0,24.9367502331734,0,0,0,0,0,0,0,5.83896893262863,0,0.567394554615021,0.610627710819244,2.88614517450333,0,0,0,0,152.623789072037,1264.29961630702,29.4806100726128,28.6639361977577,3.55542084574699,2.82595083117485,0.837189912796021,24.1508966088295,0,1.54590499401093,151.569119304419,377.771562457085,901.001832693815,0,126.632129579782,325.128410995007,48.2093188166618,376.399274945259,10.9054830670357,144.163455188274,387.44541785121,1122.05592817068,0,0,1.92265975475311,6.22217220067978,0,0,0,1.84472903609276,0,0,0,0,0,0,0,0,0,16.7362450957298,0,0,0,0,0,0,0,0,0,0,0,0,0,3.30531829595566,0,0,0,0,0,0
3244.52925604582,249.904937773943,2660.12291613221,499.662170886993,1059.64318081737,229.394822359085,4772.31749212742,503.504189699888,484.938228219748,32.3032132983208,506.549941122532,60.0843815207481,1988.16773742437,108.116527318954,654.304762512445,19.6402577161789,142.081874579191,9.05285549163818,1172.03232166171,725.857126325369,699.444389224052,304.339552402496,2139.9028635323,928.870892286301,562.629877120256,318.289257287979,746.75776553154,332.917340964079,448.616631567478,12.6500868797302,1250.29606175423,534.476909071207,313.208979249001,253.359114706516,38.9637135863304,1.36572110652924,446.194557845592,28.5967279672623,46.4611423611641,3.56361106038094,318.777258574963,38.1592762470245,3.59279736876488,2.48893225193024,8.07830113172531,0.630266964435577,22.1327916383743,6.97770738601685,13.1644985079765,5.06261438131332,80.1800093352795,1.60061860084534,1.58364844322205,0,7.83569845557213,4.10653299093246,1740.34832879901,72.2199127972126,448.524432867765,35.7481231987476,354.688333839178,15.7244380414486,145.553534567356,32.5544552206993,48.9748985171318,11.2059344053268,256.829292654991,126.222240060568,856.602182120085,126.632129579782,0,611.433178752661,5508.23101705313,169.766070455313,3068.98731541634,119.781487077475,7663.68823373318,408.768552601337,2.66561299562454,0,51.9212592244148,28.7038213014603,20.7645299434662,1.20782899856567,97.0858614444733,0.857845306396484,8.31273204088211,1.74222236871719,38.5239189267159,1.99440109729767,41.309004843235,11.9713729023933,13.2425263524055,2.32805049419403,251.976188659668,22.1402432918549,37.3132515847683,3.73987138271332,9.38578844070435,3.23344093561172,6.66917532682419,1.22612571716309,36.6327233612537,10.7011760473251,154.906134665012,48.3340715169907,27.919242978096,10.248820245266,57.8181329667568,48.4322250783443,10.852108746767,0,7.5222452878952,1.09335684776306,0.751745641231537,25.0516888201237
185.011233955622,2797.52387592196,420.971184492111,2758.30834391713,112.270882278681,1785.27472576499,457.328511655331,4216.25265523791,12.2775707244873,1137.50775757432,29.3152577877045,652.156832933426,84.5350198745728,1293.84733399749,15.2448242902756,580.678386479616,13.0212510824203,240.615964233875,531.514156877995,1020.25399926305,43.395792901516,368.370956003666,706.327929317951,2171.25054335594,138.322245925665,597.348189264536,144.357159435749,710.903408944607,33.424577832222,89.184621065855,233.823548674583,710.845691800117,45.9136890769005,215.227849960327,3.6216995716095,8.22929406166077,18.4257168471813,322.835224866867,13.0331659317017,94.2240808010101,28.3904731869698,292.38109344244,0,0.637277066707611,0,4.97132778167725,0,66.6107112765312,0,4.59123259782791,1.22813808917999,12.7527320384979,0,0,2.33689379692078,10.3319846391678,123.231715261936,642.653031021357,62.2474265396595,49.9540545940399,12.9873967170715,83.5000806748867,15.899673640728,127.032558500767,1.7490222454071,66.0548925995827,127.469266921282,149.121117025614,146.894835740328,325.128410995007,611.433178752661,0,142.781092703342,5216.52005633712,69.1289263367653,4202.70857515931,297.908849805593,9994.24485677481,0,1.35715889930725,1.22709774971008,45.8330225646496,7.05705577135086,5.05132526159286,0,201.206885129213,9.06298607587814,23.979877948761,6.77344173192978,96.8814390003681,60.684299737215,59.6599733233452,6.23165589570999,32.5539964139462,38.6916238367558,223.663535088301,25.8748699426651,11.7628371417522,20.4246335625648,28.9472018778324,14.69369328022,8.27867355942726,22.3173824250698,51.8700350224972,42.9192349016666,147.994695961475,10.9766340553761,16.5660801529884,153.768985599279,75.7909071743488,10.0537374615669,0.917083382606506,3.14352965354919,7.14257988333702,8.84087979793549,29.7343929111958
2829.07558807731,85.0280408263206,1877.63865974545,81.4300128519535,977.041641026735,9.42467141151428,1416.66448152065,98.3498165309429,1147.69434535503,1.06033384799957,340.854607284069,10.5292407870293,1496.99288877845,15.6234472692013,1544.68117645383,0.75085175037384,727.23480412364,1.15801030397415,1042.27928283811,315.447418838739,143.936555922031,14.1736822724342,816.523326992989,143.769257962704,188.825172960758,12.5193542838097,186.154061406851,13.5326523780823,2317.85236379504,2.41308856010437,141.853827506304,70.5204629600048,85.8986398279667,109.139676243067,15.7358039021492,26.0749444365501,815.244451105595,40.9963430762291,107.061519742012,5.24942606687546,675.079048961401,49.3763688206673,81.0596884191036,6.44184172153473,129.93616348505,0.856019079685211,140.218102693558,1.05597102642059,259.7034727633,0.73916620016098,552.120791643858,0,88.9696044027805,0,49.965151488781,0,2677.96684214473,14.9648901820183,1147.88774931431,9.79782253503799,808.779416441917,5.33594501018524,507.84932872653,7.96518343687057,233.719511270523,0,366.244710326195,116.380670696497,792.155962496996,48.2093188166618,5508.23101705313,142.781092703342,0,45.8553266525269,3093.42607542872,86.0906907320023,2882.44200873375,63.7669153809547,64.4589022397995,0,481.364708155394,1.29344344139099,242.214952528477,0,231.875555723906,0,51.9790724515915,0,89.8103637397289,1.60854041576385,53.8000352680683,33.8888718783855,18.6300361454487,4.05186855792999,147.696210443974,26.7031331658363,53.5001256465912,5.11589235067368,21.9662791490555,11.9725016951561,4.82886204123497,3.3768715262413,23.9908130466938,19.4014799594879,109.283691197634,36.985237300396,32.5068573653698,9.56007277965546,38.6521408855915,19.4067997336388,9.25493636727333,0,4.45023685693741,0.65101146697998,0.442635327577591,17.8361693620682
85.3953818380833,2976.46187996864,106.405139923096,2022.64904645085,8.36162877082825,1303.98850506544,152.763129353523,1281.04852750897,0,1629.14397484064,7.20065355300903,1534.99652284384,22.4975036978722,1803.78528031707,2.50075364112854,3359.51802220941,0.486029744148254,1920.42154717445,276.051011681557,961.17232260108,5.88662296533585,170.629874169827,211.968445241451,1075.09210622311,8.18875062465668,155.368889272213,16.6738910079002,523.139796942472,7.29948973655701,4770.22167858481,74.8857938051224,138.629376202822,60.2131541371346,191.495546221733,27.6297971308231,33.8708400130272,46.795416623354,297.021108776331,5.90879034996033,25.9826136827469,4.31963992118835,1672.99614775181,49.3619083464146,145.653826475143,32.5718719363213,504.861038923264,7.12368714809418,434.272105544806,4.20907330513,325.148688614368,27.3698064088821,591.234455168247,0,239.556284457445,0,133.799703866243,80.987979143858,2399.99337780476,92.2756769657135,1033.13509720564,15.1226396560669,513.821638852358,3.02537214756012,1097.55670878291,1.51881742477417,567.153592675924,314.210303902626,696.660895496607,86.8399186730385,376.399274945259,169.766070455313,5216.52005633712,45.8553266525269,0,18.5741349458694,1727.62189257145,252.58927962184,1585.66781806946,0.659028470516205,76.2509177625179,2.39009249210358,964.883635908365,1.49364745616913,341.361076176167,1.07970452308655,962.123397827148,0,44.9234363436699,0,360.764459997416,15.9098029732704,10.5689536333084,3.04972687363625,9.69218876957893,6.65993624925613,46.0643227100372,6.59043395519257,1.05041056871414,5.37318325042725,20.7806215286255,1.026939868927,3.15508353710175,4.10442924499512,24.8382401168346,10.5657279789448,44.5000917315483,1.29643523693085,4.76796144247055,32.7282362282276,22.5206515192986,6.88162112236023,0,0.40671518445015,1.91047728061676,2.45863518118858,12.3252918124199
911.905445367098,27.7065518498421,796.866463541985,26.6454375386238,70.4115217924118,0,585.805292755365,27.4670725464821,74.4892691969872,0,16.6074301600456,2.33096706867218,305.543074548244,2.43258500099182,151.118727385998,0,85.6316905021667,0,622.018884569407,115.912435084581,58.7543096542358,3.84284162521362,400.813191175461,39.1065769195557,11.2493280768394,0,3.23563975095749,8.03910577297211,114.077736228704,0,43.2908689975739,15.320238173008,40.5647526979446,43.0634881854057,1.28312665224075,1.4337477684021,1075.21093645692,19.8580001294613,160.010631531477,34.9094162583351,277.178824007511,29.7091073989868,2.34823799133301,0.96287202835083,13.99768191576,0,12.704019010067,1.13123881816864,18.1585096716881,0,48.1014296114445,0,6.60064789652824,0,6.61469739675522,0,599.835077285767,2.6189723610878,215.374256253242,0.678248524665833,94.3135216832161,0,46.6476898789406,1.50993871688843,21.4034370779991,0,75.830557346344,4.02884021401405,361.352782815695,10.9054830670357,3068.98731541634,69.1289263367653,3093.42607542872,18.5741349458694,0,109.940784811974,1856.02686920762,78.7122303843498,0,0,6.26287820935249,0,22.7268776893616,3.59308624267578,10.6624825596809,0,47.2159650921822,3.91530001163483,31.6706674993038,0,120.522493332624,202.11103734374,55.0532325804234,46.2445849776268,369.204986512661,93.5309202373028,62.32383659482,41.0516924858093,46.1891691088676,93.5456400811672,24.4149429798126,32.3005636930466,60.4409476518631,104.170222997665,178.652330249548,106.788094818592,70.1381806433201,47.6580900847912,84.1979391872883,55.088585704565,33.4542332291603,6.84963610768318,9.66230553388596,3.95481464266777,10.2519656121731,36.1167089343071
27.3062125146389,1049.92176350951,36.3387424945831,844.017085015774,0,67.9318148195744,40.2911288738251,431.789778321981,0,129.11680328846,3.88076901435852,79.097685277462,5.73743897676468,195.305943578482,0,161.880340844393,0,83.9821365475655,111.268285393715,496.61917424202,1.98287755250931,8.69392645359039,67.0963768362999,427.402802705765,0,5.06791180372238,2.24931669235229,10.5078648924828,0.92414528131485,31.0832073092461,29.7575822472572,42.3808373808861,8.34655666351318,74.9414460659027,9.82451730966568,8.66770502924919,61.7485892772675,489.091152518988,32.2610913813114,93.6269005537033,37.445481300354,153.845862329006,3.85570251941681,16.6206882297993,1.51506555080414,87.6707081794739,0,67.055177628994,0,68.3943946659565,6.15650063753128,110.469426125288,0,21.9492157399654,1.21813869476318,13.436630576849,11.8390333652496,469.820543766022,11.6474812030792,217.782063394785,2.06040596961975,105.996416121721,0,66.5193866491318,0,75.1926198303699,50.920327603817,188.628739506006,24.2357492446899,144.163455188274,119.781487077475,4202.70857515931,86.0906907320023,1727.62189257145,109.940784811974,0,73.7879051268101,1688.64010486007,0,0,0,35.5021833777428,3.50035917758942,5.70469284057617,0,119.257884323597,7.83725166320801,17.9263277053833,1.47927448153496,53.5770924687386,245.024849891663,98.0870309770107,58.095806479454,40.6045243144035,40.0365161001682,150.780992209911,63.1424385309219,19.8957334458828,71.0897967219353,57.0759057104588,28.9634893536568,17.821424394846,70.704131603241,70.7188652157784,50.0154930353165,119.122798591852,34.8282476961613,24.2233571708202,77.678605735302,33.8251748085022,13.1941164135933,2.07946807146072,8.57149118185043,3.49065065383911,8.43287083506584,20.7919201254845
3509.67105147243,813.413599938154,1932.0179015696,191.140968382359,117.572732746601,0,1804.97426834702,268.704353630543,169.011987000704,0.674595773220062,150.813014239073,43.3998396992683,916.153908371925,17.1311410367489,345.536899417639,0.506637454032898,162.461181819439,58.8886376619339,2386.00580006838,814.119955897331,26.521025121212,0,868.773863226175,69.1178322732449,14.69109120965,0,16.4411218166351,3.21873164176941,463.301350176334,24.4382750689983,181.702878117561,47.6574313342571,233.327713131905,348.260138064623,67.353575617075,96.3021769225597,4984.36020699143,161.906902641058,229.043915778399,48.5512552559376,463.225280702114,2.32795262336731,254.718256443739,93.6528642177582,431.939073860645,60.2340325117111,521.889813125134,62.3250026702881,706.151189535856,18.5538020730019,1234.63748463988,24.0253873467445,176.754323601723,2.85859227180481,161.761130720377,17.4843982756138,3201.34202349186,503.174757957458,1956.12992173433,168.709798663855,1747.62377893925,90.124093413353,609.667220681906,154.397625088692,344.313761532307,23.1337097287178,1078.40058508515,658.768073320389,2324.28624215722,387.44541785121,7663.68823373318,297.908849805593,2882.44200873375,252.58927962184,1856.02686920762,73.7879051268101,0,662.257459938526,8.60934150218964,0,244.835966974497,81.568252146244,165.20642721653,4.51949203014374,307.282139390707,24.1990542709827,175.692070066929,1.02157324552536,255.828300952911,11.6000720262527,221.369414240122,45.2576687335968,127.183408588171,24.3828509449959,1193.44306877255,132.049469083548,393.089297443628,17.6630925536156,56.902235865593,21.0725479424,47.0855062007904,4.82248610258102,209.083392113447,32.6833540797234,623.963388472795,176.660346895456,84.9208981394768,37.515396386385,254.223456352949,1108.3523888588,47.5717532932758,13.2449997663498,39.4981495141983,27.0231666564941,19.7499460577965,97.7045234441757
185.677826106548,5021.58274659514,95.3103433847427,3112.14875480533,0,146.789949953556,126.103321820498,2036.58396062255,1.01299464702606,247.438175231218,15.2855240106583,309.341021895409,7.66910755634308,661.706685483456,0,299.401052892208,3.73925817012787,187.781812995672,509.444971680641,2576.09526064992,0,25.5868343114853,96.3155199885368,1367.19618216157,0,9.32104983925819,10.4011856913567,41.7393003106117,19.3842535018921,99.807200551033,110.71624070406,157.892583876848,86.8028370141983,343.522145837545,59.690912425518,61.943067908287,104.040742844343,5318.85118752718,45.2529019415379,331.270971149206,4.55998706817627,302.751953303814,39.8889642655849,179.764976143837,30.9443717598915,486.462176412344,39.3828635215759,1001.38697341084,10.7249024510384,341.243687540293,34.2066507339478,527.131175041199,0.767465233802795,175.314965993166,1.80856257677078,216.785362571478,168.096649646759,1770.59998008609,278.675319910049,759.020373910666,37.483724206686,320.264590829611,11.7001336216927,171.27218157053,2.37447559833527,357.979781329632,565.821879804134,835.547238141298,246.405218780041,1122.05592817068,408.768552601337,9994.24485677481,63.7669153809547,1585.66781806946,78.7122303843498,1688.64010486007,662.257459938526,0,0.847617864608765,0,16.0413806438446,58.7326303124428,0.931138098239899,129.472809880972,0,225.724235504866,0,265.224610835314,0,207.264839082956,131.465013951063,295.161364287138,31.4431023597717,194.333292126656,174.532026827335,829.240345656872,53.4941275119781,71.3805800080299,35.911485761404,104.919160217047,15.3331812620163,35.8853261470795,77.2503672540188,211.297582745552,144.01100987196,629.229486763477,47.7179215550423,63.3177155256271,550.895645052195,1160.95092409849,46.2136928737164,11.1369895935059,30.0196108520031,40.0691800713539,47.1824973523617,107.043131768703
2.83094346523285,0,0.873297035694122,0,0,0,2.1957916021347,0,0,0,6.12556791305542,0,20.0444652438164,0,0,0,427.085304319859,0,0.492052346467972,0,0,0,0,0,0,0,0,0,545.427888125181,0,0,0,0,0,0.660144150257111,1.75970304012299,4.03219366073608,0,2.41731631755829,0,0,0,0.583988070487976,0,1.79724276065826,0,0,0,2.26357105374336,0,6.39769887924194,0,0,0,0,0,28.5401913523674,4.17453742027283,75.8177300691605,5.37238168716431,56.7378617823124,0,99.2291679978371,5.21183907985687,6.50566494464874,0,17.1115109324455,11.4305973947048,0,0,2.66561299562454,0,64.4589022397995,0.659028470516205,0,0,8.60934150218964,0.847617864608765,0,0,1092.44319555163,0,19.8280993103981,0,34.0183431506157,0,0,0,2.4253905415535,0,0,0,0,0,1.66334301233292,0,0,0,0,0,0,0,0,0,0,0,0,0,0,0,0,0,0,0,0,0
0,6.62388128042221,0,0,0,0,0,0,0,0,0,3.8068675994873,0,2.05542039871216,0,0,0,19.2612645626068,0,0.978109121322632,0,0,0,0,0,0,0,0,0,225.339234054089,0,1.50425755977631,0,5.32794380187988,0.56461888551712,0,0,0.695332288742065,0,0,0,0,0,0.656781494617462,0,4.14641845226288,0,0,0,0.676745057106018,0,3.73148739337921,0,0,0,0,6.646564245224,8.50492632389069,2.15347617864609,32.0280551612377,0,12.8543766140938,0,56.0123080015182,0,11.278249412775,8.24825662374496,12.5222277641296,0,0,0,1.35715889930725,0,76.2509177625179,0,0,0,0,0,0,0,342.152976244688,0,27.491097599268,0,1.64136597514153,0,0,0,1.11529278755188,0,0,0,0,0,0,0,0,0,0,0,0,0,0,0,0,0,0,0,0,0,0,0,0,0,0
65.6158882975578,1.09595215320587,11.6207249760628,0,6.00671917200089,0,54.3982427716255,0,3.07541841268539,0,162.795051336288,0,580.207219064236,0,17.5377771854401,0,1635.94245585799,0,2.46130764484406,0,0,0,1.06078815460205,0,0.62638646364212,0,0,0,1278.87177455425,0,1.43708217144012,0,0,9.79124885797501,16.7787660062313,24.753600358963,111.951425820589,5.241530418396,15.1911722123623,0,10.3226590156555,0,53.8547886908054,0.731702625751495,68.1375050544739,0,104.097225874662,0,176.152138769627,0,425.639395177364,0,44.946355432272,0,37.8767411410809,0,165.308382332325,0,583.09400370717,9.00719648599625,860.212521314621,4.84742361307144,3172.98421284556,3.48488289117813,419.893609762192,2.25315427780151,211.101785451174,54.7900379896164,0.648626625537872,1.92265975475311,51.9212592244148,1.22709774971008,481.364708155394,2.39009249210358,6.26287820935249,0,244.835966974497,16.0413806438446,1092.44319555163,0,0,2.13173913955688,1384.60473191738,0,5016.99009001255,0,37.1504613757133,0,117.5085311234,0,3.38456004858017,0,0,0,11.5639651417732,0,2.59255468845367,0,0.687195122241974,0,0,0,0,0,0,0,0,0,0,0.879938006401062,0,0,0,0,0,0
0,106.512190490961,0,20.1715788245201,0,0,0,29.1986839175224,0,0,0,74.7091522216797,0,42.0119602680206,0,2.39867603778839,0,189.78525531292,0,7.81996315717697,0,0,0,1.77054512500763,0,0,0,0,0.578699767589569,787.006261259317,0,0,16.4632560610771,116.400731295347,23.0508736073971,34.1108000278473,8.59067749977112,72.9115313887596,0,14.7150936126709,0,15.5730845332146,7.08058401942253,26.4679102301598,5.98951125144958,178.500555366278,1.77706211805344,84.3191567063332,2.56688022613525,167.300899833441,5.79211169481277,387.838262468576,0,80.7777705192566,0,41.7867871522903,36.5365126729012,213.074538379908,46.8385531902313,738.630079865456,10.1130009889603,552.063483268023,0,2242.26027241349,0,1227.03940054774,107.623110532761,484.534754067659,5.6763459444046,6.22217220067978,28.7038213014603,45.8330225646496,1.29344344139099,964.883635908365,0,35.5021833777428,81.568252146244,58.7326303124428,0,342.152976244688,2.13173913955688,0,0,2412.7239869833,0,3604.2297501564,0,69.2950815558434,0,181.310562759638,0,0,0,0,0,2.70307850837708,0,0,0,3.46771866083145,0,0,0,0,0,0,0,0,0,0,0,0,0,0,0,0
22.5403544008732,0,4.95245844125748,0.652742207050323,27.0368267595768,0,2.60062670707703,0,15.2634103894234,0,8.92864990234375,0,15.4977866411209,0,30.0364503264427,0,95.144751906395,0,10.8090915679932,2.1594033241272,13.8825000524521,0,0,0,0.581643044948578,0,6.2942408323288,2.01230549812317,1060.91490799189,0,0,0,0,2.05086517333984,7.87943893671036,7.14714908599854,577.487167060375,0,134.046043485403,0,551.461755871773,0.717417538166046,52.4114807248116,0,19.3524011075497,0,331.076113939285,0,57.180197507143,0,377.356489658356,0,78.6713637411594,0,188.274018526077,0,38.9180669188499,0,65.4979491531849,0,120.963039696217,0,74.891448199749,0,120.2885594666,0,56.062836587429,1.20559668540955,7.78258574008942,0,20.7645299434662,7.05705577135086,242.214952528477,1.49364745616913,22.7268776893616,3.50035917758942,165.20642721653,0.931138098239899,19.8280993103981,0,1384.60473191738,0,0,0,1075.51278930902,0,882.730425089598,0,141.496867775917,0,2.40125435590744,0,0,0,1.30698561668396,0,0,0,9.46700018644333,0,0,0,0,0,0,0,0,0,0,0,0,0,0,0,0,0
0,0,0,0,0,42.7738531529903,0,0,0,5.17100697755814,0,1.58496785163879,0,0,0,17.2004596590996,0,4.13081473112106,0,0,0,70.478043794632,0,0,0,0,0,45.6792556941509,0,327.000681608915,0,0,0,5.81645268201828,3.60561686754227,8.85881716012955,0.476335406303406,876.722297370434,0,177.799856543541,1.06338655948639,2424.21953722835,1.52298247814178,76.7114549875259,0,33.1868757903576,0,154.289184838533,0,84.4775311350822,0,266.011958390474,0,135.061518102884,0,230.21761032939,0,7.59907028079033,0,84.0979805886745,0,74.1374853253365,0,34.6633757650852,0,210.109666883945,0,81.2288629114628,0,0,1.20782899856567,5.05132526159286,0,341.361076176167,3.59308624267578,5.70469284057617,4.51949203014374,129.472809880972,0,27.491097599268,0,2412.7239869833,0,0,0,891.695255666971,0,1312.03783261776,0,155.664705038071,0,0,0,0,0,0,0,0.687632620334625,0,0.737383008003235,0,0,0,0,0,0,0,0,0,1.17552173137665,0,0,0,0,0,0
520.501592814922,0,4.94100958108902,0,4.48478400707245,0,363.006170094013,0,0.936995983123779,0,400.13758713007,0,778.417873740196,0,6.63512289524078,0,153.353003799915,0,0,0,0,0,0,0,0,0,2.66709345579147,0,319.237884193659,0,1.26350378990173,0,0.620802640914917,0.654306709766388,21.0316798985004,22.2389340400696,151.172913640738,8.48360985517502,43.7230744957924,0,18.5636171102524,0,102.628971546888,0,105.434498697519,1.55629014968872,321.032500475645,2.18447756767273,285.973610967398,0,2749.83033716679,0,488.792284816504,0,346.801343977451,0,186.004465937614,0,437.973141014576,0,2269.22207316756,0,2005.87642562389,0,4098.79997947812,0,165.641399979591,14.6527222692966,0,0,97.0858614444733,0,231.875555723906,1.07970452308655,10.6624825596809,0,307.282139390707,0,34.0183431506157,0,5016.99009001255,0,1075.51278930902,0,0,0,645.882542610168,0,6593.55562639236,0,6.44293442368507,0,0,0,4.88616281747818,0,4.04347205162048,0,8.02864792943001,0,0,0,0,0,0,0,0,0,0,0,0,0,0,0,0,0
0,1237.1509718895,0,134.043759077787,0,0,0,737.196720480919,0,0,0,198.408234119415,0,69.2745561301708,0,0,0,155.205118894577,0,7.02328222990036,0,0,0,0.800414025783539,0,0,0,0.722888708114624,0,123.546205043793,0,2.64182448387146,3.82352203130722,27.8301042318344,17.8397318720818,18.0590634942055,6.47512477636337,289.597832202911,0,74.3976166844368,0,65.1546884179115,15.5417007505894,78.8823919594288,14.1903886198997,239.878717809916,1.1232682466507,206.171344578266,4.46833431720734,308.896924048662,4.23385053873062,2205.35350593925,3.01601815223694,477.506245940924,0,400.315390706062,1.0689138174057,607.055384516716,4.62010765075684,264.958811402321,0,487.430148839951,0,2116.28181275725,0,4061.53036004305,27.6513321995735,265.648109525442,0,1.84472903609276,0.857845306396484,201.206885129213,0,962.123397827148,0,119.257884323597,24.1990542709827,225.724235504866,0,1.64136597514153,0,3604.2297501564,0,891.695255666971,0,0,0,987.909513682127,0,5305.70288673043,0,0,0,0,0,11.428902387619,0,0,0,1.33112734556198,0,0,0,0,0,0,0,0,0,0,0,0,0,0,0,0
0,0,0,0,4.27577471733093,0,0,0,0.666904091835022,0,0,0,0,0,3.1433886885643,0,0.866456031799316,0,0,0,0.862021625041962,0,0,0,0,0,3.66707009077072,0,175.014682292938,0,0,0,0,0,3.06685101985931,0.886751890182495,1629.11184057593,0,375.619843006134,0,711.737991690636,4.30326694250107,19.2754474878311,0,2.33993074297905,0,294.989908069372,0,2.12405461072922,0,70.2610934972763,0,29.2864872217178,0,607.635502934456,0,0,0,3.04971507191658,0,6.64887887239456,0,1.70772558450699,0,19.2324136793613,0,19.3957790136337,0,0,0,8.31273204088211,9.06298607587814,51.9790724515915,0,47.2159650921822,7.83725166320801,175.692070066929,0,0,0,37.1504613757133,0,882.730425089598,0,645.882542610168,0,0,0,1683.799580127,0,0.632343232631683,0,0,0,0.764053344726562,0,1.73693868517876,0,3.52940195798874,0,0,0,0,0,0,0,0,0,0,0,0,0,0,0,0,0
0,0,0,0,0,1.85975950956345,0,0,0,0.892340242862701,0,0,0,0,0,0,0,0,0,0,0.69168496131897,0.998906195163727,0,0,0,0,0,2.44478416442871,0,11.4636153578758,0,0,0,0,0,11.4013804793358,0,1560.33165803552,0,377.568951517344,7.31500488519669,1913.98500809073,0,44.8864494264126,0,4.68000787496567,0,108.333167523146,0,10.1454192698002,0,50.2151312828064,0,84.5230674147606,0,1452.88948398829,0,0,0,6.48663723468781,0,1.70908907055855,0,2.55575704574585,0,13.4569851756096,0,29.2166804075241,0,0,1.74222236871719,23.979877948761,0,44.9234363436699,3.91530001163483,17.9263277053833,1.02157324552536,265.224610835314,0,0,0,69.2950815558434,0,1312.03783261776,0,987.909513682127,0,0,0,2054.39394879341,0,0,0,0,0,1.58074355125427,0,1.79182395339012,0,0.534082293510437,0,0,0,0,0,0,0,0,0,0.708920776844025,0,0,0,0,0,0
183.826570689678,0,1.08059442043304,0,1.39337110519409,0,96.0555858612061,0,0,0,102.118429005146,0,122.204328656197,0,1.45333003997803,0,31.3193287849426,0,0,0,0.699829697608948,0,0,0,0,0,0,0,80.2731298208237,0,0,0,0,4.53496658802032,27.3826131820679,28.4579363763332,1032.11235383153,10.7200579047203,634.924283236265,1.53601610660553,77.7465896308422,1.53826534748077,306.681033492088,9.51175332069397,139.066757678986,0,1483.50754588842,0,235.877927780151,0,1625.75964698195,0,901.248549878597,0,4362.52987593412,0.905330240726471,84.068834900856,0,218.212691664696,0,593.670846998692,0,264.393193095922,0,1036.98143318295,0,198.472161591053,55.0882348418236,0,0,38.5239189267159,6.77344173192978,89.8103637397289,0,31.6706674993038,1.47927448153496,255.828300952911,0,2.4253905415535,0,117.5085311234,0,141.496867775917,0,6593.55562639236,0,1683.799580127,0,0,0,21.3808172345161,0,0,0,0.496986657381058,0,1.91302037239075,0,26.3010642826557,0,0,0,0,0,0.691716730594635,0,0,0,0,0,0,0,0,0,0,0
0,560.530453652143,0,36.3854368329048,0,0.722988128662109,0,306.767793178558,0,0,0,10.7445057034492,0,3.88939046859741,0,0,0,29.0757790803909,0,0,0,0,0,0,0,0,0,0,0,50.7304519712925,0,0,0,14.8687898814678,28.164860278368,24.8861028552055,6.88670688867569,800.578661710024,0,202.50040307641,0,145.8054279387,22.0014104247093,129.674796015024,10.8812565803528,324.27507147193,2.6221216917038,291.686505436897,0,355.532652199268,4.07569348812103,1300.65881854296,0,974.400428384542,0,2873.55983734131,0,342.418351024389,0,156.51618885994,0,147.427836418152,0,200.981821358204,0,701.630791962147,21.9857589006424,250.015457570553,0,0,1.99440109729767,96.8814390003681,1.60854041576385,360.764459997416,0,53.5770924687386,11.6000720262527,207.264839082956,0,1.11529278755188,0,181.310562759638,0,155.664705038071,0,5305.70288673043,0,2054.39394879341,0,0,0,0,0,0,0,4.06055992841721,0,0,0,3.6916406750679,0,0,0,0,0,0,0,0,0,0,0,0,0,0,0,0
0,0,0,0,0,0,0,0,0,0,0,0,0,0,0,0,0,0,0,0,0,0,0,0,0,0,0,0,6.91946029663086,0,0,0,0,0,0,0,98.4596587717533,58.4296938478947,155.120021313429,67.7436072528362,2.58913099765778,0,362.864966213703,0,18.4977937340736,0,428.139017879963,1.28759908676147,15.2191979885101,0,20.147788465023,0,17.3657299876213,0,61.8781856000423,0,2.3568377494812,0,0,0,0,0,0,0,0,0,7.78745865821838,3.12816852331161,0,0,41.309004843235,60.684299737215,53.8000352680683,15.9098029732704,120.522493332624,245.024849891663,221.369414240122,131.465013951063,0,0,3.38456004858017,0,2.40125435590744,0,6.44293442368507,0,0.632343232631683,0,21.3808172345161,0,0,659.686214089394,2067.55950751901,126.315169334412,430.255058348179,282.731003969908,1893.15803679824,165.27864959836,3431.61471882463,387.38649508357,654.184995889664,113.279852569103,1364.91790902615,529.281755685806,1202.93469437957,329.285199731588,647.894981920719,138.982717961073,41.8446710407734,35.9631247222424,239.777189254761,38.9774412810802,112.358397424221,36.8240234553814,18.6755428016186,22.7704619169235
0,0,0,0,0,0,0,0,0,0,0,0,0,0,0,0,0,0,0,0,0,0,0,0,0,0,0,0,0,0,0,0,0,1.70427858829498,0.563862860202789,0,79.1091041862965,122.585904091597,202.651411771774,78.7809938192368,0,3.24664944410324,0,0,0,0,0,8.70262253284454,0,0,0,0,0,4.51661026477814,0,1.22763252258301,0,0,0,0,0,0,0,0,0,0,0,0,0,0,11.9713729023933,59.6599733233452,33.8888718783855,10.5689536333084,202.11103734374,98.0870309770107,45.2576687335968,295.161364287138,0,0,0,0,0,0,0,0,0,0,0,0,659.686214089394,0,106.61294195056,2732.76062104106,85.3907897770405,722.679244548082,442.093413382769,376.377923429012,265.710666418076,1919.91535231471,126.312556624413,352.961637765169,357.193028837442,1075.17809897661,204.989110678434,1143.25293782353,255.363068878651,284.511406302452,99.9697778224945,51.0519075095654,117.949784398079,21.8949000835419,134.487041413784,17.1493152081966,72.4199483692646,30.8187556266785
0,0,0,0,0,0,0,0,0,0,0,0,0,0,0,0,0,0,0,0,0.51324075460434,0,0,0,0,0,0,0,0.942832887172699,0,0,0,0,0,0,0,20.8620578944683,15.0161563754082,15.9805330336094,15.0996999442577,4.82212474942207,0,0,0,0,0,0,1.20655262470245,0,0,0,0,0,0,0,0,0,0,0,0,0,0,0,0,0,0,0,0,0,0,13.2425263524055,6.23165589570999,18.6300361454487,3.04972687363625,55.0532325804234,58.095806479454,127.183408588171,31.4431023597717,0,0,0,0,0,0,0,0,0,0,0,0,2067.55950751901,106.61294195056,0,24.9230182468891,271.56027173996,85.1000907719135,434.855542212725,46.8342380523682,332.529502183199,99.2171063125134,913.823333472013,20.6735083162785,2039.39758300781,115.731046944857,1366.98768126965,117.910235881805,137.910852909088,58.3547389805317,24.7375676631927,34.350144982338,195.351322293282,12.7629874050617,78.6157857775688,39.8133845627308,9.7323223054409,14.1155715286732
0,0,0,0,0,0,0,0,0,0,0,0,0,0,0,0,0,0,0,0,0,0,0,0,0,0,0,0,0,0,0,0,0,0,0,0,26.4062911570072,32.6824537813663,28.005137950182,20.1482449173927,0,0.585986495018005,0,0,0,0,0,3.69204267859459,0,0,0,0,0,0,0,0,0,0,0,0,0,0,0,0,0,0,0,0,0,0,2.32805049419403,32.5539964139462,4.05186855792999,9.69218876957893,46.2445849776268,40.6045243144035,24.3828509449959,194.333292126656,0,0,0,0,0,0,0,0,0,0,0,0,126.315169334412,2732.76062104106,24.9230182468891,0,45.0645417571068,250.458164185286,112.533663421869,185.653312653303,70.9357964992523,302.107398152351,25.2514929771423,581.782591611147,70.1051870882511,1284.97195574641,64.2508031725883,990.107930660248,77.9258882701397,84.4708114862442,130.079537332058,57.2000952363014,209.948805272579,20.5111557543278,108.703262686729,29.890684992075,101.299478441477,23.7055869698524
165.944310963154,3.93018609285355,48.3623863458633,2.02905005216599,1.91022086143494,0.445919841527939,40.4676831364632,2.32467699050903,4.10325953364372,0,1.32304489612579,2.06373405456543,17.0820656120777,0.905195355415344,6.17084148526192,1.13780128955841,6.8477341234684,2.13470840454102,69.2614591419697,2.82492274045944,0.538008093833923,0,13.5061417818069,1.43515256047249,0.54020631313324,0,1.12206101417542,0,13.5874237418175,0,3.18440753221512,1.84249544143677,7.81068649888039,10.8835754394531,0.583477675914764,2.71229118108749,119.61897367239,17.367349922657,18.9026905894279,8.35627442598343,11.3614924252033,0.73800390958786,0.786242425441742,0,2.63504266738892,0,24.0768740475178,4.04722392559052,15.9645741283894,0,37.3851674199104,0,1.62297189235687,0,1.88960543274879,0,120.993162482977,0,98.7142670452595,0,86.038640499115,0,26.1795237064362,0,21.0112352371216,0,32.8032815754414,0,84.2231046557426,0,251.976188659668,38.6916238367558,147.696210443974,6.65993624925613,369.204986512661,40.0365161001682,1193.44306877255,174.532026827335,1.66334301233292,0,11.5639651417732,0,1.30698561668396,0,4.88616281747818,0,0.764053344726562,0,0.496986657381058,0,430.255058348179,85.3907897770405,271.56027173996,45.0645417571068,0,97.5209107995033,1037.51952037215,30.1196918785572,175.782389074564,44.0606336891651,92.8229874372482,9.20406609773636,434.650007814169,47.0649972856045,796.136831790209,116.83180770278,147.700532734394,30.8486432135105,386.589091062546,683.4284979105,421.888041526079,26.2189699113369,114.253319770098,115.879040062428,39.2020064294338,83.6464877426624
0,102.587548553944,0,50.2422596514225,0,0.798429071903229,1.91378206014633,14.7304525971413,0.48687481880188,2.47110497951508,0,8.13117223978043,0,3.01390790939331,0,2.44866260886192,0,2.2448742389679,1.81755471229553,57.2390180528164,0,0,0,11.0852587819099,0,0,0.758580803871155,0,0,2.83412927389145,1.0833888053894,2.42745321989059,0,15.2298206686974,3.5967845916748,2.82984042167664,33.9100528657436,103.790594786406,73.7334590554237,47.1234174370766,2.30053853988647,6.32085829973221,0,3.03870683908463,0.656775712966919,14.9415871500969,1.23663139343262,30.1471804976463,0,4.66769766807556,0,35.6858443617821,0,4.85606247186661,0,3.31565394997597,0.611234426498413,71.3995096981525,0.416477918624878,85.6834202408791,0,23.4116439819336,0.71271026134491,5.64263880252838,0,24.4988176226616,0,52.5291998386383,0,16.7362450957298,22.1402432918549,223.663535088301,26.7031331658363,46.0643227100372,93.5309202373028,150.780992209911,132.049469083548,829.240345656872,0,0,0,2.70307850837708,0,0,0,11.428902387619,0,1.58074355125427,0,4.06055992841721,282.731003969908,722.679244548082,85.1000907719135,250.458164185286,97.5209107995033,0,115.975139170885,949.013095170259,121.889103204012,762.509465038776,41.1314639747143,36.9581193625927,106.638776510954,267.725858658552,134.17294460535,640.432228624821,74.9023441076279,133.815489530563,108.364969611168,344.178924232721,273.586500734091,33.7344560325146,43.4830522835255,24.616513133049,27.9423717558384,21.2001055181026
28.6057417094707,0,3.67032265663147,1.47641313076019,0,0,2.80177339911461,0,0.524558365345001,0,1.02933585643768,0,4.51853948831558,0,0,0.623560845851898,0.767869234085083,0,10.5983580946922,0,0,0,1.0466451048851,1.44782221317291,0,0,0,0,4.0456999540329,0,0,0,0.450014144182205,2.76516389846802,3.64192986488342,0,75.9889781475067,25.1896671056747,42.4512788057327,35.2735515832901,2.30814921855927,2.70364356040955,0.769291520118713,0,5.2567218542099,0,12.4345886707306,1.29346027970314,19.0116141736507,0,17.2893672287464,0,0.970427811145782,0,1.65992683172226,0,36.287007689476,0,38.4091273844242,0.788157105445862,32.9299383163452,0,13.6480394899845,0,12.9649341702461,0,17.840594381094,0,10.0444713830948,0,37.3132515847683,25.8748699426651,53.5001256465912,6.59043395519257,62.32383659482,63.1424385309219,393.089297443628,53.4941275119781,0,0,2.59255468845367,0,0,0,4.04347205162048,0,1.73693868517876,0,1.91302037239075,0,1893.15803679824,442.093413382769,434.855542212725,112.533663421869,1037.51952037215,115.975139170885,0,105.923934727907,3121.30464401841,271.211133420467,149.079955786467,74.6919658780098,498.729622811079,284.891536831856,614.909177482128,232.221141725779,267.323336958885,61.8153864741325,46.9787385761738,194.421169340611,1003.0568048656,88.4062188267708,140.616491615772,47.6162271499634,19.670783996582,42.8559114336967
0,0,0,0,0,0,0,0,0,0,0,0,0,0,0,0,0,0,0,0,0,0,0,0,0,0,0,0,1.75779759883881,0,0,0,0,0.893345773220062,0,0,17.939555644989,9.47376623749733,21.8918994069099,22.7041202783585,0,1.76180839538574,4.23692411184311,70.7950797080994,0,38.1066609919071,0,161.488513052464,0,0,0,0.737222969532013,0,2.45277839899063,0,14.3703665137291,0,0,0,0,0,0.729390144348145,0,0,0,0,3.18364536762238,4.32598900794983,0,0,3.73987138271332,11.7628371417522,5.11589235067368,1.05041056871414,41.0516924858093,19.8957334458828,17.6630925536156,71.3805800080299,0,0,0,0,0,0.687632620334625,0,0,0,1.79182395339012,0,0,165.27864959836,376.377923429012,46.8342380523682,185.653312653303,30.1196918785572,949.013095170259,105.923934727907,0,129.218795418739,2567.65391167998,35.5653373599052,28.5138812959194,96.0909342765808,147.811296731234,73.4131742715836,341.172900766134,54.1788139641285,190.977616131306,34.1921561360359,24.0430420339108,656.149032235146,275.296445578337,175.662676513195,14.9279506802559,34.2089325785637,12.923701018095
0,0,0,0,0,0,1.73297953605652,0,0,0,0,0,0,0,0,0,0,0,0,0,0,0,0,0,0,0,0,0,6.30068302154541,0,0,0,0,0,0,0,52.1635177731514,18.3633898198605,49.4246353805065,23.279297709465,0.888980567455292,0,32.863363802433,0.613136112689972,3.48076158761978,0,406.890899479389,1.14039522409439,3.75722223520279,0,4.69454550743103,0,9.05682063102722,0,70.9943305552006,0,3.71926468610764,0,1.81321179866791,0,1.56906890869141,0,0,0,0,0,10.8547387719154,0.589272379875183,0,0,9.38578844070435,20.4246335625648,21.9662791490555,5.37318325042725,46.1891691088676,71.0897967219353,56.902235865593,35.911485761404,0,0,0.687195122241974,0,9.46700018644333,0,8.02864792943001,0,3.52940195798874,0,26.3010642826557,0,3431.61471882463,265.710666418076,332.529502183199,70.9357964992523,175.782389074564,121.889103204012,3121.30464401841,129.218795418739,0,282.31589949131,107.163171380758,53.0368502140045,260.184433728456,248.217898190022,407.53990906477,251.230113625526,211.125948250294,68.5912870466709,11.7471941113472,17.5621314644814,262.017334848642,161.264243274927,131.225473970175,108.814475893974,14.2774814367294,14.6919804513454
0,0,0,0,0,0,0,0,0,0,0,0,0,0,0,0,0,0,0,0,0,0,0,0,0,0,0,0,0,3.33891355991364,0,0,0,8.14982306957245,1.58707338571548,1.13954746723175,43.0347419977188,54.9626684188843,88.3685600161552,33.9331174492836,0,7.7028266787529,19.9835565090179,53.8268513381481,0,2.0069771707058,0,339.055410563946,0,1.81860429048538,0,25.4010893702507,0,224.686527729034,0,151.173407495022,0,0.600857436656952,0,0,0,0,0,0,0,0,2.71382117271423,2.38375461101532,0,0,3.23344093561172,28.9472018778324,11.9725016951561,20.7806215286255,93.5456400811672,57.0759057104588,21.0725479424,104.919160217047,0,0,0,3.46771866083145,0,0.737383008003235,0,1.33112734556198,0,0.534082293510437,0,3.6916406750679,387.38649508357,1919.91535231471,99.2171063125134,302.107398152351,44.0606336891651,762.509465038776,271.211133420467,2567.65391167998,282.31589949131,0,99.0532766878605,30.4571159780025,265.675004690886,241.026860326529,172.849440902472,381.292495429516,182.713543713093,453.761300235987,23.3752576708794,12.220714867115,269.956842243671,339.792875409126,509.832477122545,70.1770306825638,20.4597121477127,9.90624809265137
0,0,0,0,0,0,0,0,0,0,0,0,0,0,0,0,0,0,0,0,0,0,0,0,0,0,0,0,0,0,0,0,0,0,0,0,10.5377004742622,8.4897329211235,4.73088431358337,13.6117711365223,0,0,0,0,0,0,0,0,0,0,0,0,0,0,0,0,0,0,0,0,0,0,0,0,0,0,0,0,0,0,6.66917532682419,14.69369328022,4.82886204123497,1.026939868927,24.4149429798126,28.9634893536568,47.0855062007904,15.3331812620163,0,0,0,0,0,0,0,0,0,0,0,0,654.184995889664,126.312556624413,913.823333472013,25.2514929771423,92.8229874372482,41.1314639747143,149.079955786467,35.5653373599052,107.163171380758,99.0532766878605,0,28.8344510793686,1644.79896759987,122.563564270735,601.2001760602,74.304475069046,146.887694627047,35.8730598688126,5.18018805980682,7.92270168662071,28.9015811979771,4.90305113792419,37.1170900166035,3.73061808943748,5.61195242404938,8.65446150302887
0,0,0,0,0,0,0,0,0,0,0,0,0,0,0,0,0,0,0,0,0,0,0,0,0,0,0,0,0,0,0,0,0,0,0,0,5.92997202277184,11.4547040462494,14.5780504345894,10.2220835089684,0,1.10318613052368,0,0,0,0,0,0,0,0,0,0,0,0,0,0,0,0,0,0,0,0,0,0,0,0,0,0,0,0,1.22612571716309,8.27867355942726,3.3768715262413,3.15508353710175,32.3005636930466,17.821424394846,4.82248610258102,35.8853261470795,0,0,0,0,0,0,0,0,0,0,0,0,113.279852569103,352.961637765169,20.6735083162785,581.782591611147,9.20406609773636,36.9581193625927,74.6919658780098,28.5138812959194,53.0368502140045,30.4571159780025,28.8344510793686,0,92.0569376051426,562.794081807137,46.4551949799061,413.891720950603,34.3397661745548,39.7819549143314,13.8471771478653,6.40632718801498,15.0780378878117,1.3414381146431,7.67508149147034,4.17179280519485,19.745269715786,3.22453832626343
0,0,0,0,0,0,0,0,0,0,0,0,0,0,0,0,0,0,0,0,0,0,0,0,0,0,0,0,3.62532305717468,0,0,0,0,0,0,0,35.9657386541367,23.8581762313843,33.4214582741261,23.0092070102692,3.44441071152687,1.71143448352814,0,0,0,0,0,0,0,0,0,0,0,0,0,0,0.661311388015747,0,0,0,1.28467035293579,0,0,0,0,0,0,0,0,0,36.6327233612537,22.3173824250698,23.9908130466938,4.10442924499512,60.4409476518631,70.704131603241,209.083392113447,77.2503672540188,0,0,0,0,0,0,0,0,0,0,0,0,1364.91790902615,357.193028837442,2039.39758300781,70.1051870882511,434.650007814169,106.638776510954,498.729622811079,96.0909342765808,260.184433728456,265.675004690886,1644.79896759987,92.0569376051426,0,442.06453871727,5417.79139521718,314.353676170111,552.795354098082,126.440195530653,74.203691393137,156.020330041647,528.217569768429,66.8918913602829,216.669875830412,775.534498602152,359.829785913229,84.8915310502052
0,0,0,1.19523239135742,0,0,0,0,0,0,0,0,0,0,0,0,0,0,0,0,0,0,0,0,0,0,0,0,0,2.43574982881546,0,0,0,2.1397477388382,0,0,43.6828845441341,50.9124283194542,41.8023430109024,36.4360418617725,0,2.97026252746582,0,0,0,0,0,8.26979365944862,0,0,0,0,0,0,0,0,0,0,0,0,0,0,0,0,0,0,0,0,0,0,10.7011760473251,51.8700350224972,19.4014799594879,24.8382401168346,104.170222997665,70.7188652157784,32.6833540797234,211.297582745552,0,0,0,0,0,0,0,0,0,0,0,0,529.281755685806,1075.17809897661,115.731046944857,1284.97195574641,47.0649972856045,267.725858658552,284.891536831856,147.811296731234,248.217898190022,241.026860326529,122.563564270735,562.794081807137,442.06453871727,0,220.551774770021,5126.359962672,212.127532035112,367.986398547888,144.738688886166,74.5856022238731,229.085079818964,24.4747461080551,122.282330155373,246.267677128315,200.847474694252,33.2234642505646
9.28851503133774,0,5.83536851406097,0,0,0,3.71332746744156,0,0,0,0,0,1.7960444688797,0,0.560012876987457,0,0,0,2.81022393703461,0.976989209651947,0,0,0,0,0,0,0,0,2.51718723773956,0,1.18118417263031,0,1.69966626167297,0.693446815013885,0,0,55.5778376460075,17.1294759511948,14.884431630373,9.82992285490036,13.1222946345806,0,0,0,0,0,0,1.92155799269676,0,0,0,0,0,0,0,0,7.67118868231773,0,0.471276849508286,0,2.62692564725876,0,4.31538474559784,0,0,0,0,0,2.44804793596268,0,154.906134665012,42.9192349016666,109.283691197634,10.5657279789448,178.652330249548,50.0154930353165,623.963388472795,144.01100987196,0,0,0,0,0,0,0,0,0,0,0.691716730594635,0,1202.93469437957,204.989110678434,1366.98768126965,64.2508031725883,796.136831790209,134.17294460535,614.909177482128,73.4131742715836,407.53990906477,172.849440902472,601.2001760602,46.4551949799061,5417.79139521718,220.551774770021,0,388.52305200696,440.051533609629,69.9869787991047,180.566650956869,102.219372928143,378.354015141726,34.170416533947,91.3938580155373,82.8749959766865,799.643576771021,196.54445540905
0,6.55846107006073,0,3.09779477119446,0,0,0,0,0,0,0,0.706166505813599,0,0,0,0,0,1.24656784534454,0,1.39891487360001,0,0.628803312778473,0,0,0,0,0.981019020080566,0,0.595390856266022,2.56218379735947,0,0,0,3.1991029381752,0,0,43.3193980753422,46.3628457486629,37.2978084385395,30.4207328855991,7.29292124509811,4.78332221508026,0,0,0,0,3.15928691625595,7.17756128311157,0,0,0,0,0,0,0,0,0,1.29132574796677,0,0,0,0,0,0,0,0,0,0,0,0,48.3340715169907,147.994695961475,36.985237300396,44.5000917315483,106.788094818592,119.122798591852,176.660346895456,629.229486763477,0,0,0,0,0,0,0,0,0,0,0,0,329.285199731588,1143.25293782353,117.910235881805,990.107930660248,116.83180770278,640.432228624821,232.221141725779,341.172900766134,251.230113625526,381.292495429516,74.304475069046,413.891720950603,314.353676170111,5126.359962672,388.52305200696,0,156.611318975687,519.619198709726,437.179755181074,141.110475540161,470.984282702208,101.329161226749,180.611635893583,117.609515041113,625.403654873371,262.36565643549
8.00609302520752,0,0,0,0,0,0,0,0,0,0,0,0,0,0.581603467464447,0,0,0,0,0,0,0,0,0,0,0,0,0,2.83747386932373,0,0,0,3.01008820533752,0.50234442949295,0,0,29.0377532541752,22.0773408412933,15.9636318087578,9.57578253746033,0.656713724136353,1.99849832057953,0,0,0,0,0,2.37156969308853,0,0,0,0,0,0,0,0,14.9577464461327,0,1.18294179439545,0,0,0,1.96231973171234,0,0,0,1.33169043064117,0,0,0,27.919242978096,10.9766340553761,32.5068573653698,1.29643523693085,70.1381806433201,34.8282476961613,84.9208981394768,47.7179215550423,0,0,0,0,0,0,0,0,0,0,0,0,647.894981920719,255.363068878651,137.910852909088,77.9258882701397,147.700532734394,74.9023441076279,267.323336958885,54.1788139641285,211.125948250294,182.713543713093,146.887694627047,34.3397661745548,552.795354098082,212.127532035112,440.051533609629,156.611318975687,0,73.260320931673,32.6041329205036,20.3685728907585,122.058581084013,18.663517832756,36.1585091948509,10.0823366343975,18.0132668018341,28.5726379156113
0,0,0,0,0,0,0,0,0,0,0,0,0,0,0,0,0,0,0,1.58011078834534,0,0,0,0,0,0,0,0,0,1.40145075321198,0,0,0,4.80264115333557,0,0,19.2174502015114,21.3102266192436,17.6061262190342,5.29075366258621,0.855187296867371,0,0,0,0,0,0,3.39347332715988,0,0,0,0,0,0,0,0,1.36636030673981,0,0,2.09195566177368,1.63573896884918,1.51008629798889,0,0,0,1.56703507900238,0,1.59499752521515,0,0,10.248820245266,16.5660801529884,9.56007277965546,4.76796144247055,47.6580900847912,24.2233571708202,37.515396386385,63.3177155256271,0,0,0,0,0,0,0,0,0,0,0,0,138.982717961073,284.511406302452,58.3547389805317,84.4708114862442,30.8486432135105,133.815489530563,61.8153864741325,190.977616131306,68.5912870466709,453.761300235987,35.8730598688126,39.7819549143314,126.440195530653,367.986398547888,69.9869787991047,519.619198709726,73.260320931673,0,34.2069236338139,16.8827885985374,73.8958249390125,19.4929802417755,34.8070278167725,8.90049892663956,24.5582920908928,26.5491960644722
19.7297438979149,26.0989681482315,11.6691855192184,43.3009398281574,0.824200749397278,2.36145794391632,14.2571046352386,18.0431977510452,3.01156139373779,3.71849370002747,0,0,5.79490530490875,8.76960456371307,5.38569524884224,8.500592648983,0,1.45697438716888,12.9872768521309,28.4434813261032,0,0,8.1162388920784,11.5454802215099,0,0,0,0,0,0,2.63987004756927,3.35591727495193,2.98247218132019,2.06552344560623,0,0,15.7448706626892,8.1612506210804,2.97083225846291,0,11.2983899712563,0,0,0,0,0,0,1.37215709686279,0,0,0,0,0,0,0,0.814037203788757,6.46827816963196,5.50870382785797,0,0,2.59147083759308,0,0,0,0,0,0,0,7.60045212507248,0,57.8181329667568,153.768985599279,38.6521408855915,32.7282362282276,84.1979391872883,77.678605735302,254.223456352949,550.895645052195,0,0,0,0,0,0,0,0,0,0,0,0,41.8446710407734,99.9697778224945,24.7375676631927,130.079537332058,386.589091062546,108.364969611168,46.9787385761738,34.1921561360359,11.7471941113472,23.3752576708794,5.18018805980682,13.8471771478653,74.203691393137,144.738688886166,180.566650956869,437.179755181074,32.6041329205036,34.2069236338139,0,364.063492745161,437.326036691666,50.9203612804413,155.877336502075,308.207806050777,103.778713315725,232.326310753822
21.3808327317238,29.3699354231358,12.84636464715,18.5261776447296,0.631205201148987,0.555259108543396,5.50470346212387,10.798967063427,0.931177318096161,3.47677394747734,0,3.83585697412491,3.74138218164444,5.18084967136383,1.30068731307983,2.90355235338211,1.56503367424011,0,17.8778082728386,17.6236360371113,0.627276659011841,0,4.21378737688065,10.0311052203178,0.500907361507416,0,0,0,5.77236574888229,0,0,0.720017790794373,1.99549663066864,0.816310048103333,0,1.0200629234314,27.5078504085541,30.9474844932556,3.51065665483475,2.87380051612854,2.23562473058701,1.19286632537842,0,0,0.607677817344666,0,24.8728963136673,36.2829841971397,3.54737716913223,1.59003835916519,10.8132616281509,2.59262526035309,0,0,0,0,10.6359921693802,6.93117374181747,7.04410475492477,4.24741387367249,4.20362019538879,0.531896531581879,1.83382612466812,0,2.39383113384247,1.55585008859634,2.0327222943306,0.74769526720047,9.81182950735092,3.30531829595566,48.4322250783443,75.7909071743488,19.4067997336388,22.5206515192986,55.088585704565,33.8251748085022,1108.3523888588,1160.95092409849,0,0,0.879938006401062,0,0,1.17552173137665,0,0,0,0.708920776844025,0,0,35.9631247222424,51.0519075095654,34.350144982338,57.2000952363014,683.4284979105,344.178924232721,194.421169340611,24.0430420339108,17.5621314644814,12.220714867115,7.92270168662071,6.40632718801498,156.020330041647,74.5856022238731,102.219372928143,141.110475540161,20.3685728907585,16.8827885985374,364.063492745161,0,819.442424327135,33.7587948739529,220.371840238571,382.893542408943,106.574593424797,277.725478410721
0,0,0,0,0,0,0,0,0,0,0,0,0,0,0,0,0,0,0,0,0,0,0,0,0,0,0,0,0,0,0,0,0,0,0,0,9.69940450787544,12.9070001244545,18.5026747584343,4.64512819051743,0,0,0,0,0,0,0,1.34411185979843,0,0,0,0,0,0,0,0,0,0,0,0,0,0,0,0,0,0,0,0,0,0,10.852108746767,10.0537374615669,9.25493636727333,6.88162112236023,33.4542332291603,13.1941164135933,47.5717532932758,46.2136928737164,0,0,0,0,0,0,0,0,0,0,0,0,239.777189254761,117.949784398079,195.351322293282,209.948805272579,421.888041526079,273.586500734091,1003.0568048656,656.149032235146,262.017334848642,269.956842243671,28.9015811979771,15.0780378878117,528.217569768429,229.085079818964,378.354015141726,470.984282702208,122.058581084013,73.8958249390125,437.326036691666,819.442424327135,0,521.803207874298,850.558521151543,779.531897246838,193.549212485552,351.800261437893
0,0,0,0,0,0,0,0,0,0,0,0,0,0,0,0,0,0,0,0,0,0,0,0,0,0,0,0,0,0,0,0,0,0,0,0,3.50506040453911,1.56973588466644,1.49787139892578,0.667995035648346,0,0,0,0,0,0,0,0,0,0,0,0,0,0,0,0,0,0.379362255334854,0,0,0,0,0,0,0,0,0,0,0,0,0,0.917083382606506,0,0,6.84963610768318,2.07946807146072,13.2449997663498,11.1369895935059,0,0,0,0,0,0,0,0,0,0,0,0,38.9774412810802,21.8949000835419,12.7629874050617,20.5111557543278,26.2189699113369,33.7344560325146,88.4062188267708,275.296445578337,161.264243274927,339.792875409126,4.90305113792419,1.3414381146431,66.8918913602829,24.4747461080551,34.170416533947,101.329161226749,18.663517832756,19.4929802417755,50.9203612804413,33.7587948739529,521.803207874298,0,360.948596775532,263.859837830067,25.8533127605915,50.9814558625221
0,0,0,0,0,0,0,0,0,0,0,0,0,0,0,0,0,0,0,0,0,0,0,0,0,0,0,0,0,0,0,0,0,1.6645530462265,0,0,4.84633612632751,2.55191135406494,2.16228711605072,2.75984644889832,0,0,0,0,0,0,0,0,0,0,0,0,0,0,0,0,0,0,0,0,0,0,0,0,0,0,0,0,0,0,7.5222452878952,3.14352965354919,4.45023685693741,0.40671518445015,9.66230553388596,8.57149118185043,39.4981495141983,30.0196108520031,0,0,0,0,0,0,0,0,0,0,0,0,112.358397424221,134.487041413784,78.6157857775688,108.703262686729,114.253319770098,43.4830522835255,140.616491615772,175.662676513195,131.225473970175,509.832477122545,37.1170900166035,7.67508149147034,216.669875830412,122.282330155373,91.3938580155373,180.611635893583,36.1585091948509,34.8070278167725,155.877336502075,220.371840238571,850.558521151543,360.948596775532,0,436.776643276215,79.0942477881908,86.524349540472
0,0,0,0,0,0,0,0,0,0,0,0,0,0,0,0,0,0,0,0,0,0,0,0,0,0,0,0,2.19341969490051,0,0,0,0,0,0,0,2.12641483545303,2.72982335090637,0,0,1.36459159851074,0,0,0,0,0,0,0,0,0,0,0,0,0,0,0,0,0,0,0,0,0,0,0,0,0,0,0,0,0,1.09335684776306,7.14257988333702,0.65101146697998,1.91047728061676,3.95481464266777,3.49065065383911,27.0231666564941,40.0691800713539,0,0,0,0,0,0,0,0,0,0,0,0,36.8240234553814,17.1493152081966,39.8133845627308,29.890684992075,115.879040062428,24.616513133049,47.6162271499634,14.9279506802559,108.814475893974,70.1770306825638,3.73061808943748,4.17179280519485,775.534498602152,246.267677128315,82.8749959766865,117.609515041113,10.0823366343975,8.90049892663956,308.207806050777,382.893542408943,779.531897246838,263.859837830067,436.776643276215,0,245.219404041767,223.949796497822
0,0.768395841121674,0,0,0,0,0,0,0,0,0,0,0,0,0,0,0,0,0,0,0,0,0,0,0,0,0,0,0,0,0,0,0,0,0,0,3.87493231892586,2.00925874710083,0.984610348939896,0,0,0,0,0,0,0,0,1.09991630911827,0,0,0,0,0,0,0,0,0,0,0,0,0,0,0,0,0,0,0,0,0,0,0.751745641231537,8.84087979793549,0.442635327577591,2.45863518118858,10.2519656121731,8.43287083506584,19.7499460577965,47.1824973523617,0,0,0,0,0,0,0,0,0,0,0,0,18.6755428016186,72.4199483692646,9.7323223054409,101.299478441477,39.2020064294338,27.9423717558384,19.670783996582,34.2089325785637,14.2774814367294,20.4597121477127,5.61195242404938,19.745269715786,359.829785913229,200.847474694252,799.643576771021,625.403654873371,18.0132668018341,24.5582920908928,103.778713315725,106.574593424797,193.549212485552,25.8533127605915,79.0942477881908,245.219404041767,0,162.199373751879
3.71641206741333,4.1520984172821,1.07819271087646,4.29458492994308,0,0,1.44365525245667,0.942369639873505,0,0.77530163526535,0,0.868808686733246,0,0.599958002567291,0,0,0,1.08630406856537,1.28193295001984,4.53538125753403,0,0,0,1.99654805660248,0,0,0,0,0.568866431713104,0,0,2.79330193996429,1.46619439125061,0,0,0,9.08033654093742,4.22802716493607,2.68154519796371,0,4.01750111579895,0,0,0,0,0,0,0,0,0,0,0,0,0,0,0,1.75340533256531,1.1120742559433,1.36419486999512,0,0,0,0,0,0,0,0,0,0,0,25.0516888201237,29.7343929111958,17.8361693620682,12.3252918124199,36.1167089343071,20.7919201254845,97.7045234441757,107.043131768703,0,0,0,0,0,0,0,0,0,0,0,0,22.7704619169235,30.8187556266785,14.1155715286732,23.7055869698524,83.6464877426624,21.2001055181026,42.8559114336967,12.923701018095,14.6919804513454,9.90624809265137,8.65446150302887,3.22453832626343,84.8915310502052,33.2234642505646,196.54445540905,262.36565643549,28.5726379156113,26.5491960644722,232.326310753822,277.725478410721,351.800261437893,50.9814558625221,86.524349540472,223.949796497822,162.199373751879,0
