0,276.082324296236,3526.94083622098,225.53015512228,0.65079402923584,0,4031.78046825528,144.825309246778,6.60145244002342,0,3824.95361980796,20.7861571907997,1646.03170320392,4.55280190706253,28.1886514425278,0,1375.34143933654,13.4691880941391,1811.1798941195,971.515040457249,0,0,15.7075350880623,2.70812529325485,0,0,0,0,1688.57111462951,2.4903872013092,17.1930786371231,7.7436665892601,73.1094948351383,307.585888773203,12.3325918316841,3.03180891275406,300.614719688892,13.4209904074669,119.565073668957,0,15.584524422884,0,5.1356363594532,3.06695878505707,20.8136888742447,1.35131895542145,4.81899744272232,0,112.616703957319,0,431.49435043335,0,2.72106957435608,0,23.6841833889484,0,10381.1780610085,18.439557403326,490.578181385994,1.48259675502777,738.406601279974,0,187.58061593771,0.500258445739746,514.478808254004,0,167.240622341633,52.367868065834,1194.99102050066,13.0695337057114,1757.04677680135,153.09846997261,2799.36433690786,74.1825472712517,1118.50347539783,27.439417719841,4106.68433851004,250.261824160814,31.9633567333221,0,177.652908712626,0,37.4512131810188,0,569.157261312008,0,0,0,162.743499577045,0,3.7413724064827,0,0,0,150.804244071245,12.0746674537659,13.1082789897919,0,2.11467432975769,0,0,0,1.00240504741669,0,97.8927105367184,14.6895776391029,10.8284056782722,0,75.5162989199162,8.79979771375656,0,0,0,0.9172602891922,0,13.0422213673592
276.082324296236,0,61.6346980035305,4392.24650683999,0,0.931190967559814,31.0702417194843,5554.04541897774,0,5.18854957818985,28.647008895874,1747.00183340907,9.23411726951599,950.471989810467,0,11.9053569436073,27.1259834468365,1039.19933444262,919.868542850018,2495.95432385802,0,0,3.16539087891579,32.6235346496105,0,0.857672989368439,0,0,49.6928533017635,570.729705035686,18.5488509535789,9.76921564340591,200.920290321112,333.542969554663,10.0143874287605,3.44705456495285,17.0460816323757,342.679295808077,2.12827384471893,93.1921904683113,0,10.6519803106785,0.871037304401398,6.25737038254738,0,43.9895634055138,2.18124186992645,56.7981274425983,0,68.2202116847038,1.16682434082031,257.226066976786,0,0,0,10.1800038814545,87.3938275277615,10541.1594099104,8.72939783334732,434.298062831163,6.43566560745239,674.150874227285,10.3180381059647,552.295220702887,0,511.876032352448,141.086372226477,318.076539665461,485.633326113224,779.224544167519,189.88747009635,1613.542103827,133.982903957367,3992.94860038161,45.8081759810448,800.742994219065,351.978319108486,5782.21384656429,0,56.5638741254807,0,78.5482776761055,0.703861057758331,0,0,443.759085983038,0,0,0,292.290855437517,0,2.70942449569702,0,0,14.1455664634705,267.040411800146,0,2.79506331682205,0,2.64678835868835,0,0,0,2.80384993553162,9.60424530506134,83.4537264108658,0,15.7514290809631,85.2538194060326,46.1127332448959,0.751235723495483,1.50129854679108,0,0,3.36570763587952,27.1328962147236
3526.94083622098,61.6346980035305,0,700.802323281765,481.985842645168,35.6859509944916,13077.6994648278,879.088692456484,548.95431920886,46.1820985674858,1542.60710036755,79.7593533396721,2066.98089984059,111.541567742825,522.64366954565,32.7455314993858,498.800327301025,4.49373215436935,2193.98332032561,777.822298884392,1.46677881479263,1.3581395149231,3524.5727674067,2227.41932818294,208.238065898418,134.539578855038,24.5695900321007,16.0673446059227,1310.52977216244,16.9427195191383,431.100164085627,691.512321978807,115.424328178167,427.923857808113,13.2788896262646,0.647289454936981,60.2309101223946,3.23342621326447,14.9808930158615,0,23.3082869648933,0.632135212421417,2.75323113799095,0,0.682233870029449,0,6.27953028678894,0,13.5492703020573,0,34.9549367427826,0,0,0,0,0,207.902296990156,4.79134804010391,44.2380979955196,0,40.4097347259521,0,16.5851303339005,0.711456954479218,25.0295469462872,0,67.9195723831654,14.5963114202023,120.651005506516,0.824779808521271,2565.85956418514,314.783968061209,2244.11901962757,103.882789969444,968.562750160694,20.6492050290108,2345.47699043155,120.904714792967,2.49295771121979,0,32.7669852375984,0,66.0639857053757,0,77.2471109628677,0,0,0,6.75828021764755,0,0,0,0,0,43.4167867302895,4.08421593904495,2.74283969402313,0,0,0,0,0,0,0,21.9902245104313,1.7869930267334,2.19745296239853,0,58.0129416584969,14.1370063722134,0,0,0,0,0,16.2226132750511
225.53015512228,4392.24650683999,700.802323281765,0,69.9065995514393,485.547926992178,506.811625033617,12920.4708082974,59.2203947305679,494.989681869745,61.0066460967064,1055.56121584773,149.075872033834,997.84950453043,60.2246858775616,248.826539158821,25.3986722826958,381.712077498436,841.343684583902,2421.98122349381,4.64361774921417,13.5100322365761,1001.23807576299,3098.76323595643,112.073268651962,161.662710249424,26.120971173048,32.6836158335209,94.0449923276901,405.745765060186,217.040316283703,180.7429048419,180.461850732565,141.444477200508,0.874602377414703,4.66677087545395,1.39050137996674,60.1088546514511,1.23179137706757,9.14457666873932,1.05063247680664,26.7399410009384,1.33674210309982,0,0,1.74867588281631,2.75736033916473,8.17287677526474,0,13.8525203466415,0,51.0158579647541,0,0,0,0,39.1652453839779,258.106984645128,0,9.64893293380737,1.60615026950836,76.6720101237297,0,83.9235635995865,1.40046894550323,59.8946439325809,10.4463271796703,37.4506320953369,59.744412779808,3.57907283306122,418.112171202898,2274.5657068789,219.289728552103,3472.23701608181,104.329665392637,1139.39920011163,233.564642250538,3664.19904270768,0,5.50810223817825,0,23.8191608786583,4.10215651988983,3.47172528505325,0,67.3906545341015,0,1.48555669188499,0,21.9931913018227,0,0,0,0,13.9142161011696,123.663103222847,0,0,0,2.37009358406067,0,0,0,0,4.90890979766846,41.3459671735764,0,3.49714350700378,77.0359360277653,11.9362675845623,0,0,0,0,2.4765020608902,24.1804596185684
0.65079402923584,0,481.985842645168,69.9065995514393,0,63.0722976326942,58.3829528391361,24.4803078174591,1913.90564981103,53.2274245023727,2.19849103689194,0,36.492092192173,2.47105491161346,2340.89851054549,52.4329515993595,0,0,2.36295855045319,0.547845721244812,169.778041362762,56.7088201642036,219.149043649435,347.604848772287,613.751762360334,322.518805980682,1083.87242138386,114.259048163891,408.612365365028,5.88093149662018,269.02180352807,98.88840970397,32.2938432097435,3.28260308504105,17.7323096096516,0,19.1204647421837,0,6.65049874782562,0,231.001512110233,3.07409906387329,6.51512616872787,0,0.672161757946014,0,17.741446018219,0,0,0,2.49532228708267,0,2.48365345597267,0,4.48727655410767,0,0,0,0,0,2.56735074520111,0,0.962723314762115,0,3.04324817657471,0,2.68219274282455,0,0,0,1005.78756415844,116.2596809268,1005.67094379663,11.240878790617,65.6703428030014,0,78.375055283308,0,0.624507904052734,0,6.58569490909576,0,93.6287350058556,0,6.64806491136551,0,18.2747283279896,0,4.06636664271355,0,2.07761293649673,0,0,0,0,0,0,0,4.65046346187592,0,0,0,0,0,0.480744063854218,0,0,0,2.67794811725616,0.433178514242172,0,0,0,0,0,0.457609057426453
0,0.931190967559814,35.6859509944916,485.547926992178,63.0722976326942,0,2.74133002758026,186.366374999285,13.7431353628635,1796.74393874407,0,5.12254413962364,0,27.1814630329609,9.18639495968819,1456.4687281847,0,0,0,3.31607776880264,11.9307479262352,677.312668710947,113.239334881306,410.01270750165,132.029444158077,706.42054349184,65.8133235871792,1173.52424696088,0.59892600774765,328.739342600107,63.6668943762779,88.7283054590225,1.54734617471695,11.5721866488457,0,0,0,68.3852272927761,0,31.1826843619347,1.85187238454819,250.380940556526,0,0,0,0,0,1.80912256240845,0,0,0,1.12674951553345,0,0,0,12.2990484833717,0,0,0,0,0,0,0,0,0,0,0,1.33843016624451,0,0,105.230728238821,565.73732727766,3.95801502466202,601.132107198238,0,29.576190829277,0,24.3552395403385,0,0,0,8.66906821727753,0.667521774768829,64.6761440336704,0,11.3105227649212,0,20.3872153162956,0,8.56957626342773,0,0,0,0,0.939795017242432,0.587199747562408,0,0,0,0,0,0,0,0,0,0,0,0,0,0,0,0,0,0,0,0
4031.78046825528,31.0702417194843,13077.6994648278,506.811625033617,58.3829528391361,2.74133002758026,0,740.620513051748,1316.27073603868,9.44136273860931,768.636363148689,93.7929190397263,6046.73837906122,129.064779996872,312.539439290762,5.00649911165237,44.9644358158112,3.6115654706955,571.262083590031,720.727133363485,0.589956045150757,0,429.800546377897,1021.71673679352,7.54589027166367,14.1124834418297,0.687929093837738,1.09121835231781,327.377568840981,10.5150833427906,114.467499732971,276.458010494709,49.6695953905582,212.169206053019,5.60391366481781,0.98639652132988,23.088526725769,0.586854219436646,0,0,4.14785355329514,0,5.32810297608376,0,4.22875338792801,0,0.704431891441345,0,17.7885901927948,0,53.3999245464802,0,0,0,1.77133405208588,0,110.08640062809,1.62284970283508,30.80280610919,0,32.274641931057,0,5.66228234767914,0,63.1195312142372,1.5264196395874,29.362648576498,6.32795774936676,12.760549724102,0,2576.09837594628,221.547449141741,638.614024758339,99.3704992830753,265.833249807358,28.4337395429611,757.89572390914,94.3683118224144,8.3838877081871,0,7.74232196807861,0,9.44340592622757,0,61.3107189536095,0,0,0,7.23111140727997,0,0,0,0,0,10.7719165980816,0.628743231296539,1.30920720100403,0,0,0,0,0,0,0,7.75736021995544,6.39451867341995,0,0,6.11041086912155,0.659195125102997,0,0,0,0,0.716477572917938,3.61310368776321
144.825309246778,5554.04541897774,879.088692456484,12920.4708082974,24.4803078174591,186.366374999285,740.620513051748,0,33.4957580268383,879.67675486207,86.6254822015762,1862.00545945764,227.846727877855,7439.11674001813,34.7146565616131,652.694315165281,17.0296540260315,201.446133136749,871.196458786726,1047.67057698965,0.897114932537079,0.774187624454498,909.189517021179,798.28921815753,34.940548479557,26.7517666816711,9.33034127950668,8.95479011535645,92.2680678665638,267.957625865936,174.299530118704,102.885104477406,181.445000588894,85.481429874897,4.6249572634697,1.63855183124542,0,38.3639489412308,0,3.59729787707329,0,20.3689631223679,0.395692825317383,2.33211576938629,0,5.60826921463013,0,4.35611212253571,0,13.5831141471863,0,106.258105963469,0,0,0,11.7905077338219,15.8610372841358,473.145932376385,0,14.7763988375664,0,400.562835663557,0,198.942530572414,0,265.789166778326,9.09247410297394,10.3957646489143,37.0543002486229,6.05710154771805,423.851593226194,3413.19273963571,222.619986116886,2062.356682688,82.7490739524364,743.532751977444,252.408305883408,2216.98139667511,0,3.18970954418182,0,94.3645485043526,3.53420829772949,1.17377066612244,0,487.180160969496,0,0,0,286.775600910187,0,0,0,0,5.13290482759476,55.1007300317287,0,0,0,0,0,0,0,0,3.19833379983902,28.5593074858189,0,0,36.1053941547871,6.3131431043148,0,0,0,0,0.784758865833282,10.6418766379356
6.60145244002342,0,548.95431920886,59.2203947305679,1913.90564981103,13.7431353628635,1316.27073603868,33.4957580268383,0,12.5960466861725,6.78937870264053,0,689.969017952681,3.46266829967499,3462.99533566833,12.5575662851334,0,0,9.35391792654991,2.39465367794037,31.5208272337914,3.05267268419266,94.7545974254608,199.810564041138,89.9253072738647,43.078321158886,130.581389755011,12.7701975703239,275.59936824441,4.87056529521942,70.6344811916351,42.7117015123367,6.35386747121811,5.69985204935074,2.31383568048477,0,10.6294008493423,0,1.82289606332779,0.797794461250305,48.8176181912422,0.845791876316071,0.400203824043274,0,0,0,3.06384456157684,0,0,0,0,0,0,0,0,0,0.676395356655121,0,0,0,0,0,0,0,0,0,0.89925742149353,0,0,0,769.506523609161,28.7163069844246,1082.56626334786,6.94780939817429,110.776694357395,0,194.088199287653,0,0,0,4.24495339393616,0,111.756181955338,0,2.0113964676857,0,2.22638458013535,0,1.22333490848541,0,0,0,0,0,2.06784319877625,0,0,0,0,0,0,0,0,0,0,0,0,0,3.28222805261612,0.930464148521423,0,0,0,0,0,0.643184900283813
0,5.18854957818985,46.1820985674858,494.989681869745,53.2274245023727,1796.74393874407,9.44136273860931,879.67675486207,12.5960466861725,0,0,21.687374651432,3.28181421756744,477.762105256319,10.1435254812241,3197.88449904323,0,2.64256465435028,0.574241936206818,6.2130109667778,3.52407890558243,157.126152396202,73.8299689590931,88.0211056768894,87.1481282711029,131.610319435596,28.0897545814514,428.725367933512,3.04272758960724,323.720689415932,44.6239048242569,36.9404982030392,0.789828538894653,2.3571640253067,0,0,0,60.9825026094913,0,3.8612225651741,0,184.602145820856,0,0.564055681228638,0,0,0,1.5710683465004,0,0,0,0,0,0,0,5.85569721460342,0,2.23390603065491,0,0,0,0.833302974700928,0,0.796709597110748,0,0,0,0.890736520290375,0,0,64.6780813336372,799.992315679789,3.958172082901,884.068844348192,0.559034287929535,95.0082525014877,1.91086727380753,106.531028389931,0,0,0,6.87162780761719,0,24.3177364766598,0,5.27367705106735,0,21.0948497056961,0,11.2055958509445,0,0,0,0,0,6.17646491527557,0,0,0,0,0,0,0,0,0,0.972473949193954,0,0,1.16171497106552,0.833027511835098,0,0,0,0,0,0.498516708612442
3824.95361980796,28.647008895874,1542.60710036755,61.0066460967064,2.19849103689194,0,768.636363148689,86.6254822015762,6.78937870264053,0,0,9.73032110929489,2485.82958561182,6.74845543503761,68.084350079298,0.439125150442123,1105.43585139513,1.94851180911064,1081.82353430986,282.908342659473,0,0,90.423770904541,32.8918839395046,0,0,0,0,1135.90743374825,1.83983945846558,27.3895847201347,27.4797747731209,54.5103037953377,120.242272496223,10.9773049652576,0,63.2515244483948,0,14.4762126207352,0,1.72973430156708,0,4.25126993656158,0,0,0,4.15644347667694,0,13.4555425941944,0,60.6538763940334,0,5.06239837408066,0,5.77374601364136,0,615.311143904924,0.670069217681885,84.1089846491814,0,286.450612217188,0,210.962669342756,0,99.9890050292015,0,78.7361234724522,0.861578822135925,186.476341575384,0,456.932703495026,44.6091190576553,489.409290730953,18.1300873160362,191.604404568672,4.29013288021088,533.366154283285,40.898128092289,15.1858273744583,0,299.112543076277,0,70.1658828556538,0,620.669402420521,0,0,0,98.7380623221397,0,0,0,0,0,14.8290746212006,0,0,0,0,0,0,0,0,0,7.8599671125412,0.832415699958801,0.857602298259735,0,12.1654539108276,1.46880531311035,0,0,0,0,1.38120698928833,1.06539165973663
20.7861571907997,1747.00183340907,79.7593533396721,1055.56121584773,0,5.12254413962364,93.7929190397263,1862.00545945764,0,21.687374651432,9.73032110929489,0,21.19904255867,3526.79818034172,0,173.628114104271,2.75900769233704,828.726342439651,199.348055630922,909.418399900198,0,1.4752357006073,57.4770868420601,225.845984786749,0,1.09103262424469,0,0,15.7476217150688,836.570254355669,13.4851272106171,18.7533550858498,40.8230629265308,49.4070126414299,2.54823023080826,0,0,9.39490035176277,0,0,0,1.94846999645233,1.31507921218872,0,0,1.65623342990875,0,0,0,0.955438852310181,0,20.4145938754082,0,0,0,0,1.43550324440002,286.099242091179,0,20.094956278801,0,350.408709108829,0,398.630433648825,0,122.431009829044,0,11.1780431270599,0,15.1712439656258,38.7888929843903,661.26725384593,29.9454218149185,1106.18294793367,14.8568104207516,50.493500828743,22.3785586357117,170.257876604795,0,2.72920745611191,0,72.7719075083733,0.899058878421783,1.0917489528656,0,276.22925055027,0,0,0,57.0004142522812,0,0,0,0,0,2.594113945961,0,0,0,0,0,0,0,0,0,0.944667279720306,0,0,2.97744232416153,0,0,0,0,0,1.35674571990967,0
1646.03170320392,9.23411726951599,2066.98089984059,149.075872033834,36.492092192173,0,6046.73837906122,227.846727877855,689.969017952681,3.28181421756744,2485.82958561182,21.19904255867,0,28.058012008667,2755.90959724784,0,160.259682536125,0.681119799613953,633.755146235228,235.310993820429,0,0.669607102870941,335.455957323313,347.67762863636,4.83292800188065,5.43168598413467,0.552520930767059,0.741163313388824,2243.41612258554,1.95281833410263,60.2757614254951,104.383999705315,54.4781029820442,103.199856281281,3.70325070619583,1.39651596546173,34.2786955833435,0,3.47966313362122,0,5.43165218830109,0,3.07846814393997,0,0.557446300983429,0,1.97623783349991,0,2.58789050579071,0,28.3003201186657,0,1.56906306743622,0,1.96291553974152,0,233.91154062748,0,24.7530156075954,0,77.230427056551,0,28.2055894732475,0,46.1047905385494,0,24.4186694920063,0,43.0937851667404,0,1596.00007039309,73.9014640450478,1209.38333702087,25.0553382635117,462.71172362566,7.1986283659935,1084.54822152853,20.9644628763199,11.1743936538696,0,109.083336234093,0,107.761203557253,0,152.6638879776,0,0,0,18.1610449552536,0,0,0,0,0,17.6575489640236,1.47395074367523,3.98009431362152,0,0,0,0,0,0.613296926021576,0,12.1434872150421,2.94526839256287,0.797860264778137,1.28957712650299,20.9269164204597,6.48615139722824,0,0,0,0.976081371307373,0,5.34526509046555
4.55280190706253,950.471989810467,111.541567742825,997.84950453043,2.47105491161346,27.1814630329609,129.064779996872,7439.11674001813,3.46266829967499,477.762105256319,6.74845543503761,3526.79818034172,28.058012008667,0,2.43937799334526,3506.93047958612,1.79292231798172,208.975972175598,71.6238725781441,366.797427266836,0,4.21279871463776,144.306743890047,368.225285440683,3.85588324069977,7.19362926483154,1.52812856435776,6.53665319085121,10.0421894192696,1355.49354580045,21.3483554124832,36.1721923351288,24.9265694618225,34.0522923469543,0,0,0,15.1836592555046,0,0.628794133663177,0,23.0624070167542,0,0,0,0,0,0.530631840229034,0,0,0,18.6281797587872,0,0,0,0,0,139.093190342188,0,9.55930492281914,0,287.212741941214,0,260.680673271418,0,118.569377183914,0.981346547603607,5.81629937887192,0,4.34367454051971,46.039735943079,1459.95426601171,28.0432204008102,1656.40921887755,6.45215356349945,329.795709490776,14.327074944973,617.304119050503,0,1.96934735774994,0,94.3318132758141,0.530422985553741,2.03834217786789,0,251.842207998037,0,0,0,39.3238329589367,0,0,0,0,2.54726707935333,16.8786604404449,0,0,0,0,0,0,0,0,0.8725546002388,4.98785135149956,0,0,5.72275608778,0.966715633869171,0,0,0,0,0,0.498075783252716
28.1886514425278,0,522.64366954565,60.2246858775616,2340.89851054549,9.18639495968819,312.539439290762,34.7146565616131,3462.99533566833,10.1435254812241,68.084350079298,0,2755.90959724784,2.43937799334526,0,6.03495755791664,6.16375184059143,0,39.9565642774105,4.69634050130844,146.443306148052,20.4079359769821,258.227800399065,151.001341581345,271.0067024827,67.1646991968155,587.277592420578,32.2808176875114,2512.67763990164,3.3675684928894,317.143060296774,65.481318205595,63.8376943469048,8.12202113866806,22.7453431487083,0,26.7347133457661,0,13.2921182513237,1.59015536308289,115.313228338957,0,2.55764868855476,0,0,0,15.9240471124649,0,0,0,2.66866368055344,0,0,0,2.9203132390976,0,6.24036502838135,0,0,0,0.575701653957367,0,0,0,0.571202039718628,0,1.34604811668396,0,2.7745509147644,0,1449.11300373077,46.3365332186222,2234.04620859027,2.10463976860046,360.779646575451,0,689.176496714354,1.15876007080078,0,0,16.156578540802,0,1041.38212585449,0,12.035685300827,0,16.4116201400757,0,13.4762337803841,0,0.42088919878006,0,0,0,11.5460798144341,2.12921983003616,0.715255320072174,0,0,0,0,0,0,0,7.58703356981277,0,0,0,8.7217144370079,4.12073537707329,0,0,0,0,0,2.95405751466751
0,11.9053569436073,32.7455314993858,248.826539158821,52.4329515993595,1456.4687281847,5.00649911165237,652.694315165281,12.5575662851334,3197.88449904323,0.439125150442123,173.628114104271,0,3506.93047958612,6.03495755791664,0,0,42.2561450004578,2.76951378583908,27.9643133282661,6.22376394271851,318.886347264051,48.4089168906212,185.127319335938,59.5790126025677,173.326289653778,23.5732405781746,423.844011664391,2.17600560188293,2295.32936796546,31.4103395938873,46.0087332129478,1.25901293754578,2.79314470291138,0,0,0,71.5007010698318,0,18.3043655157089,0.832566559314728,182.213215172291,0,0.60005259513855,0,0,0,3.78594410419464,0,0,0,1.60422942042351,0,1.87163370847702,0,10.5675898194313,0,6.9484475851059,0,0,0,5.79304093122482,0,10.3097860217094,0,1.10223782062531,0,2.23397535085678,0,0,95.2113640904427,1031.11483672261,2.64608913660049,1586.37694078684,0,196.507737487555,1.18295228481293,257.880742281675,0,0,0,20.9344877004623,0,30.8428996801376,0,9.44776928424835,0,15.068253993988,0,10.4568430185318,0,0,0,0,0,9.14043492078781,0,0,0,0,0,0,0,0,0,0,0,0,5.50493577122688,0.998633444309235,0,0,0,0,0,0
1375.34143933654,27.1259834468365,498.800327301025,25.3986722826958,0,0,44.9644358158112,17.0296540260315,0,0,1105.43585139513,2.75900769233704,160.259682536125,1.79292231798172,6.16375184059143,0,0,1.86441433429718,685.478904217482,108.286286711693,0,0,2.86219438910484,1.32791209220886,0,0,0,0,4591.36454638839,2.18073916435242,6.77840209007263,3.0828675031662,18.5826968550682,63.4972859323025,14.919899225235,6.64749157428741,61.2188681662083,4.62511014938354,32.5558053255081,0,2.65971606969833,0,7.06353753805161,1.52161604166031,7.85787683725357,5.15443515777588,5.37751394510269,0,23.5483555197716,0.841622889041901,29.4148274064064,0.924075365066528,1.41515827178955,0,1.61538994312286,0,3663.09084665775,11.6536701917648,147.283605664968,15.783009827137,502.743646770716,0,2205.05643865466,0,45.0603491961956,0,166.960755169392,37.9241238534451,274.77201846242,4.19681441783905,156.260754048824,20.0763283371925,593.469878703356,5.30983525514603,119.241189420223,1.20862483978271,476.141213953495,51.4592586755753,316.534479022026,0,1708.56189602613,0.828094184398651,91.9786722958088,0,438.585417598486,0.48075807094574,1.71441626548767,0,99.7790933847427,1.47322195768356,0,0,0,0,19.2948731780052,0.598765790462494,3.41096973419189,0,0,0,0,0,0.894783318042755,0,3.30429118871689,5.04516327381134,1.60554587841034,0,5.12347257137299,1.82990837097168,0,0,0,0,0,3.07547110319138
13.4691880941391,1039.19933444262,4.49373215436935,381.712077498436,0,0,3.6115654706955,201.446133136749,0,2.64256465435028,1.94851180911064,828.726342439651,0.681119799613953,208.975972175598,0,42.2561450004578,1.86441433429718,0,65.8034425973892,427.641122341156,0,0,0,36.6337350606918,0,0,0,0.967116057872772,5.91078734397888,3094.59751260281,7.62883174419403,2.22862869501114,14.6272711157799,48.3664324879646,2.38870197534561,0,0,4.95784348249435,0,2.41926091909409,0,2.19672471284866,0,0.997001767158508,0,2.09633374214172,0,0.99452543258667,0,8.75559324026108,0,15.0860697031021,0,1.20205748081207,0,0,4.9770256280899,1979.45943248272,4.34268933534622,54.4136418998241,0.618479430675507,191.360046446323,0,3085.06361302733,0,18.1241790354252,12.4792677760124,53.602465569973,17.9579414129257,52.6536822915077,13.0991677939892,143.126607149839,5.86541604995728,1970.68342351913,0,72.152103304863,17.7967756986618,172.970013916492,0,352.482394844294,0,912.790296912193,0,5.12122285366058,0,143.107638210058,0,2.01030659675598,0,28.117507994175,0,0,0,0,0,6.7429746389389,0,0,0,0,0,0,0,0,1.65344572067261,3.38617432117462,0,0,1.80555635690689,0,0,0,0,0,0,4.58629369735718
1811.1798941195,919.868542850018,2193.98332032561,841.343684583902,2.36295855045319,0,571.262083590031,871.196458786726,9.35391792654991,0.574241936206818,1081.82353430986,199.348055630922,633.755146235228,71.6238725781441,39.9565642774105,2.76951378583908,685.478904217482,65.8034425973892,0,5336.94818288088,0,0,907.980759769678,449.406286895275,0.596865057945251,0,0,0,1049.5500356853,38.7545186877251,707.473632097244,394.013444155455,3231.00948444009,2356.96879738569,71.1925142109394,16.077166467905,61.2027842998505,4.49887293577194,33.0480521321297,1.5635986328125,6.28387689590454,1.09369289875031,37.4832653999329,1.57631468772888,5.18705838918686,1.9513640999794,26.2136707007885,9.17830544710159,9.69327712059021,0,47.0547815263271,0,0,0,0,0,332.068177849054,65.7741163372993,77.9733719527721,1.87849289178848,26.65200984478,0.622202634811401,13.1319855451584,3.31621980667114,25.9938564896584,0,823.801668018103,128.964542508125,1753.49123445153,75.1008598804474,1554.31882303953,514.594487041235,1803.31915667653,395.724994033575,877.73023673892,123.781356453896,3468.14351135492,1004.38338050246,10.9347764849663,0,39.2992762923241,2.72103488445282,58.7629897892475,0,30.9246024489403,0.68929123878479,0,0,5.17129921913147,0,0,0,0,0,94.9866192042828,12.2300555109978,3.37474530935287,0,0,0,0,0,0,0,25.9833341836929,5.47839456796646,2.46004581451416,0,81.149367749691,13.8621938824654,1.18389403820038,0,0,0,0,13.71596378088
971.515040457249,2495.95432385802,777.822298884392,2421.98122349381,0.547845721244812,3.31607776880264,720.727133363485,1047.67057698965,2.39465367794037,6.2130109667778,282.908342659473,909.418399900198,235.310993820429,366.797427266836,4.69634050130844,27.9643133282661,108.286286711693,427.641122341156,5336.94818288088,0,0,11.2117675542831,712.76179137826,1429.65683212876,0.485664784908295,13.0773968994617,0,8.74628645181656,293.241613417864,292.899719834328,353.386629521847,495.022039115429,1338.6633452177,5548.74733769894,52.1624925136566,27.1496440768242,4.68549537658691,152.486091256142,1.83231365680695,55.5308740139008,0,11.5615311861038,15.7678384184837,12.8796065747738,1.49860352277756,18.9645231068134,5.08415371179581,59.3730585873127,0,20.1846770048141,0,21.9610963761806,0,0,0,1.48653745651245,165.865387588739,506.812899589539,4.39254581928253,144.259433478117,3.10020333528519,64.3380515575409,2.48491752147675,103.957872360945,3.35466864705086,35.1385119855404,133.05100274086,905.267427712679,1274.61953642964,956.660826295614,671.152153521776,1832.14941036701,618.412662565708,2445.99522894621,248.906774282455,913.164173752069,1036.0368655622,6031.18858250976,0,5.09096476435661,0,31.5892542600632,7.84774500131607,0,0,26.2112891077995,0,0,0,1.25783610343933,0,0,0,0,18.6040256023407,234.788417071104,0,0.78144234418869,0,1.51427936553955,0,0,0,0,8.95511198043823,48.5844399333,0,8.71170973777771,125.555999070406,38.4561757445335,17.1168117523193,0,0,0,1.37855577468872,32.0138532817364
0,0,1.46677881479263,4.64361774921417,169.778041362762,11.9307479262352,0.589956045150757,0.897114932537079,31.5208272337914,3.52407890558243,0,0,0,0,146.443306148052,6.22376394271851,0,0,0,0,0,49.2286044955254,42.593331515789,21.6752824187279,150.284825354815,50.7002790570259,495.383256971836,50.0997604727745,71.4769590497017,1.48353564739227,577.28212249279,22.153241276741,75.9284048080444,1.93312239646912,19.2566704750061,1.16068279743195,7.0826957821846,1.11888420581818,17.391682267189,0,245.999499201775,6.4474830031395,4.84727740287781,0,0,0,7.64882206916809,0.628145158290863,1.57592523097992,0,0,0,0.458146810531616,0,2.5391651391983,0,0,0,0,0,0.689488172531128,0,0,0,0.713155925273895,0,12.5168314874172,0,0,0,819.348589807749,53.3604973554611,145.415825992823,5.30727994441986,27.8835530281067,4.69902670383453,20.6507337093353,3.09173822402954,0,0,0,0,13.4072493314743,2.89253014326096,0,0,8.4851194024086,2.44334280490875,3.7694286108017,1.24771410226822,1.83113920688629,0,0,0,0,0,0,0,0,0,0,0,0,0,0,0,0,0,0,0,0,0,0,0,0,0
0,0,1.3581395149231,13.5100322365761,56.7088201642036,677.312668710947,0,0.774187624454498,3.05267268419266,157.126152396202,0,1.4752357006073,0.669607102870941,4.21279871463776,20.4079359769821,318.886347264051,0,0,0,11.2117675542831,49.2286044955254,0,22.1500054597855,101.150042951107,115.857905626297,429.766778975725,145.481404334307,1576.00712895393,2.23440951108932,178.183487594128,79.9353089332581,1301.09961879253,14.9115865826607,61.4525935053825,4.18130081892014,9.7264986038208,9.02587556838989,174.840239405632,19.7396731376648,38.0740860104561,5.09467393159866,1047.57676255703,0,0.482513338327408,0,1.88446086645126,1.3720098733902,9.90823897719383,0,0.581235885620117,0,1.9019917845726,0,2.2509703040123,0,11.5788046121597,0,0,0,0,0,0,0,0,0,0,0,11.2212127447128,0,0,85.7250492572784,583.760332524776,5.40221071243286,396.773016899824,1.74729454517365,14.6034405827522,0,19.6114755868912,0,0,0,2.51754170656204,1.27652955055237,245.706688761711,0,12.1925495564938,0,28.5360036492348,0,6.34933072328568,0,0,0,0,0,2.84116685390472,0,0,0,0,0,0,0,1.40103256702423,0,0.84650593996048,0,0,0,0,0,0,0,0,0,0
15.7075350880623,3.16539087891579,3524.5727674067,1001.23807576299,219.149043649435,113.239334881306,429.800546377897,909.189517021179,94.7545974254608,73.8299689590931,90.423770904541,57.4770868420601,335.455957323313,144.306743890047,258.227800399065,48.4089168906212,2.86219438910484,0,907.980759769678,712.76179137826,42.593331515789,22.1500054597855,0,3994.9506881237,1584.21434417367,482.642155259848,149.568989217281,82.4747058451176,299.781037926674,8.6554291844368,5799.62536582351,1723.10694116354,1417.9602971077,790.476276099682,340.27253806591,3.38095921278,11.0202147364616,0,3.3220528960228,0,14.0622162222862,0.836775720119476,63.6086144447327,0,7.40828719735146,0,33.142686009407,0,0,0,0,0,0,0,0,0,0.719940483570099,0,0,0,0,0,0,0,0,0,333.001429021358,1.57459160685539,5.46837574243546,0,1729.0929582715,432.75314438343,643.043969392776,121.492956876755,274.630933642387,19.8400356173515,695.233902841806,105.96051543951,0,0,1.12604904174805,0,18.2091239690781,0,0,0,0.948329478502274,0,0,0,0,0,0,0,7.0107147693634,0,1.34603834152222,0,0,0,0,0,0,0,5.23141533136368,2.23813080787659,0,0,12.8295891284943,3.28235441446304,0,0,0,0,0,3.48502492904663
2.70812529325485,32.6235346496105,2227.41932818294,3098.76323595643,347.604848772287,410.01270750165,1021.71673679352,798.28921815753,199.810564041138,88.0211056768894,32.8918839395046,225.845984786749,347.67762863636,368.225285440683,151.001341581345,185.127319335938,1.32791209220886,36.6337350606918,449.406286895275,1429.65683212876,21.6752824187279,101.150042951107,3994.9506881237,0,469.803183287382,1668.2453456521,128.53436216712,195.903333455324,120.646718740463,128.289590597153,953.103121936321,3760.41437092423,85.7000775039196,1161.82817727327,1.15811455249786,29.356527864933,0,27.1522086858749,0,1.57436299324036,4.47766363620758,36.5095195174217,0,5.90341126918793,0.43957394361496,0,0.841167509555817,33.0161716341972,0,0,0,0,0,0,0,2.40505003929138,0,13.8938609361649,0,0,0,3.00839346647263,0,11.6277013421059,0,0,0,123.337624192238,1.10627901554108,0,1123.49380359054,1948.78616899252,396.567865073681,1228.00632509589,166.104519665241,561.442741394043,240.223256528378,1292.25998210907,0,0,0,12.2484394311905,2.24160951375961,4.89077866077423,0,1.28789496421814,0,1.58123600482941,0,0,0,0,0,0,0.610296607017517,33.785557538271,0,0,0,0,0,0,0,0,2.13622859120369,10.2506699562073,0,0,28.4516081809998,2.24226194620132,3.41748023033142,0,0,0,0,3.34179902076721
0,0,208.238065898418,112.073268651962,613.751762360334,132.029444158077,7.54589027166367,34.940548479557,89.9253072738647,87.1481282711029,0,0,4.83292800188065,3.85588324069977,271.0067024827,59.5790126025677,0,0,0.596865057945251,0.485664784908295,150.284825354815,115.857905626297,1584.21434417367,469.803183287382,0,704.104844510555,985.573908746243,222.417339086533,41.4818687736988,9.52184069156647,725.656999975443,191.575557351112,40.3723865151405,10.1174438595772,10.753036826849,0,3.51739782094955,0,0,0,14.5048066973686,4.87756073474884,0,0,0,0,0,0,0,0,0,0,0,0,0,0,0,0,0,0,0,0,0,0,0,0,5.33685940504074,0,0,0,541.075624316931,154.868936866522,184.842764467001,18.7345808446407,11.5718992948532,1.29492801427841,18.7240695357323,0,0,0,0,0,20.0893538594246,0,0,0,0.568308115005493,0,0,0,0,0,0,0,0.652734458446503,0,0,0,0,0,0,0,0,0,0,0,0,0,0,0.530361413955688,0,0,0,0,0,0
0,0.857672989368439,134.539578855038,161.662710249424,322.518805980682,706.42054349184,14.1124834418297,26.7517666816711,43.078321158886,131.610319435596,0,1.09103262424469,5.43168598413467,7.19362926483154,67.1646991968155,173.326289653778,0,0,0,13.0773968994617,50.7002790570259,429.766778975725,482.642155259848,1668.2453456521,704.104844510555,0,297.777018845081,1725.53312623501,11.9799610376358,78.6800042390823,355.211308866739,777.313970476389,37.6227293014526,34.1297414898872,0,7.49461328983307,0,18.039624273777,0,4.83188396692276,3.40364074707031,82.4109289348125,0,0,0,0,0,4.32085633277893,0,0,0,0,0,0,0,0.428156584501266,0,0,0,0,0,0,0,0,0,0,0,3.18400263786316,0,0,372.513394683599,584.115568935871,30.7891892194748,298.228397369385,1.92245656251907,22.20924025774,0,23.2289106249809,0,0,0,0.94889622926712,0,15.1608517765999,0,2.02430486679077,0.737038254737854,5.562594383955,0,2.65998616814613,0,0,0,0,0,1.61809569597244,0,0,0,0,0,0,0,0,0,0,0,0,0,0,0,0,0,0,0,0
0,0,24.5695900321007,26.120971173048,1083.87242138386,65.8133235871792,0.687929093837738,9.33034127950668,130.581389755011,28.0897545814514,0,0,0.552520930767059,1.52812856435776,587.277592420578,23.5732405781746,0,0,0,0,495.383256971836,145.481404334307,149.568989217281,128.53436216712,985.573908746243,297.777018845081,0,196.95271846652,97.8299226164818,6.61709803342819,674.857945144176,73.9056269526482,58.0098888874054,5.20772409439087,9.46975964307785,0,113.453594923019,114.349689602852,147.053227841854,8.74313080310822,70.7723517715931,1.06532049179077,0,0,0,2.17140913009644,0,1.6461483836174,0.927067756652832,0,0.999707460403442,0,0,0,0,0,0,0,0.948282659053802,0,1.54953277111053,0,0,0,0,0,2.59154748916626,0,0,0,514.314423382282,100.192253768444,184.639228790998,12.3689793348312,9.71842169761658,4.62441468238831,13.578355550766,3.40915548801422,0,0,0.991475880146027,0,20.1810422539711,0,1.39227896928787,0.578900694847107,5.02818229794502,0,2.44673347473145,0,0,0,0,0,1.80939197540283,2.49213463068008,0,0,3.0717945098877,0,0,0,1.37569046020508,0.948718726634979,2.15224838256836,1.5173214673996,0,0,0,0,0,0,0,0,0,0
0,0,16.0673446059227,32.6836158335209,114.259048163891,1173.52424696088,1.09121835231781,8.95479011535645,12.7701975703239,428.725367933512,0,0,0.741163313388824,6.53665319085121,32.2808176875114,423.844011664391,0,0.967116057872772,0,8.74628645181656,50.0997604727745,1576.00712895393,82.4747058451176,195.903333455324,222.417339086533,1725.53312623501,196.95271846652,0,6.39084368944168,182.69308000803,125.37579652667,420.301403820515,12.7917719781399,34.5491936802864,0,5.35719162225723,5.04250931739807,98.1409730315208,29.9275234937668,17.0169392824173,4.42156034708023,256.117305248976,0,1.59559074044228,0,0,0,2.86269214749336,0,0,0,1.9439035654068,0,0,0,6.08269560337067,0,0.690271019935608,0,0,0,0,0,0.535694658756256,0,0,0,2.68930447101593,0,0,190.226730793715,645.869214653969,11.1811371147633,394.951790511608,0,7.87942755222321,0,18.1124504208565,0,0,0,5.7718032002449,1.90525472164154,50.848087221384,0,9.32474058866501,0,13.8075965642929,0,9.17584151029587,0,0,0,0,0,0,1.16649484634399,0,0,0,0,0,0,0,0,0,0,0,0,0,0,0,0,0,0,0
1688.57111462951,49.6928533017635,1310.52977216244,94.0449923276901,408.612365365028,0.59892600774765,327.377568840981,92.2680678665638,275.59936824441,3.04272758960724,1135.90743374825,15.7476217150688,2243.41612258554,10.0421894192696,2512.67763990164,2.17600560188293,4591.36454638839,5.91078734397888,1049.5500356853,293.241613417864,71.4769590497017,2.23440951108932,299.781037926674,120.646718740463,41.4818687736988,11.9799610376358,97.8299226164818,6.39084368944168,0,3.65348362922668,74.9630021452904,60.2368303537369,54.7419982850552,105.355784654617,37.1209849119186,25.6616026163101,221.735662072897,17.6910155415535,61.4286776781082,0,643.965551614761,0,376.504961788654,14.1731588244438,96.4572995305061,6.47572612762451,401.815119832754,3.28050911426544,194.610926866531,1.44895708560944,303.571440815926,0.988912343978882,58.4856454133987,0,105.483616709709,0,2056.67478188872,25.8273572921753,476.882306545973,25.0167902708054,270.622776091099,7.02191978693008,493.027009904385,6.89428114891052,148.099409133196,0,512.143402248621,131.390093505383,576.73879379034,11.6734309792519,715.531446784735,56.7657343745232,2225.03626662493,14.2919957637787,362.263842910528,10.9722322225571,979.931390613317,93.0184814035892,268.969130992889,1.3403662443161,1034.99419438839,0,1541.31000757217,0,431.609482705593,1.08007311820984,324.824191153049,0,182.323645412922,0,67.7158187627792,0,0,0,34.5496038198471,2.37515586614609,10.340009778738,0,24.523997426033,0,0,0.69364321231842,0,0,13.2634966671467,9.53949278593063,0.755179464817047,0,11.0137302279472,1.7176371216774,2.76850432157516,0,0,0,0,4.09481507539749
2.4903872013092,570.729705035686,16.9427195191383,405.745765060186,5.88093149662018,328.739342600107,10.5150833427906,267.957625865936,4.87056529521942,323.720689415932,1.83983945846558,836.570254355669,1.95281833410263,1355.49354580045,3.3675684928894,2295.32936796546,2.18073916435242,3094.59751260281,38.7545186877251,292.899719834328,1.48353564739227,178.183487594128,8.6554291844368,128.289590597153,9.52184069156647,78.6800042390823,6.61709803342819,182.69308000803,3.65348362922668,0,4.2633683681488,22.1031032502651,5.58395546674728,21.366186439991,2.14821249246597,4.75610834360123,6.00966227054596,176.983689188957,0,27.8014108538628,0,345.433316588402,9.97890132665634,25.9982192218304,5.78789374232292,44.6084469556808,0.716333508491516,107.948032528162,0,35.4841660261154,0,55.8398278951645,0,36.8268273174763,0,27.4442810714245,3.00398415327072,738.225573658943,1.25565004348755,87.5608360171318,0,151.643050372601,0,486.409835636616,0,41.9683150649071,19.5744403600693,56.0193313658237,7.50054597854614,55.0405865311623,19.9268913269043,250.504012644291,10.3307923078537,4247.50445213914,2.10252785682678,76.6025277674198,11.4309742450714,155.481151342392,0,315.347330868244,1.31207871437073,610.924898117781,0,425.693659156561,0,158.032437622547,0,48.4242231547832,0,44.4917683005333,0,13.0537516474724,0,0,2.66141384840012,11.9108090698719,1.5609894990921,3.7468609213829,0,24.2100080549717,0,0,0,3.98150587081909,2.72204101085663,6.57930335402489,0,2.11815482378006,5.56404447555542,0,0,0,0,0.748054087162018,0,2.78083455562592
17.1930786371231,18.5488509535789,431.100164085627,217.040316283703,269.02180352807,63.6668943762779,114.467499732971,174.299530118704,70.6344811916351,44.6239048242569,27.3895847201347,13.4851272106171,60.2757614254951,21.3483554124832,317.143060296774,31.4103395938873,6.77840209007263,7.62883174419403,707.473632097244,353.386629521847,577.28212249279,79.9353089332581,5799.62536582351,953.103121936321,725.656999975443,355.211308866739,674.857945144176,125.37579652667,74.9630021452904,4.2633683681488,0,810.919358819723,1472.8578800559,378.230970442295,291.541937142611,2.56137651205063,3.92544853687286,4.67360413074493,11.2005356550217,0,22.2429689764977,0.739409625530243,149.817042052746,0.990062892436981,26.1181117594242,0.638189256191254,40.7802793979645,2.62079232931137,0,0,0,0,0,0,2.0746151804924,0,0,2.322758436203,0,0.875811696052551,0,1.73419690132141,0,2.30813980102539,0,1.26191926002502,441.901454597712,22.0044609904289,4.51099288463593,0,1269.00340273976,183.146228224039,172.403096497059,60.7462495267391,62.6828364729881,8.71595764160156,147.105231583118,69.7842862606049,0,0,0,0,15.2387011647224,0.782199084758759,0.612739205360413,4.11456435918808,0.52319061756134,0,0,0,0,0,0,0,4.1937900185585,3.76765149831772,0,0,0,0,0,0,0,0,4.34154570102692,3.39337635040283,0,0.698565900325775,3.59262347221375,0,0,0,0,0.586269795894623,0,0
7.7436665892601,9.76921564340591,691.512321978807,180.7429048419,98.88840970397,88.7283054590225,276.458010494709,102.885104477406,42.7117015123367,36.9404982030392,27.4797747731209,18.7533550858498,104.383999705315,36.1721923351288,65.481318205595,46.0087332129478,3.0828675031662,2.22862869501114,394.013444155455,495.022039115429,22.153241276741,1301.09961879253,1723.10694116354,3760.41437092423,191.575557351112,777.313970476389,73.9056269526482,420.301403820515,60.2368303537369,22.1031032502651,810.919358819723,0,197.682599872351,2729.73938220739,12.0785265564919,130.060053825378,1.52871894836426,13.7747457027435,0,25.4791168570518,1.66879677772522,29.2038099765778,4.88591927289963,26.7384658753872,1.63581326603889,4.21599006652832,7.03605443239212,150.144829541445,0,0,0,0,0,0,0,0.478599101305008,0,0.854010045528412,0,0,0,1.06993448734283,0,2.57575356960297,0,0,15.130054473877,628.817301630974,2.22860318422318,0,406.115278750658,436.180601745844,189.361743688583,141.486286759377,66.6497402787209,18.3494378328323,163.567595124245,51.4355646371841,0,0,0,3.800417304039,3.43598568439484,5.92179751396179,0,2.18558248877525,0,1.34026426076889,0,3.94011163711548,0,0,0,0,2.06118124723434,1.79758927226067,2.80706095695496,0,0,0,0,0,0.821666955947876,0,0,0,0,0,1.64570128917694,0,25.5215739011765,0,0,0,0,0.761553049087524
73.1094948351383,200.920290321112,115.424328178167,180.461850732565,32.2938432097435,1.54734617471695,49.6695953905582,181.445000588894,6.35386747121811,0.789828538894653,54.5103037953377,40.8230629265308,54.4781029820442,24.9265694618225,63.8376943469048,1.25901293754578,18.5826968550682,14.6272711157799,3231.00948444009,1338.6633452177,75.9284048080444,14.9115865826607,1417.9602971077,85.7000775039196,40.3723865151405,37.6227293014526,58.0098888874054,12.7917719781399,54.7419982850552,5.58395546674728,1472.8578800559,197.682599872351,0,888.870059788227,1141.47131815553,12.5660232901573,5.15764772891998,18.4308237433434,70.095440864563,1.37975633144379,6.46553760766983,1.93868088722229,368.131159216166,11.3504344820976,140.074127703905,5.27705922722816,179.01363915205,13.0389588475227,0.780873894691467,6.11382848024368,0.847767531871796,0.600140869617462,0,0,12.1491457819939,0,40.3952915966511,58.6960191726685,6.37353628873825,29.2471934556961,3.74078038334846,6.63089352846146,3.88118451833725,7.27341616153717,1.00826513767242,1.37345707416534,3569.56595572829,227.048045367002,1548.66953366995,92.4027069211006,280.871579170227,146.50348085165,102.173439413309,91.9016124010086,43.8402050435543,29.207709133625,193.142435699701,325.729346334934,0.657674133777618,2.42723250389099,1.89069882035255,8.70868349075317,1.82259368896484,0,1.80281519889832,4.6165469288826,0,0,2.34960985183716,1.00515329837799,0,0,0,0,4.29295063018799,4.07753258943558,0.550918817520142,0,0.889650046825409,0,0,0,1.67476010322571,0,3.84166729450226,0.610830068588257,2.57355940341949,0,8.96907967329025,1.83018273115158,0,0,0,0,1.49116456508636,0
307.585888773203,333.542969554663,427.923857808113,141.444477200508,3.28260308504105,11.5721866488457,212.169206053019,85.481429874897,5.69985204935074,2.3571640253067,120.242272496223,49.4070126414299,103.199856281281,34.0522923469543,8.12202113866806,2.79314470291138,63.4972859323025,48.3664324879646,2356.96879738569,5548.74733769894,1.93312239646912,61.4525935053825,790.476276099682,1161.82817727327,10.1174438595772,34.1297414898872,5.20772409439087,34.5491936802864,105.355784654617,21.366186439991,378.230970442295,2729.73938220739,888.870059788227,0,91.9812183976173,876.704948425293,40.826200067997,53.908592402935,4.24780106544495,104.915360927582,1.35452735424042,0.506895005702972,21.8092243671417,145.198514699936,9.81653726100922,31.752172678709,5.0093908905983,373.900783419609,1.52858698368073,9.6563101708889,7.88845637440681,5.83447650074959,0,0,0,13.8970686793327,127.333618819714,208.212581217289,19.5075767040253,67.2512702941895,12.8020538985729,10.5388925075531,19.8466510176659,36.5859599709511,3.49982339143753,4.52435332536697,545.338414043188,4940.98220300674,1075.69320642948,752.363177448511,332.357832044363,278.840923309326,249.620921134949,216.850092589855,123.933388948441,91.6814641356468,520.011444807053,731.026430159807,5.15877497196198,0.6473348736763,8.46486014127731,20.4688549637794,7.14548510313034,0,2.35560584068298,6.92605662345886,0,0,0,5.85322871804237,0,1.52421748638153,0,0,7.84681713581085,23.7096909284592,1.45821821689606,2.35393571853638,4.08879005908966,1.2988817691803,0,0,0,0,12.4393917918205,25.6447386443615,0,3.53254985809326,12.6562523543835,6.20504057407379,70.1648975014687,0,0,0,1.03792405128479,4.71218430995941
12.3325918316841,10.0143874287605,13.2788896262646,0.874602377414703,17.7323096096516,0,5.60391366481781,4.6249572634697,2.31383568048477,0,10.9773049652576,2.54823023080826,3.70325070619583,0,22.7453431487083,0,14.919899225235,2.38870197534561,71.1925142109394,52.1624925136566,19.2566704750061,4.18130081892014,340.27253806591,1.15811455249786,10.753036826849,0,9.46975964307785,0,37.1209849119186,2.14821249246597,291.541937142611,12.0785265564919,1141.47131815553,91.9812183976173,0,165.834627509117,119.296724021435,84.0373677313328,49.7298008203506,14.3312331438065,6.68716934323311,0,398.657887965441,95.3277883827686,293.349297404289,157.616419315338,196.762372016907,92.0133667588234,86.8351633250713,51.3730344176292,58.0704521536827,19.4663388729095,7.04368329048157,1.8274137377739,28.8996993899345,19.070376008749,11.0029826760292,13.7583181262016,66.3240658044815,38.9456850290298,22.3751428723335,9.63496524095535,28.2858005166054,5.68038064241409,0.922814667224884,6.17956292629242,2204.58333060145,399.801232486963,8.12849101424217,8.81618493795395,46.675935447216,6.69073832035065,57.5244972705841,22.7227442264557,4.65753209590912,1.90046519041061,83.1882069408894,62.4860507249832,7.79157888889313,2.89156925678253,69.817214012146,17.2764754593372,6.34688049554825,0,27.0144055783749,10.9082093834877,3.77773559093475,1.20150429010391,22.13468760252,15.707320868969,6.98564213514328,3.27519285678864,0,0,4.19635361433029,2.88416218757629,9.63536316156387,2.24374222755432,4.69834649562836,0.505767464637756,2.82771265506744,0,0,0,7.92758816480637,0,0,0,0,1.40979993343353,0.667515218257904,0,0,0,0,0
3.03180891275406,3.44705456495285,0.647289454936981,4.66677087545395,0,0,0.98639652132988,1.63855183124542,0,0,0,0,1.39651596546173,0,0,0,6.64749157428741,0,16.077166467905,27.1496440768242,1.16068279743195,9.7264986038208,3.38095921278,29.356527864933,0,7.49461328983307,0,5.35719162225723,25.6616026163101,4.75610834360123,2.56137651205063,130.060053825378,12.5660232901573,876.704948425293,165.834627509117,0,85.2616023421288,82.1648913025856,14.8490931391716,34.6756803393364,11.1955505013466,5.80301368236542,193.711312830448,180.974354565144,157.610529839993,235.57666811347,82.2963287830353,199.301380783319,68.4907621145248,81.9909183382988,37.4094176292419,25.8352012336254,7.37214601039886,25.2470554709435,20.1035999953747,18.800080537796,7.19051814079285,6.94466090202332,63.6526028215885,29.5441097319126,10.4099215269089,1.76207649707794,15.9932962656021,11.5924655199051,3.20381289720535,3.93483194708824,413.395487904549,2106.80185735226,3.02088069915771,1.5115994811058,4.53323811292648,6.14639639854431,26.4221639037132,21.2079617381096,4.98191130161285,7.41851714253426,76.9708485007286,64.7000267207623,4.53163987398148,5.8208030462265,44.4989755749702,34.5474155545235,6.2578661441803,4.4834518134594,19.892310321331,16.9701912999153,0.638946294784546,2.9586318731308,16.877454072237,17.9523139595985,5.45652806758881,6.29022598266602,0,0,9.86625176668167,5.94155997037888,4.11633163690567,7.77501100301743,0,7.29968917369843,0,0,0,0,1.28173351287842,1.7882314324379,0,1.21397519111633,0,0,10.7792288064957,0,0,0,0,0
300.614719688892,17.0460816323757,60.2309101223946,1.39050137996674,19.1204647421837,0,23.088526725769,0,10.6294008493423,0,63.2515244483948,0,34.2786955833435,0,26.7347133457661,0,61.2188681662083,0,61.2027842998505,4.68549537658691,7.0826957821846,9.02587556838989,11.0202147364616,0,3.51739782094955,0,113.453594923019,5.04250931739807,221.735662072897,6.00966227054596,3.92544853687286,1.52871894836426,5.15764772891998,40.826200067997,119.296724021435,85.2616023421288,0,293.453554660082,1990.55238997936,20.265740275383,612.765213400126,7.40909844636917,900.515970826149,169.660866647959,329.585950165987,81.5504204332829,1294.93211632967,104.124916046858,440.832921952009,32.0590680241585,350.346490621567,9.31842035055161,82.747047752142,13.4696573615074,1400.20692965388,17.9379932880402,454.796791881323,45.634263753891,466.863494634628,162.422346413136,385.105327665806,32.9378180503845,102.248786658049,4.59218484163284,191.943776011467,6.69221103191376,962.903593629599,748.019875079393,285.61451998353,4.2896648645401,348.064083039761,14.8072627782822,259.027099341154,66.9338821768761,775.791998803616,51.0939262807369,3875.53928175569,188.517992168665,8.38220340013504,2.30861234664917,102.228792726994,20.0338751673698,476.827144056559,1.39707767963409,148.680112868547,4.98234841227531,946.929723024368,3.17205238342285,1097.07257446647,13.2774264812469,169.833916187286,77.8775747716427,18.3609831631184,28.3386207222939,92.7286419272423,25.9818429946899,87.4999786317348,18.0251062214375,72.1197595596313,31.6848110556602,30.6410740315914,28.0352506637573,32.0878063738346,92.1448634564877,63.1292289197445,39.5183788537979,24.1010396778584,10.4728197157383,12.6032763719559,12.7522426247597,12.220575273037,0.78403377532959,1.30254977941513,0,3.24892175197601,12.1588555574417
13.4209904074669,342.679295808077,3.23342621326447,60.1088546514511,0,68.3852272927761,0.586854219436646,38.3639489412308,0,60.9825026094913,0,9.39490035176277,0,15.1836592555046,0,71.5007010698318,4.62511014938354,4.95784348249435,4.49887293577194,152.486091256142,1.11888420581818,174.840239405632,0,27.1522086858749,0,18.039624273777,114.349689602852,98.1409730315208,17.6910155415535,176.983689188957,4.67360413074493,13.7747457027435,18.4308237433434,53.908592402935,84.0373677313328,82.1648913025856,293.453554660082,0,152.724860072136,1615.17679190636,37.0773634910583,627.662925183773,315.873514771461,497.362392485142,83.8750941753387,764.406073927879,119.211464166641,1778.2269847393,18.0562172532082,473.825597465038,21.9645349979401,351.382039368153,0,299.658909916878,16.6899317502975,1355.02398127317,46.8020358681679,304.946961760521,148.056497335434,300.976860553026,48.733701646328,152.709225594997,22.5763273239136,42.5394802689552,3.84723949432373,98.8685208261013,769.082527130842,868.001878321171,19.9121105074883,70.9846474230289,37.1306791305542,311.812387168407,58.4382915496826,466.853290885687,25.8360369205475,724.463667482138,188.238292843103,3825.65269246697,12.0777109861374,10.9271459579468,24.1524850130081,208.865011334419,3.43697333335876,933.274299055338,6.86712801456451,365.167922437191,3.99646258354187,1410.31842207909,4.91152548789978,1076.37866657972,35.0545951128006,217.000755935907,13.1183024048805,33.982389241457,15.1848169267178,96.1101773679256,28.1563626527786,45.4665997922421,11.6136212348938,245.300360500813,26.8096604049206,12.9248763024807,22.7789326906204,76.8320150375366,24.0259787738323,72.3459962010384,25.9182749390602,22.6915574669838,9.55911767482758,7.63521748781204,8.24504834413528,4.02806121110916,3.39048317074776,5.72604084014893,3.19852709770203,11.4043642878532
119.565073668957,2.12827384471893,14.9808930158615,1.23179137706757,6.65049874782562,0,0,0,1.82289606332779,0,14.4762126207352,0,3.47966313362122,0,13.2921182513237,0,32.5558053255081,0,33.0480521321297,1.83231365680695,17.391682267189,19.7396731376648,3.3220528960228,0,0,0,147.053227841854,29.9275234937668,61.4286776781082,0,11.2005356550217,0,70.095440864563,4.24780106544495,49.7298008203506,14.8490931391716,1990.55238997936,152.724860072136,0,22.1501914262772,862.136121213436,1.09005296230316,290.844110101461,26.2451142072678,294.645102232695,10.3778027296066,1070.57689681649,20.9722776412964,154.170114547014,0.876914143562317,74.986662209034,3.75591158866882,20.5204764008522,0,1631.87243548036,1.47801208496094,277.178954362869,2.6340446472168,167.085695743561,5.97088515758514,75.9602985978127,3.22128009796143,34.2702172100544,0.934326350688934,25.403785943985,0,678.65866330266,107.565319061279,218.889070212841,2.02705669403076,58.1552022099495,5.27846151590347,60.698869407177,5.42402058839798,99.5024873316288,49.0385361015797,229.593493849039,52.5255338847637,2.06593859195709,0,44.3502121567726,0,88.1256506443024,0,26.8273524343967,0,81.0730908811092,0.558308243751526,204.224942296743,0,333.437649846077,144.810372084379,77.4454648196697,34.7730507552624,48.1750449538231,106.882751375437,192.334700733423,40.0103645324707,130.893124878407,82.8455086946487,124.057631969452,30.8306761980057,105.938988089561,68.6705467104912,97.1039018332958,42.3981644809246,74.7309173941612,22.3307553827763,3.86907413601875,2.79224836826324,14.0084491968155,4.79312771558762,4.35769408941269,3.74285560846329,2.79501140117645,6.91431963443756
0,93.1921904683113,0,9.14457666873932,0,31.1826843619347,0,3.59729787707329,0.797794461250305,3.8612225651741,0,0,0,0.628794133663177,1.59015536308289,18.3043655157089,0,2.41926091909409,1.5635986328125,55.5308740139008,0,38.0740860104561,0,1.57436299324036,0,4.83188396692276,8.74313080310822,17.0169392824173,0,27.8014108538628,0,25.4791168570518,1.37975633144379,104.915360927582,14.3312331438065,34.6756803393364,20.265740275383,1615.17679190636,22.1501914262772,0,2.37402105331421,2013.45433753729,69.6124958992004,232.078968584538,33.6431440711021,387.541032731533,24.3243370056152,907.086602032185,13.7380169630051,124.464792609215,4.50892984867096,78.2659810185432,0,85.3359811604023,3.29113173484802,2470.81981030107,0,53.6070681214333,2.06364095211029,53.0644353330135,0,7.17363926768303,0,2.71026968955994,0,14.0313288867474,43.5332977771759,705.359804213047,1.31513392925262,26.9317166805267,7.5120512843132,22.208785712719,0,50.9057874381542,7.54906311631203,50.3552467823029,16.2276955246925,97.9711228311062,0,5.52332675457001,0.977691948413849,26.1828859746456,0,201.549350082874,0,50.8370521962643,0,222.951991736889,0,385.37479031086,15.8962524533272,56.0905143618584,6.1408514380455,16.0155986845493,7.24458199739456,39.5071710944176,9.58134737610817,74.3362202942371,2.97132611274719,35.0016310811043,3.2714381814003,47.8237755894661,11.4270014166832,90.9505714178085,3.92199063301086,38.2029766440392,7.2264261841774,20.4838467240334,1.37284564971924,0,6.94085186719894,0.731074869632721,0.482225447893143,1.44730478525162,4.37968218326569,7.37152814865112
15.584524422884,0,23.3082869648933,1.05063247680664,231.001512110233,1.85187238454819,4.14785355329514,0,48.8176181912422,0,1.72973430156708,0,5.43165218830109,0,115.313228338957,0.832566559314728,2.65971606969833,0,6.28387689590454,0,245.999499201775,5.09467393159866,14.0622162222862,4.47766363620758,14.5048066973686,3.40364074707031,70.7723517715931,4.42156034708023,643.965551614761,0,22.2429689764977,1.66879677772522,6.46553760766983,1.35452735424042,6.68716934323311,11.1955505013466,612.765213400126,37.0773634910583,862.136121213436,2.37402105331421,0,87.0774326324463,183.990216523409,6.30253624916077,44.9770416915417,0.664238095283508,247.77826115489,2.03225749731064,78.9096892476082,0,81.0808890461922,0,28.5922838151455,0,167.14278537035,7.07238864898682,9.01755186915398,0.707248270511627,44.0776444077492,0,30.0961152017117,0,3.78054803609848,0,27.0153543949127,0,68.7012517154217,28.7965963482857,10.4287598729134,0,357.849001824856,41.9764896631241,614.006047695875,23.48049223423,440.381276458502,61.698009043932,431.629616051912,4.99868881702423,0,0,26.9295917153358,0,1321.10839793086,9.59477925300598,98.0199903547764,3.60991472005844,1091.54931014776,27.4198749065399,199.036954194307,12.8612316846848,30.0480460524559,1.44238293170929,1.86184495687485,0.704243838787079,14.0653938949108,1.63545352220535,6.07917237281799,0,11.6359749436378,0,3.15860143303871,0,1.75647473335266,0,13.5529975295067,10.9576752781868,1.57647305727005,2.98754703998566,7.53342181444168,3.23761385679245,1.24734783172607,0,2.54226797819138,0,0,2.89247792959213
0,10.6519803106785,0.632135212421417,26.7399410009384,3.07409906387329,250.380940556526,0,20.3689631223679,0.845791876316071,184.602145820856,0,1.94846999645233,0,23.0624070167542,0,182.213215172291,0,2.19672471284866,1.09369289875031,11.5615311861038,6.4474830031395,1047.57676255703,0.836775720119476,36.5095195174217,4.87756073474884,82.4109289348125,1.06532049179077,256.117305248976,0,345.433316588402,0.739409625530243,29.2038099765778,1.93868088722229,0.506895005702972,0,5.80301368236542,7.40909844636917,627.662925183773,1.09005296230316,2013.45433753729,87.0774326324463,0,20.5639145970345,43.4550392627716,0.374220311641693,53.6353985369205,8.98982048034668,252.146285027266,0,62.52627196908,0,58.8601230382919,0,67.8615919649601,2.42928385734558,310.620713353157,0.820821821689606,3.5403333902359,0,6.25288414955139,0,5.64070758223534,0,5.3118771314621,0,9.14069336652756,10.6941182613373,33.0230515301228,0,0,51.4605329632759,420.16160684824,63.1210324168205,1262.68170532584,37.4403902292252,381.472216129303,1.55070877075195,197.87202501297,0,0,0,92.4204314351082,6.33992522954941,2376.01517370343,1.9617994427681,175.780428171158,24.2305946946144,1772.93263533711,11.5307500362396,357.397877335548,1.15638148784637,28.9059824049473,0.717150628566742,4.62510949373245,0.744151055812836,12.0569276511669,0.633149802684784,5.37587916851044,0.659440398216248,37.0983215272427,0.476105660200119,1.7772125005722,1.16380739212036,8.10202419757843,3.58987480401993,6.32264992594719,0.845839023590088,1.23986792564392,1.92237764596939,0,1.58006131649017,0.420901238918304,0,0,1.42271345853806,0.657897114753723
5.1356363594532,0.871037304401398,2.75323113799095,1.33674210309982,6.51512616872787,0,5.32810297608376,0.395692825317383,0.400203824043274,0,4.25126993656158,1.31507921218872,3.07846814393997,0,2.55764868855476,0,7.06353753805161,0,37.4832653999329,15.7678384184837,4.84727740287781,0,63.6086144447327,0,0,0,0,0,376.504961788654,9.97890132665634,149.817042052746,4.88591927289963,368.131159216166,21.8092243671417,398.657887965441,193.711312830448,900.515970826149,315.873514771461,290.844110101461,69.6124958992004,183.990216523409,20.5639145970345,0,2313.80927190185,10611.0501382351,2569.85202869773,8569.59194612503,1941.51116272807,3012.16975218058,804.676127135754,2576.47058418393,224.777369856834,554.508210986853,78.0897641777992,663.257453799248,83.5646681785583,4.62401551008224,6.22402375936508,167.2057505548,24.0922228097916,15.6544005870819,0,2.99433106184006,1.04365622997284,14.2407230138779,11.298946082592,2495.40254488587,690.710981845856,2.8197954595089,0.885545969009399,17.2850738167763,3.90907809138298,423.140947848558,106.963518172503,8.89921045303345,21.4019682109356,823.51314046979,166.981350898743,6.43361121416092,2.19273114204407,240.229144722223,70.7124470770359,132.628978222609,5.62820217013359,285.897954314947,36.9932074546814,44.5412302613258,4.26864737272263,579.619121909142,87.8086631000042,555.152573406696,231.9559019804,0,0,13.5912866294384,4.54923760890961,163.006877541542,31.3642756938934,326.652170419693,190.091438174248,0,0,0,0,1.85903286933899,0,0,0,0,0,0,0,0,0,0,0
3.06695878505707,6.25737038254738,0,0,0,0,0,2.33211576938629,0,0.564055681228638,0,0,0,0,0,0.60005259513855,1.52161604166031,0.997001767158508,1.57631468772888,12.8796065747738,0,0.482513338327408,0,5.90341126918793,0,0,0,1.59559074044228,14.1731588244438,25.9982192218304,0.990062892436981,26.7384658753872,11.3504344820976,145.198514699936,95.3277883827686,180.974354565144,169.660866647959,497.362392485142,26.2451142072678,232.078968584538,6.30253624916077,43.4550392627716,2313.80927190185,0,1299.89852249622,7810.99166554213,396.767653077841,5043.37629622221,438.237351924181,1635.75429463387,249.330002784729,749.773807913065,22.199677169323,1475.99238163233,46.7348083257675,208.37607935071,4.37272197008133,5.3608306646347,127.577399373055,24.0525099635124,15.1750077605247,4.80272054672241,0,1.62346768379211,8.0048850774765,13.360956043005,753.118642687798,2527.66063153744,5.62883973121643,4.19966500997543,0,3.97429543733597,29.6124600172043,150.841252774,0,26.1833056211472,102.666649997234,239.799411922693,0,6.52914106845856,21.6234953403473,119.850349664688,0,23.8832630515099,24.2548843622208,93.0986112058163,0,25.4787078201771,19.2203422486782,147.404376387596,11.7493041753769,63.2710140943527,0,0,0,7.49524384737015,11.1352006793022,150.804078131914,3.7452666759491,96.4358814358711,0,0,0,0,0,0.595038533210754,0,0,0,0,11.0697735846043,2.02473300695419,0,0,0,0
20.8136888742447,0,0.682233870029449,0,0.672161757946014,0,4.22875338792801,0,0,0,0,0,0.557446300983429,0,0,0,7.85787683725357,0,5.18705838918686,1.49860352277756,0,0,7.40828719735146,0.43957394361496,0,0,0,0,96.4572995305061,5.78789374232292,26.1181117594242,1.63581326603889,140.074127703905,9.81653726100922,293.349297404289,157.610529839993,329.585950165987,83.8750941753387,294.645102232695,33.6431440711021,44.9770416915417,0.374220311641693,10611.0501382351,1299.89852249622,0,1476.60227546096,906.983273923397,179.656240224838,2183.55125832558,455.089243888855,1008.79748821259,39.1057604551315,215.597953051329,8.22278738021851,459.956750571728,22.3073667883873,10.8523154258728,3.0175062417984,201.1554466784,33.6594657301903,27.989339530468,0,6.7404637336731,2.5669686794281,56.5819702148438,6.00744050741196,2153.16642788053,573.268269717693,0,3.35631853342056,9.16671159863472,0.827958166599274,134.112510323524,23.519589215517,4.57203441858292,0.514266073703766,305.429884552956,30.4413105249405,4.77386921644211,3.57472491264343,176.626157671213,10.5336240231991,9.71247473359108,1.41013443470001,153.090249121189,10.7928355336189,0.58681321144104,0,179.631192624569,11.8555335700512,50.5879914462566,0,0,0,13.4187789559364,0.591432452201843,34.7826403975487,7.79858124256134,6.88920813798904,0,0,0,0,0,2.90224134922028,0,0,0,0,0,0.499816715717316,0,0,0,0,0
1.35131895542145,43.9895634055138,0,1.74867588281631,0,0,0,5.60826921463013,0,0,0,1.65623342990875,0,0,0,0,5.15443515777588,2.09633374214172,1.9513640999794,18.9645231068134,0,1.88446086645126,0,0,0,0,2.17140913009644,0,6.47572612762451,44.6084469556808,0.638189256191254,4.21599006652832,5.27705922722816,31.752172678709,157.616419315338,235.57666811347,81.5504204332829,764.406073927879,10.3778027296066,387.541032731533,0.664238095283508,53.6353985369205,2569.85202869773,7810.99166554213,1476.60227546096,0,143.984264671803,1604.12028819323,267.272050231695,4259.34691897035,147.185360252857,1461.47314727306,4.29256904125214,430.354301184416,12.222403049469,394.734384804964,0.443556874990463,45.0492506325245,109.526407361031,333.561829596758,22.1416345834732,53.9650375247002,0,7.80141234397888,4.73278987407684,123.187045782804,726.125685274601,3186.7455907166,1.53989535570145,10.2524024546146,0,10.5065624117851,5.30512064695358,340.314776778221,0,64.4117549955845,37.3077371120453,446.764197647572,2.65113803744316,40.1341282129288,16.3633251786232,353.268667161465,0,28.7871005237103,5.23097723722458,327.634590357542,0,6.84519144892693,3.00852227210999,424.295984268188,0,20.3481932282448,0,0,0,28.7521723508835,4.17410588264465,90.5234907567501,0,43.8260118365288,0,0,0,0,0,0.840776383876801,0,1.56054604053497,0.536848723888397,1.20551198720932,31.9041211903095,1.1144552230835,0,0,0,0
4.81899744272232,2.18124186992645,6.27953028678894,2.75736033916473,17.741446018219,0,0.704431891441345,0,3.06384456157684,0,4.15644347667694,0,1.97623783349991,0,15.9240471124649,0,5.37751394510269,0,26.2136707007885,5.08415371179581,7.64882206916809,1.3720098733902,33.142686009407,0.841167509555817,0,0,0,0,401.815119832754,0.716333508491516,40.7802793979645,7.03605443239212,179.01363915205,5.0093908905983,196.762372016907,82.2963287830353,1294.93211632967,119.211464166641,1070.57689681649,24.3243370056152,247.77826115489,8.98982048034668,8569.59194612503,396.767653077841,906.983273923397,143.984264671803,0,137.989675581455,691.149806320667,65.6692119240761,1466.28093495965,14.2230947613716,1611.62413525581,5.56762087345123,3520.36316414177,35.4565921425819,16.1389753222466,2.9205356836319,93.7840252816677,17.5883345007896,40.7180852591991,3.88681876659393,9.41285771131516,0,43.1953440308571,1.73774087429047,1664.18510490656,381.30180644989,8.36787170171738,0,36.5760654211044,6.0721635222435,390.414597868919,14.4702980518341,13.2244284152985,4.74881979823112,758.299215584993,58.6870799064636,3.955884963274,3.27806258201599,194.559735119343,0,219.325460851192,0,268.568249970675,2.17393279075623,214.450117558241,0,1050.4333538115,5.99568372964859,966.970572263002,0,0,0,118.955075502396,0,988.429125070572,13.7577454447746,378.198340117931,2.53655099868774,0.501122891902924,0,0,0,10.1914501786232,0,1.69894075393677,0,0,28.933688223362,0,0,0,0.853615641593933,0,2.59849524497986
0,56.7981274425983,0,8.17287677526474,0,1.80912256240845,0,4.35611212253571,0,1.5710683465004,0,0,0,0.530631840229034,0,3.78594410419464,0,0.99452543258667,9.17830544710159,59.3730585873127,0.628145158290863,9.90823897719383,0,33.0161716341972,0,4.32085633277893,1.6461483836174,2.86269214749336,3.28050911426544,107.948032528162,2.62079232931137,150.144829541445,13.0389588475227,373.900783419609,92.0133667588234,199.301380783319,104.124916046858,1778.2269847393,20.9722776412964,907.086602032185,2.03225749731064,252.146285027266,1941.51116272807,5043.37629622221,179.656240224838,1604.12028819323,137.989675581455,0,66.2701191008091,404.18478679657,26.7433117032051,603.435138344765,1.73689830303192,2663.61135214567,12.909779727459,3522.18544827402,0,52.2755243778229,25.4374147057533,48.9644636213779,6.44110232591629,9.59455290436745,0,9.16042727231979,0,26.6363697052002,360.773693323135,1550.97315743566,0.497133314609528,16.892021894455,9.57165634632111,49.0896514058113,4.22910225391388,712.991559892893,1.13934564590454,114.20026910305,38.1695159673691,1137.48733833432,0,3.90407547354698,1.57709002494812,372.098112136126,0,123.5840292871,0,395.604520916939,0,186.285884559155,0,630.371178418398,0,758.497970253229,0.525075018405914,6.92983561754227,7.79118698835373,90.8716107904911,7.96450686454773,760.415964007378,6.91503840684891,743.648551017046,0,2.08140170574188,1.37549483776093,4.61427742242813,2.33329522609711,19.9317058324814,0,1.249875664711,10.8035529255867,97.5345185995102,40.198695063591,7.53015959262848,0.710243582725525,4.18933480978012,4.76978743076324,8.73696273565292
112.616703957319,0,13.5492703020573,0,0,0,17.7885901927948,0,0,0,13.4555425941944,0,2.58789050579071,0,0,0,23.5483555197716,0,9.69327712059021,0,1.57592523097992,0,0,0,0,0,0.927067756652832,0,194.610926866531,0,0,0,0.780873894691467,1.52858698368073,86.8351633250713,68.4907621145248,440.832921952009,18.0562172532082,154.170114547014,13.7380169630051,78.9096892476082,0,3012.16975218058,438.237351924181,2183.55125832558,267.272050231695,691.149806320667,66.2701191008091,0,111.106054335833,6177.96993556619,21.8470195829868,758.596594363451,0,1152.36432155967,4.91913032531738,66.7217073440552,3.21617984771729,1191.66984400153,8.26470005512238,132.084781080484,0,13.3329829871655,0,157.511970460415,1.67347097396851,908.233965992928,256.805566370487,7.38318857550621,0,26.1277677416801,0,252.820618718863,0,20.2327038645744,0,424.618567377329,6.51380920410156,14.5507079362869,0.656302869319916,358.396978646517,0,70.1782103776932,0,431.977452874184,6.39512360095978,12.4931336045265,0,573.232605159283,5.91620624065399,47.4064957499504,0,0,0,12.8640356063843,0,26.7726730704308,1.58092701435089,10.2779006361961,0,0,0,0,0,3.42149531841278,0,0,0,0,0,0,0,0,0,0,0
0,68.2202116847038,0,13.8525203466415,0,0,0,13.5831141471863,0,0,0,0.955438852310181,0,0,0,0,0.841622889041901,8.75559324026108,0,20.1846770048141,0,0.581235885620117,0,0,0,0,0,0,1.44895708560944,35.4841660261154,0,0,6.11382848024368,9.6563101708889,51.3730344176292,81.9909183382988,32.0590680241585,473.825597465038,0.876914143562317,124.464792609215,0,62.52627196908,804.676127135754,1635.75429463387,455.089243888855,4259.34691897035,65.6692119240761,404.18478679657,111.106054335833,0,59.9928661584854,5822.03745874763,1.65351331233978,1108.3004886806,7.67257571220398,665.709936767817,0,88.1128264069557,43.5953279733658,647.187212496996,9.72091436386108,224.433907687664,0,18.4451125860214,1.64821887016296,1041.35369351506,323.391166567802,1110.13013932109,0.920515775680542,13.3440293669701,0.509187936782837,13.0156284272671,7.53503775596619,347.1252861619,0,77.8680515289307,17.4405452311039,296.422547787428,0,35.1766418516636,7.54432713985443,439.078056275845,0,34.1975889205933,5.63360989093781,945.441017538309,0,24.7605800032616,2.16985693573952,862.039358228445,0,28.9728637635708,0,0,0,24.3302912712097,2.83019089698792,6.39510363340378,0.719114303588867,41.7093155384064,0,0,0,0,0,2.14262127876282,0,0,0,1.73636400699615,7.84974464774132,0,0,0,0,2.27167111635208
431.49435043335,1.16682434082031,34.9549367427826,0,2.49532228708267,0,53.3999245464802,0,0,0,60.6538763940334,0,28.3003201186657,0,2.66866368055344,0,29.4148274064064,0,47.0547815263271,0,0,0,0,0,0,0,0.999707460403442,0,303.571440815926,0,0,0,0.847767531871796,7.88845637440681,58.0704521536827,37.4094176292419,350.346490621567,21.9645349979401,74.986662209034,4.50892984867096,81.0808890461922,0,2576.47058418393,249.330002784729,1008.79748821259,147.185360252857,1466.28093495965,26.7433117032051,6177.96993556619,59.9928661584854,0,23.4453100562096,4494.15511447191,0,3282.30949622393,1.89067816734314,236.240450978279,0,2323.93784961104,5.42688584327698,613.438343465328,2.12589555978775,46.5766344964504,0,860.031571000814,3.02038133144379,856.842047542334,166.957083940506,27.5258716344833,0,47.2717671692371,1.94101184606552,330.856190949678,3.52823376655579,37.3404114842415,0,352.923157423735,4.25465911626816,12.1741277575493,1.10981595516205,323.573550075293,0,130.93338868022,0,3567.7453097105,3.73970413208008,52.1237538158894,0,1419.15339040756,6.05922162532806,217.881202161312,0,0,0,19.6439197063446,0,14.0549686551094,1.32042372226715,32.7393813729286,0,0,0,0,0,0,0,0.819676995277405,0,0,1.68047094345093,0,0,0,0,0,0
0,257.226066976786,0,51.0158579647541,0,1.12674951553345,0,106.258105963469,0,0,0,20.4145938754082,0,18.6281797587872,0,1.60422942042351,0.924075365066528,15.0860697031021,0,21.9610963761806,0,1.9019917845726,0,0,0,0,0,1.9439035654068,0.988912343978882,55.8398278951645,0,0,0.600140869617462,5.83447650074959,19.4663388729095,25.8352012336254,9.31842035055161,351.382039368153,3.75591158866882,78.2659810185432,0,58.8601230382919,224.777369856834,749.773807913065,39.1057604551315,1461.47314727306,14.2230947613716,603.435138344765,21.8470195829868,5822.03745874763,23.4453100562096,0,0,4558.30782738328,1.35536158084869,1119.38784088194,0,322.267600685358,10.3571833968163,373.332076251507,2.60930514335632,497.264443784952,0,51.8358180522919,1.95171958208084,2034.98655536771,118.059730321169,297.939591258764,0.678200423717499,4.03751695156097,1.74114474654198,36.8480700552464,2.54457098245621,403.298833191395,0,60.9077656567097,2.29668954014778,284.56274536252,0.741872727870941,34.3463676869869,0.759816348552704,479.96930205822,0,45.3908270001411,0,4076.53333321214,0,43.9125247597694,0,1225.13165691495,0,90.5151429474354,0,0,0,17.8747106790543,1.14829754829407,21.5530662536621,0,74.8814496695995,0,0,0,0,0,0,0,2.7420489192009,1.61347627639771,0,0.705179631710052,0,0,0,0,0
2.72106957435608,0,0,0,2.48365345597267,0,0,0,0,0,5.06239837408066,0,1.56906306743622,0,0,0,1.41515827178955,0,0,0,0.458146810531616,0,0,0,0,0,0,0,58.4856454133987,0,0,0,0,0,7.04368329048157,7.37214601039886,82.747047752142,0,20.5204764008522,0,28.5922838151455,0,554.508210986853,22.199677169323,215.597953051329,4.29256904125214,1611.62413525581,1.73689830303192,758.596594363451,1.65351331233978,4494.15511447191,0,0,0,2608.82202884555,0,5.68211999535561,0,17.0710026323795,0,10.3117759525776,0,6.76907241344452,0,16.2152513563633,0,41.3325086236,3.43863570690155,0,0,0,0,52.2059465348721,0,1.02665400505066,0,50.4560687243938,0,0,0,16.8579130470753,0,31.2478727996349,0,311.488364368677,0,28.277284860611,0,521.53629283607,0,109.110356420279,0,0,0,2.80243110656738,0,4.8196507692337,0,24.8856875896454,0,0,0,0,0,0,0,0,0,0,0,0,0,0,0,0,0
0,0,0,0,0,0,0,0,0,0,0,0,0,0,0,1.87163370847702,0,1.20205748081207,0,0,0,2.2509703040123,0,0,0,0,0,0,0,36.8268273174763,0,0,0,0,1.8274137377739,25.2470554709435,13.4696573615074,299.658909916878,0,85.3359811604023,0,67.8615919649601,78.0897641777992,1475.99238163233,8.22278738021851,430.354301184416,5.56762087345123,2663.61135214567,0,1108.3004886806,0,4558.30782738328,0,0,0,4155.62735420465,0,1.07230389118195,1.16275382041931,0,0,2.12793841958046,0,0,0,0.869982182979584,35.2152368426323,62.2240234017372,0,0,0,0.503512978553772,0,211.505786091089,0,28.094513386488,2.53774809837341,161.867926478386,0,1.99813061952591,0,174.406577318907,0,23.0109933018684,1.52010142803192,512.814843088388,0,45.8806617856026,0,1318.17312198877,0,146.107167452574,0,0,0,4.39564427733421,0,25.2203146517277,0,284.063156992197,0,0,0,0,0,0,0,0,0,0,0,0,0,0,0,0
23.6841833889484,0,0,0,4.48727655410767,0,1.77133405208588,0,0,0,5.77374601364136,0,1.96291553974152,0,2.9203132390976,0,1.61538994312286,0,0,0,2.5391651391983,0,0,0,0,0,0,0,105.483616709709,0,2.0746151804924,0,12.1491457819939,0,28.8996993899345,20.1035999953747,1400.20692965388,16.6899317502975,1631.87243548036,3.29113173484802,167.14278537035,2.42928385734558,663.257453799248,46.7348083257675,459.956750571728,12.222403049469,3520.36316414177,12.909779727459,1152.36432155967,7.67257571220398,3282.30949622393,1.35536158084869,2608.82202884555,0,0,0.78697943687439,22.3530387282372,0,52.3450358808041,0,29.1877258419991,0,11.1527431607246,0,84.4794672131538,0,249.42953440547,54.5321900844574,1.13755798339844,0,17.4642415344715,1.02411878108978,94.4752540886402,0,9.92378360033035,4.82354021072388,242.95373108983,6.95498514175415,1.04468590021133,0,57.2776754498482,0,127.458272129297,1.58849775791168,420.750347971916,0,193.980699747801,0,2607.17945446074,0,359.630403518677,0,0.861304819583893,0,2.94795042276382,1.05569362640381,91.4173099994659,0,135.220295786858,0.911293148994446,0,0,2.92828816175461,0,3.00306648015976,1.01347625255585,0,0,0,0,0,0,0,0,0,0
0,10.1800038814545,0,0,0,12.2990484833717,0,11.7905077338219,0,5.85569721460342,0,0,0,0,0,10.5675898194313,0,0,0,1.48653745651245,0,11.5788046121597,0,2.40505003929138,0,0.428156584501266,0,6.08269560337067,0,27.4442810714245,0,0.478599101305008,0,13.8970686793327,19.070376008749,18.800080537796,17.9379932880402,1355.02398127317,1.47801208496094,2470.81981030107,7.07238864898682,310.620713353157,83.5646681785583,208.37607935071,22.3073667883873,394.734384804964,35.4565921425819,3522.18544827402,4.91913032531738,665.709936767817,1.89067816734314,1119.38784088194,0,4155.62735420465,0.78697943687439,0,0,8.79897248744965,1.92518609762192,12.4173690378666,0,13.1000626087189,0,7.63035914301872,0,30.0271508991718,55.3423849344254,250.151704162359,0,0.706137478351593,6.29532712697983,29.0984999537468,12.3002197146416,152.999150931835,4.70657026767731,15.2610476613045,7.14620327949524,189.806056559086,0,2.1147255897522,0,113.468150347471,0,127.346349418163,1.83316254615784,519.441856980324,0.883310317993164,491.884115666151,0,4336.23245599866,0,35.6703186035156,0,0,0,4.61807382106781,0.948941588401794,147.786108464003,1.19770634174347,304.689296096563,0,0,0,0,0,1.32656478881836,0,0,0,1.13826155662537,0,2.46094536781311,0,0,0,0
10381.1780610085,87.3938275277615,207.902296990156,39.1652453839779,0,0,110.08640062809,15.8610372841358,0.676395356655121,0,615.311143904924,1.43550324440002,233.91154062748,0,6.24036502838135,0,3663.09084665775,4.9770256280899,332.068177849054,165.865387588739,0,0,0.719940483570099,0,0,0,0,0,2056.67478188872,3.00398415327072,0,0,40.3952915966511,127.333618819714,11.0029826760292,7.19051814079285,454.796791881323,46.8020358681679,277.178954362869,0,9.01755186915398,0.820821821689606,4.62401551008224,4.37272197008133,10.8523154258728,0.443556874990463,16.1389753222466,0,66.7217073440552,0,236.240450978279,0,5.68211999535561,0,22.3530387282372,0,0,68.5910682380199,1997.85870778561,32.9669493436813,3646.46897897124,3.67878717184067,2689.11892047524,13.1041836738586,438.73145827651,0.800919771194458,857.43620750308,194.768873363733,1808.38796696067,54.6516978442669,462.525262087584,37.1722576618195,1580.82465228438,28.2095665335655,449.436563044786,7.80643466114998,2623.95152693987,188.893660336733,91.5999362170696,1.7562809586525,440.88825276494,8.61210530996323,20.5757071971893,0,423.212120711803,1.15618097782135,0,0,134.900389522314,0,1.37980884313583,0,0,0,151.221359163523,1.02401804924011,25.4240854978561,0,4.44254326820374,0,1.63808476924896,0,1.65440970659256,0,58.9427015781403,7.07984983921051,24.3891065716743,0,41.8315450847149,12.7113397121429,2.2165607213974,0,0,0,0.994134068489075,11.3745354413986
18.439557403326,10541.1594099104,4.79134804010391,258.106984645128,0,0,1.62284970283508,473.145932376385,0,2.23390603065491,0.670069217681885,286.099242091179,0,139.093190342188,0,6.9484475851059,11.6536701917648,1979.45943248272,65.7741163372993,506.812899589539,0,0,0,13.8938609361649,0,0,0,0.690271019935608,25.8273572921753,738.225573658943,2.322758436203,0.854010045528412,58.6960191726685,208.212581217289,13.7583181262016,6.94466090202332,45.634263753891,304.946961760521,2.6340446472168,53.6070681214333,0.707248270511627,3.5403333902359,6.22402375936508,5.3608306646347,3.0175062417984,45.0492506325245,2.9205356836319,52.2755243778229,3.21617984771729,88.1128264069557,0,322.267600685358,0,1.07230389118195,0,8.79897248744965,68.5910682380199,0,49.1315299272537,1262.23413276672,24.0748264193535,1983.29376903176,16.1014835238457,3048.37557056546,1.00393009185791,598.265739649534,291.615301668644,510.046537190676,137.67463183403,1580.00435861945,29.0799759030342,228.982710152864,26.0388061702251,2572.15645736456,4.91196432709694,322.324777185917,156.221224963665,1548.59521886706,0,158.08627358079,13.5466017723083,233.865392357111,0,1.78038156032562,0,271.283139169216,0,0.612011730670929,0,129.835604071617,0,2.92161345481873,0,0,5.5896532535553,120.230511307716,0.98266214132309,4.7070552110672,0,9.32464385032654,0,0,0,1.53515648841858,2.78106659650803,48.0676541030407,2.46953964233398,14.2415400147438,13.0002073645592,21.0328774452209,0,0,0,0.758969306945801,1.28400802612305,11.2360992431641
490.578181385994,8.72939783334732,44.2380979955196,0,0,0,30.80280610919,0,0,0,84.1089846491814,0,24.7530156075954,0,0,0,147.283605664968,4.34268933534622,77.9733719527721,4.39254581928253,0,0,0,0,0,0,0.948282659053802,0,476.882306545973,1.25565004348755,0,0,6.37353628873825,19.5075767040253,66.3240658044815,63.6526028215885,466.863494634628,148.056497335434,167.085695743561,2.06364095211029,44.0776444077492,0,167.2057505548,127.577399373055,201.1554466784,109.526407361031,93.7840252816677,25.4374147057533,1191.66984400153,43.5953279733658,2323.93784961104,10.3571833968163,17.0710026323795,1.16275382041931,52.3450358808041,1.92518609762192,1997.85870778561,49.1315299272537,0,104.594693005085,4111.09949842095,25.6708671450615,200.829644382,4.46572613716125,1026.08557599783,7.87602260708809,3220.38934546709,509.783433139324,350.670645713806,4.79824161529541,49.4519507884979,3.34118270874023,333.765337884426,21.0245840847492,58.773435652256,6.33419305086136,621.169321835041,119.170757055283,151.0063174963,1.91212683916092,401.733454316854,8.37467408180237,22.6522111594677,0,188.091121613979,0,0,0,101.03014165163,6.13693481683731,1.49562394618988,0,0,0,44.958312690258,0,13.674881875515,0,1.20213812589645,0,0,0,0,0,8.43070074915886,0,2.27281647920609,0,2.73693382740021,1.73667275905609,0,0,0,0,0,2.29655241966248
1.48259675502777,434.298062831163,0,9.64893293380737,0,0,0,14.7763988375664,0,0,0,20.094956278801,0,9.55930492281914,0,0,15.783009827137,54.4136418998241,1.87849289178848,144.259433478117,0,0,0,0,0,0,0,0,25.0167902708054,87.5608360171318,0.875811696052551,0,29.2471934556961,67.2512702941895,38.9456850290298,29.5441097319126,162.422346413136,300.976860553026,5.97088515758514,53.0644353330135,0,6.25288414955139,24.0922228097916,24.0525099635124,33.6594657301903,333.561829596758,17.5883345007896,48.9644636213779,8.26470005512238,647.187212496996,5.42688584327698,373.332076251507,0,0,0,12.4173690378666,32.9669493436813,1262.23413276672,104.594693005085,0,55.2883078455925,1416.4930909574,32.5951128005981,334.304021418095,4.70471119880676,956.632508665323,709.462960720062,1320.58577811718,26.2955212295055,181.967082768679,4.63389793038368,26.3330041468143,20.357264995575,366.053767800331,6.54196405410767,75.7598239481449,168.421057611704,407.350449591875,4.03156858682632,157.081726968288,26.9461947083473,330.094402909279,0,5.08243277668953,1.38427567481995,58.8623728752136,0,0,0,35.3263045251369,0,0,0,0,1.12507462501526,53.7886154055595,0,2.31877857446671,0,0,0,0,0,0,0,7.53268492221832,0,7.83272898197174,1.39645951986313,3.24916833639145,0.482931315898895,0,0,0,0,5.18823039531708
738.406601279974,6.43566560745239,40.4097347259521,1.60615026950836,2.56735074520111,0,32.274641931057,0,0,0,286.450612217188,0,77.230427056551,0,0.575701653957367,0,502.743646770716,0.618479430675507,26.65200984478,3.10020333528519,0.689488172531128,0,0,0,0,0,1.54953277111053,0,270.622776091099,0,0,0,3.74078038334846,12.8020538985729,22.3751428723335,10.4099215269089,385.105327665806,48.733701646328,75.9602985978127,0,30.0961152017117,0,15.6544005870819,15.1750077605247,27.989339530468,22.1416345834732,40.7180852591991,6.44110232591629,132.084781080484,9.72091436386108,613.438343465328,2.60930514335632,10.3117759525776,0,29.1877258419991,0,3646.46897897124,24.0748264193535,4111.09949842095,55.2883078455925,0,6.13405776023865,3781.34072488546,2.92567873001099,2210.86307555437,0.860643446445465,403.384653002024,220.380599170923,29.7478887438774,8.84031009674072,35.7629293501377,3.28187143802643,230.565504014492,10.5327325463295,27.165675163269,2.21268320083618,679.788888454437,70.5637320876122,32.2650130391121,1.49184632301331,605.953760534525,0,45.4675876498222,0,1515.90047863126,1.60835611820221,14.0780063867569,0,300.152432143688,0,0,0,0,0,29.3554755151272,0,5.33433574438095,0,3.96304869651794,0,0,0,0,0,1.56482595205307,1.33253383636475,5.03277552127838,0,0,1.5693541765213,0,0,0,0,0,3.67105203866959
0,674.150874227285,0,76.6720101237297,0,0,0,400.562835663557,0,0.833302974700928,0,350.408709108829,0,287.212741941214,0,5.79304093122482,0,191.360046446323,0.622202634811401,64.3380515575409,0,0,0,3.00839346647263,0,0,0,0,7.02191978693008,151.643050372601,1.73419690132141,1.06993448734283,6.63089352846146,10.5388925075531,9.63496524095535,1.76207649707794,32.9378180503845,152.709225594997,3.22128009796143,7.17363926768303,0,5.64070758223534,0,4.80272054672241,0,53.9650375247002,3.88681876659393,9.59455290436745,0,224.433907687664,2.12589555978775,497.264443784952,0,2.12793841958046,0,13.1000626087189,3.67878717184067,1983.29376903176,25.6708671450615,1416.4930909574,6.13405776023865,0,1.9454106092453,2902.98147916794,0,3292.27096387744,136.809157699347,240.792816340923,1.77192771434784,5.70633679628372,1.3824291229248,89.909698009491,2.77221530675888,292.60585090518,0,27.6698192954063,46.750242292881,153.120136022568,0.962431728839874,61.0307988524437,1.63373214006424,163.672391951084,0,1.0993609726429,1.1898410320282,914.155798316002,0,3.9632106423378,0,307.254954308271,0,0,0,0,0,9.92683607339859,0,2.35903692245483,0,0,0,0,0,0,0,2.84381330013275,0,3.06693851947784,0,0,0.560001790523529,0,0,0,0,0
187.58061593771,10.3180381059647,16.5851303339005,0,0.962723314762115,0,5.66228234767914,0,0,0,210.962669342756,0,28.2055894732475,0,0,0,2205.05643865466,0,13.1319855451584,2.48491752147675,0,0,0,0,0,0,0,0,493.027009904385,0,0,0,3.88118451833725,19.8466510176659,28.2858005166054,15.9932962656021,102.248786658049,22.5763273239136,34.2702172100544,0,3.78054803609848,0,2.99433106184006,0,6.7404637336731,0,9.41285771131516,0,13.3329829871655,0,46.5766344964504,0,6.76907241344452,0,11.1527431607246,0,2689.11892047524,16.1014835238457,200.829644382,32.5951128005981,3781.34072488546,1.9454106092453,0,1.29622483253479,612.782370895147,0,217.956508487463,123.151853621006,62.3881179094315,5.11102551221848,22.2708966732025,3.00479257106781,112.111018061638,4.99448180198669,15.4094300270081,1.19054770469666,234.600405186415,46.1165699958801,56.0420539975166,3.09892559051514,2847.84478324652,5.77195709943771,64.6652491688728,0,1947.15788468719,0,17.9762243330479,0,391.80078458786,0,0,0,0,0,13.7395004630089,0,8.14096772670746,0,0.51184219121933,0,0,0,0,0,8.41522926092148,0,3.5501503944397,0,0,0,0,0,0,0,0,0
0.500258445739746,552.295220702887,0.711456954479218,83.9235635995865,0,0,0,198.942530572414,0,0.796709597110748,0,398.630433648825,0,260.680673271418,0,10.3097860217094,0,3085.06361302733,3.31621980667114,103.957872360945,0,0,0,11.6277013421059,0,0,0,0.535694658756256,6.89428114891052,486.409835636616,2.30813980102539,2.57575356960297,7.27341616153717,36.5859599709511,5.68038064241409,11.5924655199051,4.59218484163284,42.5394802689552,0.934326350688934,2.71026968955994,0,5.3118771314621,1.04365622997284,1.62346768379211,2.5669686794281,7.80141234397888,0,9.16042727231979,0,18.4451125860214,0,51.8358180522919,0,0,0,7.63035914301872,13.1041836738586,3048.37557056546,4.46572613716125,334.304021418095,2.92567873001099,2902.98147916794,1.29622483253479,0,0,344.632523834705,88.5601642131805,181.132941812277,31.5404645800591,58.0497990250587,11.2670600414276,64.1615220308304,1.95247232913971,568.667820453644,1.09021961688995,26.214075922966,34.5471190810204,129.983311265707,0,79.632279753685,1.84996390342712,2201.43858504295,0,7.50975117087364,0,1521.45560488105,0,8.97981092333794,0,290.88207089901,0,0.533181309700012,0,0,0,6.27434796094894,0,0,0,3.45849400758743,0,0,0,0,0,2.38982081413269,0,0,0,1.04639685153961,0,0,0,0,0.670613169670105,0
514.478808254004,0,25.0295469462872,1.40046894550323,3.04324817657471,0,63.1195312142372,0,0,0,99.9890050292015,0,46.1047905385494,0,0.571202039718628,0,45.0603491961956,0,25.9938564896584,3.35466864705086,0.713155925273895,0,0,0,0,0,0,0,148.099409133196,0,0,0,1.00826513767242,3.49982339143753,0.922814667224884,3.20381289720535,191.943776011467,3.84723949432373,25.403785943985,0,27.0153543949127,0,14.2407230138779,8.0048850774765,56.5819702148438,4.73278987407684,43.1953440308571,0,157.511970460415,1.64821887016296,860.031571000814,1.95171958208084,16.2152513563633,0,84.4794672131538,0,438.73145827651,1.00393009185791,1026.08557599783,4.70471119880676,2210.86307555437,0,612.782370895147,0,0,0,213.592292904854,33.5420565605164,5.06069368124008,0,34.8722227811813,2.45669013261795,166.830715626478,3.20684552192688,17.3103289008141,0,274.048806011677,7.61050516366959,2.52076286077499,0,363.64016276598,0,51.712081193924,0,4309.06528419256,0,12.3312323987484,0,550.683824062347,1.03896462917328,1.35041773319244,0,0,0,7.990862429142,0,0,0,2.71862870454788,0,0,0,0,0,2.95403468608856,0,0,0,0,0,0,0,0,0,0,0
0,511.876032352448,0,59.8946439325809,0,0,1.5264196395874,265.789166778326,0,0,0,122.431009829044,0,118.569377183914,0,1.10223782062531,0,18.1241790354252,0,35.1385119855404,0,0,0,0,0,0,0,0,0,41.9683150649071,1.26191926002502,0,1.37345707416534,4.52435332536697,6.17956292629242,3.93483194708824,6.69221103191376,98.8685208261013,0,14.0313288867474,0,9.14069336652756,11.298946082592,13.360956043005,6.00744050741196,123.187045782804,1.73774087429047,26.6363697052002,1.67347097396851,1041.35369351506,3.02038133144379,2034.98655536771,0,0.869982182979584,0,30.0271508991718,0.800919771194458,598.265739649534,7.87602260708809,956.632508665323,0.860643446445465,3292.27096387744,0,344.632523834705,0,0,56.5947775840759,339.68137472868,0,15.0757316946983,1.53095430135727,73.1511772572994,3.73785972595215,216.118189573288,0,27.9497932493687,7.89623433351517,148.72524613142,0,47.219180315733,5.05844211578369,499.34974104166,0,11.681059807539,0,3471.0903826952,0,4.95504525303841,0,586.722995817661,0,0,0,0,0,4.75759613513947,0,0.532879054546356,0,2.52153223752975,0,0,0,0,0,1.2127206325531,0,1.70195698738098,0,0,0.538285195827484,0,0,0,0,0
167.240622341633,141.086372226477,67.9195723831654,10.4463271796703,2.68219274282455,0,29.362648576498,9.09247410297394,0.89925742149353,0,78.7361234724522,0,24.4186694920063,0.981346547603607,1.34604811668396,0,166.960755169392,12.4792677760124,823.801668018103,133.05100274086,12.5168314874172,0,333.001429021358,0,5.33685940504074,0,2.59154748916626,0,512.143402248621,19.5744403600693,441.901454597712,15.130054473877,3569.56595572829,545.338414043188,2204.58333060145,413.395487904549,962.903593629599,769.082527130842,678.65866330266,43.5332977771759,68.7012517154217,10.6941182613373,2495.40254488587,753.118642687798,2153.16642788053,726.125685274601,1664.18510490656,360.773693323135,908.233965992928,323.391166567802,856.842047542334,118.059730321169,41.3325086236,35.2152368426323,249.42953440547,55.3423849344254,857.43620750308,291.615301668644,3220.38934546709,709.462960720062,403.384653002024,136.809157699347,217.956508487463,88.5601642131805,213.592292904854,56.5947775840759,0,3886.50148028135,3852.38072156906,151.724355280399,128.030829429626,45.4738350510597,425.662141084671,233.477380096912,80.5033287405968,40.4539651870728,1171.27404859662,845.043795794249,122.308215498924,37.4966384768486,640.677531778812,101.49931961298,37.2441577017307,0,150.820190757513,37.3065132796764,7.82257005572319,1.39726728200912,130.959917664528,85.3888616859913,15.9554126262665,4.50760400295258,0,0,106.386247426271,6.71719598770142,97.7311843931675,20.5467317700386,9.22543185949326,11.0154559016228,0,0,0,0,20.3587050437927,0,12.2058842182159,0,3.69233721494675,7.39072090387344,1.37996309995651,0,0,0,0,0.966811895370483
52.367868065834,318.076539665461,14.5963114202023,37.4506320953369,0,1.33843016624451,6.32795774936676,10.3957646489143,0,0.890736520290375,0.861578822135925,11.1780431270599,0,5.81629937887192,0,2.23397535085678,37.9241238534451,53.602465569973,128.964542508125,905.267427712679,0,11.2212127447128,1.57459160685539,123.337624192238,0,3.18400263786316,0,2.68930447101593,131.390093505383,56.0193313658237,22.0044609904289,628.817301630974,227.048045367002,4940.98220300674,399.801232486963,2106.80185735226,748.019875079393,868.001878321171,107.565319061279,705.359804213047,28.7965963482857,33.0230515301228,690.710981845856,2527.66063153744,573.268269717693,3186.7455907166,381.30180644989,1550.97315743566,256.805566370487,1110.13013932109,166.957083940506,297.939591258764,3.43863570690155,62.2240234017372,54.5321900844574,250.151704162359,194.768873363733,510.046537190676,509.783433139324,1320.58577811718,220.380599170923,240.792816340923,123.151853621006,181.132941812277,33.5420565605164,339.68137472868,3886.50148028135,0,236.408365875483,745.825430095196,72.691183835268,70.3100324571133,204.417753338814,383.948809862137,18.1713781356812,76.2654174268246,752.442265212536,613.987882822752,30.929018497467,103.006711184978,184.172009259462,436.479556232691,0.765301465988159,17.0989227294922,39.4207257628441,123.922632962465,0,16.3807083964348,38.7900124192238,190.691496133804,11.1664689183235,11.2014176249504,0,0,23.1411378383636,50.9234349131584,13.1767256855965,51.6026490330696,3.09974592924118,21.1318259239197,0,0,0,0,0,7.77524000406265,0,4.97056996822357,3.0174525976181,9.7256024479866,158.265319436789,0,0,0,0,1.81214267015457
1194.99102050066,485.633326113224,120.651005506516,59.744412779808,0,0,12.760549724102,37.0543002486229,0,0,186.476341575384,0,43.0937851667404,0,2.7745509147644,0,274.77201846242,17.9579414129257,1753.49123445153,1274.61953642964,0,0,5.46837574243546,1.10627901554108,0,0,0,0,576.73879379034,7.50054597854614,4.51099288463593,2.22860318422318,1548.66953366995,1075.69320642948,8.12849101424217,3.02088069915771,285.61451998353,19.9121105074883,218.889070212841,1.31513392925262,10.4287598729134,0,2.8197954595089,5.62883973121643,0,1.53989535570145,8.36787170171738,0.497133314609528,7.38318857550621,0.920515775680542,27.5258716344833,0.678200423717499,0,0,1.13755798339844,0,1808.38796696067,137.67463183403,350.670645713806,26.2955212295055,29.7478887438774,1.77192771434784,62.3881179094315,31.5404645800591,5.06069368124008,0,3852.38072156906,236.408365875483,0,374.393769919872,930.765497893095,206.749949514866,1108.63245859742,105.555696517229,675.527968198061,19.414379119873,4486.46066656709,508.016200900078,9.53462016582489,2.71653187274933,25.1947988271713,7.74964827299118,9.20294657349586,0,3.44432628154755,0,0,0,0,0,0,0,0,0,159.560208171606,8.44554674625397,11.84792137146,0,2.83201158046722,0,0,0,1.14678943157196,0,34.5380874872208,3.65156781673431,16.624074280262,0,54.3620004355907,9.80943229794502,0,0,0,0,0,4.25966089963913
13.0695337057114,779.224544167519,0.824779808521271,3.57907283306122,0,0,0,6.05710154771805,0,0,0,15.1712439656258,0,4.34367454051971,0,0,4.19681441783905,52.6536822915077,75.1008598804474,956.660826295614,0,0,0,0,0,0,0,0,11.6734309792519,55.0405865311623,0,0,92.4027069211006,752.363177448511,8.81618493795395,1.5115994811058,4.2896648645401,70.9846474230289,2.02705669403076,26.9317166805267,0,0,0.885545969009399,4.19966500997543,3.35631853342056,10.2524024546146,0,16.892021894455,0,13.3440293669701,0,4.03751695156097,0,0,0,0.706137478351593,54.6516978442669,1580.00435861945,4.79824161529541,181.967082768679,8.84031009674072,5.70633679628372,5.11102551221848,58.0497990250587,0,15.0757316946983,151.724355280399,745.825430095196,374.393769919872,0,45.0165565907955,142.954439282417,10.104073882103,324.639670461416,2.63635420799255,56.0447153449059,94.6159897744656,1022.31468096375,0,3.57665228843689,0.525170266628265,22.4787658154964,0,0,0,4.08936500549316,0,0,0,0.801259338855743,0,0,0,0,0,39.4991760849953,0,0,0,0,0,0,0,0,0,1.20196112990379,0,0,3.2205865085125,5.58677899837494,1.16803860664368,0,0,0,1.07596874237061,0
1757.04677680135,189.88747009635,2565.85956418514,418.112171202898,1005.78756415844,105.230728238821,2576.09837594628,423.851593226194,769.506523609161,64.6780813336372,456.932703495026,38.7888929843903,1596.00007039309,46.039735943079,1449.11300373077,95.2113640904427,156.260754048824,13.0991677939892,1554.31882303953,671.152153521776,819.348589807749,85.7250492572784,1729.0929582715,1123.49380359054,541.075624316931,372.513394683599,514.314423382282,190.226730793715,715.531446784735,19.9268913269043,1269.00340273976,406.115278750658,280.871579170227,332.357832044363,46.675935447216,4.53323811292648,348.064083039761,37.1306791305542,58.1552022099495,7.5120512843132,357.849001824856,51.4605329632759,17.2850738167763,0,9.16671159863472,0,36.5760654211044,9.57165634632111,26.1277677416801,0.509187936782837,47.2717671692371,1.74114474654198,0,0,17.4642415344715,6.29532712697983,462.525262087584,29.0799759030342,49.4519507884979,4.63389793038368,35.7629293501377,1.3824291229248,22.2708966732025,11.2670600414276,34.8722227811813,1.53095430135727,128.030829429626,72.691183835268,930.765497893095,45.0165565907955,0,372.659140229225,3811.26516190171,159.035924881697,2509.12114614248,61.887127995491,7332.72377419472,269.961479872465,0.749517440795898,0.572354972362518,11.1136916279793,4.27357214689255,117.431224256754,9.66305541992188,43.764387011528,3.22135156393051,28.8124542832375,20.0195834636688,28.4730577766895,8.67723754048347,37.0260729789734,34.7007993459702,17.1794815957546,13.0492590069771,148.122705727816,22.4730304181576,31.7869423925877,4.66384154558182,29.0742005705833,0,20.995619893074,3.75505629181862,16.8140595257282,30.4748517274857,224.805654406548,88.135019749403,26.8578206002712,3.1051185131073,140.436576008797,30.7642458677292,5.89712476730347,0,1.29401874542236,2.36088562011719,6.20199525356293,35.5538314580917
153.09846997261,1613.542103827,314.783968061209,2274.5657068789,116.2596809268,565.73732727766,221.547449141741,3413.19273963571,28.7163069844246,799.992315679789,44.6091190576553,661.26725384593,73.9014640450478,1459.95426601171,46.3365332186222,1031.11483672261,20.0763283371925,143.126607149839,514.594487041235,1832.14941036701,53.3604973554611,583.760332524776,432.75314438343,1948.78616899252,154.868936866522,584.115568935871,100.192253768444,645.869214653969,56.7657343745232,250.504012644291,183.146228224039,436.180601745844,146.50348085165,278.840923309326,6.69073832035065,6.14639639854431,14.8072627782822,311.812387168407,5.27846151590347,22.208785712719,41.9764896631241,420.16160684824,3.90907809138298,3.97429543733597,0.827958166599274,10.5065624117851,6.0721635222435,49.0896514058113,0,13.0156284272671,1.94101184606552,36.8480700552464,0,0.503512978553772,1.02411878108978,29.0984999537468,37.1722576618195,228.982710152864,3.34118270874023,26.3330041468143,3.28187143802643,89.909698009491,3.00479257106781,64.1615220308304,2.45669013261795,73.1511772572994,45.4738350510597,70.3100324571133,206.749949514866,142.954439282417,372.659140229225,0,161.472842246294,2511.09209468961,63.2902383804321,2974.06143057346,210.933792918921,8180.95711404085,0,3.6932081580162,0.786253869533539,39.8599300682545,6.02474361658096,35.144967854023,0.994712829589844,166.826915413141,4.90883189439774,83.3600489497185,8.5813769698143,118.518711954355,25.3168432116508,76.5972307026386,5.59886673092842,28.8274029493332,24.4729478657246,210.761141866446,6.36028325557709,11.7917494773865,2.08995175361633,12.4620275497437,5.68282157182693,9.78010115027428,9.4282014966011,46.8072142899036,79.529043674469,224.238235890865,13.9452859759331,16.2620256841183,159.235609084368,37.9562013745308,3.44938814640045,0,3.7161710858345,10.4663659632206,12.391513645649,63.1734308600426
2799.36433690786,133.982903957367,2244.11901962757,219.289728552103,1005.67094379663,3.95801502466202,638.614024758339,222.619986116886,1082.56626334786,3.958172082901,489.409290730953,29.9454218149185,1209.38333702087,28.0432204008102,2234.04620859027,2.64608913660049,593.469878703356,5.86541604995728,1803.31915667653,618.412662565708,145.415825992823,5.40221071243286,643.043969392776,396.567865073681,184.842764467001,30.7891892194748,184.639228790998,11.1811371147633,2225.03626662493,10.3307923078537,172.403096497059,189.361743688583,102.173439413309,249.620921134949,57.5244972705841,26.4221639037132,259.027099341154,58.4382915496826,60.698869407177,0,614.006047695875,63.1210324168205,423.140947848558,29.6124600172043,134.112510323524,5.30512064695358,390.414597868919,4.22910225391388,252.820618718863,7.53503775596619,330.856190949678,2.54457098245621,52.2059465348721,0,94.4752540886402,12.3002197146416,1580.82465228438,26.0388061702251,333.765337884426,20.357264995575,230.565504014492,2.77221530675888,112.111018061638,1.95247232913971,166.830715626478,3.73785972595215,425.662141084671,204.417753338814,1108.63245859742,10.104073882103,3811.26516190171,161.472842246294,0,86.3807172775269,2621.94670668244,55.1468497514725,2326.19419074059,138.879391014576,38.4138516187668,0,240.791950494051,0,374.138874858618,10.6511877775192,197.556300580502,1.77776855230331,57.5271138846874,37.649139881134,67.8133437633514,12.4223749637604,80.9095804095268,15.7269131541252,8.51091560721397,3.04521131515503,70.1902360022068,10.0043010413647,30.8649734556675,2.81512975692749,26.0910813212395,6.88493132591248,3.6353000998497,4.23667025566101,9.99335062503815,11.0692063570023,92.4047361314297,31.475227534771,18.1713161468506,5.36187541484833,52.2774643301964,9.54821735620499,0.583897650241852,0.732042968273163,0.936337351799011,1.25598084926605,0.450444489717484,14.8833746314049
74.1825472712517,3992.94860038161,103.882789969444,3472.23701608181,11.240878790617,601.132107198238,99.3704992830753,2062.356682688,6.94780939817429,884.068844348192,18.1300873160362,1106.18294793367,25.0553382635117,1656.40921887755,2.10463976860046,1586.37694078684,5.30983525514603,1970.68342351913,395.724994033575,2445.99522894621,5.30727994441986,396.773016899824,121.492956876755,1228.00632509589,18.7345808446407,298.228397369385,12.3689793348312,394.951790511608,14.2919957637787,4247.50445213914,60.7462495267391,141.486286759377,91.9016124010086,216.850092589855,22.7227442264557,21.2079617381096,66.9338821768761,466.853290885687,5.42402058839798,50.9057874381542,23.48049223423,1262.68170532584,106.963518172503,150.841252774,23.519589215517,340.314776778221,14.4702980518341,712.991559892893,0,347.1252861619,3.52823376655579,403.298833191395,0,211.505786091089,0,152.999150931835,28.2095665335655,2572.15645736456,21.0245840847492,366.053767800331,10.5327325463295,292.60585090518,4.99448180198669,568.667820453644,3.20684552192688,216.118189573288,233.477380096912,383.948809862137,105.555696517229,324.639670461416,159.035924881697,2511.09209468961,86.3807172775269,0,52.6558593511581,1438.82810622454,147.569800138474,1052.12812870741,0,304.054548829794,1.07594621181488,799.128812670708,1.11879897117615,463.251912415028,2.6959086060524,526.926854491234,8.51970863342285,159.995928883553,5.25758957862854,231.260061621666,4.19394773244858,89.8350187242031,2.24567753076553,7.82168340682983,4.19574671983719,67.9117002487183,3.57796114683151,5.71636310219765,3.91568225622177,140.622288584709,5.64424383640289,7.25277110934258,4.37737023830414,11.8447335958481,6.59937414526939,41.4829433560371,2.61690413951874,6.19494587182999,19.7969547510147,6.33482629060745,6.77934309840202,1.44846433401108,2.25589394569397,0,0,16.9070985019207
1118.50347539783,45.8081759810448,968.562750160694,104.329665392637,65.6703428030014,0,265.833249807358,82.7490739524364,110.776694357395,0.559034287929535,191.604404568672,14.8568104207516,462.71172362566,6.45215356349945,360.779646575451,0,119.241189420223,0,877.73023673892,248.906774282455,27.8835530281067,1.74729454517365,274.630933642387,166.104519665241,11.5718992948532,1.92245656251907,9.71842169761658,0,362.263842910528,2.10252785682678,62.6828364729881,66.6497402787209,43.8402050435543,123.933388948441,4.65753209590912,4.98191130161285,775.791998803616,25.8360369205475,99.5024873316288,7.54906311631203,440.381276458502,37.4403902292252,8.89921045303345,0,4.57203441858292,0,13.2244284152985,1.13934564590454,20.2327038645744,0,37.3404114842415,0,1.02665400505066,0,9.92378360033035,4.70657026767731,449.436563044786,4.91196432709694,58.773435652256,6.54196405410767,27.165675163269,0,15.4094300270081,1.09021961688995,17.3103289008141,0,80.5033287405968,18.1713781356812,675.527968198061,2.63635420799255,2509.12114614248,63.2902383804321,2621.94670668244,52.6558593511581,0,75.671294182539,1537.14996257424,93.589577704668,1.91116321086884,0,13.5893225669861,1.42836141586304,52.116982281208,5.86501973867416,16.9364775419235,0,32.4424541592598,11.5940231978893,27.1748002171516,11.0245933532715,110.119624048471,203.428691208363,55.2905531525612,72.0365279316902,207.548054844141,78.2182089388371,69.7933771908283,35.9832534193993,48.9952782690525,54.0303126275539,53.9851651489735,82.6416144371033,61.7315492033958,231.89181381464,242.286211818457,167.661887943745,46.3964501619339,51.4479452967644,83.9259454905987,21.0143718719482,14.7521068751812,0.47331765294075,13.2353015840054,9.02849805355072,15.8465565443039,63.7909895777702
27.439417719841,800.742994219065,20.6492050290108,1139.39920011163,0,29.576190829277,28.4337395429611,743.532751977444,0,95.0082525014877,4.29013288021088,50.493500828743,7.1986283659935,329.795709490776,0,196.507737487555,1.20862483978271,72.152103304863,123.781356453896,913.164173752069,4.69902670383453,14.6034405827522,19.8400356173515,561.442741394043,1.29492801427841,22.20924025774,4.62441468238831,7.87942755222321,10.9722322225571,76.6025277674198,8.71595764160156,18.3494378328323,29.207709133625,91.6814641356468,1.90046519041061,7.41851714253426,51.0939262807369,724.463667482138,49.0385361015797,50.3552467823029,61.698009043932,381.472216129303,21.4019682109356,26.1833056211472,0.514266073703766,64.4117549955845,4.74881979823112,114.20026910305,0,77.8680515289307,0,60.9077656567097,0,28.094513386488,4.82354021072388,15.2610476613045,7.80643466114998,322.324777185917,6.33419305086136,75.7598239481449,2.21268320083618,27.6698192954063,1.19054770469666,26.214075922966,0,27.9497932493687,40.4539651870728,76.2654174268246,19.414379119873,56.0447153449059,61.887127995491,2974.06143057346,55.1468497514725,1438.82810622454,75.671294182539,0,65.4595082700253,862.349151551723,0,7.63601505756378,1.90228283405304,28.1444851160049,8.54067641496658,11.8598181307316,0,35.8294948041439,19.3544196486473,37.59776866436,10.1405575275421,42.8499585390091,99.8664964735508,128.6244597435,38.4692665338516,38.4852693080902,24.6484279930592,271.210123360157,63.3944770693779,38.0149064660072,50.15135627985,79.9790478050709,55.4209730029106,31.414298593998,54.2096098065376,80.0019718706608,72.8292594254017,245.226826697588,32.2525925636292,30.7931381165981,66.6400809884071,19.1979891061783,7.42284193634987,1.89779406785965,4.14154547452927,4.11547753214836,8.77677312493324,36.0065075755119
4106.68433851004,351.978319108486,2345.47699043155,233.564642250538,78.375055283308,0,757.89572390914,252.408305883408,194.088199287653,1.91086727380753,533.366154283285,22.3785586357117,1084.54822152853,14.327074944973,689.176496714354,1.18295228481293,476.141213953495,17.7967756986618,3468.14351135492,1036.0368655622,20.6507337093353,0,695.233902841806,240.223256528378,18.7240695357323,0,13.578355550766,0,979.931390613317,11.4309742450714,147.105231583118,163.567595124245,193.142435699701,520.011444807053,83.1882069408894,76.9708485007286,3875.53928175569,188.238292843103,229.593493849039,16.2276955246925,431.629616051912,1.55070877075195,823.51314046979,102.666649997234,305.429884552956,37.3077371120453,758.299215584993,38.1695159673691,424.618567377329,17.4405452311039,352.923157423735,2.29668954014778,50.4560687243938,2.53774809837341,242.95373108983,7.14620327949524,2623.95152693987,156.221224963665,621.169321835041,168.421057611704,679.788888454437,46.750242292881,234.600405186415,34.5471190810204,274.048806011677,7.89623433351517,1171.27404859662,752.442265212536,4486.46066656709,94.6159897744656,7332.72377419472,210.933792918921,2326.19419074059,147.569800138474,1537.14996257424,65.4595082700253,0,837.681647598743,9.64148235321045,5.14261385798454,115.516839057207,27.0762903988361,185.033147186041,0,110.667645633221,0.888795912265778,146.202606350183,0,256.087330728769,0,219.071278363466,120.741381168365,145.88351470232,42.6174151301384,1026.42434731126,86.7989972233772,462.295671373606,14.2612469792366,53.3150832355022,59.9758703708649,128.380861878395,41.9228069484234,178.969379127026,121.692587673664,648.872414022684,214.492119640112,87.5831938683987,18.6397769451141,321.658489972353,460.778959691525,58.6223835945129,4.51223307847977,28.1895971000195,48.4778182506561,19.8144663572311,127.877989113331
250.261824160814,5782.21384656429,120.904714792967,3664.19904270768,0,24.3552395403385,94.3683118224144,2216.98139667511,0,106.531028389931,40.898128092289,170.257876604795,20.9644628763199,617.304119050503,1.15876007080078,257.880742281675,51.4592586755753,172.970013916492,1004.38338050246,6031.18858250976,3.09173822402954,19.6114755868912,105.96051543951,1292.25998210907,0,23.2289106249809,3.40915548801422,18.1124504208565,93.0184814035892,155.481151342392,69.7842862606049,51.4355646371841,325.729346334934,731.026430159807,62.4860507249832,64.7000267207623,188.517992168665,3825.65269246697,52.5255338847637,97.9711228311062,4.99868881702423,197.87202501297,166.981350898743,239.799411922693,30.4413105249405,446.764197647572,58.6870799064636,1137.48733833432,6.51380920410156,296.422547787428,4.25465911626816,284.56274536252,0,161.867926478386,6.95498514175415,189.806056559086,188.893660336733,1548.59521886706,119.170757055283,407.350449591875,70.5637320876122,153.120136022568,46.1165699958801,129.983311265707,7.61050516366959,148.72524613142,845.043795794249,613.987882822752,508.016200900078,1022.31468096375,269.961479872465,8180.95711404085,138.879391014576,1052.12812870741,93.589577704668,862.349151551723,837.681647598743,0,7.36174881458282,19.6945015192032,38.343276143074,129.794988125563,1.44540762901306,69.9223278164864,0,156.503934204578,0,153.252346426249,0,195.627592206001,81.9072732329369,389.908192336559,40.264850705862,183.363435894251,122.908557862043,844.798600584269,48.2773220539093,65.3891517221928,18.8831534385681,181.106135904789,36.2216666638851,65.3476688861847,44.0811010301113,232.940863162279,168.886035472155,724.255011349916,49.9132639765739,49.8887629806995,554.106364458799,834.818451225758,33.0893704891205,10.5888777971268,11.0217815041542,37.4338266849518,62.1124889552593,212.697721630335
31.9633567333221,0,2.49295771121979,0,0.624507904052734,0,8.3838877081871,0,0,0,15.1858273744583,0,11.1743936538696,0,0,0,316.534479022026,0,10.9347764849663,0,0,0,0,0,0,0,0,0,268.969130992889,0,0,0,0.657674133777618,5.15877497196198,7.79157888889313,4.53163987398148,8.38220340013504,12.0777109861374,2.06593859195709,0,0,0,6.43361121416092,0,4.77386921644211,2.65113803744316,3.955884963274,0,14.5507079362869,0,12.1741277575493,0.741872727870941,0,0,1.04468590021133,0,91.5999362170696,0,151.0063174963,4.03156858682632,32.2650130391121,0.962431728839874,56.0420539975166,0,2.52076286077499,0,122.308215498924,30.929018497467,9.53462016582489,0,0.749517440795898,0,38.4138516187668,0,1.91116321086884,0,9.64148235321045,7.36174881458282,0,0,1114.94619631767,0,24.9765350818634,0,11.8276017308235,0,0,0,4.62248545885086,0,0,0,0,0,0,0,0,0,0,0,0,0,0,0,0,0,0,0,0,0,0,0,0,0,0,0
0,56.5638741254807,0,5.50810223817825,0,0,0,3.18970954418182,0,0,0,2.72920745611191,0,1.96934735774994,0,0,0,352.482394844294,0,5.09096476435661,0,0,0,0,0,0,0,0,1.3403662443161,315.347330868244,0,0,2.42723250389099,0.6473348736763,2.89156925678253,5.8208030462265,2.30861234664917,10.9271459579468,0,5.52332675457001,0,0,2.19273114204407,6.52914106845856,3.57472491264343,40.1341282129288,3.27806258201599,3.90407547354698,0.656302869319916,35.1766418516636,1.10981595516205,34.3463676869869,0,1.99813061952591,0,2.1147255897522,1.7562809586525,158.08627358079,1.91212683916092,157.081726968288,1.49184632301331,61.0307988524437,3.09892559051514,79.632279753685,0,47.219180315733,37.4966384768486,103.006711184978,2.71653187274933,3.57665228843689,0.572354972362518,3.6932081580162,0,304.054548829794,0,7.63601505756378,5.14261385798454,19.6945015192032,0,0,1.55144345760345,1258.18017214537,0,26.8471050858498,0,27.8912740647793,0,1.31903550028801,0,10.2537379860878,0,0,0,0,0,0,0,0,0,0.932425141334534,0,0,0.605039298534393,0,0,0.793907940387726,0,0,0,0,0.636980295181274,0,0,0,0,0
177.652908712626,0,32.7669852375984,0,6.58569490909576,0,7.74232196807861,0,4.24495339393616,0,299.112543076277,0,109.083336234093,0,16.156578540802,0,1708.56189602613,0,39.2992762923241,0,0,0,1.12604904174805,0,0,0,0.991475880146027,0,1034.99419438839,1.31207871437073,0,0,1.89069882035255,8.46486014127731,69.817214012146,44.4989755749702,102.228792726994,24.1524850130081,44.3502121567726,0.977691948413849,26.9295917153358,0,240.229144722223,21.6234953403473,176.626157671213,16.3633251786232,194.559735119343,1.57709002494812,358.396978646517,7.54432713985443,323.573550075293,0.759816348552704,16.8579130470753,0,57.2776754498482,0,440.88825276494,13.5466017723083,401.733454316854,26.9461947083473,605.953760534525,1.63373214006424,2847.84478324652,1.84996390342712,363.64016276598,5.05844211578369,640.677531778812,184.172009259462,25.1947988271713,0.525170266628265,11.1136916279793,0.786253869533539,240.791950494051,1.07594621181488,13.5893225669861,1.90228283405304,115.516839057207,38.343276143074,1114.94619631767,1.55144345760345,0,2.14704942703247,1980.98505407572,0,5444.54056796432,0.744492411613464,129.903784692287,0,270.093917936087,0,22.3752879798412,0,0,0,5.42221522331238,0,1.07224616408348,0,2.98289296030998,0,0,0,0,0,0.500738859176636,0,0,0,0,0,0,0,0,0,0,0
0,78.5482776761055,0,23.8191608786583,0,8.66906821727753,0,94.3645485043526,0,6.87162780761719,0,72.7719075083733,0,94.3318132758141,0,20.9344877004623,0.828094184398651,912.790296912193,2.72103488445282,31.5892542600632,0,2.51754170656204,0,12.2484394311905,0,0.94889622926712,0,5.7718032002449,0,610.924898117781,0,3.800417304039,8.70868349075317,20.4688549637794,17.2764754593372,34.5474155545235,20.0338751673698,208.865011334419,0,26.1828859746456,0,92.4204314351082,70.7124470770359,119.850349664688,10.5336240231991,353.268667161465,0,372.098112136126,0,439.078056275845,0,479.96930205822,0,174.406577318907,0,113.468150347471,8.61210530996323,233.865392357111,8.37467408180237,330.094402909279,0,163.672391951084,5.77195709943771,2201.43858504295,0,499.34974104166,101.49931961298,436.479556232691,7.74964827299118,22.4787658154964,4.27357214689255,39.8599300682545,0,799.128812670708,1.42836141586304,28.1444851160049,27.0762903988361,129.794988125563,0,1258.18017214537,2.14704942703247,0,0,2618.95962798595,0,7042.89781296253,0,711.076317697763,0,563.418533682823,0,52.4748881757259,0,0,1.94862163066864,5.32019257545471,0,4.52503514289856,0,83.2896846234798,0,0,0,0,0,2.53153139352798,0,2.57995295524597,0,1.05254065990448,3.80210697650909,1.03737473487854,0,0,0,0
37.4512131810188,0.703861057758331,66.0639857053757,4.10215651988983,93.6287350058556,0.667521774768829,9.44340592622757,3.53420829772949,111.756181955338,0,70.1658828556538,0.899058878421783,107.761203557253,0.530422985553741,1041.38212585449,0,91.9786722958088,0,58.7629897892475,7.84774500131607,13.4072493314743,1.27652955055237,18.2091239690781,2.24160951375961,20.0893538594246,0,20.1810422539711,1.90525472164154,1541.31000757217,0,15.2387011647224,3.43598568439484,1.82259368896484,7.14548510313034,6.34688049554825,6.2578661441803,476.827144056559,3.43697333335876,88.1256506443024,0,1321.10839793086,6.33992522954941,132.628978222609,0,9.71247473359108,0,219.325460851192,0,70.1782103776932,0,130.93338868022,0,31.2478727996349,0,127.458272129297,0,20.5757071971893,0,22.6522111594677,0,45.4675876498222,0,64.6652491688728,0,51.712081193924,0,37.2441577017307,0.765301465988159,9.20294657349586,0,117.431224256754,6.02474361658096,374.138874858618,1.11879897117615,52.116982281208,8.54067641496658,185.033147186041,1.44540762901306,24.9765350818634,0,1980.98505407572,0,0,0,974.367277741432,0,1435.59608641267,0,206.623285293579,0,26.4583854079247,0,0,0,4.71653544902802,0,2.82183617353439,0,6.52419102191925,0,0,0,0,0,1.09187722206116,1.57184147834778,0,0,0.88636839389801,0,0,0,0,0,0,0
0,0,0,3.47172528505325,0,64.6761440336704,0,1.17377066612244,0,24.3177364766598,0,1.0917489528656,0,2.03834217786789,0,30.8428996801376,0,5.12122285366058,0,0,2.89253014326096,245.706688761711,0,4.89077866077423,0,15.1608517765999,0,50.848087221384,0,425.693659156561,0.782199084758759,5.92179751396179,0,0,0,4.4834518134594,1.39707767963409,933.274299055338,0,201.549350082874,9.59477925300598,2376.01517370343,5.62820217013359,23.8832630515099,1.41013443470001,28.7871005237103,0,123.5840292871,0,34.1975889205933,0,45.3908270001411,0,23.0109933018684,1.58849775791168,127.346349418163,0,1.78038156032562,0,5.08243277668953,0,1.0993609726429,0,7.50975117087364,0,11.681059807539,0,17.0989227294922,0,0,9.66305541992188,35.144967854023,10.6511877775192,463.251912415028,5.86501973867416,11.8598181307316,0,69.9223278164864,0,26.8471050858498,0,2618.95962798595,0,0,0,427.593015640974,0,2596.29375210404,0,210.477137178183,0,8.24305713176727,0,0,0,2.25558340549469,0,3.81840273737907,0,12.4245203733444,0,0,0,0,0,0,0,0,0.87532502412796,0,1.30161535739899,0,0,0,0,0
569.157261312008,0,77.2471109628677,0,6.64806491136551,0,61.3107189536095,0,2.0113964676857,0,620.669402420521,0,152.6638879776,0,12.035685300827,0,438.585417598486,0,30.9246024489403,0,0,0,0,0,0,0,1.39227896928787,0,431.609482705593,0,0.612739205360413,0,1.80281519889832,2.35560584068298,27.0144055783749,19.892310321331,148.680112868547,6.86712801456451,26.8273524343967,0,98.0199903547764,1.9617994427681,285.897954314947,24.2548843622208,153.090249121189,5.23097723722458,268.568249970675,0,431.977452874184,5.63360989093781,3567.7453097105,0,311.488364368677,1.52010142803192,420.750347971916,1.83316254615784,423.212120711803,0,188.091121613979,1.38427567481995,1515.90047863126,1.1898410320282,1947.15788468719,0,4309.06528419256,0,150.820190757513,39.4207257628441,3.44432628154755,0,43.764387011528,0.994712829589844,197.556300580502,2.6959086060524,16.9364775419235,0,110.667645633221,0,11.8276017308235,0,5444.54056796432,0,974.367277741432,0,0,0,904.637348800898,0,6283.34080252051,4.15590274333954,48.6452896893024,0,0,0,1.5666241645813,0,1.54076692461967,0,9.37133803963661,0,0,0,0,0,0,0,0,0,0,0,0,0,0,0,0,0
0,443.759085983038,0,67.3906545341015,0,11.3105227649212,0,487.180160969496,0,5.27367705106735,0,276.22925055027,0,251.842207998037,0,9.44776928424835,0.48075807094574,143.107638210058,0.68929123878479,26.2112891077995,0,12.1925495564938,0,1.28789496421814,0,2.02430486679077,0.578900694847107,9.32474058866501,1.08007311820984,158.032437622547,4.11456435918808,2.18558248877525,4.6165469288826,6.92605662345886,10.9082093834877,16.9701912999153,4.98234841227531,365.167922437191,0,50.8370521962643,3.60991472005844,175.780428171158,36.9932074546814,93.0986112058163,10.7928355336189,327.634590357542,2.17393279075623,395.604520916939,6.39512360095978,945.441017538309,3.73970413208008,4076.53333321214,0,512.814843088388,0,519.441856980324,1.15618097782135,271.283139169216,0,58.8623728752136,1.60835611820221,914.155798316002,0,1521.45560488105,0,3471.0903826952,37.3065132796764,123.922632962465,0,4.08936500549316,3.22135156393051,166.826915413141,1.77776855230331,526.926854491234,0,35.8294948041439,0.888795912265778,156.503934204578,0,27.8912740647793,0.744492411613464,7042.89781296253,0,427.593015640974,0,0,0,1675.70058393478,0,6185.68599539995,0,35.0515464246273,0,0,0,11.2233457565308,0,5.79946663975716,0,50.2997716069221,0,0,0,0,0,1.29736232757568,0,0,1.37262535095215,0.557168066501617,1.77465176582336,0,0,0,0,0
0,0,0,0,18.2747283279896,0,0,0,2.22638458013535,0,0,0,0,0,16.4116201400757,0,1.71441626548767,0,0,0,8.4851194024086,0,0.948329478502274,0,0.568308115005493,0.737038254737854,5.02818229794502,0,324.824191153049,0,0.52319061756134,0,0,0,3.77773559093475,0.638946294784546,946.929723024368,3.99646258354187,81.0730908811092,0,1091.54931014776,24.2305946946144,44.5412302613258,0,0.58681321144104,0,214.450117558241,0,12.4931336045265,0,52.1237538158894,0,28.277284860611,0,193.980699747801,0.883310317993164,0,0,0,0,14.0780063867569,0,17.9762243330479,0,12.3312323987484,0,7.82257005572319,0,0,0,28.8124542832375,4.90883189439774,57.5271138846874,8.51970863342285,32.4424541592598,19.3544196486473,146.202606350183,0,0,0,129.903784692287,0,1435.59608641267,0,904.637348800898,0,0,0,1042.08425039053,0.936389625072479,8.39329546689987,0,0,0,2.96498131752014,0,8.02388548851013,0,1.684525847435,0,0,0,0,0,1.44694262742996,0,0,0,0,0,0,0,0,0.583515822887421,0,0
0,0,0,1.48555669188499,0,20.3872153162956,0,0,0,21.0948497056961,0,0,0,0,0,15.068253993988,0,2.01030659675598,0,0,2.44334280490875,28.5360036492348,0,1.58123600482941,0,5.562594383955,0,13.8075965642929,0,48.4242231547832,0,1.34026426076889,0,0,1.20150429010391,2.9586318731308,3.17205238342285,1410.31842207909,0.558308243751526,222.951991736889,27.4198749065399,1772.93263533711,4.26864737272263,25.4787078201771,0,6.84519144892693,0,186.285884559155,0,24.7605800032616,0,43.9125247597694,0,45.8806617856026,0,491.884115666151,0,0.612011730670929,0,0,0,3.9632106423378,0,8.97981092333794,0,4.95504525303841,1.39726728200912,16.3807083964348,0,0,20.0195834636688,83.3600489497185,37.649139881134,159.995928883553,11.5940231978893,37.59776866436,0,153.252346426249,0,1.31903550028801,0,711.076317697763,0,2596.29375210404,0,1675.70058393478,0,0,1.19812574982643,1924.03805917501,0,4.52815979719162,0,0,0,7.75640994310379,0,2.93905004858971,0,9.37187653779984,0,0,0,0.970991373062134,0,2.74466502666473,0,2.54368209838867,0,0,0,0,0.740469336509705,0,0,0.832097172737122
162.743499577045,0,6.75828021764755,0,4.06636664271355,0,7.23111140727997,0,1.22333490848541,0,98.7380623221397,0,18.1610449552536,0,13.4762337803841,0,99.7790933847427,0,5.17129921913147,0,3.7694286108017,0,0,0,0,0,2.44673347473145,0,182.323645412922,0,0,0,2.34960985183716,0,22.13468760252,16.877454072237,1097.07257446647,4.91152548789978,204.224942296743,0,199.036954194307,11.5307500362396,579.619121909142,19.2203422486782,179.631192624569,3.00852227210999,1050.4333538115,0,573.232605159283,2.16985693573952,1419.15339040756,0,521.53629283607,0,2607.17945446074,0,134.900389522314,0,101.03014165163,0,300.152432143688,0,391.80078458786,0,550.683824062347,0,130.959917664528,38.7900124192238,0,0,28.4730577766895,8.5813769698143,67.8133437633514,5.25758957862854,27.1748002171516,10.1405575275421,256.087330728769,0,4.62248545885086,0,270.093917936087,0,206.623285293579,0,6283.34080252051,0,1042.08425039053,1.19812574982643,0,1.01583850383759,97.934044867754,0,0,0,6.46824145317078,0,21.6058495342731,0,62.8888509869576,0,0,0,0,0,0,0,0,0,0,0,0,0,0,0,0,0
0,292.290855437517,0,21.9931913018227,0,8.56957626342773,0,286.775600910187,0,11.2055958509445,0,57.0004142522812,0,39.3238329589367,0,10.4568430185318,1.47322195768356,28.117507994175,0,1.25783610343933,1.24771410226822,6.34933072328568,0,0,0,2.65998616814613,0,9.17584151029587,0,44.4917683005333,0,3.94011163711548,1.00515329837799,5.85322871804237,15.707320868969,17.9523139595985,13.2774264812469,1076.37866657972,0,385.37479031086,12.8612316846848,357.397877335548,87.8086631000042,147.404376387596,11.8555335700512,424.295984268188,5.99568372964859,630.371178418398,5.91620624065399,862.039358228445,6.05922162532806,1225.13165691495,0,1318.17312198877,0,4336.23245599866,0,129.835604071617,6.13693481683731,35.3263045251369,0,307.254954308271,0,290.88207089901,1.03896462917328,586.722995817661,85.3888616859913,190.691496133804,0,0.801259338855743,8.67723754048347,118.518711954355,12.4223749637604,231.260061621666,11.0245933532715,42.8499585390091,0,195.627592206001,0,10.2537379860878,0,563.418533682823,0,210.477137178183,4.15590274333954,6185.68599539995,0.936389625072479,1924.03805917501,1.01583850383759,0,0,28.3276833593845,0,0,0,15.6729707419872,1.11529320478439,12.800399929285,0,60.8321368098259,0,0,0,0,0,2.64018595218658,0,0,1.23906052112579,0.723183035850525,3.91261029243469,0.592962920665741,0,0,0,0
3.7413724064827,0,0,0,2.07761293649673,0,0,0,0,0,0,0,0,0,0.42088919878006,0,0,0,0,0,1.83113920688629,0,0,0,0,0,0,0,67.7158187627792,0,0,0,0,0,6.98564213514328,5.45652806758881,169.833916187286,35.0545951128006,333.437649846077,15.8962524533272,30.0480460524559,1.15638148784637,555.152573406696,11.7493041753769,50.5879914462566,0,966.970572263002,0,47.4064957499504,0,217.881202161312,0,109.110356420279,0,359.630403518677,0,1.37980884313583,0,1.49562394618988,0,0,0,0,0,1.35041773319244,0,15.9554126262665,11.1664689183235,0,0,37.0260729789734,25.3168432116508,80.9095804095268,4.19394773244858,110.119624048471,99.8664964735508,219.071278363466,81.9072732329369,0,0,22.3752879798412,0,26.4583854079247,0,48.6452896893024,0,8.39329546689987,0,97.934044867754,0,0,739.77302801609,1066.25993567705,146.074189275503,426.437066584826,315.597269356251,2195.05125743151,175.621677160263,2696.06411862373,473.422379881144,442.804334044456,199.54542067647,344.174473494291,589.812149584293,764.465517610312,338.614945650101,442.953339129686,215.534736663103,30.6579478681087,11.5026553869247,186.088899791241,22.8062665462494,86.836965739727,26.5333717763424,19.7002565860748,33.4412107467651
0,2.70942449569702,0,0,0,0,0,0,0,0,0,0,0,0,0,0,0,0,0,0,0,0,0,0,0,0,0,0,0,13.0537516474724,0,0,0,1.52421748638153,3.27519285678864,6.29022598266602,77.8775747716427,217.000755935907,144.810372084379,56.0905143618584,1.44238293170929,28.9059824049473,231.9559019804,63.2710140943527,0,20.3481932282448,0,758.497970253229,0,28.9728637635708,0,90.5151429474354,0,146.107167452574,0,35.6703186035156,0,2.92161345481873,0,0,0,0,0,0.533181309700012,0,0,4.50760400295258,11.2014176249504,0,0,34.7007993459702,76.5972307026386,15.7269131541252,89.8350187242031,203.428691208363,128.6244597435,120.741381168365,389.908192336559,0,0,0,52.4748881757259,0,8.24305713176727,0,35.0515464246273,0,4.52815979719162,0,28.3276833593845,739.77302801609,0,149.49436083436,1727.6038017869,104.222976714373,1295.19472166896,384.973550111055,969.895622074604,406.259422749281,2363.46393555403,326.39105412364,161.575655996799,405.73101323843,702.586669027805,292.978130340576,1142.46824485064,252.42744359374,407.790569841862,176.424788117409,67.8098945915699,397.851403266191,88.8561409115791,240.36431646347,42.3214600384235,135.09253102541,131.834279060364
0,0,0,0,0,0,0,0,0,0,0,0,0,0,0,0,0,0,0,0,0,0,0,0,0,0,0,0,0,0,0,0,0,0,0,0,18.3609831631184,13.1183024048805,77.4454648196697,6.1408514380455,1.86184495687485,0.717150628566742,0,0,0,0,0,0.525075018405914,0,0,0,0,0,0,0.861304819583893,0,0,0,0,0,0,0,0,0,0,0,0,0,0,0,17.1794815957546,5.59886673092842,8.51091560721397,2.24567753076553,55.2905531525612,38.4692665338516,145.88351470232,40.264850705862,0,0,0,0,0,0,0,0,0,0,0,0,1066.25993567705,149.49436083436,0,23.408068716526,375.305882245302,78.8876730501652,683.158899784088,48.6670359373093,203.958941161633,81.752423197031,1436.91544410586,44.2537653148174,991.019352167845,155.265814244747,804.536604255438,122.759279102087,172.786345094442,64.0793849527836,50.4712945520878,28.9728932976723,223.44168266654,34.0398768186569,87.5047833919525,20.1829510331154,20.6700108647346,15.6885772943497
0,0,0,0,0,0,0,0,0,0,0,0,0,0,0,0,0,0,0,0,0,0,0,0,0,0,0,0,0,0,0,0,0,0,0,0,28.3386207222939,33.982389241457,34.7730507552624,16.0155986845493,0.704243838787079,4.62510949373245,0,0,0,0,0,6.92983561754227,0,0,0,0,0,0,0,0,0,0,0,0,0,0,0,0,0,0,0,0,0,0,13.0492590069771,28.8274029493332,3.04521131515503,7.82168340682983,72.0365279316902,38.4852693080902,42.6174151301384,183.363435894251,0,0,0,0,0,0,0,0,0,0,0,0,146.074189275503,1727.6038017869,23.408068716526,0,47.5945352017879,436.997022122145,123.958487153053,342.542467653751,103.695896685123,206.297272145748,88.5966055989265,601.308039456606,141.637348264456,1433.68824350834,124.301390886307,831.128463953733,117.166472613811,211.661436855793,169.997363060713,74.4064122140408,420.197244822979,37.9712920188904,222.529032677412,92.7967583537102,142.021374821663,84.3030112981796
150.804244071245,14.1455664634705,43.4167867302895,13.9142161011696,0,0.939795017242432,10.7719165980816,5.13290482759476,2.06784319877625,0,14.8290746212006,0,17.6575489640236,2.54726707935333,11.5460798144341,0,19.2948731780052,0,94.9866192042828,18.6040256023407,0,0,7.0107147693634,0.610296607017517,0.652734458446503,0,1.80939197540283,0,34.5496038198471,2.66141384840012,4.1937900185585,2.06118124723434,4.29295063018799,7.84681713581085,4.19635361433029,9.86625176668167,92.7286419272423,15.1848169267178,48.1750449538231,7.24458199739456,14.0653938949108,0.744151055812836,13.5912866294384,0,13.4187789559364,0,118.955075502396,7.79118698835373,12.8640356063843,0,19.6439197063446,0,2.80243110656738,0,2.94795042276382,0,151.221359163523,5.5896532535553,44.958312690258,1.12507462501526,29.3554755151272,0,13.7395004630089,0,7.990862429142,0,106.386247426271,23.1411378383636,159.560208171606,0,148.122705727816,24.4729478657246,70.1902360022068,4.19574671983719,207.548054844141,24.6484279930592,1026.42434731126,122.908557862043,0,0,5.42221522331238,1.94862163066864,4.71653544902802,0,1.5666241645813,0,2.96498131752014,0,6.46824145317078,0,426.437066584826,104.222976714373,375.305882245302,47.5945352017879,0,139.035810619593,1216.89604347944,47.3305121362209,159.373477995396,43.9897646009922,276.267900675535,22.1336594521999,417.188427120447,91.1473054587841,652.777881145477,179.657585084438,161.978986948729,23.0078538358212,294.891510725021,476.905895709991,490.09554746747,24.4527673721313,92.2491036057472,133.341918796301,38.177042722702,145.583365380764
12.0746674537659,267.040411800146,4.08421593904495,123.663103222847,0,0.587199747562408,0.628743231296539,55.1007300317287,0,6.17646491527557,0,2.594113945961,1.47395074367523,16.8786604404449,2.12921983003616,9.14043492078781,0.598765790462494,6.7429746389389,12.2300555109978,234.788417071104,0,2.84116685390472,0,33.785557538271,0,1.61809569597244,2.49213463068008,0,2.37515586614609,11.9108090698719,3.76765149831772,1.79758927226067,4.07753258943558,23.7096909284592,2.88416218757629,5.94155997037888,25.9818429946899,96.1101773679256,106.882751375437,39.5071710944176,1.63545352220535,12.0569276511669,4.54923760890961,7.49524384737015,0.591432452201843,28.7521723508835,0,90.8716107904911,0,24.3302912712097,0,17.8747106790543,0,4.39564427733421,1.05569362640381,4.61807382106781,1.02401804924011,120.230511307716,0,53.7886154055595,0,9.92683607339859,0,6.27434796094894,0,4.75759613513947,6.71719598770142,50.9234349131584,8.44554674625397,39.4991760849953,22.4730304181576,210.761141866446,10.0043010413647,67.9117002487183,78.2182089388371,271.210123360157,86.7989972233772,844.798600584269,0,0,0,5.32019257545471,0,2.25558340549469,0,11.2233457565308,0,7.75640994310379,0,15.6729707419872,315.597269356251,1295.19472166896,78.8876730501652,436.997022122145,139.035810619593,0,155.252548843622,1382.44299459457,91.7366171181202,977.733251571655,95.3726337552071,165.208454072475,112.363605469465,467.908026576042,141.895758420229,751.137739390135,69.7278561592102,195.252997934818,85.3351385891438,369.211496651173,245.071343332529,20.8072154223919,58.1357707083225,28.6071589291096,42.5759364664555,63.613515496254
13.1082789897919,0,2.74283969402313,0,0,0,1.30920720100403,0,0,0,0,0,3.98009431362152,0,0.715255320072174,0,3.41096973419189,0,3.37474530935287,0,0,0,1.34603834152222,0,0,0,0,1.16649484634399,10.340009778738,1.5609894990921,0,2.80706095695496,0.550918817520142,1.45821821689606,9.63536316156387,4.11633163690567,87.4999786317348,28.1563626527786,192.334700733423,9.58134737610817,6.07917237281799,0.633149802684784,163.006877541542,11.1352006793022,34.7826403975487,4.17410588264465,988.429125070572,7.96450686454773,26.7726730704308,2.83019089698792,14.0549686551094,1.14829754829407,4.8196507692337,0,91.4173099994659,0.948941588401794,25.4240854978561,0.98266214132309,13.674881875515,0,5.33433574438095,0,8.14096772670746,0,0,0,97.7311843931675,13.1767256855965,11.84792137146,0,31.7869423925877,6.36028325557709,30.8649734556675,3.57796114683151,69.7933771908283,63.3944770693779,462.295671373606,48.2773220539093,0,0,1.07224616408348,0,2.82183617353439,0,1.54076692461967,0,8.02388548851013,0,21.6058495342731,1.11529320478439,2195.05125743151,384.973550111055,683.158899784088,123.958487153053,1216.89604347944,155.252548843622,0,240.832672268152,2750.81133282185,166.100657999516,449.846365898848,94.941580414772,520.353527545929,302.028374403715,707.356371164322,223.604288995266,292.642873644829,92.9334978759289,44.722162604332,184.36375951767,1028.36507940292,104.81303435564,312.972199350595,207.550471037626,23.1724515855312,39.6095533370972
0,2.79506331682205,0,0,0,0,0,0,0,0,0,0,0,0,0,0,0,0,0,0.78144234418869,0,0,0,0,0,0,0,0,0,3.7468609213829,0,0,0,2.35393571853638,2.24374222755432,7.77501100301743,18.0251062214375,45.4665997922421,40.0103645324707,74.3362202942371,0,5.37587916851044,31.3642756938934,150.804078131914,7.79858124256134,90.5234907567501,13.7577454447746,760.415964007378,1.58092701435089,6.39510363340378,1.32042372226715,21.5530662536621,0,25.2203146517277,0,147.786108464003,0,4.7070552110672,0,2.31877857446671,0,2.35903692245483,0,0,0,0.532879054546356,20.5467317700386,51.6026490330696,0,0,4.66384154558182,11.7917494773865,2.81512975692749,5.71636310219765,35.9832534193993,38.0149064660072,14.2612469792366,65.3891517221928,0,0,0,4.52503514289856,0,3.81840273737907,0,5.79946663975716,0,2.93905004858971,0,12.800399929285,175.621677160263,969.895622074604,48.6670359373093,342.542467653751,47.3305121362209,1382.44299459457,240.832672268152,0,84.4498927295208,2478.78999692202,45.7460683882236,29.2227064371109,101.597529739141,201.0617415905,66.2734068632126,321.615345060825,50.6559384465218,205.948305696249,32.8321690559387,41.6493475437164,938.120461404324,86.0645381808281,137.457794040442,27.9161629080772,23.0627758800983,25.15192720294
2.11467432975769,0,0,0,4.65046346187592,0,0,0,0,0,0,0,0,0,0,0,0,0,0,0,0,0,0,0,0,0,3.0717945098877,0,24.523997426033,0,0,0,0.889650046825409,4.08879005908966,4.69834649562836,0,72.1197595596313,11.6136212348938,130.893124878407,2.97132611274719,11.6359749436378,0.659440398216248,326.652170419693,3.7452666759491,6.88920813798904,0,378.198340117931,6.91503840684891,10.2779006361961,0.719114303588867,32.7393813729286,0,24.8856875896454,0,135.220295786858,1.19770634174347,4.44254326820374,0,1.20213812589645,0,3.96304869651794,0,0.51184219121933,0,2.71862870454788,0,9.22543185949326,3.09974592924118,2.83201158046722,0,29.0742005705833,2.08995175361633,26.0910813212395,3.91568225622177,48.9952782690525,50.15135627985,53.3150832355022,18.8831534385681,0,0,2.98289296030998,0,6.52419102191925,0,9.37133803963661,0,1.684525847435,0,62.8888509869576,0,2696.06411862373,406.259422749281,203.958941161633,103.695896685123,159.373477995396,91.7366171181202,2750.81133282185,84.4498927295208,0,217.387407124043,101.331560462713,113.650228887796,136.133515119553,346.868421286345,169.495931923389,193.240663468838,197.222493767738,86.703911781311,6.38983505964279,4.18140172958374,138.102816343307,111.258317232132,168.671182543039,39.9062774777412,4.49233889579773,10.8562058508396
0,2.64678835868835,0,2.37009358406067,0,0,0,0,0,0,0,0,0,0,0,0,0,0,0,1.51427936553955,0,0,0,0,0,0,0,0,0,24.2100080549717,0,0,0,1.2988817691803,0.505767464637756,7.29968917369843,31.6848110556602,245.300360500813,82.8455086946487,35.0016310811043,0,37.0983215272427,190.091438174248,96.4358814358711,0,43.8260118365288,2.53655099868774,743.648551017046,0,41.7093155384064,0,74.8814496695995,0,284.063156992197,0.911293148994446,304.689296096563,0,9.32464385032654,0,0,0,0,0,3.45849400758743,0,2.52153223752975,11.0154559016228,21.1318259239197,0,0,0,12.4620275497437,6.88493132591248,140.622288584709,54.0303126275539,79.9790478050709,59.9758703708649,181.106135904789,0,0.932425141334534,0,83.2896846234798,0,12.4245203733444,0,50.2997716069221,0,9.37187653779984,0,60.8321368098259,473.422379881144,2363.46393555403,81.752423197031,206.297272145748,43.9897646009922,977.733251571655,166.100657999516,2478.78999692202,217.387407124043,0,160.765447050333,41.4778278470039,178.113822996616,263.400400340557,120.472729474306,183.167557537556,93.2066345214844,377.75704652071,16.7879616618156,11.719862639904,265.671066790819,187.432278215885,310.613869667053,72.6824304461479,11.1556629240513,17.7403688728809
0,0,0,0,0,0,0,0,0,0,0,0,0,0,0,0,0,0,0,0,0,0,0,0,0,0,0,0,0,0,0,0,0,0,2.82771265506744,0,30.6410740315914,26.8096604049206,124.057631969452,3.2714381814003,3.15860143303871,0.476105660200119,0,0,0,0,0.501122891902924,0,0,0,0,0,0,0,0,0,1.63808476924896,0,0,0,0,0,0,0,0,0,0,0,0,0,20.995619893074,5.68282157182693,3.6353000998497,5.64424383640289,53.9851651489735,55.4209730029106,128.380861878395,36.2216666638851,0,0,0,0,0,0,0,0,0,0,0,0,442.804334044456,326.39105412364,1436.91544410586,88.5966055989265,276.267900675535,95.3726337552071,449.846365898848,45.7460683882236,101.331560462713,160.765447050333,0,139.657641172409,2816.40175512433,352.336851716042,1111.04625827074,167.907050669193,410.361060798168,118.89132642746,37.4998694062233,9.66228398680687,105.406143456697,4.10893213748932,41.2887834310532,21.920158624649,16.5062571763992,11.989452034235
0,0,0,0,0,0,0,0,0,0,0,0,0,0,0,0,0,0,0,0,0,0,0,0,0,0,0,0,0.69364321231842,0,0,0,0,0,0,0,28.0352506637573,12.9248763024807,30.8306761980057,47.8237755894661,0,1.7772125005722,0,0,0,0,0,2.08140170574188,0,0,0,0,0,0,0,0,0,0,0,0,0,0,0,0,0,0,0,0,0,0,3.75505629181862,9.78010115027428,4.23667025566101,7.25277110934258,82.6416144371033,31.414298593998,41.9228069484234,65.3476688861847,0,0,0,0,0,0,0,0,0,0,0,0,199.54542067647,161.575655996799,44.2537653148174,601.308039456606,22.1336594521999,165.208454072475,94.941580414772,29.2227064371109,113.650228887796,41.4778278470039,139.657641172409,0,202.844789505005,1180.1480383873,108.678594380617,442.337147593498,106.557554364204,188.624729752541,15.3899143338203,12.9642213582993,27.8163962960243,2.33236265182495,10.1328007280827,12.4068366289139,27.7041797339916,12.031555980444
1.00240504741669,0,0,0,0,0,0,0,0,0,0,0,0.613296926021576,0,0,0,0.894783318042755,0,0,0,0,0,0,0,0,0,1.37569046020508,0,0,0,0,0.821666955947876,1.67476010322571,0,0,0,32.0878063738346,22.7789326906204,105.938988089561,11.4270014166832,1.75647473335266,1.16380739212036,0,0,0,0,0,1.37549483776093,0,0,0,0,0,0,2.92828816175461,0,1.65440970659256,0,0,0,0,0,0,0,0,0,0,0,1.14678943157196,0,16.8140595257282,9.4282014966011,9.99335062503815,4.37737023830414,61.7315492033958,54.2096098065376,178.969379127026,44.0811010301113,0,0.605039298534393,0,0,0,0,0,0,0,0,0,0,344.174473494291,405.73101323843,991.019352167845,141.637348264456,417.188427120447,112.363605469465,520.353527545929,101.597529739141,136.133515119553,178.113822996616,2816.40175512433,202.844789505005,0,685.827459096909,5436.82384374738,281.222257107496,518.279704213142,183.407999515533,142.116324305534,97.3009716272354,469.957149267197,43.079902112484,122.201098948717,894.084891617298,321.443852186203,80.9699603021145
0,2.80384993553162,0,0,0,0,0,0,0,0,0,0,0,0,0,0,0,0,0,0,0,1.40103256702423,0,0,0,0,0.948718726634979,0,0,3.98150587081909,0,0,0,0,0,0,92.1448634564877,76.8320150375366,68.6705467104912,90.9505714178085,0,8.10202419757843,0,0,0,0,0,4.61427742242813,0,0,0,0,0,0,0,0,0,1.53515648841858,0,0,0,0,0,0,0,0,0,0,0,0,30.4748517274857,46.8072142899036,11.0692063570023,11.8447335958481,231.89181381464,80.0019718706608,121.692587673664,232.940863162279,0,0,0,0,0,0,0,0,0,0.970991373062134,0,0,589.812149584293,702.586669027805,155.265814244747,1433.68824350834,91.1473054587841,467.908026576042,302.028374403715,201.0617415905,346.868421286345,263.400400340557,352.336851716042,1180.1480383873,685.827459096909,0,379.549964100122,6439.48071834445,406.490234255791,495.83069974184,161.326467394829,97.7971658110619,412.65354642272,53.1820816993713,160.754212617874,584.264864087105,243.079586923122,103.13166898489
97.8927105367184,9.60424530506134,21.9902245104313,4.90890979766846,0.480744063854218,0,7.75736021995544,3.19833379983902,0,0,7.8599671125412,0,12.1434872150421,0.8725546002388,7.58703356981277,0,3.30429118871689,1.65344572067261,25.9833341836929,8.95511198043823,0,0,5.23141533136368,2.13622859120369,0,0,2.15224838256836,0,13.2634966671467,2.72204101085663,4.34154570102692,0,3.84166729450226,12.4393917918205,7.92758816480637,1.28173351287842,63.1292289197445,24.0259787738323,97.1039018332958,3.92199063301086,13.5529975295067,3.58987480401993,1.85903286933899,0,2.90224134922028,0,10.1914501786232,2.33329522609711,3.42149531841278,0,0,0,0,0,3.00306648015976,0,58.9427015781403,2.78106659650803,8.43070074915886,0,1.56482595205307,0,8.41522926092148,0,2.95403468608856,0,20.3587050437927,0,34.5380874872208,0,224.805654406548,79.529043674469,92.4047361314297,6.59937414526939,242.286211818457,72.8292594254017,648.872414022684,168.886035472155,0,0,0.500738859176636,0,1.09187722206116,0,0,0,1.44694262742996,0,0,0,764.465517610312,292.978130340576,804.536604255438,124.301390886307,652.777881145477,141.895758420229,707.356371164322,66.2734068632126,169.495931923389,120.472729474306,1111.04625827074,108.678594380617,5436.82384374738,379.549964100122,0,518.463733494282,682.563004910946,116.411712676287,230.933883190155,96.447302788496,314.357842534781,20.6050379872322,88.2686448097229,85.2876628637314,282.635216355324,118.98385939002
14.6895776391029,83.4537264108658,1.7869930267334,41.3459671735764,0,0,6.39451867341995,28.5593074858189,0,0.972473949193954,0.832415699958801,0.944667279720306,2.94526839256287,4.98785135149956,0,0,5.04516327381134,3.38617432117462,5.47839456796646,48.5844399333,0,0.84650593996048,2.23813080787659,10.2506699562073,0,0,1.5173214673996,0,9.53949278593063,6.57930335402489,3.39337635040283,0,0.610830068588257,25.6447386443615,0,1.7882314324379,39.5183788537979,72.3459962010384,42.3981644809246,38.2029766440392,10.9576752781868,6.32264992594719,0,0.595038533210754,0,0.840776383876801,0,19.9317058324814,0,2.14262127876282,0,0,0,0,1.01347625255585,1.32656478881836,7.07984983921051,48.0676541030407,0,7.53268492221832,1.33253383636475,2.84381330013275,0,2.38982081413269,0,1.2127206325531,0,7.77524000406265,3.65156781673431,1.20196112990379,88.135019749403,224.238235890865,31.475227534771,41.4829433560371,167.661887943745,245.226826697588,214.492119640112,724.255011349916,0,0.793907940387726,0,2.53153139352798,1.57184147834778,0,0,1.29736232757568,0,2.74466502666473,0,2.64018595218658,338.614945650101,1142.46824485064,122.759279102087,831.128463953733,179.657585084438,751.137739390135,223.604288995266,321.615345060825,193.240663468838,183.167557537556,167.907050669193,442.337147593498,281.222257107496,6439.48071834445,518.463733494282,0,234.19677606225,665.963063061237,427.543390750885,115.184525817633,322.209574103355,23.6836723387241,104.128143399954,157.725685417652,386.077963799238,273.963598549366
10.8284056782722,0,2.19745296239853,0,0,0,0,0,0,0,0.857602298259735,0,0.797860264778137,0,0,0,1.60554587841034,0,2.46004581451416,0,0,0,0,0,0,0,0,0,0.755179464817047,0,0,0,2.57355940341949,0,0,0,24.1010396778584,25.9182749390602,74.7309173941612,7.2264261841774,1.57647305727005,0.845839023590088,0,0,0,0,1.69894075393677,0,0,0,0.819676995277405,0,0,0,0,0,24.3891065716743,2.46953964233398,2.27281647920609,0,5.03277552127838,0,3.5501503944397,0,0,0,12.2058842182159,0,16.624074280262,0,26.8578206002712,13.9452859759331,18.1713161468506,2.61690413951874,46.3964501619339,32.2525925636292,87.5831938683987,49.9132639765739,0,0,0,0,0,0,0,0,0,0,0,0,442.953339129686,252.42744359374,172.786345094442,117.166472613811,161.978986948729,69.7278561592102,292.642873644829,50.6559384465218,197.222493767738,93.2066345214844,410.361060798168,106.557554364204,518.279704213142,406.490234255791,682.563004910946,234.19677606225,0,98.219602137804,32.5595384836197,7.66999226808548,66.5431478619576,7.74923640489578,24.3775430619717,24.7368683516979,22.7291375994682,19.2253535091877
0,15.7514290809631,0,3.49714350700378,0,0,0,0,0,0,0,0,1.28957712650299,0,0,0,0,0,0,8.71170973777771,0,0,0,0,0,0,0,0,0,2.11815482378006,0.698565900325775,0,0,3.53254985809326,0,1.21397519111633,10.4728197157383,22.6915574669838,22.3307553827763,20.4838467240334,2.98754703998566,1.23986792564392,0,0,0,1.56054604053497,0,1.249875664711,0,0,0,2.7420489192009,0,0,0,0,0,14.2415400147438,0,7.83272898197174,0,3.06693851947784,0,0,0,1.70195698738098,0,4.97056996822357,0,0,3.1051185131073,16.2620256841183,5.36187541484833,6.19494587182999,51.4479452967644,30.7931381165981,18.6397769451141,49.8887629806995,0,0,0,2.57995295524597,0,0,0,0,0,2.54368209838867,0,0,215.534736663103,407.790569841862,64.0793849527836,211.661436855793,23.0078538358212,195.252997934818,92.9334978759289,205.948305696249,86.703911781311,377.75704652071,118.89132642746,188.624729752541,183.407999515533,495.83069974184,116.411712676287,665.963063061237,98.219602137804,0,21.1774956583977,8.0968821644783,49.1940073370934,6.68095821142197,19.3935080766678,12.0476544797421,22.4305408596992,27.9682714939117
75.5162989199162,85.2538194060326,58.0129416584969,77.0359360277653,2.67794811725616,0,6.11041086912155,36.1053941547871,3.28222805261612,1.16171497106552,12.1654539108276,2.97744232416153,20.9269164204597,5.72275608778,8.7217144370079,5.50493577122688,5.12347257137299,1.80555635690689,81.149367749691,125.555999070406,0,0,12.8295891284943,28.4516081809998,0,0,0,0,11.0137302279472,5.56404447555542,3.59262347221375,1.64570128917694,8.96907967329025,12.6562523543835,0,0,12.6032763719559,9.55911767482758,3.86907413601875,1.37284564971924,7.53342181444168,1.92237764596939,0,0,0,0.536848723888397,0,10.8035529255867,0,0,0,1.61347627639771,0,0,0,0,41.8315450847149,13.0002073645592,2.73693382740021,1.39645951986313,0,0,0,0,0,0,3.69233721494675,3.0174525976181,54.3620004355907,3.2205865085125,140.436576008797,159.235609084368,52.2774643301964,19.7969547510147,83.9259454905987,66.6400809884071,321.658489972353,554.106364458799,0,0,0,0,0.88636839389801,0.87532502412796,0,1.37262535095215,0,0,0,1.23906052112579,30.6579478681087,176.424788117409,50.4712945520878,169.997363060713,294.891510725021,85.3351385891438,44.722162604332,32.8321690559387,6.38983505964279,16.7879616618156,37.4998694062233,15.3899143338203,142.116324305534,161.326467394829,230.933883190155,427.543390750885,32.5595384836197,21.1774956583977,0,380.597056031227,298.654772341251,20.0951460003853,80.4289708435535,506.879908323288,170.194454520941,385.574033409357
8.79979771375656,46.1127332448959,14.1370063722134,11.9362675845623,0.433178514242172,0,0.659195125102997,6.3131431043148,0.930464148521423,0.833027511835098,1.46880531311035,0,6.48615139722824,0.966715633869171,4.12073537707329,0.998633444309235,1.82990837097168,0,13.8621938824654,38.4561757445335,0,0,3.28235441446304,2.24226194620132,0.530361413955688,0,0,0,1.7176371216774,0,0,0,1.83018273115158,6.20504057407379,1.40979993343353,0,12.7522426247597,7.63521748781204,2.79224836826324,0,3.23761385679245,0,0,0,0,1.20551198720932,28.933688223362,97.5345185995102,0,1.73636400699615,1.68047094345093,0,0,0,0,1.13826155662537,12.7113397121429,21.0328774452209,1.73667275905609,3.24916833639145,1.5693541765213,0,0,1.04639685153961,0,0,7.39072090387344,9.7256024479866,9.80943229794502,5.58677899837494,30.7642458677292,37.9562013745308,9.54821735620499,6.33482629060745,21.0143718719482,19.1979891061783,460.778959691525,834.818451225758,0,0,0,1.05254065990448,0,0,0,0.557168066501617,0,0,0,0.723183035850525,11.5026553869247,67.8098945915699,28.9728932976723,74.4064122140408,476.905895709991,369.211496651173,184.36375951767,41.6493475437164,4.18140172958374,11.719862639904,9.66228398680687,12.9642213582993,97.3009716272354,97.7971658110619,96.447302788496,115.184525817633,7.66999226808548,8.0968821644783,380.597056031227,0,686.519224226475,15.4031603932381,97.5516063570976,352.981848955154,121.888216406107,172.952834606171
0,0.751235723495483,0,0,0,0,0,0,0,0,0,0,0,0,0,0,0,0,1.18389403820038,17.1168117523193,0,0,0,3.41748023033142,0,0,0,0,2.76850432157516,0,0,25.5215739011765,0,70.1648975014687,0.667515218257904,10.7792288064957,12.220575273037,8.24504834413528,14.0084491968155,6.94085186719894,1.24734783172607,1.58006131649017,0,11.0697735846043,0.499816715717316,31.9041211903095,0,40.198695063591,0,7.84974464774132,0,0.705179631710052,0,0,0,0,2.2165607213974,0,0,0.482931315898895,0,0.560001790523529,0,0,0,0.538285195827484,1.37996309995651,158.265319436789,0,1.16803860664368,5.89712476730347,3.44938814640045,0.583897650241852,6.77934309840202,14.7521068751812,7.42284193634987,58.6223835945129,33.0893704891205,0,0.636980295181274,0,3.80210697650909,0,1.30161535739899,0,1.77465176582336,0,0,0,3.91261029243469,186.088899791241,397.851403266191,223.44168266654,420.197244822979,490.09554746747,245.071343332529,1028.36507940292,938.120461404324,138.102816343307,265.671066790819,105.406143456697,27.8163962960243,469.957149267197,412.65354642272,314.357842534781,322.209574103355,66.5431478619576,49.1940073370934,298.654772341251,686.519224226475,0,494.521555632353,654.461373955011,928.524546086788,196.500887155533,152.091874271631
0,1.50129854679108,0,0,0,0,0,0,0,0,0,0,0,0,0,0,0,0,0,0,0,0,0,0,0,0,0,0,0,0,0,0,0,0,0,0,0.78403377532959,4.02806121110916,4.79312771558762,0.731074869632721,0,0.420901238918304,0,2.02473300695419,0,1.1144552230835,0,7.53015959262848,0,0,0,0,0,0,0,2.46094536781311,0,0,0,0,0,0,0,0,0,0,0,0,0,0,0,0,0.732042968273163,1.44846433401108,0.47331765294075,1.89779406785965,4.51223307847977,10.5888777971268,0,0,0,1.03737473487854,0,0,0,0,0,0,0,0.592962920665741,22.8062665462494,88.8561409115791,34.0398768186569,37.9712920188904,24.4527673721313,20.8072154223919,104.81303435564,86.0645381808281,111.258317232132,187.432278215885,4.10893213748932,2.33236265182495,43.079902112484,53.1820816993713,20.6050379872322,23.6836723387241,7.74923640489578,6.68095821142197,20.0951460003853,15.4031603932381,494.521555632353,0,159.780559062958,169.643243968487,19.4338086247444,24.7994232177734
0,0,0,0,0,0,0,0,0,0,0,0,0,0,0,0,0,0,0,0,0,0,0,0,0,0,0,0,0,0,0,0,0,0,0,0,1.30254977941513,3.39048317074776,4.35769408941269,0.482225447893143,2.54226797819138,0,0,0,0,0,0,0.710243582725525,0,0,0,0,0,0,0,0,0,0,0,0,0,0,0,0,0,0,0,0,0,0,1.29401874542236,3.7161710858345,0.936337351799011,2.25589394569397,13.2353015840054,4.14154547452927,28.1895971000195,11.0217815041542,0,0,0,0,0,0,0,0,0,0.740469336509705,0,0,86.836965739727,240.36431646347,87.5047833919525,222.529032677412,92.2491036057472,58.1357707083225,312.972199350595,137.457794040442,168.671182543039,310.613869667053,41.2887834310532,10.1328007280827,122.201098948717,160.754212617874,88.2686448097229,104.128143399954,24.3775430619717,19.3935080766678,80.4289708435535,97.5516063570976,654.461373955011,159.780559062958,0,228.846976816654,31.699610888958,40.5095388889313
0.9172602891922,0,0,0,0,0,0,0,0,0,0,0,0.976081371307373,0,0,0,0,0,0,0,0,0,0,0,0,0,0,0,0,0.748054087162018,0.586269795894623,0,0,0,0,0,0,5.72604084014893,3.74285560846329,1.44730478525162,0,0,0,0,0,0,0.853615641593933,4.18933480978012,0,0,0,0,0,0,0,0,0,0.758969306945801,0,0,0,0,0,0,0,0,0,0,0,0,2.36088562011719,10.4663659632206,1.25598084926605,0,9.02849805355072,4.11547753214836,48.4778182506561,37.4338266849518,0,0,0,0,0,0,0,0,0.583515822887421,0,0,0,26.5333717763424,42.3214600384235,20.1829510331154,92.7967583537102,133.341918796301,28.6071589291096,207.550471037626,27.9161629080772,39.9062774777412,72.6824304461479,21.920158624649,12.4068366289139,894.084891617298,584.264864087105,85.2876628637314,157.725685417652,24.7368683516979,12.0476544797421,506.879908323288,352.981848955154,928.524546086788,169.643243968487,228.846976816654,0,477.597474515438,210.254266291857
0,3.36570763587952,0,2.4765020608902,0,0,0.716477572917938,0.784758865833282,0,0,1.38120698928833,1.35674571990967,0,0,0,0,0,0,0,1.37855577468872,0,0,0,0,0,0,0,0,0,0,0,0,1.49116456508636,1.03792405128479,0,0,3.24892175197601,3.19852709770203,2.79501140117645,4.37968218326569,0,1.42271345853806,0,0,0,0,0,4.76978743076324,0,0,0,0,0,0,0,0,0.994134068489075,1.28400802612305,0,0,0,0,0,0.670613169670105,0,0,0,0,0,1.07596874237061,6.20199525356293,12.391513645649,0.450444489717484,0,15.8465565443039,8.77677312493324,19.8144663572311,62.1124889552593,0,0,0,0,0,0,0,0,0,0,0,0,19.7002565860748,135.09253102541,20.6700108647346,142.021374821663,38.177042722702,42.5759364664555,23.1724515855312,23.0627758800983,4.49233889579773,11.1556629240513,16.5062571763992,27.7041797339916,321.443852186203,243.079586923122,282.635216355324,386.077963799238,22.7291375994682,22.4305408596992,170.194454520941,121.888216406107,196.500887155533,19.4338086247444,31.699610888958,477.597474515438,0,82.9067722558975
13.0422213673592,27.1328962147236,16.2226132750511,24.1804596185684,0.457609057426453,0,3.61310368776321,10.6418766379356,0.643184900283813,0.498516708612442,1.06539165973663,0,5.34526509046555,0.498075783252716,2.95405751466751,0,3.07547110319138,4.58629369735718,13.71596378088,32.0138532817364,0,0,3.48502492904663,3.34179902076721,0,0,0,0,4.09481507539749,2.78083455562592,0,0.761553049087524,0,4.71218430995941,0,0,12.1588555574417,11.4043642878532,6.91431963443756,7.37152814865112,2.89247792959213,0.657897114753723,0,0,0,0,2.59849524497986,8.73696273565292,0,2.27167111635208,0,0,0,0,0,0,11.3745354413986,11.2360992431641,2.29655241966248,5.18823039531708,3.67105203866959,0,0,0,0,0,0.966811895370483,1.81214267015457,4.25966089963913,0,35.5538314580917,63.1734308600426,14.8833746314049,16.9070985019207,63.7909895777702,36.0065075755119,127.877989113331,212.697721630335,0,0,0,0,0,0,0,0,0,0.832097172737122,0,0,33.4412107467651,131.834279060364,15.6885772943497,84.3030112981796,145.583365380764,63.613515496254,39.6095533370972,25.15192720294,10.8562058508396,17.7403688728809,11.989452034235,12.031555980444,80.9699603021145,103.13166898489,118.98385939002,273.963598549366,19.2253535091877,27.9682714939117,385.574033409357,172.952834606171,152.091874271631,24.7994232177734,40.5095388889313,210.254266291857,82.9067722558975,0
