0,61.6255149245262,1791.14099761844,91.7027078270912,1.28467214107513,0,2887.20258769393,69.8352321684361,2.2494980096817,0,2345.36253529787,11.4083179831505,1392.90312069654,2.77194905281067,39.2052178680897,0,271.836632043123,1.87600290775299,751.169371545315,615.23668473959,0,0,7.96377599239349,1.76129770278931,0,0,0,0,929.447765529156,0,3.8685051202774,6.97142112255096,6.9902503490448,48.9084470272064,1.99616539478302,3.37894356250763,334.849732249975,1.31000947952271,114.206454634666,0,4.3086519241333,0,0,0,1.52157026529312,0,17.2813942730427,0,10.8521627485752,0,422.442808389664,0,23.660199701786,0,28.8538703918457,0,9484.25868442655,2.20925486087799,465.800117611885,0,987.069081693888,0,286.29547944665,0,947.06933516264,0,78.9289892613888,0,1691.02160158753,27.0088651180267,3014.48711362481,65.1679373085499,2359.9263125062,23.6230842471123,764.278212189674,12.6641610264778,5017.69510662556,72.6979693174362,13.4640292525291,0,122.625252604485,0,27.0944482982159,0,2177.12246802449,0,0,0,638.768616110086,0,0,0,0,0,136.854368239641,2.86654758453369,8.98245984315872,0,0.695351481437683,0,0,0,0,0.985117137432098,11.5337160229683,1.93186986446381,0,1.89617943763733,31.7906242609024,23.8002097606659,1.23403108119965,0,0,0,0,5.60071259737015
61.6255149245262,0,20.5255532860756,4501.72545918822,0,1.1460348367691,37.6976221501827,5296.41666311026,0,2.79759481549263,1.0279289484024,2391.80405676365,0,556.884911090136,0,14.030657440424,0,474.586052656174,473.940855234861,1488.98297044635,0,1.69221985340118,0,40.3437930643559,0,0,0,0,3.696901679039,228.334374904633,1.87455236911774,0.713714599609375,60.4185214042664,62.7513465285301,4.0456109046936,0.5880446434021,3.61925971508026,355.346042394638,0,190.518911659718,0,0.671744048595428,0,1.1635822057724,0,2.55395936965942,0,29.3139870464802,0,4.10826337337494,0,224.464583426714,0,5.47482562065125,0,8.68953132629395,21.1060251295567,10152.7271106541,1.11462712287903,462.774700284004,0,1400.43358308077,0,361.413744986057,0,1020.68339711428,19.2948915362358,56.1097730696201,359.470728605986,969.603276878595,72.6554623246193,1853.69960147142,6.8208195567131,3006.32028585672,0.844361960887909,1242.74646911025,176.061637550592,5780.62021014094,0.750786185264587,6.38661462068558,0,73.3515730202198,0,0,0,363.899586707354,0,0,0,116.495509028435,0,0,0,0,3.40426504611969,245.105211883783,0,0.561366260051727,0,0,0,0,0,0,0,16.9708776175976,0,1.42797517776489,47.8894148766994,13.4934617877007,0,0,0,0,0.553957104682922,12.1527940630913
1791.14099761844,20.5255532860756,0,354.293310016394,773.002269506454,171.946786046028,12846.5662823021,405.126585572958,239.104005098343,85.7777206301689,299.153988271952,23.7545763552189,1113.21660149097,29.7806395590305,307.689601272345,21.4956176877022,69.8719190359116,3.42536717653275,3184.4721494019,504.511942952871,3.49259793758392,3.61239075660706,4107.18672412634,1413.45454448462,324.365527331829,289.23712438345,69.2230387628078,136.505370110273,581.184800803661,1.46245789527893,153.457991868258,408.096674084663,65.2450306117535,180.603804349899,5.28555029630661,3.18151891231537,78.2047897577286,1.27892196178436,20.9102673530579,0,3.52381730079651,0,5.703608751297,0,0.853236496448517,0,15.4393550753593,0,2.7426552772522,0,72.2445823848248,0,2.85177648067474,0,0,0,240.764396578074,0,583.00341385603,0,32.8520226180553,0,13.2550132870674,0,8.89761772751808,0,572.116015702486,2.58460807800293,599.339077174664,0,2593.93989798427,314.372451752424,1820.30894204974,150.818905740976,382.006250053644,18.601076990366,2016.17770653963,29.5268697142601,1.09252226352692,0,13.2368265092373,0,15.6956016421318,0,24.7022460699081,0,1.20641335844994,0,2.8305299282074,0,0,0,0,0,33.2486802339554,2.26251459121704,0,0,0,0,0,0,0,0,0,0,0,0,9.24936181306839,5.68919378519058,0,0,0,0,0,1.15008962154388
91.7027078270912,4501.72545918822,354.293310016394,0,24.4307053089142,999.470446646214,395.080574333668,13573.8626098633,17.5861884355545,783.220421463251,13.4169588685036,902.033934623003,62.9510104954243,796.761477172375,9.71390569210052,206.528172373772,0,361.221491605043,812.4248046875,4218.24877300858,1.93089556694031,1.48211318254471,536.366978943348,3588.03382313251,22.7304376661777,81.6806172132492,5.85968500375748,22.0443197488785,22.2070319056511,174.628153532743,88.4917542338371,105.118906259537,82.557422041893,47.6655100882053,4.32449477910995,3.10861858725548,0,85.885538816452,0,34.677992194891,0,7.96313291788101,0,1.87991845607758,0,8.22075664997101,0,12.5358004570007,0,12.6744968891144,0,199.586226612329,0,4.17915892601013,0,4.77733272314072,8.3795038163662,607.755409747362,0,290.606184333563,0,87.066098511219,0,55.2409707009792,0,167.686204761267,2.1417755484581,321.601775914431,170.269724011421,234.686389923096,297.509617179632,2083.95198538899,117.803815692663,2648.10160288215,3.77408826351166,920.516206920147,80.5366193950176,3437.07013839483,0,0.580442368984222,0,34.1697054505348,0,0,0,66.8730228543282,0,3.58434438705444,0,9.67562186717987,0,0,0,0,1.16812908649445,134.344198167324,0,0,0,0,0,0,0,0,0,2.70439183712006,0,0,52.3831743299961,10.332382440567,0,0,0,0,0,2.31682556867599
1.28467214107513,0,773.002269506454,24.4307053089142,0,109.981391429901,850.164810597897,7.40254378318787,1923.40356713533,41.9161651134491,1.02430042624474,0,124.258629769087,0.990987300872803,2062.9841260016,9.47833508253098,0,0,5.4680350124836,0.905171751976013,265.31735894084,29.4422683417797,160.393937408924,245.35170519352,388.826768606901,404.064939558506,1080.65890684724,394.216772198677,491.236248582602,1.1750522851944,84.0662921965122,149.80891302228,11.6500695049763,4.61071866750717,0.490514278411865,0,61.4757909476757,0,7.08678644895554,0,115.397442996502,0.753762423992157,1.3667299747467,0,0,0,17.7841105163097,0,0,0,0.801142930984497,0,0.677144110202789,0,6.69568920135498,0,0,0,0,0,0,0,0,0,0,0,0.46785706281662,0,0,0,1762.348836869,88.1617907881737,1087.49785742164,20.1220327019691,26.8245104253292,0,89.1938569545746,0,0,0,6.80528977513313,0,95.6356768012047,1.46606376767159,94.5340503454208,0,84.4735452234745,0,49.5102452337742,0,0,0,0,0,1.27998965978622,0,0,0,0,0,0,0,0,0,0,0,0,0,0.556966602802277,0,0,0,0,0,0,0
0,1.1460348367691,171.946786046028,999.470446646214,109.981391429901,0,44.2740269005299,316.042640924454,28.1288025975227,2468.23583838344,0,6.19807654619217,2.06425160169601,50.9528710544109,16.4227770268917,1994.12231588364,0,1.24483954906464,0,6.94225263595581,7.07628583908081,779.719659745693,215.914389461279,104.660555630922,138.676538586617,433.926297098398,99.4304129183292,1293.27088227868,0,378.485932260752,115.679674685001,59.8838672041893,1.22611379623413,6.25936642289162,0,0,2.74677014350891,76.5909028351307,1.39678478240967,17.4101341068745,1.46453040838242,217.681265413761,0,4.56059449911118,0,0,0,1.48253297805786,0,0,0,0,0,0,0,25.1106931567192,0,0.859613180160522,0,0,0,0,0,0,0,0,0,1.19846343994141,0,0,144.869426459074,1388.94387313724,40.3281881511211,1323.13608857989,0,45.8721617162228,0,71.8696443736553,0,0,0,4.51179701089859,0,396.639588952065,0,76.5715181231499,0,222.345950752497,0,48.8104346096516,0,0,0,0,0,0,0,0,0,0,0,0,0,0,0,0,0,0,0,0,0,0,0,0,0,0
2887.20258769393,37.6976221501827,12846.5662823021,395.080574333668,850.164810597897,44.2740269005299,0,653.738502442837,941.571106314659,26.8050789237022,1223.07236132026,55.1226678490639,6993.48870638013,74.6081304252148,291.694223791361,8.86515289545059,33.8046166300774,3.4950897693634,1238.81257393956,803.566316276789,0,0,525.610177516937,1093.308293432,16.5704900920391,23.9263779520988,0.649048149585724,19.4234957695007,477.392350196838,0.7801713347435,56.8430464863777,160.529676675797,32.3484300374985,190.479127138853,2.02399444580078,1.61398530006409,41.897468149662,0,16.4451720714569,0,0,0,0,0,0,0,6.72740226984024,0,4.69498705863953,0,245.037803202868,0,2.86018201708794,0,9.09049421548843,0,209.160820305347,0,95.7836319208145,0,149.150602608919,0,43.7627745270729,0,300.128927946091,0,63.7755593955517,0,58.0098745822906,0,4671.12685126066,340.519974857569,1639.90205302835,91.0685650706291,343.21757748723,15.374773979187,2019.14450067282,38.7210548520088,2.24072998762131,0,16.27090716362,0,12.2922255992889,0,434.415743082762,0,1.62228327989578,0,155.979269653559,0,0,0,0,0,22.9571618139744,0,0,0,1.45538341999054,0,0,0,0,0,0.959233045578003,0.768914997577667,0,0,14.4369013309479,8.39610242843628,0,0,0,0,0,2.24991673231125
69.8352321684361,5296.41666311026,405.126585572958,13573.8626098633,7.40254378318787,316.042640924454,653.738502442837,0,7.93030434846878,1302.89479237795,14.3643521666527,2592.59341672063,140.005076438189,5897.94262397289,4.30620330572128,330.806781053543,0,154.069807648659,879.263603895903,771.713738262653,1.41805505752563,0,697.457437127829,1092.43041855097,2.66360783576965,20.0188383758068,0,6.15300244092941,16.5728576183319,184.218991190195,86.663909971714,37.0978217124939,72.966592669487,19.6177099347115,0,0,2.04721093177795,39.0211114883423,0,9.55595770478249,0,7.25089955329895,0,4.08579242229462,0,1.58114242553711,0,6.31651964783669,0,3.42506545782089,0,315.239103078842,0,3.46579813957214,0,6.87000685930252,2.17744410037994,617.571532040834,0,126.132504403591,0,928.393880426884,0,257.34251844883,0,1479.89058640599,1.68724608421326,2.15580248832703,57.5038858652115,10.7372334003448,427.643610835075,3982.3513841033,90.2944187521935,1722.0434513092,8.13923901319504,595.91136610508,59.2609752416611,2185.8532526195,0,1.99178969860077,0,125.343295693398,0,0.628817617893219,0,823.37130650878,0,1.49577206373215,0,104.634396076202,0,0,0,0,2.34567850828171,42.1706817150116,0,0,0,0,0,0,0,0,0,1.60072028636932,0,0,19.5003603696823,7.9001190662384,0,0,0,0,0,3.01345074176788
2.2494980096817,0,239.104005098343,17.5861884355545,1923.40356713533,28.1288025975227,941.571106314659,7.93030434846878,0,9.27792713046074,1.62836465239525,0,471.086198657751,0,2682.32351443172,0,3.06282323598862,0,10.7872498631477,0,40.2591081261635,6.65810278058052,59.0006571412086,84.254903703928,51.6261008679867,88.8325400948524,76.5227740705013,103.342367082834,301.360120743513,0.50996208190918,15.2197671234608,37.6254162788391,4.10693782567978,0,0,0,38.6099828183651,0,6.01562255620956,0,54.2620715498924,0,0.387417733669281,0,0,0,7.55294814705849,0,0,0,0,0,0,0,5.41926288604736,0,0,0,0,0,0,0,0,0,0,0,0,0,0,0,950.636075466871,29.6004970371723,1009.62996798754,14.805816411972,36.5202249884605,0,93.2795356810093,0,1.64351224899292,0,13.397913813591,0,102.152825325727,1.09267282485962,71.8472252488136,0,46.6328245401382,0,42.6449901759624,0,0,0,0,0,1.06209912896156,0,0,0,0,0,0,0,0,0,0,0,0,0,0.995537519454956,0,0,0,0,0,0,0.421555250883102
0,2.79759481549263,85.7777206301689,783.220421463251,41.9161651134491,2468.23583838344,26.8050789237022,1302.89479237795,9.27792713046074,0,0,14.3826656937599,0,165.11092749238,11.2208950519562,1913.19449964166,0,2.80634343624115,0,10.962855309248,3.66534507274628,53.4360292851925,106.823039084673,95.0627905726433,37.622122168541,77.715950101614,22.7138002514839,158.114563316107,1.15976881980896,134.300288081169,27.8437604308128,28.0335924625397,0,0.669769942760468,0,0,0,36.7940326333046,0,6.40952056646347,0,56.045890301466,0,0,0,0,0,2.13291090726852,0,0,0,0,0,0,0,8.69641467928886,0,0,0,0,0,0,0,0,0,0,0,0,0,0,63.6870889663696,1011.74091133475,16.5057110190392,1148.36440965533,0,74.1181569397449,0,88.7647252976894,0,0,0,0,0,46.1139283776283,0,11.9309003949165,0,44.8986006975174,0,20.9790024757385,0,0,0,0,0,3.41442459821701,0,0,0,0,0,0,0,0,0,0,0,0,0,0,0,0,0,0,0,0.925675094127655
2345.36253529787,1.0279289484024,299.153988271952,13.4169588685036,1.02430042624474,0,1223.07236132026,14.3643521666527,1.62836465239525,0,0,0.767832100391388,3120.82182633877,3.74014222621918,86.2859762310982,0,453.874807268381,0,467.076038002968,77.9076478779316,0,0,14.4058741033077,0.972235977649689,0.344148874282837,0,0,0,865.360313266516,0,6.52076852321625,2.83105176687241,13.5467661619186,11.160570025444,0,1.89225161075592,34.7746689915657,0,8.26863223314285,0,1.06859791278839,0,0,0,0,0,2.05190545320511,0,0,0,8.20745259523392,0,0,0,0.843986392021179,0,238.359031379223,0,48.5858503878117,0,233.923694729805,0,360.998361587524,0,60.8806800246239,0,14.5751982927322,0,65.0599172413349,0,474.053037434816,19.0208832621574,501.058488428593,1.34602081775665,99.7421941757202,0,477.410682320595,1.312171459198,8.27282065153122,0,379.970058500767,0,35.7034296989441,0,1020.9380107522,0,0,0,198.777653157711,0,0,0,0,0,7.87823456525803,1.33733701705933,0.499789208173752,0,0,0,0,0,0,0,1.68203037977219,0,0,0,0.692772269248962,6.37089490890503,0,0,0,0,0,0
11.4083179831505,2391.80405676365,23.7545763552189,902.033934623003,0,6.19807654619217,55.1226678490639,2592.59341672063,0,14.3826656937599,0.767832100391388,0,8.41992378234863,4305.1996012032,0,183.107339203358,0,1329.229521662,165.234245687723,690.525386422873,0,0,20.2968643307686,94.6302025318146,0,1.25046408176422,0,0,0,696.77985137701,5.96862775087357,1.82699489593506,8.82567256689072,12.6218145191669,0,2.43484270572662,0,23.5975936055183,0,1.5144282579422,0,2.72744369506836,0,0,0,0,0,0,0,0,0,8.32941055297852,0,0,0,0,0,343.821283429861,0,32.7468482851982,0,562.935175597668,0,1261.14303776622,0,477.113555341959,0,7.95434367656708,2.65145790576935,7.51169186830521,56.8238394856453,886.888549864292,6.81971526145935,1068.20262077451,0,123.496992409229,16.4208040237427,426.562505334616,0,1.94098100066185,0,567.327912569046,0,0,0,489.723693668842,0,0,0,17.9923630952835,0,0,0,0,1.12082195281982,17.8574841022491,0,0,0,0,0,0,0,0,1.5169506072998,0,0,0,5.01799213886261,1.6322740316391,0,0,0,0,0,1.42291444540024
1392.90312069654,0,1113.21660149097,62.9510104954243,124.258629769087,2.06425160169601,6993.48870638013,140.005076438189,471.086198657751,0,3120.82182633877,8.41992378234863,0,11.9809432029724,2894.66448476911,0,146.312150776386,0,1053.64263424277,149.183725178242,0,0,389.656529992819,206.774362802505,11.4616212248802,2.04860818386078,1.56914359331131,3.12014275789261,2103.35372337699,0,57.7801876664162,52.3039976358414,46.2665541768074,49.7023564279079,2.44521582126617,0,41.3603874444962,0,10.451959758997,0,12.4017629027367,0,1.68006956577301,0,0,0,6.41800791025162,0,0,0,1.52847635746002,0,0,0,0.712772071361542,0,163.114524543285,0,20.8470631241798,0,70.9932025671005,0,235.369065076113,0,36.0570481419563,0,17.449197947979,0,98.7908363044262,0,2399.97319796681,103.884464621544,1660.87122830749,14.739754319191,260.67024949193,9.43924129009247,1113.90852236748,1.54139196872711,10.7096138596535,0,273.187401622534,0,27.3418321013451,0,610.317170292139,0,4.3523696064949,0,105.331854879856,0,0,0,0,0,9.38927447795868,1.17071461677551,1.6607831120491,0,0,0,0,0,0,0,1.26164412498474,0,0,0,2.45204722881317,6.74292969703674,0,0,0,0,0,0.623944461345673
2.77194905281067,556.884911090136,29.7806395590305,796.761477172375,0.990987300872803,50.9528710544109,74.6081304252148,5897.94262397289,0,165.11092749238,3.74014222621918,4305.1996012032,11.9809432029724,0,0,1847.0149410665,0,238.920676380396,87.2523732483387,471.02038821578,0,1.47378575801849,59.6571996212006,450.414101868868,0,11.2758280038834,0,5.62095165252686,1.36999499797821,1177.18701067567,15.1729902625084,14.4888507127762,9.99691224098206,17.0728618502617,0,0.541203916072845,0,30.8045170903206,0,0,0,5.20410001277924,0,0,0,0,0,1.53456515073776,0,0,0,1.29430305957794,0,0,0,3.13816213607788,0,79.0796717405319,0,8.06731170415878,0,189.466637164354,0,653.122981548309,0,275.869785189629,0,0,0.691537439823151,1.17402362823486,84.8745019435883,1346.86743664742,5.70786786079407,1293.29577353597,1.35545063018799,179.356982558966,2.68867611885071,464.306462913752,0,1.31871199607849,0,384.414946317673,0,2.69774836301804,0,311.132827043533,0,2.36384677886963,0,11.2086659669876,0,0,0,0,0,6.71110221743584,0,0,0,0,0,0,0,0,1.00740671157837,0,0,0,2.56037795543671,1.45483016967773,0,0,0,0,0,0
39.2052178680897,0,307.689601272345,9.71390569210052,2062.9841260016,16.4227770268917,291.694223791361,4.30620330572128,2682.32351443172,11.2208950519562,86.2859762310982,0,2894.66448476911,0,0,4.05284976959229,25.2224338054657,0,99.669065207243,3.12482249736786,283.908164441586,15.5284568965435,122.708161592484,54.5455527305603,128.593843519688,53.8728515207767,640.315148234367,87.2492067813873,3088.37691891193,0,86.143518447876,39.3636059165001,8.32085818052292,5.6197155714035,0,0,75.2707402706146,0,6.24808025360107,0,88.4392420351505,1.13211870193481,3.04729288816452,0,0,0,29.7898381948471,0,0,0,0,0,0,0,9.11167854070663,0,19.8787862658501,0,1.17971909046173,0,4.20685490965843,0,19.9517180919647,0,0,0,3.19823408126831,0,12.1469667553902,0,1597.23617076874,40.7928375899792,2146.02204704285,5.70447373390198,108.536820471287,0,328.638450920582,0,0.577449142932892,0,59.4515101909637,0,432.05309382081,0.600492000579834,227.696074426174,0,116.396320343018,0,80.7751732170582,0,0,0,0,0,5.70931231975555,1.6186910867691,0.852056860923767,0,0,0,0,0,0,0,0,0,0,0,4.52761965990067,2.09398537874222,0,0,0,0,0,1.10306489467621
0,14.030657440424,21.4956176877022,206.528172373772,9.47833508253098,1994.12231588364,8.86515289545059,330.806781053543,0,1913.19449964166,0,183.107339203358,0,1847.0149410665,4.05284976959229,0,0,38.7947514057159,0,50.5972465276718,1.53004729747772,330.763751029968,22.6664306223392,159.844630539417,8.82011541724205,55.1339112222195,16.3823655843735,370.995955824852,0.596246898174286,2641.17090687156,24.0045991539955,21.451874256134,3.55842852592468,4.53452008962631,0,0,0,81.8561396300793,0,14.6199210584164,0,123.400176227093,0,0.668204188346863,0,0,0,5.95845377445221,0,0,0,0,0,0,0,26.508667320013,0,2.55514138936996,0,0,0,0,0,17.0908502340317,0,1.49495196342468,0,0,0,0,27.1306557655334,820.75014474988,2.37942123413086,2551.69631969929,0,109.228522062302,0,131.268622547388,0,0,0,11.3948675990105,0,230.354344189167,0,68.5149526596069,0,138.832882463932,0,60.8262467384338,0,0,0,0,0,0,0,0,0,0,0,0,0,0,0,0.679094076156616,0,0,1.53189450502396,0,0,0,0,0,0,0
271.836632043123,0,69.8719190359116,0,0,0,33.8046166300774,0,3.06282323598862,0,453.874807268381,0,146.312150776386,0,25.2224338054657,0,0,0,89.7452498078346,1.28652930259705,0,0,0.732182681560516,0,0,0,0,0,3149.36117613316,0,0,1.16171097755432,4.51194208860397,1.11236763000488,5.02517229318619,2.0951235294342,30.1350145936012,1.85670948028564,9.53189390897751,0,0,0,0,0,0,0,0.570160567760468,0,0.528456389904022,0,9.31919771432877,0,0,0,0.600215017795563,0,1995.09152069688,8.97614681720734,137.954256176949,1.1706610918045,388.507872521877,0,971.591286092997,0,56.2781178355217,0,15.6529316306114,4.41497519612312,33.2854893803596,1.03715980052948,84.00651460886,0,587.02986779809,0,71.6723104119301,0,229.923487007618,0.548081696033478,503.113255232573,0,1948.96540099382,1.86001074314117,92.4831404089928,0,432.068369269371,0,0.668078362941742,0,42.6826277971268,0,0,0,0,0,8.22520124912262,0,1.47992432117462,0,0,0,0,0,0,0,0,0,0,1.1589173078537,2.79447001218796,0,0,0,0,0,0,0
1.87600290775299,474.586052656174,3.42536717653275,361.221491605043,0,1.24483954906464,3.4950897693634,154.069807648659,0,2.80634343624115,0,1329.229521662,0,238.920676380396,0,38.7947514057159,0,0,57.2736787796021,293.561121731997,0,0.680100381374359,2.23749160766602,30.0750855207443,0,0,0,0,0,2289.78239926696,3.80523908138275,0,3.18253588676453,11.4139503240585,0,0,0,18.0241948068142,0,1.50946336984634,0,0,0,0,0,0,0,0.837148606777191,0,1.43195772171021,0,4.16823273897171,0,0,0,0,0,2349.2916880846,1.19891273975372,37.9902209937572,0,204.593861699104,0,2161.21085768938,0,70.3536249399185,4.42835259437561,13.6246530413628,8.17956578731537,18.2154729664326,7.42964488267899,148.607982069254,1.15652620792389,1725.66324728727,0,97.9022251367569,7.14475575089455,181.492861628532,0,358.797138780355,0,705.669053018093,0,4.26774579286575,0,71.1063448786736,0,0,0,5.92991924285889,0,0,0,0,0,12.0457053184509,0,0,0,0,0,0,0,0,0,0,0,0,2.94719922542572,0,0,0,0,0,0,0
751.169371545315,473.940855234861,3184.4721494019,812.4248046875,5.4680350124836,0,1238.81257393956,879.263603895903,10.7872498631477,0,467.076038002968,165.234245687723,1053.64263424277,87.2523732483387,99.669065207243,0,89.7452498078346,57.2736787796021,0,6883.29535460472,0.623579382896423,0.815323531627655,2077.90812516212,530.93881598115,8.09521880745888,0.571019768714905,0,0,514.388331979513,10.8798496723175,683.800533682108,366.241042852402,2673.71363896132,1629.051751405,224.450110197067,17.7634255886078,97.6653125286102,8.5078467130661,29.3393681645393,2.44393658638,3.64774507284164,0,44.469124019146,3.70133978128433,13.9618900418282,0,62.2226920723915,0,4.76020324230194,0,28.1510667800903,0,0,0,0.8382488489151,0,107.956541448832,14.6330654621124,467.311198562384,0,8.737200319767,0,15.541099011898,0,4.79692777991295,0,2246.25334510207,61.3413719236851,2791.76319310069,48.3966028094292,2471.30219060183,687.454183757305,1461.61443221569,259.135348647833,494.266410559416,105.769050359726,3221.18562030792,572.597909837961,0.97039008140564,0,2.14401042461395,0,19.0484901070595,0,8.10138124227524,0,0,0,0.521716117858887,0,0,0,0,0,53.3342969715595,0,1.74790078401566,0,0,0,0,0,0,0,0.728818714618683,0,0,0,13.406731069088,7.00710093975067,0,0,0,0,0,0
615.23668473959,1488.98297044635,504.511942952871,4218.24877300858,0.905171751976013,6.94225263595581,803.566316276789,771.713738262653,0,10.962855309248,77.9076478779316,690.525386422873,149.183725178242,471.02038821578,3.12482249736786,50.5972465276718,1.28652930259705,293.561121731997,6883.29535460472,0,0.781907737255096,1.69529229402542,531.358231693506,2040.09395214915,1.36062288284302,5.37835487723351,0,2.27108329534531,70.4813918471336,114.699315428734,352.876631617546,416.349138081074,1056.05548673868,4055.43993294239,5.69734054803848,26.7647001743317,2.05042397975922,85.3204936087132,0,35.3242448568344,0,1.51170599460602,0,1.48253723978996,0,1.45677733421326,2.95251607894897,38.4394401907921,0,3.06220281124115,0,21.2423231899738,0,0.620182275772095,0,0,108.437087059021,698.014811038971,5.5111300945282,242.801881819963,0,17.809740871191,0.728206515312195,28.7545193433762,0,27.1782526373863,101.982135295868,1862.63716232777,3185.55304908752,2522.67955476046,857.071133583784,2136.22175830603,200.111020863056,1597.89213106036,56.7865064740181,784.068964004517,563.416409641504,4252.67531302571,0,1.64419281482697,0,13.9251872301102,3.84933841228485,0,0,12.7148201465607,0,0,0,0,0,0,0,0,0.891726315021515,117.93137049675,0,0,0,0,0,0,0,0,0,11.8744646608829,0,0,48.3026138544083,16.2486710548401,0,0,0,0,0,2.45256727933884
0,0,3.49259793758392,1.93089556694031,265.31735894084,7.07628583908081,0,1.41805505752563,40.2591081261635,3.66534507274628,0,0,0,0,283.908164441586,1.53004729747772,0,0,0.623579382896423,0.781907737255096,0,12.4965339899063,41.6599455475807,15.9840084910393,213.552333533764,20.8726758658886,841.747832208872,53.6515395641327,213.87251573801,0,900.415246367455,13.2611775100231,73.9524767696857,2.06495976448059,28.5849901139736,0,120.293818414211,3.4566176533699,28.6484542489052,2.92638874053955,59.9224465787411,35.095626950264,2.35268718004227,1.56604743003845,0.549905717372894,0,16.3432384729385,0.677756130695343,1.40251046419144,0,2.81596511602402,0,0,0,7.00306928157806,2.85642576217651,0,0,2.35536921024323,0,0,0,0,0,0.953506261110306,0,6.28427720069885,0,0.967256426811218,0,745.924636781216,106.597041457891,123.253712803125,5.12439441680908,32.6650096178055,21.9135283231735,15.6959644556046,3.92720657587051,0,0,1.18820977210999,0,10.992341697216,1.23877787590027,1.85578280687332,0,25.8405523896217,4.83415412902832,12.6861063838005,2.36399418115616,0,0,0,0,0.586431205272675,0,2.60951936244965,0,0,0,0,0,0,0,0,0,0,0,0,0,0,0,0,0,0,0
0,1.69221985340118,3.61239075660706,1.48211318254471,29.4422683417797,779.719659745693,0,0,6.65810278058052,53.4360292851925,0,0,0,1.47378575801849,15.5284568965435,330.763751029968,0,0.680100381374359,0.815323531627655,1.69529229402542,12.4965339899063,0,32.782985419035,27.0337942838669,71.4057087302208,256.729167997837,162.78164806962,1752.13070651889,6.95119252800941,166.344696164131,144.204779654741,1095.51169154048,11.0610463619232,46.3657602965832,0.821320444345474,6.33185335993767,2.77354991436005,137.630657732487,2.98474812507629,11.8056526184082,0,235.745987594128,0,1.57428205013275,0,1.08604657649994,0,5.29100120067596,0,0,0,0.917568922042847,0,1.15582418441772,0,4.64537352323532,0,0.592531323432922,0,0.599665939807892,0,0,0,0.554671764373779,0,0,0,5.55377653241158,0,1.38448178768158,36.6689144074917,420.460034519434,4.08745610713959,179.888259023428,0,11.8896510004997,0,13.6372717022896,0,0,0,0,0,205.524038940668,0.717707872390747,3.72723114490509,0.709804713726044,64.0015610158443,0,7.24635499715805,0,0.995434999465942,0,0,0,0.541339695453644,0,0,0,0,0,0.76326847076416,0,0,0,0,0,0,0,0,0,0,0,0,0,0
7.96377599239349,0,4107.18672412634,536.366978943348,160.393937408924,215.914389461279,525.610177516937,697.457437127829,59.0006571412086,106.823039084673,14.4058741033077,20.2968643307686,389.656529992819,59.6571996212006,122.708161592484,22.6664306223392,0.732182681560516,2.23749160766602,2077.90812516212,531.358231693506,41.6599455475807,32.782985419035,0,3527.56652066112,1038.1761316061,514.260296523571,248.42056247592,260.110738217831,226.681548863649,13.5452980399132,2980.01602479815,1237.93878316879,973.142907083035,632.874774605036,264.312719613314,1.5494989156723,7.34296762943268,0,3.30961662530899,0,1.07866653800011,0.486022233963013,38.4528938531876,0,5.30583745241165,0,9.46474197506905,0,0,0,0,0,0,0,0,0,0,0,1.33652931451797,0,0,0,0,0,0,0,181.207579314709,0,8.59617203474045,0,1761.60481479764,530.751023769379,896.598973989487,270.996378421783,112.004786431789,36.0206246376038,422.312053531408,28.677849650383,0,0,6.01746690273285,0,3.921271443367,0.622955322265625,6.3229044675827,0,0.997653424739838,0,1.53035843372345,0,0,0,0,0,2.44644999504089,0,0,0,0,0,0,0,0,0,0,0,0,0,1.49212920665741,2.18212395906448,0,0,0,0,0,0
1.76129770278931,40.3437930643559,1413.45454448462,3588.03382313251,245.35170519352,104.660555630922,1093.308293432,1092.43041855097,84.254903703928,95.0627905726433,0.972235977649689,94.6302025318146,206.774362802505,450.414101868868,54.5455527305603,159.844630539417,0,30.0750855207443,530.93881598115,2040.09395214915,15.9840084910393,27.0337942838669,3527.56652066112,0,306.569847255945,1521.34968715906,86.0535064339638,343.454013794661,75.6266691088676,155.355217903852,821.316758871078,2599.0350176096,179.671890944242,912.402508288622,1.07738697528839,28.601980984211,0,24.9411718249321,0,4.29652220010757,0,15.2321295142174,0,3.7290957570076,0,0,0,5.95408755540848,0,0,0,0,0,0,0,0,0,9.99170529842377,0,0,0,0,0,1.80271077156067,0,0,0.536534070968628,70.3019574284554,1.31186485290527,2.99573808908463,882.926233351231,2278.1625777185,491.465454220772,1797.10626208782,38.693258523941,386.641591221094,47.420064330101,704.726370185614,0,0,0,1.2507472038269,0,1.61027669906616,0,1.86721396446228,0,4.73494663834572,0,0.6713707447052,0,0,0,0,0,13.3040875792503,0,0,0,0,0,0,0,0,0,0,0,0,4.53950124979019,0.626683712005615,0,0,0,0,0,0
0,0,324.365527331829,22.7304376661777,388.826768606901,138.676538586617,16.5704900920391,2.66360783576965,51.6261008679867,37.622122168541,0.344148874282837,0,11.4616212248802,0,128.593843519688,8.82011541724205,0,0,8.09521880745888,1.36062288284302,213.552333533764,71.4057087302208,1038.1761316061,306.569847255945,0,568.209481924772,1642.63838237524,546.399495393038,47.1906695365906,2.46982038021088,822.115354239941,256.035685628653,45.1799931526184,3.83528476953506,7.1170913875103,0,2.98130398988724,0,2.06402608752251,0,4.13614201545715,1.62315857410431,0,0,0,0,0,0,0,0,0,0,0,0,0,0,0,0,0,0,0,0,0,0,0,0,0,0,0,0,713.873806744814,97.8956462442875,194.312017261982,16.8587726652622,10.7986822128296,0,15.445052921772,0,0,0,1.38574570417404,0,2.49390721321106,1.58277010917664,4.9834500849247,0,6.84605240821838,0.740082561969757,9.41596066951752,0,0,0,0,0,0,0,0,0,0,0,0,0,0,0,0,0,0,0,0,0,0,0,0,0,0,0
0,0,289.23712438345,81.6806172132492,404.064939558506,433.926297098398,23.9263779520988,20.0188383758068,88.8325400948524,77.715950101614,0,1.25046408176422,2.04860818386078,11.2758280038834,53.8728515207767,55.1339112222195,0,0,0.571019768714905,5.37835487723351,20.8726758658886,256.729167997837,514.260296523571,1521.34968715906,568.209481924772,0,337.733980745077,1467.6489918232,3.93077892065048,22.9597333371639,411.44416642189,979.752070069313,8.60540366172791,108.186975538731,0,11.6423520743847,0.670665800571442,3.27824801206589,0,0.54361617565155,2.46523016691208,5.08094388246536,0,0,0,0,0,0,0,0,0,0,0,0,0,0,0,0,0,0,0,0,0,0,0,0,0,0.602217257022858,0,0,391.273963630199,780.329885959625,67.7156592607498,238.327699661255,0,20.0381229221821,0,22.423976033926,0,0,0,0,0,5.88790583610535,0,1.14029240608215,0,3.31439566612244,0,2.76593014597893,0,0,0,0,0,0,0,0,0,0,0,0,0,0,0,0,0,0,0,0,0,0,0,0,0,0
0,0,69.2230387628078,5.85968500375748,1080.65890684724,99.4304129183292,0.649048149585724,0,76.5227740705013,22.7138002514839,0,0,1.56914359331131,0,640.315148234367,16.3823655843735,0,0,0,0,841.747832208872,162.78164806962,248.42056247592,86.0535064339638,1642.63838237524,337.733980745077,0,762.932679802179,194.995252877474,5.61680400371552,683.617622435093,205.334029108286,31.4699695110321,6.66503489017487,5.27368423342705,0,15.4735642671585,0,0,0,41.7330028414726,8.04053401947021,0,0,0,0,3.83610320091248,0,0,0,0,0,0,0,1.18379151821136,0,0,0,0,0,0,0,0,0,0,0,0,0,0,0,1207.51060134172,107.516548037529,173.771968960762,19.9698896408081,8.41796875,0,1.80603277683258,0,0,0,1.33207994699478,0,27.2501887083054,3.95208698511124,10.3331388235092,0,25.878021389246,0.739776968955994,12.554714679718,0,0,0,0,0,0.447151958942413,0,0,0,0,0,0,0,0,0,0,0,0,0,0,0,0,0,0,0,0,0
0,0,136.505370110273,22.0443197488785,394.216772198677,1293.27088227868,19.4234957695007,6.15300244092941,103.342367082834,158.114563316107,0,0,3.12014275789261,5.62095165252686,87.2492067813873,370.995955824852,0,0,0,2.27108329534531,53.6515395641327,1752.13070651889,260.110738217831,343.454013794661,546.399495393038,1467.6489918232,762.932679802179,0,22.9430580437183,73.86248087883,440.502565264702,420.420473664999,8.37654656171799,60.2917836904526,0,5.30447214841843,20.6768704652786,102.290375351906,5.73842573165894,8.60921263694763,3.25136038661003,125.699283719063,0,0,0,0,0,2.36320716142654,0,0,0,0,0,0,0,2.67665499448776,0,0,0,0,0,0,0,0.315733820199966,0,0,0,1.16640150547028,0,1.06590437889099,567.956398457289,1415.36580967903,38.3666169643402,331.634936600924,1.81886583566666,15.2323379516602,1.10524308681488,20.4632027745247,0,0,0,0,0.478703260421753,130.349623292685,0,8.18768697977066,0.887347280979156,37.098178088665,0,5.06324052810669,0,0,0,1.12797605991364,0,0.799650549888611,0,1.12388730049133,0,0,0,0,0,0,0,0,0,0,0,0,0,0,0,0,0,0
929.447765529156,3.696901679039,581.184800803661,22.2070319056511,491.236248582602,0,477.392350196838,16.5728576183319,301.360120743513,1.15976881980896,865.360313266516,0,2103.35372337699,1.36999499797821,3088.37691891193,0.596246898174286,3149.36117613316,0,514.388331979513,70.4813918471336,213.87251573801,6.95119252800941,226.681548863649,75.6266691088676,47.1906695365906,3.93077892065048,194.995252877474,22.9430580437183,0,0,69.9754201769829,34.5626217722893,40.6201092302799,20.5145961046219,10.562201499939,13.8363206386566,138.919378250837,6.4783638715744,46.8934453129768,0,234.773963630199,1.92683255672455,57.005556255579,0,11.3724123835564,0,164.643641322851,0,53.0276054739952,0,120.86550578475,0,15.3788225352764,0,52.2899851500988,0,1342.72360643744,1.95332896709442,460.838049322367,0.97193169593811,176.223486334085,1.39587032794952,703.497461259365,0.899806082248688,63.2711157202721,0,117.581373602152,17.0316237211227,161.899666041136,2.67867732048035,643.135049402714,21.7901152670383,1791.44684946537,7.91871494054794,119.427814543247,1.28261685371399,487.400195389986,10.2460739314556,518.871701866388,0.771679580211639,1484.34163326025,0,1410.16403111815,0,509.49057674408,0,440.639185786247,0,165.300011456013,0,9.34019607305527,0,0,0,9.72204983234406,0.790619075298309,5.41973459720612,2.08123755455017,8.40169459581375,1.55510580539703,0,0,0,2.83319449424744,4.09662872552872,2.06860971450806,0.803018152713776,2.61487305164337,2.95654851198196,1.83730500936508,1.29005551338196,0,0,0,0,0.938932597637177
0,228.334374904633,1.46245789527893,174.628153532743,1.1750522851944,378.485932260752,0.7801713347435,184.218991190195,0.50996208190918,134.300288081169,0,696.77985137701,0,1177.18701067567,0,2641.17090687156,0,2289.78239926696,10.8798496723175,114.699315428734,0,166.344696164131,13.5452980399132,155.355217903852,2.46982038021088,22.9597333371639,5.61680400371552,73.86248087883,0,0,9.39449518918991,7.09630954265594,3.90641158819199,5.85830998420715,3.11600267887115,1.05838584899902,8.02712023258209,93.8303861021996,1.87792611122131,45.1466785669327,0,237.886534124613,11.4892125427723,31.8648791313171,0.505076348781586,22.3085606694221,0,67.9990944266319,0,32.4675925672054,0,39.8687880039215,0,13.6285739541054,0,60.2874222695827,0.889856457710266,449.009144484997,1.21669006347656,76.9705717861652,0,37.7982598543167,1.09055876731873,531.268916279078,0,43.7287423014641,7.22056323289871,36.3135240674019,3.45060801506042,45.9237247407436,10.1882075667381,208.410891056061,0.649469435214996,4252.78877204657,0,37.8643840253353,8.42449131608009,98.214387178421,0,297.205462872982,0,721.693338543177,0,653.23286318779,0,230.952070444822,0,148.776281028986,0,60.2545225024223,0,8.2581644654274,0,1.07900989055634,0,6.92477190494537,0,2.44520103931427,0,11.5503723025322,0,0,3.9449565410614,3.78058183193207,3.93030953407288,3.98812597990036,0,0,0,1.08245027065277,0,0,0,0,0,0
3.8685051202774,1.87455236911774,153.457991868258,88.4917542338371,84.0662921965122,115.679674685001,56.8430464863777,86.663909971714,15.2197671234608,27.8437604308128,6.52076852321625,5.96862775087357,57.7801876664162,15.1729902625084,86.143518447876,24.0045991539955,0,3.80523908138275,683.800533682108,352.876631617546,900.415246367455,144.204779654741,2980.01602479815,821.316758871078,822.115354239941,411.44416642189,683.617622435093,440.502565264702,69.9754201769829,9.39449518918991,0,598.785630732775,1615.17861187458,272.207199335098,734.558916181326,2.26059061288834,3.29781264066696,1.27496826648712,4.39451864361763,0.816608607769012,4.50486081838608,3.64631307125092,69.1210276186466,0,13.064762532711,0,35.1321738362312,0,0,0,0.548746109008789,0,0,0,0,0,0,0,1.36958917975426,0,0,0,1.62038087844849,0,0.890559792518616,0,485.450749784708,20.2274122536182,26.3824614882469,0,1056.07985979319,214.97587865591,181.098700046539,86.2747754752636,20.4324960112572,15.8510310053825,80.3453850448132,30.7854380607605,0,0,0,0,6.19391012191772,2.16805565357208,0.684479296207428,0,2.02042043209076,0.4632827937603,0,0.628262042999268,0,0,0,0,0,0,0,0,0,0,0,0,0,0,0,0,0,0,0,0,0,0,0,0,0,0
6.97142112255096,0.713714599609375,408.096674084663,105.118906259537,149.80891302228,59.8838672041893,160.529676675797,37.0978217124939,37.6254162788391,28.0335924625397,2.83105176687241,1.82699489593506,52.3039976358414,14.4888507127762,39.3636059165001,21.451874256134,1.16171097755432,0,366.241042852402,416.349138081074,13.2611775100231,1095.51169154048,1237.93878316879,2599.0350176096,256.035685628653,979.752070069313,205.334029108286,420.420473664999,34.5626217722893,7.09630954265594,598.785630732775,0,126.767855286598,2076.60150626302,9.57582414150238,223.059248298407,0,9.79211062192917,0,3.46744149923325,0,3.67172402143478,2.61905145645142,18.108293235302,0.941154420375824,3.36748054623604,0,86.4408470392227,0,0,0,0,0,0,0,0.962876558303833,0,6.1248052418232,1.35268986225128,1.38173192739487,0,0,0,0,0,0,26.4563602805138,630.564135432243,7.29873132705688,8.47773423790932,385.702706515789,391.229777812958,197.420526266098,130.323865562677,20.5363584160805,30.6682786047459,74.7324280738831,49.9981674551964,0,0,0,0.60344272851944,0,3.6687645316124,0,0.971049726009369,0,0.521307528018951,0,0.730318486690521,0,0,0,0,0.651057779788971,1.39647877216339,0,0,0,0,0,0,0,0,0,0,0,0,1.02200829982758,0,0,0,0,0,0,0
6.9902503490448,60.4185214042664,65.2450306117535,82.557422041893,11.6500695049763,1.22611379623413,32.3484300374985,72.966592669487,4.10693782567978,0,13.5467661619186,8.82567256689072,46.2665541768074,9.99691224098206,8.32085818052292,3.55842852592468,4.51194208860397,3.18253588676453,2673.71363896132,1056.05548673868,73.9524767696857,11.0610463619232,973.142907083035,179.671890944242,45.1799931526184,8.60540366172791,31.4699695110321,8.37654656171799,40.6201092302799,3.90641158819199,1615.17861187458,126.767855286598,0,821.297500163317,1687.25462582707,40.9191916882992,29.0154406428337,21.4133539795876,28.8173840045929,1.47807729244232,0,0,163.824024826288,2.91423511505127,143.459611594677,0,94.5077845156193,1.46930062770844,0,2.10019636154175,2.41812598705292,0,0,0,7.77906382083893,0,20.804335385561,126.020281076431,89.6434556245804,33.2431349158287,3.62771570682526,1.71422082185745,3.43567934632301,17.9807801246643,2.92820012569427,0,4122.14668655396,275.143974334002,732.022632420063,231.441051244736,262.652448952198,138.318890810013,105.409695953131,29.9917401075363,23.6916705369949,2.93946897983551,136.978512853384,124.525631785393,1.23311018943787,0,7.84583228826523,24.5026269257069,0.945734798908234,0,2.65030974149704,0,0,0,1.53709602355957,0,0,0,0,0,0,0,0,0,0,0,0,0,0,0,0,0,0,0,0,0,0,0,0,0,0,0
48.9084470272064,62.7513465285301,180.603804349899,47.6655100882053,4.61071866750717,6.25936642289162,190.479127138853,19.6177099347115,0,0.669769942760468,11.160570025444,12.6218145191669,49.7023564279079,17.0728618502617,5.6197155714035,4.53452008962631,1.11236763000488,11.4139503240585,1629.051751405,4055.43993294239,2.06495976448059,46.3657602965832,632.874774605036,912.402508288622,3.83528476953506,108.186975538731,6.66503489017487,60.2917836904526,20.5145961046219,5.85830998420715,272.207199335098,2076.60150626302,821.297500163317,0,59.3002204596996,966.337029904127,23.2208902835846,24.1795870959759,5.24867421388626,58.6428062617779,0,0,15.2557405233383,88.1058052182198,6.87224623560905,18.188668936491,12.2804192304611,204.040964305401,3.35297429561615,1.44731110334396,8.73032379150391,0.638575613498688,0,0,0,6.70505890250206,73.7239243388176,346.671939909458,167.282006442547,59.9259395003319,10.5733813047409,7.13226002454758,19.7050586938858,33.7013259232044,0,1.22050788998604,890.201743781567,5071.55433934927,1242.57333993912,943.534510552883,229.03038200736,173.564418911934,99.4679020047188,111.941978007555,12.7791213095188,29.0931877791882,205.64932975173,277.517283022404,1.45074832439423,2.62219321727753,2.69090390205383,36.1685783267021,1.5429379940033,0,2.36942028999329,9.78117084503174,0,0,0.640809655189514,3.49505400657654,0,1.98341488838196,0,0,0,6.62222999334335,0,0,0,0,0,0,0,0,0,1.13254880905151,0,0,0,0,0,0,0,0,0,0
1.99616539478302,4.0456109046936,5.28555029630661,4.32449477910995,0.490514278411865,0,2.02399444580078,0,0,0,0,0,2.44521582126617,0,0,0,5.02517229318619,0,224.450110197067,5.69734054803848,28.5849901139736,0.821320444345474,264.312719613314,1.07738697528839,7.1170913875103,0,5.27368423342705,0,10.562201499939,3.11600267887115,734.558916181326,9.57582414150238,1687.25462582707,59.3002204596996,0,146.787168681622,179.200714379549,262.599705904722,59.988283187151,26.5142651796341,15.520461589098,16.876006424427,484.478782951832,338.287428319454,521.694108396769,420.69809448719,198.463797211647,106.130732029676,427.322263419628,125.184847056866,80.0489599704742,26.50090944767,15.5182850956917,4.0210485458374,40.0602197945118,19.5279176533222,2.68784189224243,12.6177317202091,173.4686460495,131.743704527617,10.7662015557289,9.90386247634888,8.77818822860718,19.4714634418488,13.2300354242325,14.6680094003677,3479.25257706642,569.371347337961,2.74636280536652,3.83212548494339,60.2292167842388,2.01219141483307,55.9913453757763,43.6811509430408,6.05125951766968,12.2279644012451,146.577715963125,114.845253586769,2.22352993488312,0,35.8163862228394,45.3479194641113,8.08480954170227,0,40.5675914883614,10.1644940376282,5.30410844087601,0.960879147052765,27.4693319797516,17.2494348287582,0,2.77335166931152,0,0,4.7471626996994,8.14274948835373,0.797353446483612,0,0,0.86162406206131,0,0,0,0,0,0,0,1.9021931886673,0,1.64657628536224,0,0,0,0,0,0
3.37894356250763,0.5880446434021,3.18151891231537,3.10861858725548,0,0,1.61398530006409,0,0,0,1.89225161075592,2.43484270572662,0,0.541203916072845,0,0,2.0951235294342,0,17.7634255886078,26.7647001743317,0,6.33185335993767,1.5494989156723,28.601980984211,0,11.6423520743847,0,5.30447214841843,13.8363206386566,1.05838584899902,2.26059061288834,223.059248298407,40.9191916882992,966.337029904127,146.787168681622,0,171.088449776173,177.854786455631,23.404979467392,74.4780953526497,4.83874547481537,4.48288214206696,213.313544154167,345.218174785376,244.540280044079,482.363909602165,100.948541939259,175.554475188255,259.805730462074,104.875814437866,55.5706174969673,38.4517675042152,1.72779548168182,5.49666368961334,13.8983261287212,44.7999178171158,1.98859632015228,0,118.824998617172,22.8355739116669,13.8789321184158,1.94118386507034,2.36505478620529,7.98289328813553,11.7257457971573,0,553.654623419046,2151.73383423686,14.3691260814667,0,7.46292150020599,3.21050462126732,29.1120532155037,17.1679685413837,3.1634122133255,9.39227294921875,103.921598911285,131.586478203535,1.88647437095642,0,42.4939914941788,21.8985028862953,0,0.849423408508301,16.6264786124229,10.7980136871338,2.05013465881348,1.94238209724426,12.8106536269188,21.0441654324532,0.909263372421265,0,0,0,3.04133915901184,14.9669004678726,1.05055284500122,0,0,2.15945959091187,0,0,0,0,0,1.09213161468506,0,0,0,0,0,0,0,0,0,0
334.849732249975,3.61925971508026,78.2047897577286,0,61.4757909476757,2.74677014350891,41.897468149662,2.04721093177795,38.6099828183651,0,34.7746689915657,0,41.3603874444962,0,75.2707402706146,0,30.1350145936012,0,97.6653125286102,2.05042397975922,120.293818414211,2.77354991436005,7.34296762943268,0,2.98130398988724,0.670665800571442,15.4735642671585,20.6768704652786,138.919378250837,8.02712023258209,3.29781264066696,0,29.0154406428337,23.2208902835846,179.200714379549,171.088449776173,0,579.761651724577,1749.58619683981,44.2824807465076,447.803398221731,48.359116435051,451.786715656519,197.993648439646,260.841630667448,141.605486631393,1356.45495688915,69.8629475235939,638.544949024916,56.1713034212589,750.614480942488,7.9828953742981,106.339470744133,5.68023723363876,1184.75240415335,55.0187219977379,544.538138657808,38.6802768111229,873.35615581274,263.241381675005,208.219203859568,21.6586885452271,147.031548470259,22.303494811058,248.637093484402,9.48539710044861,807.921332329512,950.027999997139,256.740621089935,2.36115509271622,290.481046676636,25.8084000349045,620.014512985945,44.2499848008156,1008.6793089509,93.0437231361866,3843.57079547644,215.603974968195,1.51205933094025,0.498119205236435,246.544648945332,35.1356535553932,356.525351792574,2.31167584657669,445.96935287118,9.69226109981537,980.478764027357,12.2060213685036,1071.4356636703,21.6687073111534,115.228042006493,119.466258615255,49.550378382206,73.9799900949001,101.219092458487,52.3061656355858,131.924253553152,26.4225308001041,70.4548618197441,26.5040032863617,43.0703583657742,27.2393509447575,83.8472827672958,95.6527153253555,106.458259046078,63.3577644824982,33.4066652059555,23.2810033559799,21.4666743278503,50.2426718771458,20.0126576721668,0.772011935710907,2.65437290072441,4.90918326377869,5.3405587375164,12.1313638687134
1.31000947952271,355.346042394638,1.27892196178436,85.885538816452,0,76.5909028351307,0,39.0211114883423,0,36.7940326333046,0,23.5975936055183,0,30.8045170903206,0,81.8561396300793,1.85670948028564,18.0241948068142,8.5078467130661,85.3204936087132,3.4566176533699,137.630657732487,0,24.9411718249321,0,3.27824801206589,0,102.290375351906,6.4783638715744,93.8303861021996,1.27496826648712,9.79211062192917,21.4133539795876,24.1795870959759,262.599705904722,177.854786455631,579.761651724577,0,43.1285212635994,2137.60358828306,33.2049336433411,653.064150333405,208.329405367374,522.490301311016,53.9483506083488,545.67384698987,146.57399559021,1338.72059053183,30.5616911351681,400.423792988062,14.271984398365,445.725647717714,4.3056954741478,110.953079521656,5.66076302528381,1892.5454570353,2.26589095592499,335.745882749557,308.251612246037,592.644448727369,32.9852805733681,135.941555023193,7.72011142969131,151.361838936806,34.7119526267052,395.112728089094,691.099660933018,1180.54959005117,1.6661536693573,110.722941845655,40.1645793914795,227.029743909836,88.9697055220604,439.798402190208,27.6378850340843,571.544165760279,266.765642255545,3957.86288258433,0,7.12360996007919,18.1723494529724,323.46874538064,3.82935214042664,235.334040820599,6.67277669906616,562.775197148323,9.58730554580688,559.795192927122,25.281537771225,1115.91880336404,57.8035482168198,120.835364729166,22.9564084410667,45.6431830525398,1.82156920433044,150.297487646341,9.60971772670746,14.5902911126614,16.6353207230568,44.5745168626308,18.6485085785389,15.6742730736732,32.6781398653984,74.8444652557373,22.6953706741333,38.2045995891094,11.3395773172379,19.7798989415169,6.79405218362808,12.3768622279167,6.39459991455078,0,1.69189688563347,0.6064532995224,2.15178203582764,1.53966897726059
114.206454634666,0,20.9102673530579,0,7.08678644895554,1.39678478240967,16.4451720714569,0,6.01562255620956,0,8.26863223314285,0,10.451959758997,0,6.24808025360107,0,9.53189390897751,0,29.3393681645393,0,28.6484542489052,2.98474812507629,3.30961662530899,0,2.06402608752251,0,0,5.73842573165894,46.8934453129768,1.87792611122131,4.39451864361763,0,28.8173840045929,5.24867421388626,59.988283187151,23.404979467392,1749.58619683981,43.1285212635994,0,36.5970597267151,1054.32025188208,3.84962129592896,409.37010204792,30.4766994416714,189.76162147522,7.49761778116226,912.519660115242,9.11642324924469,182.548788756132,1.21855270862579,151.392643660307,0,14.5308457612991,0,2059.66586947441,8.0936387181282,193.647050708532,3.26960706710815,227.998112469912,17.729779779911,32.89075756073,0,36.3111265301704,0,18.3132144212723,0,557.072137057781,101.331805020571,128.269821375608,0,65.6251927018166,9.54028785228729,117.976825535297,6.08044159412384,94.6743115782738,17.887631893158,263.833834201097,29.0656774044037,0,0,37.3126918375492,0,215.21706789732,0,83.5680738389492,0,327.50679782033,0,326.176549077034,0,109.499162852764,77.8252825438976,27.0799434185028,22.5552080571651,27.8945491015911,47.1118393838406,73.9612626731396,10.2403606176376,39.4302354753017,20.579309463501,34.423881649971,15.9080186486244,75.7950281500816,51.0973982810974,59.2633608877659,21.8918336629868,24.2860661745071,13.605001449585,4.67534428834915,7.50559705495834,9.26437747478485,0.672927737236023,1.48962533473969,0.799443900585175,3.25931394100189,3.10930186510086
0,190.518911659718,0,34.677992194891,0,17.4101341068745,0,9.55595770478249,0,6.40952056646347,0,1.5144282579422,0,0,0,14.6199210584164,0,1.50946336984634,2.44393658638,35.3242448568344,2.92638874053955,11.8056526184082,0,4.29652220010757,0,0.54361617565155,0,8.60921263694763,0,45.1466785669327,0.816608607769012,3.46744149923325,1.47807729244232,58.6428062617779,26.5142651796341,74.4780953526497,44.2824807465076,2137.60358828306,36.5970597267151,0,1.38865959644318,1715.01975604892,40.084959000349,389.529675006866,17.5128761529922,257.037676334381,56.3739141821861,833.426347732544,12.5164412260056,64.1817592382431,5.32934737205505,116.60458779335,0,47.4284286499023,6.12067198753357,2248.90437293053,0,201.584254175425,0,73.5897200107574,0,18.4050142168999,0,33.9557220339775,0,24.1430915892124,60.3104228675365,650.768015056849,0,61.4404232501984,3.77576243877411,37.3840820491314,4.0201969742775,118.808636128902,20.2456305623055,54.779543787241,57.4785208106041,216.959322482347,0,0,0,18.1885948777199,0,309.233744770288,0,70.1197936534882,0,343.064162731171,0,256.997808873653,58.5000054240227,38.4301099479198,27.857820391655,46.7309698462486,7.89703732728958,43.4190083742142,41.1991376876831,32.8509249687195,18.2476638257504,20.1533723771572,18.5935506820679,18.4087933599949,37.7865998446941,98.2575963139534,21.4437816143036,45.5624743402004,7.25794732570648,16.3823416531086,4.49086424708366,1.83018451929092,7.18652075529099,2.31502306461334,0.340265572071075,4.08722943067551,4.29351344704628,3.39655682444572
4.3086519241333,0,3.52381730079651,0,115.397442996502,1.46453040838242,0,0,54.2620715498924,0,1.06859791278839,0,12.4017629027367,0,88.4392420351505,0,0,0,3.64774507284164,0,59.9224465787411,0,1.07866653800011,0,4.13614201545715,2.46523016691208,41.7330028414726,3.25136038661003,234.773963630199,0,4.50486081838608,0,0,0,15.520461589098,4.83874547481537,447.803398221731,33.2049336433411,1054.32025188208,1.38865959644318,0,45.470960021019,42.4821440577507,0,10.8967507481575,0,149.545324921608,0,34.6237652599812,0,50.9537118971348,0,9.19206762313843,0,245.566439151764,7.65708512067795,4.85377103090286,0,34.2408874630928,0,10.0365640223026,0,2.06209123134613,0,13.0628552734852,0,30.7787192165852,1.84278339147568,2.51535522937775,0,123.546375632286,19.5672317743301,318.077538073063,5.80015903711319,278.896713078022,29.8485114574432,250.889266133308,5.55837988853455,0,0,12.98508939147,0,1136.37194445729,0,58.4720701575279,2.60807776451111,1261.86609843373,17.5444203615189,295.423475027084,6.97212886810303,12.6450129151344,1.24284482002258,0.517411828041077,0,4.99190095067024,1.1266753077507,1.14936685562134,0,1.6997235417366,0,0,0,2.74035504460335,1.07465726137161,6.3357498049736,2.66647434234619,0,0,1.77781784534454,1.76491105556488,0,0,0,0,0.724740743637085,1.78612047433853
0,0.671744048595428,0,7.96313291788101,0.753762423992157,217.681265413761,0,7.25089955329895,0,56.045890301466,0,2.72744369506836,0,5.20410001277924,1.13211870193481,123.400176227093,0,0,0,1.51170599460602,35.095626950264,235.745987594128,0.486022233963013,15.2321295142174,1.62315857410431,5.08094388246536,8.04053401947021,125.699283719063,1.92683255672455,237.886534124613,3.64631307125092,3.67172402143478,0,0,16.876006424427,4.48288214206696,48.359116435051,653.064150333405,3.84962129592896,1715.01975604892,45.470960021019,0,18.0019810497761,59.3606543838978,1.02827215194702,41.5454684197903,2.83579683303833,139.361280620098,0,35.8131772577763,0,51.678033977747,0,14.7211740911007,17.3478929400444,565.787359923124,0,0.463043332099915,0,21.0271255970001,0,2.25060898065567,0,2.4895955324173,0,12.1026099920273,2.83641272783279,28.1707945764065,0,0,28.0644397139549,305.244194626808,58.4681541323662,585.604685246944,27.6293178796768,519.673622190952,8.09567713737488,111.504006922245,0,0,0,12.5254157185555,11.4757593274117,1230.73433989286,7.24451392889023,98.3408627212048,53.9022870361805,1455.84971034527,67.9549890756607,446.392354816198,0.416393518447876,14.5337261557579,0,2.33074635267258,0,10.2693393230438,0,1.06774950027466,0,3.5638707280159,1.18997144699097,0,0,1.33905193209648,0,3.24918258190155,0,0,1.51172655820847,0,0,0,0,1.6868509054184,0,2.12601852416992
0,0,5.703608751297,0,1.3667299747467,0,0,0,0.387417733669281,0,0,0,1.68006956577301,0,3.04729288816452,0,0,0,44.469124019146,0,2.35268718004227,0,38.4528938531876,0,0,0,0,0,57.005556255579,11.4892125427723,69.1210276186466,2.61905145645142,163.824024826288,15.2557405233383,484.478782951832,213.313544154167,451.786715656519,208.329405367374,409.37010204792,40.084959000349,42.4821440577507,18.0019810497761,0,2538.7684289515,8887.79183787107,1828.42828407884,6441.08731487393,2153.68989670277,3569.818102777,471.022237360477,2051.88530606031,54.1242271661758,420.445168465376,68.0524763762951,279.332992911339,79.5494092404842,1.3819637298584,0,111.784607589245,60.7901868224144,4.1978931427002,1.69457137584686,1.23885869979858,2.07051354646683,1.84040126204491,5.17212295532227,2760.88635092974,872.4110712111,0.952075660228729,3.48905050754547,3.62516182661057,0.996728777885437,257.76336479187,109.412124991417,3.88946098089218,16.7250834703445,194.573293566704,118.748068958521,1.00976765155792,0,104.256877750158,16.7095916867256,39.2507454752922,0,287.640641629696,47.6426413357258,20.3412547409534,0.848030805587769,285.792535364628,48.7601600587368,148.288519561291,64.3011264204979,0,0,14.234167098999,0.504017114639282,26.6129780113697,1.43226110935211,189.77224946022,29.5317967534065,0,0,0,0,0,0,0,0,0,2.45614024996758,0,0,0,0,0,0
0,1.1635822057724,0,1.87991845607758,0,4.56059449911118,0,4.08579242229462,0,0,0,0,0,0,0,0.668204188346863,0,0,3.70133978128433,1.48253723978996,1.56604743003845,1.57428205013275,0,3.7290957570076,0,0,0,0,0,31.8648791313171,0,18.108293235302,2.91423511505127,88.1058052182198,338.287428319454,345.218174785376,197.993648439646,522.490301311016,30.4766994416714,389.529675006866,0,59.3606543838978,2538.7684289515,0,1428.33061426878,7583.0288182497,122.073463112116,7410.92830431461,558.020819574594,1462.50694799423,111.071846604347,743.986621946096,12.593332529068,1088.19156986475,20.7359567284584,294.535890430212,1.14210903644562,0,101.948837935925,12.7931053042412,0,0,0,1.73963895440102,1.03552937507629,2.8627667427063,813.070865064859,2690.48095357418,0,0,1.29043984413147,1.071946144104,9.5252314209938,303.934710085392,0,37.6813167631626,89.8950532078743,253.788881510496,0,0.789463579654694,1.85729563236237,81.0895746350288,0,22.2938961386681,2.20977658033371,211.961067527533,0,20.9056029319763,1.22085809707642,238.809805363417,0,79.5238790512085,0,0,0,28.3012244999409,0,7.3058340549469,0,52.3276948332787,0,0,0,0,0,0,0,0,0,1.98276156187057,0,0,0,0,0,0
1.52157026529312,0,0.853236496448517,0,0,0,0,0,0,0,0,0,0,0,0,0,0,0,13.9618900418282,0,0.549905717372894,0,5.30583745241165,0,0,0,0,0,11.3724123835564,0.505076348781586,13.064762532711,0.941154420375824,143.459611594677,6.87224623560905,521.694108396769,244.540280044079,260.841630667448,53.9483506083488,189.76162147522,17.5128761529922,10.8967507481575,1.02827215194702,8887.79183787107,1428.33061426878,0,2103.41276520491,1357.57441484928,233.059108138084,2845.68444353342,277.612932920456,282.706827104092,22.1601560711861,65.7024064958096,0.865688860416412,205.084160596132,21.1496002674103,1.72615438699722,0,179.806617587805,10.0684054493904,5.27238941192627,1.65410554409027,3.04153525829315,0,6.89183875918388,0,3450.12813141942,562.369152098894,0,0,0.884397983551025,0,120.563658326864,17.1007398962975,3.24509939551353,1.38963848352432,159.343068808317,21.7031578123569,0,0,91.1673088669777,1.03537356853485,3.15784093737602,0,162.745283693075,1.68357753753662,1.1862308382988,0,100.397926986217,4.94425940513611,10.1390979886055,0.705682516098022,0,0,6.85481569170952,0.573030650615692,9.99193054437637,0.9106405377388,7.10182002186775,1.71350371837616,0,0,0,0,0,0,0,0,0,0.760286390781403,0,0,0,0,0,0
0,2.55395936965942,0,8.22075664997101,0,0,0,1.58114242553711,0,0,0,0,0,0,0,0,0,0,0,1.45677733421326,0,1.08604657649994,0,0,0,0,0,0,0,22.3085606694221,0,3.36748054623604,0,18.188668936491,420.69809448719,482.363909602165,141.605486631393,545.67384698987,7.49761778116226,257.037676334381,0,41.5454684197903,1828.42828407884,7583.0288182497,2103.41276520491,0,49.8283519148827,1372.90923944116,223.445564180613,6221.83173900843,58.678642988205,1124.92707484961,0.850577831268311,167.782145082951,3.44303345680237,279.502278447151,0,0,47.1179494261742,269.676671683788,4.92447185516357,0,0,1.620944917202,1.23726725578308,12.859375834465,809.144410550594,2494.25787007809,0.581375300884247,0,0,5.02073657512665,6.24361139535904,266.642348408699,0,63.2409342229366,33.6593497991562,368.492102533579,0,3.49719828367233,0,133.931104183197,0,1.25937110185623,2.1613757610321,112.857389479876,0,2.80715721845627,0,139.716047286987,0,13.8230583667755,0,0,0,27.8498464226723,0,4.7881338596344,0.701054155826569,14.5002331733704,0,0,0,0,0,0,0,0,0,0,0,0,0,0,0,0
17.2813942730427,0,15.4393550753593,0,17.7841105163097,0,6.72740226984024,0,7.55294814705849,0,2.05190545320511,0,6.41800791025162,0,29.7898381948471,0,0.570160567760468,0,62.2226920723915,2.95251607894897,16.3432384729385,0,9.46474197506905,0,0,0,3.83610320091248,0,164.643641322851,0,35.1321738362312,0,94.5077845156193,12.2804192304611,198.463797211647,100.948541939259,1356.45495688915,146.57399559021,912.519660115242,56.3739141821861,149.545324921608,2.83579683303833,6441.08731487393,122.073463112116,1357.57441484928,49.8283519148827,0,103.599787771702,1240.91744831204,19.1284484267235,2242.9536447823,0.891064703464508,1791.65585008264,0,3358.95587611198,24.4180165529251,22.619468152523,2.63036966323853,207.008166283369,87.8550688028336,50.6003269553185,2.90564167499542,19.988905787468,0,36.1822530925274,3.73661029338837,1584.48875004053,525.716014742851,12.5576496720314,1.62738537788391,46.6816222965717,7.07977071404457,535.353587388992,8.52103632688522,19.0870848596096,11.5081089138985,603.473405092955,60.2807666957378,0,0,151.831336677074,3.94204449653625,126.575613796711,0,683.886545330286,0,172.710290819407,0,1068.10676142573,1.06815421581268,576.069524377584,0,0.825526595115662,0.855785518884659,38.8693350553513,3.35056287050247,224.581890881062,0,879.869932174683,1.07808876037598,1.2591609954834,0,0.51118677854538,0,3.76189494132996,2.87391424179077,2.54430860280991,0,0.802970767021179,47.0266381502151,0,0.970878660678864,0,0,0,1.1081770658493
0,29.3139870464802,0,12.5358004570007,0,1.48253297805786,0,6.31651964783669,0,2.13291090726852,0,0,0,1.53456515073776,0,5.95845377445221,0,0.837148606777191,0,38.4394401907921,0.677756130695343,5.29100120067596,0,5.95408755540848,0,0,0,2.36320716142654,0,67.9990944266319,0,86.4408470392227,1.46930062770844,204.040964305401,106.130732029676,175.554475188255,69.8629475235939,1338.72059053183,9.11642324924469,833.426347732544,0,139.361280620098,2153.68989670277,7410.92830431461,233.059108138084,1372.90923944116,103.599787771702,0,17.5243256092072,526.425132095814,4.56939673423767,432.122155994177,0,880.443807899952,6.28878837823868,2777.43696773052,0.619636416435242,46.504795730114,5.14955449104309,60.8162544667721,0,7.61859124898911,1.69210958480835,18.0861030220985,0,23.4517596065998,191.261684894562,1387.40526789427,4.70496636629105,8.23725974559784,3.17275214195251,18.2042838931084,2.2573653459549,749.706802546978,0.822323739528656,80.117366194725,80.5846256017685,1054.53453785181,0,2.43740552663803,1.48707449436188,104.540082514286,0,51.2961723804474,0,472.323886364698,0,56.445990562439,0.993353366851807,775.154134571552,0,284.090725928545,0,5.1287442445755,3.0381680727005,46.8024705648422,0,24.0178902447224,0,377.714153856039,0,0.451282113790512,0.479612499475479,0.877945065498352,2.76787447929382,4.03656202554703,0,0,5.74079713225365,62.0863126516342,0,0,0.595403671264648,1.32153505086899,0.593074440956116,0.61511504650116
10.8521627485752,0,2.7426552772522,0,0,0,4.69498705863953,0,0,0,0,0,0,0,0,0,0.528456389904022,0,4.76020324230194,0,1.40251046419144,0,0,0,0,0,0,0,53.0276054739952,0,0,0,0,3.35297429561615,427.322263419628,259.805730462074,638.544949024916,30.5616911351681,182.548788756132,12.5164412260056,34.6237652599812,0,3569.818102777,558.020819574594,2845.68444353342,223.445564180613,1240.91744831204,17.5243256092072,0,102.623559951782,4460.19612804055,2.15716147422791,381.708473622799,0,712.791138589382,35.188556432724,2.83724439144135,0,870.936491847038,6.47377252578735,123.839453428984,0,1.75249022245407,0,20.6426244974136,0,1092.15330758691,732.617392152548,0,0,2.28421992063522,0,306.805689394474,0,8.45525804162025,0,402.349528491497,6.4202094078064,0.64035952091217,0,316.531034260988,0,21.5755661725998,0,549.654767006636,0,1.99357464909554,0,408.12387663126,0,68.5735554993153,0,0,0,19.0889278650284,0,17.8354811668396,0,11.8093212246895,0,0,0,0,0,0,0,0,0,0,9.86245012283325,0,0,0,0,0,0
0,4.10826337337494,0,12.6744968891144,0,0,0,3.42506545782089,0,0,0,0,0,0,0,0,0,1.43195772171021,0,3.06220281124115,0,0,0,0,0,0,0,0,0,32.4675925672054,0,0,2.10019636154175,1.44731110334396,125.184847056866,104.875814437866,56.1713034212589,400.423792988062,1.21855270862579,64.1817592382431,0,35.8131772577763,471.022237360477,1462.50694799423,277.612932920456,6221.83173900843,19.1284484267235,526.425132095814,102.623559951782,0,36.331158220768,5265.12694916129,0,512.200959175825,0,542.127014011145,0,4.44872009754181,40.6512278914452,1126.50038468838,2.98114693164825,2.86100137233734,0,5.22332161664963,0,355.512046277523,271.210031569004,1149.68401348591,0,0,0,3.22544342279434,0,266.263651847839,0,44.5470558404922,18.8873562812805,249.381926178932,0,3.84292984008789,0,169.270182937384,0,7.03983125090599,0,168.684590488672,0,2.73291754722595,0,196.467075288296,0,26.1877689361572,0,0,0,33.1425494253635,0,1.04084631800652,0,7.11427754163742,0,0,0,0,0,0,0,0,0,0,0,0,0,0,0,0
422.442808389664,0,72.2445823848248,0,0.801142930984497,0,245.037803202868,0,0,0,8.20745259523392,0,1.52847635746002,0,0,0,9.31919771432877,0,28.1510667800903,0,2.81596511602402,0,0,0,0,0,0,0,120.86550578475,0,0.548746109008789,0,2.41812598705292,8.73032379150391,80.0489599704742,55.5706174969673,750.614480942488,14.271984398365,151.392643660307,5.32934737205505,50.9537118971348,0,2051.88530606031,111.071846604347,282.706827104092,58.678642988205,2242.9536447823,4.56939673423767,4460.19612804055,36.331158220768,0,3.96278917789459,3049.04935923219,0,2033.26924684644,12.6707178354263,198.46389746666,0,2619.66369053721,3.71266484260559,1965.17569345236,0,58.3069706559181,0,1513.56047800183,0,350.803876131773,204.466901481152,15.2966864109039,0,38.4633841812611,1.76601183414459,516.259675592184,0,27.1937764286995,0,580.764043837786,16.3708193898201,4.482137799263,0,663.601391673088,0.94005411863327,83.4385402202606,0,4110.92580232024,0,24.7622140049934,0,1688.62576431036,0,73.5056562721729,0,0,0,25.3762263655663,0,28.5973083674908,0,14.2439368367195,0,0,0,0,0,0,0,0,0,0,6.64441353082657,0,0,0,0,0,0
0,224.464583426714,0,199.586226612329,0,0,0,315.239103078842,0,0,0,8.32941055297852,0,1.29430305957794,0,0,0,4.16823273897171,0,21.2423231899738,0,0.917568922042847,0,0,0,0,0,0,0,39.8687880039215,0,0,0,0.638575613498688,26.50090944767,38.4517675042152,7.9828953742981,445.725647717714,0,116.60458779335,0,51.678033977747,54.1242271661758,743.986621946096,22.1601560711861,1124.92707484961,0.891064703464508,432.122155994177,2.15716147422791,5265.12694916129,3.96278917789459,0,0,3587.99151197076,1.62979900836945,1484.86838799715,0,42.7391173839569,0,1765.5382257998,0,100.427337050438,0,31.0162509977818,0,2045.0442918241,54.4762893915176,403.74509331584,0,0,1.18989276885986,59.2274702787399,0,443.127214998007,0,84.8993457853794,4.76033675670624,316.110389918089,0,4.11660727858543,0,343.128362745047,0,38.8375172019005,0,3750.45946770906,0,14.0014141798019,0,1761.67699694633,0,13.8368185460567,0,0,0,42.748123049736,0,4.10304927825928,0,2.4451562166214,0,0,0,0,0,0.693636298179626,0,0,0,0.767597854137421,0,0,0,0,0,0
23.660199701786,0,2.85177648067474,0,0.677144110202789,0,2.86018201708794,0,0,0,0,0,0,0,0,0,0,0,0,0,0,0,0,0,0,0,0,0,15.3788225352764,0,0,0,0,0,15.5182850956917,1.72779548168182,106.339470744133,4.3056954741478,14.5308457612991,0,9.19206762313843,0,420.445168465376,12.593332529068,65.7024064958096,0.850577831268311,1791.65585008264,0,381.708473622799,0,3049.04935923219,0,0,0,2091.79526004195,0,9.21162697672844,0,118.24035564065,0,40.0120456814766,0,1.13293009996414,0,17.608985632658,0,69.2952602505684,27.14504763484,3.28209674358368,0,0.520151615142822,0,65.4623813331127,0,5.11840957403183,0,51.0563913285732,1.80769419670105,0,0,46.1859283745289,0,6.83664435148239,0,490.086144298315,0,10.5939321815968,0,647.311158180237,0,44.0765361785889,0,0,0,0,0,0.505080342292786,0,12.518748819828,0,0,0,0,0,0,0,0,0,0,0,0,0,0,0,0,0
0,5.47482562065125,0,4.17915892601013,0,0,0,3.46579813957214,0,0,0,0,0,0,0,0,0,0,0,0.620182275772095,0,1.15582418441772,0,0,0,0,0,0,0,13.6285739541054,0,0,0,0,4.0210485458374,5.49666368961334,5.68023723363876,110.953079521656,0,47.4284286499023,0,14.7211740911007,68.0524763762951,1088.19156986475,0.865688860416412,167.782145082951,0,880.443807899952,0,512.200959175825,0,3587.99151197076,0,0,0,2100.02722626925,0,1.65851259231567,0,6.68086564540863,0,0,0,2.66191703081131,0,11.7226518392563,6.62277460098267,11.7279935181141,0,0,0,1.58237934112549,0,68.7482907176018,0,2.96461540460587,0.672042787075043,39.6269395947456,0,0,0,23.6636553704739,0,3.93811729550362,0,423.515551835299,0,10.0503687560558,0,838.85118418932,0,35.0462289750576,0,0,0,3.86795827746391,0,3.03288087248802,0,5.26748168468475,0,0,0,0,0,0,0,0,0,0,0,0,0,0,0,0
28.8538703918457,0,0,0,6.69568920135498,0,9.09049421548843,0,5.41926288604736,0,0.843986392021179,0,0.712772071361542,0,9.11167854070663,0,0.600215017795563,0,0.8382488489151,0,7.00306928157806,0,0,0,0,0,1.18379151821136,0,52.2899851500988,0,0,0,7.77906382083893,0,40.0602197945118,13.8983261287212,1184.75240415335,5.66076302528381,2059.66586947441,6.12067198753357,245.566439151764,17.3478929400444,279.332992911339,20.7359567284584,205.084160596132,3.44303345680237,3358.95587611198,6.28878837823868,712.791138589382,0,2033.26924684644,1.62979900836945,2091.79526004195,0,0,3.18107098340988,18.8873988389969,0,152.999736785889,0,59.808631837368,0,6.08804440498352,0,37.3940045833588,0,235.979395419359,45.8785499930382,0,0,22.1782376468182,10.218744546175,140.839127182961,2.089908182621,28.9340794682503,11.1534512639046,169.157266646624,3.65745067596436,0,0,54.4559543132782,0,123.897225350142,0,439.266401648521,0,497.022944003344,0,4366.80321663618,0,151.949906170368,0,0,0,4.95032429695129,0,17.0673476457596,0,52.0398681759834,0,0,0,0,0,0,0,0,0,0,0,0,0,0,0,0,0
0,8.68953132629395,0,4.77733272314072,0,25.1106931567192,0,6.87000685930252,0,8.69641467928886,0,0,0,3.13816213607788,0,26.508667320013,0,0,0,0,2.85642576217651,4.64537352323532,0,0,0,0,0,2.67665499448776,0,60.2874222695827,0,0.962876558303833,0,6.70505890250206,19.5279176533222,44.7999178171158,55.0187219977379,1892.5454570353,8.0936387181282,2248.90437293053,7.65708512067795,565.787359923124,79.5494092404842,294.535890430212,21.1496002674103,279.502278447151,24.4180165529251,2777.43696773052,35.188556432724,542.127014011145,12.6707178354263,1484.86838799715,0,2100.02722626925,3.18107098340988,0,0,3.10437971353531,8.1191058754921,49.2402479350567,2.81264448165894,8.11751443147659,0,3.24453538656235,0,59.2877049148083,104.36833101511,189.703147292137,0,0,5.00126427412033,41.1181897819042,17.8717418909073,352.408508747816,9.62218111753464,80.4174570143223,30.2376761734486,203.506332993507,1.57921993732452,0,0,73.3281410336494,0,85.6934745311737,0,479.882485836744,1.17789769172668,434.112173646688,4.7984533905983,3217.66411978006,0,60.126591026783,0,0,0,10.8393631875515,0,95.0710057020187,0,58.5488876104355,0,0,0,0,0,0,0,0,0,0,0,0,0,0,0,0
9484.25868442655,21.1060251295567,240.764396578074,8.3795038163662,0,0,209.160820305347,2.17744410037994,0,0,238.359031379223,0,163.114524543285,0,19.8787862658501,0,1995.09152069688,0,107.956541448832,108.437087059021,0,0,0,0,0,0,0,0,1342.72360643744,0.889856457710266,0,0,20.804335385561,73.7239243388176,2.68784189224243,1.98859632015228,544.538138657808,2.26589095592499,193.647050708532,0,4.85377103090286,0,1.3819637298584,1.14210903644562,1.72615438699722,0,22.619468152523,0.619636416435242,2.83724439144135,0,198.46389746666,0,9.21162697672844,0,18.8873988389969,0,0,40.7834460139275,1749.73155379295,5.63414120674133,3630.90023988485,0,2105.36018961668,9.45138907432556,751.661281555891,0,357.258269041777,53.0341349244118,1948.81125736237,76.2665520906448,981.15361431241,40.3899095654488,2412.05135992169,10.192887544632,767.117496222258,2.36079341173172,4402.38822808862,50.460253059864,176.094955921173,0,409.808757603168,8.60568642616272,23.8088965415955,0,1171.10160300136,0,0,0,431.210750222206,0,0,0,0,0,156.966636657715,2.85246592760086,17.0913255810738,0,1.49211049079895,0,0,0,0,0,11.6018883883953,0,5.46608904004097,1.1691507101059,23.554817378521,22.8605390787125,1.17010653018951,0,0,0,0,4.66724425554276
2.20925486087799,10152.7271106541,0,607.755409747362,0,0.859613180160522,0,617.571532040834,0,0,0,343.821283429861,0,79.0796717405319,0,2.55514138936996,8.97614681720734,2349.2916880846,14.6330654621124,698.014811038971,0,0.592531323432922,0,9.99170529842377,0,0,0,0,1.95332896709442,449.009144484997,0,6.1248052418232,126.020281076431,346.671939909458,12.6177317202091,0,38.6802768111229,335.745882749557,3.26960706710815,201.584254175425,0,0.463043332099915,0,0,0,0,2.63036966323853,46.504795730114,0,4.44872009754181,0,42.7391173839569,0,1.65851259231567,0,3.10437971353531,40.7834460139275,0,101.288237273693,2090.10840657353,6.07149219512939,1942.87000408769,2.95319664478302,2547.00401452184,0,320.256903320551,243.679105818272,427.525023490191,188.89790225029,1754.90980568528,62.9750711321831,768.303950101137,17.8038866519928,2389.15280863643,0.730202972888947,838.782670557499,551.33753117919,4260.15893980861,0.813886165618896,145.074618935585,2.6776362657547,429.13433739543,0,2.97515136003494,0,79.5322222411633,0,0.421783119440079,0,25.1946904063225,0,0,0,1.94446504116058,0,241.542661517859,1.0194616317749,0,0,1.5619740486145,0,0,0,0,0,7.32761234045029,0,3.88536202907562,14.2951239943504,4.08884310722351,0.6171515583992,0,0,0.995659112930298,0,1.03328835964203
465.800117611885,1.11462712287903,583.00341385603,0,0,0,95.7836319208145,0,0,0,48.5858503878117,0,20.8470631241798,0,1.17971909046173,0,137.954256176949,1.19891273975372,467.311198562384,5.5111300945282,2.35536921024323,0,1.33652931451797,0,0,0,0,0,460.838049322367,1.21669006347656,1.36958917975426,1.35268986225128,89.6434556245804,167.282006442547,173.4686460495,118.824998617172,873.35615581274,308.251612246037,227.998112469912,0,34.2408874630928,0,111.784607589245,101.948837935925,179.806617587805,47.1179494261742,207.008166283369,5.14955449104309,870.936491847038,40.6512278914452,2619.66369053721,0,118.24035564065,0,152.999736785889,8.1191058754921,1749.73155379295,101.288237273693,0,43.3049187064171,5987.7559338212,11.1136531829834,762.600281059742,3.12002754211426,1432.42877459526,2.12334084510803,2192.22946512699,759.817968606949,582.284374982119,65.7502183914185,202.065531730652,59.2092943191528,905.705351561308,11.4130302667618,183.76209384203,0,2301.58247852325,202.245648622513,42.3447704613209,2.9211260676384,815.024479925632,8.59210252761841,27.3261935412884,0,625.797114789486,0,1.15281683206558,0,163.003141909838,0,0,0,0,0,87.1253409981728,1.7874436378479,50.622197419405,0,0.575335919857025,0,0,0,0,0,0.948170274496078,0,1.02956998348236,0,4.12179514765739,27.0357952713966,0,0,0,0,0,0
0,462.774700284004,0,290.606184333563,0,0,0,126.132504403591,0,0,0,32.7468482851982,0,8.06731170415878,0,0,1.1706610918045,37.9902209937572,0,242.801881819963,0,0.599665939807892,0,0,0,0,0,0,0.97193169593811,76.9705717861652,0,1.38173192739487,33.2431349158287,59.9259395003319,131.743704527617,22.8355739116669,263.241381675005,592.644448727369,17.729779779911,73.5897200107574,0,21.0271255970001,60.7901868224144,12.7931053042412,10.0684054493904,269.676671683788,87.8550688028336,60.8162544667721,6.47377252578735,1126.50038468838,3.71266484260559,1765.5382257998,0,6.68086564540863,0,49.2402479350567,5.63414120674133,2090.10840657353,43.3049187064171,0,11.1683397889137,1665.75809958577,0,625.772547483444,0,1414.43983113766,296.973760485649,1510.21761035919,3.81245344877243,116.469675779343,21.3297840356827,49.2476686835289,4.36012625694275,494.935082495213,0,181.52746757865,181.791429191828,1127.57183635235,0,52.9782699644566,3.487144947052,929.256516128778,0,15.4703155755997,1.9298083782196,294.760674715042,0,2.44718000292778,0,107.757414311171,0,0,0,0,0,112.385352164507,0,2.22114709019661,0,0,0,0,0,0,0,1.82955694198608,0,0,1.01876127719879,4.50610864162445,0,0,0,0,0,0
987.069081693888,0,32.8520226180553,0,0,0,149.150602608919,0,0,0,233.923694729805,0,70.9932025671005,0,4.20685490965843,0,388.507872521877,0,8.737200319767,0,0,0,0,0,0,0,0,0,176.223486334085,0,0,0,3.62771570682526,10.5733813047409,10.7662015557289,13.8789321184158,208.219203859568,32.9852805733681,32.89075756073,0,10.0365640223026,0,4.1978931427002,0,5.27238941192627,4.92447185516357,50.6003269553185,0,123.839453428984,2.98114693164825,1965.17569345236,0,40.0120456814766,0,59.808631837368,2.81264448165894,3630.90023988485,6.07149219512939,5987.7559338212,11.1683397889137,0,0,1986.71225917339,1.64195501804352,2680.45551198721,0,143.42555308342,76.3763198554516,16.5870594084263,3.8766673207283,78.6428435444832,5.52624452114105,263.208792567253,0,44.0691969692707,0,522.221344083548,21.2431619167328,25.9076172709465,2.12294936180115,280.081433773041,2.9382199048996,39.4265408217907,0,547.109515845776,0,0,0,94.2689143419266,0,0,0,0,0,9.42390048503876,0.648354828357697,10.4726095795631,0.655326008796692,0,0,0,0,0,0,1.81094533205032,0,0,0,1.54729896783829,5.24110597372055,0,0,0,0,0,0
0,1400.43358308077,0,87.066098511219,0,0,0,928.393880426884,0,0,0,562.935175597668,0,189.466637164354,0,0,0,204.593861699104,0,17.809740871191,0,0,0,0,0,0,0,0,1.39587032794952,37.7982598543167,0,0,1.71422082185745,7.13226002454758,9.90386247634888,1.94118386507034,21.6586885452271,135.941555023193,0,18.4050142168999,0,2.25060898065567,1.69457137584686,0,1.65410554409027,0,2.90564167499542,7.61859124898911,0,2.86100137233734,0,100.427337050438,0,0,0,8.11751443147659,0,1942.87000408769,11.1136531829834,1665.75809958577,0,0,0,4386.12015762925,0,2631.41547045112,29.1693478226662,65.5281590223312,0,6.14221459627151,6.52041923999786,113.972106784582,0,124.130677103996,0,45.039440959692,59.8350184261799,292.214873164892,0,10.4643470346928,0,295.77154648304,0,2.57135060429573,0,191.655236661434,0,1.24880313873291,0,82.7773887515068,0,0,0,0,0,14.233079969883,0,0,0,1.44237756729126,0,0,0,0,0,0,0,0,0,0,0,0,0,0,0,0
286.29547944665,0,13.2550132870674,0,0,0,43.7627745270729,0,0,0,360.998361587524,0,235.369065076113,0,19.9517180919647,0,971.591286092997,0,15.541099011898,0.728206515312195,0,0,0,0,0,0,0,0,703.497461259365,1.09055876731873,1.62038087844849,0,3.43567934632301,19.7050586938858,8.77818822860718,2.36505478620529,147.031548470259,7.72011142969131,36.3111265301704,0,2.06209123134613,0,1.23885869979858,0,3.04153525829315,0,19.988905787468,1.69210958480835,1.75249022245407,0,58.3069706559181,0,1.13293009996414,0,6.08804440498352,0,2105.36018961668,2.95319664478302,762.600281059742,0,1986.71225917339,0,0,1.44537854194641,305.888412445784,0,110.246598243713,23.1924786567688,48.0738161206245,18.3096561431885,131.92259350419,6.43050315976143,375.699006527662,0,56.5148330330849,0,699.125578731298,19.4187973737717,104.143566668034,0,2194.16145068407,1.98438888788223,59.2532726824284,0,1240.22277125716,0,1.83820378780365,0,106.519159018993,0,0,0,0,0,32.2755783200264,0,12.6473284363747,0,0,0,0,0,0,0,5.77849590778351,0,4.51936942338943,0,2.44211411476135,7.4589472413063,0.931199789047241,0,0,0.844899594783783,0,1.08513629436493
0,361.413744986057,0,55.2409707009792,0,0,0,257.34251844883,0,0,0,1261.14303776622,0,653.122981548309,0,17.0908502340317,0,2161.21085768938,0,28.7545193433762,0,0.554671764373779,0,1.80271077156067,0,0,0,0.315733820199966,0.899806082248688,531.268916279078,0,0,17.9807801246643,33.7013259232044,19.4714634418488,7.98289328813553,22.303494811058,151.361838936806,0,33.9557220339775,0,2.4895955324173,2.07051354646683,1.73963895440102,0,1.620944917202,0,18.0861030220985,0,5.22332161664963,0,31.0162509977818,0,2.66191703081131,0,3.24453538656235,9.45138907432556,2547.00401452184,3.12002754211426,625.772547483444,1.64195501804352,4386.12015762925,1.44537854194641,0,0,1356.62571337819,45.6760787963867,195.532396614552,14.2079228758812,25.3013896048069,10.1695767641068,212.798147380352,0,794.843120604753,0,108.113696187735,160.803635001183,732.786662817001,0,120.471922338009,0,2821.99382156134,0,10.4413703083992,0,523.007595062256,0,1.0767765045166,0,67.1226182579994,0,0,0,0,0,31.0880104005337,0,1.62930393218994,0,0,0,0,0,0,0,0.613608360290527,0,2.90776669979095,0.561939120292664,0.365801274776459,0,0,0,0,0,0
947.06933516264,0,8.89761772751808,0,0,0,300.128927946091,0,0,0,60.8806800246239,0,36.0570481419563,0,0,0,56.2781178355217,0,4.79692777991295,0,0.953506261110306,0,0,0,0,0,0,0,63.2711157202721,0,0.890559792518616,0,2.92820012569427,0,13.2300354242325,11.7257457971573,248.637093484402,34.7119526267052,18.3132144212723,0,13.0628552734852,0,1.84040126204491,1.03552937507629,6.89183875918388,1.23726725578308,36.1822530925274,0,20.6426244974136,0,1513.56047800183,0,17.608985632658,0,37.3940045833588,0,751.661281555891,0,1432.42877459526,0,2680.45551198721,0,305.888412445784,0,0,0,46.374773055315,16.2491008639336,3.79588580131531,0,28.8329910635948,0,160.571274787188,0,24.7049903571606,0,205.736420094967,14.4495968222618,6.55231887102127,0,153.938928663731,0,7.91328811645508,0,6012.00102475286,0,3.43684178590775,0,406.500371336937,0,0,0,0,0,5.57722622156143,0,0.972880959510803,0,0,0,0,0,0,0,0,0,0,0,0,1.38713705539703,0,0,0,0,0,0
0,1020.68339711428,0,167.686204761267,0,0,0,1479.89058640599,0,0,0,477.113555341959,0,275.869785189629,0,1.49495196342468,0,70.3536249399185,0,27.1782526373863,0,0,0,0,0,0,0,0,0,43.7287423014641,0,0,0,1.22050788998604,14.6680094003677,0,9.48539710044861,395.112728089094,0,24.1430915892124,0,12.1026099920273,5.17212295532227,2.8627667427063,0,12.859375834465,3.73661029338837,23.4517596065998,0,355.512046277523,0,2045.0442918241,0,11.7226518392563,0,59.2877049148083,0,320.256903320551,2.12334084510803,1414.43983113766,0,2631.41547045112,0,1356.62571337819,0,0,15.088482260704,65.8188745379448,0,0,1.41919130086899,134.818713873625,0,312.419155746698,0,74.9422264099121,5.80560809373856,354.471487045288,0,3.46318435668945,0,1115.72981974483,0,16.8341733813286,0,2804.34086930752,0,6.19034853577614,0,723.24219584465,0,0,0,0,0.733855843544006,26.1134837865829,0,0,0,0,0,0,0,0,0,0.503428041934967,0,0,0,0.564172923564911,0,0,0,0,0,0
78.9289892613888,19.2948915362358,572.116015702486,2.1417755484581,0.46785706281662,0,63.7755593955517,1.68724608421326,0,0,14.5751982927322,0,17.449197947979,0,3.19823408126831,0,15.6529316306114,4.42835259437561,2246.25334510207,101.982135295868,6.28427720069885,0,181.207579314709,0.536534070968628,0,0,0,0,117.581373602152,7.22056323289871,485.450749784708,26.4563602805138,4122.14668655396,890.201743781567,3479.25257706642,553.654623419046,807.921332329512,691.099660933018,557.072137057781,60.3104228675365,30.7787192165852,2.83641272783279,2760.88635092974,813.070865064859,3450.12813141942,809.144410550594,1584.48875004053,191.261684894562,1092.15330758691,271.210031569004,350.803876131773,54.4762893915176,69.2952602505684,6.62277460098267,235.979395419359,104.36833101511,357.258269041777,243.679105818272,2192.22946512699,296.973760485649,143.42555308342,29.1693478226662,110.246598243713,45.6760787963867,46.374773055315,15.088482260704,0,3473.11353239417,1808.60912021995,248.945061028004,360.354528009892,127.88813829422,388.333722919226,62.3506692051888,69.8690890967846,22.0344069302082,1160.89530545473,441.757412016392,8.76566058397293,0.704794943332672,233.281753212214,35.7256074547768,10.8760026395321,0,188.797474473715,3.80036270618439,12.3843216896057,0,103.810463666916,2.91900038719177,15.7271672487259,0,0,0,16.0365295410156,1.08529341220856,36.4659714698792,0,11.1287537813187,2.37778997421265,0,0,0,0,0,0,1.38328397274017,0,1.19599330425262,10.6733905076981,0,0,0,0,0,0
0,56.1097730696201,2.58460807800293,321.601775914431,0,1.19846343994141,0,2.15580248832703,0,0,0,7.95434367656708,0,0,0,0,4.41497519612312,13.6246530413628,61.3413719236851,1862.63716232777,0,5.55377653241158,0,70.3019574284554,0,0.602217257022858,0,1.16640150547028,17.0316237211227,36.3135240674019,20.2274122536182,630.564135432243,275.143974334002,5071.55433934927,569.371347337961,2151.73383423686,950.027999997139,1180.54959005117,101.331805020571,650.768015056849,1.84278339147568,28.1707945764065,872.4110712111,2690.48095357418,562.369152098894,2494.25787007809,525.716014742851,1387.40526789427,732.617392152548,1149.68401348591,204.466901481152,403.74509331584,27.14504763484,11.7279935181141,45.8785499930382,189.703147292137,53.0341349244118,427.525023490191,759.817968606949,1510.21761035919,76.3763198554516,65.5281590223312,23.1924786567688,195.532396614552,16.2491008639336,65.8188745379448,3473.11353239417,0,211.222549855709,951.557741373777,78.0783156752586,106.681908875704,97.7644333839417,300.396763443947,9.39685171842575,111.283417373896,707.99510076642,1220.7009049952,3.88587987422943,20.4569165408611,13.8344879746437,427.500020027161,0,11.3030812442303,16.7939948439598,140.743306964636,0,14.1230662465096,21.5520454645157,88.9335866570473,1.38262176513672,1.8008519411087,0,0,0,74.3994154036045,1.09634935855865,3.21024113893509,0,2.31545865535736,0,0,0,0,0,0,0,1.35336077213287,3.6462060213089,1.90944069623947,0,0,0,0,0,0
1691.02160158753,359.470728605986,599.339077174664,170.269724011421,0,0,58.0098745822906,57.5038858652115,0,0,65.0599172413349,2.65145790576935,98.7908363044262,0.691537439823151,12.1469667553902,0,33.2854893803596,8.17956578731537,2791.76319310069,3185.55304908752,0.967256426811218,0,8.59617203474045,1.31186485290527,0,0,0,0,161.899666041136,3.45060801506042,26.3824614882469,7.29873132705688,732.022632420063,1242.57333993912,2.74636280536652,14.3691260814667,256.740621089935,1.6661536693573,128.269821375608,0,2.51535522937775,0,0.952075660228729,0,0,0.581375300884247,12.5576496720314,4.70496636629105,0,0,15.2966864109039,0,3.28209674358368,0,0,0,1948.81125736237,188.89790225029,582.284374982119,3.81245344877243,16.5870594084263,0,48.0738161206245,14.2079228758812,3.79588580131531,0,1808.60912021995,211.222549855709,0,1030.3182040453,1793.10650071502,374.496974527836,662.684647887945,32.5309715867043,369.896977722645,17.6133021712303,5182.01415285468,323.741875290871,5.71315276622772,0,9.05564621090889,2.45898997783661,8.16126561164856,0,0.674814879894257,0,0,0,0.486234426498413,0,0,0,0,0,99.4314023852348,0,8.29689514636993,0,0,0,0,0,0,0,2.84204375743866,0,2.84875518083572,0,10.4720138311386,21.1825501322746,0,0,0,0,0,0.903172433376312
27.0088651180267,969.603276878595,0,234.686389923096,0,0,0,10.7372334003448,0,0,0,7.51169186830521,0,1.17402362823486,0,0,1.03715980052948,18.2154729664326,48.3966028094292,2522.67955476046,0,1.38448178768158,0,2.99573808908463,0,0,0,1.06590437889099,2.67867732048035,45.9237247407436,0,8.47773423790932,231.441051244736,943.534510552883,3.83212548494339,0,2.36115509271622,110.722941845655,0,61.4404232501984,0,0,3.48905050754547,0,0,0,1.62738537788391,8.23725974559784,0,0,0,0,0,0,0,0,76.2665520906448,1754.90980568528,65.7502183914185,116.469675779343,3.8766673207283,6.14221459627151,18.3096561431885,25.3013896048069,0,0,248.945061028004,951.557741373777,1030.3182040453,0,65.6884202361107,765.869206547737,11.3489032387733,159.439001172781,1.35771560668945,128.905817121267,404.814766734838,2351.00141277909,0,2.73104059696198,0.694389641284943,32.2320781350136,0,0,0,2.37814432382584,0,0,0,1.11884713172913,0,0,0,0,0,45.9405670166016,0,0,0,0,0,0,0,0,0,0,0,0,3.19304341077805,6.00222969055176,0,0,0,0,0,0
3014.48711362481,72.6554623246193,2593.93989798427,297.509617179632,1762.348836869,144.869426459074,4671.12685126066,427.643610835075,950.636075466871,63.6870889663696,474.053037434816,56.8238394856453,2399.97319796681,84.8745019435883,1597.23617076874,27.1306557655334,84.00651460886,7.42964488267899,2471.30219060183,857.071133583784,745.924636781216,36.6689144074917,1761.60481479764,882.926233351231,713.873806744814,391.273963630199,1207.51060134172,567.956398457289,643.135049402714,10.1882075667381,1056.07985979319,385.702706515789,262.652448952198,229.03038200736,60.2292167842388,7.46292150020599,290.481046676636,40.1645793914795,65.6251927018166,3.77576243877411,123.546375632286,28.0644397139549,3.62516182661057,1.29043984413147,0.884397983551025,0,46.6816222965717,3.17275214195251,2.28421992063522,0,38.4633841812611,1.18989276885986,0.520151615142822,0,22.1782376468182,5.00126427412033,981.15361431241,62.9750711321831,202.065531730652,21.3297840356827,78.6428435444832,6.52041923999786,131.92259350419,10.1695767641068,28.8329910635948,1.41919130086899,360.354528009892,78.0783156752586,1793.10650071502,65.6884202361107,0,373.771656811237,3539.11217588186,135.50173702836,2220.52674710751,46.3681362271309,6175.87272518873,185.942670345306,6.41331315040588,0,79.0255012512207,9.97189474105835,76.6984484493732,3.92756062746048,144.134219408035,3.43482291698456,43.4373315870762,10.2637382745743,82.0421213805676,19.7810903787613,17.6678842306137,18.8505187630653,7.30058014392853,6.82177126407623,94.3491419255733,13.3774318993092,32.5494281947613,7.69792968034744,6.45402675867081,2.02637755870819,7.46695521473885,5.1043004989624,21.4993756711483,21.0232881903648,95.6256986260414,33.6167327463627,14.9168719053268,23.074757874012,46.1419650316238,23.8006490767002,8.81140318512917,1.64165550470352,0.542592346668243,4.18548715114594,0,16.2158491015434
65.1679373085499,1853.69960147142,314.372451752424,2083.95198538899,88.1617907881737,1388.94387313724,340.519974857569,3982.3513841033,29.6004970371723,1011.74091133475,19.0208832621574,886.888549864292,103.884464621544,1346.86743664742,40.7928375899792,820.75014474988,0,148.607982069254,687.454183757305,2136.22175830603,106.597041457891,420.460034519434,530.751023769379,2278.1625777185,97.8956462442875,780.329885959625,107.516548037529,1415.36580967903,21.7901152670383,208.410891056061,214.97587865591,391.229777812958,138.318890810013,173.564418911934,2.01219141483307,3.21050462126732,25.8084000349045,227.029743909836,9.54028785228729,37.3840820491314,19.5672317743301,305.244194626808,0.996728777885437,1.071946144104,0,5.02073657512665,7.07977071404457,18.2042838931084,0,3.22544342279434,1.76601183414459,59.2274702787399,0,1.58237934112549,10.218744546175,41.1181897819042,40.3899095654488,768.303950101137,59.2092943191528,49.2476686835289,5.52624452114105,113.972106784582,6.43050315976143,212.798147380352,0,134.818713873625,127.88813829422,106.681908875704,374.496974527836,765.869206547737,373.771656811237,0,130.408048182726,2112.23420074582,29.0754762589931,2800.05977150798,112.253377169371,8640.66069808602,1.77208566665649,1.87729305028915,4.06723880767822,102.593665868044,9.28845936059952,26.464529633522,3.92695039510727,221.241130292416,18.4328590035439,47.9661098718643,29.7789126336575,114.981712341309,23.0525007843971,31.4280604124069,4.50212949514389,39.9315270483494,12.868821144104,133.98504036665,28.8985592126846,10.2478311955929,16.6382473111153,6.9644555747509,11.5426381528378,7.71244388818741,7.98048466444016,57.2216654717922,44.8024571537971,149.375040084124,10.6796788573265,26.2600303888321,68.4340354204178,25.3053516149521,3.39586502313614,0.466622292995453,4.87357899546623,4.62445950508118,12.576813519001,25.1229557991028
2359.9263125062,6.8208195567131,1820.30894204974,117.803815692663,1087.49785742164,40.3281881511211,1639.90205302835,90.2944187521935,1009.62996798754,16.5057110190392,501.058488428593,6.81971526145935,1660.87122830749,5.70786786079407,2146.02204704285,2.37942123413086,587.02986779809,1.15652620792389,1461.61443221569,200.111020863056,123.253712803125,4.08745610713959,896.598973989487,491.465454220772,194.312017261982,67.7156592607498,173.771968960762,38.3666169643402,1791.44684946537,0.649469435214996,181.098700046539,197.420526266098,105.409695953131,99.4679020047188,55.9913453757763,29.1120532155037,620.014512985945,88.9697055220604,117.976825535297,4.0201969742775,318.077538073063,58.4681541323662,257.76336479187,9.5252314209938,120.563658326864,6.24361139535904,535.353587388992,2.2573653459549,306.805689394474,0,516.259675592184,0,65.4623813331127,0,140.839127182961,17.8717418909073,2412.05135992169,17.8038866519928,905.705351561308,4.36012625694275,263.208792567253,0,375.699006527662,0,160.571274787188,0,388.333722919226,97.7644333839417,662.684647887945,11.3489032387733,3539.11217588186,130.408048182726,0,45.8908693790436,2845.61699566245,62.5751709342003,2442.80008852482,44.1511507332325,40.0403376221657,0,607.275283128023,2.72640705108643,466.026368945837,1.2606326341629,488.263402968645,3.34997713565826,170.119186878204,23.9221327900887,214.925792902708,21.649690926075,71.6765473484993,45.6885022819042,13.7707270383835,16.7766810357571,94.9987740516663,28.3490446209908,50.9278135597706,5.59513285756111,47.2469143271446,6.64726331830025,16.017491877079,17.6910457611084,37.5430003404617,43.9622902572155,101.455494970083,45.247899979353,21.0351497232914,10.4671622514725,48.8194472789764,28.4655331373215,0,3.18606132268906,1.44606944918633,2.66096362471581,2.35669058561325,20.1219870448112
23.6230842471123,3006.32028585672,150.818905740976,2648.10160288215,20.1220327019691,1323.13608857989,91.0685650706291,1722.0434513092,14.805816411972,1148.36440965533,1.34602081775665,1068.20262077451,14.739754319191,1293.29577353597,5.70447373390198,2551.69631969929,0,1725.66324728727,259.135348647833,1597.89213106036,5.12439441680908,179.888259023428,270.996378421783,1797.10626208782,16.8587726652622,238.327699661255,19.9698896408081,331.634936600924,7.91871494054794,4252.78877204657,86.2747754752636,130.323865562677,29.9917401075363,111.941978007555,43.6811509430408,17.1679685413837,44.2499848008156,439.798402190208,6.08044159412384,118.808636128902,5.80015903711319,585.604685246944,109.412124991417,303.934710085392,17.1007398962975,266.642348408699,8.52103632688522,749.706802546978,0,266.263651847839,0,443.127214998007,0,68.7482907176018,2.089908182621,352.408508747816,10.192887544632,2389.15280863643,11.4130302667618,494.935082495213,0,124.130677103996,0,794.843120604753,0,312.419155746698,62.3506692051888,300.396763443947,32.5309715867043,159.439001172781,135.50173702836,2112.23420074582,45.8908693790436,0,4.03946357965469,1341.72999078035,58.6951102018356,922.97427803278,0,248.841472148895,1.75630271434784,1209.05505669117,4.62694710493088,833.812653034925,0,868.387034654617,4.57048499584198,480.734100580215,7.59471413493156,346.332737594843,14.7158027887344,57.5338318645954,1.54433351755142,13.9305744767189,2.57247430086136,73.4281940758228,13.8524281382561,6.86522924900055,5.86088019609451,43.5430854558945,5.04757684469223,5.42721951007843,8.81361138820648,19.5092583298683,6.83954423666,23.3082073926926,5.66319859027863,6.85949051380157,10.4433797001839,9.4983412027359,1.68506586551666,0,0,3.30172955989838,0,2.32408958673477
764.278212189674,0.844361960887909,382.006250053644,3.77408826351166,26.8245104253292,0,343.21757748723,8.13923901319504,36.5202249884605,0,99.7421941757202,0,260.67024949193,1.35545063018799,108.536820471287,0,71.6723104119301,0,494.266410559416,56.7865064740181,32.6650096178055,0,112.004786431789,38.693258523941,10.7986822128296,0,8.41796875,1.81886583566666,119.427814543247,0,20.4324960112572,20.5363584160805,23.6916705369949,12.7791213095188,6.05125951766968,3.1634122133255,1008.6793089509,27.6378850340843,94.6743115782738,20.2456305623055,278.896713078022,27.6293178796768,3.88946098089218,0,3.24509939551353,0,19.0870848596096,0.822323739528656,8.45525804162025,0,27.1937764286995,0,5.11840957403183,0,28.9340794682503,9.62218111753464,767.117496222258,0.730202972888947,183.76209384203,0,44.0691969692707,0,56.5148330330849,0,24.7049903571606,0,69.8690890967846,9.39685171842575,369.896977722645,1.35771560668945,2220.52674710751,29.0754762589931,2845.61699566245,4.03946357965469,0,72.1694866120815,1069.78928804398,35.1744900941849,2.81446796655655,0,31.637384057045,0,45.9325742125511,0,32.537233799696,1.18210399150848,86.8829698562622,4.28966653347015,96.3745562434196,16.3005633950233,86.3679403066635,168.21161454916,56.6017179489136,107.413641482592,116.22463324666,58.4463540315628,58.2283992767334,33.8633886277676,47.5747838318348,34.7727548480034,56.5943720936775,44.3013866245747,76.6274424791336,165.838486969471,176.771926343441,114.683030098677,36.0498343706131,37.189091026783,70.4736081659794,26.8875873684883,28.4865230619907,2.7955107986927,11.8126962184906,10.5092982053757,6.5607428252697,42.884022295475
12.6641610264778,1242.74646911025,18.601076990366,920.516206920147,0,45.8721617162228,15.374773979187,595.91136610508,0,74.1181569397449,0,123.496992409229,9.43924129009247,179.356982558966,0,109.228522062302,0,97.9022251367569,105.769050359726,784.068964004517,21.9135283231735,11.8896510004997,36.0206246376038,386.641591221094,0,20.0381229221821,0,15.2323379516602,1.28261685371399,37.8643840253353,15.8510310053825,30.6682786047459,2.93946897983551,29.0931877791882,12.2279644012451,9.39227294921875,93.0437231361866,571.544165760279,17.887631893158,54.779543787241,29.8485114574432,519.673622190952,16.7250834703445,37.6813167631626,1.38963848352432,63.2409342229366,11.5081089138985,80.117366194725,0,44.5470558404922,0,84.8993457853794,0,2.96461540460587,11.1534512639046,80.4174570143223,2.36079341173172,838.782670557499,0,181.52746757865,0,45.039440959692,0,108.113696187735,0,74.9422264099121,22.0344069302082,111.283417373896,17.6133021712303,128.905817121267,46.3681362271309,2800.05977150798,62.5751709342003,1341.72999078035,72.1694866120815,0,49.4042029976845,708.470491945744,0,15.184550344944,0,114.010573774576,7.03271484375,13.4941013455391,4.02689278125763,91.1429688036442,43.7045670747757,70.0774679780006,42.1876430809498,107.634357154369,145.01789060235,90.6884446442127,51.2593874633312,72.262972176075,31.8468461334705,153.564091742039,70.900648444891,20.6793411672115,63.612223058939,21.296350300312,42.0240463912487,24.4610421359539,77.1176636815071,160.346221804619,76.0121361017227,161.94917473197,30.2003150582314,34.0969972014427,42.2872154116631,16.2765021324158,18.9574493169785,3.58874368667603,5.16377273201942,5.23130145668983,4.98602536320686,40.4175733625889
5017.69510662556,176.061637550592,2016.17770653963,80.5366193950176,89.1938569545746,0,2019.14450067282,59.2609752416611,93.2795356810093,0,477.410682320595,16.4208040237427,1113.90852236748,2.68867611885071,328.638450920582,0,229.923487007618,7.14475575089455,3221.18562030792,563.416409641504,15.6959644556046,0,422.312053531408,47.420064330101,15.445052921772,0,1.80603277683258,1.10524308681488,487.400195389986,8.42449131608009,80.3453850448132,74.7324280738831,136.978512853384,205.64932975173,146.577715963125,103.921598911285,3843.57079547644,266.765642255545,263.833834201097,57.4785208106041,250.889266133308,8.09567713737488,194.573293566704,89.8950532078743,159.343068808317,33.6593497991562,603.473405092955,80.5846256017685,402.349528491497,18.8873562812805,580.764043837786,4.76033675670624,51.0563913285732,0.672042787075043,169.157266646624,30.2376761734486,4402.38822808862,551.33753117919,2301.58247852325,181.791429191828,522.221344083548,59.8350184261799,699.125578731298,160.803635001183,205.736420094967,5.80560809373856,1160.89530545473,707.99510076642,5182.01415285468,404.814766734838,6175.87272518873,112.253377169371,2442.80008852482,58.6951102018356,1069.78928804398,49.4042029976845,0,570.418974965811,26.3823826313019,5.51005220413208,531.282798796892,161.628058642149,70.9866680502892,2.3626561164856,546.301188617945,37.8136478364468,81.3861916363239,0.529789984226227,273.02519056201,23.8671948313713,184.637541413307,90.654765099287,175.617784678936,92.3997721672058,764.606428176165,120.924190938473,488.895012557507,23.3174991607666,63.4919437468052,15.6518024802208,152.560240030289,20.957504093647,233.249907761812,101.433661103249,791.25074800849,254.195674806833,84.4570574760437,35.2303469777107,476.139323323965,641.596204519272,46.8456757962704,12.3594555258751,33.5725494623184,43.6978165209293,17.0627619922161,201.598580598831
72.6979693174362,5780.62021014094,29.5268697142601,3437.07013839483,0,71.8696443736553,38.7210548520088,2185.8532526195,0,88.7647252976894,1.312171459198,426.562505334616,1.54139196872711,464.306462913752,0,131.268622547388,0.548081696033478,181.492861628532,572.597909837961,4252.67531302571,3.92720657587051,13.6372717022896,28.677849650383,704.726370185614,0,22.423976033926,0,20.4632027745247,10.2460739314556,98.214387178421,30.7854380607605,49.9981674551964,124.525631785393,277.517283022404,114.845253586769,131.586478203535,215.603974968195,3957.86288258433,29.0656774044037,216.959322482347,5.55837988853455,111.504006922245,118.748068958521,253.788881510496,21.7031578123569,368.492102533579,60.2807666957378,1054.53453785181,6.4202094078064,249.381926178932,16.3708193898201,316.110389918089,1.80769419670105,39.6269395947456,3.65745067596436,203.506332993507,50.460253059864,4260.15893980861,202.245648622513,1127.57183635235,21.2431619167328,292.214873164892,19.4187973737717,732.786662817001,14.4495968222618,354.471487045288,441.757412016392,1220.7009049952,323.741875290871,2351.00141277909,185.942670345306,8640.66069808602,44.1511507332325,922.97427803278,35.1744900941849,708.470491945744,570.418974965811,0,1.25594532489777,12.3129168450832,24.0224007368088,591.554963260889,2.75897812843323,50.4096648097038,6.26968088746071,306.336718887091,2.49823194742203,45.7151002585888,3.66131198406219,202.780513614416,61.8013545572758,193.188464134932,43.218028396368,328.202784180641,135.195664286613,862.524197816849,83.997436106205,33.2653879821301,29.8664211034775,41.0800321400166,34.3299476504326,27.864064514637,62.2172942459583,268.877750396729,236.842236846685,853.786501646042,36.1652434766293,71.164251178503,765.390248000622,815.496120691299,62.9052256345749,12.4198927283287,35.1403194069862,63.0256745517254,65.8551642894745,194.328011721373
13.4640292525291,0.750786185264587,1.09252226352692,0,0,0,2.24072998762131,0,1.64351224899292,0,8.27282065153122,0,10.7096138596535,0,0.577449142932892,0,503.113255232573,0,0.97039008140564,0,0,0,0,0,0,0,0,0,518.871701866388,0,0,0,1.23311018943787,1.45074832439423,2.22352993488312,1.88647437095642,1.51205933094025,0,0,0,0,0,1.00976765155792,0,0,0,0,0,0.64035952091217,0,4.482137799263,0,0,0,0,1.57921993732452,176.094955921173,0.813886165618896,42.3447704613209,0,25.9076172709465,0,104.143566668034,0,6.55231887102127,0,8.76566058397293,3.88587987422943,5.71315276622772,0,6.41331315040588,1.77208566665649,40.0403376221657,0,2.81446796655655,0,26.3823826313019,1.25594532489777,0,0,745.326296627522,0,5.72392570972443,0,23.7614589333534,0,0,0,2.36633133888245,0,0,0,0,0,0,0,0.867781519889832,0,0,0,0,0,0,0,0,0,1.33041763305664,0,0,0,0,0,0,0,0,0
0,6.38661462068558,0,0.580442368984222,0,0,0,1.99178969860077,0,0,0,1.94098100066185,0,1.31871199607849,0,0,0,358.797138780355,0,1.64419281482697,0,0,0,0,0,0,0,0,0.771679580211639,297.205462872982,0,0,0,2.62219321727753,0,0,0.498119205236435,7.12360996007919,0,0,0,0,0,0.789463579654694,0,3.49719828367233,0,2.43740552663803,0,3.84292984008789,0,4.11660727858543,0,0,0,0,0,145.074618935585,2.9211260676384,52.9782699644566,2.12294936180115,10.4643470346928,0,120.471922338009,0,3.46318435668945,0.704794943332672,20.4569165408611,0,2.73104059696198,0,1.87729305028915,0,248.841472148895,0,15.184550344944,5.51005220413208,12.3129168450832,0,0,0,1032.80342051387,0,22.0228320360184,0,9.37820374965668,0,1.25246262550354,0,1.81143057346344,0,0,0,0,0,5.81320035457611,0,0,0,0,0,0,0,0,0,0,0,0,0,0,0,0,0,0,0,0
122.625252604485,0,13.2368265092373,0,6.80528977513313,0,16.27090716362,0,13.397913813591,0,379.970058500767,0,273.187401622534,0,59.4515101909637,0,1948.96540099382,0,2.14401042461395,0,1.18820977210999,0,6.01746690273285,0,1.38574570417404,0,1.33207994699478,0,1484.34163326025,0,0,0,7.84583228826523,2.69090390205383,35.8163862228394,42.4939914941788,246.544648945332,18.1723494529724,37.3126918375492,0,12.98508939147,0,104.256877750158,1.85729563236237,91.1673088669777,0,151.831336677074,1.48707449436188,316.531034260988,0,663.601391673088,0,46.1859283745289,0,54.4559543132782,0,409.808757603168,2.6776362657547,815.024479925632,3.487144947052,280.081433773041,0,2194.16145068407,0,153.938928663731,0,233.281753212214,13.8344879746437,9.05564621090889,0.694389641284943,79.0255012512207,4.06723880767822,607.275283128023,1.75630271434784,31.637384057045,0,531.282798796892,24.0224007368088,745.326296627522,0,0,2.49843126535416,1461.4237742722,0,4990.58919340372,0,67.8160203099251,0,140.504617601633,0,15.6284279823303,0,0,0,14.8068459033966,0,7.23510518670082,0,5.98103439807892,0,0,0,0,0,0,0,1.22969138622284,0,0,3.50203943252563,0,0,0,0,0,0
0,73.3515730202198,0,34.1697054505348,0,4.51179701089859,0,125.343295693398,0,0,0,567.327912569046,0,384.414946317673,0,11.3948675990105,1.86001074314117,705.669053018093,0,13.9251872301102,0,0,0,1.2507472038269,0,0,0,0,0,721.693338543177,0,0.60344272851944,24.5026269257069,36.1685783267021,45.3479194641113,21.8985028862953,35.1356535553932,323.46874538064,0,18.1885948777199,0,12.5254157185555,16.7095916867256,81.0895746350288,1.03537356853485,133.931104183197,3.94204449653625,104.540082514286,0,169.270182937384,0.94005411863327,343.128362745047,0,23.6636553704739,0,73.3281410336494,8.60568642616272,429.13433739543,8.59210252761841,929.256516128778,2.9382199048996,295.77154648304,1.98438888788223,2821.99382156134,0,1115.72981974483,35.7256074547768,427.500020027161,2.45898997783661,32.2320781350136,9.97189474105835,102.593665868044,2.72640705108643,1209.05505669117,0,114.010573774576,161.628058642149,591.554963260889,0,1032.80342051387,2.49843126535416,0,0,1789.43967682123,0,7544.75441333652,0,246.918448388577,0,558.094233095646,0,6.17208981513977,0,0,0,13.6102074980736,0,2.03675478696823,0,3.207166492939,0,0,0,0,0,0,0,0,0,2.161785364151,0,0,0,0,0,0
27.0944482982159,0,15.6956016421318,0,95.6356768012047,0,12.2922255992889,0,102.152825325727,0,35.7034296989441,0,27.3418321013451,0,432.05309382081,0,92.4831404089928,0,19.0484901070595,3.84933841228485,10.992341697216,0,3.921271443367,0,2.49390721321106,0,27.2501887083054,0.478703260421753,1410.16403111815,0,6.19391012191772,0,0.945734798908234,1.5429379940033,8.08480954170227,0,356.525351792574,3.82935214042664,215.21706789732,0,1136.37194445729,11.4757593274117,39.2507454752922,0,3.15784093737602,0,126.575613796711,0,21.5755661725998,0,83.4385402202606,0,6.83664435148239,0,123.897225350142,0,23.8088965415955,0,27.3261935412884,0,39.4265408217907,0,59.2532726824284,0,7.91328811645508,0,10.8760026395321,0,8.16126561164856,0,76.6984484493732,9.28845936059952,466.026368945837,4.62694710493088,45.9325742125511,7.03271484375,70.9866680502892,2.75897812843323,5.72392570972443,0,1461.4237742722,0,0,0,760.633406281471,0,1159.77344542742,0,246.881179362535,0,1.72930485010147,0,0,0,2.17652428150177,0,4.71335944533348,0,3.39058524370193,0,0,0,0,0,1.04175865650177,0,0,0,0,0,0,0,0,0,0,0
0,0,0,0,1.46606376767159,396.639588952065,0,0.628817617893219,1.09267282485962,46.1139283776283,0,0,0,2.69774836301804,0.600492000579834,230.354344189167,0,4.26774579286575,0,0,1.23877787590027,205.524038940668,0.622955322265625,1.61027669906616,1.58277010917664,5.88790583610535,3.95208698511124,130.349623292685,0,653.23286318779,2.16805565357208,3.6687645316124,0,0,0,0.849423408508301,2.31167584657669,235.334040820599,0,309.233744770288,0,1230.73433989286,0,22.2938961386681,0,1.25937110185623,0,51.2961723804474,0,7.03983125090599,0,38.8375172019005,0,3.93811729550362,0,85.6934745311737,0,2.97515136003494,0,15.4703155755997,0,2.57135060429573,0,10.4413703083992,0,16.8341733813286,0,11.3030812442303,0,0,3.92756062746048,26.464529633522,1.2606326341629,833.812653034925,0,13.4941013455391,2.3626561164856,50.4096648097038,0,22.0228320360184,0,1789.43967682123,0,0,0,641.996847033501,0,624.687510401011,0,122.353086978197,0,0,0,0,0,3.65812331438065,0,0,0,0.925745964050293,0,0,0,0,0,0,0,0,0,0,0,0,0,0,0,0
2177.12246802449,0,24.7022460699081,0,94.5340503454208,0,434.415743082762,0,71.8472252488136,0,1020.9380107522,0,610.317170292139,0,227.696074426174,0,432.068369269371,0,8.10138124227524,0,1.85578280687332,0.717707872390747,6.3229044675827,0,4.9834500849247,0,10.3331388235092,0,509.49057674408,0,0.684479296207428,0,2.65030974149704,2.36942028999329,40.5675914883614,16.6264786124229,445.96935287118,6.67277669906616,83.5680738389492,0,58.4720701575279,7.24451392889023,287.640641629696,2.20977658033371,162.745283693075,2.1613757610321,683.886545330286,0,549.654767006636,0,4110.92580232024,0,490.086144298315,0,439.266401648521,0,1171.10160300136,0,625.797114789486,1.9298083782196,547.109515845776,0,1240.22277125716,0,6012.00102475286,0,188.797474473715,16.7939948439598,0.674814879894257,0,144.134219408035,3.92695039510727,488.263402968645,0,32.537233799696,4.02689278125763,546.301188617945,6.26968088746071,23.7614589333534,0,4990.58919340372,0,760.633406281471,0,0,0,425.665108174086,0,6867.01735791564,0,38.1709132790565,0,0,0,9.24855977296829,0,15.2461796104908,0,30.1991553902626,0,0,0,0,0,0,0,0,0,0,2.21883720159531,0,0,0,0,0,0
0,363.899586707354,0,66.8730228543282,0,76.5715181231499,0,823.37130650878,0,11.9309003949165,0,489.723693668842,0,311.132827043533,0,68.5149526596069,0,71.1063448786736,0,12.7148201465607,0,3.72723114490509,0,1.86721396446228,0,1.14029240608215,0,8.18768697977066,0,230.952070444822,0,0.971049726009369,0,9.78117084503174,10.1644940376282,10.7980136871338,9.69226109981537,562.775197148323,0,70.1197936534882,2.60807776451111,98.3408627212048,47.6426413357258,211.961067527533,1.68357753753662,112.857389479876,0,472.323886364698,0,168.684590488672,0,3750.45946770906,0,423.515551835299,0,479.882485836744,0,79.5322222411633,0,294.760674715042,0,191.655236661434,0,523.007595062256,0,2804.34086930752,3.80036270618439,140.743306964636,0,2.37814432382584,3.43482291698456,221.241130292416,3.34997713565826,868.387034654617,1.18210399150848,91.1429688036442,37.8136478364468,306.336718887091,0,9.37820374965668,0,7544.75441333652,0,641.996847033501,0,0,0,1182.50074052811,0,7415.02417114377,0,15.4492662549019,0,0,0,15.2346191108227,0,0,0,26.3582964539528,0,0,0,0,0,0,0,0,0,0,0,0,0,0,0,0
0,0,1.20641335844994,0,84.4735452234745,0,1.62228327989578,0,46.6328245401382,0,0,0,4.3523696064949,0,116.396320343018,0,0.668078362941742,0,0,0,25.8405523896217,0.709804713726044,0.997653424739838,0,6.84605240821838,0,25.878021389246,0.887347280979156,440.639185786247,0,2.02042043209076,0,0,0,5.30410844087601,2.05013465881348,980.478764027357,9.58730554580688,327.50679782033,0,1261.86609843373,53.9022870361805,20.3412547409534,0,1.1862308382988,0,172.710290819407,0,1.99357464909554,0,24.7622140049934,0,10.5939321815968,0,497.022944003344,1.17789769172668,0,0,1.15281683206558,0,0,0,1.83820378780365,0,3.43684178590775,0,12.3843216896057,0,0,0,43.4373315870762,18.4328590035439,170.119186878204,4.57048499584198,86.8829698562622,43.7045670747757,81.3861916363239,2.49823194742203,0,0,67.8160203099251,0,1159.77344542742,0,425.665108174086,0,0,0,1711.66277241707,0,2.38367593288422,0,0,0,1.60735827684402,0,0.782939255237579,0,0.784311234951019,0,0,0,0,0,0,0,0,0,1.45231193304062,1.52171817421913,0.50184953212738,0,0,0,0,0
0,0,0,3.58434438705444,0,222.345950752497,0,1.49577206373215,0,44.8986006975174,0,0,0,2.36384677886963,0,138.832882463932,0,0,0,0,4.83415412902832,64.0015610158443,0,4.73494663834572,0.740082561969757,3.31439566612244,0.739776968955994,37.098178088665,0,148.776281028986,0.4632827937603,0.521307528018951,0,0,0.960879147052765,1.94238209724426,12.2060213685036,559.795192927122,0,343.064162731171,17.5444203615189,1455.84971034527,0.848030805587769,20.9056029319763,0,2.80715721845627,0,56.445990562439,0,2.73291754722595,0,14.0014141798019,0,10.0503687560558,0,434.112173646688,0,0.421783119440079,0,2.44718000292778,0,1.24880313873291,0,1.0767765045166,0,6.19034853577614,0,14.1230662465096,0,0,10.2637382745743,47.9661098718643,23.9221327900887,480.734100580215,4.28966653347015,70.0774679780006,0.529789984226227,45.7151002585888,0,1.25246262550354,0,246.918448388577,0,624.687510401011,0,1182.50074052811,0,0,0,1681.17690241337,0,0,0,0,0,2.71968284249306,0,0,0,0,0,0,0,0,0,0,0,0,0,0,0,0,0,0,0,0
638.768616110086,0,2.8305299282074,0,49.5102452337742,0,155.979269653559,0,42.6449901759624,0,198.777653157711,0,105.331854879856,0,80.7751732170582,0,42.6826277971268,0,0.521716117858887,0,12.6861063838005,0,1.53035843372345,0,9.41596066951752,0,12.554714679718,0,165.300011456013,0,0,0,1.53709602355957,0.640809655189514,27.4693319797516,12.8106536269188,1071.4356636703,25.281537771225,326.176549077034,0,295.423475027084,67.9549890756607,285.792535364628,1.22085809707642,100.397926986217,0,1068.10676142573,0.993353366851807,408.12387663126,0,1688.62576431036,0,647.311158180237,0,4366.80321663618,4.7984533905983,431.210750222206,0,163.003141909838,0,94.2689143419266,0,106.519159018993,0,406.500371336937,0,103.810463666916,21.5520454645157,0.486234426498413,0,82.0421213805676,29.7789126336575,214.925792902708,7.59471413493156,96.3745562434196,42.1876430809498,273.02519056201,3.66131198406219,2.36633133888245,0,140.504617601633,0,246.881179362535,0,6867.01735791564,0,1711.66277241707,0,0,0,58.0503723621368,0,0,0,5.97831684350967,0,7.45726281404495,0,45.3123115897179,0,0,0,0,0,0,0,0,0,0,0.496873617172241,0.882472455501556,0,0,0,0,0
0,116.495509028435,0,9.67562186717987,0,48.8104346096516,0,104.634396076202,0,20.9790024757385,0,17.9923630952835,0,11.2086659669876,0,60.8262467384338,0,5.92991924285889,0,0,2.36399418115616,7.24635499715805,0,0.6713707447052,0,2.76593014597893,0,5.06324052810669,0,60.2545225024223,0.628262042999268,0.730318486690521,0,3.49505400657654,17.2494348287582,21.0441654324532,21.6687073111534,1115.91880336404,0,256.997808873653,6.97212886810303,446.392354816198,48.7601600587368,238.809805363417,4.94425940513611,139.716047286987,1.06815421581268,775.154134571552,0,196.467075288296,0,1761.67699694633,0,838.85118418932,0,3217.66411978006,0,25.1946904063225,0,107.757414311171,0,82.7773887515068,0,67.1226182579994,0,723.24219584465,2.91900038719177,88.9335866570473,0,1.11884713172913,19.7810903787613,114.981712341309,21.649690926075,346.332737594843,16.3005633950233,107.634357154369,23.8671948313713,202.780513614416,0,1.81143057346344,0,558.094233095646,0,122.353086978197,0,7415.02417114377,0,1681.17690241337,0,0,0,31.4359118640423,0,0,0,5.91100943088531,0,3.20979943871498,0,37.4629863202572,0,0,0,0,0,0.548547446727753,1.02726995944977,0,0,0,0,0,0,0,0,0
0,0,0,0,0,0,0,0,0,0,0,0,0,0,0,0,0,0,0,0,0,0,0,0,0,0,0,0,9.34019607305527,0,0,0,0,0,0,0.909263372421265,115.228042006493,57.8035482168198,109.499162852764,58.5000054240227,12.6450129151344,0.416393518447876,148.288519561291,0,10.1390979886055,0,576.069524377584,0,68.5735554993153,0,73.5056562721729,0,44.0765361785889,0,151.949906170368,0,0,0,0,0,0,0,0,0,0,0,15.7271672487259,1.38262176513672,0,0,17.6678842306137,23.0525007843971,71.6765473484993,14.7158027887344,86.3679403066635,145.01789060235,184.637541413307,61.8013545572758,0,0,15.6284279823303,0,1.72930485010147,0,38.1709132790565,0,2.38367593288422,0,58.0503723621368,0,0,574.421610951424,2349.64923906326,176.733346372843,328.182115674019,217.005394667387,2122.49384647608,95.8875640332699,2798.47302514315,138.834301918745,615.327438473701,87.7545462846756,405.220059216022,402.830432593822,731.04062461853,151.162183910608,345.722880750895,56.2827335894108,26.368198633194,24.09476557374,95.1213825345039,17.256896674633,28.9490517675877,14.0550483465195,12.2917881608009,23.9972114264965
0,0,0,0,0,0,0,0,0,0,0,0,0,0,0,0,0,0,0,0,0,0.995434999465942,0,0,0,0,0,0,0,8.2581644654274,0,0,0,1.98341488838196,2.77335166931152,0,119.466258615255,120.835364729166,77.8252825438976,38.4301099479198,1.24284482002258,14.5337261557579,64.3011264204979,79.5238790512085,0.705682516098022,13.8230583667755,0,284.090725928545,0,26.1877689361572,0,13.8368185460567,0,35.0462289750576,0,60.126591026783,0,0,0,0,0,0,0,0,0,0,0,1.8008519411087,0,0,18.8505187630653,31.4280604124069,45.6885022819042,57.5338318645954,168.21161454916,90.6884446442127,90.654765099287,193.188464134932,0,0,0,6.17208981513977,0,0,0,15.4492662549019,0,0,0,31.4359118640423,574.421610951424,0,97.4092509746552,2878.27829417586,50.5284697711468,720.47419282794,355.607101023197,812.355166107416,184.220376193523,1896.89590638876,174.878767490387,265.081857264042,177.870791018009,453.804625749588,167.529545009136,953.31871843338,79.9653106331825,440.647839784622,43.5472946166992,35.7664766609669,227.11752936244,30.2078792154789,107.402550667524,9.6274745464325,46.3571810126305,35.4492156803608
0,0,0,0,0,0,0,0,0,0,0,0,0,0,0,0,0,0,0,0,0,0,0,0,0,0,0,0,0,0,0,0,0,0,0,0,49.550378382206,22.9564084410667,27.0799434185028,27.857820391655,0.517411828041077,0,0,0,0,0,0.825526595115662,0,0,0,0,0,0,0,0,0,0,0,0,0,0,0,0,0,0,0,0,0,0,0,7.30058014392853,4.50212949514389,13.7707270383835,1.54433351755142,56.6017179489136,51.2593874633312,175.617784678936,43.218028396368,0,0,0,0,0,0,0,0,0,0,0,0,2349.64923906326,97.4092509746552,0,43.8135558068752,291.645622760057,69.4345678687096,724.253875136375,29.4460060894489,307.125303417444,30.8469431102276,1488.98264229298,26.9964115619659,797.105132192373,113.957452982664,763.430985480547,64.6435636878014,181.969721019268,34.455178976059,25.8436596989632,36.409228593111,88.8364044427872,22.9211986064911,66.7099135518074,8.18263331055641,3.70627009868622,15.8105551302433
0,0,0,0,0,0,0,0,0,0,0,0,0,0,0,0,0,0,0,0,0,0,0,0,0,0,0,1.12797605991364,0,1.07900989055634,0,0,0,0,0,0,73.9799900949001,45.6431830525398,22.5552080571651,46.7309698462486,0,2.33074635267258,0,0,0,0,0.855785518884659,5.1287442445755,0,0,0,0,0,0,0,0,0,1.94446504116058,0,0,0,0,0,0,0,0,0,0,0,0,6.82177126407623,39.9315270483494,16.7766810357571,13.9305744767189,107.413641482592,72.262972176075,92.3997721672058,328.202784180641,0,0,0,0,0,0,0,0,0,0,0,0,176.733346372843,2878.27829417586,43.8135558068752,0,48.7797483503819,376.131869614124,181.38703840971,335.602650403976,91.148010134697,233.854131191969,53.2490485310555,597.272132396698,107.135442316532,1058.1145888567,140.876209825277,1382.62068909407,72.9727927446365,332.916333705187,99.6272501647472,68.1749199032784,367.848195821047,35.6646767258644,141.71984487772,26.7589051425457,77.5275271236897,80.8404265940189
136.854368239641,3.40426504611969,33.2486802339554,1.16812908649445,1.27998965978622,0,22.9571618139744,2.34567850828171,1.06209912896156,0,7.87823456525803,1.12082195281982,9.38927447795868,0,5.70931231975555,0,8.22520124912262,0,53.3342969715595,0.891726315021515,0.586431205272675,0,2.44644999504089,0,0,0,0.447151958942413,0,9.72204983234406,0,0,0.651057779788971,0,0,4.7471626996994,3.04133915901184,101.219092458487,1.82156920433044,27.8945491015911,7.89703732728958,4.99190095067024,0,14.234167098999,0,6.85481569170952,0,38.8693350553513,3.0381680727005,19.0889278650284,0,25.3762263655663,0,0,0,4.95032429695129,0,156.966636657715,0,87.1253409981728,0,9.42390048503876,0,32.2755783200264,0,5.57722622156143,0.733855843544006,16.0365295410156,0,99.4314023852348,0,94.3491419255733,12.868821144104,94.9987740516663,2.57247430086136,116.22463324666,31.8468461334705,764.606428176165,135.195664286613,0,0,14.8068459033966,0,2.17652428150177,0,9.24855977296829,0,1.60735827684402,0,5.97831684350967,0,328.182115674019,50.5284697711468,291.645622760057,48.7797483503819,0,132.386641234159,1232.8870433867,18.8002617955208,129.717309474945,12.4296741187572,168.131710141897,5.80374854803085,285.878686010838,39.4819628894329,541.772322058678,131.92605856061,126.814302176237,22.1121246814728,118.653274446726,798.844560354948,253.281557440758,20.3544740080833,75.3408147394657,76.1793856024742,18.1486634612083,74.924637645483
2.86654758453369,245.105211883783,2.26251459121704,134.344198167324,0,0,0,42.1706817150116,0,3.41442459821701,1.33733701705933,17.8574841022491,1.17071461677551,6.71110221743584,1.6186910867691,0,0,12.0457053184509,0,117.93137049675,0,0.541339695453644,0,13.3040875792503,0,0,0,0.799650549888611,0.790619075298309,6.92477190494537,0,1.39647877216339,0,6.62222999334335,8.14274948835373,14.9669004678726,52.3061656355858,150.297487646341,47.1118393838406,43.4190083742142,1.1266753077507,10.2693393230438,0.504017114639282,28.3012244999409,0.573030650615692,27.8498464226723,3.35056287050247,46.8024705648422,0,33.1425494253635,0,42.748123049736,0,3.86795827746391,0,10.8393631875515,2.85246592760086,241.542661517859,1.7874436378479,112.385352164507,0.648354828357697,14.233079969883,0,31.0880104005337,0,26.1134837865829,1.08529341220856,74.3994154036045,0,45.9405670166016,13.3774318993092,133.98504036665,28.3490446209908,73.4281940758228,58.4463540315628,153.564091742039,120.924190938473,862.524197816849,0,5.81320035457611,0,13.6102074980736,0,3.65812331438065,0,15.2346191108227,0,2.71968284249306,0,5.91100943088531,217.005394667387,720.47419282794,69.4345678687096,376.131869614124,132.386641234159,0,140.121512621641,1295.18639051914,67.3311244547367,350.341884851456,63.5169433057308,51.5448534786701,86.8768571615219,271.462711274624,111.720591217279,395.973910361528,52.0992360413074,140.976524621248,113.616587758064,611.37149053812,201.14562946558,15.9281749129295,37.14470744133,38.5772694349289,18.7615720927715,30.7818692922592
8.98245984315872,0,0,0,0,0,0,0,0,0,0.499789208173752,0,1.6607831120491,0,0.852056860923767,0,1.47992432117462,0,1.74790078401566,0,2.60951936244965,0,0,0,0,0,0,0,5.41973459720612,0,0,0,0,0,0.797353446483612,1.05055284500122,131.924253553152,9.60971772670746,73.9612626731396,41.1991376876831,1.14936685562134,0,26.6129780113697,0,9.99193054437637,0,224.581890881062,0,17.8354811668396,0,28.5973083674908,0,0.505080342292786,0,17.0673476457596,0,17.0913255810738,1.0194616317749,50.622197419405,0,10.4726095795631,0,12.6473284363747,0,0.972880959510803,0,36.4659714698792,1.09634935855865,8.29689514636993,0,32.5494281947613,28.8985592126846,50.9278135597706,13.8524281382561,58.2283992767334,70.900648444891,488.895012557507,83.997436106205,0.867781519889832,0,7.23510518670082,0,4.71335944533348,0,15.2461796104908,0,0.782939255237579,0,7.45726281404495,0,2122.49384647608,355.607101023197,724.253875136375,181.38703840971,1232.8870433867,140.121512621641,0,68.280132651329,2266.03907746077,67.6760551333427,535.031278252602,62.5211070775986,574.062115192413,261.143924057484,732.948532551527,122.42693066597,306.390505641699,42.609504699707,56.740601927042,255.979061901569,696.061659157276,75.8741687238216,125.228738963604,63.9613299369812,14.1650057733059,48.3334364593029
0,0.561366260051727,0,0,0,0,0,0,0,0,0,0,0,0,0,0,0,0,0,0,0,0,0,0,0,0,0,1.12388730049133,2.08123755455017,2.44520103931427,0,0,0,0,0,0,26.4225308001041,14.5902911126614,10.2403606176376,32.8509249687195,0,1.06774950027466,1.43226110935211,7.3058340549469,0.9106405377388,4.7881338596344,0,24.0178902447224,0,1.04084631800652,0,4.10304927825928,0,3.03288087248802,0,95.0710057020187,0,0,0,2.22114709019661,0.655326008796692,0,0,1.62930393218994,0,0,0,3.21024113893509,0,0,7.69792968034744,10.2478311955929,5.59513285756111,6.86522924900055,33.8633886277676,20.6793411672115,23.3174991607666,33.2653879821301,0,0,0,2.03675478696823,0,0,0,0,0,0,0,3.20979943871498,95.8875640332699,812.355166107416,29.4460060894489,335.602650403976,18.8002617955208,1295.18639051914,68.280132651329,0,33.1245907843113,1789.7007663548,32.5823408663273,39.1609793007374,42.9386345148087,131.922325730324,30.9408268630505,179.163937449455,15.6174428164959,261.705173671246,8.50562611222267,56.5025349855423,438.910695970058,102.878497838974,159.159801065922,41.1274239420891,9.72281670570374,8.59594491124153
0.695351481437683,0,0,0,0,0,1.45538341999054,0,0,0,0,0,0,0,0,0,0,0,0,0,0,0,0,0,0,0,0,0,8.40169459581375,0,0,0,0,0,0,0,70.4548618197441,16.6353207230568,39.4302354753017,18.2476638257504,1.6997235417366,0,189.77224946022,0,7.10182002186775,0.701054155826569,879.869932174683,0,11.8093212246895,0,14.2439368367195,0,12.518748819828,0,52.0398681759834,0,1.49211049079895,0,0.575335919857025,0,0,0,0,0,0,0,11.1287537813187,0,0,0,6.45402675867081,16.6382473111153,47.2469143271446,5.86088019609451,47.5747838318348,63.612223058939,63.4919437468052,29.8664211034775,0,0,5.98103439807892,0,3.39058524370193,0,30.1991553902626,0,0.784311234951019,0,45.3123115897179,0,2798.47302514315,184.220376193523,307.125303417444,91.148010134697,129.717309474945,67.3311244547367,2266.03907746077,33.1245907843113,0,57.129363656044,148.804041147232,37.8701213300228,100.547704815865,179.747910022736,158.110297709703,65.2445187270641,146.191356688738,23.8293078839779,10.3037562072277,4.76700669527054,78.6455405652523,43.3699727356434,17.9324844181538,18.6504089832306,3.23416095972061,2.89091065526009
0,0,0,0,0,0,0,0,0,0,0,0,0,0,0,0,0,0,0,0,0,0,0,0,0,0,0,0,1.55510580539703,11.5503723025322,0,0,0,0,0.86162406206131,2.15945959091187,26.5040032863617,44.5745168626308,20.579309463501,20.1533723771572,0,3.5638707280159,29.5317967534065,52.3276948332787,1.71350371837616,14.5002331733704,1.07808876037598,377.714153856039,0,7.11427754163742,0,2.4451562166214,0,5.26748168468475,0,58.5488876104355,0,1.5619740486145,0,0,0,1.44237756729126,0,0,0,0,2.37778997421265,2.31545865535736,0,0,2.02637755870819,6.9644555747509,6.64726331830025,43.5430854558945,34.7727548480034,21.296350300312,15.6518024802208,41.0800321400166,0,0,0,3.207166492939,0,0.925745964050293,0,26.3582964539528,0,0,0,37.4629863202572,138.834301918745,1896.89590638876,30.8469431102276,233.854131191969,12.4296741187572,350.341884851456,67.6760551333427,1789.7007663548,57.129363656044,0,46.608214110136,60.4907730817795,50.455719858408,143.435613512993,57.8671844303608,145.728966444731,22.239942908287,400.310698777437,5.10565811395645,5.57999601960182,113.001630455256,57.7345609664917,170.312612533569,33.0995491445065,5.94439244270325,5.27477684617043
0,0,0,0,0,0,0,0,0,0,0,0,0,0,0,0,0,0,0,0,0,0,0,0,0,0,0,0,0,0,0,0,0,0,0,0,43.0703583657742,18.6485085785389,34.423881649971,18.5935506820679,0,1.18997144699097,0,0,0,0,1.2591609954834,0,0,0,0,0,0,0,0,0,0,0,0,0,0,0,0,0,0,0,0,0,0,0,7.46695521473885,11.5426381528378,16.017491877079,5.04757684469223,56.5943720936775,42.0240463912487,152.560240030289,34.3299476504326,0,0,0,0,0,0,0,0,0,0,0,0,615.327438473701,174.878767490387,1488.98264229298,53.2490485310555,168.131710141897,63.5169433057308,535.031278252602,32.5823408663273,148.804041147232,46.608214110136,0,35.9785659611225,2112.6690993607,176.380440086126,792.453818798065,83.2810028195381,275.820187091827,37.5191407203674,22.5327406227589,18.3845357298851,65.213025957346,9.65409353375435,23.4175181686878,8.90084996819496,6.68388682603836,8.48827204108238
0,0,0,0,0,0,0,0,0,0,0,0,0,0,0,0,0,0,0,0,0,0.76326847076416,0,0,0,0,0,0,0,0,0,0,0,0,0,0,27.2393509447575,15.6742730736732,15.9080186486244,18.4087933599949,0,0,0,0,0,0,0,0.451282113790512,0,0,0,0,0,0,0,0,0,0,0,0,0,0,0,0,0,0,0,0,0,0,5.1043004989624,7.71244388818741,17.6910457611084,5.42721951007843,44.3013866245747,24.4610421359539,20.957504093647,27.864064514637,0,0,0,0,0,0,0,0,0,0,0,0,87.7545462846756,265.081857264042,26.9964115619659,597.272132396698,5.80374854803085,51.5448534786701,62.5211070775986,39.1609793007374,37.8701213300228,60.4907730817795,35.9785659611225,0,74.2382282018661,843.042134791613,45.6128780841827,288.456226557493,25.521488904953,211.995971351862,1.59164229035378,5.65568646788597,16.1877218782902,0.551083207130432,5.09598302841187,5.19706779718399,6.84487345814705,6.7811636030674
0,0,0,0,0,0,0,0,0,0,0,0,0,0,0,0,0,0,0,0,0,0,0,0,0,0,0,0,0,3.9449565410614,0,0,0,0,0,0,83.8472827672958,32.6781398653984,75.7950281500816,37.7865998446941,2.74035504460335,0,0,0,0,0,0.51118677854538,0.479612499475479,0,0,0,0,0,0,0,0,0,0,0,0,0,0,0,0,0,0,0,0,0,0,21.4993756711483,7.98048466444016,37.5430003404617,8.81361138820648,76.6274424791336,77.1176636815071,233.249907761812,62.2172942459583,0,0,0,0,0,0,0,0,0,0,0,0,405.220059216022,177.870791018009,797.105132192373,107.135442316532,285.878686010838,86.8768571615219,574.062115192413,42.9386345148087,100.547704815865,50.455719858408,2112.6690993607,74.2382282018661,0,353.875592321157,6597.23997575045,147.030200570822,565.708954036236,56.3789681494236,86.4785242080688,168.555690526962,463.264388352633,86.1554435193539,198.762569993734,641.987985283136,371.704085111618,80.7734255194664
0.985117137432098,0,0,0,0,0,0,0,0,0,0,0,0,0,0,0,0,0,0,0,0,0,0,0,0,0,0,0,2.83319449424744,3.78058183193207,0,0,0,0,0,0,95.6527153253555,74.8444652557373,51.0973982810974,98.2575963139534,1.07465726137161,1.33905193209648,0,0,0,0,0,0.877945065498352,0,0,0,0,0,0,0,0,0,0,0,0,0,0,0,0,0,0,0,0,0,0,21.0232881903648,57.2216654717922,43.9622902572155,19.5092583298683,165.838486969471,160.346221804619,101.433661103249,268.877750396729,0,0,0,0,0,0,0,0,0,0,0,0,402.830432593822,453.804625749588,113.957452982664,1058.1145888567,39.4819628894329,271.462711274624,261.143924057484,131.922325730324,179.747910022736,143.435613512993,176.380440086126,843.042134791613,353.875592321157,0,247.933195650578,5105.13689252734,123.243789941072,638.99476531148,73.556054443121,59.5369607508183,304.84889253974,34.7561456561089,107.609966307878,217.746947854757,299.315117061138,66.3622825741768
11.5337160229683,0,0,0,0,0,0.959233045578003,0,0,0,1.68203037977219,1.5169506072998,1.26164412498474,1.00740671157837,0,0,0,0,0.728818714618683,0,0,0,0,0,0,0,0,0,4.09662872552872,3.93030953407288,0,0,0,0,0,0,106.458259046078,22.6953706741333,59.2633608877659,21.4437816143036,6.3357498049736,0,0,0,0,0,3.76189494132996,2.76787447929382,0,0,0,0,0,0,0,0,11.6018883883953,0,0.948170274496078,0,1.81094533205032,0,5.77849590778351,0,0,0,0,0,2.84204375743866,0,95.6256986260414,44.8024571537971,101.455494970083,6.83954423666,176.771926343441,76.0121361017227,791.25074800849,236.842236846685,0,0,0,0,1.04175865650177,0,0,0,0,0,0,0,731.04062461853,167.529545009136,763.430985480547,140.876209825277,541.772322058678,111.720591217279,732.948532551527,30.9408268630505,158.110297709703,57.8671844303608,792.453818798065,45.6128780841827,6597.23997575045,247.933195650578,0,542.288184404373,717.461090296507,61.1566004753113,177.375510931015,127.495087623596,308.347336769104,39.4383783936501,83.4431098997593,77.7334607243538,347.090181261301,269.885411143303
1.93186986446381,16.9708776175976,0,2.70439183712006,0,0,0.768914997577667,1.60072028636932,0,0,0,0,0,0,0,0.679094076156616,0,0,0,11.8744646608829,0,0,0,0,0,0,0,0,2.06860971450806,3.98812597990036,0,0,0,1.13254880905151,0,1.09213161468506,63.3577644824982,38.2045995891094,21.8918336629868,45.5624743402004,2.66647434234619,3.24918258190155,0,0,0,0,2.87391424179077,4.03656202554703,0,0,0,0.693636298179626,0,0,0,0,0,7.32761234045029,0,1.82955694198608,0,0,0,0.613608360290527,0,0.503428041934967,0,0,0,0,33.6167327463627,149.375040084124,45.247899979353,23.3082073926926,114.683030098677,161.94917473197,254.195674806833,853.786501646042,0,0,0,0,0,0,0,0,0,0,0,0.548547446727753,151.162183910608,953.31871843338,64.6435636878014,1382.62068909407,131.92605856061,395.973910361528,122.42693066597,179.163937449455,65.2445187270641,145.728966444731,83.2810028195381,288.456226557493,147.030200570822,5105.13689252734,542.288184404373,0,78.6791686415672,476.763196051121,206.575256407261,160.13143402338,310.571761310101,34.7306635379791,120.015221506357,178.469374239445,1343.4140022099,299.929141968489
0,0,0,0,0,0,0,0,0,0,0,0,0,0,0,0,0,0,0,0,0,0,0,0,0,0,0,0,0.803018152713776,0,0,0,0,0,0,0,33.4066652059555,11.3395773172379,24.2860661745071,7.25794732570648,0,0,0,0,0,0,2.54430860280991,0,0,0,0,0,0,0,0,0,5.46608904004097,0,1.02956998348236,0,0,0,4.51936942338943,0,0,0,1.38328397274017,0,2.84875518083572,0,14.9168719053268,10.6796788573265,21.0351497232914,5.66319859027863,36.0498343706131,30.2003150582314,84.4570574760437,36.1652434766293,1.33041763305664,0,1.22969138622284,0,0,0,0,0,0,0,0,1.02726995944977,345.722880750895,79.9653106331825,181.969721019268,72.9727927446365,126.814302176237,52.0992360413074,306.390505641699,15.6174428164959,146.191356688738,22.239942908287,275.820187091827,25.521488904953,565.708954036236,123.243789941072,717.461090296507,78.6791686415672,0,42.3384660482407,32.0862655639648,13.8866195976734,53.5045229792595,9.83939760923386,20.611926227808,18.3756130337715,6.81293654441833,20.1353616118431
1.89617943763733,1.42797517776489,0,0,0,0,0,0,0,0,0,0,0,0,0,0,1.1589173078537,0,0,0,0,0,0,0,0,0,0,0,2.61487305164337,0,0,0,0,0,1.9021931886673,0,23.2810033559799,19.7798989415169,13.605001449585,16.3823416531086,0,0,0,0,0,0,0,0,0,0,0,0,0,0,0,0,1.1691507101059,3.88536202907562,0,0,0,0,0,2.90776669979095,0,0,0,1.35336077213287,0,0,23.074757874012,26.2600303888321,10.4671622514725,6.85949051380157,37.189091026783,34.0969972014427,35.2303469777107,71.164251178503,0,0,0,0,0,0,0,0,0,0,0,0,56.2827335894108,440.647839784622,34.455178976059,332.916333705187,22.1121246814728,140.976524621248,42.609504699707,261.705173671246,23.8293078839779,400.310698777437,37.5191407203674,211.995971351862,56.3789681494236,638.99476531148,61.1566004753113,476.763196051121,42.3384660482407,0,27.0781613588333,19.392799526453,76.4603954553604,9.7406245470047,19.2044829726219,16.6652757525444,18.2272517383099,28.1548316478729
31.7906242609024,47.8894148766994,9.24936181306839,52.3831743299961,0.556966602802277,0,14.4369013309479,19.5003603696823,0.995537519454956,0,0.692772269248962,5.01799213886261,2.45204722881317,2.56037795543671,4.52761965990067,1.53189450502396,2.79447001218796,2.94719922542572,13.406731069088,48.3026138544083,0,0,1.49212920665741,4.53950124979019,0,0,0,0,2.95654851198196,0,0,1.02200829982758,0,0,0,0,21.4666743278503,6.79405218362808,4.67534428834915,4.49086424708366,1.77781784534454,1.51172655820847,0,0,0,0,0.802970767021179,5.74079713225365,0,0,0,0,0,0,0,0,23.554817378521,14.2951239943504,4.12179514765739,1.01876127719879,1.54729896783829,0,2.44211411476135,0.561939120292664,0,0,1.19599330425262,3.6462060213089,10.4720138311386,3.19304341077805,46.1419650316238,68.4340354204178,48.8194472789764,10.4433797001839,70.4736081659794,42.2872154116631,476.139323323965,765.390248000622,0,0,0,0,0,0,0,0,1.45231193304062,0,0,0,26.368198633194,43.5472946166992,25.8436596989632,99.6272501647472,118.653274446726,113.616587758064,56.740601927042,8.50562611222267,10.3037562072277,5.10565811395645,22.5327406227589,1.59164229035378,86.4785242080688,73.556054443121,177.375510931015,206.575256407261,32.0862655639648,27.0781613588333,0,649.791115373373,261.802409827709,48.0122487545013,97.0091082453728,234.340685486794,71.8664871454239,307.667720675468
23.8002097606659,13.4934617877007,5.68919378519058,10.332382440567,0,0,8.39610242843628,7.9001190662384,0,0,6.37089490890503,1.6322740316391,6.74292969703674,1.45483016967773,2.09398537874222,0,0,0,7.00710093975067,16.2486710548401,0,0,2.18212395906448,0.626683712005615,0,0,0,0,1.83730500936508,1.08245027065277,0,0,0,0,1.64657628536224,0,50.2426718771458,12.3768622279167,7.50559705495834,1.83018451929092,1.76491105556488,0,2.45614024996758,1.98276156187057,0.760286390781403,0,47.0266381502151,62.0863126516342,9.86245012283325,0,6.64441353082657,0.767597854137421,0,0,0,0,22.8605390787125,4.08884310722351,27.0357952713966,4.50610864162445,5.24110597372055,0,7.4589472413063,0.365801274776459,1.38713705539703,0.564172923564911,10.6733905076981,1.90944069623947,21.1825501322746,6.00222969055176,23.8006490767002,25.3053516149521,28.4655331373215,9.4983412027359,26.8875873684883,16.2765021324158,641.596204519272,815.496120691299,0,0,3.50203943252563,2.161785364151,0,0,2.21883720159531,0,1.52171817421913,0,0.496873617172241,0,24.09476557374,35.7664766609669,36.409228593111,68.1749199032784,798.844560354948,611.37149053812,255.979061901569,56.5025349855423,4.76700669527054,5.57999601960182,18.3845357298851,5.65568646788597,168.555690526962,59.5369607508183,127.495087623596,160.13143402338,13.8866195976734,19.392799526453,649.791115373373,0,629.060707390308,41.6055299043655,95.069380491972,202.251358836889,60.423116594553,332.69852283597
1.23403108119965,0,0,0,0,0,0,0,0,0,0,0,0,0,0,0,0,0,0,0,0,0,0,0,0,0,0,0,1.29005551338196,0,0,0,0,0,0,0,20.0126576721668,6.39459991455078,9.26437747478485,7.18652075529099,0,0,0,0,0,0,0,0,0,0,0,0,0,0,0,0,1.17010653018951,0.6171515583992,0,0,0,0,0.931199789047241,0,0,0,0,0,0,0,8.81140318512917,3.39586502313614,0,1.68506586551666,28.4865230619907,18.9574493169785,46.8456757962704,62.9052256345749,0,0,0,0,0,0,0,0,0.50184953212738,0,0.882472455501556,0,95.1213825345039,227.11752936244,88.8364044427872,367.848195821047,253.281557440758,201.14562946558,696.061659157276,438.910695970058,78.6455405652523,113.001630455256,65.213025957346,16.1877218782902,463.264388352633,304.84889253974,308.347336769104,310.571761310101,53.5045229792595,76.4603954553604,261.802409827709,629.060707390308,0,438.585988938808,553.988811790943,618.739616751671,200.51577720046,321.05979603529
0,0,0,0,0,0,0,0,0,0,0,0,0,0,0,0,0,0,0,0,0,0,0,0,0,0,0,0,0,0,0,0,0,0,0,0,0.772011935710907,0,0.672927737236023,2.31502306461334,0,0,0,0,0,0,0.970878660678864,0,0,0,0,0,0,0,0,0,0,0,0,0,0,0,0,0,0,0,0,0,0,0,1.64165550470352,0.466622292995453,3.18606132268906,0,2.7955107986927,3.58874368667603,12.3594555258751,12.4198927283287,0,0,0,0,0,0,0,0,0,0,0,0,17.256896674633,30.2078792154789,22.9211986064911,35.6646767258644,20.3544740080833,15.9281749129295,75.8741687238216,102.878497838974,43.3699727356434,57.7345609664917,9.65409353375435,0.551083207130432,86.1554435193539,34.7561456561089,39.4383783936501,34.7306635379791,9.83939760923386,9.7406245470047,48.0122487545013,41.6055299043655,438.585988938808,0,129.972487032413,154.806895196438,43.2363460659981,63.4385598301888
0,0,0,0,0,0,0,0,0,0,0,0,0,0,0,0,0,0,0,0,0,0,0,0,0,0,0,0,0,0,0,0,0,0,0,0,2.65437290072441,1.69189688563347,1.48962533473969,0.340265572071075,0,0,0,0,0,0,0,0.595403671264648,0,0,0,0,0,0,0,0,0,0,0,0,0,0,0,0,0,0,0,0,0,0,0.542592346668243,4.87357899546623,1.44606944918633,0,11.8126962184906,5.16377273201942,33.5725494623184,35.1403194069862,0,0,0,0,0,0,0,0,0,0,0,0,28.9490517675877,107.402550667524,66.7099135518074,141.71984487772,75.3408147394657,37.14470744133,125.228738963604,159.159801065922,17.9324844181538,170.312612533569,23.4175181686878,5.09598302841187,198.762569993734,107.609966307878,83.4431098997593,120.015221506357,20.611926227808,19.2044829726219,97.0091082453728,95.069380491972,553.988811790943,129.972487032413,0,206.029937297106,69.0217520594597,118.717192918062
0,0,0,0,0,0,0,0,0,0,0,0,0,0,0,0,0,0,0,0,0,0,0,0,0,0,0,0,0,0,0,0,0,0,0,0,4.90918326377869,0.6064532995224,0.799443900585175,4.08722943067551,0,1.6868509054184,0,0,0,0,0,1.32153505086899,0,0,0,0,0,0,0,0,0,0.995659112930298,0,0,0,0,0.844899594783783,0,0,0,0,0,0,0,4.18548715114594,4.62445950508118,2.66096362471581,3.30172955989838,10.5092982053757,5.23130145668983,43.6978165209293,63.0256745517254,0,0,0,0,0,0,0,0,0,0,0,0,14.0550483465195,9.6274745464325,8.18263331055641,26.7589051425457,76.1793856024742,38.5772694349289,63.9613299369812,41.1274239420891,18.6504089832306,33.0995491445065,8.90084996819496,5.19706779718399,641.987985283136,217.746947854757,77.7334607243538,178.469374239445,18.3756130337715,16.6652757525444,234.340685486794,202.251358836889,618.739616751671,154.806895196438,206.029937297106,0,381.368992596865,316.117710590363
0,0.553957104682922,0,0,0,0,0,0,0,0,0,0,0,0,0,0,0,0,0,0,0,0,0,0,0,0,0,0,0,0,0,0,0,0,0,0,5.3405587375164,2.15178203582764,3.25931394100189,4.29351344704628,0.724740743637085,0,0,0,0,0,0,0.593074440956116,0,0,0,0,0,0,0,0,0,0,0,0,0,0,0,0,0,0,0,0,0,0,0,12.576813519001,2.35669058561325,0,6.5607428252697,4.98602536320686,17.0627619922161,65.8551642894745,0,0,0,0,0,0,0,0,0,0,0,0,12.2917881608009,46.3571810126305,3.70627009868622,77.5275271236897,18.1486634612083,18.7615720927715,14.1650057733059,9.72281670570374,3.23416095972061,5.94439244270325,6.68388682603836,6.84487345814705,371.704085111618,299.315117061138,347.090181261301,1343.4140022099,6.81293654441833,18.2272517383099,71.8664871454239,60.423116594553,200.51577720046,43.2363460659981,69.0217520594597,381.368992596865,0,271.739754199982
5.60071259737015,12.1527940630913,1.15008962154388,2.31682556867599,0,0,2.24991673231125,3.01345074176788,0.421555250883102,0.925675094127655,0,1.42291444540024,0.623944461345673,0,1.10306489467621,0,0,0,0,2.45256727933884,0,0,0,0,0,0,0,0,0.938932597637177,0,0,0,0,0,0,0,12.1313638687134,1.53966897726059,3.10930186510086,3.39655682444572,1.78612047433853,2.12601852416992,0,0,0,0,1.1081770658493,0.61511504650116,0,0,0,0,0,0,0,0,4.66724425554276,1.03328835964203,0,0,0,0,1.08513629436493,0,0,0,0,0,0.903172433376312,0,16.2158491015434,25.1229557991028,20.1219870448112,2.32408958673477,42.884022295475,40.4175733625889,201.598580598831,194.328011721373,0,0,0,0,0,0,0,0,0,0,0,0,23.9972114264965,35.4492156803608,15.8105551302433,80.8404265940189,74.924637645483,30.7818692922592,48.3334364593029,8.59594491124153,2.89091065526009,5.27477684617043,8.48827204108238,6.7811636030674,80.7734255194664,66.3622825741768,269.885411143303,299.929141968489,20.1353616118431,28.1548316478729,307.667720675468,332.69852283597,321.05979603529,63.4385598301888,118.717192918062,316.117710590363,271.739754199982,0
