0,139.120188206434,2367.95896232128,136.313222289085,0,0,3663.62838834524,77.3203529119492,0,0,2410.91262578964,3.73175185918808,856.840868085623,0,5.06650429964066,0,201.935992151499,0,743.795276910067,778.682167083025,0,0,14.1896766424179,1.55576467514038,0,0,0,0,250.924136012793,0,13.6739802956581,4.62499666213989,19.9777995944023,220.495448231697,0,0,282.22945562005,0,220.219373196363,0,1.28848910331726,0,0,0,0,0,3.75369942188263,0,0,0,37.2140262126923,0,0,0,0,0,10014.9990184605,0,968.594907075167,0,549.834920585155,0,79.0378643870354,0,234.059556156397,0,194.354084312916,0.96466189622879,1518.07078784704,0,1754.46163824201,188.439422219992,1384.92572948337,25.5860041677952,622.31476020813,13.3031165599823,2699.47367501259,70.6074224710464,1.24711135029793,0,8.46496757864952,0,0.767698347568512,0,287.183235228062,0,0,0,87.9375579357147,0,0,0,0,0,100.535685181618,0,29.0005264878273,0,0,0,0,0,0,0,0.9756720662117,0,0,0,4.02727651596069,3.16685569286346,0,0,0,0,0,0
139.120188206434,0,50.6137350797653,5415.72905349731,0,0,48.6875939369202,4920.75106835365,0,8.00274151563644,0,1677.73673051596,0,596.812077730894,0,4.23337918519974,3.5677365064621,528.544111162424,486.435306161642,1843.50310999155,0,0,3.97061508893967,16.8091653585434,0,0,0,0,1.28676748275757,92.6110785603523,25.0948504209518,5.35168397426605,77.5573058128357,84.5272195339203,0,0.856315016746521,1.1981246471405,263.607121825218,0,359.373162984848,0,0,0,0,0,3.38264203071594,0,22.2848660945892,0,4.48015820980072,0,55.6412494182587,0,0,0,0,52.8383792638779,10959.9099000692,0,721.738700568676,0,524.893442094326,0,307.461383879185,0,489.794869482517,11.4461081027985,97.0124973058701,218.935743451118,1553.41241195798,264.563709974289,2541.12437582016,26.4951174259186,1186.07012304664,10.0754377841949,790.277636438608,196.679102510214,4686.54432031512,0,4.09875923395157,1.8503623008728,16.5211987793446,0,0,0,125.13033336401,0,0,0,41.7970768213272,0,0,0,0,0,177.219581007957,0,1.65489768981934,0,0,0,0,0,0,0,0,0,1.55557286739349,8.8996490240097,0,0,0,0,0,0,0
2367.95896232128,50.6137350797653,0,865.956899106503,1124.93130633235,57.491230070591,14851.9993981123,743.850637793541,441.994030833244,123.227762103081,1190.68416410685,19.035148024559,1075.29538968205,15.682716012001,86.4700028896332,15.5985491871834,153.396241515875,4.86443066596985,3420.27159285545,548.286651223898,3.69691044092178,6.6227120757103,3164.31283167005,1204.54366272688,155.175418317318,72.8691518902779,76.2591718137264,2.0380095243454,479.872968912125,0,163.363167405128,485.141068816185,84.9947395920753,274.896583259106,0,0,109.653023421764,0,61.1183994412422,0,0,0,0,0,0,0,2.04388147592545,0,0,0,16.5443015694618,0,0,0,0,0,387.935693621635,1.0827020406723,501.938323020935,0,61.8081287145615,0,21.6237162351608,0,41.2465626001358,0,656.808263778687,0,291.59234392643,0,2310.78772759438,754.202793329954,2593.83410531282,151.697599649429,764.730495542288,8.60688447952271,2600.86518204212,54.0157931149006,0,0,9.12688627839088,0,2.84120428562164,0,9.66474628448486,0,0,0,1.94373857975006,0,0,0,0,0,54.3440772294998,0,6.06395554542542,0,0,0,0,0,0,0,0,0,0,0,6.48243749141693,2.15969055891037,0,0,0,0,0,0
136.313222289085,5415.72905349731,865.956899106503,0,42.8445544242859,1068.06090268493,775.944122076035,16205.0334191322,40.2701500058174,510.780314564705,10.2679006457329,712.424033463001,47.37124812603,431.943813979626,5.01209759712219,65.300999134779,5.82940590381622,255.680830061436,840.336202502251,4594.21225163341,1.46544378995895,8.54287496209145,1135.68957144022,4310.73354622722,13.391469925642,396.202108889818,9.88019245862961,53.2379784584045,9.68899154663086,44.9526749849319,240.111096769571,325.973062753677,156.791750788689,168.434334486723,0,1.99135985970497,0,120.707458585501,0,97.2281741499901,0,2.66597026586533,0,0,0,3.52550882101059,0,11.4670814871788,0,2.89978730678558,0,0.906437337398529,0,0,0,0,76.6496101915836,812.657138347626,0,370.443136304617,0,59.3119381666183,0,68.2608550488949,0,52.8607631921768,1.67559421062469,660.460792571306,181.405310213566,274.694599688053,672.305509388447,2423.17405313253,203.769540816545,1302.71771848202,17.135349214077,770.820015758276,109.309204667807,4545.46200034022,0,2.67483484745026,0,16.9775376915932,0,0,0,6.07871675491333,0,0,0,1.60504639148712,0,0,0,0,0,62.2706813812256,0,0,0,0,0,0,0,0,0,0,0,0,6.09347981214523,3.14366102218628,0,0,0,0,0,0
0,0,1124.93130633235,42.8445544242859,0,67.922739058733,751.838046014309,19.5477138757706,1844.67043632269,178.118246138096,0.825666844844818,0,4.41888576745987,0,1277.58966115117,6.22193872928619,0,0,2.44792693853378,0,105.321301490068,34.5607259273529,336.82100585103,129.504563182592,341.372127264738,278.807408928871,1156.97705042362,54.1332192718983,431.636726021767,0.933322131633759,46.424329161644,169.323154091835,3.46897253394127,2.48119723796844,0,0,24.868577837944,12.0620531439781,12.1472632884979,1.38138616085052,69.2985547780991,0.724271476268768,0,0,0,0,3.05393725633621,0.980638444423676,0,0,0,0,0,0,5.42120999097824,0,0,0,0,0,0,0,0,0,0,0,0,0,0,0,624.641199052334,108.992568224669,602.729110300541,11.4957908987999,11.6080707907677,0,16.2142245173454,4.09409070014954,0,0,0.775923490524292,0,14.8643590807915,0,6.12378656864166,0,28.648577183485,0,8.20894372463226,0,0,0,0,0,0.724274277687073,0,0,0,0,0,0,0,0,0,0,0,0,0.522697985172272,0,0,0,0,0,0,0,0
0,0,57.491230070591,1068.06090268493,67.922739058733,0,19.55971378088,638.185011863708,44.068318426609,1786.5061314702,0,0.706139743328094,0,13.6673638820648,8.84912261366844,1411.35500633717,0,0,0,1.01578736305237,9.78179931640625,335.472464263439,115.074155807495,113.975841164589,71.3076811730862,716.979136675596,83.0219338834286,1167.6646823585,4.04893505573273,187.968615144491,92.386172503233,109.570760548115,0,0,0,0,3.50625520944595,11.8125328421593,0,1.30512511730194,0,222.727090418339,0,0,0,0,0,0.809513509273529,0,0,0,0,0,0,0,2.82998734712601,0,0,0,0,0,0,0,0,0,0,0,0,0,0,178.738056242466,658.71019628644,35.7076649367809,854.635378181934,0,11.1004267930984,0,18.5601676106453,0,0,0,1.46913981437683,0,127.677243232727,0,14.1638265252113,0.450942814350128,56.5946257412434,0,13.7308259904385,0,0,0,0,0,0,0,0,0,0,0,0,0,0,0,0,0,0,0,0,0,0,0,0,0,0
3663.62838834524,48.6875939369202,14851.9993981123,775.944122076035,751.838046014309,19.55971378088,0,811.798893123865,1239.83125960827,79.6148038804531,2276.16939374804,47.8974672555923,4578.86050388217,38.0285880565643,100.546306401491,15.291954934597,105.741394639015,14.2235648036003,610.703431874514,668.64485797286,1.83234733343124,1.16921305656433,901.420064926147,1048.2252433002,44.3182515501976,26.2677351534367,33.8511476516724,0,248.993779301643,2.87437725067139,95.9311830997467,244.674944698811,17.495758831501,184.984840154648,0.947884857654572,0,26.6263841986656,0,12.2223680615425,0,2.86200928688049,0,0,0,0,0,3.54059219360352,0,3.35543495416641,0,264.615586876869,0,0,0,0,0,629.116557538509,0,585.693432897329,0,694.584875285625,0,71.2034846544266,0,537.409115254879,0,79.5037840008736,0,20.1490817964077,0,3464.09776180983,686.087317854166,1339.0026076138,139.952039003372,369.572044730186,16.5612769722939,1467.70551913977,72.8790160417557,2.59537732601166,0,13.8443977534771,0,0,0,289.149960517883,0,0,0,49.5896672010422,0,0,0,0,0,19.354324221611,0,1.46718811988831,0,0,0,0,0,0,0,0,0,0,0,0,0,0,0,0,0,0,0
77.3203529119492,4920.75106835365,743.850637793541,16205.0334191322,19.5477138757706,638.185011863708,811.798893123865,0,38.6609234809875,930.026631355286,22.2577617764473,1808.6041777432,37.5245812535286,3310.824452281,6.94346541166306,225.564357221127,1.88885307312012,222.529058635235,790.437661707401,394.011034011841,0.744793713092804,0.767089545726776,725.999480217695,672.078011155128,1.68407201766968,114.599161565304,2.24867171049118,19.9687104821205,18.5125256180763,30.6207564473152,150.267171263695,96.2281126081944,55.9078584909439,10.8047316372395,0,0,0,15.4407190680504,0,14.2560042142868,0,0,0,0,0,1.42261898517609,0,3.97750568389893,0,1.37315112352371,0,51.5161415934563,0,0,0,0,13.1586095094681,807.445652484894,0,778.759193003178,0,374.003620803356,0,261.032680094242,0,751.346347302198,0,27.9852184057236,24.3055704832077,2.67286342382431,530.190285384655,3960.58961424232,166.618312180042,817.997225254774,13.9382616281509,307.023342996836,34.7288243770599,1741.85334512591,0,0,0,12.9367326498032,0,0,0,120.098736047745,0,0,0,1.92510986328125,0,0,0,0,0,8.5867812037468,0,0,0,0,0,0,0,0,0,0,0,0,0.749975085258484,0,0,0,0,0,0,0
0,0,441.994030833244,40.2701500058174,1844.67043632269,44.068318426609,1239.83125960827,38.6609234809875,0,128.145231902599,10.9530091583729,0,330.677886754274,0,3007.69046473503,10.3744799494743,2.59266537427902,0,4.89162677526474,0,19.8109287619591,3.75308406352997,101.630717843771,85.2614005208015,43.9596832990646,106.409281909466,189.708947986364,5.55451411008835,368.23014652729,0,11.6001515984535,72.1273877024651,0,0,0,0,19.1662460565567,0,5.56596228480339,0,78.2388307154179,0,0,0,0,0,0.851940810680389,0,0,0,0,0,0,0,1.71737104654312,0,0,0,0,0,0,0,0,0,0,0,0,0,0,0,742.049089759588,50.1310868859291,1351.59187093377,16.2087334990501,110.373149842024,0,131.107323944569,0,0,0,0,0,10.6749619841576,0,5.19876530766487,0,9.28825917840004,0,6.84131345152855,0,0,0,0,0,0,0,0,0,0,0,0,0,0,0,0,0,0,0,0.991346716880798,0.786992847919464,0,0,0,0,0,0
0,8.00274151563644,123.227762103081,510.780314564705,178.118246138096,1786.5061314702,79.6148038804531,930.026631355286,128.145231902599,0,0,17.9169877767563,0,53.7683238387108,9.40541583299637,2132.12699729204,0,7.0829838514328,0,2.28921031951904,7.05042856931686,68.8284586966038,295.297784388065,140.50047236681,94.8819910287857,351.070814907551,91.4391917288303,278.890412569046,0.381558775901794,74.0261800885201,139.289588630199,108.92551317811,0,4.2092110812664,0,0,0,5.31474870443344,0,2.12793338298798,1.71016407012939,55.8785127401352,0,0,0,0,0,0,0,0,0,0,0,0,0,0,0,0,0,0,0,0,0,0,0,0,0,0.645267188549042,0,0,306.668312370777,1674.0575401783,67.4338121414185,1134.69661530852,0,108.028982430696,1.67279303073883,127.457969933748,0,0,0,0,0,10.9255267381668,0,5.22461351752281,0,7.13637256622314,0,4.59376481175423,0,0,0,0,0,0.436140686273575,0,0,0,0,0,0,0,0,0,0,0,0,0,0,0,0,0,0,0,0
2410.91262578964,0,1190.68416410685,10.2679006457329,0.825666844844818,0,2276.16939374804,22.2577617764473,10.9530091583729,0,0,4.41519618034363,2853.78519061208,3.79405975341797,54.6138087809086,0,1266.33205831051,0,998.53278285265,73.2812405824661,0,0,225.958856672049,31.8446819186211,0.484583526849747,0,0,0,1102.11448159814,0,7.50187629461288,7.95709538459778,10.8230248093605,36.2171760201454,0,0,37.9306767582893,0,20.2354420423508,0,0,0,0,0,0,0,0,0,0,0,8.26971614360809,0,0,0,2.47320938110352,0,439.345474690199,0,84.7374691367149,0,1001.7996147573,0,892.984960734844,0,263.391267687082,0,3.31429100036621,0,35.0771356225014,0,852.671369165182,57.683424949646,670.128252387047,7.73567962646484,162.332992851734,0,493.248473852873,6.11276006698608,20.4058238267899,0,529.078886330128,0,26.3345502614975,0,1185.69768026471,0,0,0,593.466790437698,0,0,0,0,0,24.4913731515408,0,2.88096380233765,0,0,0,0,0,0,0,0,0,0,0,0,0,0,0,0,0,0,0
3.73175185918808,1677.73673051596,19.035148024559,712.424033463001,0,0.706139743328094,47.8974672555923,1808.6041777432,0,17.9169877767563,4.41519618034363,0,0,2832.64877870679,0,164.416429877281,0,1259.38663867116,125.576766818762,415.452591270208,0,0,36.2813015580177,165.621460586786,0,0,0,0.54430478811264,1.21771430969238,494.91979932785,20.3880522847176,14.0091837048531,14.7584536075592,16.7849827110767,0,0,0,7.22019618749619,0,7.32919371128082,0,2.58300602436066,0,0,0,0,0,0.582557857036591,0,0,0,0,0,0,0,0,0,122.028315365314,0,59.5976297855377,0,392.748411625624,0,548.548538982868,0,242.428010940552,0,0,0,1.19668805599213,56.8663957118988,827.880991369486,10.4640290141106,1223.06749454141,0,133.281269609928,2.23680359125137,315.955749183893,0,4.99849158525467,0,55.421285867691,0,0,0,58.3297970890999,0,0,0,11.4107822179794,0,0,0,0,0,9.96480244398117,0.996655225753784,0,0,0,0,0,0,0,0,0,0,0,0.788767158985138,0,0,0,0,0,0,0
856.840868085623,0,1075.29538968205,47.37124812603,4.41888576745987,0,4578.86050388217,37.5245812535286,330.677886754274,0,2853.78519061208,0,0,0,1539.10649231076,0,126.273798912764,0,481.863735407591,18.5290430784225,0,0.892130374908447,451.452644377947,121.397490859032,0,0,1.4425595998764,0,1786.68978044391,0,15.9726284742355,35.4445841312408,6.97303646802902,16.6039140820503,0,0,17.6661012172699,0,4.08048379421234,0,9.08277142047882,0,0,0,0,0,1.21939790248871,0,0,0,4.03216922283173,0,2.73219203948975,0,0,0,127.380607455969,0,32.4447383284569,0,284.685010015965,0,200.189911484718,0,123.998004674911,0,1.61816096305847,0,14.9224621653557,0,1245.0153414011,60.0078852176666,1564.89582204819,6.20003461837769,244.203435003757,0,572.624853938818,2.97750055789948,10.9055062532425,0,113.32038038969,0,0,0,334.465425908566,0,0,0,140.687505066395,0,0,0,0,0,0.995137095451355,0,0,0,0,0,0,0,0,0,0,0,0,0,0,1.37055706977844,0,0,0,0,0,0
0,596.812077730894,15.682716012001,431.943813979626,0,13.6673638820648,38.0285880565643,3310.824452281,0,53.7683238387108,3.79405975341797,2832.64877870679,0,0,0,2429.20571693778,0,400.149361550808,31.2531559467316,81.190948843956,0,6.38934034109116,30.1531383395195,126.754746556282,0,8.71222901344299,0,1.35773023962975,0,980.129987597466,7.5788454413414,12.2679836153984,4.63536602258682,0,0,0,0,8.43205946683884,0,0,0,4.92012703418732,0,0,0,0,0,0,0,0,0,0,0,0,0,0,0,61.8782281279564,0,20.9180580973625,0,195.147983670235,0,300.990877300501,0,133.205901503563,0,0,0,0,56.1666203737259,1194.58408498764,10.9696937203407,2630.09469777346,0,370.218170315027,2.66165578365326,704.96865439415,0,2.54419714212418,0,35.484176158905,0,2.76865088939667,0,27.4199300408363,0,0,0,0,0,0,0,0,0,5.50194561481476,0,0,0,0,0,0,0,0,0,0,0,0,0,0,0,0,0,0,0,0
5.06650429964066,0,86.4700028896332,5.01209759712219,1277.58966115117,8.84912261366844,100.546306401491,6.94346541166306,3007.69046473503,9.40541583299637,54.6138087809086,0,1539.10649231076,0,0,0.46549192070961,12.6481366157532,0,10.6992098689079,0,42.5362110435963,5.00727838277817,41.9265784621239,10.2137814462185,23.5518923401833,43.7230013608932,379.230229616165,21.3329481780529,2778.17371174693,0,10.0925864875317,17.52859634161,2.20212292671204,0,0,0,28.6288883686066,0,8.96537244319916,0,107.907411664724,0.86365270614624,0,0,0,0,1.34628093242645,0,0,0,0,0,0,0,2.48358368873596,0,2.25379520654678,0,0,0,0,0,4.25142455101013,0,0,0,0,0,0,0,362.387474477291,24.9213254451752,2326.1395278573,1.6270067691803,139.873972296715,0,180.889194607735,0,1.09624457359314,0,11.4627960920334,0,87.458039700985,0,16.9449986219406,0,34.5234999656677,0,13.3732498288155,0,0,0,0,0,2.45681941509247,0,0,0,0,0,0,0,0,0,0,0,0,0,0,0,0,0,0,0,0,0
0,4.23337918519974,15.5985491871834,65.300999134779,6.22193872928619,1411.35500633717,15.291954934597,225.564357221127,10.3744799494743,2132.12699729204,0,164.416429877281,0,2429.20571693778,0.46549192070961,0,0,68.6547394394875,0,2.8986844420433,0,73.2511325776577,22.0711411237717,33.9279416203499,6.29780322313309,29.1075638532639,9.36903345584869,170.375363618135,0.975881159305573,1470.22271087766,14.5697626471519,20.6277436614037,0,0,0,0,0,18.9478433132172,0,2.78183245658875,0,143.401985287666,0,0,0,0,0,0.483400374650955,0,0,0,0,0,0,0,4.014439702034,0,0.846331477165222,0,0,0,0,0,0.792884469032288,0,0,0,0,0,0,33.5625079274178,834.336658537388,2.74394541978836,3410.87100300193,0,188.913765072823,2.59119987487793,220.426779568195,0,0,0,0,0,78.3803075551987,0,12.5707530975342,0.587777256965637,30.485323548317,0,8.7787898182869,0,0,0,0,0,1.02518558502197,0,0,0,0,0,0,0,0,0,0,0,0,0,0,0,0,0,0,0,0
201.935992151499,3.5677365064621,153.396241515875,5.82940590381622,0,0,105.741394639015,1.88885307312012,2.59266537427902,0,1266.33205831051,0,126.273798912764,0,12.6481366157532,0,0,0,213.99374678731,13.1060770750046,0,0,16.4779727458954,1.90773928165436,0,0,0,0,3048.10063445568,0,0.905659854412079,1.19165503978729,5.34828251600266,8.60554629564285,2.92515754699707,0.856882691383362,30.2065005600452,0,10.7573990821838,0,0,0,1.36334359645844,0,0,0,0,0,1.42547786235809,0,4.1170300245285,0,0,0,1.56435310840607,0,2241.26740440726,3.87925565242767,67.2956750094891,0,495.18441683054,0,2013.20689681172,0.624539017677307,27.7948524951935,0,24.2328491806984,2.99974125623703,27.828416466713,11.6876071691513,237.891823083162,15.9444664120674,523.370252758265,0,55.8469952046871,0,224.462579846382,8.0989995598793,395.251301646233,0,1603.79017227888,0,16.3858323097229,0,272.295769870281,0,0,0,53.0281990766525,0,0,0,0,0,5.10948568582535,0,0.866892278194427,0,0,0,0,0,0,0,0.795799911022186,0,0,0,0,0,0,0,0,0,0,0
0,528.544111162424,4.86443066596985,255.680830061436,0,0,14.2235648036003,222.529058635235,0,7.0829838514328,0,1259.38663867116,0,400.149361550808,0,68.6547394394875,0,0,50.0028541088104,174.870485246181,0,0,2.19786030054092,44.8216680884361,0,0,0,0,0,2014.75866764784,9.90864229202271,9.23785042762756,6.44462841749191,3.59239131212234,0,0,0,28.2896877229214,0,13.0823093652725,0,0,0,0,0,0,0,0,0,0,0,0.99377453327179,0,0,0,0,1.01033210754395,1087.00082480907,0,42.8553941547871,0,190.406122565269,0,2095.63937905431,0,54.5136186480522,3.6803971529007,7.09656471014023,0,5.91791081428528,9.34418648481369,273.116596251726,0,1560.45577207208,0,151.90834954381,1.51634657382965,250.484215646982,0,141.576516717672,0,673.543999969959,0,1.27535939216614,0,44.6028038263321,0,0,0,10.2586416006088,0,0,0,0,0,7.42524987459183,0,0,0,0,0,0,0,0,0,0,0,0,0,0,0,0,0,0,0,0
743.795276910067,486.435306161642,3420.27159285545,840.336202502251,2.44792693853378,0,610.703431874514,790.437661707401,4.89162677526474,0,998.53278285265,125.576766818762,481.863735407591,31.2531559467316,10.6992098689079,0,213.99374678731,50.0028541088104,0,4847.59753000736,1.77384519577026,0.878404319286346,1639.75638827682,1173.44374901056,5.06280767917633,0,0.583433866500854,0,287.852234393358,9.14843493700027,555.127349376678,327.006815701723,2973.474265486,2090.90900266171,37.569162607193,8.25445383787155,68.3941128253937,0,34.0136039853096,0,0,0,63.4071735739708,0.389973014593124,17.315199971199,0,12.0916330218315,1.17582046985626,1.46651870012283,0,4.24222159385681,0,0,0,0,0,316.733247369528,18.1945732235909,239.914462476969,0,32.1388688087463,0,4.84951391816139,0,11.0131326317787,0,2257.84205797315,5.60245090723038,2089.66767778993,8.46098735928535,1766.50467288494,883.635261714458,1291.9797642827,266.082725346088,533.7674459517,97.6384456157684,2777.5092304945,540.353098154068,0,0,1.01347017288208,0,2.67664390802383,0,0,0,0,0,0,0,0,0,0,0,50.088107407093,0,5.00808531045914,0,0,0,0,0,0,0,0,0,0,0,4.86097598075867,1.68416857719421,0,0,0,0,0,0
778.682167083025,1843.50310999155,548.286651223898,4594.21225163341,0,1.01578736305237,668.64485797286,394.011034011841,0,2.28921031951904,73.2812405824661,415.452591270208,18.5290430784225,81.190948843956,0,2.8986844420433,13.1060770750046,174.870485246181,4847.59753000736,0,0,0,254.015513747931,1361.67285853624,0,2.85554707050323,0,0,33.1735136210918,26.4856010079384,246.567965835333,207.643503338099,822.379375070333,5234.25657531619,3.4373879134655,15.4847562015057,2.07269960641861,49.8217955827713,0,51.247986137867,0,0,2.12159019708633,7.46593907475471,0,6.00724738836288,1.60431849956512,43.3369042575359,0,0,0,1.1703594326973,0,0,0,0,318.886073768139,523.314878374338,10.3356413245201,193.415556579828,4.55034303665161,19.7259947061539,2.67842578887939,47.6028044819832,0,14.1137815117836,131.557897746563,1550.6565605402,1344.11415597796,2521.67710974813,1013.25746285915,1490.81575262547,224.022837221622,534.528871178627,77.0146818161011,332.515869826078,576.894190788269,3482.18941283226,0,0,1.86334073543549,3.22512513399124,0,0,0,0,0,0,0,0,0,0,0,0,0,13.8383753299713,0,0,0,0,0,0,0,0,0,0,0,0,2.81129020452499,2.65210658311844,0,0,0,0,0,0
0,0,3.69691044092178,1.46544378995895,105.321301490068,9.78179931640625,1.83234733343124,0.744793713092804,19.8109287619591,7.05042856931686,0,0,0,0,42.5362110435963,0,0,0,1.77384519577026,0,0,70.5581177473068,86.3624638617039,12.2027693390846,190.090621083975,30.4669839739799,739.069188535213,43.6612879037857,194.691223651171,0,920.560457110405,39.8892007172108,48.0428854227066,3.14101976156235,0.582851231098175,0,14.1808557510376,7.84172642230988,2.26290291547775,0,56.2694528102875,21.739318549633,0,0,0,0,0.655668139457703,0,0,0,0,0,0,0,5.41975837945938,1.40509015321732,0,0,0,0,0,0,0,0,0,0,0,0,0,0,883.833101034164,129.685650199652,126.196411788464,7.12641495466232,3.23644787073135,8.76885372400284,12.2735232710838,5.91423773765564,0,0,0,0,4.52269840240479,1.30967676639557,0,0,23.2016279101372,1.95562881231308,4.74505633115768,5.58658775687218,0,0,0,0,0,0,0,0,0,0,0,0,0,0,0,0,0,0,0,0,0,0,0,0,0,0
0,0,6.6227120757103,8.54287496209145,34.5607259273529,335.472464263439,1.16921305656433,0.767089545726776,3.75308406352997,68.8284586966038,0,0,0.892130374908447,6.38934034109116,5.00727838277817,73.2511325776577,0,0,0.878404319286346,0,70.5581177473068,0,51.6353827118874,43.8827463388443,91.1768792867661,389.398484796286,105.925920665264,1282.45919036865,27.4061133861542,230.373143315315,192.64951646328,1248.85211712122,11.1167420744896,44.1882620751858,0.796209692955017,1.19713795185089,4.87740969657898,10.1252056360245,0,2.60581278800964,4.15788048505783,463.699663728476,0,0,0,0,0,0,0,0,0,0,0,0,0,4.42792510986328,0,0,0,0,0,0,0,0,0,0,0,0,0,0,282.918954491615,638.7362023592,10.0657529234886,155.88534963131,0,2.75899106264114,0,2.22416365146637,0,0,0,0,0,143.100560128689,2.02251249551773,3.86224544048309,3.03503036499023,73.5888226926327,0,6.72334015369415,0,0,0,0,0,0,0,0,0,0,0,0,0,0,0,0,0,0,0,0,0,0,0,0,0,0
14.1896766424179,3.97061508893967,3164.31283167005,1135.68957144022,336.82100585103,115.074155807495,901.420064926147,725.999480217695,101.630717843771,295.297784388065,225.958856672049,36.2813015580177,451.452644377947,30.1531383395195,41.9265784621239,22.0711411237717,16.4779727458954,2.19786030054092,1639.75638827682,254.015513747931,86.3624638617039,51.6353827118874,0,3269.40600478649,1200.55170306563,592.525841265917,447.662184029818,38.0140037536621,156.888640284538,1.00688660144806,4036.19750165939,1469.53542664647,1019.0572450161,304.618268311024,47.8272037804127,0,6.68046635389328,0,0,0,8.42289996147156,0,23.0647556185722,0,3.05753964185715,0,1.77004641294479,0,0,0,0,0,0,0,0,0,1.81178599596024,0,1.41146552562714,0,0,0,0.540020167827606,0,0,0,93.9209961593151,1.98473584651947,11.7415380477905,0,1709.36963924766,1230.19927790761,1050.00690120459,243.346933633089,302.520943969488,21.487010717392,733.971083849669,57.9590222835541,0,0,1.18404114246368,0,0.78931736946106,0,0,0,0.663545489311218,0,0,0,0,0,0,0,0,0,0,0,0,0,0,0,0,0,0,0,0,0,0,0,0,0,0,0,0,0
1.55576467514038,16.8091653585434,1204.54366272688,4310.73354622722,129.504563182592,113.975841164589,1048.2252433002,672.078011155128,85.2614005208015,140.50047236681,31.8446819186211,165.621460586786,121.397490859032,126.754746556282,10.2137814462185,33.9279416203499,1.90773928165436,44.8216680884361,1173.44374901056,1361.67285853624,12.2027693390846,43.8827463388443,3269.40600478649,0,80.670837700367,1604.51853507757,41.8078418672085,56.7987003922462,34.7839291095734,9.67939710617065,1055.44298094511,2971.77474963665,389.563592642546,1960.6243608892,0,35.1241773664951,0,8.0135982632637,0,0.673738837242126,0,0,0,4.04413545131683,0,0,0,17.3378320336342,0,0,0,0,0,0,0,0,0,9.86864095926285,0,0,0,0,0,5.25727295875549,0,0,0,79.0441319644451,0,13.2540579140186,1012.50346875191,1244.14078783989,379.029753565788,462.714115589857,33.0158746242523,170.800003111362,19.8321534991264,1072.0809275806,0,0.850219011306763,0,0,0,0,0,0,0,0,0,0,0,0,0,0,0,1.66610169410706,0,0,0,0,0,0,0,0,0,0,0,0,0,0,0,0,0,0,0,0
0,0,155.175418317318,13.391469925642,341.372127264738,71.3076811730862,44.3182515501976,1.68407201766968,43.9596832990646,94.8819910287857,0.484583526849747,0,0,0,23.5518923401833,6.29780322313309,0,0,5.06280767917633,0,190.090621083975,91.1768792867661,1200.55170306563,80.670837700367,0,401.077492624521,939.408986508846,116.71271827817,27.888382345438,0,524.969592899084,286.065997481346,10.3825916647911,5.0681537091732,1.40048003196716,0,1.54445326328278,0,0,0,10.5129160284996,0,0,0,0,0,0,0,0,0,0,0,0,0,0,0,0,0,0,0,0,0,0,0,0,0,0,0,0,0,322.715325981379,100.251901745796,112.732389211655,9.273228764534,4.56282705068588,0,1.74072337150574,0,0,0,0.6464883685112,0,2.64024317264557,0,0,0,0.55954521894455,0,0,0,0,0,0,0,0,0,0,0,0,0,0,0,0,0,0,0,0,0,0,0,0,0,0,0,0,0
0,0,72.8691518902779,396.202108889818,278.807408928871,716.979136675596,26.2677351534367,114.599161565304,106.409281909466,351.070814907551,0,0,0,8.71222901344299,43.7230013608932,29.1075638532639,0,0,0,2.85554707050323,30.4669839739799,389.398484796286,592.525841265917,1604.51853507757,401.077492624521,0,449.191221028566,1426.48419100046,11.9403331279755,4.88667917251587,508.221199661493,617.76975440979,3.66622811555862,34.2152316570282,0,0,0,1.14521539211273,0,0,0,12.1329840421677,0,0,0,0,0,0,0,0,0,0,0,0,0,0.48400205373764,0,0,0,0,0,0,0,0,0,0,0,0,0,0,348.932711899281,459.795685976744,85.359424829483,231.940506726503,2.66629749536514,12.6030771136284,0,1.52095109224319,0,0,0,0,0,5.95113813877106,0,0.68862509727478,0,3.43458223342896,0,1.68165117502213,0,0,0,0,0,0,0,0,0,0,0,0,0,0,0,0,0,0,0,0,0,0,0,0,0,0
0,0,76.2591718137264,9.88019245862961,1156.97705042362,83.0219338834286,33.8511476516724,2.24867171049118,189.708947986364,91.4391917288303,0,0,1.4425595998764,0,379.230229616165,9.36903345584869,0,0,0.583433866500854,0,739.069188535213,105.925920665264,447.662184029818,41.8078418672085,939.408986508846,449.191221028566,0,232.937622100115,296.203953325748,0,480.357565939426,218.221973836422,25.6448689997196,0.724860787391663,3.70438927412033,0,43.6438406705856,42.9394223690033,15.5343078374863,0,68.4651989340782,3.14752370119095,0,0,0,0,0.54494321346283,0,0,0,0,0,0,0,3.31818702816963,0,0,0,0,0,0,0,0,0,0,0,0,0,0,0,629.751021265984,149.80911898613,299.10397541523,12.2473633289337,4.55744874477386,3.41741287708282,7.96418786048889,4.77884298563004,0,0,0,0,15.3579229414463,0,5.31903338432312,0,47.818941950798,0,8.83258470892906,0,0,0,0,0,0,0,0,0,0,0,0,0,0,0,0,0,0,0,0,0,0,0,0,0,0,0
0,0,2.0380095243454,53.2379784584045,54.1332192718983,1167.6646823585,0,19.9687104821205,5.55451411008835,278.890412569046,0,0.54430478811264,0,1.35773023962975,21.3329481780529,170.375363618135,0,0,0,0,43.6612879037857,1282.45919036865,38.0140037536621,56.7987003922462,116.71271827817,1426.48419100046,232.937622100115,0,27.9422767162323,51.0055639445782,113.732320904732,212.111056149006,1.0917734503746,4.40083286166191,0,0,38.5954255461693,30.4546473622322,9.94821465015411,2.93658840656281,10.8856072723866,120.217729657888,0,0,0,0,0,0,0,0,0,0,0,0,0,1.19685870409012,0,0,0,0,0,0,0,0,0,0,0,0,0,0,182.425840586424,353.733074098825,12.0803642868996,497.92835983634,1.01345002651215,4.46378141641617,2.93718540668488,5.12567031383514,0,0,0,0,0,59.4782955348492,0,9.10006350278854,0,29.9693741500378,0,4.73683443665504,0,0,0,0,0,0,0,0,0,0,0,0,0,0,0,0,0,0,0,0,0,0,0,0,0,0
250.924136012793,1.28676748275757,479.872968912125,9.68899154663086,431.636726021767,4.04893505573273,248.993779301643,18.5125256180763,368.23014652729,0.381558775901794,1102.11448159814,1.21771430969238,1786.68978044391,0,2778.17371174693,0.975881159305573,3048.10063445568,0,287.852234393358,33.1735136210918,194.691223651171,27.4061133861542,156.888640284538,34.7839291095734,27.888382345438,11.9403331279755,296.203953325748,27.9422767162323,0,0,34.4914708137512,15.6932027041912,8.29238295555115,24.8914786577225,18.8325246870518,12.9256590604782,141.374675035477,1.19960367679596,70.8639703989029,0,218.49484360218,0.543438732624054,236.469919592142,0,51.9463587403297,0,439.814380824566,0,177.350867331028,0,498.048440039158,0,53.9028955698013,0,106.002284169197,0,675.798680454493,0.597948253154755,415.765505284071,0,263.796696186066,0,790.442049145699,0,163.133746623993,0,157.272445231676,11.2218161225319,47.1816250681877,1.43871778249741,489.597084671259,31.9413633942604,2062.99805852771,6.94086012244225,51.9588168561459,0,294.644733607769,18.892463684082,362.066114425659,0,1223.98466184735,0,1066.08295744658,0,531.272679418325,0,642.426218509674,0,233.845297336578,0,20.0072448849678,0,1.83042669296265,0,19.8357912898064,0,4.90015810728073,0,9.43448436260223,0,1.42611739039421,0,1.51521742343903,0,6.71692317724228,1.06742811203003,0,0.573609292507172,0,0,0.960175275802612,0,0,0,0.682013630867004,0
0,92.6110785603523,0,44.9526749849319,0.933322131633759,187.968615144491,2.87437725067139,30.6207564473152,0,74.0261800885201,0,494.91979932785,0,980.129987597466,0,1470.22271087766,0,2014.75866764784,9.14843493700027,26.4856010079384,0,230.373143315315,1.00688660144806,9.67939710617065,0,4.88667917251587,0,51.0055639445782,0,0,1.47209107875824,0.330910474061966,5.03031277656555,5.10223931074142,1.4257287979126,3.61473792791367,0,45.9598913788795,0,37.828566133976,0,315.523818910122,7.61302608251572,44.029440253973,0,28.7359041571617,0,35.0413978099823,0,42.0489632487297,0,82.2609879076481,0,10.241354316473,0,15.640661239624,0,216.752257436514,0,87.0531928837299,0,33.2649666070938,0,454.916377574205,0,18.955664396286,3.83991938829422,35.0585289597511,3.9074604511261,6.66806131601334,2.76573878526688,63.3819217085838,1.79241764545441,3966.58458995819,0,38.7115332782269,3.06740981340408,67.3588813841343,0,437.250874131918,0,617.789071977139,0,1209.79591479897,0,151.698713421822,0,88.2762974500656,0,62.3530813157558,0,0,0,3.16291153430939,1.07104098796844,0,3.58932435512543,0,0,2.57346677780151,0,0,0,5.43866908550262,0.451729595661163,1.99114751815796,0,0,0,0,1.97309792041779,0,0,0,0,0
13.6739802956581,25.0948504209518,163.363167405128,240.111096769571,46.424329161644,92.386172503233,95.9311830997467,150.267171263695,11.6001515984535,139.289588630199,7.50187629461288,20.3880522847176,15.9726284742355,7.5788454413414,10.0925864875317,14.5697626471519,0.905659854412079,9.90864229202271,555.127349376678,246.567965835333,920.560457110405,192.64951646328,4036.19750165939,1055.44298094511,524.969592899084,508.221199661493,480.357565939426,113.732320904732,34.4914708137512,1.47209107875824,0,1074.30558899045,2277.23507374525,278.59638735652,245.252864211798,2.47328627109528,3.88217562437057,1.55966508388519,3.25570353865623,0.428045064210892,4.85163879394531,0,163.760633707047,2.06433206796646,26.2136806845665,0,14.3423271775246,2.34604242444038,0,0,0,0,0,0,0.461244583129883,0,7.49652767181396,0,3.92864412069321,0,0.985091090202332,0,0,0,0,1.19170415401459,620.393993645906,10.7483555078506,40.7329566776752,1.18269091844559,946.310423731804,435.11286765337,116.535881191492,106.959735125303,15.717544734478,20.1484581828117,65.6021360754967,139.486694395542,0,0,0,0.831523418426514,0,0,0.610143423080444,0,2.1391553580761,0,0.956769049167633,0,0,0,0,0,0,0,0,0,0,0,0,0,0,0,0,0,0,0,0,0,0,0,0,0,0,0
4.62499666213989,5.35168397426605,485.141068816185,325.973062753677,169.323154091835,109.570760548115,244.674944698811,96.2281126081944,72.1273877024651,108.92551317811,7.95709538459778,14.0091837048531,35.4445841312408,12.2679836153984,17.52859634161,20.6277436614037,1.19165503978729,9.23785042762756,327.006815701723,207.643503338099,39.8892007172108,1248.85211712122,1469.53542664647,2971.77474963665,286.065997481346,617.76975440979,218.221973836422,212.111056149006,15.6932027041912,0.330910474061966,1074.30558899045,0,183.340225875378,2382.06318038702,0,161.888562589884,0,2.091637134552,0,2.04126736521721,4.54011476039886,0.603112936019897,0,49.1310116946697,0,0.958810746669769,0,85.3162222504616,0,0,0,0,0,0,0,0,0,3.4193908572197,0,1.8837702870369,0,0,0,0,0,1.49334144592285,12.3162699043751,351.075974360108,2.76840037107468,14.4173218011856,490.345384925604,661.577075362206,149.767169356346,139.122868955135,15.9583824872971,31.5221713781357,42.2972801923752,111.04149055481,0,0,0,0.955531239509583,1.08400285243988,0,0,0,0.735700666904449,0.916760623455048,0,0,0,0,0,0,0,1.14025378227234,0,0,0,0,0,0,0,0,0,0,0,0,0,0,0,0,0,0,0,0
19.9777995944023,77.5573058128357,84.9947395920753,156.791750788689,3.46897253394127,0,17.495758831501,55.9078584909439,0,0,10.8230248093605,14.7584536075592,6.97303646802902,4.63536602258682,2.20212292671204,0,5.34828251600266,6.44462841749191,2973.474265486,822.379375070333,48.0428854227066,11.1167420744896,1019.0572450161,389.563592642546,10.3825916647911,3.66622811555862,25.6448689997196,1.0917734503746,8.29238295555115,5.03031277656555,2277.23507374525,183.340225875378,0,765.244555056095,935.17593935132,22.3088681101799,5.98040720820427,16.3942220807076,23.620103687048,0,0.743222057819366,0,238.51459172368,0,155.504613101482,10.1355508565903,41.3655036985874,13.148040831089,4.27183103561401,0.770745635032654,0,0,0,0,2.22585594654083,0.8907191157341,37.6964539885521,65.3645797669888,44.950298666954,16.5160032510757,0.688492357730865,1.98719209432602,0,10.9413937926292,2.24398946762085,0,4352.5076482594,215.789545476437,1505.04397043586,140.643622457981,140.169594138861,141.790829181671,43.5904377698898,28.1168737411499,14.3172997832298,5.24506628513336,55.4701012372971,118.523115217686,0,0,0.505822360515594,1.52027714252472,0,0,0,0,0,0,0,0,0,0,0,0,0.67192816734314,0,3.07163643836975,0,0,0,0,0,0,0,0,0,0,0,0,0,0,0,0,0,0,0
220.495448231697,84.5272195339203,274.896583259106,168.434334486723,2.48119723796844,0,184.984840154648,10.8047316372395,0,4.2092110812664,36.2171760201454,16.7849827110767,16.6039140820503,0,0,0,8.60554629564285,3.59239131212234,2090.90900266171,5234.25657531619,3.14101976156235,44.1882620751858,304.618268311024,1960.6243608892,5.0681537091732,34.2152316570282,0.724860787391663,4.40083286166191,24.8914786577225,5.10223931074142,278.59638735652,2382.06318038702,765.244555056095,0,120.758282452822,901.922441422939,75.4427330493927,23.1545223891735,11.7013128399849,37.5427479445934,0,0.964215755462646,37.1541457474232,216.702124029398,30.7365426719189,49.0730701684952,8.7507980465889,272.451229184866,6.32664179801941,0,7.86904841661453,2.63619351387024,0,0.591860294342041,0,7.68961787223816,297.562552154064,200.658776700497,229.390194386244,49.8529696464539,43.2815344333649,1.35526311397552,41.5502603054047,19.7949367463589,26.0792845487595,8.03860324621201,1491.55224150419,4685.22981208563,985.311010032892,919.707145512104,341.6138689816,178.101582974195,89.6813322901726,45.8328697681427,27.9596592187881,10.2492806613445,399.808759212494,201.246762424707,4.53024184703827,1.90799361467361,36.7991445064545,25.7318620085716,0,1.66627562046051,10.3911334276199,11.5527644753456,0,0,3.74696111679077,8.45151299238205,0,0,0,0,0.841610133647919,5.35145306587219,0.722007930278778,0,0,0,0,0,0,0,0,0,0,0,0,0,0,0,0,0,0,0
0,0,0,0,0,0,0.947884857654572,0,0,0,0,0,0,0,0,0,2.92515754699707,0,37.569162607193,3.4373879134655,0.582851231098175,0.796209692955017,47.8272037804127,0,1.40048003196716,0,3.70438927412033,0,18.8325246870518,1.4257287979126,245.252864211798,0,935.17593935132,120.758282452822,0,231.037996053696,114.152173221111,83.1040881872177,50.4734290242195,23.6965596675873,7.79591026902199,10.5946629345417,396.661637574434,256.382003366947,464.201602816582,573.833447188139,249.956930249929,112.72335472703,209.235956579447,231.248343318701,65.0180568099022,92.0246136188507,7.73401260375977,3.69300228357315,37.2961313128471,23.1750627458096,1.63557332754135,8.35709601640701,80.0178315043449,77.5710058510303,15.4855054020882,7.09499484300613,9.74378132820129,16.5985655784607,13.053791821003,9.27315491437912,2226.94794163108,628.874469727278,2.85538554191589,9.01561135053635,6.80035945773125,2.16950750350952,32.8895213603973,43.1416556835175,5.093874335289,9.39947530627251,100.443519234657,81.4449927806854,1.20994281768799,0,41.8766949176788,14.0474209189415,2.38307189941406,1.1907399892807,18.9632184207439,8.57866531610489,2.61577251553535,0,26.9121486842632,38.124890089035,2.42767763137817,0.668250381946564,0,0,8.00565278530121,0,3.55869650840759,1.0009251832962,0.543125629425049,0,0,0,0,0,0,0,0,0,0,0,0,0,0,0,0,0
0,0.856315016746521,0,1.99135985970497,0,0,0,0,0,0,0,0,0,0,0,0,0.856882691383362,0,8.25445383787155,15.4847562015057,0,1.19713795185089,0,35.1241773664951,0,0,0,0,12.9256590604782,3.61473792791367,2.47328627109528,161.888562589884,22.3088681101799,901.922441422939,231.037996053696,0,80.7086039185524,131.748503625393,29.5725838541985,61.3965559005737,2.89505338668823,6.872593075037,387.083891749382,430.910319715738,551.049728274345,567.115068256855,174.987482637167,211.575312942266,439.38104107976,343.311106413603,97.2889288365841,86.2185760140419,0.745484471321106,6.33148396015167,22.4072063565254,48.7163325548172,1.57043325901031,2.02531290054321,69.6852835118771,63.0248685479164,16.0808418989182,1.41179096698761,6.86745071411133,4.2033970952034,3.78941124677658,3.40432852506638,493.054113984108,1263.80198213458,0,0,3.24965363740921,3.24806174635887,36.8047794699669,14.5986711978912,4.88209217786789,3.74571645259857,91.3157742023468,149.6802713871,0,0.590649724006653,23.203949213028,10.5321172475815,0,0,14.199816942215,12.3248666524887,0,4.021604180336,16.6946948170662,34.6980106830597,1.08913052082062,0,0,0,5.20834240317345,0,5.87653434276581,0,0,2.33958256244659,0,0,0,0,0,0,0,0,0,0,0,0,0,0,0,0
282.22945562005,1.1981246471405,109.653023421764,0,24.868577837944,3.50625520944595,26.6263841986656,0,19.1662460565567,0,37.9306767582893,0,17.6661012172699,0,28.6288883686066,0,30.2065005600452,0,68.3941128253937,2.07269960641861,14.1808557510376,4.87740969657898,6.68046635389328,0,1.54445326328278,0,43.6438406705856,38.5954255461693,141.374675035477,0,3.88217562437057,0,5.98040720820427,75.4427330493927,114.152173221111,80.7086039185524,0,352.410535573959,1407.42343783379,47.2432025074959,558.754642575979,25.4469978809357,440.603502511978,70.8729636371136,305.982431471348,132.458598673344,904.790740072727,38.493105173111,519.252163380384,40.5657026469707,625.602497935295,18.2182867228985,59.2363310754299,2.53750348091125,1559.15092030168,14.1322066783905,436.064426779747,16.7350491285324,455.763064652681,22.0796999633312,227.255140960217,0,96.3868332803249,0.826816022396088,283.617648512125,0,539.674687385559,450.183637797832,167.889071255922,3.31571745872498,439.835671782494,39.3767911493778,414.069100528955,19.865628361702,1035.36215287447,106.660770863295,3624.28156745434,89.5940300226212,1.2839350104332,0,58.4221238493919,1.83708244562149,173.21463906765,0,267.514531880617,0.800187945365906,946.525812238455,3.29004114866257,1101.58722555637,7.95586103200912,96.4704667627811,148.371618032455,40.8662230372429,61.9763080179691,179.911852538586,43.3737092912197,142.615206837654,32.7853405475616,96.9133694469929,40.6784393489361,41.1853683888912,38.4287060797215,117.385960459709,159.894846737385,138.864793926477,62.8355250954628,39.5054760575294,27.7361261844635,21.5591397285461,53.323343873024,14.002608269453,3.62346285581589,4.78763571381569,5.54280495643616,2.11985486745834,2.54820480942726
0,263.607121825218,0,120.707458585501,12.0620531439781,11.8125328421593,0,15.4407190680504,0,5.31474870443344,0,7.22019618749619,0,8.43205946683884,0,18.9478433132172,0,28.2896877229214,0,49.8217955827713,7.84172642230988,10.1252056360245,0,8.0135982632637,0,1.14521539211273,42.9394223690033,30.4546473622322,1.19960367679596,45.9598913788795,1.55966508388519,2.091637134552,16.3942220807076,23.1545223891735,83.1040881872177,131.748503625393,352.410535573959,0,101.12735658884,1562.83514726162,30.7314718663692,445.267447501421,128.955692410469,430.264419138432,76.5526131093502,245.319755643606,122.117921054363,875.367593407631,29.1152405738831,328.417814314365,8.29086551070213,550.378114193678,0,125.80765324831,4.67231947183609,1802.92622292042,0,242.17249199748,78.6812525987625,360.364318102598,2.27216219902039,15.517652541399,0.915629684925079,63.2509325444698,9.88191002607346,84.2339662909508,422.562179535627,748.866286456585,0,23.8859131932259,21.9135046601295,273.439954459667,21.2857005000114,336.726591050625,79.5619585514069,652.353319555521,163.570742696524,3635.21656298637,0,6.27676993608475,0,128.96912509203,0,208.392438441515,2.15679430961609,291.163293868303,2.35919761657715,456.248472303152,2.75629329681396,1274.02393871546,34.5278335809708,158.594019711018,9.31732755899429,63.6455729007721,32.4709505438805,174.249514788389,76.2465148568153,43.340398401022,38.190986007452,60.694443821907,17.1360818743706,45.0524635612965,61.1089923679829,163.940534740686,46.5740632712841,98.3145524263382,28.1930052638054,47.1562202572823,11.4283688366413,25.728671848774,21.2961550056934,3.44639313220978,2.16036230325699,5.1634561419487,1.90590584278107,1.22179454565048
220.219373196363,0,61.1183994412422,0,12.1472632884979,0,12.2223680615425,0,5.56596228480339,0,20.2354420423508,0,4.08048379421234,0,8.96537244319916,0,10.7573990821838,0,34.0136039853096,0,2.26290291547775,0,0,0,0,0,15.5343078374863,9.94821465015411,70.8639703989029,0,3.25570353865623,0,23.620103687048,11.7013128399849,50.4734290242195,29.5725838541985,1407.42343783379,101.12735658884,0,40.7670911550522,1182.51669752598,4.72882950305939,418.940581232309,17.4812648296356,195.19059753418,57.6667990088463,899.478832244873,8.04828977584839,114.585339635611,0,113.886509627104,0,10.4913644492626,0,1201.50514954329,4.87477171421051,288.337769150734,0,174.236497372389,2.25200843811035,53.2023691534996,0,55.1550489068031,0,55.6343192458153,0,402.428943693638,121.995153486729,107.017220824957,0,120.783862292767,17.2657604217529,73.2529632747173,11.1942314505577,139.774153321981,38.6844041347504,232.209099918604,32.8045645654202,1.55876171588898,0,12.070608496666,0,289.491724729538,0,60.3676463067532,0,71.2060852646828,0,254.517442017794,0,95.7882680892944,148.622099131346,36.2725414931774,47.4756675064564,49.4226782917976,66.3037000894547,112.662298858166,42.2521046698093,70.8519192039967,52.1042299866676,39.4815449118614,21.4056298434734,115.567825078964,138.271746665239,84.2296234071255,46.6274892985821,28.7078459262848,30.8031256496906,3.78249973058701,0.898412764072418,16.7960368394852,4.02773654460907,2.06455928087234,1.30544281005859,0.728643715381622,0
0,359.373162984848,0,97.2281741499901,1.38138616085052,1.30512511730194,0,14.2560042142868,0,2.12793338298798,0,7.32919371128082,0,0,0,2.78183245658875,0,13.0823093652725,0,51.247986137867,0,2.60581278800964,0,0.673738837242126,0,0,0,2.93658840656281,0,37.828566133976,0.428045064210892,2.04126736521721,0,37.5427479445934,23.6965596675873,61.3965559005737,47.2432025074959,1562.83514726162,40.7670911550522,0,0,1311.87924039364,24.0625088214874,426.578673243523,2.23203063011169,178.247337192297,31.6589359641075,1017.35132956505,0,72.234316945076,0,93.4382728338242,0,51.2527818977833,4.13988584280014,1706.30516386032,0,284.598808765411,3.55073237419128,99.4736182391644,0,5.95664638280869,0,36.3003449738026,0,11.8147637546062,47.264001429081,505.669714838266,0,49.3301032185555,7.60174947977066,77.1964150071144,5.25134968757629,47.381178021431,31.803506731987,175.996516376734,12.2023961544037,252.101287305355,0,1.26366817951202,0,23.2934836745262,0,156.121715843678,0,43.3252168893814,0,271.235610157251,0,226.456951439381,30.4886314868927,129.840671122074,9.49335607886314,56.4022793769836,9.08684730529785,86.9749391973019,44.2109976708889,31.10191193223,11.3680565655231,24.6781306862831,9.36811944842339,44.6262149810791,21.8587140440941,140.702813535929,19.3087422847748,53.6008068025112,10.6859319508076,22.6931943297386,1.27155309915543,0.473317205905914,6.81308877468109,1.15518793463707,1.84307363629341,5.38767957687378,0,0
1.28848910331726,0,0,0,69.2985547780991,0,2.86200928688049,0,78.2388307154179,1.71016407012939,0,0,9.08277142047882,0,107.907411664724,0,0,0,0,0,56.2694528102875,4.15788048505783,8.42289996147156,0,10.5129160284996,0,68.4651989340782,10.8856072723866,218.49484360218,0,4.85163879394531,4.54011476039886,0.743222057819366,0,7.79591026902199,2.89505338668823,558.754642575979,30.7314718663692,1182.51669752598,0,0,72.0689136981964,60.3640741705894,0,5.09053647518158,0,210.521592646837,1.20269727706909,18.4194498360157,0,88.3925094306469,0,20.43854829669,0,244.807066619396,6.91835141181946,0.549557387828827,0,15.667050242424,0,6.72208321094513,0,1.53465628623962,0,23.34264549613,0,25.0105965137482,1.01578414440155,3.10360944271088,0,400.690818578005,75.1296656727791,553.571683943272,9.64836698770523,381.279981166124,67.004145026207,195.185639262199,8.58838027715683,0,0,4.8809734582901,0,452.279854416847,3.25670146942139,91.6231865882874,2.23072302341461,714.460529208183,19.8155270516872,202.018691718578,13.5832250714302,10.3636180758476,0,3.74857145547867,0,6.47271594405174,0,1.04202699661255,0,3.52606666088104,0,1.87935620546341,0,3.01199626922607,0.411965936422348,11.0508616864681,3.06195738911629,1.8155671954155,0,4.99491858482361,1.78284817934036,0.507432103157043,0,0.983994424343109,0.888623595237732,0,2.78288394212723
0,0,0,2.66597026586533,0.724271476268768,222.727090418339,0,0,0,55.8785127401352,0,2.58300602436066,0,4.92012703418732,0.86365270614624,143.401985287666,0,0,0,0,21.739318549633,463.699663728476,0,0,0,12.1329840421677,3.14752370119095,120.217729657888,0.543438732624054,315.523818910122,0,0.603112936019897,0,0.964215755462646,10.5946629345417,6.872593075037,25.4469978809357,445.267447501421,4.72882950305939,1311.87924039364,72.0689136981964,0,25.1577523946762,189.594333708286,0,35.2269166707993,3.42473542690277,443.534512490034,0,77.5482184886932,0,179.069314479828,0,63.8171565830708,7.73830324411392,999.100382179022,0,1.08657377958298,0,36.2184370756149,0,5.25399485230446,0,1.48374217748642,0,17.0344993472099,0.644559442996979,81.8394160270691,0,0,33.0561583638191,387.104292064905,39.7197870016098,1269.72889596224,20.1158486008644,302.329261720181,17.9731650352478,220.635751575232,0,2.23402327299118,0,26.4449760913849,0,1651.52565276623,0,274.530053585768,21.4012719094753,2055.63267508149,7.328932762146,555.214791238308,0,5.9240762591362,0,4.9549572467804,0,12.5056684017181,0,3.44742143154144,0,11.3347087204456,0,0,0,3.34724336862564,0.398031920194626,4.5154387652874,0,1.52895820140839,1.82799834012985,0.889670073986053,1.50915884971619,1.27055895328522,0,0,0,0
0,0,0,0,0,0,0,0,0,0,0,0,0,0,0,0,1.36334359645844,0,63.4071735739708,2.12159019708633,0,0,23.0647556185722,0,0,0,0,0,236.469919592142,7.61302608251572,163.760633707047,0,238.51459172368,37.1541457474232,396.661637574434,387.083891749382,440.603502511978,128.955692410469,418.940581232309,24.0625088214874,60.3640741705894,25.1577523946762,0,2955.08298230171,15742.599396497,2205.53428202868,8633.57513147593,1137.54062047601,3514.57354992628,275.296319276094,1671.79517602921,32.3690494298935,665.791418224573,5.5592345893383,278.60067358613,46.4111501276493,0,4.25816828012466,106.809818446636,14.3530777096748,9.36378455162048,0,1.23854470252991,1.75137400627136,11.3823002576828,0,2233.04396548867,1068.42897933722,1.21330869197845,9.92513471841812,1.10044014453888,0.970212519168854,327.654468536377,27.1706509888172,1.26967358589172,0,323.395885139704,34.0347345471382,0.721983909606934,0,132.483225643635,3.67096340656281,13.9277682304382,0,79.0487007498741,3.97278952598572,7.02787438035011,0,290.528878986835,8.91702127456665,166.618147462606,0,0,0,11.1014747619629,0,17.3029661774635,0.923651158809662,276.768052816391,148.263004124165,0,0,0,0,0,0,0,0,0,0,0,5.94448167085648,0,0,0,0
0,0,0,0,0,0,0,0,0,0,0,0,0,0,0,0,0,0,0.389973014593124,7.46593907475471,0,0,0,4.04413545131683,0,0,0,0,0,44.029440253973,2.06433206796646,49.1310116946697,0,216.702124029398,256.382003366947,430.910319715738,70.8729636371136,430.264419138432,17.4812648296356,426.578673243523,0,189.594333708286,2955.08298230171,0,1629.11244851351,11483.1469359398,99.384139329195,8046.63272809982,372.109958797693,2236.88520255685,35.5490572452545,1225.50022795796,0,496.325782448053,0.712521135807037,361.83916130662,0,0,37.3580424785614,55.879808306694,5.96863639354706,0,0,1.44508498907089,2.63850808143616,2.04743766784668,649.572124153376,2808.87769109011,0,0.785294055938721,1.40726727247238,0.693157494068146,1.66302645206451,464.355853319168,0,33.3782098293304,46.0867494940758,325.205400824547,0,0,0,144.064660578966,0,67.9004988670349,0,165.161462187767,0,19.3110871613026,0,205.066001594067,0,10.6221906542778,0,0,0,18.4202888011932,0,15.1893017590046,0,172.011002659798,0,0,0,0,0,0,0,0,0,0,3.40239900350571,0,0,0,0,0
0,0,0,0,0,0,0,0,0,0,0,0,0,0,0,0,0,0,17.315199971199,0,0,0,3.05753964185715,0,0,0,0,0,51.9463587403297,0,26.2136806845665,0,155.504613101482,30.7365426719189,464.201602816582,551.049728274345,305.982431471348,76.5526131093502,195.19059753418,2.23203063011169,5.09053647518158,0,15742.599396497,1629.11244851351,0,1486.81310677528,3244.51349133253,63.6923403739929,4298.45505538583,82.3504200577736,643.840745419264,10.1551614999771,30.0482289195061,1.34795045852661,174.752327382565,2.78198885917664,2.86580586433411,0,183.0148396492,18.546843111515,21.5248269438744,0,0.492847979068756,0,20.0816922783852,0,2510.02327245474,1044.45340302587,0,0.502360165119171,2.13623738288879,0,166.839917212725,1.46557646989822,10.5092929601669,0,393.661829859018,28.4902275800705,0.538999438285828,0,64.915929466486,0,0,0,67.1670820713043,1.2749183177948,0,0,84.5475483834743,2.18963241577148,11.471208691597,0,0,0,1.53919458389282,0,8.62354588508606,0,19.9405295848846,0,0,0,0,0,0,0,0,0,0,0,0,0,0,0,0,0
0,3.38264203071594,0,3.52550882101059,0,0,0,1.42261898517609,0,0,0,0,0,0,0,0,0,0,0,6.00724738836288,0,0,0,0,0,0,0,0,0,28.7359041571617,0,0.958810746669769,10.1355508565903,49.0730701684952,573.833447188139,567.115068256855,132.458598673344,245.319755643606,57.6667990088463,178.247337192297,0,35.2269166707993,2205.53428202868,11483.1469359398,1486.81310677528,0,51.6230154037476,2632.74860617518,41.5370569825172,4855.05881762505,1.96776258945465,968.392346531153,0,123.163779258728,0,197.978690177202,0,2.47042524814606,62.2710785269737,342.176454275846,1.68262541294098,3.59056755900383,0,13.3797790706158,3.84590530395508,4.48860874772072,937.779211163521,3194.05521559715,0,0,1.02829849720001,2.40141952037811,1.44359290599823,267.088120609522,0,31.1326656937599,63.2250410318375,322.63067522645,0,4.54631572961807,0,74.2781317234039,0,0,0,96.1040806472301,0,0,0,141.155497401953,0,0.707901000976562,0,0,0,1.50040864944458,0.571987330913544,7.30107679963112,0,6.23898541927338,0,0,0,0,0,0,0,0,0,0,4.68335944414139,0,0,0,0,0
3.75369942188263,0,2.04388147592545,0,3.05393725633621,0,3.54059219360352,0,0.851940810680389,0,0,0,1.21939790248871,0,1.34628093242645,0,0,0,12.0916330218315,1.60431849956512,0.655668139457703,0,1.77004641294479,0,0,0,0.54494321346283,0,439.814380824566,0,14.3423271775246,0,41.3655036985874,8.7507980465889,249.956930249929,174.987482637167,904.790740072727,122.117921054363,899.478832244873,31.6589359641075,210.521592646837,3.42473542690277,8633.57513147593,99.384139329195,3244.51349133253,51.6230154037476,0,58.5609067678452,1262.6507871747,6.91713786125183,2058.36047327518,0,2043.85002967715,0,2941.08151650429,21.1947023272514,0.910792589187622,0,69.3098991513252,9.55940818786621,14.0481764674187,0,2.30297270417213,0,33.4146186411381,0,987.897497415543,366.92555731535,1.32416260242462,0.60736495256424,20.783738732338,1.9880656003952,384.252134799957,1.98930597305298,15.8657382726669,0,599.619900316,33.0457362532616,0,0,124.739349901676,0,26.3606427311897,0,186.016693860292,0,110.702468335629,0,941.05551046133,1.77198994159698,341.027487844229,0,7.13695815205574,0,83.6573910117149,0,26.2526007592678,0,398.411150366068,0,3.67989185452461,0,5.83265107870102,0.50584214925766,6.57471805810928,1.47452300786972,0.68822455406189,0,6.83039990067482,68.4894971251488,0.679764568805695,12.9518590867519,2.18533396720886,4.94454935193062,2.99124857783318,0.485317349433899
0,22.2848660945892,0,11.4670814871788,0.980638444423676,0.809513509273529,0,3.97750568389893,0,0,0,0.582557857036591,0,0,0,0.483400374650955,0,0,1.17582046985626,43.3369042575359,0,0,0,17.3378320336342,0,0,0,0,0,35.0413978099823,2.34604242444038,85.3162222504616,13.148040831089,272.451229184866,112.72335472703,211.575312942266,38.493105173111,875.367593407631,8.04828977584839,1017.35132956505,1.20269727706909,443.534512490034,1137.54062047601,8046.63272809982,63.6923403739929,2632.74860617518,58.5609067678452,0,2.90439033508301,479.790701508522,0,899.715493232012,0,1363.25647309422,0.944306194782257,2930.97008085251,0,14.4348378181458,16.9158579707146,67.1738297045231,0,1.25038397312164,1.22043693065643,12.8472976088524,0,2.5575960278511,285.277014672756,1504.39529806376,0,3.89081680774689,4.61216974258423,37.2878393828869,6.65708124637604,487.576309889555,0.897026836872101,32.1129742860794,45.5281258821487,777.675443887711,0,0,0,40.9582316875458,0,38.6612113118172,0,185.496845901012,0,79.624536305666,0,579.428585797548,0.615349352359772,72.8005983233452,0,0.994012415409088,7.62310257554054,44.32644790411,1.70536613464355,87.1324244141579,0,491.895944476128,0,0,1.0517058968544,4.69518116116524,1.44274106621742,7.06741479039192,0,1.25313359498978,12.4447466731071,79.374166727066,31.2170081138611,0.412746638059616,2.28423941135406,3.46217396855354,0,0
0,0,0,0,0,0,3.35543495416641,0,0,0,0,0,0,0,0,0,1.42547786235809,0,1.46651870012283,0,0,0,0,0,0,0,0,0,177.350867331028,0,0,0,4.27183103561401,6.32664179801941,209.235956579447,439.38104107976,519.252163380384,29.1152405738831,114.585339635611,0,18.4194498360157,0,3514.57354992628,372.109958797693,4298.45505538583,41.5370569825172,1262.6507871747,2.90439033508301,0,15.5681304931641,7081.43878743052,0,188.341009140015,0,687.632039040327,1.76721930503845,1.3259311914444,0,1393.20901164412,2.96557760238647,348.63512969017,0,2.59571462869644,0,82.5977507829666,0,1105.71925824881,425.77495443821,0,0,15.8137555122375,0,352.475168436766,0,13.4515841603279,0,669.659274935722,28.0195108354092,1.19026756286621,0,211.442287385464,0,0.571700692176819,0,126.069410353899,0,0,0,246.002088099718,0,21.2778141796589,0,0,0,13.1736269593239,0,5.77692151069641,0,16.1326260566711,0,0,0,0,0,0,0,0,0,0,0,0,0,0,0,0,0
0,4.48015820980072,0,2.89978730678558,0,0,0,1.37315112352371,0,0,0,0,0,0,0,0,0,0,0,0,0,0,0,0,0,0,0,0,0,42.0489632487297,0,0,0.770745635032654,0,231.248343318701,343.311106413603,40.5657026469707,328.417814314365,0,72.234316945076,0,77.5482184886932,275.296319276094,2236.88520255685,82.3504200577736,4855.05881762505,6.91713786125183,479.790701508522,15.5681304931641,0,0,5551.93282976747,0,624.001030683517,0,486.552571177483,0,14.7625081539154,2.355135679245,1505.60217100382,0,24.0990276038647,0,16.866580426693,0,375.269649595022,258.677726507187,648.868633031845,0,0,0,4.31977605819702,0,381.88928565383,0,81.9875985682011,37.9171546697617,411.02963411808,0,2.34052956104279,0,203.237391203642,0,8.13010746240616,0,310.80140760541,0,1.42417073249817,0,302.223582029343,0,0.888142377138138,0,0,0,0,0,0.83619099855423,0,2.71995264291763,0,0,0,0,0,0,0,0,0,0,0,0,0,0,0,0
37.2140262126923,0,16.5443015694618,0,0,0,264.615586876869,0,0,0,8.26971614360809,0,4.03216922283173,0,0,0,4.1170300245285,0,4.24222159385681,0,0,0,0,0,0,0,0,0,498.048440039158,0,0,0,0,7.86904841661453,65.0180568099022,97.2889288365841,625.602497935295,8.29086551070213,113.886509627104,0,88.3925094306469,0,1671.79517602921,35.5490572452545,643.840745419264,1.96776258945465,2058.36047327518,0,7081.43878743052,0,0,0,2606.69234985113,0,2961.4100163281,0,114.354705125093,0,1883.15483188629,0,1481.33520531654,0,18.485567688942,0,1205.55752953887,0,416.209300071001,99.3312077522278,1.86742401123047,0,100.17318585515,0,641.391865104437,0,46.3610293567181,0,684.283404260874,13.7643309831619,6.19425535202026,0,626.475394755602,0,66.2994230389595,0,3404.87173783779,0,7.51044648885727,0,1744.87275731564,0,16.8138671219349,0,0,0,37.5836544036865,0,10.2964147925377,0,5.11617416143417,0,0,0,0,0,0,0,0,0,0,0,0,0,0,0,0,0
0,55.6412494182587,0,0.906437337398529,0,0,0,51.5161415934563,0,0,0,0,0,0,0,0,0,0.99377453327179,0,1.1703594326973,0,0,0,0,0,0,0,0,0,82.2609879076481,0,0,0,2.63619351387024,92.0246136188507,86.2185760140419,18.2182867228985,550.378114193678,0,93.4382728338242,0,179.069314479828,32.3690494298935,1225.50022795796,10.1551614999771,968.392346531153,0,899.715493232012,0,5551.93282976747,0,0,0,4384.3610881269,0,1168.39861238003,0,86.4859448373318,0,1810.21876397729,0,71.299707531929,0,31.3153481483459,0,1001.31202730536,94.5670553147793,426.624178558588,0,0,0,34.9948801994324,0,616.995969384909,0,114.924405008554,23.8412981629372,644.588236033916,0,23.5779604911804,0,784.504047811031,0,55.9748264551163,0,4208.58940577507,0,12.9689311981201,0,1694.09670591354,0,1.92136186361313,0,0,0,20.9467712640762,0,1.3130556344986,0,10.6478357315063,0,0,0,0,0,0,0,0,1.01784491539001,0,0,0,0,0,0,0
0,0,0,0,0,0,0,0,0,0,0,0,2.73219203948975,0,0,0,0,0,0,0,0,0,0,0,0,0,0,0,53.9028955698013,0,0,0,0,0,7.73401260375977,0.745484471321106,59.2363310754299,0,10.4913644492626,0,20.43854829669,0,665.791418224573,0,30.0482289195061,0,2043.85002967715,0,188.341009140015,0,2606.69234985113,0,0,0,2743.99652224779,0,2.27645468711853,0,3.54069826006889,0,9.88692855834961,0,0,0,11.8184185922146,0,12.2055658102036,1.08483445644379,0,0,0,0,36.1283676326275,0,2.13869380950928,0,32.0345928072929,0,0,0,7.07663989067078,0,2.27855134010315,0,283.130057424307,0,4.54654484987259,0,802.088004380465,0,31.6170521974564,0,0,0,1.02353084087372,0,0,0,0.765647411346436,0,0,0,0,0,0,0,0,0,0,0,0,0,0,0,0,0
0,0,0,0,0,0,0,0,0,0,0,0,0,0,0,0,0,0,0,0,0,0,0,0,0,0,0,0,0,10.241354316473,0,0,0,0.591860294342041,3.69300228357315,6.33148396015167,2.53750348091125,125.80765324831,0,51.2527818977833,0,63.8171565830708,5.5592345893383,496.325782448053,1.34795045852661,123.163779258728,0,1363.25647309422,0,624.001030683517,0,4384.3610881269,0,0,0,2947.32508531213,0,0,0,6.08320298790932,0,0,0,1.86189723014832,0,4.75381365418434,5.990228921175,30.8328441679478,0,0,0,0.537142395973206,0,91.9049298465252,0,3.3878670334816,2.52154511213303,42.06110227108,0,0,0,18.7803137302399,0,1.96394753456116,0,505.988721132278,0,13.4070418179035,0,1505.30992490053,0,2.40792906284332,0,0,0,0,0,0,0,11.6114699244499,0,0,0,0,0,0,0,0,0,0,0,0,0,0,0,0
0,0,0,0,5.42120999097824,0,0,0,1.71737104654312,0,2.47320938110352,0,0,0,2.48358368873596,0,1.56435310840607,0,0,0,5.41975837945938,0,0,0,0,0,3.31818702816963,0,106.002284169197,0,0.461244583129883,0,2.22585594654083,0,37.2961313128471,22.4072063565254,1559.15092030168,4.67231947183609,1201.50514954329,4.13988584280014,244.807066619396,7.73830324411392,278.60067358613,0.712521135807037,174.752327382565,0,2941.08151650429,0.944306194782257,687.632039040327,0,2961.4100163281,0,2743.99652224779,0,0,0,5.17697823047638,0,22.6858437359333,0,23.2839285433292,0,2.33937340974808,0,36.6460952758789,0,131.762473642826,8.90815749764442,0,0,20.0676562786102,6.69089943170547,82.5438031554222,0,16.2850262522697,8.99755108356476,188.158170998096,5.05711579322815,0.685050249099731,0,29.2422549128532,0,80.2740615606308,0,284.572115689516,0,401.000326216221,0,3452.65128880739,0,74.7840457856655,0,0,0,18.66057741642,0,1.19793754816055,0,11.7807454764843,0,0,0,0,0,2.28872933983803,0,0,0,0,0,0,0,0,0,0,0
0,0,0,0,0,2.82998734712601,0,0,0,0,0,0,0,0,0,4.014439702034,0,0,0,0,1.40509015321732,4.42792510986328,0,0,0,0.48400205373764,0,1.19685870409012,0,15.640661239624,0,0,0.8907191157341,7.68961787223816,23.1750627458096,48.7163325548172,14.1322066783905,1802.92622292042,4.87477171421051,1706.30516386032,6.91835141181946,999.100382179022,46.4111501276493,361.83916130662,2.78198885917664,197.978690177202,21.1947023272514,2930.97008085251,1.76721930503845,486.552571177483,0,1168.39861238003,0,2947.32508531213,0,0,0,0,3.1421947479248,32.2911784052849,0,0,0,8.9674488902092,0,18.0050159096718,37.8733519911766,247.761783331633,0,0,7.49863994121552,24.2509829998016,8.34089702367783,100.40825304389,6.58755439519882,34.3982644379139,13.1137298345566,206.857987016439,0,0.580267131328583,0,12.4832982420921,0,40.6944314241409,0,365.242843538523,0,496.492105692625,0,3869.68174499273,0,18.2127909958363,0,0,0,3.23541188240051,0,7.20915895700455,0,72.1740365326405,0,0,0,0,0,1.20421254634857,0,0,0,0,0,0,0,0,0,0
10014.9990184605,52.8383792638779,387.935693621635,76.6496101915836,0,0,629.116557538509,13.1586095094681,0,0,439.345474690199,0,127.380607455969,0,2.25379520654678,0,2241.26740440726,1.01033210754395,316.733247369528,318.886073768139,0,0,1.81178599596024,0,0,0,0,0,675.798680454493,0,7.49652767181396,0,37.6964539885521,297.562552154064,1.63557332754135,1.57043325901031,436.064426779747,0,288.337769150734,0,0.549557387828827,0,0,0,2.86580586433411,0,0.910792589187622,0,1.3259311914444,0,114.354705125093,0,2.27645468711853,0,5.17697823047638,0,0,5.3737325668335,2336.47713935375,0,4223.88399899006,0,2304.65644100308,0,347.590383440256,0,593.52641326189,35.3555716276169,1899.07069438696,81.5917074680328,1163.86520153284,131.365518689156,1878.10788652301,6.50419902801514,587.955056041479,2.70552796125412,3382.68939337134,121.38557189703,49.4071635007858,0,58.80285602808,2.43092823028564,0,0,344.335168987513,0,0,0,157.859059810638,0,0,0,0,0,103.646666318178,0,27.1058980226517,0,0,0,0,0,0,0,0,0,2.06565427780151,0,3.76946049928665,2.70512473583221,0,0,0,0,0,0
0,10959.9099000692,1.0827020406723,812.657138347626,0,0,0,807.445652484894,0,0,0,122.028315365314,0,61.8782281279564,0,0.846331477165222,3.87925565242767,1087.00082480907,18.1945732235909,523.314878374338,0,0,0,9.86864095926285,0,0,0,0,0.597948253154755,216.752257436514,0,3.4193908572197,65.3645797669888,200.658776700497,8.35709601640701,2.02531290054321,16.7350491285324,242.17249199748,0,284.598808765411,0,1.08657377958298,4.25816828012466,0,0,2.47042524814606,0,14.4348378181458,0,14.7625081539154,0,86.4859448373318,0,0,0,0,5.3737325668335,0,5.09175872802734,2495.80999994278,1.44339990615845,1429.55607298017,3.37272727489471,2997.04852926731,0,341.975717067719,84.522295743227,791.43335583806,15.2860997915268,1854.44199848175,185.673989474773,911.771642893553,1.14934992790222,1777.72427016497,0,626.648029446602,138.15329182148,3120.73291814327,2.26227784156799,67.4858214259148,1.19819700717926,203.031406968832,0,1.47080206871033,0,90.7713022530079,0,0,0,69.9596729576588,0,0,0,0,0,101.863396763802,0,0,0,0,0,0,0,0,0,0,0,4.63980436325073,2.67041754722595,0,0,0,0,0,0,0
968.594907075167,0,501.938323020935,0,0,0,585.693432897329,0,0,0,84.7374691367149,0,32.4447383284569,0,0,0,67.2956750094891,0,239.914462476969,10.3356413245201,0,0,1.41146552562714,0,0,0,0,0,415.765505284071,0,3.92864412069321,0,44.950298666954,229.390194386244,80.0178315043449,69.6852835118771,455.763064652681,78.6812525987625,174.236497372389,3.55073237419128,15.667050242424,0,106.809818446636,37.3580424785614,183.0148396492,62.2710785269737,69.3098991513252,16.9158579707146,1393.20901164412,2.355135679245,1883.15483188629,0,3.54069826006889,0,22.6858437359333,3.1421947479248,2336.47713935375,5.09175872802734,0,4.57389450073242,4139.30242452025,0,308.426658570766,0,1210.89778614044,0,2709.9326891005,368.967305719852,429.928578495979,26.716596364975,253.291794240475,37.9681457281113,779.456122666597,3.39896178245544,194.012832432985,0,1521.97881156206,118.117297172546,47.6323690414429,0,614.548559606075,0,1.92360639572144,0,361.364907443523,0,0,0,189.179842829704,0,0,0,0,0,107.475455999374,0,19.0131289362907,0,0,0,0,0,0,0,0,0,0,0,0,1.59146398305893,0,0,0,0,0,0
0,721.738700568676,0,370.443136304617,0,0,0,778.759193003178,0,0,0,59.5976297855377,0,20.9180580973625,0,0,0,42.8553941547871,0,193.415556579828,0,0,0,0,0,0,0,0,0,87.0531928837299,0,1.8837702870369,16.5160032510757,49.8529696464539,77.5710058510303,63.0248685479164,22.0796999633312,360.364318102598,2.25200843811035,99.4736182391644,0,36.2184370756149,14.3530777096748,55.879808306694,18.546843111515,342.176454275846,9.55940818786621,67.1738297045231,2.96557760238647,1505.60217100382,0,1810.21876397729,0,6.08320298790932,0,32.2911784052849,0,2495.80999994278,4.57389450073242,0,0,2066.42612010241,0,854.242784291506,0,1819.50140622258,147.427954077721,1951.77357131243,0,49.1586131155491,14.6259552240372,189.729530394077,0,708.376961797476,0,199.944434136152,62.2517654895782,1169.34722718596,0,104.740153461695,0,892.513610631227,0,16.7101047635078,0,241.391896337271,0,0.494943916797638,0,313.902461439371,0,0,0,0,0,27.9287664592266,0,0,0,0,0,0,0,0,0,0,0,0,0,0,0,0,0,0,0,0
549.834920585155,0,61.8081287145615,0,0,0,694.584875285625,0,0,0,1001.7996147573,0,284.685010015965,0,0,0,495.18441683054,0,32.1388688087463,4.55034303665161,0,0,0,0,0,0,0,0,263.796696186066,0,0.985091090202332,0,0.688492357730865,43.2815344333649,15.4855054020882,16.0808418989182,227.255140960217,2.27216219902039,53.2023691534996,0,6.72208321094513,0,9.36378455162048,5.96863639354706,21.5248269438744,1.68262541294098,14.0481764674187,0,348.63512969017,0,1481.33520531654,0,9.88692855834961,0,23.2839285433292,0,4223.88399899006,1.44339990615845,4139.30242452025,0,0,0,2791.03807953,0,3893.20819017291,0,231.565272837877,36.0459917187691,11.6511826217175,7.17814493179321,324.339701622725,15.4226986169815,480.382938355207,0,92.5551556944847,0,856.28380766511,46.4672828912735,17.396495193243,0,308.323832154274,0,3.16366231441498,0,861.149141997099,0,0,0,252.074176758528,0,0,0,0,0,43.6962638795376,0,8.70378252863884,0,0,0,0,0,0,0,0,0,0,0,0,0,0,0,0,0,0,0
0,524.893442094326,0,59.3119381666183,0,0,0,374.003620803356,0,0,0,392.748411625624,0,195.147983670235,0,0,0,190.406122565269,0,19.7259947061539,0,0,0,0,0,0,0,0,0,33.2649666070938,0,0,1.98719209432602,1.35526311397552,7.09499484300613,1.41179096698761,0,15.517652541399,0,5.95664638280869,0,5.25399485230446,0,0,0,3.59056755900383,0,1.25038397312164,0,24.0990276038647,0,71.299707531929,0,0,0,0,0,1429.55607298017,0,2066.42612010241,0,0,0,2512.87436321378,0,3145.33800691366,3.42510312795639,84.0723782479763,0,0,1.79047954082489,130.926631689072,0,141.577715873718,0,28.3011437654495,6.00229012966156,147.184031128883,0,14.9575599133968,0,178.556083381176,0,2.98025649785995,0,258.488070726395,0,0,0,54.28214854002,0,0,0,0,0,7.32547247409821,0,0,0,0,0,0,0,0,0,0,0,0,0,0,0,0,0,0,0,0
79.0378643870354,0,21.6237162351608,0,0,0,71.2034846544266,0,0,0,892.984960734844,0,200.189911484718,0,4.25142455101013,0,2013.20689681172,0,4.84951391816139,2.67842578887939,0,0,0.540020167827606,0,0,0,0,0,790.442049145699,0,0,0,0,41.5502603054047,9.74378132820129,6.86745071411133,96.3868332803249,0.915629684925079,55.1550489068031,0,1.53465628623962,0,1.23854470252991,0,0.492847979068756,0,2.30297270417213,1.22043693065643,2.59571462869644,0,18.485567688942,0,0,0,2.33937340974808,0,2304.65644100308,3.37272727489471,308.426658570766,0,2791.03807953,0,0,0,525.245915055275,0,115.348779737949,14.8733295202255,14.9029892981052,6.04137855768204,181.231362938881,16.8619800806046,449.347982138395,0.701972246170044,70.6047004163265,0,615.921430855989,34.8978651165962,58.6919811666012,0,1668.60745358467,0,20.7507066130638,0,1337.10707622766,0,3.79349613189697,0,394.636100560427,0,0,0,0,0,34.7494106590748,0,10.0504502654076,0,2.9157977104187,0,0,0,0,0,1.6770555973053,0,0,0,0,0,0,0,0,0,0,0
0,307.461383879185,0,68.2608550488949,0,0,0,261.032680094242,0,0,0,548.548538982868,0,300.990877300501,0,0.792884469032288,0.624539017677307,2095.63937905431,0,47.6028044819832,0,0,0,5.25727295875549,0,0,0,0,0,454.916377574205,0,0,10.9413937926292,19.7949367463589,16.5985655784607,4.2033970952034,0.826816022396088,63.2509325444698,0,36.3003449738026,0,1.48374217748642,1.75137400627136,1.44508498907089,0,13.3797790706158,0,12.8472976088524,0,16.866580426693,0,31.3153481483459,0,1.86189723014832,0,8.9674488902092,0,2997.04852926731,0,854.242784291506,0,2512.87436321378,0,0,0,1001.80096629262,13.8905675411224,394.304461240768,3.15583860874176,41.2223054170609,8.75014010071754,277.306461721659,0,994.218282014132,0,109.604905545712,16.0521041750908,536.090715199709,0,124.80751991272,0,1937.56658357382,0,5.31113535165787,0,1628.23616597056,0,0.644514381885529,0,430.007674187422,0,0,0,0,0,11.1358570456505,0,0,0,0,0,0,0,0,0,0,0,0,0,0,0,0,0,0,0,0
234.059556156397,0,41.2465626001358,0,0,0,537.409115254879,0,0,0,263.391267687082,0,123.998004674911,0,0,0,27.7948524951935,0,11.0131326317787,0,0,0,0,0,0,0,0,0,163.133746623993,0,0,0,2.24398946762085,26.0792845487595,13.053791821003,3.78941124677658,283.617648512125,9.88191002607346,55.6343192458153,0,23.34264549613,0,11.3823002576828,2.63850808143616,20.0816922783852,3.84590530395508,33.4146186411381,0,82.5977507829666,0,1205.55752953887,0,11.8184185922146,0,36.6460952758789,0,347.590383440256,0,1210.89778614044,0,3893.20819017291,0,525.245915055275,0,0,0,141.179108321667,50.10404920578,0.573254585266113,0,137.262262940407,3.69923639297485,308.756760805845,0,60.5343895852566,0,489.572417199612,5.8855676651001,8.39564234018326,0,375.460174113512,0,29.3533775806427,0,3743.75649362803,0,0,0,497.837635487318,0,0,0,0,0,35.3937644064426,0,10.6651785373688,0,0,0,0,0,0,0,0,0,0,0,0,0,0,0,0,0,0,0
0,489.794869482517,0,52.8607631921768,0,0,0,751.346347302198,0,0,0,242.428010940552,0,133.205901503563,0,0,0,54.5136186480522,0,14.1137815117836,0,0,0,0,0,0,0,0,0,18.955664396286,1.19170415401459,1.49334144592285,0,8.03860324621201,9.27315491437912,3.40432852506638,0,84.2339662909508,0,11.8147637546062,0,17.0344993472099,0,2.04743766784668,0,4.48860874772072,0,2.5575960278511,0,375.269649595022,0,1001.31202730536,0,4.75381365418434,0,18.0050159096718,0,341.975717067719,0,1819.50140622258,0,3145.33800691366,0,1001.80096629262,0,0,7.41436141729355,92.0993458330631,0,2.8179624080658,0.57994157075882,274.248691916466,0,210.429425030947,0,62.5736209154129,2.3878225684166,220.406694769859,0,12.590311050415,0,727.656370490789,0,19.3448449671268,0,3985.76473325491,0,0.846770703792572,0,628.677069693804,0,0,0,0,0,3.98457163572311,0,0,0,0,0,0,0,0,0,0,0,0,0,0,0,0,0,0,0,0
194.354084312916,11.4461081027985,656.808263778687,1.67559421062469,0,0,79.5037840008736,0,0,0,3.31429100036621,0,1.61816096305847,0,0,0,24.2328491806984,3.6803971529007,2257.84205797315,131.557897746563,0,0,93.9209961593151,0,0,0,0,0,157.272445231676,3.83991938829422,620.393993645906,12.3162699043751,4352.5076482594,1491.55224150419,2226.94794163108,493.054113984108,539.674687385559,422.562179535627,402.428943693638,47.264001429081,25.0105965137482,0.644559442996979,2233.04396548867,649.572124153376,2510.02327245474,937.779211163521,987.897497415543,285.277014672756,1105.71925824881,258.677726507187,416.209300071001,94.5670553147793,12.2055658102036,5.990228921175,131.762473642826,37.8733519911766,593.52641326189,84.522295743227,2709.9326891005,147.427954077721,231.565272837877,3.42510312795639,115.348779737949,13.8905675411224,141.179108321667,7.41436141729355,0,3096.28925028443,2864.40402939916,296.885251104832,306.536363422871,139.567898124456,324.753152102232,51.7675709426403,62.836310595274,2.89901250600815,1393.54508346319,413.003341943026,11.4734452366829,0.893221437931061,305.663954496384,8.99422511458397,4.10507923364639,0,151.459466904402,1.73994046449661,5.04406952857971,0,100.431466072798,11.7615852355957,2.46321892738342,0,0,0,56.3898640275002,0,9.34309995174408,1.62057441473007,4.36463207006454,2.43394792079926,0,0,0,0,0,0,0,0,0,0,0,0,0,0,0,0
0.96466189622879,97.0124973058701,0,660.460792571306,0,0,0,27.9852184057236,0,0.645267188549042,0,0,0,0,0,0,2.99974125623703,7.09656471014023,5.60245090723038,1550.6565605402,0,0,1.98473584651947,79.0441319644451,0,0,0,0,11.2218161225319,35.0585289597511,10.7483555078506,351.075974360108,215.789545476437,4685.22981208563,628.874469727278,1263.80198213458,450.183637797832,748.866286456585,121.995153486729,505.669714838266,1.01578414440155,81.8394160270691,1068.42897933722,2808.87769109011,1044.45340302587,3194.05521559715,366.92555731535,1504.39529806376,425.77495443821,648.868633031845,99.3312077522278,426.624178558588,1.08483445644379,30.8328441679478,8.90815749764442,247.761783331633,35.3555716276169,791.43335583806,368.967305719852,1951.77357131243,36.0459917187691,84.0723782479763,14.8733295202255,394.304461240768,50.10404920578,92.0993458330631,3096.28925028443,0,19.978059232235,703.017150789499,107.645326405764,119.536445945501,31.9736035466194,377.067095428705,4.56194853782654,133.076859593391,420.626740902662,1168.41648030281,1.73630928993225,64.1956241726875,7.48912167549133,535.945338308811,0,10.1774708628654,5.31825137138367,164.870249927044,0,11.8322129547596,0,374.413509935141,0,0,0,0,0,26.0317065119743,0,3.47789281606674,0,1.98476648330688,0,0,0,0,0,1.06741583347321,0,0.525139093399048,0,0,0,0,0,0,0,0
1518.07078784704,218.935743451118,291.59234392643,181.405310213566,0,0,20.1490817964077,24.3055704832077,0,0,35.0771356225014,0,14.9224621653557,0,0,0,27.828416466713,0,2089.66767778993,1344.11415597796,0,0,11.7415380477905,0,0,0,0,0,47.1816250681877,3.9074604511261,40.7329566776752,2.76840037107468,1505.04397043586,985.311010032892,2.85538554191589,0,167.889071255922,0,107.017220824957,0,3.10360944271088,0,1.21330869197845,0,0,0,1.32416260242462,0,0,0,1.86742401123047,0,0,0,0,0,1899.07069438696,15.2860997915268,429.928578495979,0,11.6511826217175,0,14.9029892981052,3.15583860874176,0.573254585266113,0,2864.40402939916,19.978059232235,0,140.923249512911,1160.85229614377,235.02092346549,299.610926985741,3.87326633930206,187.218742728233,1.91507506370544,2324.21668717265,310.054564028978,0,0,12.0990028977394,0,0,0,0,0,0,0,0,0,0,0,0,0,31.724109351635,0,11.575433075428,0,0,0,0,0,0,0,0,0,0,0,0,0,0,0,0,0,0,0
0,1553.41241195798,0,274.694599688053,0,0,0,2.67286342382431,0,0,0,1.19668805599213,0,0,0,0,11.6876071691513,5.91791081428528,8.46098735928535,2521.67710974813,0,0,0,13.2540579140186,0,0,0,0,1.43871778249741,6.66806131601334,1.18269091844559,14.4173218011856,140.643622457981,919.707145512104,9.01561135053635,0,3.31571745872498,23.8859131932259,0,49.3301032185555,0,0,9.92513471841812,0.785294055938721,0.502360165119171,0,0.60736495256424,3.89081680774689,0,0,0,0,0,0,0,0,81.5917074680328,1854.44199848175,26.716596364975,49.1586131155491,7.17814493179321,0,6.04137855768204,41.2223054170609,0,2.8179624080658,296.885251104832,703.017150789499,140.923249512911,0,163.768760442734,334.181789427996,9.1567285656929,64.2355877757072,0.825196385383606,51.909171640873,162.021635979414,882.459379553795,0,3.78138583898544,2.16984677314758,6.10795891284943,0,0,0,7.09488201141357,0,0,0,4.35421770811081,0,0,0,0,0,12.7618700265884,0,0,0,0,0,0,0,0,0,0,0,0,0,0,0,0,0,0,0,0
1754.46163824201,264.563709974289,2310.78772759438,672.305509388447,624.641199052334,178.738056242466,3464.09776180983,530.190285384655,742.049089759588,306.668312370777,852.671369165182,56.8663957118988,1245.0153414011,56.1666203737259,362.387474477291,33.5625079274178,237.891823083162,9.34418648481369,1766.50467288494,1013.25746285915,883.833101034164,282.918954491615,1709.36963924766,1012.50346875191,322.715325981379,348.932711899281,629.751021265984,182.425840586424,489.597084671259,2.76573878526688,946.310423731804,490.345384925604,140.169594138861,341.6138689816,6.80035945773125,3.24965363740921,439.835671782494,21.9135046601295,120.783862292767,7.60174947977066,400.690818578005,33.0561583638191,1.10044014453888,1.40726727247238,2.13623738288879,1.02829849720001,20.783738732338,4.61216974258423,15.8137555122375,0,100.17318585515,0,0,0,20.0676562786102,7.49863994121552,1163.86520153284,185.673989474773,253.291794240475,14.6259552240372,324.339701622725,1.79047954082489,181.231362938881,8.75014010071754,137.262262940407,0.57994157075882,306.536363422871,107.645326405764,1160.85229614377,163.768760442734,0,966.855641186237,3935.22653484344,151.436449408531,2996.62982818484,64.8439784646034,8360.87405535579,354.822197765112,5.99443167448044,0.541783452033997,72.7209438383579,0.643927812576294,14.7153771519661,1.14634442329407,294.469851464033,1.98639339208603,35.449108839035,8.73592263460159,308.917789280415,6.30127614736557,25.8020875751972,10.2968159914017,12.3756825327873,0,211.197978377342,27.0947244167328,72.6071838438511,6.75888842344284,32.4836246967316,7.78064334392548,11.0687401890755,0.583901882171631,50.8916455209255,11.5956143736839,253.676665395498,50.6684017181396,25.4171028733253,10.553759098053,30.3622155189514,13.5857912302017,3.28134334087372,0,5.27801364660263,3.88023632764816,1.06100153923035,8.23875057697296
188.439422219992,2541.12437582016,754.202793329954,2423.17405313253,108.992568224669,658.71019628644,686.087317854166,3960.58961424232,50.1310868859291,1674.0575401783,57.683424949646,827.880991369486,60.0078852176666,1194.58408498764,24.9213254451752,834.336658537388,15.9444664120674,273.116596251726,883.635261714458,1490.81575262547,129.685650199652,638.7362023592,1230.19927790761,1244.14078783989,100.251901745796,459.795685976744,149.80911898613,353.733074098825,31.9413633942604,63.3819217085838,435.11286765337,661.577075362206,141.790829181671,178.101582974195,2.16950750350952,3.24806174635887,39.3767911493778,273.439954459667,17.2657604217529,77.1964150071144,75.1296656727791,387.104292064905,0.970212519168854,0.693157494068146,0,2.40141952037811,1.9880656003952,37.2878393828869,0,4.31977605819702,0,34.9948801994324,0,0.537142395973206,6.69089943170547,24.2509829998016,131.365518689156,911.771642893553,37.9681457281113,189.729530394077,15.4226986169815,130.926631689072,16.8619800806046,277.306461721659,3.69923639297485,274.248691916466,139.567898124456,119.536445945501,235.02092346549,334.181789427996,966.855641186237,0,278.483385801315,3953.00541478395,83.837098300457,3601.32595276833,290.155705779791,10664.3600245416,0,5.4216970205307,1.31600868701935,80.9464521408081,3.55741143226624,10.5176585912704,2.50191605091095,371.081824839115,19.1259349584579,37.464549779892,13.4898416399956,192.370978653431,4.14988023042679,13.9577924311161,0,6.27197068929672,22.459911108017,131.936715662479,36.5366576015949,16.2012389600277,21.582597464323,2.8645635843277,1.91919493675232,2.94427466392517,10.8372778296471,44.5137822329998,50.7631620168686,105.499953567982,10.1892982125282,13.8085425794125,27.7484750151634,11.2140857279301,6.98925524950027,0.567754328250885,3.00363755226135,4.87105268239975,2.82705539464951,3.82438772916794
1384.92572948337,26.4951174259186,2593.83410531282,203.769540816545,602.729110300541,35.7076649367809,1339.0026076138,166.618312180042,1351.59187093377,67.4338121414185,670.128252387047,10.4640290141106,1564.89582204819,10.9696937203407,2326.1395278573,2.74394541978836,523.370252758265,0,1291.9797642827,224.022837221622,126.196411788464,10.0657529234886,1050.00690120459,379.029753565788,112.732389211655,85.359424829483,299.10397541523,12.0803642868996,2062.99805852771,1.79241764545441,116.535881191492,149.767169356346,43.5904377698898,89.6813322901726,32.8895213603973,36.8047794699669,414.069100528955,21.2857005000114,73.2529632747173,5.25134968757629,553.571683943272,39.7197870016098,327.654468536377,1.66302645206451,166.839917212725,1.44359290599823,384.252134799957,6.65708124637604,352.475168436766,0,641.391865104437,0,36.1283676326275,0,82.5438031554222,8.34089702367783,1878.10788652301,1.14934992790222,779.456122666597,0,480.382938355207,0,449.347982138395,0,308.756760805845,0,324.753152102232,31.9736035466194,299.610926985741,9.1567285656929,3935.22653484344,278.483385801315,0,42.3636386990547,2278.07384634018,47.8531003594398,1690.73186194897,41.1276888251305,32.49397534132,0,361.471581667662,0,105.287381768227,1.02773189544678,393.8477909863,0,105.852369606495,6.96038293838501,274.594107568264,8.83230376243591,33.089969933033,8.41314303874969,3.85384830832481,0.905396938323975,130.550669074059,14.6790006160736,38.077195674181,10.6687488555908,27.5733757615089,11.3736458420753,9.74090692400932,0,28.9222277104855,23.8132470846176,128.87223815918,32.8868892192841,23.7783861756325,1.01522660255432,16.6456598639488,7.43982130289078,3.70471215248108,0,2.55996978282928,2.12310585379601,2.10837024450302,5.31018126010895
25.5860041677952,1186.07012304664,151.697599649429,1302.71771848202,11.4957908987999,854.635378181934,139.952039003372,817.997225254774,16.2087334990501,1134.69661530852,7.73567962646484,1223.06749454141,6.20003461837769,2630.09469777346,1.6270067691803,3410.87100300193,0,1560.45577207208,266.082725346088,534.528871178627,7.12641495466232,155.88534963131,243.346933633089,462.714115589857,9.273228764534,231.940506726503,12.2473633289337,497.92835983634,6.94086012244225,3966.58458995819,106.959735125303,139.122868955135,28.1168737411499,45.8328697681427,43.1416556835175,14.5986711978912,19.865628361702,336.726591050625,11.1942314505577,47.381178021431,9.64836698770523,1269.72889596224,27.1706509888172,464.355853319168,1.46557646989822,267.088120609522,1.98930597305298,487.576309889555,0,381.88928565383,0,616.995969384909,0,91.9049298465252,0,100.40825304389,6.50419902801514,1777.72427016497,3.39896178245544,708.376961797476,0,141.577715873718,0.701972246170044,994.218282014132,0,210.429425030947,51.7675709426403,377.067095428705,3.87326633930206,64.2355877757072,151.436449408531,3953.00541478395,42.3636386990547,0,13.0601605772972,1241.0803821981,40.9139867126942,983.864853143692,0,290.670861244202,0,1043.20719534159,0,636.885260522366,0,844.734799951315,2.68589264154434,186.78302398324,1.67463046312332,553.096041798592,4.46901839971542,11.9521177411079,0.613963663578033,4.16771849989891,1.14287376403809,64.5354475975037,9.88582617044449,4.96078592538834,13.1414352953434,17.1678582429886,0,9.0571448802948,8.44067230820656,31.2957960963249,15.315157353878,28.2811336219311,10.2086358070374,6.53690224885941,5.99906492233276,0,1.28400325775146,0,0,0.56818813085556,0,3.57898443937302
622.31476020813,10.0754377841949,764.730495542288,17.135349214077,11.6080707907677,0,369.572044730186,13.9382616281509,110.373149842024,0,162.332992851734,0,244.203435003757,0,139.873972296715,0,55.8469952046871,0,533.7674459517,77.0146818161011,3.23644787073135,0,302.520943969488,33.0158746242523,4.56282705068588,2.66629749536514,4.55744874477386,1.01345002651215,51.9588168561459,0,15.717544734478,15.9583824872971,14.3172997832298,27.9596592187881,5.093874335289,4.88209217786789,1035.36215287447,79.5619585514069,139.774153321981,31.803506731987,381.279981166124,20.1158486008644,1.26967358589172,0,10.5092929601669,0,15.8657382726669,0.897026836872101,13.4515841603279,0,46.3610293567181,0,2.13869380950928,0,16.2850262522697,6.58755439519882,587.955056041479,0,194.012832432985,0,92.5551556944847,0,70.6047004163265,0,60.5343895852566,0,62.836310595274,4.56194853782654,187.218742728233,0.825196385383606,2996.62982818484,83.837098300457,2278.07384634018,13.0601605772972,0,96.4882162809372,1016.70532822609,75.254799246788,2.46488004922867,0,23.2857609987259,0,3.82977706193924,1.84405815601349,41.2229293882847,0,15.410249710083,3.31292968988419,47.6819384992123,5.47139817476273,88.3608870506287,175.505846530199,46.1153083741665,38.6917661428452,182.054577142,52.8480533957481,130.483395695686,38.2014801800251,79.7135777175426,52.1366235613823,57.1714153289795,46.1686002910137,133.348083615303,174.139151602983,324.673770129681,123.231598764658,36.9680451154709,50.582884311676,22.1815580427647,11.406608581543,25.716214299202,6.29083442687988,5.22330516576767,11.4079661071301,5.03886422514915,4.88896572589874
13.3031165599823,790.277636438608,8.60688447952271,770.820015758276,0,11.1004267930984,16.5612769722939,307.023342996836,0,108.028982430696,0,133.281269609928,0,370.218170315027,0,188.913765072823,0,151.90834954381,97.6384456157684,332.515869826078,8.76885372400284,2.75899106264114,21.487010717392,170.800003111362,0,12.6030771136284,3.41741287708282,4.46378141641617,0,38.7115332782269,20.1484581828117,31.5221713781357,5.24506628513336,10.2492806613445,9.39947530627251,3.74571645259857,106.660770863295,652.353319555521,38.6844041347504,175.996516376734,67.004145026207,302.329261720181,0,33.3782098293304,0,31.1326656937599,0,32.1129742860794,0,81.9875985682011,0,114.924405008554,0,3.3878670334816,8.99755108356476,34.3982644379139,2.70552796125412,626.648029446602,0,199.944434136152,0,28.3011437654495,0,109.604905545712,0,62.5736209154129,2.89901250600815,133.076859593391,1.91507506370544,51.909171640873,64.8439784646034,3601.32595276833,47.8531003594398,1241.0803821981,96.4882162809372,0,21.1565284729004,996.501782596111,0,10.5047361850739,0,75.6023450493813,0,13.7386038005352,0,143.428727000952,14.8712837696075,49.3295625448227,14.1713839769363,112.548032194376,61.8474258184433,137.65808647871,24.8606399595737,65.8085872530937,35.6088108122349,189.84340441227,112.197740375996,52.9472073614597,96.3558860421181,53.4172792434692,38.9835084676743,65.4989609122276,105.106871396303,212.767852544785,98.1684210598469,172.202247321606,57.3823047280312,47.3766067922115,20.8677242398262,3.10712432861328,29.5343678593636,0.839049935340881,5.59164327383041,7.48031669855118,2.84125518798828,9.16649305820465
2699.47367501259,196.679102510214,2600.86518204212,109.309204667807,16.2142245173454,0,1467.70551913977,34.7288243770599,131.107323944569,1.67279303073883,493.248473852873,2.23680359125137,572.624853938818,2.66165578365326,180.889194607735,2.59119987487793,224.462579846382,1.51634657382965,2777.5092304945,576.894190788269,12.2735232710838,0,733.971083849669,19.8321534991264,1.74072337150574,0,7.96418786048889,2.93718540668488,294.644733607769,3.06740981340408,65.6021360754967,42.2972801923752,55.4701012372971,399.808759212494,100.443519234657,91.3157742023468,3624.28156745434,163.570742696524,232.209099918604,12.2023961544037,195.185639262199,17.9731650352478,323.395885139704,46.0867494940758,393.661829859018,63.2250410318375,599.619900316,45.5281258821487,669.659274935722,37.9171546697617,684.283404260874,23.8412981629372,32.0345928072929,2.52154511213303,188.158170998096,13.1137298345566,3382.68939337134,138.15329182148,1521.97881156206,62.2517654895782,856.28380766511,6.00229012966156,615.921430855989,16.0521041750908,489.572417199612,2.3878225684166,1393.54508346319,420.626740902662,2324.21668717265,162.021635979414,8360.87405535579,290.155705779791,1690.73186194897,40.9139867126942,1016.70532822609,21.1565284729004,0,480.465208739042,10.2646700143814,1.16612017154694,267.107783794403,13.5282065868378,25.9512007236481,0,441.731840997934,5.58430677652359,109.980321884155,0.904817938804626,475.044398993254,10.2822754085064,206.227114111185,31.0643086731434,299.141555011272,40.4748047590256,1054.51243343949,54.8517347276211,298.272346168756,18.0011771321297,81.6359731256962,9.06836158037186,239.361432880163,16.4783857166767,347.058399319649,102.300202041864,1262.83056584001,354.807532429695,58.9754148721695,29.2962232232094,402.122803360224,625.890367478132,78.1763955950737,22.7742446064949,60.6827608346939,85.5191203653812,35.5921459197998,67.0597568154335
70.6074224710464,4686.54432031512,54.0157931149006,4545.46200034022,4.09409070014954,18.5601676106453,72.8790160417557,1741.85334512591,0,127.457969933748,6.11276006698608,315.955749183893,2.97750055789948,704.96865439415,0,220.426779568195,8.0989995598793,250.484215646982,540.353098154068,3482.18941283226,5.91423773765564,2.22416365146637,57.9590222835541,1072.0809275806,0,1.52095109224319,4.77884298563004,5.12567031383514,18.892463684082,67.3588813841343,139.486694395542,111.04149055481,118.523115217686,201.246762424707,81.4449927806854,149.6802713871,89.5940300226212,3635.21656298637,32.8045645654202,252.101287305355,8.58838027715683,220.635751575232,34.0347345471382,325.205400824547,28.4902275800705,322.63067522645,33.0457362532616,777.675443887711,28.0195108354092,411.02963411808,13.7643309831619,644.588236033916,0,42.06110227108,5.05711579322815,206.857987016439,121.38557189703,3120.73291814327,118.117297172546,1169.34722718596,46.4672828912735,147.184031128883,34.8978651165962,536.090715199709,5.8855676651001,220.406694769859,413.003341943026,1168.41648030281,310.054564028978,882.459379553795,354.822197765112,10664.3600245416,41.1276888251305,983.864853143692,75.254799246788,996.501782596111,480.465208739042,0,2.39124655723572,23.5734910964966,39.3376198709011,439.847298055887,1.73918437957764,44.2794823944569,20.081237912178,447.185606360435,0,131.11553940177,8.4505033493042,666.060706943274,43.8438811898232,189.961818963289,50.6959906518459,282.932326644659,142.043360114098,1142.62273827195,67.8549175858498,100.453576892614,52.1489563882351,63.2461905479431,41.798805564642,114.479029715061,118.0408667624,775.646624654531,360.961928457022,1121.81789818406,38.551724165678,88.0345094501972,731.21021348238,779.202024579048,117.11711359024,19.9355410337448,38.4144785404205,131.953163266182,122.783442437649,114.014687746763
1.24711135029793,0,0,0,0,0,2.59537732601166,0,0,0,20.4058238267899,0,10.9055062532425,0,1.09624457359314,0,395.251301646233,0,0,0,0,0,0,0,0,0,0,0,362.066114425659,0,0,0,0,4.53024184703827,1.20994281768799,0,1.2839350104332,0,1.55876171588898,0,0,0,0.721983909606934,0,0.538999438285828,0,0,0,1.19026756286621,0,6.19425535202026,0,0,0,0.685050249099731,0,49.4071635007858,2.26227784156799,47.6323690414429,0,17.396495193243,0,58.6919811666012,0,8.39564234018326,0,11.4734452366829,1.73630928993225,0,0,5.99443167448044,0,32.49397534132,0,2.46488004922867,0,10.2646700143814,2.39124655723572,0,0,816.57213306427,0,6.31543797254562,0,14.3778930902481,0,0,0,1.68641746044159,0,0,0,0,0,0,0,0,0,0,0,0,0,0,0,0,0,0,0,0,0,0,0,0,0,0,0
0,4.09875923395157,0,2.67483484745026,0,0,0,0,0,0,0,4.99849158525467,0,2.54419714212418,0,0,0,141.576516717672,0,0,0,0,0,0.850219011306763,0,0,0,0,0,437.250874131918,0,0,0,1.90799361467361,0,0.590649724006653,0,6.27676993608475,0,1.26366817951202,0,2.23402327299118,0,0,0,4.54631572961807,0,0,0,2.34052956104279,0,23.5779604911804,0,0,0,0.580267131328583,0,67.4858214259148,0,104.740153461695,0,14.9575599133968,0,124.80751991272,0,12.590311050415,0.893221437931061,64.1956241726875,0,3.78138583898544,0.541783452033997,5.4216970205307,0,290.670861244202,0,10.5047361850739,1.16612017154694,23.5734910964966,0,0,0,1643.78132322431,0,71.3770992159843,0,41.3378411531448,0,0,0,12.3356961607933,0,0,0,0,0,0,0,0,0,0,0,0,0,0,0,0,0,0,0,0,0,0,0,0,0,0
8.46496757864952,1.8503623008728,9.12688627839088,0,0.775923490524292,0,13.8443977534771,0,0,0,529.078886330128,0,113.32038038969,0,11.4627960920334,0,1603.79017227888,0,1.01347017288208,1.86334073543549,0,0,1.18404114246368,0,0.6464883685112,0,0,0,1223.98466184735,0,0,0,0.505822360515594,36.7991445064545,41.8766949176788,23.203949213028,58.4221238493919,0,12.070608496666,0,4.8809734582901,0,132.483225643635,0,64.915929466486,0,124.739349901676,0,211.442287385464,0,626.475394755602,0,7.07663989067078,0,29.2422549128532,0,58.80285602808,1.19819700717926,614.548559606075,0,308.323832154274,0,1668.60745358467,0,375.460174113512,0,305.663954496384,7.48912167549133,12.0990028977394,2.16984677314758,72.7209438383579,1.31600868701935,361.471581667662,0,23.2857609987259,0,267.107783794403,39.3376198709011,816.57213306427,0,0,0,1350.06961944699,0,5119.68260022998,0,57.1721016168594,0,209.105772256851,0,6.21431863307953,0,0,0,12.0043107271194,0,3.4624617099762,0,7.68133187294006,0,0,0,0,0,4.19012427330017,0,0,0,0,0,0,0,0,0,0,0
0,16.5211987793446,0,16.9775376915932,0,1.46913981437683,0,12.9367326498032,0,0,0,55.421285867691,0,35.484176158905,0,0,0,673.543999969959,0,3.22512513399124,0,0,0,0,0,0,0,0,0,617.789071977139,0.831523418426514,0.955531239509583,1.52027714252472,25.7318620085716,14.0474209189415,10.5321172475815,1.83708244562149,128.96912509203,0,23.2934836745262,0,26.4449760913849,3.67096340656281,144.064660578966,0,74.2781317234039,0,40.9582316875458,0,203.237391203642,0,784.504047811031,0,18.7803137302399,0,12.4832982420921,2.43092823028564,203.031406968832,0,892.513610631227,0,178.556083381176,0,1937.56658357382,0,727.656370490789,8.99422511458397,535.945338308811,0,6.10795891284943,0.643927812576294,80.9464521408081,0,1043.20719534159,0,75.6023450493813,13.5282065868378,439.847298055887,0,1643.78132322431,0,0,0,2964.2164491117,0,7355.15523177385,0,124.285622566938,0,631.289310157299,0,0,0,0,0,9.23510974645615,0,0,0,1.47877764701843,0,0,0,0.795133769512177,0,2.49025124311447,0,0,0,0.883943676948547,0,0,0,0,0,0
0.767698347568512,0,2.84120428562164,0,14.8643590807915,0,0,0,10.6749619841576,0,26.3345502614975,0,0,0,87.458039700985,0,16.3858323097229,0,2.67664390802383,0,4.52269840240479,0,0.78931736946106,0,2.64024317264557,0,15.3579229414463,0,1066.08295744658,0,0,1.08400285243988,0,0,2.38307189941406,0,173.21463906765,0,289.491724729538,0,452.279854416847,0,13.9277682304382,0,0,0,26.3606427311897,0,0.571700692176819,0,66.2994230389595,0,2.27855134010315,0,80.2740615606308,0,0,0,1.92360639572144,0,3.16366231441498,0,20.7507066130638,0,29.3533775806427,0,4.10507923364639,0,0,0,14.7153771519661,3.55741143226624,105.287381768227,0,3.82977706193924,0,25.9512007236481,1.73918437957764,6.31543797254562,0,1350.06961944699,0,0,0,646.451261609793,0,1424.29840728641,0,76.063877671957,0,1.18425571918488,0,0,0,0.788407027721405,0,0,0,0,0,0,0,0,0,0,0,0,0,0,0,0,0,0,0,0,0
0,0,0,0,0,127.677243232727,0,0,0,10.9255267381668,0,0,0,2.76865088939667,0,78.3803075551987,0,1.27535939216614,0,0,1.30967676639557,143.100560128689,0,0,0,5.95113813877106,0,59.4782955348492,0,1209.79591479897,0,0,0,1.66627562046051,1.1907399892807,0,0,208.392438441515,0,156.121715843678,3.25670146942139,1651.52565276623,0,67.9004988670349,0,0,0,38.6612113118172,0,8.13010746240616,0,55.9748264551163,0,1.96394753456116,0,40.6944314241409,0,1.47080206871033,0,16.7101047635078,0,2.98025649785995,0,5.31113535165787,0,19.3448449671268,0,10.1774708628654,0,0,1.14634442329407,10.5176585912704,1.02773189544678,636.885260522366,1.84405815601349,13.7386038005352,0,44.2794823944569,0,71.3770992159843,0,2964.2164491117,0,0,0,610.853031009436,0,1322.8259986043,0,131.409599930048,0,0,0,0,0,0.766432642936707,0,0,0,0,0,0,0,0,0,0,0,0,0,0,0,0,0,0,0,0
287.183235228062,0,9.66474628448486,0,6.12378656864166,0,289.149960517883,0,5.19876530766487,0,1185.69768026471,0,334.465425908566,0,16.9449986219406,0,272.295769870281,0,0,0,0,2.02251249551773,0,0,0,0,5.31903338432312,0,531.272679418325,0,0.610143423080444,0,0,10.3911334276199,18.9632184207439,14.199816942215,267.514531880617,2.15679430961609,60.3676463067532,0,91.6231865882874,0,79.0487007498741,0,67.1670820713043,0,186.016693860292,0,126.069410353899,0,3404.87173783779,0,283.130057424307,0,284.572115689516,0,344.335168987513,0,361.364907443523,0,861.149141997099,0,1337.10707622766,0,3743.75649362803,0,151.459466904402,5.31825137138367,0,0,294.469851464033,2.50191605091095,393.8477909863,0,41.2229293882847,0,441.731840997934,20.081237912178,14.3778930902481,0,5119.68260022998,0,646.451261609793,0,0,0,1247.65526363254,0,8982.33102378249,0,0,0,0,0,17.9092749357224,0,5.63279777765274,0,0,0,0,0,0,0,0,0,0,0,0,0,0,0,0,0,0,0
0,125.13033336401,0,6.07871675491333,0,14.1638265252113,0,120.098736047745,0,5.22461351752281,0,58.3297970890999,0,27.4199300408363,0,12.5707530975342,0,44.6028038263321,0,0,0,3.86224544048309,0,0,0,0.68862509727478,0,9.10006350278854,0,151.698713421822,0,0,0,11.5527644753456,8.57866531610489,12.3248666524887,0.800187945365906,291.163293868303,0,43.3252168893814,2.23072302341461,274.530053585768,3.97278952598572,165.161462187767,1.2749183177948,96.1040806472301,0,185.496845901012,0,310.80140760541,0,4208.58940577507,0,505.988721132278,0,365.242843538523,0,90.7713022530079,0,241.391896337271,0,258.488070726395,0,1628.23616597056,0,3985.76473325491,1.73994046449661,164.870249927044,0,7.09488201141357,1.98639339208603,371.081824839115,0,844.734799951315,0,143.428727000952,5.58430677652359,447.185606360435,0,41.3378411531448,0,7355.15523177385,0,610.853031009436,0,0,0,797.420073390007,0,7545.19899454713,0,0,0,0,0,4.67204397916794,0,0,0,3.9754296541214,0,0,0,0,0,0,0,0,0,0,0,0,0,0,0,0
0,0,0,0,28.648577183485,0.450942814350128,0,0,9.28825917840004,0,0,0,0,0,34.5234999656677,0.587777256965637,0,0,0,0,23.2016279101372,3.03503036499023,0.663545489311218,0,0.55954521894455,0,47.818941950798,0,642.426218509674,0,2.1391553580761,0.735700666904449,0,0,2.61577251553535,0,946.525812238455,2.35919761657715,71.2060852646828,0,714.460529208183,21.4012719094753,7.02787438035011,0,0,0,110.702468335629,0,0,0,7.51044648885727,0,4.54654484987259,0,401.000326216221,0,0,0,0,0,0,0,3.79349613189697,0,0,0,5.04406952857971,0,0,0,35.449108839035,19.1259349584579,105.852369606495,2.68589264154434,15.410249710083,14.8712837696075,109.980321884155,0,0,0,57.1721016168594,0,1424.29840728641,0,1247.65526363254,0,0,0,1493.92808526754,0,0,0,0,0,11.4648066163063,0,4.98634344339371,0,0.598433494567871,0,0,0,0,0,0.494056791067123,0,0,0,0,0,0,0,0,0,0,0
0,0,0,0,0,56.5946257412434,0,0,0,7.13637256622314,0,0,0,0,0,30.485323548317,0,0,0,0,1.95562881231308,73.5888226926327,0,0,0,3.43458223342896,0,29.9693741500378,0,88.2762974500656,0,0.916760623455048,0,0,0,4.021604180336,3.29004114866257,456.248472303152,0,271.235610157251,19.8155270516872,2055.63267508149,0,19.3110871613026,0,0,0,79.624536305666,0,1.42417073249817,0,12.9689311981201,0,13.4070418179035,0,496.492105692625,0,0,0,0.494943916797638,0,0,0,0.644514381885529,0,0.846770703792572,0,11.8322129547596,0,0,8.73592263460159,37.464549779892,6.96038293838501,186.78302398324,3.31292968988419,49.3295625448227,0.904817938804626,131.11553940177,0,0,0,124.285622566938,0,1322.8259986043,0,797.420073390007,0,0,0,1381.83124187589,0,0,0,0,0,5.86788129806519,0,0,0,1.61746060848236,0,0,0,0,0,1.0898529291153,0,0,0,1.58273565769196,0,0,0,0,0,0
87.9375579357147,0,1.94373857975006,0,8.20894372463226,0,49.5896672010422,0,6.84131345152855,0,593.466790437698,0,140.687505066395,0,13.3732498288155,0,53.0281990766525,0,0,0,4.74505633115768,0,0,0,0,0,8.83258470892906,0,233.845297336578,0,0.956769049167633,0,0,3.74696111679077,26.9121486842632,16.6946948170662,1101.58722555637,2.75629329681396,254.517442017794,0,202.018691718578,7.328932762146,290.528878986835,0,84.5475483834743,0,941.05551046133,0,246.002088099718,0,1744.87275731564,0,802.088004380465,0,3452.65128880739,0,157.859059810638,0,189.179842829704,0,252.074176758528,0,394.636100560427,0,497.837635487318,0,100.431466072798,0,0,0,308.917789280415,13.4898416399956,274.594107568264,1.67463046312332,47.6819384992123,14.1713839769363,475.044398993254,8.4505033493042,1.68641746044159,0,209.105772256851,0,76.063877671957,0,8982.33102378249,0,1493.92808526754,0,0,0,14.6718381047249,0,0,0,17.9146379232407,0,3.91834044456482,0,6.821906208992,0,0,0,0,0,5.96335387229919,0,1.07333660125732,0,0,1.00513803958893,0,0,0,0,0,0
0,41.7970768213272,0,1.60504639148712,0,13.7308259904385,0,1.92510986328125,0,4.59376481175423,0,11.4107822179794,0,0,0,8.7787898182869,0,10.2586416006088,0,0,5.58658775687218,6.72334015369415,0,0,0,1.68165117502213,0,4.73683443665504,0,62.3530813157558,0,0,0,8.45151299238205,38.124890089035,34.6980106830597,7.95586103200912,1274.02393871546,0,226.456951439381,13.5832250714302,555.214791238308,8.91702127456665,205.066001594067,2.18963241577148,141.155497401953,1.77198994159698,579.428585797548,0,302.223582029343,0,1694.09670591354,0,1505.30992490053,0,3869.68174499273,0,69.9596729576588,0,313.902461439371,0,54.28214854002,0,430.007674187422,0,628.677069693804,11.7615852355957,374.413509935141,0,4.35421770811081,6.30127614736557,192.370978653431,8.83230376243591,553.096041798592,5.47139817476273,112.548032194376,10.2822754085064,666.060706943274,0,12.3356961607933,0,631.289310157299,0,131.409599930048,0,7545.19899454713,0,1381.83124187589,0,0,0,0.864593207836151,0,0,0,12.0977939963341,0,1.81530475616455,0,6.97803634405136,0,0,0,0,0,2.35664701461792,0,2.50438332557678,0,0,0,0,0,0,0,0
0,0,0,0,0,0,0,0,0,0,0,0,0,0,0,0,0,0,0,0,0,0,0,0,0,0,0,0,20.0072448849678,0,0,0,0,0,2.42767763137817,1.08913052082062,96.4704667627811,34.5278335809708,95.7882680892944,30.4886314868927,10.3636180758476,0,166.618147462606,0,11.471208691597,0,341.027487844229,0.615349352359772,21.2778141796589,0,16.8138671219349,0,31.6170521974564,0,74.7840457856655,0,0,0,0,0,0,0,0,0,0,0,2.46321892738342,0,0,0,25.8020875751972,4.14988023042679,33.089969933033,4.46901839971542,88.3608870506287,61.8474258184433,206.227114111185,43.8438811898232,0,0,6.21431863307953,0,1.18425571918488,0,0,0,0,0,14.6718381047249,0,0,49.046249717474,916.516236454248,7.00902888178825,258.959937214851,76.2489370405674,1401.07887586951,60.2705035507679,2179.99340477586,61.499868273735,355.851032733917,15.7241107523441,418.861573845148,97.0055130720139,534.057368308306,82.2892534434795,238.515901565552,44.2096883058548,21.7307668030262,14.2322089076042,130.94228336215,38.9570388495922,45.292702704668,12.2766467034817,4.32051521539688,2.21596896648407
0,0,0,0,0,0,0,0,0,0,0,0,0,0,0,0,0,0,0,0,0,0,0,0,0,0,0,0,0,0,0,0,0,0,0.668250381946564,0,148.371618032455,158.594019711018,148.622099131346,129.840671122074,0,5.9240762591362,0,10.6221906542778,0,0.707901000976562,0,72.8005983233452,0,0.888142377138138,0,1.92136186361313,0,2.40792906284332,0,18.2127909958363,0,0,0,0,0,0,0,0,0,0,0,0,0,0,10.2968159914017,13.9577924311161,8.41314303874969,11.9521177411079,175.505846530199,137.65808647871,31.0643086731434,189.961818963289,0,0,0,0,0,0,0,0,0,0,0,0.864593207836151,49.046249717474,0,10.2967113852501,2118.61069819331,56.5877465009689,352.836599886417,259.255678921938,839.168926715851,171.377772957087,1677.80988276005,27.0720003843307,184.900682479143,159.245742172003,593.541524738073,122.439676076174,361.349526584148,48.8219782710075,308.082135528326,21.3738657832146,10.7884307205677,201.801132142544,81.7356528937817,64.8203140497208,16.4825584292412,4.888193577528,6.3018411397934
0,0,0,0,0,0,0,0,0,0,0,0,0,0,0,0,0,0,0,0,0,0,0,0,0,0,0,0,1.83042669296265,0,0,0,0,0,0,0,40.8662230372429,9.31732755899429,36.2725414931774,9.49335607886314,3.74857145547867,0,0,0,0,0,7.13695815205574,0,0,0,0,0,0,0,0,0,0,0,0,0,0,0,0,0,0,0,0,0,0,0,12.3756825327873,0,3.85384830832481,0.613963663578033,46.1153083741665,24.8606399595737,299.141555011272,50.6959906518459,0,0,0,0,0,0,0,0,0,0,0,0,916.516236454248,10.2967113852501,0,5.74752420186996,248.777241170406,23.201272547245,407.120381712914,29.8341281414032,200.747293949127,12.5632367432117,1044.50974470377,1.52108326554298,734.566198438406,41.6400448083878,583.651567339897,37.4831143021584,78.9018368721008,19.1218178570271,22.9618117809296,29.8114415705204,128.456554740667,24.4145112335682,45.707744538784,35.3014643490314,4.83109679818153,5.29357799887657
0,0,0,0,0,0,0,0,0,0,0,0,0,0,0,0,0,0,0,0,0,0,0,0,0,0,0,0,0,3.16291153430939,0,0,0,0,0,0,61.9763080179691,63.6455729007721,47.4756675064564,56.4022793769836,0,4.9549572467804,0,0,0,0,0,0.994012415409088,0,0,0,0,0,0,0,0,0,0,0,0,0,0,0,0,0,0,0,0,0,0,0,6.27197068929672,0.905396938323975,4.16771849989891,38.6917661428452,65.8085872530937,40.4748047590256,282.932326644659,0,0,0,0,0,0,0,0,0,0,0,0,7.00902888178825,2118.61069819331,5.74752420186996,0,37.9232321381569,198.836612850428,96.3633240759373,373.194103032351,61.3863285779953,321.975049138069,7.8704135119915,341.730915784836,64.7287099063396,912.70921587944,58.4845781326294,456.799666464329,27.8031923174858,113.048479914665,52.0801779925823,34.1305824816227,290.049204140902,68.0992644131184,235.730369836092,48.4615656137466,23.2892260551453,9.72796732187271
100.535685181618,0,54.3440772294998,0,0.724274277687073,0,19.354324221611,0,0,0,24.4913731515408,0,0.995137095451355,0,2.45681941509247,0,5.10948568582535,0,50.088107407093,0,0,0,0,0,0,0,0,0,19.8357912898064,1.07104098796844,0,0,0.67192816734314,0.841610133647919,8.00565278530121,5.20834240317345,179.911852538586,32.4709505438805,49.4226782917976,9.08684730529785,6.47271594405174,0,11.1014747619629,0,1.53919458389282,0,83.6573910117149,7.62310257554054,13.1736269593239,0,37.5836544036865,0,1.02353084087372,0,18.66057741642,0,103.646666318178,0,107.475455999374,0,43.6962638795376,0,34.7494106590748,0,35.3937644064426,0,56.3898640275002,0,31.724109351635,0,211.197978377342,22.459911108017,130.550669074059,1.14287376403809,182.054577142,35.6088108122349,1054.51243343949,142.043360114098,0,0,12.0043107271194,0,0.788407027721405,0,17.9092749357224,0,11.4648066163063,0,17.9146379232407,0,258.959937214851,56.5877465009689,248.777241170406,37.9232321381569,0,90.6449833214283,676.943394184113,24.7101086378098,149.241890341043,23.9397051930428,177.498778581619,22.9998109340668,270.525283336639,102.274757713079,466.876131772995,121.418105125427,46.8530099391937,19.5863191485405,137.743620097637,378.16763228178,336.669482588768,20.5547313392162,43.4047686457634,76.0614392757416,22.5057807862759,21.2430988252163
0,177.219581007957,0,62.2706813812256,0,0,0,8.5867812037468,0,0.436140686273575,0,9.96480244398117,0,5.50194561481476,0,1.02518558502197,0,7.42524987459183,0,13.8383753299713,0,0,0,1.66610169410706,0,0,0,0,0,0,0,1.14025378227234,0,5.35145306587219,0,0,43.3737092912197,174.249514788389,66.3037000894547,86.9749391973019,0,12.5056684017181,0,18.4202888011932,0,1.50040864944458,0,44.32644790411,0,0,0,20.9467712640762,0,0,0,3.23541188240051,0,101.863396763802,0,27.9287664592266,0,7.32547247409821,0,11.1358570456505,0,3.98457163572311,0,26.0317065119743,0,12.7618700265884,27.0947244167328,131.936715662479,14.6790006160736,64.5354475975037,52.8480533957481,189.84340441227,54.8517347276211,1142.62273827195,0,0,0,9.23510974645615,0,0.766432642936707,0,4.67204397916794,0,5.86788129806519,0,12.0977939963341,76.2489370405674,352.836599886417,23.201272547245,198.836612850428,90.6449833214283,0,131.798245698214,1009.00548487902,108.880162537098,233.025437951088,31.6877488791943,74.1827397346497,81.8900063037872,374.168466538191,104.834441751242,419.01990750432,20.4916382133961,61.8539358973503,65.5351270139217,480.627411007881,391.140169948339,9.77086132764816,15.7172993421555,28.0149605572224,9.73981311917305,14.6620157063007
29.0005264878273,0,6.06395554542542,0,0,0,1.46718811988831,0,0,0,2.88096380233765,0.996655225753784,0,0,0,0,0.866892278194427,0,5.00808531045914,0,0,0,0,0,0,0,0,0,4.90015810728073,3.58932435512543,0,0,3.07163643836975,0.722007930278778,3.55869650840759,5.87653434276581,142.615206837654,76.2465148568153,112.662298858166,44.2109976708889,1.04202699661255,0,17.3029661774635,0,8.62354588508606,0.571987330913544,26.2526007592678,1.70536613464355,5.77692151069641,0,10.2964147925377,0,0,0,1.19793754816055,0,27.1058980226517,0,19.0131289362907,0,8.70378252863884,0,10.0504502654076,0,10.6651785373688,0,9.34309995174408,0,11.575433075428,0,72.6071838438511,36.5366576015949,38.077195674181,9.88582617044449,130.483395695686,112.197740375996,298.272346168756,67.8549175858498,0,0,3.4624617099762,0,0,0,5.63279777765274,0,4.98634344339371,0,3.91834044456482,0,1401.07887586951,259.255678921938,407.120381712914,96.3633240759373,676.943394184113,131.798245698214,0,119.585144639015,2661.60705623031,126.00844347477,278.0654053092,70.1322374045849,447.451751381159,268.665490150452,496.359940677881,147.656394302845,259.114897161722,38.6159826517105,27.3173941373825,209.655105054379,935.130270093679,101.544557064772,78.0336039662361,35.6438418924809,13.2560341060162,11.3250443935394
0,1.65489768981934,0,0,0,0,0,0,0,0,0,0,0,0,0,0,0,0,0,0,0,0,0,0,0,0,0,0,0,0,0,0,0,0,1.0009251832962,0,32.7853405475616,43.340398401022,42.2521046698093,31.10191193223,0,3.44742143154144,0.923651158809662,15.1893017590046,0,7.30107679963112,0,87.1324244141579,0,0.83619099855423,0,1.3130556344986,0,0,0,7.20915895700455,0,0,0,0,0,0,0,0,0,0,1.62057441473007,3.47789281606674,0,0,6.75888842344284,16.2012389600277,10.6687488555908,4.96078592538834,38.2014801800251,52.9472073614597,18.0011771321297,100.453576892614,0,0,0,0,0,0,0,0,0,0,0,1.81530475616455,60.2705035507679,839.168926715851,29.8341281414032,373.194103032351,24.7101086378098,1009.00548487902,119.585144639015,0,73.1642237007618,2493.00114959478,22.0060951113701,72.5421503782272,74.3973616659641,373.669140279293,58.773580878973,303.868151575327,18.4919497668743,69.8224051296711,5.63311237096786,82.1857209205627,1052.19649529457,64.1537841260433,43.9888234734535,19.7303414344788,3.69326943159103,3.15074026584625
0,0,0,0,0,0,0,0,0,0,0,0,0,0,0,0,0,0,0,0,0,0,0,0,0,0,0,0,9.43448436260223,0,0,0,0,0,0.543125629425049,0,96.9133694469929,38.190986007452,70.8519192039967,11.3680565655231,3.52606666088104,0,276.768052816391,0,19.9405295848846,0,398.411150366068,0,16.1326260566711,0,5.11617416143417,0,0.765647411346436,0,11.7807454764843,0,0,0,0,0,0,0,2.9157977104187,0,0,0,4.36463207006454,0,0,0,32.4836246967316,21.582597464323,27.5733757615089,13.1414352953434,79.7135777175426,96.3558860421181,81.6359731256962,52.1489563882351,0,0,7.68133187294006,0,0,0,0,0,0.598433494567871,0,6.821906208992,0,2179.99340477586,171.377772957087,200.747293949127,61.3863285779953,149.241890341043,108.880162537098,2661.60705623031,73.1642237007618,0,91.147509843111,140.021406054497,42.3027302324772,188.354300439358,177.525820404291,207.350439786911,72.2294902801514,158.285766273737,31.3334294259548,5.10961019992828,7.12052685022354,116.161620944738,89.870644390583,30.1981555521488,29.5234859287739,2.77565693855286,4.01346480846405
0,0,0,0,0,0,0,0,0,0,0,0,0,0,0,0,0,0,0,0,0,0,0,0,0,0,0,0,0,2.57346677780151,0,0,0,0,0,2.33958256244659,40.6784393489361,60.694443821907,52.1042299866676,24.6781306862831,0,11.3347087204456,148.263004124165,172.011002659798,0,6.23898541927338,0,491.895944476128,0,2.71995264291763,0,10.6478357315063,0,11.6114699244499,0,72.1740365326405,0,0,0,0,0,0,0,0,0,0,2.43394792079926,1.98476648330688,0,0,7.78064334392548,2.8645635843277,11.3736458420753,17.1678582429886,52.1366235613823,53.4172792434692,9.06836158037186,63.2461905479431,0,0,0,1.47877764701843,0,0,0,3.9754296541214,0,1.61746060848236,0,6.97803634405136,61.499868273735,1677.80988276005,12.5632367432117,321.975049138069,23.9397051930428,233.025437951088,126.00844347477,2493.00114959478,91.147509843111,0,18.8451006710529,37.2341162264347,75.7510107159615,205.804409474134,50.3853191137314,90.6826464235783,17.1125005483627,188.241838693619,5.52536618709564,3.9110247194767,202.050134599209,242.31981086731,119.007731229067,17.0087381601334,1.35409468412399,0
0,0,0,0,0,0,0,0,0,0,0,0,0,0,0,0,0,0,0,0,0,0,0,0,0,0,0,0,1.42611739039421,0,0,0,0,0,0,0,41.1853683888912,17.1360818743706,39.4815449118614,9.36811944842339,1.87935620546341,0,0,0,0,0,3.67989185452461,0,0,0,0,0,0,0,0,0,0,0,0,0,0,0,0,0,0,0,0,0,0,0,11.0687401890755,1.91919493675232,9.74090692400932,0,57.1714153289795,38.9835084676743,239.361432880163,41.798805564642,0,0,0,0,0,0,0,0,0,0,0,0,355.851032733917,27.0720003843307,1044.50974470377,7.8704135119915,177.498778581619,31.6877488791943,278.0654053092,22.0060951113701,140.021406054497,18.8451006710529,0,5.36290448904037,1417.88523161411,69.6719473004341,513.714578300714,43.3404714167118,152.588156789541,25.3346658945084,24.5048831701279,16.7028108537197,70.3514748215675,14.2088798582554,19.5304589271545,39.4111401736736,7.07871797680855,5.91355940699577
0,0,0,0,0,0,0,0,0,0,0,0,0,0,0,0,0,0,0,0,0,0,0,0,0,0,0,0,0,0,0,0,0,0,0,0,38.4287060797215,45.0524635612965,21.4056298434734,44.6262149810791,0,0,0,0,0,0,0,0,0,0,0,0,0,0,0,0,0,0,0,0,0,0,0,0,0,0,0,0,0,0,0.583901882171631,2.94427466392517,0,9.0571448802948,46.1686002910137,65.4989609122276,16.4783857166767,114.479029715061,0,0,0,0,0,0,0,0,0,0,0,0,15.7241107523441,184.900682479143,1.52108326554298,341.730915784836,22.9998109340668,74.1827397346497,70.1322374045849,72.5421503782272,42.3027302324772,37.2341162264347,5.36290448904037,0,59.5321673452854,1145.38327094913,42.2549869418144,227.993598461151,18.0918886065483,57.8303564786911,12.3740401566029,4.79697817564011,32.3231334388256,2.41164237260818,5.54864951968193,5.80825805664062,5.46522155404091,1.11907577514648
0,0,0,0,0,0,0,0,0,0,0,0,0,0,0,0,0,0,0,0,0,0,0,0,0,0,0,0,1.51521742343903,0,0,0,0,0,0,0,117.385960459709,61.1089923679829,115.567825078964,21.8587140440941,3.01199626922607,0,0,0,0,0,5.83265107870102,1.0517058968544,0,0,0,0,0,0,0,0,0,0,0,0,0,0,0,0,0,0,0,0,0,0,50.8916455209255,10.8372778296471,28.9222277104855,8.44067230820656,133.348083615303,105.106871396303,347.058399319649,118.0408667624,0,0,0,0,0,0,0,0,0,0,0,0,418.861573845148,159.245742172003,734.566198438406,64.7287099063396,270.525283336639,81.8900063037872,447.451751381159,74.3973616659641,188.354300439358,75.7510107159615,1417.88523161411,59.5321673452854,0,400.814224839211,4762.69537732005,153.959460675716,562.09508472681,98.130328476429,64.877049356699,47.9264625906944,301.248203247786,71.8388293683529,113.295895695686,1069.69240579009,99.3037056326866,19.2420410811901
0,0,0,0,0,0,0,0,0,0,0,0,0,0,0,0,0,0,0,0,0,0,0,0,0,0,0,0,0,5.43866908550262,0,0,0,0,0,0,159.894846737385,163.940534740686,138.271746665239,140.702813535929,0.411965936422348,3.34724336862564,0,0,0,0,0.50584214925766,4.69518116116524,0,0,0,0,0,0,0,0,0,0,0,0,0,0,0,0,0,0,0,0,0,0,11.5956143736839,44.5137822329998,23.8132470846176,31.2957960963249,174.139151602983,212.767852544785,102.300202041864,775.646624654531,0,0,0,0.795133769512177,0,0,0,0,0,0,0,0,97.0055130720139,593.541524738073,41.6400448083878,912.70921587944,102.274757713079,374.168466538191,268.665490150452,373.669140279293,177.525820404291,205.804409474134,69.6719473004341,1145.38327094913,400.814224839211,0,212.861344456673,3874.50833457708,86.2122129499912,245.214020133018,112.148670822382,84.1940762102604,427.26853826642,69.7748909294605,135.790645629168,486.161718398333,180.53145045042,29.4760384857655
0.9756720662117,0,0,0,0,0,0,0,0,0,0,0,0,0,0,0,0.795799911022186,0,0,0,0,0,0,0,0,0,0,0,6.71692317724228,0.451729595661163,0,0,0,0,0,0,138.864793926477,46.5740632712841,84.2296234071255,19.3087422847748,11.0508616864681,0.398031920194626,0,0,0,0,6.57471805810928,1.44274106621742,0,0,0,0,0,0,2.28872933983803,0,0,0,0,0,0,0,1.6770555973053,0,0,0,0,0,0,0,253.676665395498,50.7631620168686,128.87223815918,15.315157353878,324.673770129681,98.1684210598469,1262.83056584001,360.961928457022,0,0,4.19012427330017,0,0,0,0,0,0.494056791067123,0,5.96335387229919,0,534.057368308306,122.439676076174,583.651567339897,58.4845781326294,466.876131772995,104.834441751242,496.359940677881,58.773580878973,207.350439786911,50.3853191137314,513.714578300714,42.2549869418144,4762.69537732005,212.861344456673,0,744.312509417534,421.233238846064,59.801913112402,122.433554321527,70.5757156312466,247.494582980871,21.1762683987617,45.0737933218479,106.68506872654,331.554669946432,47.0625024139881
0,0,0,0,0,0,0,0,0,0,0,0,0,0,0,0,0,0,0,0,0,0,0,0,0,0,0,0,1.06742811203003,1.99114751815796,0,0,0,0,0,0,62.8355250954628,98.3145524263382,46.6274892985821,53.6008068025112,3.06195738911629,4.5154387652874,0,0,0,0,1.47452300786972,7.06741479039192,0,0,0,0,0,0,0,1.20421254634857,0,0,0,0,0,0,0,0,0,0,0,1.06741583347321,0,0,50.6684017181396,105.499953567982,32.8868892192841,28.2811336219311,123.231598764658,172.202247321606,354.807532429695,1121.81789818406,0,0,0,2.49025124311447,0,0,0,0,0,1.0898529291153,0,2.35664701461792,82.2892534434795,361.349526584148,37.4831143021584,456.799666464329,121.418105125427,419.01990750432,147.656394302845,303.868151575327,72.2294902801514,90.6826464235783,43.3404714167118,227.993598461151,153.959460675716,3874.50833457708,744.312509417534,0,44.1528434455395,361.098969787359,154.233841747046,106.931890517473,469.7799051404,32.9157895445824,48.6009950339794,147.297093421221,412.003433078527,121.404542028904
0,0,0,0,0,0,0,0,0,0,0,0,0,0,0,0,0,0,0,0,0,0,0,0,0,0,0,0,0,0,0,0,0,0,0,0,39.5054760575294,28.1930052638054,28.7078459262848,10.6859319508076,1.8155671954155,0,0,0,0,0,0.68822455406189,0,0,0,0,0,0,0,0,0,2.06565427780151,0,0,0,0,0,0,0,0,0,0,0,0,0,25.4171028733253,10.1892982125282,23.7783861756325,10.2086358070374,36.9680451154709,57.3823047280312,58.9754148721695,38.551724165678,0,0,0,0,0,0,0,0,0,0,1.07333660125732,0,238.515901565552,48.8219782710075,78.9018368721008,27.8031923174858,46.8530099391937,20.4916382133961,259.114897161722,18.4919497668743,158.285766273737,17.1125005483627,152.588156789541,18.0918886065483,562.09508472681,86.2122129499912,421.233238846064,44.1528434455395,0,28.9272491335869,3.49439576268196,6.3435310125351,32.9100268483162,5.84180271625519,2.42571794986725,8.70310816168785,2.41872960329056,2.97721129655838
0,1.55557286739349,0,0,0.522697985172272,0,0,0,0,0,0,0,0,0,0,0,0,0,0,0,0,0,0,0,0,0,0,0,0.573609292507172,0,0,0,0,0,0,0,27.7361261844635,47.1562202572823,30.8031256496906,22.6931943297386,0,1.52895820140839,0,0,0,0,0,1.25313359498978,0,0,0,0,0,0,0,0,0,4.63980436325073,0,0,0,0,0,0,0,0,0,0.525139093399048,0,0,10.553759098053,13.8085425794125,1.01522660255432,6.53690224885941,50.582884311676,47.3766067922115,29.2962232232094,88.0345094501972,0,0,0,0,0,0,0,0,0,0,0,2.50438332557678,44.2096883058548,308.082135528326,19.1218178570271,113.048479914665,19.5863191485405,61.8539358973503,38.6159826517105,69.8224051296711,31.3334294259548,188.241838693619,25.3346658945084,57.8303564786911,98.130328476429,245.214020133018,59.801913112402,361.098969787359,28.9272491335869,0,9.65651056170464,6.0293630361557,40.4555658698082,2.21383056044579,6.42843687534332,5.35322898626328,0.941582053899765,6.968237221241
4.02727651596069,8.8996490240097,6.48243749141693,6.09347981214523,0,0,0,0.749975085258484,0.991346716880798,0,0,0.788767158985138,0,0,0,0,0,0,4.86097598075867,2.81129020452499,0,0,0,0,0,0,0,0,0,0,0,0,0,0,0,0,21.5591397285461,11.4283688366413,3.78249973058701,1.27155309915543,4.99491858482361,1.82799834012985,0,0,0,0,6.83039990067482,12.4447466731071,0,0,0,1.01784491539001,0,0,0,0,3.76946049928665,2.67041754722595,0,0,0,0,0,0,0,0,0,0,0,0,30.3622155189514,27.7484750151634,16.6456598639488,5.99906492233276,22.1815580427647,20.8677242398262,402.122803360224,731.21021348238,0,0,0,0,0,0,0,0,0,0,0,0,21.7307668030262,21.3738657832146,22.9618117809296,52.0801779925823,137.743620097637,65.5351270139217,27.3173941373825,5.63311237096786,5.10961019992828,5.52536618709564,24.5048831701279,12.3740401566029,64.877049356699,112.148670822382,122.433554321527,154.233841747046,3.49439576268196,9.65651056170464,0,322.727044224739,172.124452441931,29.8812042176723,77.578675866127,174.567920356989,88.5781092941761,46.2596009671688
3.16685569286346,0,2.15969055891037,3.14366102218628,0,0,0,0,0.786992847919464,0,0,0,1.37055706977844,0,0,0,0,0,1.68416857719421,2.65210658311844,0,0,0,0,0,0,0,0,0,0,0,0,0,0,0,0,53.323343873024,25.728671848774,0.898412764072418,0.473317205905914,1.78284817934036,0.889670073986053,0,0,0,0,68.4894971251488,79.374166727066,0,0,0,0,0,0,0,0,2.70512473583221,0,1.59146398305893,0,0,0,0,0,0,0,0,0,0,0,13.5857912302017,11.2140857279301,7.43982130289078,0,11.406608581543,3.10712432861328,625.890367478132,779.202024579048,0,0,0,0.883943676948547,0,0,0,0,0,1.58273565769196,1.00513803958893,0,14.2322089076042,10.7884307205677,29.8114415705204,34.1305824816227,378.16763228178,480.627411007881,209.655105054379,82.1857209205627,7.12052685022354,3.9110247194767,16.7028108537197,4.79697817564011,47.9264625906944,84.1940762102604,70.5757156312466,106.931890517473,6.3435310125351,6.0293630361557,322.727044224739,0,601.343197911978,26.3979669809341,73.1563766598701,164.996997386217,56.7783415615559,64.9100277423859
0,0,0,0,0,0,0,0,0,0,0,0,0,0,0,0,0,0,0,0,0,0,0,0,0,0,0,0,0.960175275802612,1.97309792041779,0,0,0,0,0,0,14.002608269453,21.2961550056934,16.7960368394852,6.81308877468109,0.507432103157043,1.50915884971619,0,3.40239900350571,0,4.68335944414139,0.679764568805695,31.2170081138611,0,0,0,0,0,0,0,0,0,0,0,0,0,0,0,0,0,0,0,0,0,0,3.28134334087372,6.98925524950027,3.70471215248108,1.28400325775146,25.716214299202,29.5343678593636,78.1763955950737,117.11711359024,0,0,0,0,0,0,0,0,0,0,0,0,130.94228336215,201.801132142544,128.456554740667,290.049204140902,336.669482588768,391.140169948339,935.130270093679,1052.19649529457,116.161620944738,202.050134599209,70.3514748215675,32.3231334388256,301.248203247786,427.26853826642,247.494582980871,469.7799051404,32.9100268483162,40.4555658698082,172.124452441931,601.343197911978,0,324.934238135815,286.640871554613,569.522478729486,172.890140473843,99.0568857491016
0,0,0,0,0,0,0,0,0,0,0,0,0,0,0,0,0,0,0,0,0,0,0,0,0,0,0,0,0,0,0,0,0,0,0,0,3.62346285581589,3.44639313220978,4.02773654460907,1.15518793463707,0,1.27055895328522,5.94448167085648,0,0,0,12.9518590867519,0.412746638059616,0,0,0,0,0,0,0,0,0,0,0,0,0,0,0,0,0,0,0,0,0,0,0,0.567754328250885,0,0,6.29083442687988,0.839049935340881,22.7742446064949,19.9355410337448,0,0,0,0,0,0,0,0,0,0,0,0,38.9570388495922,81.7356528937817,24.4145112335682,68.0992644131184,20.5547313392162,9.77086132764816,101.544557064772,64.1537841260433,89.870644390583,242.31981086731,14.2088798582554,2.41164237260818,71.8388293683529,69.7748909294605,21.1762683987617,32.9157895445824,5.84180271625519,2.21383056044579,29.8812042176723,26.3979669809341,324.934238135815,0,162.259177744389,235.024434566498,33.4995836019516,21.9533016681671
0,0,0,0,0,0,0,0,0,0,0,0,0,0,0,0,0,0,0,0,0,0,0,0,0,0,0,0,0,0,0,0,0,0,0,0,4.78763571381569,2.16036230325699,2.06455928087234,1.84307363629341,0.983994424343109,0,0,0,0,0,2.18533396720886,2.28423941135406,0,0,0,0,0,0,0,0,0,0,0,0,0,0,0,0,0,0,0,0,0,0,5.27801364660263,3.00363755226135,2.55996978282928,0,5.22330516576767,5.59164327383041,60.6827608346939,38.4144785404205,0,0,0,0,0,0,0,0,0,0,0,0,45.292702704668,64.8203140497208,45.707744538784,235.730369836092,43.4047686457634,15.7172993421555,78.0336039662361,43.9888234734535,30.1981555521488,119.007731229067,19.5304589271545,5.54864951968193,113.295895695686,135.790645629168,45.0737933218479,48.6009950339794,2.42571794986725,6.42843687534332,77.578675866127,73.1563766598701,286.640871554613,162.259177744389,0,211.137593448162,46.3305573165417,51.2675749063492
0,0,0,0,0,0,0,0,0,0,0,0,0,0,0,0,0,0,0,0,0,0,0,0,0,0,0,0,0,0,0,0,0,0,0,0,5.54280495643616,5.1634561419487,1.30544281005859,5.38767957687378,0.888623595237732,0,0,0,0,0,4.94454935193062,3.46217396855354,0,0,0,0,0,0,0,0,0,0,0,0,0,0,0,0,0,0,0,0,0,0,3.88023632764816,4.87105268239975,2.12310585379601,0.56818813085556,11.4079661071301,7.48031669855118,85.5191203653812,131.953163266182,0,0,0,0,0,0,0,0,0,0,0,0,12.2766467034817,16.4825584292412,35.3014643490314,48.4615656137466,76.0614392757416,28.0149605572224,35.6438418924809,19.7303414344788,29.5234859287739,17.0087381601334,39.4111401736736,5.80825805664062,1069.69240579009,486.161718398333,106.68506872654,147.297093421221,8.70310816168785,5.35322898626328,174.567920356989,164.996997386217,569.522478729486,235.024434566498,211.137593448162,0,420.704956889153,206.423989117146
0,0,0,0,0,0,0,0,0,0,0,0,0,0,0,0,0,0,0,0,0,0,0,0,0,0,0,0,0.682013630867004,0,0,0,0,0,0,0,2.11985486745834,1.90590584278107,0.728643715381622,0,0,0,0,0,0,0,2.99124857783318,0,0,0,0,0,0,0,0,0,0,0,0,0,0,0,0,0,0,0,0,0,0,0,1.06100153923035,2.82705539464951,2.10837024450302,0,5.03886422514915,2.84125518798828,35.5921459197998,122.783442437649,0,0,0,0,0,0,0,0,0,0,0,0,4.32051521539688,4.888193577528,4.83109679818153,23.2892260551453,22.5057807862759,9.73981311917305,13.2560341060162,3.69326943159103,2.77565693855286,1.35409468412399,7.07871797680855,5.46522155404091,99.3037056326866,180.53145045042,331.554669946432,412.003433078527,2.41872960329056,0.941582053899765,88.5781092941761,56.7783415615559,172.890140473843,33.4995836019516,46.3305573165417,420.704956889153,0,84.583781182766
0,0,0,0,0,0,0,0,0,0,0,0,0,0,0,0,0,0,0,0,0,0,0,0,0,0,0,0,0,0,0,0,0,0,0,0,2.54820480942726,1.22179454565048,0,0,2.78288394212723,0,0,0,0,0,0.485317349433899,0,0,0,0,0,0,0,0,0,0,0,0,0,0,0,0,0,0,0,0,0,0,0,8.23875057697296,3.82438772916794,5.31018126010895,3.57898443937302,4.88896572589874,9.16649305820465,67.0597568154335,114.014687746763,0,0,0,0,0,0,0,0,0,0,0,0,2.21596896648407,6.3018411397934,5.29357799887657,9.72796732187271,21.2430988252163,14.6620157063007,11.3250443935394,3.15074026584625,4.01346480846405,0,5.91355940699577,1.11907577514648,19.2420410811901,29.4760384857655,47.0625024139881,121.404542028904,2.97721129655838,6.968237221241,46.2596009671688,64.9100277423859,99.0568857491016,21.9533016681671,51.2675749063492,206.423989117146,84.583781182766,0
