0,498.65774923563,2200.76445564628,533.090193241835,1.06545490026474,0,4910.18681323528,221.500864416361,7.54910990595818,0,2559.0042001307,52.8032850027084,1998.84524050355,10.390001475811,4.03169879317284,0,1142.83416008949,37.5836226940155,645.453979551792,1320.40800115466,0,0,15.1759208440781,38.0330391526222,0,0,0,0,1081.57017061114,1.13380205631256,33.2106320559978,10.5599803328514,19.642720580101,229.428634166718,1.07810926437378,0,78.8117287456989,2.77419036626816,15.2641043663025,0,6.40662574768066,0,0,0,0,0,3.37404561042786,0,0,0,21.5375615656376,0,6.90469372272491,0,0,0,10994.3873537183,10.7107086479664,645.486372709274,0,975.203620105982,0,32.6579760909081,0,483.395904898643,0,186.691611886024,7.22399830818176,3664.14742958546,55.1880814135075,2168.51641863585,241.429792106152,1901.005094558,161.805503726006,831.695254832506,36.0538188815117,2818.64595150948,260.002693712711,12.0756216049194,0,17.2832711935043,0,7.14774131774902,0,385.19188028574,0,0,0,159.869307935238,0,0,0,0.924225151538849,0,128.895698428154,4.65671110153198,6.56912279129028,0,0,0,0,0,0,0,10.1264836192131,3.68634700775146,1.93562138080597,0,39.9640882015228,17.0914791226387,0,0,0,0,0,9.30180913209915
498.65774923563,0,39.7960982918739,6163.19035032392,0,0,25.1879689693451,5965.28398287296,0,8.6329305768013,8.03598523139954,3385.90778085589,4.36425304412842,1064.56506925821,0,14.0104854106903,18.8761223554611,1181.23913964629,358.68107187748,886.823719233274,0,0,3.2958852648735,41.7107791304588,0,0,0,0,57.5271845161915,155.982873052359,20.7635717988014,6.4194318652153,145.721856534481,160.715084224939,5.59519249200821,3.71288013458252,7.04669135808945,97.7836111187935,0,68.827459692955,0,0.749214887619019,1.36970782279968,1.67121565341949,1.32559502124786,2.05689364671707,0.892731547355652,4.724449634552,0,1.8163189291954,0,35.2742129862309,0,0.65226536989212,0,10.3841972351074,214.83376711607,11576.9618465304,17.1104925274849,183.286689966917,10.6690295934677,1803.83049204946,19.6270689368248,511.941784322262,0,882.943702459335,194.648405969143,95.947513461113,1032.61732384562,1013.89219251275,153.750625491142,2582.01086220145,118.181594282389,3012.73884600401,34.438402235508,841.193508058786,191.823869943619,3767.52504712343,0.556184589862823,10.6495418846607,5.1197515130043,86.610012024641,0,0,0,736.347706437111,0,0,0,417.743019968271,0,0,0,0,12.2274286746979,83.5636701583862,1.78175532817841,0,0,2.11614298820496,0,0,0,0,2.73983526229858,10.9898043870926,0.889453232288361,3.0979682803154,58.9112197458744,37.4339928328991,0,0,0,0,0,19.3709636628628
2200.76445564628,39.7960982918739,0,609.134091585875,965.600878834724,129.548518747091,8386.28663089871,695.386078059673,437.516293734312,33.7922406792641,469.585744529963,100.905562013388,1335.42794415355,178.496846854687,215.250952601433,1.92293611168861,192.571000725031,12.3592106103897,2369.649743855,441.827310651541,0.656651377677917,5.96882140636444,2424.23934203386,1393.70040014386,82.2170847952366,277.087469398975,69.6987235844135,74.2073315382004,1242.47116419673,8.39971059560776,268.51807320118,292.269662857056,80.2930137515068,258.64198577404,7.08212018013,0,22.6394741535187,0,0.923861026763916,0,4.8038102388382,0,0,0,0,0,6.98698887228966,0,0,0,3.22732734680176,0,0,0,0,0,80.3610434830189,0,45.0617189705372,0,30.220638692379,0,1.52257376909256,0,14.2234024107456,0.556733846664429,133.103951662779,1.35430252552032,501.650769621134,0.872382402420044,1941.90716683865,478.544856995344,1485.72390034795,258.480081051588,448.507327020168,54.1761220693588,1086.01927343011,111.930372267962,2.70317554473877,0,4.7809544801712,0,8.40880039334297,0,13.7965683341026,0,0,0,0,0,0,0,0,0,37.2322718501091,0.865449368953705,0,0,0,0,0,0,0,0,1.04689872264862,0,0,0,20.2395957112312,1.71805763244629,0,0,0,0,0,2.59719562530518
533.090193241835,6163.19035032392,609.134091585875,0,101.628373354673,736.750954657793,736.26503610611,12005.820549041,97.5493159592152,190.946892768145,61.3792565762997,1022.60412663221,152.652481228113,997.341030180454,36.1647680401802,83.7580056190491,17.4711474180222,346.510444521904,768.76340380311,3866.67469730973,2.77615243196487,1.37237530946732,878.758124083281,3129.67311891913,83.2729887068272,251.702932268381,99.1265856921673,60.6005936264992,168.93269431591,106.801124989986,335.24684086442,154.692315161228,163.203761488199,218.969591498375,1.80958211421967,22.0702849924564,7.10385811328888,51.8476112484932,1.83919823169708,7.65026724338531,0,6.34275180101395,0,0.533894598484039,0,6.75351583957672,0.98135894536972,9.14993128180504,0,1.01012647151947,0,29.8470227718353,0,0,0,0.607293307781219,106.03068330884,564.411804080009,0,93.9173203706741,2.77414214611053,46.9231935441494,0,71.0117102861404,1.33230555057526,45.6542660295963,33.9397255778313,255.696599990129,655.985076576471,571.025037288666,645.883407980204,2060.55879083276,329.196063548326,2121.94332060218,77.7195909619331,495.911466866732,260.918077290058,2393.93479520082,0,3.21754199266434,0,11.1242299079895,1.03595459461212,0.734985291957855,0,29.8416220545769,0,1.11502182483673,0,6.0549772977829,0,0,0,0,22.2321941256523,33.3051119446754,0,0,0,0,0,0,0,0,0,3.88942748308182,0,0,79.3413883447647,38.0412400960922,0,0,0,0,0,7.72292399406433
1.06545490026474,0,965.600878834724,101.628373354673,0,138.137584835291,355.340645462275,92.6370106339455,1794.11570727825,46.1825801730156,1.92669820785522,0,23.59456422925,5.52625316381454,1819.60710415244,3.59674501419067,0,0,1.66344606876373,0,201.977224349976,37.9839324057102,154.817732036114,288.419959008694,119.092169106007,356.825192451477,826.04000839591,267.250132411718,804.115387886763,1.35134375095367,74.6072201132774,88.7258659601212,2.55821940302849,7.43289458751678,0.389574080705643,0,34.1169196665287,0,27.6295876502991,0,161.52768355608,1.95977914333344,0,0,0,0,40.2112366855145,0,0,0,1.36000370979309,0,0,0,13.9405444562435,0,0,0,0,0,0,0,0,0,0,0,2.16761112213135,0,0,0,1184.93376371264,123.002234220505,1424.718441993,40.0961644649506,38.0482499599457,0,68.3290354311466,0.795783162117004,0,0,26.5494810640812,0,123.9618960917,0.682396709918976,78.2293843924999,0,44.4568406641483,0,27.0534147918224,0,0,0,0,0,0,0.560762226581573,0,0,0,0,0,0,0,0,0,0,0,0,0.605725049972534,0.53001457452774,0,0,0,0,0,0
0,0,129.548518747091,736.750954657793,138.137584835291,0,45.207407772541,1280.0085939467,66.8887801170349,2505.09377002716,0,19.0050116479397,3.82226765155792,78.7994785010815,48.9370205998421,2789.73990565538,0,4.38995504379272,0,5.2468917965889,9.33371755480766,621.782709717751,270.57143509388,142.664711654186,119.764256447554,827.892717152834,246.838036298752,1420.40686482191,7.09365957975388,286.833891123533,104.077381372452,26.3030177950859,0,2.09509307146072,0,0.359179526567459,0,61.6456012129784,0,7.63096895813942,0,362.346272408962,0,2.2651786506176,0,0,0,4.89973965287209,0,0,0,0,0,0,0,13.6368063688278,0,1.20972752571106,0,0,0,0,0,1.07574689388275,0,0,0,0,0,0,224.63422665,1618.13700023293,41.1967811286449,1554.44209930301,2.3676837682724,83.5629778206348,0,82.351489841938,0,0,0,10.6196770966053,0,186.656565964222,0,31.8168078362942,0,51.6636609137058,0,33.5135816037655,0,0,0,0,0,0,0,0,0,0,0,0,0,0,0,0,0,0,3.01193544268608,0,0,0,0,0,0,0.460535913705826
4910.18681323528,25.1879689693451,8386.28663089871,736.26503610611,355.340645462275,45.207407772541,0,770.22929084301,881.203895628452,21.2576630711555,921.356895565987,143.078598290682,7873.47128209472,280.397574543953,176.270903140306,3.48061984777451,113.920208603144,7.22357875108719,535.939421921968,440.584510177374,0.602190017700195,1.00521969795227,457.437031269073,1145.75958746672,3.63106435537338,57.7220313251019,12.9214863181114,13.0676209926605,872.506660282612,8.24447581171989,199.12386110425,167.944550871849,10.8571811914444,197.655670374632,7.23801222443581,3.89832735061646,17.9643740952015,0,4.81227266788483,0,3.44154411554337,0,0,0,1.50413954257965,0,7.37867894768715,0,0,0,19.8818877339363,0,7.80282545089722,0,2.0375811457634,0,707.68966627121,0,221.651944518089,0,477.143028855324,0,6.95604366064072,0,497.239052057266,0,67.467428445816,1.82081109285355,179.139956980944,0.706203758716583,3205.13041386008,501.706580132246,976.415328413248,293.935242712498,330.597462177277,57.5728159248829,1047.37513887882,194.118742793798,6.35309249162674,0,18.3428633213043,0,1.72466778755188,0,359.623374819756,0,0,0,133.101285994053,0,0,0,0,0,21.3226737082005,4.91002076864243,0,0,0,0,0,0,0,0,0,0,0.840642392635345,0,2.77019101381302,6.39949589967728,0,0,0,0,0,1.14595687389374
221.500864416361,5965.28398287296,695.386078059673,12005.820549041,92.6370106339455,1280.0085939467,770.22929084301,0,118.099042981863,1437.8400080204,39.5444931387901,4262.04196301103,200.604063749313,6635.36762371659,58.4291985630989,389.776033908129,1.7593070268631,228.897541075945,398.920488655567,268.582950949669,1.47660118341446,2.44411879777908,925.960068613291,994.351315736771,64.8246653079987,140.14328867197,101.681176543236,18.1458104252815,140.914826512337,123.4622810781,331.73103171587,121.189435303211,36.7718356847763,37.9367461800575,0,5.86324161291122,0,30.5872329473495,0,5.66182160377502,0,4.33835655450821,0,0,0,2.66071498394012,0,0,0,3.73723167181015,0,39.6254421174526,0,0,0,0.695414662361145,25.245581060648,807.136332094669,3.26526468992233,42.4902241826057,2.66233459115028,400.964419037104,0,185.714380025864,0,304.443084836006,6.3079788684845,31.9819630980492,158.751433819532,10.9550289511681,706.835430562496,3724.94355639815,272.206404060125,1844.02505508065,79.0643398761749,448.399196267128,162.284472435713,2046.174336344,0.857620298862457,4.37315964698792,0,32.6637151837349,0,0.628856301307678,0,167.62308549881,0,0,0,85.521285533905,0,0,0,0,16.018145442009,27.7348175644875,4.41715985536575,0,0,0,0,0,0,0,0,4.2754744887352,0,0,53.1828087568283,27.2576460540295,0,0,0,0,0,13.3059653043747
7.54910990595818,0,437.516293734312,97.5493159592152,1794.11570727825,66.8887801170349,881.203895628452,118.099042981863,0,29.2273930311203,2.77628982067108,1.39806294441223,1091.84000110626,13.6062182188034,2900.596159935,0.570893168449402,5.16429561376572,0,8.51754656434059,3.74041813611984,18.5133028626442,1.97872221469879,99.9284700751305,232.056620776653,25.6767958402634,160.513110309839,114.535373985767,34.6539968848228,395.482101172209,0,43.0974258780479,51.9558065533638,0.628937304019928,14.7449153065681,0,0,17.9276389479637,1.03947877883911,11.6317965388298,0,26.3041467368603,0,0,0,0,0,8.01583895087242,0,0,0,0,0,0,0,0.5204256772995,0,0.936965048313141,0,0.571746647357941,0,3.72365283966064,0,1.30027318000793,0,0.567531228065491,0,1.42564618587494,0,0.663726150989532,0,1016.35996714234,105.54854029417,1246.63529029489,28.1563282608986,64.8015704751015,5.37898737192154,123.774803429842,1.66369217634201,0,0,13.8191793262959,0,21.3411699235439,0,19.6100923418999,0,11.8970166146755,0,4.63411861658096,0,0,0,0,0,1.81348189711571,0,0,0,0,0,0,0,0,0,0,0.821321129798889,0,0,2.07908916473389,0,0,0,0,0,0,0
0,8.6329305768013,33.7922406792641,190.946892768145,46.1825801730156,2505.09377002716,21.2576630711555,1437.8400080204,29.2273930311203,0,0,30.793667703867,2.31169581413269,431.809097915888,11.2376591563225,1719.94438686967,0,18.7304593920708,0,5.65479922294617,0,48.0829685628414,77.6847244501114,70.9944366514683,43.8659801185131,70.3667345941067,69.6630351543427,266.262803673744,1.79563242197037,198.934966355562,35.7921450138092,8.4039671421051,0.706780016422272,2.46103358268738,0,0.332393139600754,0,40.4461095631123,0,4.83294960856438,0,95.83406072855,0,0,0,0,0,3.9361971616745,0,0,0,0,0,0,0,15.629643291235,0,3.31524455547333,0,0,0,8.73720186948776,0,15.0182356834412,0,5.85922467708588,0,4.0873110294342,0,0,87.9030539095402,1392.79548916221,19.2499542236328,2023.25937157869,0,161.53402608633,1.35640048980713,187.699778139591,0,0,0,8.73816424608231,0,41.9595364928246,0,21.3584122061729,0,26.9926760196686,0,15.6295663714409,0,0,0,0,0.601577401161194,3.82200995087624,0,0,0,0,0,0,0,0,0,0,0,0,7.29348626732826,2.39288127422333,0,0,0,0,0,0.484578043222427
2559.0042001307,8.03598523139954,469.585744529963,61.3792565762997,1.92669820785522,0,921.356895565987,39.5444931387901,2.77628982067108,0,0,9.84514999389648,2660.10464060307,13.6778122186661,38.754359126091,0,1034.9251961112,2.28900080919266,510.686738610268,148.206189602613,0,0,36.9394474923611,48.6144767105579,0,0,0,0,939.527988165617,0.805567860603333,37.9886421561241,14.6873342990875,8.59147292375565,58.0375421047211,5.97476604580879,2.19790750741959,5.85282734036446,0,0,0,0,0,0,0,0,0,0,0,0,0,2.93712830543518,0,0,0,0,0,355.456475049257,0.63405704498291,69.9271454811096,0,656.90171200037,0,170.793468952179,0,84.98598498106,0,37.8437232077122,0,172.041551113129,2.87348604202271,486.126101613045,45.4225521087646,124.685032367706,25.1525509953499,42.7096419930458,0,214.795922964811,16.977369427681,15.6187561750412,0,343.649730026722,0,30.1811140179634,0,1161.15951284766,0,0,0,162.317749142647,0,0,0,0,0,8.56553900241852,0,1.19930779933929,0,0,0,0,0,0,0,0,0,0,0,1.63572216033936,0,0,0,0,0,0,0
52.8032850027084,3385.90778085589,100.905562013388,1022.60412663221,0,19.0050116479397,143.078598290682,4262.04196301103,1.39806294441223,30.793667703867,9.84514999389648,0,43.9849470555782,4394.93344032764,0,125.998138785362,0.84835296869278,912.920800805092,269.650181472301,349.012929290533,0,0,90.7054086327553,153.115999400616,0,3.05130714178085,0,0,33.2371191978455,585.18497005105,63.965358376503,36.7748547196388,17.6818853020668,25.2701215744019,1.02537357807159,4.655263453722,0,8.54670828580856,0,1.04327011108398,0,0,0,0,0,0,0,1.40743291378021,0,0,0,3.43653273582458,0,0,0,0,8.10204330086708,249.787353247404,0,19.3595832586288,0,815.238411337137,0,710.76123970747,0,333.457371354103,0,17.8941632211208,45.7859272062778,18.7723004817963,96.8881351649761,805.137269228697,36.1816574335098,863.809252291918,14.9108270406723,99.3778198957443,21.1548022031784,336.286373198032,0,2.64290910959244,0,170.977959156036,0,0,0,543.078766196966,0,0,0,71.67240691185,0,0,0,0,1.64762550592422,4.52748256921768,0,0,0,0,0,0,0,0,0,0,0,0,16.7237742543221,4.64142394065857,0,0,0,0,0,2.21579658985138
1998.84524050355,4.36425304412842,1335.42794415355,152.652481228113,23.59456422925,3.82226765155792,7873.47128209472,200.604063749313,1091.84000110626,2.31169581413269,2660.10464060307,43.9849470555782,0,75.5316028892994,2817.98466879129,0,308.472072899342,0,597.802196800709,185.145565211773,0,0,287.01248562336,315.266372263432,0,2.56926190853119,1.60676795244217,1.37373602390289,2807.33620128036,2.26637655496597,106.258420109749,63.4993700385094,6.51354908943176,125.351083040237,7.3046045601368,1.11258006095886,9.70868062973022,0,0,0,2.52232038974762,0,0,0,0,0,2.41143077611923,0,0,0,2.04565733671188,0,0,0,0,0,343.453106850386,0,64.9710483849049,0,642.591028004885,0,106.437072038651,0,245.989234149456,0,22.0606735348701,0,119.362169772387,0,1851.62231847644,182.104843616486,803.208721071482,73.1569727063179,125.788677811623,14.2821598052979,442.269044846296,47.4283925890923,10.6135046482086,0,215.655832588673,0,3.76045840978622,0,1176.32207337022,0,0,0,145.766881346703,0,0,0,0,0,6.04910433292389,0,0,0,0,0,0,0,0,0,0,0,0,0,4.18603602051735,1.21666288375854,0,0,0,0,0,0
10.390001475811,1064.56506925821,178.496846854687,997.341030180454,5.52625316381454,78.7994785010815,280.397574543953,6635.36762371659,13.6062182188034,431.809097915888,13.6778122186661,4394.93344032764,75.5316028892994,0,7.79017770290375,2041.19330441952,0,244.484962403774,109.338539958,193.929641842842,0,0,318.247216820717,516.181897878647,4.45411258935928,18.2623280286789,3.3993980884552,8.0114893913269,35.5812440514565,1104.32937020063,111.259087055922,59.3399202227592,15.9556875228882,33.429504185915,0,2.44554680585861,0,9.3700914978981,1.27484810352325,0.735385298728943,0,5.88151007890701,0,0,0,0,0,1.35952234268188,0,0,0,1.51629662513733,0,0,0,0,0,71.2633296251297,0,3.54740828275681,0,493.410696953535,0,505.107709765434,0,172.330331593752,0,3.03540560603142,2.10008233785629,1.33529496192932,176.172289431095,1381.99027961493,72.1681979000568,1425.73423469067,8.69257295131683,184.262143552303,17.0736993849277,387.135710775852,0,4.43812835216522,0,93.3573208451271,0,1.80699265003204,0,224.171010017395,0,0.822041690349579,0,17.9530005455017,0,0,0,0,1.61808913946152,1.87935292720795,0,0,0,0,0,0,0,0,0,0,0,0,7.3423079252243,1.92226213216782,0,0,0,0,0,0
4.03169879317284,0,215.250952601433,36.1647680401802,1819.60710415244,48.9370205998421,176.270903140306,58.4291985630989,2900.596159935,11.2376591563225,38.754359126091,0,2817.98466879129,7.79017770290375,0,1.32616937160492,21.2911375164986,0,17.1746523678303,0,113.066611558199,18.2666891515255,172.200899720192,98.041732609272,128.060772955418,117.38492590189,605.451190292835,96.7255285084248,3413.3516074121,2.9118714928627,91.9849928021431,50.3501440286636,6.44538766145706,6.39800012111664,0,0,49.0500221848488,0,17.2958754599094,0,57.1298152208328,2.05647200345993,0.904920220375061,0,0,0,35.5877472162247,0,0,0,2.66676270961761,0,0.779899656772614,0,13.3344222903252,0,2.28562724590302,0,0.529701888561249,0,1.5082311630249,0,0,0,0,0,2.49233794212341,0,2.84946763515472,0,1412.55865690112,54.4810131788254,2209.97105127573,13.9591535925865,123.708477050066,1.12807881832123,224.182492941618,0.700259268283844,0,0,51.0201513469219,0,123.362459659576,0,84.7613562643528,0,26.8425570130348,0,27.4621359109879,0,0,0,0,0,1.55357119441032,0,0,0,0.933759570121765,0,0,0,0,0,0.704002261161804,0,0,0,2.26111108064651,0.509093880653381,0,0,0,0,0,0.837547302246094
0,14.0104854106903,1.92293611168861,83.7580056190491,3.59674501419067,2789.73990565538,3.48061984777451,389.776033908129,0.570893168449402,1719.94438686967,0,125.998138785362,0,2041.19330441952,1.32616937160492,0,0,37.0909959077835,0,8.89912325143814,0.628287315368652,185.538248360157,7.23990434408188,58.3393601477146,0,14.4624032974243,2.8087797164917,258.50194478035,0,2045.79774433374,9.57730424404144,6.55809795856476,0,3.91429543495178,0,0,0,43.9976210594177,0,8.47986769676208,0,191.792882233858,0,0.597748994827271,0,0,0,7.2857828438282,0,0,0,0,0,0,0,15.5924620330334,0,4.92400681972504,0,0,0,22.6625803112984,0,51.5726628303528,0,3.22284603118896,0,0.669859290122986,0,0,22.5768836438656,500.788171678782,2.26623028516769,2730.03059184551,0,136.703451454639,0.907036185264587,113.778391599655,0,0,0,24.0378245711327,0,98.3566625714302,0,27.5016541481018,0,34.114171564579,0,15.1450637578964,0,0,0,0,0,0,0,0,0,0,0,0,0,0,0,0,0,0,2.60358470678329,1.52273017168045,0,0,0,0,0,0.584076404571533
1142.83416008949,18.8761223554611,192.571000725031,17.4711474180222,0,0,113.920208603144,1.7593070268631,5.16429561376572,0,1034.9251961112,0.84835296869278,308.472072899342,0,21.2911375164986,0,0,6.47147768735886,307.39500156045,79.5264922976494,0,0,13.7983660101891,2.02687323093414,0,0,0,0,3905.46774086356,0,5.34865337610245,4.55761909484863,6.02644351124763,35.4188209176064,1.82986044883728,0.574252486228943,11.5230265259743,4.70049512386322,3.52624547481537,0,0,0,0,0,2.27293884754181,0,3.61077558994293,0,3.05187505483627,0,16.8408200144768,0,2.51878893375397,0,0,0,2219.95858326554,15.4698636233807,160.468315958977,1.52485030889511,982.892988413572,2.12055587768555,1547.55628719926,7.58174312114716,50.3665589094162,0,48.845831155777,12.1918335556984,322.617886632681,14.5641394853592,301.214797645807,26.9695094227791,331.439940571785,25.6020900309086,87.476345539093,2.99435007572174,327.071945369244,11.2016680240631,549.939752489328,0,2425.16318407655,0,54.3411183953285,0,563.908938586712,0,0,0,48.838674902916,0,0,0,0,0,10.1961335241795,1.28537774085999,0,0,0,0,0,0,0,0,0,0,0,0,2.74995839595795,1.21523189544678,0,0,0,0,0,0
37.5836226940155,1181.23913964629,12.3592106103897,346.510444521904,0,4.38995504379272,7.22357875108719,228.897541075945,0,18.7304593920708,2.28900080919266,912.920800805092,0,244.484962403774,0,37.0909959077835,6.47147768735886,0,88.8276696205139,179.193545609713,0,0,1.69154524803162,18.2932370305061,0,0.755284190177917,0,1.82301777601242,11.2105275988579,1940.91173225641,12.3858941197395,10.5937106013298,21.7307786941528,40.6817588210106,3.66465604305267,0,0,5.63475674390793,0,1.32210302352905,0,0,0,0,0,0,0,0,0,2.66263508796692,0,1.89758002758026,0,0,0,0,34.5408953428268,2419.0039459765,7.80005270242691,51.8042257726192,16.8784870505333,726.56581056118,9.33546102046967,2792.94824296236,0,125.473258256912,37.7341170310974,29.4241300225258,54.5866821110249,81.0747331976891,41.4358514547348,238.13677585125,11.1085048317909,1487.6982280612,0.744758784770966,80.1764990091324,17.5273588895798,309.313747614622,3.85512435436249,122.287979185581,8.27208787202835,366.329290807247,0,0.775365233421326,0.560121715068817,118.209255337715,0,0,0,14.5520079135895,0,0,0,0,3.10487622022629,1.23317849636078,0,0,0,0,0,0,0,0,0,2.22182637453079,0,0,5.71527272462845,2.38689833879471,0,0,0,0,0,1.30543053150177
645.453979551792,358.68107187748,2369.649743855,768.76340380311,1.66344606876373,0,535.939421921968,398.920488655567,8.51754656434059,0,510.686738610268,269.650181472301,597.802196800709,109.338539958,17.1746523678303,0,307.39500156045,88.8276696205139,0,2944.41098117828,0,1.15576577186584,1634.09061428905,550.143040239811,2.25009858608246,2.45845711231232,2.05402815341949,0,615.068063557148,25.6213577091694,585.176688075066,194.452803134918,1670.89021521807,1086.20585212111,45.1466498076916,3.65313971042633,23.480731010437,1.07579338550568,9.29281693696976,0,2.53768444061279,0,37.7434929907322,0,14.126985758543,0,29.8793289959431,0,0,0,2.62812852859497,0,0,0,0,0,58.0282063484192,7.33063200116158,56.1799636781216,0.901910483837128,26.0454493165016,0,4.84212011098862,1.22500288486481,12.6727154254913,0,656.104282200336,15.5564986467361,3146.10282313824,39.1609534025192,970.253980219364,478.638579428196,744.8423858881,414.46245059371,526.627715080976,98.6563595533371,1622.16261208057,579.01974606514,0,0,0.656389892101288,0,23.5447165071964,0,12.9212676882744,1.09898781776428,0,0,0,0,0,0,0,0,45.7777059972286,1.04276347160339,0,0,0,0,0,0,0,0,0.798828363418579,0,0,0,20.5522382259369,6.26043418049812,0,0,0,0,0,3.49563145637512
1320.40800115466,886.823719233274,441.827310651541,3866.67469730973,0,5.2468917965889,440.584510177374,268.582950949669,3.74041813611984,5.65479922294617,148.206189602613,349.012929290533,185.145565211773,193.929641842842,0,8.89912325143814,79.5264922976494,179.193545609713,2944.41098117828,0,0,0,307.44071957469,1967.43262994289,0,13.0773193240166,0,1.34185254573822,255.460529923439,29.272163271904,335.440050244331,186.89082723856,606.008280336857,4335.75229382515,7.97506779432297,78.4852041304111,0.475086987018585,36.9307432472706,0,24.5494215488434,0,0,1.06640785932541,5.96326184272766,0,3.65270972251892,0,68.6259535551071,0,7.52926808595657,0,9.46412461996078,0,0,0,0,262.679058074951,489.503333508968,11.3937839269638,240.000041514635,1.90855193138123,15.1305882334709,0,33.7796532809734,2.0659544467926,8.73693150281906,226.216519922018,1390.8398334682,2367.80094847083,3756.9485822618,521.462022900581,651.577260941267,417.150831013918,672.168694227934,194.889939457178,146.614779412746,676.56148031354,1160.06914994121,0,5.15877330303192,0.886892318725586,4.3848916888237,1.04918694496155,0,0,5.03429651260376,0,0,0,0,0,0,0,0,9.23710256814957,15.4597700238228,0,1.65042805671692,0,0,0,0,0,0,0,0.491665363311768,0,1.64982938766479,29.9244023859501,21.9156197309494,0,0,0,0,0,5.20057171583176
0,0,0.656651377677917,2.77615243196487,201.977224349976,9.33371755480766,0.602190017700195,1.47660118341446,18.5133028626442,0,0,0,0,0,113.066611558199,0.628287315368652,0,0,0,0,0,92.0838398933411,62.7877432703972,3.44925916194916,149.548495769501,23.9645405709743,756.687207996845,66.4598394632339,91.6929784417152,0,612.075478792191,21.3815029859543,39.0252400040627,0,18.2604494988918,2.00089478492737,48.8349645137787,27.8095424175262,7.66764757037163,2.25899314880371,101.58320337534,2.83346945047379,2.38991785049438,0,0.892751038074493,0,19.6854813694954,0,0,0,3.1399929523468,0,4.92040851712227,0,10.0115196108818,0.983893394470215,0,0,0,0,0,0,0,0,0,0,4.06053265929222,0.743800222873688,0,0,407.081720560789,101.766708314419,126.726382493973,10.5035164356232,9.30246758460999,15.7193843722343,53.6028767824173,52.2349100708961,0,0,6.59301167726517,0,24.6692003011703,2.24842756986618,24.6894899606705,0,18.8980600833893,2.2515721321106,15.8378118872643,2.52317953109741,0,0,0,0,0,0,0,0,0,0,0,0,0,0,0,0,0,0,0,0,0,0,0,0,0,0
0,0,5.96882140636444,1.37237530946732,37.9839324057102,621.782709717751,1.00521969795227,2.44411879777908,1.97872221469879,48.0829685628414,0,0,0,0,18.2666891515255,185.538248360157,0,0,1.15576577186584,0,92.0838398933411,0,40.5965836942196,33.6659152209759,79.3847615718842,405.69911390543,196.17507866025,1617.00439864397,2.75450277328491,71.2847369909286,124.345320552588,594.246394455433,10.9073024392128,25.5547392964363,0.832053005695343,1.87968274950981,9.15632462501526,10.3352062702179,11.4653899669647,1.41229844093323,1.80171549320221,154.247638165951,0,0,0,0,0,2.56609845161438,0,0,0,0,0,0,0,1.86667209863663,0,0,0,0,0,0.853286325931549,0,0,0,0,0,0.401155799627304,0,0,188.975687325001,254.494559645653,6.00552436709404,582.164619803429,0,2.0561648607254,0,5.86662638187408,0,0,0.693737864494324,0,0.987985283136368,54.0053635835648,0,1.6819434762001,0,13.4634323120117,0,2.40801590681076,0,0,0,0,0,0,0,0,0,0,0,0,0,0,0,0,0,0,0,0,0,0,0,0,0,0
15.1759208440781,3.2958852648735,2424.23934203386,878.758124083281,154.817732036114,270.57143509388,457.437031269073,925.960068613291,99.9284700751305,77.6847244501114,36.9394474923611,90.7054086327553,287.01248562336,318.247216820717,172.200899720192,7.23990434408188,13.7983660101891,1.69154524803162,1634.09061428905,307.44071957469,62.7877432703972,40.5965836942196,0,3062.45649492741,837.204615861177,947.794045895338,475.44315558672,407.968358337879,498.861850142479,13.3088492155075,4225.66114065051,1185.55579349399,860.221364229918,596.766806781292,212.159202843904,5.62108102440834,2.66488581895828,0,0,0,1.44535678625107,2.90579098463058,24.5933022201061,0.677341759204865,2.31616625189781,0,7.27072769403458,0,0,0,0.575287699699402,0,0,0,0,0,15.937842965126,0,5.15193128585815,0,0,0,2.33103847503662,0,1.30637454986572,0,241.123513936996,5.59353795647621,106.080352574587,1.43215525150299,1468.85295131803,780.377095401287,757.588052749634,395.011159002781,150.495406508446,95.0343078076839,374.328101992607,111.8802562356,0,0,3.0475435256958,0,2.01685348153114,0,0,0,0,0,0.964217841625214,0,0,0,0,0,8.00838965177536,0,0,0,0,0,0,0,0,0,0,0,0,0,2.59104079008102,0.856041669845581,0,0,0,0,0,0
38.0330391526222,41.7107791304588,1393.70040014386,3129.67311891913,288.419959008694,142.664711654186,1145.75958746672,994.351315736771,232.056620776653,70.9944366514683,48.6144767105579,153.115999400616,315.266372263432,516.181897878647,98.041732609272,58.3393601477146,2.02687323093414,18.2932370305061,550.143040239811,1967.43262994289,3.44925916194916,33.6659152209759,3062.45649492741,0,229.22815322876,1701.56351816654,278.020992815495,351.078473865986,303.029908835888,73.4193412661552,994.523144364357,2290.95641630888,90.596182256937,1134.4519726634,0,53.8104715049267,2.7917867898941,7.38568329811096,0,0.864413142204285,0.512667715549469,5.14236229658127,0,8.32760748267174,0,0,0,27.3555944561958,0,0,0,0,0,0,0,0,0,3.8737920820713,0,0.706598699092865,0,5.03151905536652,0,8.35271137952805,0,4.14740908145905,0,172.067200243473,23.348954975605,8.88717925548553,1210.40513893962,1516.15337440372,697.213552772999,1093.66170188785,130.299210488796,311.625959932804,216.344880580902,609.571436226368,0,0,0,5.43132877349854,0,0.448781788349152,0,0,0,0,0,0,0,0,0,0,0,7.55665177106857,0,0,0,0,0,0,0,0,0,0,0,0,22.3055939078331,7.18247002363205,0,0,0,0,0,2.85217916965485
0,0,82.2170847952366,83.2729887068272,119.092169106007,119.764256447554,3.63106435537338,64.8246653079987,25.6767958402634,43.8659801185131,0,0,0,4.45411258935928,128.060772955418,0,0,0,2.25009858608246,0,149.548495769501,79.3847615718842,837.204615861177,229.22815322876,0,537.155420690775,908.812290847301,480.100198417902,33.8163630962372,0,579.232826471329,188.858013033867,50.5536845624447,9.01497483253479,15.3777885735035,0,1.25725299119949,0.990696966648102,0,0,4.16960108280182,0,0,0,0,0,0,0,0,0,0,0,0,0,0,0,0,0,0,0,0,0,0,0,0,0,1.93499040603638,0,0,0,426.711555600166,98.1182011365891,131.695049643517,24.1316939592361,8.57692265510559,0,5.26842474937439,0,0,0,0.528868973255157,0,0.679439842700958,0,1.08533155918121,0,0.469810247421265,0,0.487424910068512,0,0,0,0,0,0,0,0,0,0,0,0,0,0,0,0,0,0,0,0,0,0,0,0,0,0,0
0,0,277.087469398975,251.702932268381,356.825192451477,827.892717152834,57.7220313251019,140.14328867197,160.513110309839,70.3667345941067,0,3.05130714178085,2.56926190853119,18.2623280286789,117.38492590189,14.4624032974243,0,0.755284190177917,2.45845711231232,13.0773193240166,23.9645405709743,405.69911390543,947.794045895338,1701.56351816654,537.155420690775,0,702.191185057163,1633.21455049515,17.5493926107883,6.70274069905281,357.760706663132,1246.56480723619,5.1268817782402,147.001559197903,0,13.8866491168737,0,4.57600295543671,0,0,1.07879662513733,6.82876187562943,0,0,0,0,0,0,0,0,0,0,0,0,0,0,0,0,0,0,0,0,0,0,0,0,0,9.28207787871361,0,0,436.235044896603,796.507347851992,116.242628335953,283.40537366271,9.08437889814377,24.5297959148884,0.489386737346649,22.431260406971,0,0,1.50879383087158,0,0,0.423234641551971,0,2.82475686073303,0,2.27502012252808,0,1.11269080638885,0,0,0,0,0,0,0,0,0,0,0,0,0,0,0,0,0,0,0.412534177303314,0.525152564048767,0,0,0,0,0,0
0,0,69.6987235844135,99.1265856921673,826.04000839591,246.838036298752,12.9214863181114,101.681176543236,114.535373985767,69.6630351543427,0,0,1.60676795244217,3.3993980884552,605.451190292835,2.8087797164917,0,0,2.05402815341949,0,756.687207996845,196.17507866025,475.44315558672,278.020992815495,908.812290847301,702.191185057163,0,922.782460659742,157.948543637991,0,558.149579674006,190.536483258009,45.3868781328201,13.4860610663891,4.90539491176605,0,27.5177100300789,15.6020926237106,16.801734149456,0,33.3207541108131,3.19518828392029,1.02792632579803,0,0,0,5.57433497905731,0,0,0,1.51537418365479,0,0,0,3.99504160881042,0,0,0,0,0,0,0,0,0,0,0.813414633274078,0,0,0,0,1031.13354969025,176.549651563168,431.69669225812,52.1124170720577,12.1831386685371,3.20905861258507,9.23372131586075,2.35571694374084,0,0,4.0528099834919,0,20.7030624747276,0,19.7790445387363,0,10.2114360332489,0.58952385187149,7.7260759472847,0.472167760133743,0,0,0,0,0,0,0,0,0,0,0,0,0,0,0,0,0,0,0,0,0,0,0,0,0,0
0,0,74.2073315382004,60.6005936264992,267.250132411718,1420.40686482191,13.0676209926605,18.1458104252815,34.6539968848228,266.262803673744,0,0,1.37373602390289,8.0114893913269,96.7255285084248,258.50194478035,0,1.82301777601242,0,1.34185254573822,66.4598394632339,1617.00439864397,407.968358337879,351.078473865986,480.100198417902,1633.21455049515,922.782460659742,0,25.3531115949154,51.8715880215168,322.534452974796,326.863692939281,9.16449126601219,35.1041689515114,0,2.18587264418602,18.5985850691795,57.3504990637302,19.9622710943222,1.34026443958282,2.84091311693192,198.082651078701,0,0.489885807037354,0,0,0,1.70028305053711,0,0,0,0,0,0,0,4.34456968307495,0,0,0,0.834131896495819,0,0,0,0,0,0,0,0,0,0,635.146240860224,1569.25406953692,50.1749187111855,874.658862322569,4.08707082271576,24.8937592506409,0.573730647563934,34.2024379372597,0,0,0.634141504764557,3.40229165554047,0,77.5575338304043,0.471634775400162,7.85642468929291,0.947088211774826,28.0345111191273,0.567189931869507,13.3907265663147,0,0,0,0,0.571395993232727,0,0,0,0,0,0,0,0,0,0,0,0,0,1.78913763165474,0.662008464336395,0,0,0,0,0,0
1081.57017061114,57.5271845161915,1242.47116419673,168.93269431591,804.115387886763,7.09365957975388,872.506660282612,140.914826512337,395.482101172209,1.79563242197037,939.527988165617,33.2371191978455,2807.33620128036,35.5812440514565,3413.3516074121,0,3905.46774086356,11.2105275988579,615.068063557148,255.460529923439,91.6929784417152,2.75450277328491,498.861850142479,303.029908835888,33.8163630962372,17.5493926107883,157.948543637991,25.3531115949154,0,4.52297055721283,164.424135357141,89.0073991417885,35.6156798899174,185.738124489784,87.6052215993404,72.6515127420425,165.595808506012,92.0232009887695,80.1946123242378,1.99851191043854,397.841524630785,6.87267315387726,150.895586460829,4.01719343662262,158.183445513248,0,396.370742619038,0,176.869962483644,1.79164981842041,386.788238465786,0,136.881058961153,0,175.986108571291,0,1392.28094699979,46.8028327226639,990.06314727664,20.537170112133,651.444842845201,2.15830498933792,419.516308099031,12.0128346681595,155.042505294085,0,404.39217337966,99.9180771410465,502.348468124866,34.4517161846161,930.374854207039,143.372291088104,2502.69291886687,85.5315814614296,191.291014105082,20.6764985918999,647.084318965673,76.8950252830982,431.404743164778,0,1990.59550279379,6.45269620418549,1244.68678030372,0,859.510656416416,0,243.366029888391,0,252.4847432971,0,7.44917190074921,0,0,0,29.483106315136,4.02743256092072,5.1174795627594,0,19.4165971279144,0,0,0,0,0,2.24628114700317,1.84520649909973,0,2.55003261566162,5.4526538848877,6.34234040975571,0,0,0,0,0,0.764588594436646
1.13380205631256,155.982873052359,8.39971059560776,106.801124989986,1.35134375095367,286.833891123533,8.24447581171989,123.4622810781,0,198.934966355562,0.805567860603333,585.18497005105,2.26637655496597,1104.32937020063,2.9118714928627,2045.79774433374,0,1940.91173225641,25.6213577091694,29.272163271904,0,71.2847369909286,13.3088492155075,73.4193412661552,0,6.70274069905281,0,51.8715880215168,4.52297055721283,0,5.56630122661591,5.25369918346405,3.15894544124603,12.4107779860497,1.10933664441109,21.3778325915337,0,92.2613808512688,0,30.8875813484192,0,281.762457579374,5.57223644852638,40.3531120121479,0,73.1446077823639,2.85673594474792,150.799997031689,0,40.6248367726803,0,96.6673568785191,0,40.6502113938332,0,83.2679418623447,18.2132406830788,416.230888813734,16.1260703802109,128.376082122326,8.59148913621902,158.930253058672,1.33843529224396,629.528160184622,0,99.3197493851185,32.9793604016304,55.4170532524586,10.6104688048363,19.0660725235939,20.0878245830536,109.255462378263,4.01884257793427,3469.50469735265,4.05581319332123,26.5089376270771,10.0098649263382,105.16410830617,1.02867066860199,351.476602256298,5.87532132863998,740.151340454817,0,1138.33413654566,0,285.869872301817,0,159.290084064007,0,66.2370452582836,0,4.52691203355789,0,0,0,3.29293990135193,0,0,0,6.45534121990204,0,0,0,0,0,1.86777657270432,0.721893787384033,0,0,2.49929511547089,0,0,0,0,0,0
33.2106320559978,20.7635717988014,268.51807320118,335.24684086442,74.6072201132774,104.077381372452,199.12386110425,331.73103171587,43.0974258780479,35.7921450138092,37.9886421561241,63.965358376503,106.258420109749,111.259087055922,91.9849928021431,9.57730424404144,5.34865337610245,12.3858941197395,585.176688075066,335.440050244331,612.075478792191,124.345320552588,4225.66114065051,994.523144364357,579.232826471329,357.760706663132,558.149579674006,322.534452974796,164.424135357141,5.56630122661591,0,437.7874802351,1392.30208605528,360.640816509724,528.24741512537,4.65528443455696,8.4199401140213,1.19632709026337,15.05853125453,0,3.75062298774719,2.22565519809723,108.77294126153,0,77.6146072149277,0.772395372390747,61.9989824593067,0.721924126148224,0,0,1.10185146331787,0,0,0,0,0,10.9097519516945,1.54973769187927,2.37795233726501,0,0,5.90690606832504,0,1.45959150791168,3.04104387760162,0.635844826698303,961.782413452864,10.1147796809673,124.570090353489,1.47768050432205,1430.98217514157,379.642659753561,278.06349042058,202.824420511723,91.5144219994545,42.6542698740959,228.107328236103,184.234022498131,0,0,1.41356611251831,2.60782420635223,2.91531181335449,0,4.07682985067368,3.67273491621017,0,0,0,0,0,0,0,0,4.77981114387512,2.01442265510559,0,0,0,0,0,0,0,0,0,2.58727538585663,0,0,7.72175002098083,4.48911243677139,0,0,0,0,0,0
10.5599803328514,6.4194318652153,292.269662857056,154.692315161228,88.7258659601212,26.3030177950859,167.944550871849,121.189435303211,51.9558065533638,8.4039671421051,14.6873342990875,36.7748547196388,63.4993700385094,59.3399202227592,50.3501440286636,6.55809795856476,4.55761909484863,10.5937106013298,194.452803134918,186.89082723856,21.3815029859543,594.246394455433,1185.55579349399,2290.95641630888,188.858013033867,1246.56480723619,190.536483258009,326.863692939281,89.0073991417885,5.25369918346405,437.7874802351,0,77.6371819376945,2274.13468119502,0.386764407157898,158.881187945604,2.82796919345856,2.88028979301453,0,4.05314886569977,1.17956173419952,0,0.977603614330292,8.42164239287376,0,0.574725389480591,0,44.471382021904,0,0,0,0,0,0,0,0,2.71201169490814,1.43435060977936,0.970966637134552,3.30853915214539,0,2.58521807193756,0,14.7088854312897,1.02520906925201,0,13.0286844670773,441.831393361092,31.7886484265327,6.19358253479004,437.880370080471,344.919342637062,205.941750466824,212.44493919611,38.2228866815567,44.8144857883453,107.06715336442,158.690275728703,0,0,0,0,1.01376402378082,0.558649718761444,0,0,0,0,0,1.47100722789764,0,0,0,0,1.08124709129333,2.88189035654068,0,0,0,0,0,0,0,0,0.663980662822723,0.753684222698212,0,0,4.79572540521622,2.27544963359833,0,0,0,0,0,0
19.642720580101,145.721856534481,80.2930137515068,163.203761488199,2.55821940302849,0,10.8571811914444,36.7718356847763,0.628937304019928,0.706780016422272,8.59147292375565,17.6818853020668,6.51354908943176,15.9556875228882,6.44538766145706,0,6.02644351124763,21.7307786941528,1670.89021521807,606.008280336857,39.0252400040627,10.9073024392128,860.221364229918,90.596182256937,50.5536845624447,5.1268817782402,45.3868781328201,9.16449126601219,35.6156798899174,3.15894544124603,1392.30208605528,77.6371819376945,0,593.748653739691,944.79489377141,18.7072549760342,8.12328213453293,18.037398993969,45.2210914492607,1.37956249713898,3.67322793602943,0,163.685938209295,2.80665576457977,307.887981772423,1.75609135627747,89.5687623918056,0,1.97176730632782,0,2.90890252590179,1.49045431613922,0,0,5.42362469434738,0,55.484522163868,118.037476181984,58.7124533653259,20.4129644334316,2.15029954910278,1.54246854782104,4.28771564364433,37.3619069457054,1.12021434307098,0,4971.15391719341,178.86218971014,1556.638825804,308.98867970705,167.787930652499,127.428089171648,47.3561888337135,98.3063693344593,21.6179966628551,19.5493922829628,92.7865369021893,136.641145795584,4.16973686218262,1.02685594558716,1.6566709280014,14.4740045666695,0,0,6.88169187307358,0,0,0,3.52755671739578,0.926584541797638,0,0,0,0,5.65254771709442,1.89115518331528,0,0,0,0,0,0,0,0,1.06416988372803,0,0,0,0,1.00629556179047,0,0,0,0,0,0
229.428634166718,160.715084224939,258.64198577404,218.969591498375,7.43289458751678,2.09509307146072,197.655670374632,37.9367461800575,14.7449153065681,2.46103358268738,58.0375421047211,25.2701215744019,125.351083040237,33.429504185915,6.39800012111664,3.91429543495178,35.4188209176064,40.6817588210106,1086.20585212111,4335.75229382515,0,25.5547392964363,596.766806781292,1134.4519726634,9.01497483253479,147.001559197903,13.4860610663891,35.1041689515114,185.738124489784,12.4107779860497,360.640816509724,2274.13468119502,593.748653739691,0,62.0525278449059,895.336914747953,54.796636402607,57.300547093153,11.5926067829132,111.666611790657,1.4482456445694,4.02831476926804,8.05168265104294,87.376609057188,12.5109516382217,16.6200915277004,9.96874696016312,264.123429954052,0,1.02167844772339,3.9253990650177,3.62243461608887,3.25189363956451,0,0,1.1280677318573,131.778031766415,240.972568541765,94.8178035616875,84.7251967489719,36.3521399199963,12.3018751144409,23.0063699483871,62.6402107477188,2.21425992250443,3.3055762052536,973.52038577199,5883.7164067924,1030.52711763978,1496.3635097146,299.436063945293,221.56862911582,217.293279260397,227.002579718828,70.9999043345451,55.6079235076904,382.777684539557,361.63848862052,10.0346916913986,8.98615017533302,28.9997670054436,41.7145332694054,2.45861101150513,0,9.48168784379959,10.3212242722511,0,3.15665543079376,9.05453234910965,6.74348324537277,0,0,0,0,8.9092630147934,8.02585476636887,2.52294921875,0,0,0,0,0,0,1.08267426490784,2.3757808804512,1.46876549720764,0.752385377883911,0,8.17725473642349,1.85577976703644,0,0,0,0,0,2.34366482496262
1.07810926437378,5.59519249200821,7.08212018013,1.80958211421967,0.389574080705643,0,7.23801222443581,0,0,0,5.97476604580879,1.02537357807159,7.3046045601368,0,0,0,1.82986044883728,3.66465604305267,45.1466498076916,7.97506779432297,18.2604494988918,0.832053005695343,212.159202843904,0,15.3777885735035,0,4.90539491176605,0,87.6052215993404,1.10933664441109,528.24741512537,0.386764407157898,944.79489377141,62.0525278449059,0,116.329027861357,257.203870922327,194.602529466152,64.779017329216,48.9886797070503,38.8189257085323,14.5207455158234,371.617395102978,142.762296974659,373.603679686785,178.941870719194,281.121558338404,83.8377942442894,95.1771611571312,84.6780539751053,89.5925050675869,39.861598700285,56.2477399110794,17.3123907446861,41.9764815866947,31.3248054087162,4.84168040752411,15.0431281328201,80.9010605812073,136.55502307415,26.2892855107784,21.6130383610725,6.2792404294014,14.4816112518311,5.22474053502083,14.8483501672745,1858.81430256367,372.416856348515,14.607865780592,2.0905539393425,78.3170481920242,2.6035281419754,136.035968661308,34.967295974493,14.0763141810894,9.3780158162117,368.775101155043,64.3479595184326,3.90245482325554,0.870976626873016,71.1717700064182,15.49291908741,8.03828597068787,4.93387785553932,95.9050484597683,23.9784754514694,1.6251774430275,5.00247263908386,150.049370735884,7.93265223503113,0,0,0,0,17.3309640586376,2.69954669475555,2.67794609069824,0,1.4040060043335,2.34123933315277,0,0,0,0,0.421498328447342,0,0,0,0,1.42820370197296,0,0,0,0,0,0
0,3.71288013458252,0,22.0702849924564,0,0.359179526567459,3.89832735061646,5.86324161291122,0,0.332393139600754,2.19790750741959,4.655263453722,1.11258006095886,2.44554680585861,0,0,0.574252486228943,0,3.65313971042633,78.4852041304111,2.00089478492737,1.87968274950981,5.62108102440834,53.8104715049267,0,13.8866491168737,0,2.18587264418602,72.6515127420425,21.3778325915337,4.65528443455696,158.881187945604,18.7072549760342,895.336914747953,116.329027861357,0,198.258354187012,369.241176962852,26.2323208749294,234.04828608036,12.2236025929451,30.6961281895638,613.000533044338,540.458436071873,571.523402154446,805.370364159346,282.990794539452,367.082921236753,258.909099906683,193.752875268459,212.345588833094,92.3560816645622,157.596464186907,49.9571267962456,35.796050131321,90.5763063430786,6.01568174362183,17.5081980824471,182.177350431681,166.424335300922,16.699010014534,9.53023999929428,9.41459304094315,19.2851236462593,4.14393365383148,19.1818655133247,746.523842155933,2736.95648628473,4.21910887956619,10.0312736034393,17.0540360808372,12.5217312574387,112.129823803902,103.442987620831,7.8741300702095,25.6991511285305,238.495356053114,216.490936070681,0,8.39156037569046,45.6122242212296,52.0799314975739,1.62408685684204,5.9528746008873,40.9345509409904,26.7516180276871,0.565550982952118,23.2082012593746,138.197418481112,44.7586286664009,5.9638187289238,0.718077123165131,0,0,12.8601830005646,5.61441600322723,2.93881738185883,0,4.1326088309288,1.16523516178131,0,0,0,0,0,0,0,0,1.54913061857224,1.55640715360641,0,0,0,0,0,0
78.8117287456989,7.04669135808945,22.6394741535187,7.10385811328888,34.1169196665287,0,17.9643740952015,0,17.9276389479637,0,5.85282734036446,0,9.70868062973022,0,49.0500221848488,0,11.5230265259743,0,23.480731010437,0.475086987018585,48.8349645137787,9.15632462501526,2.66488581895828,2.7917867898941,1.25725299119949,0,27.5177100300789,18.5985850691795,165.595808506012,0,8.4199401140213,2.82796919345856,8.12328213453293,54.796636402607,257.203870922327,198.258354187012,0,539.409910678864,1782.23702296615,61.4966750144958,465.591760873795,32.5475693643093,336.7694478333,104.664788603783,435.267697751522,90.2862878143787,1205.97893589735,87.6278730630875,291.537872850895,32.1289225816727,420.97981223464,12.5388879179955,214.177643567324,6.78773921728134,664.795914620161,23.7635412216187,140.083662867546,22.5500765442848,333.157169640064,127.522979676723,112.219919025898,16.6946494579315,37.8678075671196,4.65131068229675,58.2349843382835,10.8190525770187,593.517090350389,594.656449526548,115.543823450804,2.83535540103912,247.724423706532,47.8645632266998,559.654674381018,67.2458783388138,1742.01134091616,85.6529030203819,3142.93991684914,133.471878230572,5.01076579093933,3.58926498889923,143.630883902311,8.52503234148026,208.030045509338,0.778066992759705,335.455250561237,5.07165998220444,897.399605423212,5.7507511973381,1124.15461274981,12.483750462532,74.9857284724712,183.82868000865,16.9501525759697,27.1158563494682,271.307464659214,60.9823822975159,79.6973582208157,22.523273319006,54.2324126362801,62.4633060693741,19.073900192976,27.1437319517136,28.7464647889137,48.9964526295662,37.5949209034443,39.9292846620083,12.9169164299965,22.6619868278503,22.492649435997,31.4382323920727,17.1390727162361,1.45194888114929,8.71340090036392,0.663737297058105,2.13201332092285,12.417080283165
2.77419036626816,97.7836111187935,0,51.8476112484932,0,61.6456012129784,0,30.5872329473495,1.03947877883911,40.4461095631123,0,8.54670828580856,0,9.3700914978981,0,43.9976210594177,4.70049512386322,5.63475674390793,1.07579338550568,36.9307432472706,27.8095424175262,10.3352062702179,0,7.38568329811096,0.990696966648102,4.57600295543671,15.6020926237106,57.3504990637302,92.0232009887695,92.2613808512688,1.19632709026337,2.88028979301453,18.037398993969,57.300547093153,194.602529466152,369.241176962852,539.409910678864,0,57.9781870245934,1708.08053085208,53.3885191679001,533.662835359573,88.70591121912,147.963747084141,50.3267440199852,509.750478535891,115.774070858955,831.020119786263,9.95371079444885,258.222584336996,25.1362320184708,255.684852212667,12.4531044960022,112.670333206654,20.6885161399841,886.643700689077,14.0135482549667,219.176575690508,138.752109020948,670.102648586035,27.7422909140587,154.45592841506,16.883537530899,32.4612661004066,18.3304932117462,202.654274374247,901.678456604481,720.783213704824,9.41023075580597,31.702643096447,54.1857576966286,286.770762681961,285.697182178497,469.852328151464,140.763302624226,497.350974887609,276.901676386595,3701.23752459884,11.5132941603661,7.60290336608887,92.5520115494728,112.438716441393,14.0897762179375,314.013615727425,56.9128832221031,379.837188750505,41.324777841568,1048.8187533915,75.2961602210999,1253.11859253049,14.6575422286987,71.9489268660545,2.17267280817032,9.51469933986664,21.4447948336601,127.53819283843,27.0769218206406,22.5097429156303,19.7818490862846,57.004538923502,13.6928554773331,8.76855105161667,16.1665107607841,46.3240548670292,7.62392580509186,33.2856734991074,13.3090301156044,7.94528931379318,15.1433029770851,18.2342087328434,10.6321787834167,0,3.79070365428925,0,3.02324062585831,7.86793494224548
15.2641043663025,0,0.923861026763916,1.83919823169708,27.6295876502991,0,4.81227266788483,0,11.6317965388298,0,0,0,0,1.27484810352325,17.2958754599094,0,3.52624547481537,0,9.29281693696976,0,7.66764757037163,11.4653899669647,0,0,0,0,16.801734149456,19.9622710943222,80.1946123242378,0,15.05853125453,0,45.2210914492607,11.5926067829132,64.779017329216,26.2323208749294,1782.23702296615,57.9781870245934,0,69.9722234010696,530.45907998085,9.7695124745369,218.165577143431,15.9902988672256,305.871189832687,4.05964756011963,984.698741853237,8.96886438131332,87.8021754622459,1.50084745883942,67.4422966241837,0.963095366954803,45.2402842342854,0,1633.61096549034,1.23755657672882,64.1163550019264,7.20056736469269,106.006071954966,1.73713690042496,32.3244321346283,1.33681976795197,10.1895258426666,2.20574355125427,3.0350170135498,0,498.678929328918,30.6109544038773,44.4070272147655,0,34.4495317935944,14.9906786084175,152.94805675745,9.87582975625992,165.815503805876,46.2231734097004,217.413597196341,28.584992647171,0,0,28.8054134249687,0,127.623378664255,0,88.122268050909,0,342.100832790136,0,405.26576307416,0,111.117236226797,384.957332700491,20.6689116954803,37.9219951033592,55.8039127588272,99.7782989740372,55.6427078843117,17.664858520031,40.1078770756721,163.05323946476,28.140357196331,31.3739875555038,28.2741975188255,68.3428224623203,17.7484840154648,44.230997979641,13.5797852873802,13.0759230256081,8.89867132902145,0,20.8119928538799,0.608004152774811,4.21160113811493,3.83468222618103,0,11.2498469650745
0,68.827459692955,0,7.65026724338531,0,7.63096895813942,0,5.66182160377502,0,4.83294960856438,0,1.04327011108398,0,0.735385298728943,0,8.47986769676208,0,1.32210302352905,0,24.5494215488434,2.25899314880371,1.41229844093323,0,0.864413142204285,0,0,0,1.34026443958282,1.99851191043854,30.8875813484192,0,4.05314886569977,1.37956249713898,111.666611790657,48.9886797070503,234.04828608036,61.4966750144958,1708.08053085208,69.9722234010696,0,2.47759175300598,1328.48029816151,34.4939377903938,478.744065880775,11.298191010952,222.33779489994,72.1756544709206,661.235486865044,1.77671205997467,59.2613831758499,0,100.967395305634,0.936583340167999,40.2203949093819,2.23443633317947,1592.86200615764,6.36352002620697,123.8590233922,0,94.2709040045738,0,26.2172583937645,0,2.70597898960114,0,18.9808619022369,103.296482473612,1057.04570400715,0.953401744365692,21.5288527607918,6.47210693359375,33.7218191623688,4.13751310110092,82.3389213383198,14.1832185983658,35.8057518005371,62.708713054657,166.717576444149,0,3.92618083953857,0,4.25195986032486,0,105.9768268466,0,77.793239146471,0,781.745595365763,0,283.783581197262,31.72122579813,181.563538044691,9.00674331188202,12.596004486084,19.8214100897312,92.4646643996239,12.8261820077896,25.3581076860428,12.2244067192078,97.0774399638176,21.1303995251656,12.305843770504,19.4640398025513,34.4651643931866,4.37074863910675,17.611591398716,5.96882712841034,11.8583854138851,2.49320411682129,3.05596175789833,13.7776424884796,0,3.82023066282272,0,3.34892702102661,1.52633535861969
6.40662574768066,0,4.8038102388382,0,161.52768355608,0,3.44154411554337,0,26.3041467368603,0,0,0,2.52232038974762,0,57.1298152208328,0,0,0,2.53768444061279,0,101.58320337534,1.80171549320221,1.44535678625107,0.512667715549469,4.16960108280182,1.07879662513733,33.3207541108131,2.84091311693192,397.841524630785,0,3.75062298774719,1.17956173419952,3.67322793602943,1.4482456445694,38.8189257085323,12.2236025929451,465.591760873795,53.3885191679001,530.45907998085,2.47759175300598,0,34.3157703876495,31.8438506424427,0,13.1940217316151,0,189.689877539873,0,5.96877282857895,0,54.1446949541569,0,32.1739240586758,0,121.960785359144,3.67118537425995,0.653130173683167,0,9.81557047367096,0,5.79882401227951,0,2.01775693893433,0,1.88576400279999,0,39.4170064628124,1.1601842045784,7.71407914161682,0,163.820223122835,38.6586832404137,330.307857036591,22.3498596549034,182.649537444115,23.7415279150009,182.503777951002,7.77776610851288,0,0,50.7796047031879,0,780.182430505753,3.89139407873154,180.76930424571,1.7482060790062,970.596808344126,6.50681906938553,276.045082688332,21.3720219135284,1.09337311983109,0,1.42260134220123,0,9.75051808357239,2.40309643745422,0.525234818458557,0,5.56666573882103,0,0,0,0.667055785655975,1.29424077272415,4.43212825059891,0,0,0,8.67774713039398,1.84378123283386,1.80550241470337,0,0,0,0.658997476100922,0.522778511047363
0,0.749214887619019,0,6.34275180101395,1.95977914333344,362.346272408962,0,4.33835655450821,0,95.83406072855,0,0,0,5.88151007890701,2.05647200345993,191.792882233858,0,0,0,0,2.83346945047379,154.247638165951,2.90579098463058,5.14236229658127,0,6.82876187562943,3.19518828392029,198.082651078701,6.87267315387726,281.762457579374,2.22565519809723,0,0,4.02831476926804,14.5207455158234,30.6961281895638,32.5475693643093,533.662835359573,9.7695124745369,1328.48029816151,34.3157703876495,0,10.0627032220364,44.104432374239,1.11465713381767,94.375891149044,7.15538942813873,193.778225332499,0,56.9078738689423,0,76.1646534204483,0,53.1858750581741,14.912142932415,210.843448072672,0,9.28046429157257,0.763802766799927,52.2325837612152,0,6.08609563112259,0,2.18973684310913,0,24.65570089221,12.2253922224045,84.234038412571,0,0,27.0023084282875,228.203875482082,65.4476184844971,1035.06245720387,70.3218993544579,392.648384869099,8.28780394792557,139.86629152298,0,0,1.43333315849304,18.738676071167,7.53531658649445,2430.20237448812,16.5184100866318,214.080430269241,40.5366989970207,1830.10411715508,87.2111476063728,550.31859010458,0,4.73566347360611,0,0,0.561081051826477,4.27745899558067,2.56038880348206,0,0,15.096774160862,0,0.491330444812775,0,0.86586406826973,0,1.24490201473236,1.09741222858429,1.40372204780579,2.77885538339615,2.51357203722,0,0,0,0,0,0
0,1.36970782279968,0,0,0,0,0,0,0,0,0,0,0,0,0.904920220375061,0,0,0,37.7434929907322,1.06640785932541,2.38991785049438,0,24.5933022201061,0,0,0,1.02792632579803,0,150.895586460829,5.57223644852638,108.77294126153,0.977603614330292,163.685938209295,8.05168265104294,371.617395102978,613.000533044338,336.7694478333,88.70591121912,218.165577143431,34.4939377903938,31.8438506424427,10.0627032220364,0,2630.96903768182,10186.914958477,2371.57779237628,9846.5462435782,1057.64060789347,3280.36318573356,690.068830728531,2169.33925753832,68.457531362772,337.485720098019,18.4620933532715,394.267926037312,147.966784030199,0,2.57033914327621,49.4826023280621,60.5738623142242,3.55991274118423,0.639451384544373,0,0,2.82272613048553,5.93978941440582,2911.41407942772,1274.73729401827,4.62021988630295,0,3.51651066541672,0,148.760248094797,58.3163794279099,5.01725521683693,1.14653134346008,317.42945432663,36.2156125307083,0.404906392097473,0,114.291390478611,19.676592707634,1.74740812182426,8.4625563621521,179.964452594519,16.6569100618362,7.39534771442413,1.78155249357224,181.962172240019,15.7211672663689,39.760021686554,7.84950357675552,0,0,30.8580451011658,0,4.46666753292084,1.9789412021637,367.857797384262,296.239121735096,0,0,0,0,0,0,0,0,0,1.08217942714691,0,0,0,0,0,0
0,1.67121565341949,0,0.533894598484039,0,2.2651786506176,0,0,0,0,0,0,0,0,0,0.597748994827271,0,0,0,5.96326184272766,0,0,0.677341759204865,8.32760748267174,0,0,0,0.489885807037354,4.01719343662262,40.3531120121479,0,8.42164239287376,2.80665576457977,87.376609057188,142.762296974659,540.458436071873,104.664788603783,147.963747084141,15.9902988672256,478.744065880775,0,44.104432374239,2630.96903768182,0,1321.32582885027,10182.9630029202,264.371670484543,7652.32973429561,192.501215398312,1496.41955021024,195.534916758537,1792.09102636576,117.981101155281,625.410809189081,22.2588795423508,510.399416327477,0,2.01305538415909,42.7278636097908,44.6060236692429,0,0,0,0,0,3.1327497959137,722.217198908329,4938.29807934165,0,0,0,0.587563753128052,8.50989121198654,165.538496732712,1.68781745433807,14.019203722477,86.7998894453049,98.415426492691,0,2.17562109231949,0,58.4153619110584,0,31.6641117930412,0.996533274650574,82.8622869551182,0,30.6787995696068,20.1384339928627,117.753612518311,0,5.43280601501465,0,0,0,8.07337772846222,0,19.9848806262016,1.05400037765503,175.529179960489,0,0,0,0,0,0,0,0,0.392342001199722,0,0,0,0,0,0,0
0,1.32559502124786,0,0,0,0,1.50413954257965,0,0,0,0,0,0,0,0,0,2.27293884754181,0,14.126985758543,0,0.892751038074493,0,2.31616625189781,0,0,0,0,0,158.183445513248,0,77.6146072149277,0,307.887981772423,12.5109516382217,373.603679686785,571.523402154446,435.267697751522,50.3267440199852,305.871189832687,11.298191010952,13.1940217316151,1.11465713381767,10186.914958477,1321.32582885027,0,1065.91672989726,2332.19360697269,146.004003494978,3991.41191154718,98.1669430732727,854.730530560017,9.32174944877625,178.568481534719,7.12075793743134,392.679253339767,17.2034568786621,0,0.740134239196777,225.266987204552,27.3652858138084,4.1043426990509,0,7.09403344988823,0,1.3346158862114,1.19974207878113,3128.2182392776,625.198887526989,4.77382242679596,0,4.52260658144951,2.04167437553406,166.659973710775,10.2217607498169,8.84236234426498,0,506.697272002697,17.26421636343,3.30049580335617,1.71031177043915,302.556275576353,5.63109010457993,1.86458480358124,0,343.791582852602,3.12407478690147,2.50371566414833,0,136.472500562668,0.971341967582703,11.9186823964119,0,0,0,40.8381587862968,0,8.05179181694984,0,60.1833121180534,4.18072611093521,0,0,0,0,0,0,0,0,0,2.35644894838333,0,0,0,0,0,0
0,2.05689364671707,0,6.75351583957672,0,0,0,2.66071498394012,0,0,0,0,0,0,0,0,0,0,0,3.65270972251892,0,0,0,0,0,0,0,0,0,73.1446077823639,0.772395372390747,0.574725389480591,1.75609135627747,16.6200915277004,178.941870719194,805.370364159346,90.2862878143787,509.750478535891,4.05964756011963,222.33779489994,0,94.375891149044,2371.57779237628,10182.9630029202,1065.91672989726,0,84.0562303960323,2077.92680451274,53.6375562548637,2559.78464648128,37.4894853830338,1856.7844735086,19.5345593094826,377.610849827528,1.02487504482269,781.196734756231,0,6.86750528216362,34.6001003682613,335.63700067997,0,4.21431124210358,0,15.2114696800709,0,25.8120730519295,762.805471777916,2610.30681785941,0,0,0,3.70416095852852,0,423.727234959602,0,48.6029969155788,65.9120225012302,389.75155249238,0,11.1996816694736,0,399.187766760588,0,66.1824454069138,0,345.08029744029,0,14.0482300519943,0,331.718147009611,0,5.94255840778351,0,0,0,51.4316842854023,0,5.0586496591568,0,54.7667872607708,0,0,0,0,0,0,0,0.695425629615784,1.89505535364151,7.89591348171234,0,0,0,0,0,0
3.37404561042786,0.892731547355652,6.98698887228966,0.98135894536972,40.2112366855145,0,7.37867894768715,0,8.01583895087242,0,0,0,2.41143077611923,0,35.5877472162247,0,3.61077558994293,0,29.8793289959431,0,19.6854813694954,0,7.27072769403458,0,0,0,5.57433497905731,0,396.370742619038,2.85673594474792,61.9989824593067,0,89.5687623918056,9.96874696016312,281.121558338404,282.990794539452,1205.97893589735,115.774070858955,984.698741853237,72.1756544709206,189.689877539873,7.15538942813873,9846.5462435782,264.371670484543,2332.19360697269,84.0562303960323,0,119.087340593338,767.817431807518,25.4150567054749,1654.77109956741,11.8410102725029,1946.14928367734,1.15178203582764,4137.26154249907,21.3243967294693,6.51886719465256,0,57.1762662529945,28.5316309332848,14.5806469023228,2.02122473716736,6.32916390895844,0,19.8091302514076,3.1839507818222,1818.849316746,346.107113003731,4.05123221874237,0,65.3617380261421,20.9806907176971,336.918026387691,19.2054362297058,43.9610044956207,11.7066177129745,748.176119089127,19.6379151344299,1.99058216810226,0,229.425522744656,0.536557793617249,53.3968398571014,0,568.550438463688,1.2647922039032,122.620903551579,0,987.723143309355,3.54918521642685,100.851314008236,0,0,0,41.0942130684853,0.585274457931519,10.9776482582092,0.957539856433868,489.319967567921,0,0,0,0,0,0,0,0,0,0,16.4789943695068,0,0,0,0,0,0
0,4.724449634552,0,9.14993128180504,0,4.89973965287209,0,0,0,3.9361971616745,0,1.40743291378021,0,1.35952234268188,0,7.2857828438282,0,0,0,68.6259535551071,0,2.56609845161438,0,27.3555944561958,0,0,0,1.70028305053711,0,150.799997031689,0.721924126148224,44.471382021904,0,264.123429954052,83.8377942442894,367.082921236753,87.6278730630875,831.020119786263,8.96886438131332,661.235486865044,0,193.778225332499,1057.64060789347,7652.32973429561,146.004003494978,2077.92680451274,119.087340593338,0,6.92347073554993,419.823265165091,9.37316882610321,488.027695477009,0,1493.65413495898,2.03559142351151,2686.87309801579,0,30.9248884022236,4.09442645311356,130.473470926285,0,18.6417043209076,0.513974905014038,5.5342658162117,0,24.4500824809074,255.213223487139,2125.73165404797,0,5.14673775434494,3.01154404878616,28.4575174152851,5.1856095790863,589.74088203907,2.19725489616394,39.3843051493168,58.5889883935452,791.117607057095,0,1.21510073542595,0,176.691689282656,0,138.757737755775,0,315.730366289616,0,140.044628083706,1.17254734039307,307.580312907696,1.3147666156292,15.0496448874474,0,0,0,20.9027177989483,1.90152192115784,55.1669600903988,3.42080068588257,667.230469405651,0,0,1.24872517585754,0.997808814048767,1.48883378505707,3.32385945320129,0,0,6.37204200029373,27.3387438058853,2.74596744775772,0,0,0.957583725452423,0,4.38578468561172
0,0,0,0,0,0,0,0,0,0,0,0,0,0,0,0,3.05187505483627,0,0,0,0,0,0,0,0,0,0,0,176.869962483644,0,0,0,1.97176730632782,0,95.1771611571312,258.909099906683,291.537872850895,9.95371079444885,87.8021754622459,1.77671205997467,5.96877282857895,0,3280.36318573356,192.501215398312,3991.41191154718,53.6375562548637,767.817431807518,6.92347073554993,0,12.3265958428383,6260.67794406414,0,558.994228392839,0,572.318242818117,0,2.01804757118225,0,1011.39929708838,12.2283405661583,71.3705605268478,0,3.62748289108276,0,5.59102046489716,0,637.75419279933,273.276251673698,2.62647444009781,0,6.01991266012192,0,177.934950321913,0,7.37292328476906,0,423.289931893349,2.93286943435669,3.44894474744797,0,327.772664964199,0,0.819336593151093,0,496.832374423742,0,0.540702164173126,0,179.745360344648,0,5.19929304718971,0,0,0,46.963512212038,0,3.64064985513687,0,24.4073809683323,0,0,0,0,0,0.667100489139557,0,0,0,0,2.1204177737236,0,0,0,0,0,0
0,1.8163189291954,0,1.01012647151947,0,0,0,3.73723167181015,0,0,0,0,0,0,0,0,0,2.66263508796692,0,7.52926808595657,0,0,0,0,0,0,0,0,1.79164981842041,40.6248367726803,0,0,0,1.02167844772339,84.6780539751053,193.752875268459,32.1289225816727,258.222584336996,1.50084745883942,59.2613831758499,0,56.9078738689423,690.068830728531,1496.41955021024,98.1669430732727,2559.78464648128,25.4150567054749,419.823265165091,12.3265958428383,0,7.50715792179108,4412.70710685849,4.43531107902527,1071.70805817842,0,1027.8071295917,0.732594311237335,8.34252479672432,4.65549027919769,1014.37603625655,0,3.83562296628952,0,4.00953009724617,0,618.66768860817,235.732937455177,578.76361516118,0,0,0,2.18702566623688,0,314.693637311459,0,26.5722637474537,27.5619975924492,219.538710236549,0,6.98746672272682,0,250.613283604383,0,48.2476938664913,0,289.403711885214,0,12.363174945116,0,265.352173507214,0,0,0,0,0,20.1216066479683,0,0,0,26.3864763975143,0,0,0,0,0,0,0,0,0.51473081111908,4.95321542024612,0,0,0,0,0,0
21.5375615656376,0,3.22732734680176,0,1.36000370979309,0,19.8818877339363,0,0,0,2.93712830543518,0,2.04565733671188,0,2.66676270961761,0,16.8408200144768,0,2.62812852859497,0,3.1399929523468,0,0.575287699699402,0,0,0,1.51537418365479,0,386.788238465786,0,1.10185146331787,0,2.90890252590179,3.9253990650177,89.5925050675869,212.345588833094,420.97981223464,25.1362320184708,67.4422966241837,0,54.1446949541569,0,2169.33925753832,195.534916758537,854.730530560017,37.4894853830338,1654.77109956741,9.37316882610321,6260.67794406414,7.50715792179108,0,1.51488268375397,3867.69279694557,0,1134.31139215827,0,20.7083562612534,2.81713622808456,3231.16398060322,14.0306745767593,1542.23501113057,0,26.7848380208015,1.96325778961182,1768.92864495516,3.44288957118988,703.56080442667,258.0026730299,10.2937674224377,1.28893089294434,19.7664581537247,0,302.495384901762,1.02689206600189,28.4329939484596,3.29144144058228,583.598736435175,7.33999127149582,18.5854215323925,0,843.280065625906,0,33.2208208441734,0,4677.26615700126,0,7.3530316054821,0,1116.5019429028,0,7.36456054449081,0,0,0,57.3371964693069,0,9.09587052464485,0,15.5217635035515,0,0,0,0,0,0,0,0,0,0.63174045085907,2.71484017372131,0,0,0,0,0,0
0,35.2742129862309,0,29.8470227718353,0,0,0,39.6254421174526,0,0,0,3.43653273582458,0,1.51629662513733,0,0,0,1.89758002758026,0,9.46412461996078,0,0,0,0,0,0,0,0,0,96.6673568785191,0,0,1.49045431613922,3.62243461608887,39.861598700285,92.3560816645622,12.5388879179955,255.684852212667,0.963095366954803,100.967395305634,0,76.1646534204483,68.457531362772,1792.09102636576,9.32174944877625,1856.7844735086,11.8410102725029,488.027695477009,0,4412.70710685849,1.51488268375397,0,0,3296.84195584059,0,2171.43830066919,0,71.0532276928425,0,2234.08033102751,0,43.7705167233944,0,13.6681864857674,0,1971.87319788337,97.9640043973923,525.078169554472,0,1.28232407569885,0.741726100444794,7.88675218820572,0,377.813143074512,0,31.9079250991344,16.8124271035194,260.64205288887,0,8.56975921988487,0,433.739551216364,0,134.398612290621,0,2972.81059718132,0,55.3654965758324,0,1603.91345956922,0,1.48920607566833,0,0,0,21.2744377851486,0,0,0,14.4759319722652,0,0,0,0,0,1.07018226385117,0,0,0.616029262542725,2.88039070367813,0,0,0,0,0,0
6.90469372272491,0,0,0,0,0,7.80282545089722,0,0,0,0,0,0,0,0.779899656772614,0,2.51878893375397,0,0,0,4.92040851712227,0,0,0,0,0,0,0,136.881058961153,0,0,0,0,3.25189363956451,56.2477399110794,157.596464186907,214.177643567324,12.4531044960022,45.2402842342854,0.936583340167999,32.1739240586758,0,337.485720098019,117.981101155281,178.568481534719,19.5345593094826,1946.14928367734,0,558.994228392839,4.43531107902527,3867.69279694557,0,0,0,2197.44712111354,0,0.739712655544281,0,30.5102505683899,0,19.0357181727886,0,0,0,62.2159705162048,0,142.5573810637,167.971894174814,0,0,3.29525184631348,1.94541192054749,118.480570822954,0,10.6258230805397,0,164.548386394978,1.12940621376038,1.191750228405,0,140.946364074945,0,9.60019662976265,0,806.717394858599,0,8.21410027146339,0,886.907389968634,0,8.73635536432266,0,0,0,14.827155828476,0,0,0,18.8547529578209,0,0,0,0,0,0,0,0,0,0,0.604584336280823,0,0,0,0,0,0
0,0.65226536989212,0,0,0,0,0,0,0,0,0,0,0,0,0,0,0,0,0,0,0,0,0,0,0,0,0,0,0,40.6502113938332,0,0,0,0,17.3123907446861,49.9571267962456,6.78773921728134,112.670333206654,0,40.2203949093819,0,53.1858750581741,18.4620933532715,625.410809189081,7.12075793743134,377.610849827528,1.15178203582764,1493.65413495898,0,1071.70805817842,0,3296.84195584059,0,0,0,4184.14200535417,0,7.31559738516808,0,26.0815450847149,0,2.13917148113251,0,1.52267920970917,0,12.0194175243378,55.6115659475327,116.81000110507,0,0,0,1.27853143215179,0,175.498999238014,0,6.82834735512733,15.2248715758324,67.9169478416443,0,0,0,77.029816955328,0,29.8917206525803,0,417.858594119549,0,29.8958678841591,0,1539.30768704414,0,5.92973482608795,0,0,0,3.38861858844757,0,0,0,35.308773458004,0,0,0,0,0,0,0,0,0,0,0,0,0,0,0,0
0,0,0,0,13.9405444562435,0,2.0375811457634,0,0.5204256772995,0,0,0,0,0,13.3344222903252,0,0,0,0,0,10.0115196108818,0,0,0,0,0,3.99504160881042,0,175.986108571291,0,0,0,5.42362469434738,0,41.9764815866947,35.796050131321,664.795914620161,20.6885161399841,1633.61096549034,2.23443633317947,121.960785359144,14.912142932415,394.267926037312,22.2588795423508,392.679253339767,1.02487504482269,4137.26154249907,2.03559142351151,572.318242818117,0,1134.31139215827,0,2197.44712111354,0,0,2.37892830371857,1.06115126609802,0,28.9603551030159,0,20.3143756985664,0,2.30540627241135,0,58.3335199356079,0,260.394630759954,30.7198484539986,0.634344160556793,0,15.0061808824539,13.4763427972794,148.492673397064,2.18278849124908,39.6284137964249,9.74133348464966,153.334586620331,0.776636898517609,0.73253732919693,0,117.731810748577,0,94.9478017091751,0,504.12332123518,0,612.410544186831,0,4190.29763355851,0.811926007270813,15.8258099555969,0,0,0,7.88886365294456,0,1.36820292472839,0,96.2625553011894,0,0,0,0,0,0,0,0,0,0,2.18142676353455,0,0,0,0,0,0
0,10.3841972351074,0,0.607293307781219,0,13.6368063688278,0,0.695414662361145,0,15.629643291235,0,0,0,0,0,15.5924620330334,0,0,0,0,0.983893394470215,1.86667209863663,0,0,0,0,0,4.34456968307495,0,83.2679418623447,0,0,0,1.1280677318573,31.3248054087162,90.5763063430786,23.7635412216187,886.643700689077,1.23755657672882,1592.86200615764,3.67118537425995,210.843448072672,147.966784030199,510.399416327477,17.2034568786621,781.196734756231,21.3243967294693,2686.87309801579,0,1027.8071295917,0,2171.43830066919,0,4184.14200535417,2.37892830371857,0,0,9.45774367451668,5.19140553474426,94.0118006765842,1.52580368518829,4.43225058913231,0,1.38450992107391,0,39.6467445790768,64.2669470310211,340.188139796257,0,0,1.24978232383728,21.9593797028065,10.8394027352333,218.505864441395,12.06688195467,30.1371372044086,29.1852158010006,100.423878312111,0,0,0,72.4245535433292,0,124.042988777161,0,805.932718932629,0,1127.95062229037,2.03527498245239,3385.85473057628,0,10.8644524812698,0,0,0,3.22434866428375,0,5.19351786375046,0,170.219343662262,0,0,0,0,0,0,0,0,0,0,0,0,0,0,0,0
10994.3873537183,214.83376711607,80.3610434830189,106.03068330884,0,0,707.68966627121,25.245581060648,0.936965048313141,0,355.456475049257,8.10204330086708,343.453106850386,0,2.28562724590302,0,2219.95858326554,34.5408953428268,58.0282063484192,262.679058074951,0,0,15.937842965126,0,0,0,0,0,1392.28094699979,18.2132406830788,10.9097519516945,2.71201169490814,55.484522163868,131.778031766415,4.84168040752411,6.01568174362183,140.083662867546,14.0135482549667,64.1163550019264,6.36352002620697,0.653130173683167,0,0,0,0,0,6.51886719465256,0,2.01804757118225,0.732594311237335,20.7083562612534,0,0.739712655544281,0,1.06115126609802,0,0,196.658381789923,3083.3648301065,24.3608180880547,4242.80692648888,10.3700983524323,1842.79792109132,84.0167742967606,269.794400304556,1.43941271305084,562.211448013783,180.793182939291,2136.68051123619,169.010658115149,1010.75456401706,113.37790286541,1290.42453384399,116.031571000814,603.923544973135,17.81847473979,2440.35628882051,129.767670363188,67.5821223258972,6.5685658454895,221.794625014067,35.4617964625359,4.86816871166229,0,248.2213960886,0,0,0,89.4889178574085,0,0,0,0,0,143.667192041874,2.70868027210236,10.8022890686989,0,2.00356930494308,0,0,0,0,0,8.00630831718445,3.26821529865265,2.72043889760971,0,22.379243016243,12.9410424828529,0,0,0,0,0,4.8329826593399
10.7107086479664,11576.9618465304,0,564.411804080009,0,1.20972752571106,0,807.136332094669,0,3.31524455547333,0.63405704498291,249.787353247404,0,71.2633296251297,0,4.92400681972504,15.4698636233807,2419.0039459765,7.33063200116158,489.503333508968,0,0,0,3.8737920820713,0,0,0,0,46.8028327226639,416.230888813734,1.54973769187927,1.43435060977936,118.037476181984,240.972568541765,15.0431281328201,17.5081980824471,22.5500765442848,219.176575690508,7.20056736469269,123.8590233922,0,9.28046429157257,2.57033914327621,2.01305538415909,0.740134239196777,6.86750528216362,0,30.9248884022236,0,8.34252479672432,2.81713622808456,71.0532276928425,0,7.31559738516808,0,9.45774367451668,196.658381789923,0,120.490932136774,2276.14820581675,110.992499351501,3902.3311290741,60.7553701400757,4180.6691416502,0,741.869409203529,450.026491492987,493.053972184658,167.363663136959,2826.44164016843,85.3785015046597,660.278994709253,55.120472997427,2560.49109002948,12.9602724611759,493.544333249331,159.538093358278,2067.41060221195,8.37795805931091,79.6807397007942,72.0341655611992,393.931049287319,0,6.74782839417458,1.29061901569366,347.383325457573,0,0.449126929044724,0,370.398408591747,0,1.02866053581238,0,0,4.9664106965065,98.0442994236946,0,2.93998050689697,0,1.60847854614258,0,0,0,0,1.25564789772034,12.7467539310455,0,2.95912992954254,27.4318560957909,39.6341232359409,0,0,0,0,0,10.5069569349289
645.486372709274,17.1104925274849,45.0617189705372,0,0,0,221.651944518089,3.26526468992233,0.571746647357941,0,69.9271454811096,0,64.9710483849049,0,0.529701888561249,0,160.468315958977,7.80005270242691,56.1799636781216,11.3937839269638,0,0,5.15193128585815,0,0,0,0,0,990.06314727664,16.1260703802109,2.37795233726501,0.970966637134552,58.7124533653259,94.8178035616875,80.9010605812073,182.177350431681,333.157169640064,138.752109020948,106.006071954966,0,9.81557047367096,0.763802766799927,49.4826023280621,42.7278636097908,225.266987204552,34.6001003682613,57.1762662529945,4.09442645311356,1011.39929708838,4.65549027919769,3231.16398060322,0,30.5102505683899,0,28.9603551030159,5.19140553474426,3083.3648301065,120.490932136774,0,66.4718464612961,7621.30691468716,11.0604394078255,192.699152261019,42.2913401126862,807.717375338078,8.11175942420959,3344.38194948435,424.856476128101,612.958671122789,38.5661637187004,249.680242985487,39.4156203269958,797.77695325017,61.3520309627056,235.995437294245,6.13013058900833,1408.21787282825,120.221269011497,113.905211806297,10.3849984407425,571.737877100706,21.1570773720741,3.54928779602051,0,381.47351372242,0,0,0,155.640747100115,0,0,0,0,0,175.379554539919,0,25.7804172635078,0,0,0,0,0,0,0,4.36939066648483,0,0,0,5.82205078005791,15.7348546385765,0,0,0,0,0,0.706517338752747
0,183.286689966917,0,93.9173203706741,0,0,0,42.4902241826057,0,0,0,19.3595832586288,0,3.54740828275681,0,0,1.52485030889511,51.8042257726192,0.901910483837128,240.000041514635,0,0,0,0.706598699092865,0,0,0,0.834131896495819,20.537170112133,128.376082122326,0,3.30853915214539,20.4129644334316,84.7251967489719,136.55502307415,166.424335300922,127.522979676723,670.102648586035,1.73713690042496,94.2709040045738,0,52.2325837612152,60.5738623142242,44.6060236692429,27.3652858138084,335.63700067997,28.5316309332848,130.473470926285,12.2283405661583,1014.37603625655,14.0306745767593,2234.08033102751,0,26.0815450847149,0,94.0118006765842,24.3608180880547,2276.14820581675,66.4718464612961,0,37.9101823568344,1364.66789934039,14.91457259655,347.171919584274,2.62095040082932,1646.89879047871,505.170116275549,3073.25769335032,5.43824821710587,202.558064937592,30.2787371277809,48.0391289591789,26.4144349694252,837.757933109999,1.04900240898132,136.954603582621,131.336658686399,1004.64017441869,7.8642852306366,131.115685909986,20.7247249484062,898.86024671793,0,45.5148318707943,3.01139181852341,733.77075317502,0,7.93190330266953,2.3378598690033,391.936183810234,0,0,0,0,0,125.862703859806,1.56523859500885,0,0,0,0,0,0,0,0,0,0,0,10.5863555073738,35.5812243521214,0,0,0,0,0,0
975.203620105982,10.6690295934677,30.220638692379,2.77414214611053,0,0,477.143028855324,2.66233459115028,3.72365283966064,0,656.90171200037,0,642.591028004885,0,1.5082311630249,0,982.892988413572,16.8784870505333,26.0454493165016,1.90855193138123,0,0,0,0,0,0,0,0,651.444842845201,8.59148913621902,0,0,2.15029954910278,36.3521399199963,26.2892855107784,16.699010014534,112.219919025898,27.7422909140587,32.3244321346283,0,5.79882401227951,0,3.55991274118423,0,4.1043426990509,0,14.5806469023228,0,71.3705605268478,0,1542.23501113057,0,19.0357181727886,0,20.3143756985664,1.52580368518829,4242.80692648888,110.992499351501,7621.30691468716,37.9101823568344,0,9.72298520803452,2978.46212771535,41.3294312953949,4487.09008708596,3.70294451713562,307.386391401291,163.160858869553,60.9177850484848,18.8277406096458,271.728577315807,46.9696888923645,451.36091452837,65.9593930244446,99.1032400727272,7.08878135681152,751.082579225302,70.0442069172859,59.1252069175243,2.07917487621307,681.427665293217,15.7761890292168,7.63540863990784,0,1973.8150023818,0,0,0,319.345282077789,0,0,0,0,0,43.9555788040161,0,6.45870453119278,0,0,0,0,0,0,0,0.90120792388916,0,0,0,3.30683833360672,2.05700081586838,0,0,0,0,0,0
0,1803.83049204946,0,46.9231935441494,0,0,0,400.964419037104,0,8.73720186948776,0,815.238411337137,0,493.410696953535,0,22.6625803112984,2.12055587768555,726.56581056118,0,15.1305882334709,0,0.853286325931549,0,5.03151905536652,0,0,0,0,2.15830498933792,158.930253058672,5.90690606832504,2.58521807193756,1.54246854782104,12.3018751144409,21.6130383610725,9.53023999929428,16.6946494579315,154.45592841506,1.33681976795197,26.2172583937645,0,6.08609563112259,0.639451384544373,0,0,4.21431124210358,2.02122473716736,18.6417043209076,0,3.83562296628952,0,43.7705167233944,0,2.13917148113251,0,4.43225058913231,10.3700983524323,3902.3311290741,11.0604394078255,1364.66789934039,9.72298520803452,0,1.26542019844055,2543.38089632988,0,4941.61772325635,61.2275588512421,81.514646500349,3.75502145290375,7.34550029039383,13.9489768743515,118.992981135845,6.9025764465332,594.648411482573,0,65.6669401228428,30.1809985041618,321.694616228342,0.79511821269989,120.090598076582,7.63262617588043,646.49745875597,0,17.3162205219269,0,628.069100320339,0,4.58412772417068,0,175.324586033821,0,0,0,0,0,32.1157071888447,0,0,0,0,0,0,0,0,0,0,0,0,0,9.03112983703613,0,0,0,0,0,0.535283207893372
32.6579760909081,19.6270689368248,1.52257376909256,0,0,0,6.95604366064072,0,1.30027318000793,0,170.793468952179,0,106.437072038651,0,0,0,1547.55628719926,9.33546102046967,4.84212011098862,0,0,0,2.33103847503662,0,0,0,0,0,419.516308099031,1.33843529224396,0,0,4.28771564364433,23.0063699483871,6.2792404294014,9.41459304094315,37.8678075671196,16.883537530899,10.1895258426666,0,2.01775693893433,0,0,0,7.09403344988823,0,6.32916390895844,0.513974905014038,3.62748289108276,0,26.7848380208015,0,0,0,2.30540627241135,0,1842.79792109132,60.7553701400757,192.699152261019,14.91457259655,2978.46212771535,1.26542019844055,0,32.3384752869606,528.526877880096,0,102.290978252888,70.63863748312,48.7397845089436,33.6543740034103,189.218038380146,33.3841802477837,101.874553143978,36.3492791056633,36.1522544026375,4.37528598308563,312.074229419231,27.5566278100014,69.0491092205048,0,2430.56366363168,0,7.62771743535995,0,1945.60503566265,0,0,0,76.0176226496696,0,0,0,0,0,9.89894133806229,0,0,0,0,0,0,0,0,0,1.04269802570343,0,0,0,0,1.02608513832092,0,0,0,0,0,0
0,511.941784322262,0,71.0117102861404,0,1.07574689388275,0,185.714380025864,0,15.0182356834412,0,710.76123970747,0,505.107709765434,0,51.5726628303528,7.58174312114716,2792.94824296236,1.22500288486481,33.7796532809734,0,0,0,8.35271137952805,0,0,0,0,12.0128346681595,629.528160184622,1.45959150791168,14.7088854312897,37.3619069457054,62.6402107477188,14.4816112518311,19.2851236462593,4.65131068229675,32.4612661004066,2.20574355125427,2.70597898960114,0,2.18973684310913,0,0,0,15.2114696800709,0,5.5342658162117,0,4.00953009724617,1.96325778961182,13.6681864857674,0,1.52267920970917,0,1.38450992107391,84.0167742967606,4180.6691416502,42.2913401126862,347.171919584274,41.3294312953949,2543.38089632988,32.3384752869606,0,2.08128619194031,1301.18969649076,161.861440420151,166.913582324982,38.3550988435745,80.2731045484543,33.4630070328712,158.963323950768,19.2777786254883,696.421510100365,3.63944923877716,32.3563411831856,61.3022864460945,166.840061813593,5.18382930755615,74.4710028767586,17.5125735402107,1748.77263683081,0,24.0436238646507,0,655.474977374077,0,13.6881846189499,0,66.2700382173061,0,0,0,0,0,2.39317291975021,0,0,0,0,0,0,0,0,0,0,0,0,1.29542505741119,0,0,0,0,0,0,0
483.395904898643,0,14.2234024107456,1.33230555057526,0,0,497.239052057266,0,0.567531228065491,0,84.98598498106,0,245.989234149456,0,0,0,50.3665589094162,0,12.6727154254913,2.0659544467926,0,0,1.30637454986572,0,0,0,0,0,155.042505294085,0,3.04104387760162,1.02520906925201,1.12021434307098,2.21425992250443,5.22474053502083,4.14393365383148,58.2349843382835,18.3304932117462,3.0350170135498,0,1.88576400279999,0,2.82272613048553,0,1.3346158862114,0,19.8091302514076,0,5.59102046489716,0,1768.92864495516,0,62.2159705162048,0,58.3335199356079,0,269.794400304556,0,807.717375338078,2.62095040082932,4487.09008708596,0,528.526877880096,2.08128619194031,0,0,74.9612050652504,16.6004162430763,6.1656733751297,0,121.318562090397,5.02446585893631,221.903815239668,0,41.1392539739609,0,198.393566042185,7.97030019760132,21.7222375869751,0.880592882633209,309.471668869257,3.11562132835388,2.96329659223557,0,6511.76909729838,0,3.1923750936985,0,536.607104122639,0,0,0,0,0,8.15412378311157,1.9344025850296,1.37167882919312,0,3.7951899766922,0,0,0,0,0,0,0,0,0,0,0.933809518814087,0,0,0,0,0,0
0,882.943702459335,0.556733846664429,45.6542660295963,0,0,0,304.443084836006,0,5.85922467708588,0,333.457371354103,0,172.330331593752,0,3.22284603118896,0,125.473258256912,0,8.73693150281906,0,0,0,4.14740908145905,0,0,0.813414633274078,0,0,99.3197493851185,0.635844826698303,0,0,3.3055762052536,14.8483501672745,19.1818655133247,10.8190525770187,202.654274374247,0,18.9808619022369,0,24.65570089221,5.93978941440582,3.1327497959137,1.19974207878113,25.8120730519295,3.1839507818222,24.4500824809074,0,618.66768860817,3.44288957118988,1971.87319788337,0,12.0194175243378,0,39.6467445790768,1.43941271305084,741.869409203529,8.11175942420959,1646.89879047871,3.70294451713562,4941.61772325635,0,1301.18969649076,0,0,42.1226359605789,118.944038271904,0,0.755600869655609,4.15734803676605,48.3535198867321,3.08709144592285,454.904814422131,0,75.1845724582672,8.93059366941452,253.889539539814,0,56.862442612648,2.41946697235107,1459.61872002482,0,58.8801551163197,0,5341.72217616439,0,19.2786926329136,0,1260.77058240771,0,0,0,0,0,37.4653031229973,0,0,0,0,0,0,0,0,0,0.827394425868988,0,1.23256814479828,1.83569860458374,7.62907481193542,0,0,0,0,0,0
186.691611886024,194.648405969143,133.103951662779,33.9397255778313,2.16761112213135,0,67.467428445816,6.3079788684845,1.42564618587494,0,37.8437232077122,0,22.0606735348701,0,2.49233794212341,0,48.845831155777,37.7341170310974,656.104282200336,226.216519922018,4.06053265929222,0,241.123513936996,0,1.93499040603638,0,0,0,404.39217337966,32.9793604016304,961.782413452864,13.0286844670773,4971.15391719341,973.52038577199,1858.81430256367,746.523842155933,593.517090350389,901.678456604481,498.678929328918,103.296482473612,39.4170064628124,12.2253922224045,2911.41407942772,722.217198908329,3128.2182392776,762.805471777916,1818.849316746,255.213223487139,637.75419279933,235.732937455177,703.56080442667,97.9640043973923,142.5573810637,55.6115659475327,260.394630759954,64.2669470310211,562.211448013783,450.026491492987,3344.38194948435,505.170116275549,307.386391401291,61.2275588512421,102.290978252888,161.861440420151,74.9612050652504,42.1226359605789,0,3143.60686078668,2925.6486428082,450.07592523098,364.667152404785,198.566017478704,480.652028292418,297.456842660904,133.327661931515,38.054975271225,1415.66736161709,492.957222014666,40.2655775249004,29.8707195520401,392.475156515837,77.8001369833946,7.99867483973503,0,321.234199881554,4.75301349163055,11.3975376486778,2.52988374233246,227.107747584581,6.83966457843781,0.93960052728653,0,0,0,104.07840898633,1.76970672607422,18.6762607991695,0,33.3842270970345,3.98046922683716,0,0,0,0,1.18373990058899,0,0.612742602825165,0,1.10789906978607,9.9704002737999,0,0,0,0,0,0
7.22399830818176,95.947513461113,1.35430252552032,255.696599990129,0,0,1.82081109285355,31.9819630980492,0,4.0873110294342,0,17.8941632211208,0,3.03540560603142,0,0.669859290122986,12.1918335556984,29.4241300225258,15.5564986467361,1390.8398334682,0.743800222873688,0.401155799627304,5.59353795647621,172.067200243473,0,9.28207787871361,0,0,99.9180771410465,55.4170532524586,10.1147796809673,441.831393361092,178.86218971014,5883.7164067924,372.416856348515,2736.95648628473,594.656449526548,720.783213704824,30.6109544038773,1057.04570400715,1.1601842045784,84.234038412571,1274.73729401827,4938.29807934165,625.198887526989,2610.30681785941,346.107113003731,2125.73165404797,273.276251673698,578.76361516118,258.0026730299,525.078169554472,167.971894174814,116.81000110507,30.7198484539986,340.188139796257,180.793182939291,493.053972184658,424.856476128101,3073.25769335032,163.160858869553,81.514646500349,70.63863748312,166.913582324982,16.6004162430763,118.944038271904,3143.60686078668,0,158.651072084904,378.062286227942,129.326006174088,92.9246995449066,173.832611858845,444.526061713696,20.520246297121,71.9070567190647,594.134970843792,687.617966324091,22.7307016253471,44.6809322237968,162.571614027023,422.938340425491,0,29.5005781948566,32.2883203625679,236.229279607534,0,37.3455942869186,106.521989941597,154.718721240759,0,0,0,0,4.67133641242981,60.3230846822262,3.50410842895508,8.71921688318253,6.17579239606857,6.05522012710571,0,0,0,0,0.813738882541656,4.84309786558151,0,0,1.36471885442734,14.4129995703697,0,0,0,0,0,0.750143885612488
3664.14742958546,1032.61732384562,501.650769621134,655.985076576471,0,0,179.139956980944,158.751433819532,0.663726150989532,0,172.041551113129,45.7859272062778,119.362169772387,2.10008233785629,2.84946763515472,0,322.617886632681,54.5866821110249,3146.10282313824,2367.80094847083,0,0,106.080352574587,23.348954975605,0,0,0,0,502.348468124866,10.6104688048363,124.570090353489,31.7886484265327,1556.638825804,1030.52711763978,14.607865780592,4.21910887956619,115.543823450804,9.41023075580597,44.4070272147655,0.953401744365692,7.71407914161682,0,4.62021988630295,0,4.77382242679596,0,4.05123221874237,0,2.62647444009781,0,10.2937674224377,0,0,0,0.634344160556793,0,2136.68051123619,167.363663136959,612.958671122789,5.43824821710587,60.9177850484848,3.75502145290375,48.7397845089436,38.3550988435745,6.1656733751297,0,2925.6486428082,158.651072084904,0,778.04042416811,1019.95914629102,512.632076233625,1333.87106388807,355.475733101368,877.003927975893,74.2634245753288,3783.00136885047,625.280344903469,6.08264088630676,4.9125599861145,24.3275037407875,0,1.33596193790436,0,4.73849523067474,0,0,0,1.46198552846909,0,0,0,0,0,176.36047065258,4.09757709503174,9.08290785551071,0,0,0,0,0,0,0,3.85098016262054,1.51686382293701,0.657377660274506,0,32.3313803076744,23.1291642785072,0,0,0,0,0,5.16161090135574
55.1880814135075,1013.89219251275,0.872382402420044,571.025037288666,0,0,0.706203758716583,10.9550289511681,0,0,2.87348604202271,18.7723004817963,0,1.33529496192932,0,0,14.5641394853592,81.0747331976891,39.1609534025192,3756.9485822618,0,0,1.43215525150299,8.88717925548553,0,0,0,0,34.4517161846161,19.0660725235939,1.47768050432205,6.19358253479004,308.98867970705,1496.3635097146,2.0905539393425,10.0312736034393,2.83535540103912,31.702643096447,0,21.5288527607918,0,0,0,0,0,0,0,5.14673775434494,0,0,1.28893089294434,1.28232407569885,0,0,0,0,169.010658115149,2826.44164016843,38.5661637187004,202.558064937592,18.8277406096458,7.34550029039383,33.6543740034103,80.2731045484543,0,0.755600869655609,450.07592523098,378.062286227942,778.04042416811,0,88.0209374427795,330.772229015827,56.3212647140026,241.823979377747,18.2645651698112,72.5938267111778,121.349433302879,723.765156269073,1.72747015953064,2.14635565876961,6.36943411827087,18.0973895788193,0,0,0,3.38406550884247,0,0,0,1.93102493882179,0,0,0,0,1.70658266544342,23.6662327051163,0,0,0,0,0,0,0,0,0,0,0,0,6.15285086631775,12.3920294344425,0,0,0,0,0,3.1146696805954
2168.51641863585,153.750625491142,1941.90716683865,645.883407980204,1184.93376371264,224.63422665,3205.13041386008,706.835430562496,1016.35996714234,87.9030539095402,486.126101613045,96.8881351649761,1851.62231847644,176.172289431095,1412.55865690112,22.5768836438656,301.214797645807,41.4358514547348,970.253980219364,521.462022900581,407.081720560789,188.975687325001,1468.85295131803,1210.40513893962,426.711555600166,436.235044896603,1031.13354969025,635.146240860224,930.374854207039,20.0878245830536,1430.98217514157,437.880370080471,167.787930652499,299.436063945293,78.3170481920242,17.0540360808372,247.724423706532,54.1857576966286,34.4495317935944,6.47210693359375,163.820223122835,27.0023084282875,3.51651066541672,0,4.52260658144951,0,65.3617380261421,3.01154404878616,6.01991266012192,0,19.7664581537247,0.741726100444794,3.29525184631348,0,15.0061808824539,1.24978232383728,1010.75456401706,85.3785015046597,249.680242985487,30.2787371277809,271.728577315807,13.9489768743515,189.218038380146,33.4630070328712,121.318562090397,4.15734803676605,364.667152404785,129.326006174088,1019.95914629102,88.0209374427795,0,624.230229079723,4669.15251642466,367.947241455317,3101.5280110538,101.643518954515,7846.94445252419,380.580417484045,15.9367792010307,4.27556335926056,131.747981593013,24.4300314188004,31.1083492934704,3.61490175127983,226.650587052107,5.09448277950287,34.5287061929703,8.30841493606567,117.554313391447,16.8580380678177,16.7880242466927,10.0000761151314,0,1.09544003009796,179.704029351473,14.5731565952301,11.0962066650391,1.24668216705322,7.22382122278214,3.83114206790924,6.70255234837532,4.04166209697723,5.82563734054565,4.99560141563416,39.6534625887871,23.0426213145256,7.57984513044357,7.94624406099319,82.7275933027267,27.1643228530884,0,0,1.65011620521545,0,0,20.3268545866013
241.429792106152,2582.01086220145,478.544856995344,2060.55879083276,123.002234220505,1618.13700023293,501.706580132246,3724.94355639815,105.54854029417,1392.79548916221,45.4225521087646,805.137269228697,182.104843616486,1381.99027961493,54.4810131788254,500.788171678782,26.9695094227791,238.13677585125,478.638579428196,651.577260941267,101.766708314419,254.494559645653,780.377095401287,1516.15337440372,98.1182011365891,796.507347851992,176.549651563168,1569.25406953692,143.372291088104,109.255462378263,379.642659753561,344.919342637062,127.428089171648,221.56862911582,2.6035281419754,12.5217312574387,47.8645632266998,286.770762681961,14.9906786084175,33.7218191623688,38.6586832404137,228.203875482082,0,0.587563753128052,2.04167437553406,3.70416095852852,20.9806907176971,28.4575174152851,0,2.18702566623688,0,7.88675218820572,1.94541192054749,1.27853143215179,13.4763427972794,21.9593797028065,113.37790286541,660.278994709253,39.4156203269958,48.0391289591789,46.9696888923645,118.992981135845,33.3841802477837,158.963323950768,5.02446585893631,48.3535198867321,198.566017478704,92.9246995449066,512.632076233625,330.772229015827,624.230229079723,0,328.341888308525,3042.84982028604,108.693077594042,2844.91464564204,246.754918366671,9112.11180242896,3.1723313331604,1.92205590009689,16.0632231235504,30.3896422982216,12.4620710015297,17.0613226890564,20.2876713573933,192.884988218546,20.7750807404518,34.0479902625084,62.5154373049736,168.428218066692,24.5614861547947,39.6450869739056,0.978500187397003,12.9778517484665,86.5482504367828,128.208742499352,24.9026598334312,4.09695500135422,8.63892590999603,18.8199668526649,1.32160484790802,7.88046580553055,7.55379968881607,14.8187321424484,27.9688234329224,81.9445909559727,16.807526499033,3.98352962732315,221.204181194305,95.7377330064774,4.21264147758484,0.48712357878685,2.01710194349289,2.83899021148682,2.65695494413376,58.5257907509804
1901.005094558,118.181594282389,1485.72390034795,329.196063548326,1424.718441993,41.1967811286449,976.415328413248,272.206404060125,1246.63529029489,19.2499542236328,124.685032367706,36.1816574335098,803.208721071482,72.1681979000568,2209.97105127573,2.26623028516769,331.439940571785,11.1085048317909,744.8423858881,417.150831013918,126.726382493973,6.00552436709404,757.588052749634,697.213552772999,131.695049643517,116.242628335953,431.69669225812,50.1749187111855,2502.69291886687,4.01884257793427,278.06349042058,205.941750466824,47.3561888337135,217.293279260397,136.035968661308,112.129823803902,559.654674381018,285.697182178497,152.94805675745,4.13751310110092,330.307857036591,65.4476184844971,148.760248094797,8.50989121198654,166.659973710775,0,336.918026387691,5.1856095790863,177.934950321913,0,302.495384901762,0,118.480570822954,0,148.492673397064,10.8394027352333,1290.42453384399,55.120472997427,797.77695325017,26.4144349694252,451.36091452837,6.9025764465332,101.874553143978,19.2777786254883,221.903815239668,3.08709144592285,480.652028292418,173.832611858845,1333.87106388807,56.3212647140026,4669.15251642466,328.341888308525,0,203.162809848785,4899.48381575942,122.534414947033,2640.10485166311,151.514655470848,26.0576996803284,2.11679410934448,326.284093469381,2.90433621406555,75.3213605284691,16.7531720399857,410.416602730751,5.748959004879,45.6342413425446,47.386991083622,252.646810948849,84.4364044070244,20.4435760378838,23.7217409610748,7.35183471441269,3.99023258686066,176.194310307503,16.4593009352684,23.4294810891151,2.07089352607727,32.0098049044609,10.9077551960945,6.26442155241966,4.50276625156403,6.37692445516586,8.4392671585083,33.2377832531929,15.4481312930584,4.9240325987339,12.1183980703354,72.7823426127434,15.0745984017849,1.88923192024231,1.98307120800018,0,0,5.0575944185257,9.89669501781464
161.805503726006,3012.73884600401,258.480081051588,2121.94332060218,40.0961644649506,1554.44209930301,293.935242712498,1844.02505508065,28.1563282608986,2023.25937157869,25.1525509953499,863.809252291918,73.1569727063179,1425.73423469067,13.9591535925865,2730.03059184551,25.6020900309086,1487.6982280612,414.46245059371,672.168694227934,10.5035164356232,582.164619803429,395.011159002781,1093.66170188785,24.1316939592361,283.40537366271,52.1124170720577,874.658862322569,85.5315814614296,3469.50469735265,202.824420511723,212.44493919611,98.3063693344593,227.002579718828,34.967295974493,103.442987620831,67.2458783388138,469.852328151464,9.87582975625992,82.3389213383198,22.3498596549034,1035.06245720387,58.3163794279099,165.538496732712,10.2217607498169,423.727234959602,19.2054362297058,589.74088203907,0,314.693637311459,1.02689206600189,377.813143074512,0,175.498999238014,2.18278849124908,218.505864441395,116.031571000814,2560.49109002948,61.3520309627056,837.757933109999,65.9593930244446,594.648411482573,36.3492791056633,696.421510100365,0,454.904814422131,297.456842660904,444.526061713696,355.475733101368,241.823979377747,367.947241455317,3042.84982028604,203.162809848785,0,69.8922932744026,2296.862932235,182.971366167068,1662.29048520327,2.9931223988533,264.858448266983,21.8316645026207,865.913762152195,3.50602126121521,608.259442090988,9.27855068445206,588.995310038328,24.9865099191666,268.215301305056,31.8824925422668,315.970681101084,13.3486162424088,30.3319665193558,0.455984711647034,11.2050988376141,24.8912189900875,47.8168788850307,7.33808207511902,4.29620105028152,5.28464090824127,38.2077912688255,1.00167429447174,1.12561452388763,3.23533716797829,11.1097460985184,18.8999281525612,27.6727863848209,3.91374784708023,3.78896379470825,53.8485377132893,31.5278389453888,6.69235724210739,0,0.691133260726929,0,0,17.3823917806149
831.695254832506,34.438402235508,448.507327020168,77.7195909619331,38.0482499599457,2.3676837682724,330.597462177277,79.0643398761749,64.8015704751015,0,42.7096419930458,14.9108270406723,125.788677811623,8.69257295131683,123.708477050066,0,87.476345539093,0.744758784770966,526.627715080976,194.889939457178,9.30246758460999,0,150.495406508446,130.299210488796,8.57692265510559,9.08437889814377,12.1831386685371,4.08707082271576,191.291014105082,4.05581319332123,91.5144219994545,38.2228866815567,21.6179966628551,70.9999043345451,14.0763141810894,7.8741300702095,1742.01134091616,140.763302624226,165.815503805876,14.1832185983658,182.649537444115,70.3218993544579,5.01725521683693,1.68781745433807,8.84236234426498,0,43.9610044956207,2.19725489616394,7.37292328476906,0,28.4329939484596,0,10.6258230805397,0,39.6284137964249,12.06688195467,603.923544973135,12.9602724611759,235.995437294245,1.04900240898132,99.1032400727272,0,36.1522544026375,3.63944923877716,41.1392539739609,0,133.327661931515,20.520246297121,877.003927975893,18.2645651698112,3101.5280110538,108.693077594042,4899.48381575942,69.8922932744026,0,102.398069232702,1502.63084110618,95.1259011924267,0.986720323562622,0,16.6921654939651,0,8.94105362892151,13.0154891014099,77.1909961104393,6.90132576227188,60.7784525454044,40.8320011496544,147.004895538092,67.5262335538864,88.4528093636036,222.55587542057,21.7708470225334,34.8030216693878,534.706506222486,98.730827331543,103.312735438347,51.7826755940914,49.3780200779438,103.993152350187,23.5811970233917,20.2390214800835,31.0110065340996,91.2540081441402,96.9735016226768,88.9098446369171,37.5916804373264,26.8227199018002,173.043223232031,63.1888831555843,39.4937321543694,6.67884802818298,5.88286563754082,2.80246472358704,4.42099446058273,49.0416350364685
36.0538188815117,841.193508058786,54.1761220693588,495.911466866732,0,83.5629778206348,57.5728159248829,448.399196267128,5.37898737192154,161.53402608633,0,99.3778198957443,14.2821598052979,184.262143552303,1.12807881832123,136.703451454639,2.99435007572174,80.1764990091324,98.6563595533371,146.614779412746,15.7193843722343,2.0561648607254,95.0343078076839,311.625959932804,0,24.5297959148884,3.20905861258507,24.8937592506409,20.6764985918999,26.5089376270771,42.6542698740959,44.8144857883453,19.5493922829628,55.6079235076904,9.3780158162117,25.6991511285305,85.6529030203819,497.350974887609,46.2231734097004,35.8057518005371,23.7415279150009,392.648384869099,1.14653134346008,14.019203722477,0,48.6029969155788,11.7066177129745,39.3843051493168,0,26.5722637474537,3.29144144058228,31.9079250991344,0,6.82834735512733,9.74133348464966,30.1371372044086,17.81847473979,493.544333249331,6.13013058900833,136.954603582621,7.08878135681152,65.6669401228428,4.37528598308563,32.3563411831856,0,75.1845724582672,38.054975271225,71.9070567190647,74.2634245753288,72.5938267111778,101.643518954515,2844.91464564204,122.534414947033,2296.862932235,102.398069232702,0,81.2673313319683,818.417728871107,0.995105564594269,1.64811336994171,15.9872014522552,29.421525657177,12.3469598293304,18.2487064003944,23.505226790905,56.7282193899155,33.9826803803444,45.498584985733,60.6611939072609,93.9578963518143,121.625557005405,64.5099029839039,19.2815981507301,23.9922695159912,125.986855179071,161.434279680252,111.78052097559,18.1719698905945,52.5449507832527,50.3268722891808,38.207895308733,17.9955394268036,52.0080069005489,58.7392327189445,40.4467859864235,94.7887089550495,25.5686564743519,15.938028305769,126.779402822256,76.4070970416069,20.9518745839596,1.46257698535919,6.5696813762188,2.77350521087646,4.78107690811157,31.3970511853695
2818.64595150948,191.823869943619,1086.01927343011,260.918077290058,68.3290354311466,0,1047.37513887882,162.284472435713,123.774803429842,1.35640048980713,214.795922964811,21.1548022031784,442.269044846296,17.0736993849277,224.182492941618,0.907036185264587,327.071945369244,17.5273588895798,1622.16261208057,676.56148031354,53.6028767824173,0,374.328101992607,216.344880580902,5.26842474937439,0.489386737346649,9.23372131586075,0.573730647563934,647.084318965673,10.0098649263382,228.107328236103,107.06715336442,92.7865369021893,382.777684539557,368.775101155043,238.495356053114,3142.93991684914,276.901676386595,217.413597196341,62.708713054657,182.503777951002,8.28780394792557,317.42945432663,86.7998894453049,506.697272002697,65.9120225012302,748.176119089127,58.5889883935452,423.289931893349,27.5619975924492,583.598736435175,16.8124271035194,164.548386394978,15.2248715758324,153.334586620331,29.1852158010006,2440.35628882051,159.538093358278,1408.21787282825,131.336658686399,751.082579225302,30.1809985041618,312.074229419231,61.3022864460945,198.393566042185,8.93059366941452,1415.66736161709,594.134970843792,3783.00136885047,121.349433302879,7846.94445252419,246.754918366671,2640.10485166311,182.971366167068,1502.63084110618,81.2673313319683,0,578.219097882509,24.2791804671288,11.7801538109779,376.474707126617,62.1789671778679,22.7804561257362,0.621076941490173,510.643373996019,7.67882496118546,76.7167618274689,3.06313508749008,441.687402233481,7.23130530118942,109.369422882795,88.2119094133377,57.4341247677803,27.4667416512966,1093.89042669535,64.3925794363022,394.007065027952,14.0017845034599,41.5923212170601,27.3159300088882,33.1323883533478,9.84806704521179,59.1007700264454,40.2539560198784,192.937240600586,119.074928730726,40.4053293764591,20.4751409292221,358.43907353282,963.427542239428,17.9113273322582,0.920358955860138,13.6033556461334,13.9347580075264,6.26723966002464,91.5693367421627
260.002693712711,3767.52504712343,111.930372267962,2393.93479520082,0.795783162117004,82.351489841938,194.118742793798,2046.174336344,1.66369217634201,187.699778139591,16.977369427681,336.286373198032,47.4283925890923,387.135710775852,0.700259268283844,113.778391599655,11.2016680240631,309.313747614622,579.01974606514,1160.06914994121,52.2349100708961,5.86662638187408,111.8802562356,609.571436226368,0,22.431260406971,2.35571694374084,34.2024379372597,76.8950252830982,105.16410830617,184.234022498131,158.690275728703,136.641145795584,361.63848862052,64.3479595184326,216.490936070681,133.471878230572,3701.23752459884,28.584992647171,166.717576444149,7.77776610851288,139.86629152298,36.2156125307083,98.415426492691,17.26421636343,389.75155249238,19.6379151344299,791.117607057095,2.93286943435669,219.538710236549,7.33999127149582,260.64205288887,1.12940621376038,67.9169478416443,0.776636898517609,100.423878312111,129.767670363188,2067.41060221195,120.221269011497,1004.64017441869,70.0442069172859,321.694616228342,27.5566278100014,166.840061813593,7.97030019760132,253.889539539814,492.957222014666,687.617966324091,625.280344903469,723.765156269073,380.580417484045,9112.11180242896,151.514655470848,1662.29048520327,95.1259011924267,818.417728871107,578.219097882509,0,5.876509308815,17.5869877934456,37.4026845693588,124.233320057392,0,39.4877225756645,9.95987820625305,152.596417248249,1.38946521282196,64.7491246461868,4.12113577127457,204.232016593218,79.8823525309563,167.292806357145,16.4162783324718,88.2615047395229,212.461345732212,364.18510261178,68.8963235020638,20.7363215088844,36.7118676304817,62.3105112016201,22.4589086174965,17.1427942812443,37.3454993665218,132.655925631523,75.0388269126415,252.27037280798,36.1998610496521,35.4601054191589,557.810945600271,1304.99932807684,50.6076146364212,1.47342509031296,9.85445189476013,10.9020390510559,14.5268729329109,159.037886440754
12.0756216049194,0.556184589862823,2.70317554473877,0,0,0,6.35309249162674,0.857620298862457,0,0,15.6187561750412,0,10.6135046482086,0,0,0,549.939752489328,3.85512435436249,0,0,0,0,0,0,0,0,0,0,431.404743164778,1.02867066860199,0,0,4.16973686218262,10.0346916913986,3.90245482325554,0,5.01076579093933,11.5132941603661,0,0,0,0,0.404906392097473,0,3.30049580335617,0,1.99058216810226,0,3.44894474744797,0,18.5854215323925,0,1.191750228405,0,0.73253732919693,0,67.5821223258972,8.37795805931091,113.905211806297,7.8642852306366,59.1252069175243,0.79511821269989,69.0491092205048,5.18382930755615,21.7222375869751,0,40.2655775249004,22.7307016253471,6.08264088630676,1.72747015953064,15.9367792010307,3.1723313331604,26.0576996803284,2.9931223988533,0.986720323562622,0.995105564594269,24.2791804671288,5.876509308815,0,1.13526511192322,1562.1847499311,2.75426411628723,3.71000474691391,0,39.9036160409451,0,0.5210902094841,0,10.0015226602554,0,0,0,0,0,0,2.38711476325989,0,0,0,0,0,0,0,0,0,0,0,0,0,0,0,0,0,0,0,0
0,10.6495418846607,0,3.21754199266434,0,0,0,4.37315964698792,0,0,0,2.64290910959244,0,4.43812835216522,0,0,0,122.287979185581,0,5.15877330303192,0,0,0,0,0,0,0,0,0,351.476602256298,0,0,1.02685594558716,8.98615017533302,0.870976626873016,8.39156037569046,3.58926498889923,7.60290336608887,0,3.92618083953857,0,0,0,2.17562109231949,1.71031177043915,11.1996816694736,0,1.21510073542595,0,6.98746672272682,0,8.56975921988487,0,0,0,0,6.5685658454895,79.6807397007942,10.3849984407425,131.115685909986,2.07917487621307,120.090598076582,0,74.4710028767586,0.880592882633209,56.862442612648,29.8707195520401,44.6809322237968,4.9125599861145,2.14635565876961,4.27556335926056,1.92205590009689,2.11679410934448,264.858448266983,0,1.64811336994171,11.7801538109779,17.5869877934456,1.13526511192322,0,1.34952616691589,1373.81283828616,0,31.5758330821991,0,22.8573532700539,0,2.02515333890915,0,12.5244523882866,0,0,0,0,0,0,0,0,0,0,0,0,0,0,0,0,0,0,0,0.694533944129944,0,0,0,0,0,0
17.2832711935043,5.1197515130043,4.7809544801712,0,26.5494810640812,0,18.3428633213043,0,13.8191793262959,0,343.649730026722,0,215.655832588673,0,51.0201513469219,0,2425.16318407655,8.27208787202835,0.656389892101288,0.886892318725586,6.59301167726517,0.693737864494324,3.0475435256958,0,0.528868973255157,1.50879383087158,4.0528099834919,0.634141504764557,1990.59550279379,5.87532132863998,1.41356611251831,0,1.6566709280014,28.9997670054436,71.1717700064182,45.6122242212296,143.630883902311,92.5520115494728,28.8054134249687,0,50.7796047031879,1.43333315849304,114.291390478611,0,302.556275576353,0,229.425522744656,0,327.772664964199,0,843.280065625906,0,140.946364074945,0,117.731810748577,0,221.794625014067,72.0341655611992,571.737877100706,20.7247249484062,681.427665293217,7.63262617588043,2430.56366363168,17.5125735402107,309.471668869257,2.41946697235107,392.475156515837,162.571614027023,24.3275037407875,6.36943411827087,131.747981593013,16.0632231235504,326.284093469381,21.8316645026207,16.6921654939651,15.9872014522552,376.474707126617,37.4026845693588,1562.1847499311,1.34952616691589,0,7.49231678247452,922.142091214657,0,5762.11519500613,0,39.157031327486,0,188.761051952839,0,6.4276023209095,0,0,0,25.5758147239685,0,2.36674392223358,0,9.81205660104752,0,0,0,0,0,0,0,0,0,1.14605009555817,6.20813900232315,0,0,0,0,0,0
0,86.610012024641,0,11.1242299079895,0,10.6196770966053,0,32.6637151837349,0,8.73816424608231,0,170.977959156036,0,93.3573208451271,0,24.0378245711327,0,366.329290807247,0,4.3848916888237,0,0,0,5.43132877349854,0,0,0,3.40229165554047,6.45269620418549,740.151340454817,2.60782420635223,0,14.4740045666695,41.7145332694054,15.49291908741,52.0799314975739,8.52503234148026,112.438716441393,0,4.25195986032486,0,18.738676071167,19.676592707634,58.4153619110584,5.63109010457993,399.187766760588,0.536557793617249,176.691689282656,0,250.613283604383,0,433.739551216364,0,77.029816955328,0,72.4245535433292,35.4617964625359,393.931049287319,21.1570773720741,898.86024671793,15.7761890292168,646.49745875597,0,1748.77263683081,3.11562132835388,1459.61872002482,77.8001369833946,422.938340425491,0,18.0973895788193,24.4300314188004,30.3896422982216,2.90433621406555,865.913762152195,0,29.421525657177,62.1789671778679,124.233320057392,2.75426411628723,1373.81283828616,7.49231678247452,0,0,2047.1758300662,0,6494.38132080436,0,492.065355300903,0,210.423562020063,0,0.549070954322815,0,0,0,4.10912227630615,0,0,0,12.2826157808304,0,0,0,0,0,0,0,0,0.804086685180664,0,0,0,0,0,0,0
7.14774131774902,0,8.40880039334297,1.03595459461212,123.9618960917,0,1.72466778755188,0,21.3411699235439,0,30.1811140179634,0,3.76045840978622,0,123.362459659576,0,54.3411183953285,0,23.5447165071964,1.04918694496155,24.6692003011703,0.987985283136368,2.01685348153114,0,0.679439842700958,0,20.7030624747276,0,1244.68678030372,0,2.91531181335449,1.01376402378082,0,2.45861101150513,8.03828597068787,1.62408685684204,208.030045509338,14.0897762179375,127.623378664255,0,780.182430505753,7.53531658649445,1.74740812182426,0,1.86458480358124,0,53.3968398571014,0,0.819336593151093,0,33.2208208441734,0,9.60019662976265,0,94.9478017091751,0,4.86816871166229,0,3.54928779602051,0,7.63540863990784,0,7.62771743535995,0,2.96329659223557,0,7.99867483973503,0,1.33596193790436,0,31.1083492934704,12.4620710015297,75.3213605284691,3.50602126121521,8.94105362892151,12.3469598293304,22.7804561257362,0,3.71000474691391,0,922.142091214657,0,0,0,832.694381803274,0,730.684835135937,0,260.176544874907,0,0,0,0,0,2.30226403474808,0,1.60666060447693,0,0.516074478626251,0,0,0,0,0,0,0,0,0,0,0,0,0,0,0,0,0
0,0,0,0.734985291957855,0.682396709918976,186.656565964222,0,0.628856301307678,0,41.9595364928246,0,0,0,1.80699265003204,0,98.3566625714302,0,0.775365233421326,0,0,2.24842756986618,54.0053635835648,0,0.448781788349152,0,0.423234641551971,0,77.5575338304043,0,1138.33413654566,0,0.558649718761444,0,0,4.93387785553932,5.9528746008873,0.778066992759705,314.013615727425,0,105.9768268466,3.89139407873154,2430.20237448812,8.4625563621521,31.6641117930412,0,66.1824454069138,0,138.757737755775,0,48.2476938664913,0,134.398612290621,0,29.8917206525803,0,124.042988777161,0,6.74782839417458,0,45.5148318707943,0,17.3162205219269,0,24.0436238646507,0,58.8801551163197,0,29.5005781948566,0,0,3.61490175127983,17.0613226890564,16.7531720399857,608.259442090988,13.0154891014099,18.2487064003944,0.621076941490173,39.4877225756645,0,31.5758330821991,0,2047.1758300662,0,0,0,636.27933844924,0,1028.59487476945,0,507.326220571995,0,0,0,0,0,8.64762341976166,0,0,0,3.72531771659851,0,0,0,0,0,0,0,0,0,0,0,0,0,0,0,0
385.19188028574,0,13.7965683341026,0,78.2293843924999,0,359.623374819756,0,19.6100923418999,0,1161.15951284766,0,1176.32207337022,0,84.7613562643528,0,563.908938586712,0.560121715068817,12.9212676882744,0,24.6894899606705,0,0,0,1.08533155918121,0,19.7790445387363,0.471634775400162,859.510656416416,0,4.07682985067368,0,6.88169187307358,9.48168784379959,95.9050484597683,40.9345509409904,335.455250561237,56.9128832221031,88.122268050909,0,180.76930424571,16.5184100866318,179.964452594519,0.996533274650574,343.791582852602,0,568.550438463688,0,496.832374423742,0,4677.26615700126,0,806.717394858599,0,504.12332123518,0,248.2213960886,1.29061901569366,381.47351372242,3.01139181852341,1973.8150023818,0,1945.60503566265,0,6511.76909729838,0,321.234199881554,32.2883203625679,4.73849523067474,0,226.650587052107,20.2876713573933,410.416602730751,9.27855068445206,77.1909961104393,23.505226790905,510.643373996019,9.95987820625305,39.9036160409451,0,5762.11519500613,0,832.694381803274,0,0,0,339.02530708909,0,4684.22174248099,0,3.34589275717735,0,0,0,7.42323577404022,0,5.92411649227142,0,17.2059087753296,0,0,0,0,0,0,0,0,0,0,0,0,0,0,0,0,0
0,736.347706437111,0,29.8416220545769,0,31.8168078362942,0,167.62308549881,0,21.3584122061729,0,543.078766196966,0,224.171010017395,0,27.5016541481018,0,118.209255337715,1.09898781776428,5.03429651260376,0,1.6819434762001,0,0,0,2.82475686073303,0,7.85642468929291,0,285.869872301817,3.67273491621017,0,0,10.3212242722511,23.9784754514694,26.7516180276871,5.07165998220444,379.837188750505,0,77.793239146471,1.7482060790062,214.080430269241,16.6569100618362,82.8622869551182,3.12407478690147,345.08029744029,1.2647922039032,315.730366289616,0,289.403711885214,0,2972.81059718132,0,417.858594119549,0,805.932718932629,0,347.383325457573,0,733.77075317502,0,628.069100320339,0,655.474977374077,0,5341.72217616439,4.75301349163055,236.229279607534,0,3.38406550884247,5.09448277950287,192.884988218546,5.748959004879,588.995310038328,6.90132576227188,56.7282193899155,7.67882496118546,152.596417248249,0,22.8573532700539,0,6494.38132080436,0,636.27933844924,0,0,0,1818.63244101405,1.07809579372406,7090.92951741815,0,0.550997138023376,0,0,0,9.57071140408516,0,0,0,17.8862931132317,0,0,0,0,0,0,0,1.23681461811066,0,1.3827360868454,0,0,0,0.512456238269806,0,0
0,0,0,0,44.4568406641483,0,0,0,11.8970166146755,0,0,0,0,0,26.8425570130348,0,0,0,0,0,18.8980600833893,0,0,0,0.469810247421265,0,10.2114360332489,0.947088211774826,243.366029888391,0,0,0,0,0,1.6251774430275,0.565550982952118,897.399605423212,41.324777841568,342.100832790136,0,970.596808344126,40.5366989970207,7.39534771442413,0,2.50371566414833,0,122.620903551579,0,0.540702164173126,0,7.3530316054821,0,8.21410027146339,0,612.410544186831,0,0,0,0,0,0,0,0,0,3.1923750936985,0,11.3975376486778,0,0,0,34.5287061929703,20.7750807404518,45.6342413425446,24.9865099191666,60.7784525454044,33.9826803803444,76.7167618274689,1.38946521282196,0.5210902094841,0,39.157031327486,0,730.684835135937,0,339.02530708909,0,0,0.927607655525208,937.738410413265,0,0,0,0,0,5.60658794641495,0,1.04752635955811,0,0.669565856456757,0,0,0,0,0,0,0,0,0,0,1.41005802154541,0,0,0,0,0,0
0,0,0,1.11502182483673,0,51.6636609137058,0,0,0,26.9926760196686,0,0,0,0.822041690349579,0,34.114171564579,0,0,0,0,2.2515721321106,13.4634323120117,0,0,0,2.27502012252808,0.58952385187149,28.0345111191273,0,159.290084064007,0,0,0,3.15665543079376,5.00247263908386,23.2082012593746,5.7507511973381,1048.8187533915,0,781.745595365763,6.50681906938553,1830.10411715508,1.78155249357224,30.6787995696068,0,14.0482300519943,0,140.044628083706,0,12.363174945116,0,55.3654965758324,0,29.8958678841591,0,1127.95062229037,0,0.449126929044724,0,7.93190330266953,0,4.58412772417068,0,13.6881846189499,0,19.2786926329136,2.52988374233246,37.3455942869186,0,0,8.30841493606567,34.0479902625084,47.386991083622,268.215301305056,40.8320011496544,45.498584985733,3.06313508749008,64.7491246461868,0,2.02515333890915,0,492.065355300903,0,1028.59487476945,0,1818.63244101405,0.927607655525208,0,2.34732973575592,1992.06941816211,0,1.17921757698059,0,0,0,9.31297314167023,0,0,0,3.98285105824471,0,0,0,0,0,0,0,0,0.560133457183838,1.92854353785515,0,0,0,0,0,0.419556975364685
159.869307935238,0,0,0,27.0534147918224,0,133.101285994053,0,4.63411861658096,0,162.317749142647,0,145.766881346703,0,27.4621359109879,0,48.838674902916,0,0,0,15.8378118872643,0,0.964217841625214,0,0.487424910068512,0,7.7260759472847,0.567189931869507,252.4847432971,0,0,0,3.52755671739578,9.05453234910965,150.049370735884,138.197418481112,1124.15461274981,75.2961602210999,405.26576307416,0,276.045082688332,87.2111476063728,181.962172240019,20.1384339928627,136.472500562668,0,987.723143309355,1.17254734039307,179.745360344648,0,1116.5019429028,0,886.907389968634,0,4190.29763355851,2.03527498245239,89.4889178574085,0,155.640747100115,2.3378598690033,319.345282077789,0,76.0176226496696,0,536.607104122639,0,227.107747584581,106.521989941597,1.46198552846909,0,117.554313391447,62.5154373049736,252.646810948849,31.8824925422668,147.004895538092,60.6611939072609,441.687402233481,4.12113577127457,10.0015226602554,0,188.761051952839,0,260.176544874907,0,4684.22174248099,1.07809579372406,937.738410413265,2.34732973575592,0,3.04259622097015,3.86801689863205,0,0,0,6.18082186579704,0,1.42326617240906,0,30.5076197385788,0,0,0,0,0,0,0,0,0,0.558877348899841,0,0,0,0,0,0,0.465334177017212
0,417.743019968271,0,6.0549772977829,0,33.5135816037655,0,85.521285533905,0,15.6295663714409,0,71.67240691185,0,17.9530005455017,0,15.1450637578964,0,14.5520079135895,0,0,2.52317953109741,2.40801590681076,0,0,0,1.11269080638885,0.472167760133743,13.3907265663147,0,66.2370452582836,0,1.47100722789764,0.926584541797638,6.74348324537277,7.93265223503113,44.7586286664009,12.483750462532,1253.11859253049,0,283.783581197262,21.3720219135284,550.31859010458,15.7211672663689,117.753612518311,0.971341967582703,331.718147009611,3.54918521642685,307.580312907696,0,265.352173507214,0,1603.91345956922,0,1539.30768704414,0.811926007270813,3385.85473057628,0,370.398408591747,0,391.936183810234,0,175.324586033821,0,66.2700382173061,0,1260.77058240771,6.83966457843781,154.718721240759,0,1.93102493882179,16.8580380678177,168.428218066692,84.4364044070244,315.970681101084,67.5262335538864,93.9578963518143,7.23130530118942,204.232016593218,0,12.5244523882866,0,210.423562020063,0,507.326220571995,0,7090.92951741815,0,1992.06941816211,3.04259622097015,0,0,4.99639892578125,0,0,0,9.28310632705688,0,0.421388447284698,0,17.8482185304165,0,0,0,0.65185546875,0,0,0,0,0.779741525650024,0,0,0,0,0,0,0
0,0,0,0,0,0,0,0,0,0,0,0,0,0,0,0,0,0,0,0,0,0,0,0,0,0,0,0,7.44917190074921,0,0,0,0,0,0,5.9638187289238,74.9857284724712,14.6575422286987,111.117236226797,31.72122579813,1.09337311983109,0,39.760021686554,0,11.9186823964119,0,100.851314008236,1.3147666156292,5.19929304718971,0,7.36456054449081,0,8.73635536432266,0,15.8258099555969,0,0,0,0,0,0,0,0,0,0,0,0.93960052728653,0,0,0,16.7880242466927,24.5614861547947,20.4435760378838,13.3486162424088,88.4528093636036,121.625557005405,109.369422882795,79.8823525309563,0,0,6.4276023209095,0,0,0,3.34589275717735,0,0,0,3.86801689863205,0,0,572.122940927744,994.550522178411,60.8154488503933,717.50562274456,259.986218512058,2036.62541821599,171.005576342344,1284.19030362368,410.271239936352,494.519214063883,76.7145230770111,623.225638836622,404.241073668003,894.277545273304,257.469477206469,355.130577504635,113.246412694454,100.397716850042,27.2489072978497,216.607860505581,20.0464323163033,41.7332580685616,25.801029920578,17.238967448473,76.1156059205532
0,0,0,0,0,0,0,0,0,0,0,0,0,0,0,0,0,0,0,0,0,0,0,0,0,0,0,0,0,4.52691203355789,0,0,0,0,0,0.718077123165131,183.82868000865,71.9489268660545,384.957332700491,181.563538044691,0,4.73566347360611,7.84950357675552,5.43280601501465,0,5.94255840778351,0,15.0496448874474,0,0,0,1.48920607566833,0,5.92973482608795,0,10.8644524812698,0,1.02866053581238,0,0,0,0,0,0,0,0,0,0,0,0,10.0000761151314,39.6450869739056,23.7217409610748,30.3319665193558,222.55587542057,64.5099029839039,88.2119094133377,167.292806357145,0,0,0,0.549070954322815,0,0,0,0.550997138023376,0,1.17921757698059,0,4.99639892578125,572.122940927744,0,34.8503736555576,1471.02674514055,275.600616335869,705.656393140554,624.85016605258,376.303149342537,363.339989483356,1503.86526957154,167.511081933975,270.675779908895,352.781547516584,681.305129945278,113.0214227736,860.502315700054,124.269363492727,220.288397908211,154.395284295082,58.6401164531708,372.703657656908,14.3580549359322,79.7492324113846,10.1467088758945,71.2124089896679,192.902688622475
0.924225151538849,0,0,0,0,0,0,0,0,0,0,0,0,0,0,0,0,0,0,0,0,0,0,0,0,0,0,0,0,0,0,0,0,0,0,0,16.9501525759697,2.17267280817032,20.6689116954803,9.00674331188202,1.42260134220123,0,0,0,0,0,0,0,0,0,0,0,0,0,0,0,0,0,0,0,0,0,0,0,0,0,0,0,0,0,0,0.978500187397003,7.35183471441269,0.455984711647034,21.7708470225334,19.2815981507301,57.4341247677803,16.4162783324718,0,0,0,0,0,0,0,0,0,0,0,0,994.550522178411,34.8503736555576,0,9.19404458999634,472.957266837358,63.5402866303921,348.219936281443,33.0390487015247,50.5212105810642,40.3599183857441,673.810175120831,6.38256192207336,728.969371646643,48.0062412023544,681.425436973572,41.1097015440464,132.712993979454,38.4869835674763,83.3068394958973,23.9689231216908,105.467214435339,23.026891797781,61.3078971505165,61.1389650404453,21.0495787262917,85.4462330639362
0,0,0,0,0,0,0,0,0,0,0,0,0,0,0,0,0,0,0,0,0,0,0,0,0,0,0,0,0,0,0,0,0,0,0,0,27.1158563494682,9.51469933986664,37.9219951033592,12.596004486084,0,0,0,0,0,0,0,0,0,0,0,0,0,0,0,0,0,0,0,0,0,0,0,0,0,0,0,0,0,0,1.09544003009796,12.9778517484665,3.99023258686066,11.2050988376141,34.8030216693878,23.9922695159912,27.4667416512966,88.2615047395229,0,0,0,0,0,0,0,0,0,0,0,0,60.8154488503933,1471.02674514055,9.19404458999634,0,82.7229019105434,115.116887927055,108.466310828924,67.9519791603088,67.3599447011948,63.989658176899,13.1761102080345,335.578529417515,50.9509112238884,928.84332472086,38.7665160894394,739.30086633563,35.6247749328613,58.2476296424866,200.605720967054,64.5318798720837,353.990446031094,26.7012266516685,104.819245755672,50.7275719940662,93.3856081962585,210.871669411659
128.895698428154,12.2274286746979,37.2322718501091,22.2321941256523,0,0,21.3226737082005,16.018145442009,1.81348189711571,0.601577401161194,8.56553900241852,1.64762550592422,6.04910433292389,1.61808913946152,1.55357119441032,0,10.1961335241795,3.10487622022629,45.7777059972286,9.23710256814957,0,0,8.00838965177536,0,0,0,0,0.571395993232727,29.483106315136,0,4.77981114387512,1.08124709129333,5.65254771709442,8.9092630147934,17.3309640586376,12.8601830005646,271.307464659214,21.4447948336601,55.8039127588272,19.8214100897312,9.75051808357239,0.561081051826477,30.8580451011658,0,40.8381587862968,0,41.0942130684853,0,46.963512212038,0,57.3371964693069,0,14.827155828476,0,7.88886365294456,0,143.667192041874,4.9664106965065,175.379554539919,0,43.9555788040161,0,9.89894133806229,0,8.15412378311157,0,104.07840898633,4.67133641242981,176.36047065258,1.70658266544342,179.704029351473,86.5482504367828,176.194310307503,24.8912189900875,534.706506222486,125.986855179071,1093.89042669535,212.461345732212,0,0,25.5758147239685,0,2.30226403474808,0,7.42323577404022,0,5.60658794641495,0,6.18082186579704,0,717.50562274456,275.600616335869,472.957266837358,82.7229019105434,0,166.808075428009,1188.22021463513,44.0340895056725,221.295103371143,179.063521325588,267.06682240963,30.8002470731735,429.749683260918,167.241221815348,872.471601247787,273.23954886198,195.066456228495,55.3727928698063,443.750745981932,549.73491409421,296.112569838762,27.4000331759453,146.440615057945,168.677864551544,37.6627404987812,249.405458658934
4.65671110153198,83.5636701583862,0.865449368953705,33.3051119446754,0.560762226581573,0,4.91002076864243,27.7348175644875,0,3.82200995087624,0,4.52748256921768,0,1.87935292720795,0,0,1.28537774085999,1.23317849636078,1.04276347160339,15.4597700238228,0,0,0,7.55665177106857,0,0,0,0,4.02743256092072,3.29293990135193,2.01442265510559,2.88189035654068,1.89115518331528,8.02585476636887,2.69954669475555,5.61441600322723,60.9823822975159,127.53819283843,99.7782989740372,92.4646643996239,2.40309643745422,4.27745899558067,0,8.07337772846222,0,51.4316842854023,0.585274457931519,20.9027177989483,0,20.1216066479683,0,21.2744377851486,0,3.38861858844757,0,3.22434866428375,2.70868027210236,98.0442994236946,0,125.862703859806,0,32.1157071888447,0,2.39317291975021,1.9344025850296,37.4653031229973,1.76970672607422,60.3230846822262,4.09757709503174,23.6662327051163,14.5731565952301,128.208742499352,16.4593009352684,47.8168788850307,98.730827331543,161.434279680252,64.3925794363022,364.18510261178,2.38711476325989,0,0,4.10912227630615,0,8.64762341976166,0,9.57071140408516,0,9.31297314167023,0,9.28310632705688,259.986218512058,705.656393140554,63.5402866303921,115.116887927055,166.808075428009,0,213.545134961605,967.413934677839,137.007498532534,933.463239490986,63.6621369719505,33.1238403618336,110.243610620499,161.412820965052,99.381866812706,426.524512529373,37.2393386363983,114.364805042744,62.0445294678211,520.255300313234,425.889880537987,19.6603810787201,47.1364337205887,14.7473735511303,14.0775230228901,47.6400106847286
6.56912279129028,1.78175532817841,0,0,0,0,0,4.41715985536575,0,0,1.19930779933929,0,0,0,0,0,0,0,0,0,0,0,0,0,0,0,0,0,5.1174795627594,0,0,0,0,2.52294921875,2.67794609069824,2.93881738185883,79.6973582208157,27.0769218206406,55.6427078843117,12.8261820077896,0.525234818458557,2.56038880348206,4.46666753292084,0,8.05179181694984,0,10.9776482582092,1.90152192115784,3.64064985513687,0,9.09587052464485,0,0,0,1.36820292472839,0,10.8022890686989,0,25.7804172635078,1.56523859500885,6.45870453119278,0,0,0,1.37167882919312,0,18.6762607991695,3.50410842895508,9.08290785551071,0,11.0962066650391,24.9026598334312,23.4294810891151,7.33808207511902,103.312735438347,111.78052097559,394.007065027952,68.8963235020638,0,0,2.36674392223358,0,1.60666060447693,0,5.92411649227142,0,1.04752635955811,0,1.42326617240906,0,2036.62541821599,624.85016605258,348.219936281443,108.466310828924,1188.22021463513,213.545134961605,0,163.578544646502,2890.76476272941,403.273335069418,203.314699590206,67.5734692215919,268.292609214783,392.917368233204,425.427528679371,182.935676276684,141.02613529563,64.8580951690674,97.3220109939575,231.78468888998,527.324458926916,43.1105952262878,173.124993234873,36.1202078461647,13.7585864067078,77.7588556110859
0,0,0,0,0,0,0,0,0,0,0,0,0,0,0,0,0,0,0,1.65042805671692,0,0,0,0,0,0,0,0,0,0,0,0,0,0,0,0,22.523273319006,22.5097429156303,17.664858520031,25.3581076860428,0,0,1.9789412021637,19.9848806262016,0,5.0586496591568,0.957539856433868,55.1669600903988,0,0,0,0,0,0,0,5.19351786375046,0,2.93998050689697,0,0,0,0,0,0,0,0,0,8.71921688318253,0,0,1.24668216705322,4.09695500135422,2.07089352607727,4.29620105028152,51.7826755940914,18.1719698905945,14.0017845034599,20.7363215088844,0,0,0,0,0,0,0,0,0,0,0,0.421388447284698,171.005576342344,376.303149342537,33.0390487015247,67.9519791603088,44.0340895056725,967.413934677839,163.578544646502,0,139.955932229757,2971.01137042046,40.3094978928566,4.61112123727798,60.71626958251,39.3162378370762,25.693717956543,117.561760157347,25.1641933917999,141.477265030146,7.32963392138481,31.394122749567,617.683020174503,124.219651967287,186.010489523411,19.4513249397278,4.66912892460823,15.7486336231232
0,0,0,0,0,0,0,0,0,0,0,0,0,0,0.933759570121765,0,0,0,0,0,0,0,0,0,0,0,0,0,19.4165971279144,0,0,0,0,0,1.4040060043335,4.1326088309288,54.2324126362801,19.7818490862846,40.1078770756721,12.2244067192078,5.56666573882103,0,367.857797384262,1.05400037765503,60.1833121180534,0,489.319967567921,3.42080068588257,24.4073809683323,0,15.5217635035515,0,18.8547529578209,0,96.2625553011894,0,2.00356930494308,0,0,0,0,0,0,0,3.7951899766922,0,33.3842270970345,6.17579239606857,0,0,7.22382122278214,8.63892590999603,32.0098049044609,5.28464090824127,49.3780200779438,52.5449507832527,41.5923212170601,36.7118676304817,0,0,9.81205660104752,0,0.516074478626251,0,17.2059087753296,0,0.669565856456757,0,30.5076197385788,0,1284.19030362368,363.339989483356,50.5212105810642,67.3599447011948,221.295103371143,137.007498532534,2890.76476272941,139.955932229757,0,316.126142084599,24.6972785592079,95.892411082983,33.7552244961262,402.215778678656,170.700529336929,167.726222455502,81.9497972428799,62.9524855613708,16.7503564655781,3.96873587369919,202.957506895065,55.0659775137901,48.942810177803,26.1748614907265,15.7362141907215,13.8549971580505
0,2.11614298820496,0,0,0,0,0,0,0,0,0,0,0,0,0,0,0,0,0,0,0,0,0,0,0,0,0,0,0,6.45534121990204,0,0,0,0,2.34123933315277,1.16523516178131,62.4633060693741,57.004538923502,163.05323946476,97.0774399638176,0,15.096774160862,296.239121735096,175.529179960489,4.18072611093521,54.7667872607708,0,667.230469405651,0,26.3864763975143,0,14.4759319722652,0,35.308773458004,0,170.219343662262,0,1.60847854614258,0,0,0,0,0,0,0,0,3.98046922683716,6.05522012710571,0,0,3.83114206790924,18.8199668526649,10.9077551960945,38.2077912688255,103.993152350187,50.3268722891808,27.3159300088882,62.3105112016201,0,0,0,12.2826157808304,0,3.72531771659851,0,17.8862931132317,0,3.98285105824471,0,17.8482185304165,410.271239936352,1503.86526957154,40.3599183857441,63.989658176899,179.063521325588,933.463239490986,403.273335069418,2971.01137042046,316.126142084599,0,95.0827219486237,11.6653955578804,184.835070699453,62.1140694916248,84.2189731001854,194.155589044094,67.2329635620117,306.493829250336,21.7264319360256,6.77439773082733,507.303174376488,69.7824423909187,112.11914741993,7.98802679777145,4.15861546993256,16.4594953656197
0,0,0,0,0,0,0,0,0,0,0,0,0,0,0,0,0,0,0,0,0,0,0,0,0,0,0,0,0,0,0,0,0,0,0,0,19.073900192976,13.6928554773331,28.140357196331,21.1303995251656,0,0,0,0,0,0,0,0,0,0,0,0,0,0,0,0,0,0,0,0,0,0,0,0,0,0,0,0,0,0,6.70255234837532,1.32160484790802,6.26442155241966,1.00167429447174,23.5811970233917,38.207895308733,33.1323883533478,22.4589086174965,0,0,0,0,0,0,0,0,0,0,0,0,494.519214063883,167.511081933975,673.810175120831,13.1761102080345,267.06682240963,63.6621369719505,203.314699590206,40.3094978928566,24.6972785592079,95.0827219486237,0,31.7633675932884,1330.24859833717,168.574759870768,681.092636793852,81.2653580307961,277.103228837252,38.2758422493935,48.3030147850513,8.99197074770927,39.9668777883053,3.69602909684181,15.0267229676247,11.5277836918831,16.2692011594772,33.4041522443295
0,0,0,0,0,0,0,0,0,0,0,0,0,0,0,0,0,0,0,0,0,0,0,0,0,0,0,0,0,0,0,0,0,0,0,0,27.1437319517136,8.76855105161667,31.3739875555038,12.305843770504,0,0.491330444812775,0,0,0,0,0,0,0,0,0,0,0,0,0,0,0,0,0,0,0,0,0,0,0,0,0,0,0,0,4.04166209697723,7.88046580553055,4.50276625156403,1.12561452388763,20.2390214800835,17.9955394268036,9.84806704521179,17.1427942812443,0,0,0,0,0,0,0,0,0,0,0,0,76.7145230770111,270.675779908895,6.38256192207336,335.578529417515,30.8002470731735,33.1238403618336,67.5734692215919,4.61112123727798,95.892411082983,11.6653955578804,31.7633675932884,0,83.2499280571938,585.837294191122,24.7318999767303,281.00046736002,27.3354985415936,55.1917751729488,16.2627096176147,7.4286977648735,17.0845730602741,1.56929397583008,2.41438594460487,2.6104371547699,11.2843175828457,29.5402172803879
0,0,0,0,0,0,0,0,0,0,0,0,0,0,0,0,0,0,0,0,0,0,0,0,0,0,0,0,0,0,0,0,0,0,0,0,28.7464647889137,16.1665107607841,28.2741975188255,19.4640398025513,0.667055785655975,0,0,0,0,0,0,1.24872517585754,0,0,0,0,0,0,0,0,0,0,0,0,0,0,0,0,0,0,0,0,0,0,5.82563734054565,7.55379968881607,6.37692445516586,3.23533716797829,31.0110065340996,52.0080069005489,59.1007700264454,37.3454993665218,0,0,0,0,0,0,0,0,0,0,0,0,623.225638836622,352.781547516584,728.969371646643,50.9509112238884,429.749683260918,110.243610620499,268.292609214783,60.71626958251,33.7552244961262,184.835070699453,1330.24859833717,83.2499280571938,0,465.483027070761,4440.10512256622,150.854404181242,453.121142953634,77.0957852900028,133.649451643229,71.5843180119991,162.170965194702,15.6720793247223,58.5209020674229,771.496380776167,416.146367609501,122.815923959017
0,0,0,0,0,0,0,0,0,0,0,0,0,0,0,0,0,0,0,0,0,0,0,0,0,0,0,0,0,0,0,0,0,1.08267426490784,0,0,48.9964526295662,46.3240548670292,68.3428224623203,34.4651643931866,1.29424077272415,0.86586406826973,0,0,0,0,0,0.997808814048767,0,0,0,0,0,0,0,0,0,0,0,0,0,0,0,0,0,0,0,0,0,0,4.99560141563416,14.8187321424484,8.4392671585083,11.1097460985184,91.2540081441402,58.7392327189445,40.2539560198784,132.655925631523,0,0,0,0,0,0,0,0,0,0,0,0.65185546875,404.241073668003,681.305129945278,48.0062412023544,928.84332472086,167.241221815348,161.412820965052,392.917368233204,39.3162378370762,402.215778678656,62.1140694916248,168.574759870768,585.837294191122,465.483027070761,0,123.164373099804,4850.37447300553,99.0643051862717,312.074576109648,156.008908241987,61.7183813452721,296.17014580965,12.803121805191,64.806448161602,342.648114740849,162.568589657545,205.923391282558
10.1264836192131,2.73983526229858,1.04689872264862,0,0,0,0,0,0,0,0,0,0,0,0.704002261161804,0,0,0,0.798828363418579,0,0,0,0,0,0,0,0,0,2.24628114700317,0,0,0.663980662822723,1.06416988372803,2.3757808804512,0.421498328447342,0,37.5949209034443,7.62392580509186,17.7484840154648,4.37074863910675,4.43212825059891,0,0,0,0,0,0,1.48883378505707,0.667100489139557,0,0,0,0,0,0,0,8.00630831718445,1.25564789772034,4.36939066648483,0,0.90120792388916,0,1.04269802570343,0,0,0,1.18373990058899,0.813738882541656,3.85098016262054,0,39.6534625887871,27.9688234329224,33.2377832531929,18.8999281525612,96.9735016226768,40.4467859864235,192.937240600586,75.0388269126415,0,0,0,0,0,0,0,0,0,0,0,0,894.277545273304,113.0214227736,681.425436973572,38.7665160894394,872.471601247787,99.381866812706,425.427528679371,25.693717956543,170.700529336929,84.2189731001854,681.092636793852,24.7318999767303,4440.10512256622,123.164373099804,0,416.501569390297,584.482399702072,37.5732037723064,225.68847438693,76.6859121918678,153.992667198181,16.8602568507195,93.6790235340595,69.2420997321606,647.073863983154,235.470020592213
3.68634700775146,10.9898043870926,0,3.88942748308182,0,0,0,4.2754744887352,0.821321129798889,0,0,0,0,0,0,0,0,2.22182637453079,0,0.491665363311768,0,0,0,0,0,0,0,0,1.84520649909973,1.86777657270432,2.58727538585663,0.753684222698212,0,1.46876549720764,0,0,39.9292846620083,33.2856734991074,44.230997979641,17.611591398716,0,1.24490201473236,0,0,0,0,0,3.32385945320129,0,0,0,1.07018226385117,0,0,0,0,3.26821529865265,12.7467539310455,0,0,0,0,0,0,0,0.827394425868988,0,4.84309786558151,1.51686382293701,0,23.0426213145256,81.9445909559727,15.4481312930584,27.6727863848209,88.9098446369171,94.7887089550495,119.074928730726,252.27037280798,0,0,0,0,0,0,0,0,0,0,0,0,257.469477206469,860.502315700054,41.1097015440464,739.30086633563,273.23954886198,426.524512529373,182.935676276684,117.561760157347,167.726222455502,194.155589044094,81.2653580307961,281.00046736002,150.854404181242,4850.37447300553,416.501569390297,0,110.601100057364,515.594957321882,303.423647522926,89.5323034226894,559.404548466206,29.8879696726799,111.570325374603,69.9096477627754,551.716521829367,483.075544863939
1.93562138080597,0.889453232288361,0,0,0,0,0.840642392635345,0,0,0,0,0,0,0,0,0,0,0,0,0,0,0,0,0,0,0,0,0,0,0.721893787384033,0,0,0,0.752385377883911,0,0,12.9169164299965,13.3090301156044,13.5797852873802,5.96882712841034,0,1.09741222858429,0,0,0,0,0,0,0,0,0,0,0,0,0,0,2.72043889760971,0,0,0,0,0,0,0,0,0,0.612742602825165,0,0.657377660274506,0,7.57984513044357,16.807526499033,4.9240325987339,3.91374784708023,37.5916804373264,25.5686564743519,40.4053293764591,36.1998610496521,0,0,0,0,0,0,0,0,0,0,0,0,355.130577504635,124.269363492727,132.712993979454,35.6247749328613,195.066456228495,37.2393386363983,141.02613529563,25.1641933917999,81.9497972428799,67.2329635620117,277.103228837252,27.3354985415936,453.121142953634,99.0643051862717,584.482399702072,110.601100057364,0,48.4412233233452,39.5103583335876,9.48674362897873,42.4519177675247,4.54270821809769,19.8236848413944,15.2882607579231,9.4880638718605,46.3657042980194
0,3.0979682803154,0,0,0,0,0,0,0,0,0,0,0,0,0,0,0,0,0,1.64982938766479,0,0,0,0,0,0,0,0,2.55003261566162,0,0,0,0,0,0,0,22.6619868278503,7.94528931379318,13.0759230256081,11.8583854138851,0,1.40372204780579,0,0,0,0.695425629615784,0,0,0,0,0,0,0,0,0,0,0,2.95912992954254,0,0,0,0,0,0,0,1.23256814479828,0,0,0,0,7.94624406099319,3.98352962732315,12.1183980703354,3.78896379470825,26.8227199018002,15.938028305769,20.4751409292221,35.4601054191589,0,0,0,0,0,0,0,1.23681461811066,0,0,0,0,113.246412694454,220.288397908211,38.4869835674763,58.2476296424866,55.3727928698063,114.364805042744,64.8580951690674,141.477265030146,62.9524855613708,306.493829250336,38.2758422493935,55.1917751729488,77.0957852900028,312.074576109648,37.5732037723064,515.594957321882,48.4412233233452,0,21.6622215211391,10.2284297347069,49.5755004882812,6.6498966217041,10.4013678431511,5.90195861458778,13.3699815571308,18.3913088738918
39.9640882015228,58.9112197458744,20.2395957112312,79.3413883447647,0.605725049972534,3.01193544268608,2.77019101381302,53.1828087568283,2.07908916473389,7.29348626732826,1.63572216033936,16.7237742543221,4.18603602051735,7.3423079252243,2.26111108064651,2.60358470678329,2.74995839595795,5.71527272462845,20.5522382259369,29.9244023859501,0,0,2.59104079008102,22.3055939078331,0,0.412534177303314,0,1.78913763165474,5.4526538848877,0,7.72175002098083,4.79572540521622,0,8.17725473642349,0,1.54913061857224,22.492649435997,15.1433029770851,8.89867132902145,2.49320411682129,8.67774713039398,2.77885538339615,0,0.392342001199722,0,1.89505535364151,0,6.37204200029373,0,0.51473081111908,0.63174045085907,0.616029262542725,0,0,0,0,22.379243016243,27.4318560957909,5.82205078005791,10.5863555073738,3.30683833360672,0,0,1.29542505741119,0,1.83569860458374,1.10789906978607,1.36471885442734,32.3313803076744,6.15285086631775,82.7275933027267,221.204181194305,72.7823426127434,53.8485377132893,173.043223232031,126.779402822256,358.43907353282,557.810945600271,0,0,1.14605009555817,0.804086685180664,0,0,0,0,0,0.560133457183838,0.558877348899841,0.779741525650024,100.397716850042,154.395284295082,83.3068394958973,200.605720967054,443.750745981932,62.0445294678211,97.3220109939575,7.32963392138481,16.7503564655781,21.7264319360256,48.3030147850513,16.2627096176147,133.649451643229,156.008908241987,225.68847438693,303.423647522926,39.5103583335876,21.6622215211391,0,307.751729518175,490.198690980673,19.8793149888515,170.430085033178,391.2039077878,77.28138256073,285.043401926756
17.0914791226387,37.4339928328991,1.71805763244629,38.0412400960922,0.53001457452774,0,6.39949589967728,27.2576460540295,0,2.39288127422333,0,4.64142394065857,1.21666288375854,1.92226213216782,0.509093880653381,1.52273017168045,1.21523189544678,2.38689833879471,6.26043418049812,21.9156197309494,0,0,0.856041669845581,7.18247002363205,0,0.525152564048767,0,0.662008464336395,6.34234040975571,2.49929511547089,4.48911243677139,2.27544963359833,1.00629556179047,1.85577976703644,1.42820370197296,1.55640715360641,31.4382323920727,18.2342087328434,0,3.05596175789833,1.84378123283386,2.51357203722,1.08217942714691,0,2.35644894838333,7.89591348171234,16.4789943695068,27.3387438058853,2.1204177737236,4.95321542024612,2.71484017372131,2.88039070367813,0.604584336280823,0,2.18142676353455,0,12.9410424828529,39.6341232359409,15.7348546385765,35.5812243521214,2.05700081586838,9.03112983703613,1.02608513832092,0,0.933809518814087,7.62907481193542,9.9704002737999,14.4129995703697,23.1291642785072,12.3920294344425,27.1643228530884,95.7377330064774,15.0745984017849,31.5278389453888,63.1888831555843,76.4070970416069,963.427542239428,1304.99932807684,0,0.694533944129944,6.20813900232315,0,0,0,0,1.3827360868454,1.41005802154541,1.92854353785515,0,0,27.2489072978497,58.6401164531708,23.9689231216908,64.5318798720837,549.73491409421,520.255300313234,231.78468888998,31.394122749567,3.96873587369919,6.77439773082733,8.99197074770927,7.4286977648735,71.5843180119991,61.7183813452721,76.6859121918678,89.5323034226894,9.48674362897873,10.2284297347069,307.751729518175,0,703.003942787647,11.4095778465271,97.6890467703342,249.27498960495,38.8607885241508,130.436792433262
0,0,0,0,0,0,0,0,0,0,0,0,0,0,0,0,0,0,0,0,0,0,0,0,0,0,0,0,0,0,0,0,0,0,0,0,17.1390727162361,10.6321787834167,20.8119928538799,13.7776424884796,1.80550241470337,0,0,0,0,0,0,2.74596744775772,0,0,0,0,0,0,0,0,0,0,0,0,0,0,0,0,0,0,0,0,0,0,0,4.21264147758484,1.88923192024231,6.69235724210739,39.4937321543694,20.9518745839596,17.9113273322582,50.6076146364212,0,0,0,0,0,0,0,0,0,0,0,0,216.607860505581,372.703657656908,105.467214435339,353.990446031094,296.112569838762,425.889880537987,527.324458926916,617.683020174503,202.957506895065,507.303174376488,39.9668777883053,17.0845730602741,162.170965194702,296.17014580965,153.992667198181,559.404548466206,42.4519177675247,49.5755004882812,490.198690980673,703.003942787647,0,234.092358916998,563.118139356375,509.933656930923,104.58833989501,319.25359493494
0,0,0,0,0,0,0,0,0,0,0,0,0,0,0,0,0,0,0,0,0,0,0,0,0,0,0,0,0,0,0,0,0,0,0,0,1.45194888114929,0,0.608004152774811,0,0,0,0,0,0,0,0,0,0,0,0,0,0,0,0,0,0,0,0,0,0,0,0,0,0,0,0,0,0,0,0,0.48712357878685,1.98307120800018,0,6.67884802818298,1.46257698535919,0.920358955860138,1.47342509031296,0,0,0,0,0,0,0,0,0,0,0,0,20.0464323163033,14.3580549359322,23.026891797781,26.7012266516685,27.4000331759453,19.6603810787201,43.1105952262878,124.219651967287,55.0659775137901,69.7824423909187,3.69602909684181,1.56929397583008,15.6720793247223,12.803121805191,16.8602568507195,29.8879696726799,4.54270821809769,6.6498966217041,19.8793149888515,11.4095778465271,234.092358916998,0,89.5843339562416,94.0572946667671,4.03004401922226,17.2965767979622
0,0,0,0,0,0,0,0,0,0,0,0,0,0,0,0,0,0,0,0,0,0,0,0,0,0,0,0,0,0,0,0,0,0,0,0,8.71340090036392,3.79070365428925,4.21160113811493,3.82023066282272,0,0,0,0,0,0,0,0,0,0,0,0,0,0,0,0,0,0,0,0,0,0,0,0,0,0,0,0,0,0,1.65011620521545,2.01710194349289,0,0.691133260726929,5.88286563754082,6.5696813762188,13.6033556461334,9.85445189476013,0,0,0,0,0,0,0,0,0,0,0,0,41.7332580685616,79.7492324113846,61.3078971505165,104.819245755672,146.440615057945,47.1364337205887,173.124993234873,186.010489523411,48.942810177803,112.11914741993,15.0267229676247,2.41438594460487,58.5209020674229,64.806448161602,93.6790235340595,111.570325374603,19.8236848413944,10.4013678431511,170.430085033178,97.6890467703342,563.118139356375,89.5843339562416,0,236.766911685467,19.70396271348,149.57242244482
0,0,0,0,0,0,0,0,0,0,0,0,0,0,0,0,0,0,0,0,0,0,0,0,0,0,0,0,0,0,0,0,0,0,0,0,0.663737297058105,0,3.83468222618103,0,0,0,0,0,0,0,0,0.957583725452423,0,0,0,0,0,0,0,0,0,0,0,0,0,0,0,0,0,0,0,0,0,0,0,2.83899021148682,0,0,2.80246472358704,2.77350521087646,13.9347580075264,10.9020390510559,0,0,0,0,0,0,0,0.512456238269806,0,0,0,0,25.801029920578,10.1467088758945,61.1389650404453,50.7275719940662,168.677864551544,14.7473735511303,36.1202078461647,19.4513249397278,26.1748614907265,7.98802679777145,11.5277836918831,2.6104371547699,771.496380776167,342.648114740849,69.2420997321606,69.9096477627754,15.2882607579231,5.90195861458778,391.2039077878,249.27498960495,509.933656930923,94.0572946667671,236.766911685467,0,510.70702701807,692.256901562214
0,0,0,0,0,0,0,0,0,0,0,0,0,0,0,0,0,0,0,0,0,0,0,0,0,0,0,0,0,0,0,0,0,0,0,0,2.13201332092285,3.02324062585831,0,3.34892702102661,0.658997476100922,0,0,0,0,0,0,0,0,0,0,0,0,0,0,0,0,0,0,0,0,0,0,0,0,0,0,0,0,0,0,2.65695494413376,5.0575944185257,0,4.42099446058273,4.78107690811157,6.26723966002464,14.5268729329109,0,0,0,0,0,0,0,0,0,0,0,0,17.238967448473,71.2124089896679,21.0495787262917,93.3856081962585,37.6627404987812,14.0775230228901,13.7585864067078,4.66912892460823,15.7362141907215,4.15861546993256,16.2692011594772,11.2843175828457,416.146367609501,162.568589657545,647.073863983154,551.716521829367,9.4880638718605,13.3699815571308,77.28138256073,38.8607885241508,104.58833989501,4.03004401922226,19.70396271348,510.70702701807,0,212.170955240726
9.30180913209915,19.3709636628628,2.59719562530518,7.72292399406433,0,0.460535913705826,1.14595687389374,13.3059653043747,0,0.484578043222427,0,2.21579658985138,0,0,0.837547302246094,0.584076404571533,0,1.30543053150177,3.49563145637512,5.20057171583176,0,0,0,2.85217916965485,0,0,0,0,0.764588594436646,0,0,0,0,2.34366482496262,0,0,12.417080283165,7.86793494224548,11.2498469650745,1.52633535861969,0.522778511047363,0,0,0,0,0,0,4.38578468561172,0,0,0,0,0,0,0,0,4.8329826593399,10.5069569349289,0.706517338752747,0,0,0.535283207893372,0,0,0,0,0,0.750143885612488,5.16161090135574,3.1146696805954,20.3268545866013,58.5257907509804,9.89669501781464,17.3823917806149,49.0416350364685,31.3970511853695,91.5693367421627,159.037886440754,0,0,0,0,0,0,0,0,0,0.419556975364685,0.465334177017212,0,76.1156059205532,192.902688622475,85.4462330639362,210.871669411659,249.405458658934,47.6400106847286,77.7588556110859,15.7486336231232,13.8549971580505,16.4594953656197,33.4041522443295,29.5402172803879,122.815923959017,205.923391282558,235.470020592213,483.075544863939,46.3657042980194,18.3913088738918,285.043401926756,130.436792433262,319.25359493494,17.2965767979622,149.57242244482,692.256901562214,212.170955240726,0
